service_level,total_cost,scri_viol,VaR95,TVaR95,scenario,method,seed,episode
0.11052828774822031,5080.0,4,1319.6,1361.0,S1,dqn,0,0
0.08701957940536621,5303.0,4,1496.8,1516.0,S1,dqn,0,1
0.11517367458866545,5122.0,0,1325.4,1332.0,S1,dqn,0,2
0.1267019667170953,4970.0,2,1259.0,1285.0,S1,dqn,0,3
0.13436345314074571,5531.0,0,1516.4,1518.0,S1,dqn,0,4
0.12786259541984732,4952.0,3,1342.0,1365.0,S1,dqn,0,5
0.11662347278785636,5079.0,0,1303.6,1308.0,S1,dqn,0,6
0.11798355380765105,5336.0,6,1443.0,1476.0,S1,dqn,0,7
0.13232899022801303,4564.0,0,1349.3999999999999,1399.0,S1,dqn,0,8
0.11925952296190816,5290.0,2,1549.0,1585.0,S1,dqn,0,9
0.13903743315508021,5207.0,2,1387.6,1412.0,S1,dqn,0,10
0.11673151750972763,5805.0,2,1527.8,1530.0,S1,dqn,0,11
0.0952195880295375,4898.0,0,1317.6,1364.0,S1,dqn,0,12
0.13382467028704423,4893.0,7,1345.8,1360.0,S1,dqn,0,13
0.1256198347107438,5712.0,5,1548.8,1604.0,S1,dqn,0,14
0.12048192771084337,5346.0,3,1455.6,1471.0,S1,dqn,0,15
0.12972453555413196,5811.0,0,1629.8,1638.0,S1,dqn,0,16
0.09626064420584969,5154.0,3,1431.4,1458.0,S1,dqn,0,17
0.13433356594556875,5304.0,0,1455.0,1487.0,S1,dqn,0,18
0.1325556733828208,5270.0,2,1471.2,1498.0,S1,dqn,0,19
0.15225563909774437,4972.9,5,1481.78,1554.0,S1,dqn,0,20
0.13403263403263405,4830.0,2,1312.8,1325.0,S1,dqn,0,21
0.13180714533472077,5358.0,0,1486.0,1561.0,S1,dqn,0,22
0.1338432122370937,4902.0,2,1403.0,1436.0,S1,dqn,0,23
0.1298219584569733,5071.2,4,1352.8,1412.0,S1,dqn,0,24
0.11478260869565217,5492.0,4,1579.3999999999999,1645.0,S1,dqn,0,25
0.10450685826257348,5866.0,5,1574.6,1594.0,S1,dqn,0,26
0.11391094235415948,5426.0,0,1423.6,1428.0,S1,dqn,0,27
0.1143560872624912,5321.0,0,1475.0,1508.0,S1,dqn,0,28
0.12281835811247575,5845.0,2,1547.4,1560.0,S1,dqn,0,29
0.11983775811209439,5166.0,3,1456.8,1506.0,S1,dqn,0,30
0.13844172569220864,5839.0,4,1637.8,1676.0,S1,dqn,0,31
0.10724731881702958,5821.0,2,1754.3999999999999,1864.0,S1,dqn,0,32
0.15478056426332287,4686.0,0,1167.6,1186.0,S1,dqn,0,33
0.11514195583596215,6012.0,3,1701.0,1781.0,S1,dqn,0,34
0.11732851985559567,5197.0,1,1570.3999999999999,1622.0,S1,dqn,0,35
0.11973735032831209,4845.0,0,1297.2,1320.0,S1,dqn,0,36
0.0933572710951526,5297.0,1,1435.0,1444.0,S1,dqn,0,37
0.1259124087591241,5102.0,0,1319.0,1332.0,S1,dqn,0,38
0.10084925690021232,5374.0,2,1422.2,1449.0,S1,dqn,0,39
0.10569688283769259,5344.0,5,1504.6,1552.0,S1,dqn,0,40
0.12577532736044109,5496.0,6,1465.4,1474.0,S1,dqn,0,41
0.11602209944751381,5092.0,0,1437.0,1481.0,S1,dqn,0,42
0.09767092411720511,5051.0,1,1489.4,1496.0,S1,dqn,0,43
0.11739799846035412,4898.9,2,1433.0,1441.0,S1,dqn,0,44
0.09739130434782609,5477.0,3,1597.0,1633.0,S1,dqn,0,45
0.10961538461538461,4907.0,1,1403.0,1413.0,S1,dqn,0,46
0.1429532458795829,5478.0,0,1335.0,1351.0,S1,dqn,0,47
0.09031791907514451,5278.0,0,1487.8,1551.0,S1,dqn,0,48
0.10050251256281408,4886.0,0,1310.4,1311.0,S1,dqn,0,49
0.09294871794871795,5907.0,0,1693.6,1770.0,S1,dqn,0,50
0.09350561033662019,5644.0,2,1504.8,1552.0,S1,dqn,0,51
0.10217755443886097,5692.0,3,1694.2,1758.0,S1,dqn,0,52
0.10416666666666667,5391.0,4,1538.3999999999999,1570.0,S1,dqn,0,53
0.1278227524499361,4351.0,0,1093.6,1096.0,S1,dqn,0,54
0.12336160370084812,4870.0,2,1260.4,1267.0,S1,dqn,0,55
0.10270270270270271,5242.7,1,1493.8,1495.0,S1,dqn,0,56
0.10466712422786548,5535.0,3,1460.4,1464.0,S1,dqn,0,57
0.1169284467713787,5397.0,2,1521.2,1546.0,S1,dqn,0,58
0.09762900976290098,5473.0,3,1452.6,1461.0,S1,dqn,0,59
0.10400313971742543,4818.0,1,1368.8,1399.0,S1,dqn,0,60
0.13181984621017942,5074.0,0,1326.8,1333.0,S1,dqn,0,61
0.07939247497411114,5541.0,0,1429.0,1483.0,S1,dqn,0,62
0.12021036814425244,4986.0,0,1424.2,1474.0,S1,dqn,0,63
0.10881593507930652,5149.0,3,1532.3999999999999,1564.0,S1,dqn,0,64
0.10776662950575994,5064.0,0,1372.0,1418.0,S1,dqn,0,65
0.11456023651145603,5079.0,0,1343.6,1355.0,S1,dqn,0,66
0.10152284263959391,5597.0,1,1541.2,1552.0,S1,dqn,0,67
0.11904761904761904,5803.0,0,1521.0,1523.0,S1,dqn,0,68
0.11580127007844603,5021.0,1,1514.0,1600.0,S1,dqn,0,69
0.12648524338827136,4850.0,0,1430.8,1462.0,S1,dqn,0,70
0.1540436456996149,4296.0,0,1084.8,1109.0,S1,dqn,0,71
0.09818181818181818,5322.0,6,1512.6,1549.0,S1,dqn,0,72
0.08517887563884156,5687.0,6,1525.6,1540.0,S1,dqn,0,73
0.12129860863360685,5373.0,9,1498.6,1553.0,S1,dqn,0,74
0.14188218390804597,5150.0,0,1285.8,1302.0,S1,dqn,0,75
0.1378309756982227,5121.0,0,1478.2,1519.0,S1,dqn,0,76
0.0946969696969697,5550.0,2,1429.6,1441.0,S1,dqn,0,77
0.18106995884773663,4407.0,0,1375.0,1477.0,S1,dqn,0,78
0.1573161485974223,4818.0,0,1349.0,1352.0,S1,dqn,0,79
0.1413119330076762,5319.0,2,1389.0,1406.0,S1,dqn,0,80
0.14547973675095255,5341.0,1,1443.0,1446.0,S1,dqn,0,81
0.12186865267433988,5515.0,0,1457.8,1476.0,S1,dqn,0,82
0.11674449633088725,5603.0,0,1597.0,1616.0,S1,dqn,0,83
0.12519561815336464,4749.0,0,1250.0,1277.0,S1,dqn,0,84
0.12267657992565056,5037.0,0,1449.2,1465.0,S1,dqn,0,85
0.15185601799775028,4916.0,2,1393.0,1436.0,S1,dqn,0,86
0.13741656851197487,4746.0,1,1320.8,1323.0,S1,dqn,0,87
0.12380323539121822,5640.0,0,1648.3999999999999,1714.0,S1,dqn,0,88
0.15596663039535727,5066.0,0,1469.3999999999999,1516.0,S1,dqn,0,89
0.144978783592645,5218.0,0,1473.6,1494.0,S1,dqn,0,90
0.14498006524102935,5120.0,2,1421.3999999999999,1476.0,S1,dqn,0,91
0.13331138907175774,5653.0,0,1433.0,1435.0,S1,dqn,0,92
0.15223408461842625,4670.0,2,1361.0,1380.0,S1,dqn,0,93
0.1489435400069276,5336.0,0,1520.2,1539.0,S1,dqn,0,94
0.13794338946614118,5249.0,4,1427.6,1444.0,S1,dqn,0,95
0.15494835054981673,5509.0,0,1636.2,1654.0,S1,dqn,0,96
0.1579163248564397,4518.0,2,1382.8,1454.0,S1,dqn,0,97
0.14030612244897958,5105.0,2,1513.1999999999998,1595.0,S1,dqn,0,98
0.14091680814940577,5447.0,0,1609.3999999999999,1713.0,S1,dqn,0,99
0.1456140350877193,5362.2,6,1380.4,1386.0,S1,dqn,0,100
0.14056939501779359,5262.0,5,1468.2,1505.0,S1,dqn,0,101
0.16318298496516317,5036.0,1,1367.3999999999999,1400.0,S1,dqn,0,102
0.14925373134328357,4952.0,1,1330.8,1339.0,S1,dqn,0,103
0.1444991789819376,5707.0,6,1486.2,1493.0,S1,dqn,0,104
0.15140719629497684,5201.0,0,1497.2,1533.0,S1,dqn,0,105
0.15483383685800603,4853.0,0,1322.6,1331.0,S1,dqn,0,106
0.13593187029151654,5678.0,0,1460.8,1473.0,S1,dqn,0,107
0.12016718913270637,5479.0,6,1497.0,1507.0,S1,dqn,0,108
0.13479957431713374,5280.0,2,1532.3999999999999,1561.0,S1,dqn,0,109
0.17092479309103994,5105.0,2,1417.8,1450.0,S1,dqn,0,110
0.15313653136531366,4987.0,1,1456.6,1471.0,S1,dqn,0,111
0.15471993732863298,4688.0,0,1306.4,1327.0,S1,dqn,0,112
0.14225670869705787,5738.0,1,1697.6,1788.0,S1,dqn,0,113
0.15664160401002505,4390.0,0,1216.8,1241.0,S1,dqn,0,114
0.1550120564932828,5373.0,3,1460.0,1465.0,S1,dqn,0,115
0.12833333333333333,5642.0,2,1749.6,1835.0,S1,dqn,0,116
0.119649477586788,5561.0,0,1584.2,1644.0,S1,dqn,0,117
0.16145307769929365,5443.0,0,1479.4,1481.0,S1,dqn,0,118
0.13259483048002685,5540.0,1,1636.3999999999999,1710.0,S1,dqn,0,119
0.13842746400885936,5035.0,1,1447.0,1501.0,S1,dqn,0,120
0.1687051876845213,4322.3,0,1263.2,1276.0,S1,dqn,0,121
0.1637323943661972,5212.0,2,1537.2,1586.0,S1,dqn,0,122
0.15539305301645337,5027.0,1,1371.0,1384.0,S1,dqn,0,123
0.13476157567380787,5420.0,0,1543.8,1554.0,S1,dqn,0,124
0.16936671575846834,4974.0,3,1337.0,1354.0,S1,dqn,0,125
0.15172654342518313,5296.0,0,1555.0,1569.0,S1,dqn,0,126
0.13565891472868216,4842.0,2,1323.0,1360.0,S1,dqn,0,127
0.14262023217247097,5627.0,2,1576.6,1621.0,S1,dqn,0,128
0.15571591340676036,4843.0,1,1427.2,1443.0,S1,dqn,0,129
0.16047950502706884,4749.0,0,1365.3999999999999,1412.0,S1,dqn,0,130
0.16724336793540945,4739.0,0,1328.6,1355.0,S1,dqn,0,131
0.12407910042652191,4895.0,3,1313.6,1345.0,S1,dqn,0,132
0.13123359580052493,5678.0,0,1392.4,1404.0,S1,dqn,0,133
0.10815822002472188,6199.0,4,1680.6,1728.0,S1,dqn,0,134
0.14087018544935806,5200.0,0,1322.2,1336.0,S1,dqn,0,135
0.16222062004325882,5070.0,0,1475.8,1514.0,S1,dqn,0,136
0.15302491103202848,5177.0,1,1319.8,1346.0,S1,dqn,0,137
0.16539440203562342,5024.0,0,1447.2,1499.0,S1,dqn,0,138
0.15726495726495726,5417.0,3,1483.6,1488.0,S1,dqn,0,139
0.15873015873015872,5656.0,0,1569.6,1641.0,S1,dqn,0,140
0.12842176410949646,5530.0,0,1541.2,1589.0,S1,dqn,0,141
0.16611295681063123,4935.0,0,1369.6,1430.0,S1,dqn,0,142
0.1341503809208347,5620.0,0,1484.6,1519.0,S1,dqn,0,143
0.1830065359477124,4142.0,0,1187.4,1203.0,S1,dqn,0,144
0.14637904468412943,4794.0,0,1514.1999999999998,1589.0,S1,dqn,0,145
0.16312056737588654,5148.8,0,1254.6,1259.0,S1,dqn,0,146
0.14296323802450797,5008.0,0,1417.3999999999999,1484.0,S1,dqn,0,147
0.141149119893723,5644.0,4,1419.8,1438.0,S1,dqn,0,148
0.1322373123659757,5208.7,0,1545.3999999999999,1586.0,S1,dqn,0,149
0.1712752785802724,4408.0,0,1298.6,1339.0,S1,dqn,0,150
0.14099037138927098,5393.0,0,1453.6,1465.0,S1,dqn,0,151
0.11078823102070469,5163.0,0,1572.1999999999998,1652.0,S1,dqn,0,152
0.13321492007104796,5262.0,2,1387.0,1429.0,S1,dqn,0,153
0.16672841793256762,4940.0,1,1343.6,1348.0,S1,dqn,0,154
0.1113776559287183,5543.0,3,1572.8,1601.0,S1,dqn,0,155
0.17328398384925975,5391.0,0,1542.2,1586.0,S1,dqn,0,156
0.15373864430468204,5276.0,2,1517.0,1576.0,S1,dqn,0,157
0.1611151339608979,5101.2,2,1412.2,1464.0,S1,dqn,0,158
0.11949099937926753,6076.0,1,1633.6,1661.0,S1,dqn,0,159
0.1324266284896206,5245.8,1,1430.24,1453.8,S1,dqn,0,160
0.15249714067861228,4843.0,1,1299.8,1307.0,S1,dqn,0,161
0.17220172201722017,4466.7,1,1124.0,1125.0,S1,dqn,0,162
0.13237924865831843,5247.0,2,1467.3999999999999,1501.0,S1,dqn,0,163
0.12142381902860945,5645.3,0,1502.2,1523.0,S1,dqn,0,164
0.12545394519643446,5695.0,2,1456.2,1474.0,S1,dqn,0,165
0.1330049261083744,5727.0,3,1692.6,1749.0,S1,dqn,0,166
0.1322845906328209,5211.0,0,1299.2,1303.0,S1,dqn,0,167
0.14012061014544164,5230.0,0,1427.0,1457.0,S1,dqn,0,168
0.12552301255230125,6289.0,2,1704.8,1705.0,S1,dqn,0,169
0.16413268832066344,5395.1,5,1550.8,1614.0,S1,dqn,0,170
0.1666020922123208,4709.0,0,1366.3999999999999,1397.0,S1,dqn,0,171
0.1458670988654781,5717.0,0,1521.3999999999999,1550.0,S1,dqn,0,172
0.15591397849462366,5132.0,0,1372.6,1381.0,S1,dqn,0,173
0.1560798548094374,5087.0,2,1390.6,1416.0,S1,dqn,0,174
0.11247803163444639,5352.0,0,1441.4,1461.0,S1,dqn,0,175
0.12736535662299855,5143.0,1,1420.0,1426.0,S1,dqn,0,176
0.1537838931606637,4559.0,0,1185.2,1186.0,S1,dqn,0,177
0.14192886456908343,5465.0,2,1516.0,1519.0,S1,dqn,0,178
0.12745098039215685,5737.0,0,1560.6,1572.0,S1,dqn,0,179
0.16705259675818723,5519.9,0,1417.3999999999999,1464.0,S1,dqn,0,180
0.1518324607329843,5272.0,0,1354.6,1359.0,S1,dqn,0,181
0.15255530129672007,4866.5,2,1240.4,1259.5,S1,dqn,0,182
0.1730310262529833,4590.0,0,1208.4,1236.0,S1,dqn,0,183
0.12339242266249566,5391.0,0,1480.2,1508.0,S1,dqn,0,184
0.1294889502762431,5409.0,0,1480.0,1485.0,S1,dqn,0,185
0.17987065481002426,4500.9,1,1183.0,1188.0,S1,dqn,0,186
0.14775815217391305,5480.0,4,1497.2,1533.0,S1,dqn,0,187
0.14228987425545997,5631.0,1,1481.8,1491.0,S1,dqn,0,188
0.14035087719298245,4727.0,0,1450.8,1498.0,S1,dqn,0,189
0.07953723788864786,5309.0,1,1513.2,1541.0,S1,dqn,0,190
0.14584023864766324,5581.0,0,1624.1999999999998,1697.0,S1,dqn,0,191
0.1268183513614323,4984.0,0,1382.8,1439.0,S1,dqn,0,192
0.13185654008438819,5320.0,2,1408.0,1423.0,S1,dqn,0,193
0.14128440366972478,5027.0,0,1427.0,1441.0,S1,dqn,0,194
0.14728986645718775,4679.0,0,1253.2,1263.0,S1,dqn,0,195
0.1511879049676026,5108.0,0,1524.4,1541.0,S1,dqn,0,196
0.18327605956471935,4825.0,4,1464.2,1519.0,S1,dqn,0,197
0.1585887384176764,5144.0,0,1397.2,1419.0,S1,dqn,0,198
0.18171384850803365,4762.5,2,1245.2,1247.0,S1,dqn,0,199
0.15764094955489613,5044.0,5,1468.0,1488.0,S1,dqn,0,200
0.09403107113654947,4674.0,1,1207.2,1219.0,S1,dqn,0,201
0.14563106796116504,5691.0,9,1597.6,1661.0,S1,dqn,0,202
0.16592095451155853,4932.8,3,1396.6,1441.0,S1,dqn,0,203
0.1519385260216556,5313.0,3,1325.2,1336.0,S1,dqn,0,204
0.0887883008356546,5511.0,2,1341.2,1349.0,S1,dqn,0,205
0.14838467317806162,5011.0,6,1214.0,1225.0,S1,dqn,0,206
0.11652173913043479,5437.0,2,1626.3999999999999,1714.0,S1,dqn,0,207
0.13979665940450253,5160.0,3,1575.4,1594.0,S1,dqn,0,208
0.123094958968347,4775.0,0,1274.4,1278.0,S1,dqn,0,209
0.130034887408817,5998.0,4,1559.2,1560.0,S1,dqn,0,210
0.14156079854809436,5217.5,6,1438.6,1454.0,S1,dqn,0,211
0.15073655361425145,5385.0,0,1608.1999999999998,1682.0,S1,dqn,0,212
0.11007911936704506,5551.0,5,1439.2,1458.0,S1,dqn,0,213
0.14985380116959066,5064.0,2,1471.6,1534.0,S1,dqn,0,214
0.12142381902860945,5749.0,6,1481.0,1525.0,S1,dqn,0,215
0.15188834154351397,4494.0,0,1208.2,1230.0,S1,dqn,0,216
0.15179224579370884,5015.0,0,1469.0,1503.0,S1,dqn,0,217
0.15748031496062992,5140.8,0,1365.2,1394.0,S1,dqn,0,218
0.13544018058690746,4978.0,4,1430.2,1459.0,S1,dqn,0,219
0.09594882729211088,5435.0,8,1420.8,1425.0,S1,dqn,0,220
0.11096389532957933,5675.0,0,1486.6,1492.0,S1,dqn,0,221
0.10671798460461862,5433.8,1,1472.3999999999999,1517.0,S1,dqn,0,222
0.15757575757575756,4537.0,0,1334.3999999999999,1423.0,S1,dqn,0,223
0.163003663003663,5032.7,2,1526.0,1556.0,S1,dqn,0,224
0.14233697451175106,5589.0,0,1534.0,1538.0,S1,dqn,0,225
0.139186295503212,5186.0,0,1443.0,1460.0,S1,dqn,0,226
0.14518002322880372,4758.0,0,1221.4,1242.0,S1,dqn,0,227
0.1638672675133142,4469.5,0,1303.8,1310.0,S1,dqn,0,228
0.1206611570247934,5687.0,1,1520.6,1523.0,S1,dqn,0,229
0.1239946380697051,5610.0,3,1520.3999999999999,1555.0,S1,dqn,0,230
0.11739594450373532,5304.0,0,1469.8,1521.0,S1,dqn,0,231
0.09525588345162496,5153.8,5,1505.8,1520.0,S1,dqn,0,232
0.1369625520110957,5375.0,1,1434.6,1461.0,S1,dqn,0,233
0.17020497803806736,4981.0,0,1421.0,1424.0,S1,dqn,0,234
0.13379073756432247,5397.0,0,1632.8,1711.0,S1,dqn,0,235
0.17013232514177692,4844.1,0,1362.2,1371.0,S1,dqn,0,236
0.1313197636244255,5719.0,4,1702.2,1730.0,S1,dqn,0,237
0.12089157536834153,4931.0,0,1403.8,1417.0,S1,dqn,0,238
0.12143407864302236,4850.0,1,1345.2,1377.0,S1,dqn,0,239
0.13259031514219832,4891.0,3,1246.2,1253.0,S1,dqn,0,240
0.14374090247452692,5118.0,1,1487.6,1543.0,S1,dqn,0,241
0.13124316441851988,5103.0,0,1444.6,1482.0,S1,dqn,0,242
0.12162162162162163,4862.0,2,1226.4,1232.0,S1,dqn,0,243
0.1362448674878686,5015.0,3,1329.6,1341.0,S1,dqn,0,244
0.1156995372018512,5270.0,0,1418.4,1445.0,S1,dqn,0,245
0.14711095356256645,5276.1,4,1429.3999999999999,1499.0,S1,dqn,0,246
0.11921965317919075,5183.0,0,1506.2,1543.0,S1,dqn,0,247
0.13612950699043413,5073.0,3,1509.6,1570.0,S1,dqn,0,248
0.10026737967914438,5741.0,4,1867.3999999999999,1923.0,S1,dqn,0,249
0.1389403482771397,5005.0,1,1276.0,1289.0,S1,dqn,0,250
0.15456506110711718,5116.0,0,1315.8,1330.0,S1,dqn,0,251
0.18055555555555555,4622.0,3,1312.6,1371.0,S1,dqn,0,252
0.1308698999230177,4824.1,0,1210.0,1214.0,S1,dqn,0,253
0.14678558156819027,4974.0,0,1424.8,1508.0,S1,dqn,0,254
0.11172035640849898,5526.4,3,1496.8,1523.0,S1,dqn,0,255
0.17644726407613007,4616.0,2,1187.2,1192.0,S1,dqn,0,256
0.1808351976137211,4856.0,0,1351.2,1376.0,S1,dqn,0,257
0.12165867032213845,5483.0,1,1487.2,1496.0,S1,dqn,0,258
0.13518518518518519,4992.0,0,1507.8,1589.0,S1,dqn,0,259
0.15703069236259815,5136.0,0,1394.8,1412.0,S1,dqn,0,260
0.1643426294820717,5486.0,0,1535.4,1542.0,S1,dqn,0,261
0.14783526927138332,5259.0,0,1312.8,1314.0,S1,dqn,0,262
0.10757575757575757,6202.0,0,1602.2,1627.0,S1,dqn,0,263
0.12727963525835867,4906.0,0,1316.4,1342.0,S1,dqn,0,264
0.1303735024665257,5308.0,2,1476.0,1501.0,S1,dqn,0,265
0.13100436681222707,5133.0,1,1336.2,1347.0,S1,dqn,0,266
0.14255543822597677,5251.1,0,1386.6,1420.0,S1,dqn,0,267
0.08771929824561403,5204.0,1,1440.2,1458.0,S1,dqn,0,268
0.12102874432677761,4930.0,0,1336.2,1366.0,S1,dqn,0,269
0.13283378746594005,5452.1,0,1391.8,1423.0,S1,dqn,0,270
0.1471085559688874,5491.0,2,1696.3999999999999,1781.0,S1,dqn,0,271
0.12887438825448613,5703.5,0,1769.0,1840.0,S1,dqn,0,272
0.16579406631762653,5248.0,0,1575.2,1587.0,S1,dqn,0,273
0.13944954128440368,5037.0,0,1392.2,1412.0,S1,dqn,0,274
0.14471243042671614,5037.0,2,1285.4,1308.0,S1,dqn,0,275
0.15195137555982086,5774.0,1,1488.6,1504.0,S1,dqn,0,276
0.1469638242894057,5714.0,1,1547.8,1596.0,S1,dqn,0,277
0.1446497037295225,5345.0,1,1402.2,1427.0,S1,dqn,0,278
0.16751638747268754,5014.0,1,1428.0,1463.0,S1,dqn,0,279
0.13893774182201898,5278.6,0,1469.6,1510.0,S1,dqn,0,280
0.1417004048582996,5006.0,0,1518.8,1561.0,S1,dqn,0,281
0.14344262295081966,5423.0,0,1584.2,1602.0,S1,dqn,0,282
0.1301989150090416,5132.0,0,1374.4,1398.0,S1,dqn,0,283
0.1333827343460541,5070.5,3,1361.4,1378.5,S1,dqn,0,284
0.17185604528912252,4493.9,1,1177.6,1191.0,S1,dqn,0,285
0.15759787657597876,5510.0,0,1463.8,1510.0,S1,dqn,0,286
0.14925373134328357,4922.0,0,1295.2,1306.0,S1,dqn,0,287
0.1361519168756718,5224.0,3,1458.3999999999999,1517.0,S1,dqn,0,288
0.12297843665768195,5628.0,4,1488.2,1492.0,S1,dqn,0,289
0.1402936378466558,5687.0,1,1385.4,1386.0,S1,dqn,0,290
0.08399040109701748,5551.0,0,1595.2,1641.0,S1,dqn,0,291
0.1326671261199173,5441.0,3,1340.0,1344.0,S1,dqn,0,292
0.11562849682954121,5054.0,0,1456.2,1506.0,S1,dqn,0,293
0.09363957597173145,5362.0,0,1587.3999999999999,1658.0,S1,dqn,0,294
0.11827219746314707,5471.0,0,1290.6,1315.0,S1,dqn,0,295
0.17455391776570986,4718.9,1,1285.52,1345.9,S1,dqn,0,296
0.10551647537948908,5109.8,1,1476.3999999999999,1508.0,S1,dqn,0,297
0.1571244080929832,4273.0,0,1104.6,1111.0,S1,dqn,0,298
0.134765625,4773.2,0,1326.8,1365.0,S1,dqn,0,299
0.11160714285714286,5133.0,4,1463.0,1489.0,S1,dqn,0,300
0.20358306188925082,4474.0,6,1259.8,1284.0,S1,dqn,0,301
0.15861825872400423,5216.0,1,1649.3999999999999,1795.0,S1,dqn,0,302
0.16260162601626016,4512.0,1,1212.0,1231.0,S1,dqn,0,303
0.13414185961043734,5054.0,0,1507.8,1549.0,S1,dqn,0,304
0.13352073085031624,5284.0,0,1553.2,1615.0,S1,dqn,0,305
0.1540755467196819,5543.0,0,1702.8,1808.0,S1,dqn,0,306
0.11891891891891893,5182.0,0,1427.3999999999999,1469.0,S1,dqn,0,307
0.09750639386189258,5928.0,0,1524.6,1530.0,S1,dqn,0,308
0.10677966101694915,5572.0,0,1569.8,1619.0,S1,dqn,0,309
0.0819935691318328,5957.0,2,1619.4,1631.0,S1,dqn,0,310
0.17089499647639184,5213.0,4,1345.0,1354.0,S1,dqn,0,311
0.13642806520198442,5271.0,2,1514.3999999999999,1570.0,S1,dqn,0,312
0.09902772776377386,5276.0,2,1343.8,1352.0,S1,dqn,0,313
0.1504957507082153,5220.0,0,1403.4,1425.0,S1,dqn,0,314
0.12155881301394351,5306.0,5,1423.8,1425.0,S1,dqn,0,315
0.11213235294117647,5142.0,1,1423.2,1438.0,S1,dqn,0,316
0.12516914749661706,5534.0,2,1373.0,1387.0,S1,dqn,0,317
0.14738805970149255,4952.3,0,1370.6,1389.0,S1,dqn,0,318
0.14711501719526174,4831.0,0,1411.3999999999999,1467.0,S1,dqn,0,319
0.18081180811808117,4977.0,3,1492.0,1586.0,S1,dqn,0,320
0.13774104683195593,4749.0,0,1258.6,1286.0,S1,dqn,0,321
0.17229953611663354,5518.0,0,1407.4,1423.0,S1,dqn,0,322
0.09457092819614711,5397.0,0,1407.2,1431.0,S1,dqn,0,323
0.14264542423119675,5050.1,3,1535.3999999999999,1586.0,S1,dqn,0,324
0.08350033400133601,5710.0,0,1582.6,1644.0,S1,dqn,0,325
0.1927570093457944,4623.0,1,1190.6,1206.0,S1,dqn,0,326
0.14404852160727824,4903.0,2,1433.6,1480.0,S1,dqn,0,327
0.09468317552804079,5204.0,1,1369.3999999999999,1399.0,S1,dqn,0,328
0.14992774566473988,5158.0,1,1414.4,1417.0,S1,dqn,0,329
0.15469061876247506,5524.0,0,1634.8,1681.0,S1,dqn,0,330
0.1294435857805255,4888.0,5,1573.0,1685.0,S1,dqn,0,331
0.1781216264843469,5095.0,5,1475.6,1538.0,S1,dqn,0,332
0.11044880785413745,5401.7,1,1562.8,1626.0,S1,dqn,0,333
0.13333333333333333,5007.0,0,1417.8,1473.0,S1,dqn,0,334
0.18029739776951673,4874.0,0,1221.2,1224.5,S1,dqn,0,335
0.16249533059394844,4881.0,0,1274.6,1275.0,S1,dqn,0,336
0.1405071967100754,5428.0,2,1335.8,1345.0,S1,dqn,0,337
0.17188103514870606,4700.0,0,1300.8,1328.0,S1,dqn,0,338
0.13360933383515242,4956.0,0,1438.2,1443.0,S1,dqn,0,339
0.06972789115646258,5792.0,8,1500.6,1503.0,S1,dqn,0,340
0.17566568047337278,4955.0,2,1341.0,1357.0,S1,dqn,0,341
0.14827995255041518,4720.0,3,1349.3999999999999,1388.0,S1,dqn,0,342
0.1748931208705791,4693.0,0,1305.0,1332.0,S1,dqn,0,343
0.13961605584642234,5388.1,5,1544.0,1610.0,S1,dqn,0,344
0.09325681492109039,5363.0,6,1518.8,1541.0,S1,dqn,0,345
0.16666666666666666,5322.0,0,1389.8,1398.0,S1,dqn,0,346
0.16833148353681096,4948.0,0,1319.8,1324.0,S1,dqn,0,347
0.10748835542816194,5364.0,5,1426.8,1460.0,S1,dqn,0,348
0.12274368231046931,5167.0,0,1454.4,1478.0,S1,dqn,0,349
0.18266614846482704,4633.0,0,1253.2,1270.0,S1,dqn,0,350
0.1437932289770659,5166.0,3,1527.0,1608.0,S1,dqn,0,351
0.11782786885245902,5548.0,5,1527.2,1530.0,S1,dqn,0,352
0.19071310116086235,4326.0,0,1197.3999999999999,1248.0,S1,dqn,0,353
0.191734921816828,4874.0,1,1208.4,1213.0,S1,dqn,0,354
0.14576271186440679,5442.0,0,1473.6,1485.0,S1,dqn,0,355
0.10498687664041995,5111.0,3,1276.8,1287.0,S1,dqn,0,356
0.12087163772557032,5506.0,1,1491.6,1500.0,S1,dqn,0,357
0.1665521978021978,5311.0,1,1599.2,1605.0,S1,dqn,0,358
0.17500940910801657,4806.0,0,1312.0,1335.0,S1,dqn,0,359
0.1567453328636844,5330.0,6,1534.0,1582.0,S1,dqn,0,360
0.15634870499052433,5914.0,2,1482.2,1492.0,S1,dqn,0,361
0.19786096256684493,5057.0,2,1372.4,1392.0,S1,dqn,0,362
0.1429605501266739,5138.0,2,1395.8,1404.0,S1,dqn,0,363
0.11716276124129196,5948.0,1,1569.4,1585.0,S1,dqn,0,364
0.16872702973605078,5458.0,1,1510.4,1514.0,S1,dqn,0,365
0.13193116634799235,4892.0,2,1240.0,1251.0,S1,dqn,0,366
0.17332452954770552,5535.0,2,1507.8,1536.0,S1,dqn,0,367
0.15315890236119975,5770.0,0,1574.2,1588.0,S1,dqn,0,368
0.16155896069287143,5491.0,0,1493.2,1495.0,S1,dqn,0,369
0.16229712858926343,5845.0,0,1779.8,1799.0,S1,dqn,0,370
0.13655069210624765,5023.0,2,1355.0,1362.0,S1,dqn,0,371
0.13045098770033545,5013.0,0,1545.6,1592.0,S1,dqn,0,372
0.17704062616474095,4938.0,3,1445.2,1508.0,S1,dqn,0,373
0.0701554797117937,5076.0,0,1377.3999999999999,1443.0,S1,dqn,0,374
0.17385257301808066,5219.0,0,1712.1999999999998,1805.0,S1,dqn,0,375
0.16726795670711708,5610.0,3,1630.0,1672.0,S1,dqn,0,376
0.1339146683276238,6039.0,4,1647.6,1728.0,S1,dqn,0,377
0.1532229658330398,5230.0,0,1519.6,1565.0,S1,dqn,0,378
0.17478813559322035,5156.0,0,1294.6,1296.0,S1,dqn,0,379
0.07318695941450433,5764.0,1,1562.0,1563.0,S1,dqn,0,380
0.19717261904761904,4998.0,7,1410.0,1438.0,S1,dqn,0,381
0.14683447749809306,4956.0,6,1305.8,1309.0,S1,dqn,0,382
0.1519485162674294,5126.0,0,1539.3999999999999,1625.0,S1,dqn,0,383
0.15859481582537516,5406.0,0,1656.6,1742.0,S1,dqn,0,384
0.15427769985974754,5326.0,4,1414.2,1444.0,S1,dqn,0,385
0.1472534745201853,5651.0,1,1608.8,1643.0,S1,dqn,0,386
0.1537037037037037,4982.0,1,1419.4,1435.0,S1,dqn,0,387
0.14063534083388485,5596.0,0,1381.2,1395.0,S1,dqn,0,388
0.07875605815831987,4729.0,0,1319.6,1329.0,S1,dqn,0,389
0.12412587412587413,5352.0,0,1384.8,1388.0,S1,dqn,0,390
0.11656658424584952,5369.0,4,1522.3999999999999,1581.0,S1,dqn,0,391
0.17331721080209592,4499.0,0,1230.6,1263.0,S1,dqn,0,392
0.14173228346456693,4822.0,5,1448.8,1472.0,S1,dqn,0,393
0.14091680814940577,5462.0,0,1437.2,1447.0,S1,dqn,0,394
0.1586130579122095,4954.0,0,1415.6,1482.0,S1,dqn,0,395
0.1663372859025033,5584.0,0,1561.2,1590.0,S1,dqn,0,396
0.16167460857726346,5413.0,0,1511.4,1532.0,S1,dqn,0,397
0.1385148133897653,4895.0,4,1456.0,1479.0,S1,dqn,0,398
0.1762699014404852,4818.2,0,1233.8,1251.0,S1,dqn,0,399
0.12396694214876033,4786.7,4,1434.6,1450.0,S1,dqn,0,400
0.11623989218328841,5558.0,0,1566.4,1578.0,S1,dqn,0,401
0.1547029702970297,4460.0,0,1319.2,1369.0,S1,dqn,0,402
0.1032540675844806,6079.0,2,1667.6,1691.0,S1,dqn,0,403
0.21730985387785687,4716.7,0,1360.0,1408.0,S1,dqn,0,404
0.19521178637200737,4927.0,2,1291.6,1322.0,S1,dqn,0,405
0.1297085998578536,5265.0,2,1399.3999999999999,1450.0,S1,dqn,0,406
0.136986301369863,5437.0,1,1572.6,1645.0,S1,dqn,0,407
0.14856933235509906,5089.0,2,1308.4,1311.0,S1,dqn,0,408
0.11492220650636492,5298.0,0,1472.6,1514.0,S1,dqn,0,409
0.12363996043521266,5768.0,6,1545.2,1553.0,S1,dqn,0,410
0.13014421385860006,5303.0,0,1393.2,1403.0,S1,dqn,0,411
0.14667168108311396,4980.0,4,1386.2,1404.0,S1,dqn,0,412
0.15654118524040253,4968.0,3,1334.6,1368.0,S1,dqn,0,413
0.0979718116191131,5775.0,14,1579.0,1635.0,S1,dqn,0,414
0.18894758228362454,4439.0,0,1328.0,1404.0,S1,dqn,0,415
0.13167259786476868,5257.0,2,1478.8,1513.0,S1,dqn,0,416
0.07003891050583658,5022.0,7,1383.8,1429.0,S1,dqn,0,417
0.10331314570716067,5281.0,0,1530.4,1558.0,S1,dqn,0,418
0.09647495361781076,5117.0,1,1432.6,1448.0,S1,dqn,0,419
0.10642270351008215,5103.0,4,1335.2,1356.0,S1,dqn,0,420
0.1072234762979684,5003.1,1,1584.0,1656.0,S1,dqn,0,421
0.11254612546125461,5097.0,1,1506.8,1576.0,S1,dqn,0,422
0.1251360174102285,5166.0,1,1373.8,1411.0,S1,dqn,0,423
0.12283236994219653,5173.0,0,1411.2,1426.0,S1,dqn,0,424
0.15769944341372913,5072.0,6,1399.6,1400.0,S1,dqn,0,425
0.08557902403495994,5234.0,0,1392.0,1404.0,S1,dqn,0,426
0.10050251256281408,4881.0,0,1387.0,1447.0,S1,dqn,0,427
0.1397814910025707,5771.0,1,1565.2,1569.0,S1,dqn,0,428
0.18357305071915217,4766.0,0,1209.6,1213.0,S1,dqn,0,429
0.09162303664921466,5140.0,5,1602.6,1659.0,S1,dqn,0,430
0.13742071881606766,5283.6,0,1479.0,1519.0,S1,dqn,0,431
0.0745975657636435,4991.0,6,1380.8,1418.0,S1,dqn,0,432
0.11945983379501385,5448.0,2,1667.8,1779.0,S1,dqn,0,433
0.11278195488721804,5730.0,0,1478.4,1482.0,S1,dqn,0,434
0.17196904557179707,4264.0,1,1127.3999999999999,1156.0,S1,dqn,0,435
0.19296904852884983,4716.0,0,1355.8,1366.0,S1,dqn,0,436
0.19764957264957264,5038.0,0,1448.0,1514.0,S1,dqn,0,437
0.16495601173020527,5038.0,2,1408.6,1430.0,S1,dqn,0,438
0.08258258258258258,6487.0,9,1749.6,1782.0,S1,dqn,0,439
0.10550786838340487,5294.0,2,1533.8,1568.0,S1,dqn,0,440
0.1471861471861472,4267.0,1,1104.4,1110.0,S1,dqn,0,441
0.17518770110833035,5076.0,1,1342.4,1348.0,S1,dqn,0,442
0.11338697878566203,5220.0,7,1419.8,1449.0,S1,dqn,0,443
0.10975170924793091,5230.0,0,1468.8,1487.0,S1,dqn,0,444
0.13416230366492146,5685.1,1,1649.0,1692.0,S1,dqn,0,445
0.12102874432677761,4945.0,0,1458.3999999999999,1545.0,S1,dqn,0,446
0.11118272639381244,5833.0,0,1664.0,1682.0,S1,dqn,0,447
0.09481668773704172,6015.0,2,1791.6,1823.0,S1,dqn,0,448
0.1264099572150914,4784.0,0,1305.6,1320.0,S1,dqn,0,449
0.1820020222446916,5411.0,3,1557.3999999999999,1596.0,S1,dqn,0,450
0.11480466072652502,5548.0,4,1494.8,1561.0,S1,dqn,0,451
0.1809864757358791,4645.4,3,1361.6,1368.0,S1,dqn,0,452
0.11315688530878404,4896.0,0,1355.3999999999999,1405.0,S1,dqn,0,453
0.18032786885245902,4962.0,0,1525.2,1560.0,S1,dqn,0,454
0.07011530071673419,6160.0,0,1836.2,1882.0,S1,dqn,0,455
0.10598031794095382,5016.0,3,1413.0,1448.0,S1,dqn,0,456
0.1446824502066892,4970.2,1,1481.6399999999999,1584.0,S1,dqn,0,457
0.1416579223504722,5335.0,3,1668.6,1759.0,S1,dqn,0,458
0.13249907986750092,5241.0,12,1340.4,1360.0,S1,dqn,0,459
0.07172848145556333,5528.0,2,1562.2,1614.0,S1,dqn,0,460
0.12452438602559668,5519.0,8,1527.4,1528.0,S1,dqn,0,461
0.16016713091922005,5286.0,1,1432.0,1448.0,S1,dqn,0,462
0.11267085334318434,5066.0,0,1384.0,1440.0,S1,dqn,0,463
0.14870538838348496,5283.0,1,1324.8,1329.0,S1,dqn,0,464
0.12288541334184487,5893.0,2,1644.3999999999999,1683.0,S1,dqn,0,465
0.13482719331560958,4988.0,5,1301.8,1303.0,S1,dqn,0,466
0.08457374830852503,5739.0,8,1561.8,1586.0,S1,dqn,0,467
0.15578078078078078,4880.0,0,1412.3999999999999,1468.0,S1,dqn,0,468
0.1089142091152815,5625.0,1,1579.4,1586.0,S1,dqn,0,469
0.09690644800596347,5113.0,3,1472.8,1518.0,S1,dqn,0,470
0.06290322580645161,6022.0,0,1621.2,1624.0,S1,dqn,0,471
0.1323251417769376,4927.0,2,1337.6,1358.0,S1,dqn,0,472
0.1191391237509608,4871.0,0,1268.6,1271.0,S1,dqn,0,473
0.19318181818181818,4812.0,3,1412.6,1490.0,S1,dqn,0,474
0.13719512195121952,5471.0,0,1454.0,1462.0,S1,dqn,0,475
0.12017479970866715,5134.0,1,1385.4,1408.0,S1,dqn,0,476
0.09756932557343376,5549.0,0,1449.8,1461.0,S1,dqn,0,477
0.1399190829399865,5474.6,0,1423.12,1444.0,S1,dqn,0,478
0.12567934782608695,5500.0,0,1502.2,1522.0,S1,dqn,0,479
0.12744124462098644,5639.0,0,1424.2,1437.0,S1,dqn,0,480
0.12176845260397152,4980.0,0,1421.6,1487.0,S1,dqn,0,481
0.120342894823607,5743.0,4,1524.2,1525.0,S1,dqn,0,482
0.15003750937734434,4924.0,1,1404.8,1438.0,S1,dqn,0,483
0.15989938914840102,5123.0,2,1547.4,1557.0,S1,dqn,0,484
0.1662929745889387,4949.0,3,1367.3999999999999,1397.0,S1,dqn,0,485
0.11827956989247312,4332.0,0,1273.6,1330.0,S1,dqn,0,486
0.1392150285139215,5604.0,3,1565.8,1584.0,S1,dqn,0,487
0.03294289897510981,5331.0,0,1535.6,1582.0,S1,dqn,0,488
0.12393998695368558,5759.0,3,1718.6,1806.0,S1,dqn,0,489
0.14492753623188406,5262.0,12,1543.8,1603.0,S1,dqn,0,490
0.15669515669515668,5188.5,2,1472.6,1478.0,S1,dqn,0,491
0.1414280786478096,5390.0,1,1634.8,1684.0,S1,dqn,0,492
0.10973451327433628,5317.0,0,1503.2,1504.0,S1,dqn,0,493
0.1093974175035868,5243.0,1,1314.8,1316.0,S1,dqn,0,494
0.11183261183261184,5291.0,5,1516.8,1592.0,S1,dqn,0,495
0.17540550735571483,4949.0,9,1525.0,1613.0,S1,dqn,0,496
0.15827338129496402,5077.0,0,1383.8,1436.0,S1,dqn,0,497
0.10455680399500625,6030.0,0,1503.0,1511.0,S1,dqn,0,498
0.15853658536585366,5287.0,1,1495.8,1586.0,S1,dqn,0,499
0.18903919528269164,5198.0,0,1308.2,1315.0,S1,dqn,0,500
0.15379113018597998,5217.5,4,1558.6,1626.0,S1,dqn,0,501
0.1278724981467754,5073.0,3,1534.0,1564.0,S1,dqn,0,502
0.14325163962720056,5506.0,10,1447.0,1459.0,S1,dqn,0,503
0.1431901431901432,5643.0,3,1563.6,1595.0,S1,dqn,0,504
0.09858044164037855,4959.0,11,1371.6,1389.0,S1,dqn,0,505
0.13282732447817835,4942.0,4,1527.1999999999998,1610.0,S1,dqn,0,506
0.157128680119087,5573.0,0,1446.2,1454.0,S1,dqn,0,507
0.10447214076246335,5178.0,0,1613.6,1674.0,S1,dqn,0,508
0.15746572804742498,4960.0,0,1494.8,1567.0,S1,dqn,0,509
0.14922813036020582,5357.0,0,1399.3999999999999,1430.0,S1,dqn,0,510
0.13508297954457738,4861.4,2,1290.6,1304.0,S1,dqn,0,511
0.16647748770336737,4910.6,3,1428.3999999999999,1480.0,S1,dqn,0,512
0.11710432931156849,5313.0,2,1474.4,1492.0,S1,dqn,0,513
0.09945750452079566,5212.0,0,1344.4,1348.0,S1,dqn,0,514
0.1618009145269082,5248.0,3,1491.4,1505.0,S1,dqn,0,515
0.13639760837070253,5019.0,2,1279.4,1284.0,S1,dqn,0,516
0.12566641279512566,4909.0,1,1317.0,1322.0,S1,dqn,0,517
0.12518684603886399,5069.0,5,1291.4,1293.0,S1,dqn,0,518
0.08854354897000362,5251.0,0,1334.0,1366.0,S1,dqn,0,519
0.10391822827938671,5522.0,0,1518.2,1521.0,S1,dqn,0,520
0.1688951442646024,5186.0,1,1372.4,1386.0,S1,dqn,0,521
0.11690647482014388,5197.0,0,1541.8,1644.0,S1,dqn,0,522
0.08017267961763799,6248.0,2,1725.8,1776.0,S1,dqn,0,523
0.10420346167432003,5339.0,1,1502.2,1557.0,S1,dqn,0,524
0.12395309882747069,5557.0,0,1558.4,1564.0,S1,dqn,0,525
0.15016088666428315,5346.0,8,1479.8,1490.0,S1,dqn,0,526
0.17611026033690658,4731.2,0,1445.4,1449.0,S1,dqn,0,527
0.08879781420765027,5698.0,6,1407.2,1413.0,S1,dqn,0,528
0.15870307167235495,5407.0,3,1467.8,1490.0,S1,dqn,0,529
0.1243691420331651,5180.0,0,1398.4,1400.0,S1,dqn,0,530
0.09681881051175657,5461.0,0,1459.2,1474.0,S1,dqn,0,531
0.1854066985645933,4513.0,0,1211.8,1231.0,S1,dqn,0,532
0.10329131652661064,5379.0,0,1503.3999999999999,1541.0,S1,dqn,0,533
0.16161616161616163,5447.0,0,1531.2,1536.0,S1,dqn,0,534
0.17234848484848486,4797.0,0,1296.8,1312.0,S1,dqn,0,535
0.2052033711982411,4855.0,0,1516.0,1576.0,S1,dqn,0,536
0.14584154513204572,4661.0,0,1323.3999999999999,1352.0,S1,dqn,0,537
0.16548042704626334,5167.0,1,1398.4,1406.0,S1,dqn,0,538
0.1302507326603712,5729.0,1,1456.8,1461.0,S1,dqn,0,539
0.07962359753890698,5263.0,0,1597.8,1680.0,S1,dqn,0,540
0.10978670012547051,5983.0,0,1493.6,1494.0,S1,dqn,0,541
0.14701378254211334,6027.0,1,1639.0,1673.0,S1,dqn,0,542
0.12276394247632409,5359.0,3,1495.2,1522.0,S1,dqn,0,543
0.2094240837696335,4755.0,0,1332.8,1376.0,S1,dqn,0,544
0.0701926216127979,5908.0,0,1520.4,1546.0,S1,dqn,0,545
0.17400568181818182,5165.9,4,1396.0,1442.0,S1,dqn,0,546
0.16149664214902462,5776.5,3,1579.9,1585.0,S1,dqn,0,547
0.12313432835820895,5027.0,0,1353.2,1367.0,S1,dqn,0,548
0.16917293233082706,5384.0,2,1385.6,1400.0,S1,dqn,0,549
0.09652928416485901,5286.7,1,1530.0,1542.0,S1,dqn,0,550
0.18525115781973636,5111.0,2,1393.8,1413.0,S1,dqn,0,551
0.12480190174326466,4725.0,1,1243.8,1283.0,S1,dqn,0,552
0.1651440618411806,5249.0,2,1560.8,1617.0,S1,dqn,0,553
0.11439114391143912,5142.0,2,1332.2,1337.0,S1,dqn,0,554
0.16688269604666234,5649.0,0,1568.4,1592.0,S1,dqn,0,555
0.16304347826086957,4699.0,0,1208.8,1242.0,S1,dqn,0,556
0.14700968927497493,5593.0,2,1381.8,1395.0,S1,dqn,0,557
0.14081931236283834,5121.6,0,1509.0,1527.0,S1,dqn,0,558
0.13036303630363036,5747.0,8,1707.6,1767.0,S1,dqn,0,559
0.1263477088948787,5523.0,0,1543.0,1553.0,S1,dqn,0,560
0.08100147275405008,5204.0,1,1473.0,1491.0,S1,dqn,0,561
0.1378579003181336,5280.0,1,1450.6,1492.0,S1,dqn,0,562
0.1830808080808081,4339.0,3,1272.0,1305.0,S1,dqn,0,563
0.15707671957671956,5555.0,1,1446.0,1465.0,S1,dqn,0,564
0.11312938177182918,5978.0,5,1564.8,1581.0,S1,dqn,0,565
0.1760797342192691,5467.0,0,1727.6,1825.0,S1,dqn,0,566
0.09303112313937753,5649.0,2,1527.6,1537.0,S1,dqn,0,567
0.17411185367569468,5198.0,0,1334.8,1371.0,S1,dqn,0,568
0.17449896337249482,5245.0,0,1560.0,1593.0,S1,dqn,0,569
0.12839059674502712,5207.0,3,1531.3999999999999,1563.0,S1,dqn,0,570
0.08336353751359188,5295.0,2,1318.6,1323.0,S1,dqn,0,571
0.13904982618771727,4805.7,0,1414.0,1464.0,S1,dqn,0,572
0.09454545454545454,5232.0,1,1508.8,1543.0,S1,dqn,0,573
0.12495472654835205,5274.0,8,1477.6,1525.0,S1,dqn,0,574
0.1714992927864215,5143.0,1,1655.1999999999998,1751.0,S1,dqn,0,575
0.09803921568627451,5613.0,2,1610.6,1645.0,S1,dqn,0,576
0.16252006420545748,4632.5,6,1434.0,1461.0,S1,dqn,0,577
0.13872606486908948,4745.0,0,1448.2,1500.0,S1,dqn,0,578
0.1393188854489164,4810.0,0,1179.2,1183.0,S1,dqn,0,579
0.12721238938053098,5146.5,2,1373.3999999999999,1411.0,S1,dqn,0,580
0.12612612612612611,5177.0,0,1436.8,1456.0,S1,dqn,0,581
0.1432022084195997,5353.4,1,1376.6,1383.0,S1,dqn,0,582
0.1521491061240015,4845.2,0,1288.6,1297.0,S1,dqn,0,583
0.1278772378516624,5868.0,1,1545.0,1560.0,S1,dqn,0,584
0.19455987910842462,4786.0,1,1328.3999999999999,1365.0,S1,dqn,0,585
0.18736223365172666,4896.0,0,1435.8,1478.0,S1,dqn,0,586
0.16011644832605532,5073.0,0,1458.3999999999999,1516.0,S1,dqn,0,587
0.14635931211123307,5143.0,4,1389.2,1417.0,S1,dqn,0,588
0.1409849086576648,4658.0,0,1168.2,1170.0,S1,dqn,0,589
0.11875221552640908,5354.0,3,1371.8,1375.0,S1,dqn,0,590
0.11864973262032086,5661.0,3,1723.3999999999999,1821.0,S1,dqn,0,591
0.12457912457912458,5557.0,0,1593.4,1597.0,S1,dqn,0,592
0.15392781316348195,5174.7,0,1371.34,1381.0,S1,dqn,0,593
0.13915005641218503,4930.0,1,1395.3999999999999,1434.0,S1,dqn,0,594
0.12770137524557956,5780.0,5,1475.2,1477.0,S1,dqn,0,595
0.19876495561559243,4694.8,2,1235.24,1251.8,S1,dqn,0,596
0.18457602339181287,5029.0,4,1421.8,1476.0,S1,dqn,0,597
0.11134307585247043,5400.0,0,1417.8,1439.0,S1,dqn,0,598
0.14720985963711058,5444.0,2,1632.8,1693.0,S1,dqn,0,599
0.13313046785850133,4890.4,1,1362.6,1380.0,S1,dqn,0,600
0.07008547008547009,5652.0,1,1701.0,1752.0,S1,dqn,0,601
0.07553956834532374,5327.0,0,1396.6,1425.0,S1,dqn,0,602
0.19134132199458834,4756.4,4,1215.8,1235.0,S1,dqn,0,603
0.10818438381937912,5990.0,0,1714.3999999999999,1758.0,S1,dqn,0,604
0.10703918722786647,5199.0,1,1322.8,1328.0,S1,dqn,0,605
0.13107305138063613,5319.0,0,1453.8,1471.0,S1,dqn,0,606
0.13834693153600566,5230.0,0,1502.4,1530.0,S1,dqn,0,607
0.15844364219815482,4548.1,0,1416.0,1462.0,S1,dqn,0,608
0.20007923930269414,4523.9,0,1434.3999999999999,1465.0,S1,dqn,0,609
0.0777552400270453,5663.0,0,1590.3999999999999,1651.0,S1,dqn,0,610
0.07682030728122913,5775.0,1,1751.3999999999999,1831.0,S1,dqn,0,611
0.1359416445623342,5614.0,1,1469.6,1526.0,S1,dqn,0,612
0.10285913528591353,5484.4,3,1467.6,1495.0,S1,dqn,0,613
0.12491077801570306,5226.0,1,1493.0,1551.0,S1,dqn,0,614
0.09606299212598425,6002.0,0,1746.3999999999999,1810.0,S1,dqn,0,615
0.049144521295959226,5316.0,0,1438.6,1464.0,S1,dqn,0,616
0.13353617308992563,5623.0,8,1529.0,1565.0,S1,dqn,0,617
0.16064981949458484,5077.0,1,1341.2,1348.0,S1,dqn,0,618
0.15096816540859861,5626.0,2,1463.3999999999999,1505.0,S1,dqn,0,619
0.14784467402921267,5181.0,1,1326.2,1327.0,S1,dqn,0,620
0.14376462721497826,5534.0,0,1520.6,1523.0,S1,dqn,0,621
0.0701574264202601,5716.0,8,1527.8,1576.0,S1,dqn,0,622
0.12147887323943662,5392.0,2,1384.2,1388.0,S1,dqn,0,623
0.15467759970182632,5003.0,2,1398.8,1422.0,S1,dqn,0,624
0.18850987432675045,5032.7,1,1510.1399999999999,1559.0,S1,dqn,0,625
0.2191840277777778,4101.3,2,1111.6,1152.0,S1,dqn,0,626
0.19305019305019305,5150.2,0,1395.6,1416.0,S1,dqn,0,627
0.08808885484488702,5029.0,4,1349.2,1362.0,S1,dqn,0,628
0.1282051282051282,5064.4,2,1524.3999999999999,1566.0,S1,dqn,0,629
0.12858192505510654,5061.0,0,1488.1999999999998,1563.0,S1,dqn,0,630
0.08543833580980684,5156.0,2,1444.8,1489.0,S1,dqn,0,631
0.1476510067114094,5532.5,2,1662.3999999999999,1733.0,S1,dqn,0,632
0.1271186440677966,5542.0,0,1610.3999999999999,1648.0,S1,dqn,0,633
0.16921980762379765,5186.0,5,1503.6,1555.0,S1,dqn,0,634
0.10865815798551225,5536.0,5,1566.1999999999998,1643.0,S1,dqn,0,635
0.1764234161988773,4625.0,7,1202.0,1202.0,S1,dqn,0,636
0.13053348467650397,4938.0,1,1340.6,1364.0,S1,dqn,0,637
0.18871315600287564,5016.0,0,1336.6,1363.0,S1,dqn,0,638
0.14408233276157806,5412.6,1,1373.4,1376.0,S1,dqn,0,639
0.1651186790505676,5371.0,2,1384.2,1420.0,S1,dqn,0,640
0.15224656516895654,5023.0,3,1318.8,1345.0,S1,dqn,0,641
0.14495412844036698,5037.0,0,1382.0,1423.0,S1,dqn,0,642
0.12727272727272726,4682.0,4,1340.1999999999998,1427.0,S1,dqn,0,643
0.10088495575221239,5397.0,2,1467.0,1498.0,S1,dqn,0,644
0.11356365962891875,5914.0,2,1597.6,1648.0,S1,dqn,0,645
0.1039222259470332,5683.0,2,1433.2,1444.0,S1,dqn,0,646
0.15,5182.0,0,1553.8,1617.0,S1,dqn,0,647
0.16826923076923078,5331.0,1,1427.8,1441.0,S1,dqn,0,648
0.15298507462686567,4937.0,1,1463.8,1507.0,S1,dqn,0,649
0.12256548018804567,5578.0,0,1566.1999999999998,1651.0,S1,dqn,0,650
0.1559177888022679,5236.0,2,1412.6,1424.0,S1,dqn,0,651
0.1532941943900848,5665.7,1,1559.94,1634.0,S1,dqn,0,652
0.10881010881010882,5355.0,0,1506.6,1526.0,S1,dqn,0,653
0.10884831460674158,5363.0,1,1516.6,1561.0,S1,dqn,0,654
0.12147195426938193,5245.0,1,1360.0,1379.0,S1,dqn,0,655
0.09497964721845319,5618.0,1,1551.8,1592.0,S1,dqn,0,656
0.13319672131147542,5453.0,2,1352.0,1366.0,S1,dqn,0,657
0.13143872113676733,5257.0,0,1511.2,1530.0,S1,dqn,0,658
0.05635787249031349,5595.0,8,1513.8,1515.0,S1,dqn,0,659
0.0875558867362146,5265.0,8,1296.2,1308.0,S1,dqn,0,660
0.17830882352941177,5002.0,3,1466.2,1492.0,S1,dqn,0,661
0.15519568151147098,5445.0,0,1499.0,1530.0,S1,dqn,0,662
0.1646090534979424,5364.0,2,1509.0,1520.0,S1,dqn,0,663
0.14581572273879967,4364.0,1,1278.2,1334.0,S1,dqn,0,664
0.11957321559970567,5068.0,0,1352.6,1385.0,S1,dqn,0,665
0.1044987601842012,5413.0,6,1503.2,1532.0,S1,dqn,0,666
0.11287934863064397,5191.6,6,1497.8,1524.0,S1,dqn,0,667
0.12921751615218952,5169.0,0,1343.2,1376.0,S1,dqn,0,668
0.1303475935828877,5571.0,1,1558.4,1573.0,S1,dqn,0,669
0.13097576948264572,5675.0,0,1522.0,1563.0,S1,dqn,0,670
0.11199172984148863,5441.0,0,1484.6,1513.0,S1,dqn,0,671
0.09259259259259259,5210.2,0,1487.2,1527.0,S1,dqn,0,672
0.16791044776119404,4867.0,0,1572.8,1680.0,S1,dqn,0,673
0.14495225102319237,5426.2,1,1369.24,1373.0,S1,dqn,0,674
0.12352507374631268,5116.0,2,1533.2,1558.0,S1,dqn,0,675
0.06177076183939602,5660.0,2,1469.6,1472.0,S1,dqn,0,676
0.1091867469879518,5039.4,1,1507.8,1535.0,S1,dqn,0,677
0.16036036036036036,5107.0,2,1328.0,1337.0,S1,dqn,0,678
0.09486999297259312,5474.0,1,1414.0,1414.0,S1,dqn,0,679
0.14787066246056782,4684.0,2,1158.0,1168.0,S1,dqn,0,680
0.13222516055912353,4931.0,1,1395.6,1437.0,S1,dqn,0,681
0.1487574378718936,5276.0,0,1373.2,1386.0,S1,dqn,0,682
0.10832187070151307,5575.1,6,1406.8,1412.0,S1,dqn,0,683
0.155959896026736,4984.3,1,1470.0,1509.0,S1,dqn,0,684
0.17671130952380953,4863.8,0,1447.0,1492.0,S1,dqn,0,685
0.12257405515832483,5606.0,7,1462.2,1485.0,S1,dqn,0,686
0.15273004963726614,4815.0,0,1436.8,1530.0,S1,dqn,0,687
0.17961733697774307,4719.0,2,1201.4,1206.0,S1,dqn,0,688
0.18605491329479767,5023.0,2,1510.2,1564.0,S1,dqn,0,689
0.05630221576462041,5448.0,6,1470.2,1500.0,S1,dqn,0,690
0.15151515151515152,5462.0,0,1539.2,1584.0,S1,dqn,0,691
0.12665627435697585,4814.0,1,1346.8,1420.0,S1,dqn,0,692
0.11552229092092418,5778.0,1,1578.6,1611.0,S1,dqn,0,693
0.15434083601286175,5787.0,3,1659.6,1719.0,S1,dqn,0,694
0.13872832369942195,4877.0,4,1275.2,1318.0,S1,dqn,0,695
0.07175358767938397,5526.0,0,1484.8,1511.0,S1,dqn,0,696
0.13089906992766104,5433.0,3,1599.1999999999998,1675.0,S1,dqn,0,697
0.07982806263432607,6271.0,3,1727.6,1745.0,S1,dqn,0,698
0.15843621399176955,4462.0,0,1117.4,1126.0,S1,dqn,0,699
0.12064805239572561,5409.0,0,1514.3999999999999,1549.0,S1,dqn,0,700
0.14884979702300405,5444.0,0,1483.0,1499.0,S1,dqn,0,701
0.11869436201780416,5084.0,3,1322.2,1332.0,S1,dqn,0,702
0.18632416787264833,5006.1,1,1435.0,1456.0,S1,dqn,0,703
0.14160485502360082,5469.0,0,1539.8,1611.0,S1,dqn,0,704
0.14112903225806453,5133.0,6,1555.3999999999999,1602.0,S1,dqn,0,705
0.11584800741427248,6066.0,0,1612.0,1616.0,S1,dqn,0,706
0.12439658373561084,5018.0,0,1453.2,1487.0,S1,dqn,0,707
0.15898535191139693,5221.3,6,1526.8,1536.0,S1,dqn,0,708
0.10959814015277317,5699.0,1,1570.8,1580.0,S1,dqn,0,709
0.18287781350482316,4493.0,0,1203.2,1226.0,S1,dqn,0,710
0.10853568800588669,5333.0,13,1287.6,1291.0,S1,dqn,0,711
0.16884531590413943,5040.0,0,1459.8,1520.0,S1,dqn,0,712
0.13068567549219282,5479.0,0,1368.4,1370.0,S1,dqn,0,713
0.19017725258493354,4898.0,1,1425.0,1485.0,S1,dqn,0,714
0.16485809682804675,4364.0,0,1276.3999999999999,1327.0,S1,dqn,0,715
0.14265586474110603,5245.0,0,1407.0,1431.0,S1,dqn,0,716
0.1371486623772435,5493.0,0,1370.6,1404.0,S1,dqn,0,717
0.09154929577464789,5477.0,5,1367.6,1379.0,S1,dqn,0,718
0.17869656622284513,5220.4,3,1544.8,1577.0,S1,dqn,0,719
0.10374096196164728,6089.0,6,1872.0,1972.0,S1,dqn,0,720
0.13392857142857142,5461.0,2,1332.8,1345.0,S1,dqn,0,721
0.1600486223662885,4503.0,0,1178.6,1187.0,S1,dqn,0,722
0.05675954592363261,5731.0,7,1731.0,1819.0,S1,dqn,0,723
0.10024196335983408,5508.0,1,1431.6,1437.0,S1,dqn,0,724
0.16106685140284033,5305.2,1,1716.6,1786.0,S1,dqn,0,725
0.117096018735363,5660.0,4,1750.6,1903.0,S1,dqn,0,726
0.14417744916820702,4992.0,1,1463.8,1547.0,S1,dqn,0,727
0.12135001896094046,4971.0,2,1584.8,1690.0,S1,dqn,0,728
0.14121144555927165,4979.0,0,1316.4,1323.0,S1,dqn,0,729
0.16161959850289215,5380.0,0,1507.6,1521.0,S1,dqn,0,730
0.11895770392749244,4978.0,0,1422.2,1474.0,S1,dqn,0,731
0.11147069399496584,5254.0,2,1337.8,1370.0,S1,dqn,0,732
0.14101257220523275,5468.0,0,1650.0,1727.0,S1,dqn,0,733
0.11749819233550253,5199.0,1,1392.2,1403.0,S1,dqn,0,734
0.14186851211072665,5327.0,0,1526.2,1568.0,S1,dqn,0,735
0.07399186089530152,5173.0,0,1627.6,1738.0,S1,dqn,0,736
0.07545271629778671,5696.0,0,1592.2,1658.0,S1,dqn,0,737
0.05999250093738283,5146.0,0,1331.4,1333.0,S1,dqn,0,738
0.10735656458993312,5379.0,1,1634.0,1726.0,S1,dqn,0,739
0.1519815313582147,4776.7,0,1366.0,1367.0,S1,dqn,0,740
0.14545454545454545,5607.0,1,1482.0,1496.0,S1,dqn,0,741
0.10803024846957147,5271.0,2,1457.4,1458.0,S1,dqn,0,742
0.12443829934324231,5488.0,4,1490.2,1544.0,S1,dqn,0,743
0.1287711552612215,5083.0,2,1387.4,1388.0,S1,dqn,0,744
0.10686333534015653,6331.0,5,1528.8,1535.0,S1,dqn,0,745
0.07626488095238096,5153.0,0,1309.4,1317.0,S1,dqn,0,746
0.09469056476158269,5591.0,0,1469.8,1508.0,S1,dqn,0,747
0.12462235649546828,4933.0,0,1520.6,1583.0,S1,dqn,0,748
0.09528759528759528,5549.0,4,1606.1999999999998,1716.0,S1,dqn,0,749
0.14737991266375547,5078.0,0,1328.6,1362.0,S1,dqn,0,750
0.16818361693707953,4621.0,0,1272.3999999999999,1306.0,S1,dqn,0,751
0.15903530234183852,5254.0,0,1429.2,1444.0,S1,dqn,0,752
0.13947267863966373,4871.0,1,1363.2,1396.0,S1,dqn,0,753
0.11706820495419071,5556.0,1,1437.8,1438.0,S1,dqn,0,754
0.1750465549348231,4922.0,3,1276.2,1279.0,S1,dqn,0,755
0.1520912547528517,4967.0,4,1425.8,1447.0,S1,dqn,0,756
0.1326839099764864,5576.0,1,1481.0,1507.0,S1,dqn,0,757
0.15846257585974377,5459.0,2,1406.6,1418.0,S1,dqn,0,758
0.13077445652173914,5495.0,1,1549.8,1587.0,S1,dqn,0,759
0.14573587621446563,5166.5,1,1554.8,1587.0,S1,dqn,0,760
0.13617960986382038,5086.0,3,1569.8,1626.0,S1,dqn,0,761
0.10909763313609468,5220.0,7,1551.8,1587.0,S1,dqn,0,762
0.14771877337322364,4950.0,0,1265.6,1268.0,S1,dqn,0,763
0.11692650334075724,5095.0,2,1383.2,1413.0,S1,dqn,0,764
0.10917775503241214,5569.0,4,1636.6,1682.0,S1,dqn,0,765
0.13471502590673576,5447.0,2,1583.2,1634.0,S1,dqn,0,766
0.18159306644655385,4368.0,0,1153.4,1172.0,S1,dqn,0,767
0.15306122448979592,5110.0,2,1551.8,1600.0,S1,dqn,0,768
0.15013302926643862,4899.0,4,1397.0,1458.0,S1,dqn,0,769
0.0833628946434906,5375.0,1,1454.0,1486.0,S1,dqn,0,770
0.17723513194170934,4620.0,0,1247.6,1263.0,S1,dqn,0,771
0.0998492840994725,5075.0,3,1273.0,1278.0,S1,dqn,0,772
0.15658747300215983,5138.0,0,1291.8,1297.0,S1,dqn,0,773
0.14041745730550284,4922.0,2,1353.6,1374.0,S1,dqn,0,774
0.15205371248025276,4676.0,2,1390.8,1451.0,S1,dqn,0,775
0.11042722664735699,5186.0,0,1436.2,1458.0,S1,dqn,0,776
0.09540034071550256,5587.0,1,1466.2,1475.0,S1,dqn,0,777
0.08825526137135098,5609.0,0,1484.2,1485.0,S1,dqn,0,778
0.16370808678500987,4632.2,0,1233.3600000000001,1246.2,S1,dqn,0,779
0.16464799394398183,4831.0,0,1279.2,1310.0,S1,dqn,0,780
0.0969119579500657,5810.0,2,1635.3999999999999,1691.0,S1,dqn,0,781
0.1305707584050039,4846.6,0,1246.6,1263.0,S1,dqn,0,782
0.1610715496778569,5405.0,1,1587.6,1673.0,S1,dqn,0,783
0.15980113636363635,5159.0,0,1231.2,1239.0,S1,dqn,0,784
0.15746638358103326,5249.0,3,1342.3999999999999,1371.0,S1,dqn,0,785
0.1664378860672615,5320.0,0,1416.2,1438.0,S1,dqn,0,786
0.14033825116948542,5160.0,1,1440.0,1443.0,S1,dqn,0,787
0.12015503875968993,4902.0,5,1199.4,1220.0,S1,dqn,0,788
0.16165842525675161,4790.0,0,1217.6,1241.0,S1,dqn,0,789
0.18113342898134863,5163.0,4,1541.2,1600.0,S1,dqn,0,790
0.19237952932387,4841.0,0,1333.3999999999999,1362.0,S1,dqn,0,791
0.14895057549085985,5535.0,4,1472.4,1483.0,S1,dqn,0,792
0.12495834721759413,5659.0,1,1468.4,1476.0,S1,dqn,0,793
0.13222331047992164,5738.0,0,1500.0,1509.0,S1,dqn,0,794
0.13108614232209737,5476.0,1,1584.4,1602.0,S1,dqn,0,795
0.16154452324665092,4678.0,2,1233.2,1238.0,S1,dqn,0,796
0.17128027681660898,5262.0,0,1257.8,1258.0,S1,dqn,0,797
0.08765652951699464,5307.0,0,1510.8,1560.0,S1,dqn,0,798
0.05480905233380481,5643.0,10,1605.6,1673.0,S1,dqn,0,799
0.14622104063805544,4838.0,0,1368.3999999999999,1422.0,S1,dqn,0,800
0.07656695156695156,5417.0,3,1458.3999999999999,1515.0,S1,dqn,0,801
0.10536713862364175,5771.0,2,1719.3999999999999,1804.0,S1,dqn,0,802
0.10424422933730454,5069.0,0,1413.8,1417.0,S1,dqn,0,803
0.19519519519519518,4785.0,0,1438.6,1513.0,S1,dqn,0,804
0.1631442343344457,4947.4,1,1383.8,1406.0,S1,dqn,0,805
0.12234042553191489,5257.0,0,1456.0,1521.0,S1,dqn,0,806
0.1646655231560892,5357.0,2,1316.6,1320.0,S1,dqn,0,807
0.11450381679389313,5391.0,0,1450.0,1480.0,S1,dqn,0,808
0.10931718802556341,5643.0,4,1567.0,1609.0,S1,dqn,0,809
0.12703830109973455,4902.0,0,1397.3999999999999,1437.0,S1,dqn,0,810
0.12173290368779091,5243.0,0,1348.6,1349.0,S1,dqn,0,811
0.14463566459172464,5069.0,0,1284.6,1303.0,S1,dqn,0,812
0.09926854754440961,5499.0,5,1431.4,1435.0,S1,dqn,0,813
0.12421273617914626,5368.0,2,1492.6,1548.0,S1,dqn,0,814
0.12668641000329056,5730.0,3,1517.0,1534.0,S1,dqn,0,815
0.12400793650793651,5645.0,1,1526.4,1546.0,S1,dqn,0,816
0.16367476240760295,5219.0,3,1526.6,1556.0,S1,dqn,0,817
0.1292813969106783,5568.0,0,1406.0,1413.0,S1,dqn,0,818
0.13080895008605853,5462.0,1,1489.6,1510.0,S1,dqn,0,819
0.16134946828016136,4981.0,0,1321.2,1360.0,S1,dqn,0,820
0.14045968624589567,5074.0,1,1374.6,1411.0,S1,dqn,0,821
0.18090264826557254,4851.7,0,1472.6,1548.0,S1,dqn,0,822
0.15168970814132104,4790.0,0,1384.0,1424.0,S1,dqn,0,823
0.13975155279503104,5448.2,4,1668.6,1674.0,S1,dqn,0,824
0.14280913978494625,5524.0,0,1392.8,1409.0,S1,dqn,0,825
0.08849557522123894,5216.0,1,1335.8,1338.0,S1,dqn,0,826
0.08824508824508824,5743.0,2,1591.0,1595.0,S1,dqn,0,827
0.13046424940698068,5474.0,0,1491.6,1510.0,S1,dqn,0,828
0.1302507326603712,5719.0,0,1463.6,1474.0,S1,dqn,0,829
0.11531531531531532,5187.0,0,1351.2,1370.0,S1,dqn,0,830
0.11627906976744186,5150.0,3,1313.6,1329.0,S1,dqn,0,831
0.18571428571428572,5038.0,0,1493.0,1514.0,S1,dqn,0,832
0.13130968622100955,5451.0,1,1600.2,1665.0,S1,dqn,0,833
0.10919337794998239,5330.0,0,1428.4,1431.0,S1,dqn,0,834
0.11058738216098622,5233.0,4,1477.0,1531.0,S1,dqn,0,835
0.16206896551724137,5367.0,2,1377.2,1395.0,S1,dqn,0,836
0.18193847171683758,5453.0,0,1558.4,1576.0,S1,dqn,0,837
0.09502090459901179,4999.0,1,1382.8,1401.0,S1,dqn,0,838
0.09311314125087843,5404.0,0,1437.4,1441.0,S1,dqn,0,839
0.12045959970348406,5058.0,0,1350.4,1373.0,S1,dqn,0,840
0.14733660748016622,4921.0,2,1258.4,1263.0,S1,dqn,0,841
0.1903807615230461,4542.0,2,1209.2,1218.0,S1,dqn,0,842
0.09634551495016612,5727.0,0,1602.2,1633.0,S1,dqn,0,843
0.1618229854689564,5558.0,1,1519.2,1555.0,S1,dqn,0,844
0.09884678747940692,5772.0,0,1489.2,1495.0,S1,dqn,0,845
0.12843068261787474,5321.9,3,1495.0,1536.0,S1,dqn,0,846
0.14388489208633093,5152.0,2,1469.0,1485.0,S1,dqn,0,847
0.16096169519152403,4550.0,2,1258.8,1303.0,S1,dqn,0,848
0.13934129569308723,5113.0,0,1531.1999999999998,1626.0,S1,dqn,0,849
0.1383476227591582,4789.0,1,1552.3999999999999,1641.0,S1,dqn,0,850
0.11500353857041755,5284.0,0,1476.0,1527.0,S1,dqn,0,851
0.14460700918679822,5445.0,1,1555.6,1619.0,S1,dqn,0,852
0.15360169491525424,5206.6,1,1359.2,1369.0,S1,dqn,0,853
0.03353204172876304,5255.0,1,1537.2,1594.0,S1,dqn,0,854
0.09034165571616294,5775.0,0,1728.0,1796.0,S1,dqn,0,855
0.13893429225237006,5690.0,0,1404.8,1412.0,S1,dqn,0,856
0.14137437365783823,5160.0,0,1352.4,1367.0,S1,dqn,0,857
0.13628318584070798,5337.0,6,1495.0,1552.0,S1,dqn,0,858
0.07510729613733906,5374.0,0,1361.6,1372.0,S1,dqn,0,859
0.15065913370998116,4872.0,0,1432.8,1516.0,S1,dqn,0,860
0.14275120504263997,5016.0,1,1323.2,1330.0,S1,dqn,0,861
0.11500974658869395,4972.0,10,1476.8,1545.0,S1,dqn,0,862
0.14799865455768585,5478.0,0,1504.0,1555.0,S1,dqn,0,863
0.13549239920687375,5634.0,0,1599.0,1649.0,S1,dqn,0,864
0.11140671765879614,5691.0,3,1455.2,1456.0,S1,dqn,0,865
0.0773286467486819,5427.0,0,1510.8,1534.0,S1,dqn,0,866
0.09899068322981366,4959.1,4,1562.6,1602.0,S1,dqn,0,867
0.16167870657034744,5326.0,1,1469.0,1485.0,S1,dqn,0,868
0.09942154736080984,5314.0,5,1547.2,1575.0,S1,dqn,0,869
0.1555472263868066,4953.0,4,1310.2,1342.0,S1,dqn,0,870
0.12125534950071326,5280.0,1,1429.2,1449.0,S1,dqn,0,871
0.1784426820475847,5020.4,0,1416.0,1431.0,S1,dqn,0,872
0.15146051208077893,5123.0,0,1636.6,1690.0,S1,dqn,0,873
0.20254169976171565,4509.1,0,1287.8,1333.0,S1,dqn,0,874
0.15009041591320071,5112.0,0,1278.0,1296.0,S1,dqn,0,875
0.19237749546279492,4972.0,1,1246.0,1259.0,S1,dqn,0,876
0.11455525606469003,5608.0,1,1470.0,1504.0,S1,dqn,0,877
0.11084984884111522,5616.0,0,1626.6,1699.0,S1,dqn,0,878
0.15435310440513353,5313.0,0,1524.2,1530.0,S1,dqn,0,879
0.16753022452504318,5283.0,0,1452.3999999999999,1489.0,S1,dqn,0,880
0.09959424566580598,5189.0,4,1375.8,1400.0,S1,dqn,0,881
0.11483433734939759,5104.0,7,1472.3999999999999,1519.0,S1,dqn,0,882
0.14230498945888967,5354.0,5,1535.6,1616.0,S1,dqn,0,883
0.15823935976718806,5020.0,0,1321.6,1342.0,S1,dqn,0,884
0.07995735607675906,5450.0,5,1539.4,1555.0,S1,dqn,0,885
0.15613652868554828,5050.0,0,1479.0,1520.0,S1,dqn,0,886
0.1602136181575434,4256.0,10,1152.0,1173.0,S1,dqn,0,887
0.1320956801142449,5219.0,2,1322.4,1332.0,S1,dqn,0,888
0.10589768654284783,5810.0,1,1497.6,1527.0,S1,dqn,0,889
0.12376237623762376,5283.0,0,1372.8,1378.0,S1,dqn,0,890
0.12482419127988749,5320.0,2,1474.4,1502.0,S1,dqn,0,891
0.15140719629497684,5206.0,2,1458.3999999999999,1508.0,S1,dqn,0,892
0.15855855855855855,5082.0,0,1482.0,1586.0,S1,dqn,0,893
0.1360030222893842,4951.0,1,1410.3999999999999,1465.0,S1,dqn,0,894
0.12341197822141561,5242.0,6,1331.4,1350.0,S1,dqn,0,895
0.10381275953189883,4980.0,0,1232.2,1263.0,S1,dqn,0,896
0.15018315018315018,5012.0,0,1483.8,1538.0,S1,dqn,0,897
0.1778590425531915,5538.0,0,1668.3999999999999,1749.0,S1,dqn,0,898
0.0567557671182717,5339.0,1,1508.4,1524.0,S1,dqn,0,899
0.14362057448229792,5530.0,0,1522.0,1561.0,S1,dqn,0,900
0.09377093101138648,5714.0,3,1708.6,1727.0,S1,dqn,0,901
0.11549566891241578,5976.0,7,1643.6,1679.0,S1,dqn,0,902
0.15770840038622466,5711.0,0,1657.2,1695.0,S1,dqn,0,903
0.13940520446096655,5983.0,1,1731.1999999999998,1814.0,S1,dqn,0,904
0.1177336276674025,5138.0,4,1403.0,1408.0,S1,dqn,0,905
0.07930652895610475,5324.0,8,1562.6,1571.0,S1,dqn,0,906
0.12725515463917525,5790.0,0,1589.0,1619.0,S1,dqn,0,907
0.15625,5095.0,0,1447.3999999999999,1481.0,S1,dqn,0,908
0.11896551724137931,5467.0,1,1490.8,1564.0,S1,dqn,0,909
0.12696709585121602,5214.0,1,1522.2,1566.0,S1,dqn,0,910
0.09873060648801128,5379.0,0,1536.4,1550.0,S1,dqn,0,911
0.08528784648187633,5355.0,0,1376.6,1382.0,S1,dqn,0,912
0.13747454175152748,5504.0,0,1358.0,1359.0,S1,dqn,0,913
0.1369625520110957,5365.0,1,1404.4,1425.0,S1,dqn,0,914
0.10163339382940109,5202.0,1,1563.6,1641.0,S1,dqn,0,915
0.08912331757002546,5310.0,5,1393.0,1414.0,S1,dqn,0,916
0.16847622613253463,4966.0,6,1437.2,1483.0,S1,dqn,0,917
0.1409646739130435,5440.0,0,1443.4,1459.0,S1,dqn,0,918
0.10849577050386171,5185.0,3,1413.6,1422.0,S1,dqn,0,919
0.18006993006993008,5179.0,0,1515.3999999999999,1595.0,S1,dqn,0,920
0.11623475609756098,4950.0,3,1411.4,1418.0,S1,dqn,0,921
0.17549561260968477,5601.2,2,1520.44,1580.0,S1,dqn,0,922
0.20671834625322996,4876.6,0,1292.6,1302.0,S1,dqn,0,923
0.1473922902494331,4929.0,3,1300.4,1305.0,S1,dqn,0,924
0.19724936663047413,4993.0,1,1435.0,1502.0,S1,dqn,0,925
0.17460894870862131,5075.0,5,1347.0,1350.0,S1,dqn,0,926
0.2230769230769231,4597.0,0,1302.8,1316.0,S1,dqn,0,927
0.07655665192242259,5675.0,2,1481.2,1491.0,S1,dqn,0,928
0.14794889038332212,5485.0,1,1535.3999999999999,1568.0,S1,dqn,0,929
0.1715497301464919,4715.0,1,1292.6,1326.0,S1,dqn,0,930
0.0951919974185221,5875.0,0,1630.0,1656.0,S1,dqn,0,931
0.14487632508833923,5272.0,1,1367.0,1369.0,S1,dqn,0,932
0.1350889192886457,5440.0,0,1466.8,1490.0,S1,dqn,0,933
0.08295886622882821,5523.0,0,1623.6,1692.0,S1,dqn,0,934
0.11371973587674249,5144.0,2,1417.8,1447.0,S1,dqn,0,935
0.14213745951781218,5130.0,0,1483.0,1533.0,S1,dqn,0,936
0.10320284697508897,5287.0,0,1553.6,1605.0,S1,dqn,0,937
0.10756676557863501,5079.0,0,1380.6,1409.0,S1,dqn,0,938
0.14937759336099585,4487.0,2,1259.8,1265.0,S1,dqn,0,939
0.1951496779082986,4757.4,1,1402.52,1417.4,S1,dqn,0,940
0.15884221673138016,5198.0,0,1373.6,1380.0,S1,dqn,0,941
0.06969919295671313,5219.0,0,1539.6,1610.0,S1,dqn,0,942
0.1195840554592721,5487.0,7,1706.0,1812.0,S1,dqn,0,943
0.13394565633371602,4883.0,1,1308.2,1319.0,S1,dqn,0,944
0.12615069894306172,5518.0,0,1605.3999999999999,1665.0,S1,dqn,0,945
0.06339401820546164,5914.0,0,1546.0,1563.0,S1,dqn,0,946
0.15526924347538817,5556.0,0,1481.6,1511.0,S1,dqn,0,947
0.16106442577030813,5229.0,0,1431.6,1455.0,S1,dqn,0,948
0.11342846688620563,5113.0,0,1455.3999999999999,1494.0,S1,dqn,0,949
0.14788468738300262,4919.0,0,1330.6,1349.0,S1,dqn,0,950
0.15184778631540433,5018.0,0,1362.8,1391.0,S1,dqn,0,951
0.1525974025974026,5727.0,5,1610.3999999999999,1683.0,S1,dqn,0,952
0.09712230215827339,5337.0,5,1323.4,1331.0,S1,dqn,0,953
0.15495086923658352,4905.0,3,1410.0,1438.0,S1,dqn,0,954
0.19283276450511946,5259.4,0,1529.2,1532.0,S1,dqn,0,955
0.08832188420019627,5891.0,5,1768.2,1778.0,S1,dqn,0,956
0.13110455588331696,5689.0,0,1670.8,1747.0,S1,dqn,0,957
0.15352407536636428,5309.0,2,1441.0,1499.0,S1,dqn,0,958
0.12953367875647667,4750.0,4,1385.0,1461.0,S1,dqn,0,959
0.15186028853454822,4930.0,5,1434.2,1436.0,S1,dqn,0,960
0.13175450300200134,5588.0,1,1473.8,1475.0,S1,dqn,0,961
0.04338394793926247,5369.0,0,1746.3999999999999,1856.0,S1,dqn,0,962
0.12793914246196403,5384.9,0,1478.4,1506.0,S1,dqn,0,963
0.15219155844155843,4581.2,2,1214.46,1223.0,S1,dqn,0,964
0.15781922525107603,5113.0,0,1275.8,1312.0,S1,dqn,0,965
0.17572463768115942,5087.5,3,1457.8,1490.0,S1,dqn,0,966
0.08377896613190731,5487.0,5,1385.2,1394.0,S1,dqn,0,967
0.12844729882886285,5056.0,7,1480.2,1517.0,S1,dqn,0,968
0.10019392372333549,5915.0,4,1628.6,1703.0,S1,dqn,0,969
0.13328255902513328,4909.0,0,1384.8,1413.0,S1,dqn,0,970
0.05293715846994536,5758.0,5,1429.6,1430.0,S1,dqn,0,971
0.16737138830162085,5229.2,2,1432.04,1468.3,S1,dqn,0,972
0.16601213852195645,5096.0,0,1402.0,1405.0,S1,dqn,0,973
0.14094955489614244,4999.0,0,1352.3999999999999,1382.0,S1,dqn,0,974
0.14156079854809436,5092.0,0,1361.6,1381.0,S1,dqn,0,975
0.19080996884735202,4603.0,0,1345.0,1372.0,S1,dqn,0,976
0.14705882352941177,4760.0,0,1347.8,1378.0,S1,dqn,0,977
0.17956312476860423,4924.0,3,1287.4,1303.0,S1,dqn,0,978
0.15008431703204048,5547.0,6,1562.0,1599.0,S1,dqn,0,979
0.1202440775305097,5264.0,2,1431.0,1432.0,S1,dqn,0,980
0.14026988636363635,5229.0,1,1353.0,1355.0,S1,dqn,0,981
0.062248260710362505,5269.0,0,1596.3999999999999,1650.0,S1,dqn,0,982
0.15151515151515152,4664.0,0,1449.8,1571.0,S1,dqn,0,983
0.1708542713567839,5437.0,0,1530.0,1541.0,S1,dqn,0,984
0.1637366425370562,5284.0,0,1429.3999999999999,1476.0,S1,dqn,0,985
0.10376134889753567,5845.0,0,1515.6,1535.0,S1,dqn,0,986
0.139367366113373,5898.0,0,1606.6,1644.0,S1,dqn,0,987
0.06756756756756757,5707.0,0,1577.6,1582.0,S1,dqn,0,988
0.11246312684365782,5146.0,2,1330.6,1371.0,S1,dqn,0,989
0.164552622557422,5346.0,1,1451.6,1455.0,S1,dqn,0,990
0.11380057803468208,5193.0,1,1342.6,1357.0,S1,dqn,0,991
0.1504548635409377,5243.0,0,1474.0,1523.0,S1,dqn,0,992
0.19111969111969113,4702.0,0,1321.6,1366.0,S1,dqn,0,993
0.19625495138638818,4976.7,0,1427.2,1492.0,S1,dqn,0,994
0.17857142857142858,5209.2,1,1503.2,1560.0,S1,dqn,0,995
0.12543664655446174,5895.0,2,1607.6,1618.0,S1,dqn,0,996
0.13579387186629527,5336.0,0,1401.8,1410.0,S1,dqn,0,997
0.12020905923344948,5373.7,1,1327.34,1338.0,S1,dqn,0,998
0.1024454725710509,5714.0,0,1415.2,1432.0,S1,dqn,0,999
0.12495119094103865,4834.0,3,1538.1999999999998,1643.0,S1,dqn,1,0
0.1006036217303823,5636.0,0,1523.4,1535.0,S1,dqn,1,1
0.13778784446961118,4890.8,0,1485.96,1556.0,S1,dqn,1,2
0.14450867052023122,4852.0,3,1366.8,1428.0,S1,dqn,1,3
0.09955372468245795,5518.0,0,1469.8,1478.0,S1,dqn,1,4
0.11762640449438203,5373.0,1,1447.6,1451.0,S1,dqn,1,5
0.09797622871827819,5928.0,2,1654.6,1686.0,S1,dqn,1,6
0.1343804537521815,5347.0,2,1521.0,1524.0,S1,dqn,1,7
0.09693679720822024,4955.0,3,1350.2,1360.0,S1,dqn,1,8
0.08300252616383977,5289.0,1,1587.6,1671.0,S1,dqn,1,9
0.09764918625678119,5347.0,7,1509.0,1534.0,S1,dqn,1,10
0.13971358714635,5328.0,2,1490.8,1497.0,S1,dqn,1,11
0.1018867924528302,5027.0,0,1232.0,1237.0,S1,dqn,1,12
0.11103400416377515,5416.0,0,1463.2,1501.0,S1,dqn,1,13
0.10057909174032308,6204.0,0,1584.4,1591.0,S1,dqn,1,14
0.10149368058215243,4969.0,2,1344.2,1355.0,S1,dqn,1,15
0.12285012285012285,5410.0,4,1679.6,1711.0,S1,dqn,1,16
0.1516360734237829,4614.0,0,1191.4,1196.0,S1,dqn,1,17
0.1461038961038961,4565.0,0,1379.0,1473.0,S1,dqn,1,18
0.10357500835282325,5683.0,2,1616.3999999999999,1646.0,S1,dqn,1,19
0.12096774193548387,5366.0,1,1295.4,1304.0,S1,dqn,1,20
0.09453781512605042,5419.0,0,1458.6,1477.0,S1,dqn,1,21
0.13420509291121818,5394.0,1,1612.3999999999999,1653.0,S1,dqn,1,22
0.13523956723338484,4878.0,5,1233.2,1235.0,S1,dqn,1,23
0.10503501167055686,5745.0,6,1634.6,1703.0,S1,dqn,1,24
0.1002313030069391,4905.0,0,1308.0,1321.0,S1,dqn,1,25
0.10630758327427356,5316.0,0,1440.4,1451.0,S1,dqn,1,26
0.10608203677510608,5374.5,2,1449.8,1466.0,S1,dqn,1,27
0.1274002954209749,5048.0,1,1425.3999999999999,1456.0,S1,dqn,1,28
0.11000343760742523,5480.0,0,1528.6,1549.0,S1,dqn,1,29
0.13385826771653545,4697.0,0,1370.6,1408.0,S1,dqn,1,30
0.1377952755905512,5200.0,2,1392.2,1412.0,S1,dqn,1,31
0.1174496644295302,5071.0,2,1559.0,1628.0,S1,dqn,1,32
0.13394495412844037,5042.0,0,1367.4,1384.0,S1,dqn,1,33
0.13016596160104132,5753.0,3,1486.4,1493.0,S1,dqn,1,34
0.10406176569318563,5620.0,0,1566.2,1567.0,S1,dqn,1,35
0.10024621878297572,5373.0,0,1425.2,1432.0,S1,dqn,1,36
0.09828904259191845,5186.0,0,1516.0,1587.0,S1,dqn,1,37
0.12463872832369942,5203.0,3,1461.6,1501.0,S1,dqn,1,38
0.11181513231457324,5038.0,0,1551.6,1658.0,S1,dqn,1,39
0.10335917312661498,5130.0,0,1507.1999999999998,1589.0,S1,dqn,1,40
0.11774744027303755,5502.0,1,1439.0,1465.0,S1,dqn,1,41
0.10511452776906181,6056.6,2,2077.6,2221.0,S1,dqn,1,42
0.09640522875816994,5812.0,0,1601.8,1660.0,S1,dqn,1,43
0.10511054729974628,5280.0,4,1458.2,1467.0,S1,dqn,1,44
0.11584327086882454,5492.0,0,1603.0,1653.0,S1,dqn,1,45
0.11784511784511785,5043.0,2,1398.0,1407.0,S1,dqn,1,46
0.15310077519379844,4752.0,0,1319.6,1393.0,S1,dqn,1,47
0.13735137351373514,4545.0,2,1288.4,1313.0,S1,dqn,1,48
0.10371819960861056,4852.0,0,1430.8,1468.0,S1,dqn,1,49
0.13376570733684637,4591.0,1,1276.4,1288.0,S1,dqn,1,50
0.15370018975332067,4822.0,0,1479.3999999999999,1580.0,S1,dqn,1,51
0.11721611721611722,5132.0,2,1494.6,1543.0,S1,dqn,1,52
0.12021036814425244,4966.0,0,1374.2,1419.0,S1,dqn,1,53
0.08151231356226153,5573.1,4,1623.3999999999999,1654.0,S1,dqn,1,54
0.08626760563380281,5442.0,1,1413.8,1418.0,S1,dqn,1,55
0.11702849389416553,5558.0,3,1658.1999999999998,1727.0,S1,dqn,1,56
0.1551355206847361,5185.3,3,1367.6,1380.0,S1,dqn,1,57
0.10972316002700878,5556.0,0,1628.6,1694.0,S1,dqn,1,58
0.1230712711241734,5106.0,1,1445.3999999999999,1478.0,S1,dqn,1,59
0.14909090909090908,5097.0,3,1413.8,1457.0,S1,dqn,1,60
0.11528449237634808,5045.0,0,1341.4,1349.0,S1,dqn,1,61
0.1375968992248062,4782.0,0,1319.0,1345.0,S1,dqn,1,62
0.12082158679017317,4673.0,2,1248.2,1304.0,S1,dqn,1,63
0.09330223258913696,5739.0,3,1603.2,1624.0,S1,dqn,1,64
0.08077544426494346,5917.0,0,1692.3999999999999,1753.0,S1,dqn,1,65
0.13721185510428102,5078.0,2,1498.0,1544.0,S1,dqn,1,66
0.12135001896094046,4941.0,2,1420.3999999999999,1511.0,S1,dqn,1,67
0.09925558312655088,5359.0,2,1448.6,1472.0,S1,dqn,1,68
0.11524822695035461,5292.0,0,1594.2,1645.0,S1,dqn,1,69
0.10883280757097792,5972.0,0,1637.0,1699.0,S1,dqn,1,70
0.11773642233194075,4943.0,1,1196.4,1217.0,S1,dqn,1,71
0.09687287559483344,5591.0,0,1421.0,1432.0,S1,dqn,1,72
0.109794353433252,5405.0,0,1515.6,1573.0,S1,dqn,1,73
0.12544100352802823,4794.0,2,1359.0,1394.0,S1,dqn,1,74
0.11359724612736662,5497.0,2,1395.6,1402.0,S1,dqn,1,75
0.10394644115574349,5428.0,1,1515.6,1528.0,S1,dqn,1,76
0.14590347923681257,5073.0,9,1369.6,1402.0,S1,dqn,1,77
0.1502843216896832,4511.0,0,1350.8,1400.0,S1,dqn,1,78
0.13708019191226867,5433.0,1,1907.8,2057.0,S1,dqn,1,79
0.14505417686123734,5299.0,2,1452.8,1524.0,S1,dqn,1,80
0.1456133964324718,5076.0,1,1402.0,1428.0,S1,dqn,1,81
0.12039660056657224,5280.7,0,1517.8,1572.0,S1,dqn,1,82
0.15324305060584462,5199.0,2,1462.6,1468.0,S1,dqn,1,83
0.14341846758349705,4767.0,4,1319.2,1323.0,S1,dqn,1,84
0.13900080580177276,4611.0,0,1381.0,1466.0,S1,dqn,1,85
0.12339242266249566,5401.0,2,1466.3999999999999,1499.0,S1,dqn,1,86
0.1267605633802817,5347.0,3,1493.2,1529.0,S1,dqn,1,87
0.13222849083215796,5259.0,0,1434.8,1447.0,S1,dqn,1,88
0.09556437071763434,5273.0,0,1404.0,1428.0,S1,dqn,1,89
0.14961725817675714,5290.0,1,1598.0,1697.0,S1,dqn,1,90
0.16140475345867328,5175.0,0,1311.2,1318.0,S1,dqn,1,91
0.1280323450134771,5533.0,0,1460.4,1465.0,S1,dqn,1,92
0.14380918975797966,5404.0,8,1378.3999999999999,1419.0,S1,dqn,1,93
0.13226649248856956,5736.0,3,1572.6,1588.0,S1,dqn,1,94
0.1397459165154265,5112.0,1,1248.4,1263.0,S1,dqn,1,95
0.1530993278566094,4918.0,0,1484.6,1561.0,S1,dqn,1,96
0.15186028853454822,4915.0,4,1296.6,1319.0,S1,dqn,1,97
0.13859649122807016,5307.0,1,1368.8,1371.0,S1,dqn,1,98
0.1244343891402715,4971.0,0,1263.4,1268.0,S1,dqn,1,99
0.15086206896551724,5215.0,3,1566.0,1591.0,S1,dqn,1,100
0.13330829891100263,5008.0,1,1433.2,1450.0,S1,dqn,1,101
0.14285714285714285,5042.0,0,1355.4,1371.0,S1,dqn,1,102
0.17391304347826086,5022.0,0,1395.4,1400.0,S1,dqn,1,103
0.16180654338549075,5152.0,0,1382.8,1398.0,S1,dqn,1,104
0.1651440618411806,5179.0,0,1493.6,1507.0,S1,dqn,1,105
0.13226649248856956,5691.0,0,1573.2,1587.0,S1,dqn,1,106
0.15034168564920272,4913.5,3,1357.0,1372.0,S1,dqn,1,107
0.14774494556765164,4801.0,3,1344.8,1355.0,S1,dqn,1,108
0.1320901320901321,4850.0,3,1224.2,1226.0,S1,dqn,1,109
0.1368849426563078,5063.0,3,1432.4,1457.0,S1,dqn,1,110
0.12339585389930899,5700.0,1,1386.6,1398.0,S1,dqn,1,111
0.1332263242375602,5837.0,2,1626.6,1645.0,S1,dqn,1,112
0.19284294234592445,4562.0,2,1175.2,1188.0,S1,dqn,1,113
0.1790801790801791,4466.0,1,1093.8,1106.0,S1,dqn,1,114
0.18546845124282982,4813.4,6,1378.2,1431.0,S1,dqn,1,115
0.1263952724885095,5679.0,0,1388.6,1415.0,S1,dqn,1,116
0.13130615065653076,5395.0,1,1344.6,1352.0,S1,dqn,1,117
0.15589782118707737,4896.0,0,1266.6,1270.0,S1,dqn,1,118
0.2229950900163666,4315.0,0,1246.0,1265.0,S1,dqn,1,119
0.15827612509534705,4797.4,0,1250.8,1274.0,S1,dqn,1,120
0.17425742574257425,4627.0,2,1377.6,1413.0,S1,dqn,1,121
0.12426648256817398,5421.0,0,1519.0,1550.0,S1,dqn,1,122
0.14097744360902256,4922.0,0,1247.8,1274.0,S1,dqn,1,123
0.13856812933025403,4873.0,3,1249.6,1287.0,S1,dqn,1,124
0.14178033022254127,5244.0,6,1375.0,1381.0,S1,dqn,1,125
0.14933628318584072,5011.0,2,1343.0,1409.0,S1,dqn,1,126
0.13569220199244245,5474.0,2,1655.3999999999999,1716.0,S1,dqn,1,127
0.1440874461742299,5630.0,3,1568.2,1573.0,S1,dqn,1,128
0.1366120218579235,4766.0,0,1337.2,1375.0,S1,dqn,1,129
0.14799154334038056,5248.0,0,1432.4,1442.0,S1,dqn,1,130
0.15250901935060676,5590.0,0,1543.2,1561.0,S1,dqn,1,131
0.1595553961993546,5090.0,0,1327.4,1354.0,S1,dqn,1,132
0.1421875,6042.0,5,1527.8,1570.0,S1,dqn,1,133
0.1380006731740155,5549.0,3,1577.0,1645.0,S1,dqn,1,134
0.18791946308724833,4092.0,3,1083.8,1125.0,S1,dqn,1,135
0.18063314711359404,4892.0,0,1344.4,1361.0,S1,dqn,1,136
0.1478102189781022,5052.0,0,1319.8,1335.0,S1,dqn,1,137
0.12486992715920915,5443.0,2,1469.3999999999999,1516.0,S1,dqn,1,138
0.1695501730103806,5332.0,4,1226.2,1231.0,S1,dqn,1,139
0.16206261510128914,4977.0,1,1459.6,1554.0,S1,dqn,1,140
0.10886715052066898,6000.0,2,1545.0,1561.0,S1,dqn,1,141
0.15575221238938053,5187.0,0,1265.2,1268.0,S1,dqn,1,142
0.15596988167802078,5305.1,10,1419.82,1420.0,S1,dqn,1,143
0.14732630047289924,5070.0,0,1508.3999999999999,1542.0,S1,dqn,1,144
0.15421521590130227,5348.6,0,1469.6,1476.0,S1,dqn,1,145
0.19931662870159453,4720.0,0,1486.2,1502.0,S1,dqn,1,146
0.15825320512820512,4679.0,4,1440.3999999999999,1523.0,S1,dqn,1,147
0.1280388978930308,5737.0,0,1461.6,1469.0,S1,dqn,1,148
0.11490368367691788,5576.2,0,1580.8,1605.0,S1,dqn,1,149
0.13984806629834254,5424.0,1,1565.2,1622.0,S1,dqn,1,150
0.16111111111111112,5027.0,4,1348.4,1368.0,S1,dqn,1,151
0.15653775322283608,5002.0,0,1399.0,1427.0,S1,dqn,1,152
0.1457321304649549,5331.0,0,1532.3999999999999,1604.0,S1,dqn,1,153
0.15894955079474776,5310.0,1,1637.1999999999998,1750.0,S1,dqn,1,154
0.11506935687263556,5971.0,0,1671.6,1757.0,S1,dqn,1,155
0.1467034863652054,5326.0,0,1422.4,1439.0,S1,dqn,1,156
0.13335704125177808,5341.0,5,1364.8,1375.0,S1,dqn,1,157
0.16356749311294766,5380.0,1,1514.4,1520.0,S1,dqn,1,158
0.14385964912280702,5287.0,1,1523.2,1535.0,S1,dqn,1,159
0.1179890560875513,5520.0,2,1535.3999999999999,1589.0,S1,dqn,1,160
0.14918190567853706,5792.9,3,1534.18,1572.0,S1,dqn,1,161
0.16051660516605165,4972.0,0,1450.0,1495.0,S1,dqn,1,162
0.15070921985815602,5192.0,0,1321.0,1327.0,S1,dqn,1,163
0.18410852713178294,4682.0,1,1224.2,1269.0,S1,dqn,1,164
0.14848181514848183,5531.0,0,1438.4,1446.0,S1,dqn,1,165
0.13823208439432522,5110.0,2,1560.8,1645.0,S1,dqn,1,166
0.15970961887477314,5062.0,1,1403.3999999999999,1438.0,S1,dqn,1,167
0.15072083879423329,5631.0,1,1521.2,1530.0,S1,dqn,1,168
0.11532125205930807,5727.0,0,1432.2,1453.0,S1,dqn,1,169
0.17049666419570053,4913.0,0,1423.2,1485.0,S1,dqn,1,170
0.1263051532502526,5590.0,2,1465.4,1493.0,S1,dqn,1,171
0.1558130243707551,4598.0,0,1254.3999999999999,1308.0,S1,dqn,1,172
0.13376227565187945,5533.0,2,1306.6,1321.0,S1,dqn,1,173
0.17285298398835516,4998.0,0,1428.0,1431.0,S1,dqn,1,174
0.1843817787418655,4979.0,0,1440.0,1485.0,S1,dqn,1,175
0.1422981145499822,5229.0,2,1432.8,1436.0,S1,dqn,1,176
0.13637913399249915,5483.0,1,1434.6,1438.0,S1,dqn,1,177
0.14118457300275483,5395.0,0,1624.8,1669.0,S1,dqn,1,178
0.1429618768328446,5043.0,1,1580.6,1642.0,S1,dqn,1,179
0.15979381443298968,5402.0,3,1471.3999999999999,1507.0,S1,dqn,1,180
0.12916383412644458,5491.0,1,1570.2,1602.0,S1,dqn,1,181
0.13049696102967465,5216.0,0,1490.6,1558.0,S1,dqn,1,182
0.1466075690419366,5423.0,0,1327.8,1330.0,S1,dqn,1,183
0.1418942887548776,5235.0,0,1360.2,1370.0,S1,dqn,1,184
0.14055472263868066,5013.0,4,1457.0,1470.0,S1,dqn,1,185
0.11754966887417219,5767.0,5,1854.3999999999999,1945.0,S1,dqn,1,186
0.11998628728145355,5471.0,1,1395.4,1406.0,S1,dqn,1,187
0.16809861785580874,5021.0,7,1413.3999999999999,1464.0,S1,dqn,1,188
0.14589337175792508,5179.7,0,1405.3999999999999,1439.0,S1,dqn,1,189
0.1972591362126246,4338.0,0,1206.2,1227.0,S1,dqn,1,190
0.09803921568627451,5777.0,0,1611.8,1659.0,S1,dqn,1,191
0.1125,5317.0,4,1557.0,1606.0,S1,dqn,1,192
0.15600127347978351,5769.0,0,1380.0,1404.0,S1,dqn,1,193
0.17303532804614274,5065.0,0,1315.4,1325.0,S1,dqn,1,194
0.15339663988312638,5073.0,2,1375.0,1441.0,S1,dqn,1,195
0.17108167770419427,4958.0,2,1415.8,1424.0,S1,dqn,1,196
0.12291831879460745,4691.0,0,1368.3999999999999,1442.0,S1,dqn,1,197
0.10994587280108255,5594.0,1,1509.8,1562.0,S1,dqn,1,198
0.13286242852337707,5533.5,0,1471.4,1489.0,S1,dqn,1,199
0.1290646999664767,5573.0,0,1362.4,1366.0,S1,dqn,1,200
0.14466546112115733,5142.0,2,1214.8,1225.0,S1,dqn,1,201
0.16845329249617153,4801.0,3,1436.8,1486.0,S1,dqn,1,202
0.1587005227781927,4893.0,0,1408.0,1430.0,S1,dqn,1,203
0.13133208255159476,5047.0,4,1396.8,1404.0,S1,dqn,1,204
0.14814814814814814,4777.6,3,1330.3999999999999,1362.0,S1,dqn,1,205
0.16399162595952546,5239.0,0,1323.6,1325.0,S1,dqn,1,206
0.16750096264921063,4726.0,0,1419.0,1446.0,S1,dqn,1,207
0.1355275895450145,5785.0,2,1555.2,1579.0,S1,dqn,1,208
0.1393188854489164,5441.0,3,1495.6,1500.0,S1,dqn,1,209
0.13677811550151975,4886.0,0,1353.6,1378.0,S1,dqn,1,210
0.11833333333333333,5702.0,4,1570.8,1571.0,S1,dqn,1,211
0.14844315713251266,5151.0,3,1505.0,1542.0,S1,dqn,1,212
0.14860797592174568,4896.6,0,1381.08,1436.6,S1,dqn,1,213
0.16411378555798686,5076.0,3,1416.0,1474.0,S1,dqn,1,214
0.11183261183261184,5236.0,0,1434.0,1478.0,S1,dqn,1,215
0.16205389657683905,5039.0,0,1300.2,1326.0,S1,dqn,1,216
0.09840674789128398,6089.0,0,1732.3999999999999,1810.0,S1,dqn,1,217
0.1462663587374904,4843.7,2,1336.8,1381.0,S1,dqn,1,218
0.11127596439169139,5149.0,3,1274.0,1278.0,S1,dqn,1,219
0.15816326530612246,5372.0,0,1535.6,1592.0,S1,dqn,1,220
0.1305393335623497,5439.0,0,1535.0,1572.0,S1,dqn,1,221
0.10015117157974301,4989.0,0,1422.8,1501.0,S1,dqn,1,222
0.15328223925358214,5514.0,0,1411.0,1413.0,S1,dqn,1,223
0.13513513513513514,5522.0,2,1841.8,1974.0,S1,dqn,1,224
0.14700477765527378,5109.0,5,1459.2,1487.0,S1,dqn,1,225
0.1172909572455543,5063.0,6,1558.8,1636.0,S1,dqn,1,226
0.1046603475513428,4786.0,2,1257.6,1288.0,S1,dqn,1,227
0.13389830508474576,5547.0,5,1438.0,1440.0,S1,dqn,1,228
0.14099037138927098,5458.0,2,1540.2,1580.0,S1,dqn,1,229
0.15512265512265513,5071.0,0,1408.8,1427.0,S1,dqn,1,230
0.17337807606263983,4932.2,3,1359.0,1374.0,S1,dqn,1,231
0.128112594731144,5169.0,1,1389.4,1417.0,S1,dqn,1,232
0.12402551381998582,5251.0,0,1480.8,1516.0,S1,dqn,1,233
0.17705141300646918,5331.0,0,1365.0,1382.0,S1,dqn,1,234
0.2045643153526971,4321.2,1,1205.6,1254.0,S1,dqn,1,235
0.12142381902860945,5684.0,2,1477.0,1477.0,S1,dqn,1,236
0.11733154542406973,5603.0,0,1493.2,1511.0,S1,dqn,1,237
0.15847347994825356,5756.0,4,1651.3999999999999,1761.0,S1,dqn,1,238
0.11523046092184369,5695.0,4,1503.8,1525.0,S1,dqn,1,239
0.1320361362056984,5368.0,1,1522.3999999999999,1598.0,S1,dqn,1,240
0.16449885233358838,4770.6,1,1297.3999999999999,1332.0,S1,dqn,1,241
0.09154929577464789,5427.0,0,1481.3999999999999,1518.0,S1,dqn,1,242
0.17094017094017094,4894.0,1,1339.0,1345.0,S1,dqn,1,243
0.13634665670526708,4951.0,0,1329.4,1331.0,S1,dqn,1,244
0.1316291491797024,4944.0,4,1439.8,1474.0,S1,dqn,1,245
0.16387726638772665,5238.0,1,1412.6,1474.0,S1,dqn,1,246
0.1684981684981685,4982.0,1,1398.6,1416.0,S1,dqn,1,247
0.0991263440860215,5614.0,0,1306.0,1311.0,S1,dqn,1,248
0.14347984017435525,5073.0,0,1384.6,1392.0,S1,dqn,1,249
0.1457614115841964,4941.0,7,1333.3999999999999,1391.0,S1,dqn,1,250
0.1357142857142857,5212.2,0,1245.24,1255.0,S1,dqn,1,251
0.17015242821694435,5159.0,1,1488.3999999999999,1528.0,S1,dqn,1,252
0.19701810436634717,5056.0,0,1324.4,1326.0,S1,dqn,1,253
0.18019657808518383,5016.0,2,1268.0,1283.0,S1,dqn,1,254
0.16562384983437614,4996.0,2,1364.4,1375.0,S1,dqn,1,255
0.16605839416058393,5079.3,3,1374.2,1376.0,S1,dqn,1,256
0.130568356374808,4900.0,4,1479.0,1517.0,S1,dqn,1,257
0.1010996807378503,5480.0,8,1607.8,1693.0,S1,dqn,1,258
0.18370073480293922,5415.0,0,1606.0,1672.0,S1,dqn,1,259
0.1252302025782689,5072.0,1,1300.6,1311.0,S1,dqn,1,260
0.09936005389019872,5650.0,1,1545.0,1547.0,S1,dqn,1,261
0.11857047428189713,5590.0,0,1566.3999999999999,1609.0,S1,dqn,1,262
0.07872638208537439,5588.0,9,1614.0,1691.0,S1,dqn,1,263
0.13183279742765272,5818.6,0,1548.8,1566.0,S1,dqn,1,264
0.07989773090444231,6035.0,1,1563.6,1570.0,S1,dqn,1,265
0.1425661914460285,5429.0,0,1606.6,1664.0,S1,dqn,1,266
0.11891062523973916,4901.0,1,1259.6,1283.0,S1,dqn,1,267
0.13601928374655647,5401.4,0,1396.28,1398.0,S1,dqn,1,268
0.1520979020979021,5247.0,0,1562.8,1656.0,S1,dqn,1,269
0.11973735032831209,4875.0,2,1350.2,1375.0,S1,dqn,1,270
0.1369647355163728,5889.0,0,1520.6,1539.0,S1,dqn,1,271
0.13107305138063613,5325.0,1,1437.6,1490.0,S1,dqn,1,272
0.10432190760059612,5050.0,0,1289.4,1297.0,S1,dqn,1,273
0.11258955987717502,5614.0,4,1453.6,1472.0,S1,dqn,1,274
0.14217134416543575,5013.0,0,1390.8,1425.0,S1,dqn,1,275
0.06737072104879825,5304.0,0,1444.0,1461.0,S1,dqn,1,276
0.15044939429464635,4710.0,0,1335.2,1381.0,S1,dqn,1,277
0.08028904054596547,4779.0,2,1478.0,1555.0,S1,dqn,1,278
0.13331024930747923,5383.0,1,1464.6,1496.0,S1,dqn,1,279
0.11396468699839486,5832.0,0,1610.0,1655.0,S1,dqn,1,280
0.1878453038674033,4942.0,3,1354.4,1376.0,S1,dqn,1,281
0.14556040756914118,5093.0,0,1466.8,1469.0,S1,dqn,1,282
0.13129440840284215,6071.0,2,1508.4,1522.0,S1,dqn,1,283
0.13321492007104796,5222.5,0,1393.4,1406.0,S1,dqn,1,284
0.11128284389489954,6197.0,6,1833.2,1840.0,S1,dqn,1,285
0.11043153244988108,5534.1,0,1548.4,1549.0,S1,dqn,1,286
0.14431538190777896,5259.0,1,1343.6,1368.0,S1,dqn,1,287
0.11118955171196611,5378.0,4,1287.4,1294.0,S1,dqn,1,288
0.1724137931034483,4772.0,2,1413.4,1417.0,S1,dqn,1,289
0.16597510373443983,4824.5,0,1426.1999999999998,1504.0,S1,dqn,1,290
0.12356733524355301,5236.0,1,1399.4,1409.0,S1,dqn,1,291
0.12276394247632409,5454.0,7,1566.8,1659.0,S1,dqn,1,292
0.13691683569979715,5508.0,0,1644.8,1736.0,S1,dqn,1,293
0.1656441717791411,4532.0,2,1211.2,1228.0,S1,dqn,1,294
0.11593242795627691,5740.0,4,1667.3999999999999,1725.0,S1,dqn,1,295
0.17882947976878613,5018.7,0,1316.0,1319.0,S1,dqn,1,296
0.12997243009058684,4745.0,0,1343.6,1350.0,S1,dqn,1,297
0.17765495459928937,4573.0,0,1248.2,1286.0,S1,dqn,1,298
0.10197678067147788,6036.0,1,1746.8,1829.0,S1,dqn,1,299
0.18969072164948453,4432.0,2,1158.0,1160.0,S1,dqn,1,300
0.16782407407407407,4721.0,0,1280.6,1308.0,S1,dqn,1,301
0.11561721807186055,5299.0,2,1511.6,1561.0,S1,dqn,1,302
0.1282952548330404,5327.0,0,1386.0,1412.0,S1,dqn,1,303
0.1288244766505636,5767.0,0,1493.6,1522.0,S1,dqn,1,304
0.11908871246116673,5491.0,2,1464.3999999999999,1503.0,S1,dqn,1,305
0.09673748103186647,5034.2,4,1647.0,1715.0,S1,dqn,1,306
0.1780359820089955,4823.4,0,1169.48,1192.0,S1,dqn,1,307
0.11607142857142858,5257.0,0,1373.0,1374.0,S1,dqn,1,308
0.15596988167802078,5110.0,0,1383.3999999999999,1431.0,S1,dqn,1,309
0.07887649095806079,5010.0,0,1341.0,1360.0,S1,dqn,1,310
0.1927710843373494,4487.0,0,1146.0,1153.0,S1,dqn,1,311
0.10378305992634751,5646.0,1,1474.4,1495.0,S1,dqn,1,312
0.049983338887037654,5814.0,0,1767.6,1818.0,S1,dqn,1,313
0.11786188579017265,5681.0,3,1665.6,1675.0,S1,dqn,1,314
0.13153217205830076,5273.0,4,1542.8,1605.0,S1,dqn,1,315
0.11068834313386372,5459.0,0,1387.8,1388.0,S1,dqn,1,316
0.14371657754010694,5591.0,4,1443.6,1466.0,S1,dqn,1,317
0.15776699029126215,5310.0,0,1397.4,1418.0,S1,dqn,1,318
0.143387314439946,5480.0,0,1534.2,1537.0,S1,dqn,1,319
0.18524991261796575,5149.0,0,1430.2,1476.0,S1,dqn,1,320
0.16263100831225152,5101.0,0,1283.2,1290.0,S1,dqn,1,321
0.15601503759398497,4892.0,1,1298.6,1300.0,S1,dqn,1,322
0.16946129147342134,5173.0,2,1409.6,1434.0,S1,dqn,1,323
0.14985380116959066,5079.0,1,1375.2,1406.0,S1,dqn,1,324
0.15419265419265418,5334.0,3,1433.6,1459.0,S1,dqn,1,325
0.17045454545454544,4364.6,2,1233.0,1260.0,S1,dqn,1,326
0.13820522529344945,4874.0,0,1299.6,1322.0,S1,dqn,1,327
0.12056493282810886,5498.0,3,1435.8,1462.0,S1,dqn,1,328
0.16387845681119836,5355.0,0,1638.0,1735.0,S1,dqn,1,329
0.15070583746661578,4844.2,0,1205.6,1210.0,S1,dqn,1,330
0.09242144177449169,5277.0,10,1513.8,1541.0,S1,dqn,1,331
0.08237232289950576,5787.0,0,1585.8,1607.0,S1,dqn,1,332
0.13341543513957307,4561.1,1,1293.2,1302.0,S1,dqn,1,333
0.10060007059654077,5388.0,2,1535.6,1628.0,S1,dqn,1,334
0.13689907672715695,5829.0,0,1754.6,1766.0,S1,dqn,1,335
0.17683637776914107,4683.0,0,1251.2,1257.0,S1,dqn,1,336
0.1425891181988743,4957.0,2,1510.0,1560.0,S1,dqn,1,337
0.1559879235155988,5534.0,4,1518.0,1530.0,S1,dqn,1,338
0.17725258493353027,4923.7,1,1386.8,1418.0,S1,dqn,1,339
0.1397808840196449,4881.0,0,1294.0,1319.0,S1,dqn,1,340
0.1681109185441941,5337.0,1,1434.3999999999999,1483.0,S1,dqn,1,341
0.08874689385871494,5356.0,0,1462.0,1510.0,S1,dqn,1,342
0.13246268656716417,4982.0,0,1431.6,1445.0,S1,dqn,1,343
0.13518518518518519,5002.0,0,1406.0,1472.0,S1,dqn,1,344
0.09757860498735092,5241.0,0,1624.3999999999999,1690.0,S1,dqn,1,345
0.14771877337322364,4910.0,0,1303.6,1315.0,S1,dqn,1,346
0.12944983818770225,5200.4,1,1499.0,1513.0,S1,dqn,1,347
0.1370100589663545,5378.0,2,1493.2,1494.0,S1,dqn,1,348
0.16374714394516374,4879.5,4,1355.4,1365.0,S1,dqn,1,349
0.1769746646795827,4950.0,4,1258.4,1286.0,S1,dqn,1,350
0.11653313911143481,5219.0,4,1376.0,1414.0,S1,dqn,1,351
0.08029441284710606,5695.0,0,1492.2,1522.0,S1,dqn,1,352
0.1156271899088998,5390.0,3,1365.2,1377.0,S1,dqn,1,353
0.11627906976744186,6062.0,0,1649.6,1653.0,S1,dqn,1,354
0.19635627530364372,4427.0,0,1225.8,1245.0,S1,dqn,1,355
0.1389866291344124,5266.0,0,1579.2,1631.0,S1,dqn,1,356
0.08554176450855418,5694.0,0,1539.8,1561.0,S1,dqn,1,357
0.10068259385665529,5612.0,2,1354.0,1359.0,S1,dqn,1,358
0.16231474947071278,5176.0,0,1298.6,1303.0,S1,dqn,1,359
0.11403169694626981,4871.0,0,1156.2,1173.0,S1,dqn,1,360
0.1210564930300807,5179.0,4,1596.6,1724.0,S1,dqn,1,361
0.1667789757412399,5493.0,5,1661.6,1744.0,S1,dqn,1,362
0.23222940226171243,4371.0,2,1117.6,1119.0,S1,dqn,1,363
0.11619840443981963,5453.0,1,1445.2,1453.0,S1,dqn,1,364
0.17326732673267325,5248.0,3,1375.6,1405.0,S1,dqn,1,365
0.1686401148188016,5121.0,0,1373.0,1411.0,S1,dqn,1,366
0.13436345314074571,5546.0,0,1553.6,1594.0,S1,dqn,1,367
0.12491077801570306,5261.0,1,1628.3999999999999,1727.0,S1,dqn,1,368
0.1793103448275862,5237.0,0,1491.6,1591.0,S1,dqn,1,369
0.10672937771345875,5265.0,1,1515.3999999999999,1578.0,S1,dqn,1,370
0.10431918008784773,5226.0,3,1445.4,1461.0,S1,dqn,1,371
0.16602586508213912,5284.4,0,1443.32,1482.4,S1,dqn,1,372
0.11789924973204716,5400.0,8,1428.6,1440.0,S1,dqn,1,373
0.17555705604321403,5491.0,8,1440.3999999999999,1480.0,S1,dqn,1,374
0.14380165289256197,5612.0,0,1379.8,1392.0,S1,dqn,1,375
0.1446824502066892,4919.0,1,1421.4,1442.0,S1,dqn,1,376
0.12962256957682045,4943.0,2,1343.4,1362.0,S1,dqn,1,377
0.14731673097158893,5279.0,0,1299.4,1316.0,S1,dqn,1,378
0.21706586826347304,4721.0,0,1199.6,1203.0,S1,dqn,1,379
0.07536764705882353,5242.0,3,1607.0,1697.0,S1,dqn,1,380
0.13983506633201864,5255.0,6,1560.3999999999999,1640.0,S1,dqn,1,381
0.09562841530054644,4836.0,0,1259.6,1279.0,S1,dqn,1,382
0.14522821576763487,4894.0,1,1325.2,1350.0,S1,dqn,1,383
0.145997375328084,5623.0,1,1764.6,1877.0,S1,dqn,1,384
0.07432922407541696,5303.0,1,1398.4,1414.0,S1,dqn,1,385
0.09040880503144653,4990.0,11,1454.0,1487.0,S1,dqn,1,386
0.13703208556149732,5541.0,0,1602.8,1612.0,S1,dqn,1,387
0.10286554004408523,5131.0,0,1378.6,1415.0,S1,dqn,1,388
0.17618040873854826,5178.0,2,1411.2,1430.0,S1,dqn,1,389
0.1198140200286123,5259.0,2,1486.8,1539.0,S1,dqn,1,390
0.09117082533589252,5959.0,1,1674.2,1700.0,S1,dqn,1,391
0.10024621878297572,5363.0,0,1706.8,1792.0,S1,dqn,1,392
0.16052720513687058,5425.0,1,1474.3999999999999,1514.0,S1,dqn,1,393
0.17431519032372822,5209.0,6,1364.0,1407.0,S1,dqn,1,394
0.14412416851441243,4999.5,1,1595.6,1687.0,S1,dqn,1,395
0.17162944582299422,4403.0,0,1287.6,1302.0,S1,dqn,1,396
0.09969325153374232,4953.0,1,1268.4,1278.0,S1,dqn,1,397
0.08247800586510264,5228.0,1,1416.6,1429.0,S1,dqn,1,398
0.17345907713034692,5425.0,0,1379.6,1395.0,S1,dqn,1,399
0.047957371225577264,5527.0,1,1456.0,1494.0,S1,dqn,1,400
0.19080996884735202,4651.4,0,1358.8,1420.0,S1,dqn,1,401
0.15389762462361994,5511.7,1,1601.4,1608.0,S1,dqn,1,402
0.10332749562171628,5407.0,2,1459.0,1470.0,S1,dqn,1,403
0.12235817575083426,5052.1,0,1478.0,1545.0,S1,dqn,1,404
0.14858096828046743,5522.0,0,1528.6,1554.0,S1,dqn,1,405
0.11136216914138154,5868.0,4,1551.6,1552.0,S1,dqn,1,406
0.09803921568627451,5914.0,0,1634.8,1635.0,S1,dqn,1,407
0.19524617996604415,5334.1,1,1306.08,1310.1,S1,dqn,1,408
0.13604240282685512,5267.0,1,1434.6,1450.0,S1,dqn,1,409
0.1645306546588154,5296.0,0,1352.0,1352.0,S1,dqn,1,410
0.1637233259749816,4978.0,0,1292.3999999999999,1331.0,S1,dqn,1,411
0.13481631277384565,5572.5,3,1456.0,1484.0,S1,dqn,1,412
0.10786106032906764,5252.0,5,1438.6,1465.0,S1,dqn,1,413
0.07718696397941681,5582.9,1,1566.8,1582.0,S1,dqn,1,414
0.09549154664996869,6135.0,3,1763.8,1799.0,S1,dqn,1,415
0.07714915503306392,5206.0,0,1299.2,1310.0,S1,dqn,1,416
0.1687624090006618,5506.0,0,1595.4,1596.0,S1,dqn,1,417
0.1965648854961832,4682.0,0,1391.0,1410.0,S1,dqn,1,418
0.12190749372534959,5290.0,4,1409.0,1428.0,S1,dqn,1,419
0.09950248756218906,5345.0,0,1409.8,1426.0,S1,dqn,1,420
0.15517936316001613,4594.0,1,1197.8,1214.0,S1,dqn,1,421
0.1405467847516365,4901.0,4,1331.2,1346.0,S1,dqn,1,422
0.1232638888888889,5402.0,0,1388.0,1403.0,S1,dqn,1,423
0.13477537437603992,5612.0,0,1595.2,1600.0,S1,dqn,1,424
0.10343677010343677,5696.0,1,1458.6,1466.0,S1,dqn,1,425
0.12451696006869901,4392.9,4,1335.8,1359.0,S1,dqn,1,426
0.13995801259622112,5293.0,0,1486.8,1531.0,S1,dqn,1,427
0.10793850015688736,6115.1,4,1722.8,1783.0,S1,dqn,1,428
0.1560798548094374,5112.0,3,1451.2,1473.0,S1,dqn,1,429
0.178382197103497,5244.0,4,1390.8,1401.0,S1,dqn,1,430
0.1585460170146945,4809.0,6,1300.2,1312.0,S1,dqn,1,431
0.12303851640513552,5305.0,4,1413.4,1434.0,S1,dqn,1,432
0.12731902510003637,5155.9,2,1513.0,1546.0,S1,dqn,1,433
0.14454893765238594,5326.8,0,1487.4,1501.0,S1,dqn,1,434
0.17477724468814257,5393.0,4,1687.6,1734.0,S1,dqn,1,435
0.09667440061871617,5004.0,7,1264.6,1286.0,S1,dqn,1,436
0.1050656660412758,5072.0,2,1428.4,1456.0,S1,dqn,1,437
0.16990291262135923,4918.0,3,1442.0,1491.0,S1,dqn,1,438
0.1094765651727677,5513.0,1,1550.6,1611.0,S1,dqn,1,439
0.1602136181575434,5489.0,0,1445.4,1472.0,S1,dqn,1,440
0.184141300263059,4884.0,3,1444.3999999999999,1523.0,S1,dqn,1,441
0.14007782101167315,4772.0,0,1216.2,1225.0,S1,dqn,1,442
0.20825654257279763,4838.0,0,1273.3999999999999,1315.0,S1,dqn,1,443
0.10284538909838875,5521.0,0,1519.6,1568.0,S1,dqn,1,444
0.095016134815346,5275.0,0,1495.8,1546.0,S1,dqn,1,445
0.14519731943410275,4944.0,0,1319.0,1329.0,S1,dqn,1,446
0.12113055181695828,5571.0,1,1581.6,1619.0,S1,dqn,1,447
0.16055846422338568,5267.0,1,1526.3999999999999,1571.0,S1,dqn,1,448
0.18440463645943098,5166.0,0,1470.0,1530.0,S1,dqn,1,449
0.13921113689095127,4844.0,1,1290.4,1300.0,S1,dqn,1,450
0.22465208747514911,4437.0,0,1249.8,1271.0,S1,dqn,1,451
0.18682944876063634,4863.7,0,1335.8,1374.0,S1,dqn,1,452
0.09050609530845954,5131.0,0,1459.3999999999999,1497.0,S1,dqn,1,453
0.20020891364902507,5141.0,1,1630.1999999999998,1734.0,S1,dqn,1,454
0.1812366737739872,4233.8,0,1382.0,1402.0,S1,dqn,1,455
0.16040831206707984,5039.9,1,1393.6,1432.0,S1,dqn,1,456
0.12242042672263029,5340.0,0,1506.0,1511.0,S1,dqn,1,457
0.15876127009016072,4689.0,1,1478.0,1538.0,S1,dqn,1,458
0.16518004625041294,5576.0,2,1605.0,1682.0,S1,dqn,1,459
0.11145404663923182,5499.0,0,1553.3999999999999,1618.0,S1,dqn,1,460
0.09800427655024947,5354.0,0,1401.6,1407.0,S1,dqn,1,461
0.17518248175182483,5032.0,4,1386.6,1407.0,S1,dqn,1,462
0.13789581205311544,5446.0,0,1473.4,1480.0,S1,dqn,1,463
0.20622286541244572,4980.0,3,1189.0,1194.0,S1,dqn,1,464
0.11257360581918947,5436.0,0,1440.0,1482.0,S1,dqn,1,465
0.17478813559322035,5216.0,2,1425.0,1463.0,S1,dqn,1,466
0.12660619803476947,4919.0,0,1239.0,1248.0,S1,dqn,1,467
0.16393442622950818,4783.0,0,1445.6,1465.0,S1,dqn,1,468
0.12468827930174564,4514.0,0,1321.6,1399.0,S1,dqn,1,469
0.1733013040494166,5395.0,5,1586.2,1649.0,S1,dqn,1,470
0.0870105655686762,6203.0,5,1715.2,1736.0,S1,dqn,1,471
0.125,4852.0,0,1203.2,1210.0,S1,dqn,1,472
0.16310975609756098,6062.0,2,1593.0,1600.0,S1,dqn,1,473
0.152276295133438,5882.0,2,1568.4,1585.0,S1,dqn,1,474
0.1744399559309585,4933.0,0,1449.6,1464.0,S1,dqn,1,475
0.09223300970873786,5897.0,3,1674.0,1675.0,S1,dqn,1,476
0.15728476821192053,5627.0,4,1481.0,1505.0,S1,dqn,1,477
0.1554856743535989,5286.0,0,1538.6,1591.0,S1,dqn,1,478
0.12474367737525632,5499.0,2,1492.2,1518.0,S1,dqn,1,479
0.13904134650567143,5120.0,4,1446.8,1516.0,S1,dqn,1,480
0.10273972602739725,5068.0,7,1442.8,1497.0,S1,dqn,1,481
0.08858267716535433,4827.0,1,1378.3999999999999,1429.0,S1,dqn,1,482
0.09902912621359224,4997.0,5,1282.8,1295.0,S1,dqn,1,483
0.15894955079474776,5310.0,1,1520.3999999999999,1569.0,S1,dqn,1,484
0.2058066887173833,4874.0,2,1285.2,1314.0,S1,dqn,1,485
0.14450867052023122,4802.0,0,1387.6,1417.0,S1,dqn,1,486
0.1586729174179589,5063.0,0,1355.6,1376.0,S1,dqn,1,487
0.11096605744125326,5765.0,0,1635.1999999999998,1704.0,S1,dqn,1,488
0.136630923555863,5384.0,2,1514.3999999999999,1552.0,S1,dqn,1,489
0.12078938414426675,5560.0,2,1675.8,1727.0,S1,dqn,1,490
0.10666666666666667,5022.0,4,1351.2,1352.0,S1,dqn,1,491
0.1475095785440613,4877.0,4,1500.6,1567.0,S1,dqn,1,492
0.18867924528301888,5120.0,3,1510.4,1524.0,S1,dqn,1,493
0.10166358595194085,5207.0,5,1477.2,1514.0,S1,dqn,1,494
0.13817243920412675,5110.0,6,1628.1999999999998,1755.0,S1,dqn,1,495
0.12240356083086053,5034.0,0,1614.6,1701.0,S1,dqn,1,496
0.19630484988452657,4718.3,3,1261.2,1271.0,S1,dqn,1,497
0.14437689969604864,4846.8,0,1312.4,1324.0,S1,dqn,1,498
0.14835164835164835,5112.0,2,1392.2,1436.0,S1,dqn,1,499
0.13194170933438362,4740.0,0,1236.0,1236.0,S1,dqn,1,500
0.1618457300275482,5405.0,6,1434.0,1473.0,S1,dqn,1,501
0.2052313883299799,4542.0,6,1300.0,1337.0,S1,dqn,1,502
0.16485328058028353,5558.0,0,1596.6,1625.0,S1,dqn,1,503
0.15855221012171686,5756.0,1,1580.0,1606.0,S1,dqn,1,504
0.17235314808301092,5221.8,1,1488.8,1559.0,S1,dqn,1,505
0.17103762827822122,4799.0,0,1277.4,1281.0,S1,dqn,1,506
0.15007062146892655,5226.0,0,1535.0,1573.0,S1,dqn,1,507
0.14447481452557595,4710.1,0,1366.0,1388.0,S1,dqn,1,508
0.1941553242594075,4473.0,0,1286.2,1288.0,S1,dqn,1,509
0.1377266387726639,5338.0,2,1522.3999999999999,1561.0,S1,dqn,1,510
0.07358093903293624,5495.0,0,1529.6,1553.0,S1,dqn,1,511
0.18578063594140765,5200.0,9,1407.2,1438.0,S1,dqn,1,512
0.15441176470588236,5032.0,1,1399.2,1425.0,S1,dqn,1,513
0.19094288611017235,5380.0,2,1394.0,1408.0,S1,dqn,1,514
0.1705634342660023,4730.0,0,1260.8,1297.0,S1,dqn,1,515
0.10698000701508242,5359.0,0,1406.2,1407.0,S1,dqn,1,516
0.12155059132720106,5675.0,0,1455.0,1455.0,S1,dqn,1,517
0.17214087851206966,4616.0,0,1353.0,1412.0,S1,dqn,1,518
0.19943522767384397,5058.0,0,1426.3999999999999,1506.0,S1,dqn,1,519
0.11031907671418872,5564.0,1,1440.6,1444.0,S1,dqn,1,520
0.1875,4782.0,0,1308.2,1322.0,S1,dqn,1,521
0.13018867924528302,4918.1,0,1363.4,1368.0,S1,dqn,1,522
0.14623955431754876,5311.0,0,1459.6,1509.0,S1,dqn,1,523
0.1460634128963306,5166.0,0,1318.0,1319.0,S1,dqn,1,524
0.07243752263672583,5324.0,3,1565.2,1606.0,S1,dqn,1,525
0.0847457627118644,4921.0,6,1346.8,1352.0,S1,dqn,1,526
0.08787346221441125,5437.0,0,1639.6,1752.0,S1,dqn,1,527
0.11535552193645991,4985.0,1,1374.4,1395.0,S1,dqn,1,528
0.13829022988505746,5235.0,4,1497.2,1560.0,S1,dqn,1,529
0.11580381471389646,5538.1,0,1539.3999999999999,1608.0,S1,dqn,1,530
0.2049512987012987,4395.0,0,1156.0,1159.0,S1,dqn,1,531
0.11967545638945233,4622.2,0,1338.0,1345.0,S1,dqn,1,532
0.1728268309377139,5296.0,0,1302.4,1312.0,S1,dqn,1,533
0.1444564824846515,5166.0,2,1499.0,1531.0,S1,dqn,1,534
0.20081967213114754,4382.0,2,1159.8,1167.0,S1,dqn,1,535
0.14891380518570427,5295.0,1,1509.0,1550.0,S1,dqn,1,536
0.18166089965397925,5317.3,4,1400.46,1410.0,S1,dqn,1,537
0.12380952380952381,5987.0,6,1531.6,1561.0,S1,dqn,1,538
0.15813566375364127,4383.0,0,1253.6,1278.0,S1,dqn,1,539
0.15323691460055097,5425.0,5,1665.6,1761.0,S1,dqn,1,540
0.16244923461418306,5839.0,0,1665.6,1758.0,S1,dqn,1,541
0.20505940973553086,4656.8,0,1228.6,1248.0,S1,dqn,1,542
0.15316901408450703,5312.0,4,1390.8,1395.0,S1,dqn,1,543
0.13903936439147707,5190.0,5,1360.4,1371.0,S1,dqn,1,544
0.12546625974906747,5585.0,6,1346.6,1349.0,S1,dqn,1,545
0.09430727023319616,5519.0,0,1605.6,1619.0,S1,dqn,1,546
0.1555478741790529,5353.0,1,1427.0,1457.0,S1,dqn,1,547
0.14756348661633492,5400.0,1,1456.4,1484.0,S1,dqn,1,548
0.16468253968253968,4647.0,0,1360.8,1393.0,S1,dqn,1,549
0.10534351145038168,6197.0,0,1554.2,1577.0,S1,dqn,1,550
0.21620568757304245,4556.0,0,1318.3999999999999,1366.0,S1,dqn,1,551
0.19005847953216373,4930.1,0,1357.4,1381.0,S1,dqn,1,552
0.17851293809367835,5563.0,0,1446.0,1460.0,S1,dqn,1,553
0.2045028142589118,4767.0,0,1329.2,1372.0,S1,dqn,1,554
0.13684570646595964,5413.0,0,1457.0,1466.0,S1,dqn,1,555
0.19324577861163228,4787.0,1,1314.6,1340.0,S1,dqn,1,556
0.11026878015161957,5471.7,2,1405.2,1416.0,S1,dqn,1,557
0.1586729174179589,5143.0,2,1441.6,1488.0,S1,dqn,1,558
0.13083451202263083,5273.0,0,1327.8,1331.0,S1,dqn,1,559
0.09477124183006536,5822.0,2,1551.8,1563.0,S1,dqn,1,560
0.08483754512635379,5327.0,2,1455.6,1487.0,S1,dqn,1,561
0.20132916340891321,4618.0,0,1165.6,1193.0,S1,dqn,1,562
0.15401953418482345,4961.3,6,1482.8,1516.0,S1,dqn,1,563
0.16031686156167485,4940.0,6,1482.6,1529.0,S1,dqn,1,564
0.10772913816689467,5545.0,2,1516.2,1576.0,S1,dqn,1,565
0.11645101663585952,5092.0,2,1412.6,1422.0,S1,dqn,1,566
0.1515650741350906,5602.0,1,1518.4,1546.0,S1,dqn,1,567
0.16507703595011006,5029.0,1,1295.8,1322.0,S1,dqn,1,568
0.19099590723055934,5341.0,4,1668.3999999999999,1778.0,S1,dqn,1,569
0.18499486125385406,5255.0,0,1452.6,1524.0,S1,dqn,1,570
0.10719476744186046,5201.0,0,1381.4,1394.0,S1,dqn,1,571
0.10113129928008227,5576.0,4,1523.8,1578.0,S1,dqn,1,572
0.08406186953597848,5655.0,0,1743.6,1810.0,S1,dqn,1,573
0.12275558812751924,5085.0,0,1478.0,1553.0,S1,dqn,1,574
0.17064846416382254,5337.0,0,1443.2,1454.0,S1,dqn,1,575
0.16580310880829016,5307.0,0,1548.3999999999999,1580.0,S1,dqn,1,576
0.1972346482309882,4466.8,2,1213.0,1223.0,S1,dqn,1,577
0.10974393082806784,5676.0,1,1527.2,1565.0,S1,dqn,1,578
0.1363008971704624,5413.0,1,1759.0,1884.0,S1,dqn,1,579
0.16595289079229122,5167.1,2,1423.6,1453.0,S1,dqn,1,580
0.16536603493125232,5019.0,7,1353.0,1354.0,S1,dqn,1,581
0.15426808364758313,5341.0,0,1365.8,1376.0,S1,dqn,1,582
0.10633333333333334,5725.1,4,1536.8,1542.0,S1,dqn,1,583
0.15445402298850575,5115.0,0,1516.3999999999999,1586.0,S1,dqn,1,584
0.16105417276720352,5001.0,0,1571.8,1618.0,S1,dqn,1,585
0.07380073800738007,5759.0,4,1746.0,1796.0,S1,dqn,1,586
0.12886597938144329,5159.0,7,1381.8,1390.0,S1,dqn,1,587
0.17984189723320157,4585.8,0,1084.4,1089.0,S1,dqn,1,588
0.19862490450725745,4694.5,0,1299.8,1312.0,S1,dqn,1,589
0.16280894468418988,4665.0,0,1346.8,1374.0,S1,dqn,1,590
0.206794682422452,4873.0,3,1279.2,1284.0,S1,dqn,1,591
0.17424242424242425,4782.0,0,1324.8,1341.0,S1,dqn,1,592
0.17341977309562398,5612.0,0,1443.0,1447.0,S1,dqn,1,593
0.17973296816158849,5494.0,13,1478.6,1480.0,S1,dqn,1,594
0.1394083645018701,5489.0,0,1702.3999999999999,1801.0,S1,dqn,1,595
0.17192982456140352,5387.0,12,1444.0,1476.0,S1,dqn,1,596
0.1667257892869812,5125.2,0,1335.76,1372.2,S1,dqn,1,597
0.19014357780364766,4631.0,0,1389.2,1452.0,S1,dqn,1,598
0.16649141254819488,5198.0,0,1257.0,1274.0,S1,dqn,1,599
0.14074074074074075,5007.0,0,1281.0,1293.0,S1,dqn,1,600
0.11447419480015522,4886.0,2,1411.3999999999999,1481.0,S1,dqn,1,601
0.17758620689655172,5332.0,2,1487.6,1536.0,S1,dqn,1,602
0.16862170087976538,4995.3,0,1390.3999999999999,1440.0,S1,dqn,1,603
0.18315645326942828,5285.5,1,1529.0,1545.0,S1,dqn,1,604
0.12727898176814587,5431.0,1,1504.6,1539.0,S1,dqn,1,605
0.16613290632506006,4659.1,4,1227.02,1246.0,S1,dqn,1,606
0.10700036271309395,5251.0,3,1344.0,1346.0,S1,dqn,1,607
0.1273996509598604,5417.0,5,1371.6,1398.0,S1,dqn,1,608
0.1308698999230177,4898.0,2,1246.2,1254.0,S1,dqn,1,609
0.09645194626248708,5488.0,0,1495.4,1508.0,S1,dqn,1,610
0.12388162422573985,5554.0,7,1651.0,1711.0,S1,dqn,1,611
0.1486097794822627,5785.0,0,1557.8,1585.0,S1,dqn,1,612
0.10133912414042708,5258.0,1,1619.3999999999999,1715.0,S1,dqn,1,613
0.1059104885548343,5516.0,0,1520.8,1526.0,S1,dqn,1,614
0.2011873350923483,5411.0,0,1561.6,1588.0,S1,dqn,1,615
0.12793914246196403,5406.0,1,1595.4,1609.0,S1,dqn,1,616
0.15729939908094734,5216.4,3,1349.92,1353.4,S1,dqn,1,617
0.1403449442002029,5486.0,0,1572.0,1602.0,S1,dqn,1,618
0.12139605462822459,4956.3,3,1273.8,1291.0,S1,dqn,1,619
0.22404779686333084,4718.0,0,1282.4,1310.0,S1,dqn,1,620
0.12288477034649477,4631.0,0,1327.6,1381.0,S1,dqn,1,621
0.12071651090342679,4818.0,0,1246.4,1257.0,S1,dqn,1,622
0.10599536270288175,5700.0,1,1646.8,1699.0,S1,dqn,1,623
0.1490787269681742,5518.3,1,1454.6,1473.0,S1,dqn,1,624
0.1221264367816092,5225.0,0,1592.0,1685.0,S1,dqn,1,625
0.17543859649122806,5128.0,2,1289.6,1299.0,S1,dqn,1,626
0.15553372626064177,5605.0,0,1461.4,1465.0,S1,dqn,1,627
0.15301085883514315,5585.0,1,1493.8,1529.0,S1,dqn,1,628
0.15185185185185185,4987.0,1,1483.1999999999998,1575.0,S1,dqn,1,629
0.12543664655446174,5881.0,0,1525.4,1528.0,S1,dqn,1,630
0.1781390522310619,5239.0,0,1346.2,1358.0,S1,dqn,1,631
0.10634648370497427,5557.0,3,1472.4,1475.0,S1,dqn,1,632
0.09015777610818933,5081.0,2,1279.4,1280.0,S1,dqn,1,633
0.14424748001390336,5306.0,0,1415.6,1443.0,S1,dqn,1,634
0.08408290965975752,4876.0,0,1303.4,1321.0,S1,dqn,1,635
0.15001829491401392,5093.0,4,1453.6,1468.0,S1,dqn,1,636
0.19223147047166073,4594.3,0,1132.24,1136.3,S1,dqn,1,637
0.15212981744421908,5438.0,1,1495.4,1505.0,S1,dqn,1,638
0.145985401459854,4785.0,0,1319.0,1362.0,S1,dqn,1,639
0.1217263002582073,5264.0,10,1393.4,1411.0,S1,dqn,1,640
0.13108614232209737,5506.0,2,1454.2,1467.0,S1,dqn,1,641
0.109794353433252,5550.0,10,1416.2,1430.0,S1,dqn,1,642
0.10898725687458082,5596.0,0,1530.8,1564.0,S1,dqn,1,643
0.1408678756476684,5763.0,1,1410.0,1438.0,S1,dqn,1,644
0.1439232409381663,5210.0,2,1536.6,1553.0,S1,dqn,1,645
0.1264128494943486,6321.0,4,1696.4,1701.0,S1,dqn,1,646
0.11283497884344147,5324.0,0,1298.2,1300.0,S1,dqn,1,647
0.1717557251908397,5251.0,0,1389.2,1418.0,S1,dqn,1,648
0.10727272727272727,5237.0,1,1390.4,1406.0,S1,dqn,1,649
0.10720268006700168,5637.0,2,1482.0,1504.0,S1,dqn,1,650
0.14074836937864743,5438.0,4,1431.0,1465.0,S1,dqn,1,651
0.12816011235955055,5413.0,4,1499.2,1523.0,S1,dqn,1,652
0.1657142857142857,4892.0,5,1401.6,1434.0,S1,dqn,1,653
0.17116182572614108,5301.0,0,1332.4,1333.0,S1,dqn,1,654
0.11787473610133709,5307.4,0,1386.0,1392.0,S1,dqn,1,655
0.16207737887765772,5265.0,1,1453.0,1470.0,S1,dqn,1,656
0.21140805743917032,4472.2,0,1173.04,1194.0,S1,dqn,1,657
0.15463917525773196,4810.0,0,1225.6,1232.0,S1,dqn,1,658
0.1540413193185937,5095.0,1,1419.0,1421.0,S1,dqn,1,659
0.12212905577834487,5144.3,1,1476.4,1479.0,S1,dqn,1,660
0.15687053216838762,4628.0,2,1358.8,1391.0,S1,dqn,1,661
0.10892116182572614,5481.0,1,1386.4,1395.0,S1,dqn,1,662
0.11021693491952414,5378.0,0,1606.8,1630.0,S1,dqn,1,663
0.17882947976878613,5018.0,0,1436.2,1490.0,S1,dqn,1,664
0.12838306731436502,5381.0,0,1377.4,1379.0,S1,dqn,1,665
0.1821705426356589,4688.9,1,1285.6,1291.0,S1,dqn,1,666
0.10809883321894304,5485.0,0,1551.2,1582.0,S1,dqn,1,667
0.18142235123367198,4974.0,0,1215.6,1218.0,S1,dqn,1,668
0.10307536329841163,5640.0,4,1685.6,1696.0,S1,dqn,1,669
0.10232396808879639,5428.0,0,1434.6,1438.0,S1,dqn,1,670
0.09699853587115666,5176.0,1,1334.8,1367.0,S1,dqn,1,671
0.1651376146788991,5012.0,1,1543.6,1619.0,S1,dqn,1,672
0.1547319179560993,5156.8,3,1381.46,1418.0,S1,dqn,1,673
0.15932203389830507,5427.0,2,1472.3999999999999,1534.0,S1,dqn,1,674
0.12523191094619665,6065.0,3,1623.6,1663.0,S1,dqn,1,675
0.17421602787456447,5227.0,0,1398.6,1419.0,S1,dqn,1,676
0.13026685393258428,5364.9,0,1402.8,1403.0,S1,dqn,1,677
0.13096168881939016,4818.0,3,1247.2,1248.0,S1,dqn,1,678
0.13317599460552934,5524.0,1,1554.6,1558.0,S1,dqn,1,679
0.13821138211382114,4592.0,1,1270.8,1331.0,S1,dqn,1,680
0.1624087591240876,5117.0,5,1327.2,1328.0,S1,dqn,1,681
0.09816142100342785,6075.0,1,1594.0,1621.0,S1,dqn,1,682
0.12504736642667677,4915.0,0,1428.2,1450.0,S1,dqn,1,683
0.0857449088960343,5331.1,1,1364.8,1375.0,S1,dqn,1,684
0.111236802413273,4976.0,0,1389.2,1408.0,S1,dqn,1,685
0.11543762922122675,5486.0,0,1422.0,1447.0,S1,dqn,1,686
0.19794721407624633,4898.0,1,1354.6,1403.0,S1,dqn,1,687
0.13970334598137288,5455.0,6,1646.0,1685.0,S1,dqn,1,688
0.09581540868204928,4846.0,0,1549.3999999999999,1679.0,S1,dqn,1,689
0.18505210204814948,5038.0,0,1399.6,1420.0,S1,dqn,1,690
0.10850542527126357,5421.0,3,1439.6,1457.0,S1,dqn,1,691
0.039735099337748346,5892.0,0,1569.4,1571.0,S1,dqn,1,692
0.19973145350788854,5350.0,0,1403.6,1420.0,S1,dqn,1,693
0.1784313725490196,4647.0,1,1427.2,1462.0,S1,dqn,1,694
0.15297353042282572,5370.0,0,1629.6,1739.0,S1,dqn,1,695
0.17029134181370537,4446.0,1,1104.6,1110.0,S1,dqn,1,696
0.2269170579029734,4615.1,5,1147.28,1148.1,S1,dqn,1,697
0.08160237388724036,5169.0,2,1343.2,1348.0,S1,dqn,1,698
0.10149906308557152,6056.0,0,1616.0,1646.0,S1,dqn,1,699
0.1880934989043097,4978.0,1,1369.8,1397.0,S1,dqn,1,700
0.12215528781793843,5665.5,5,1469.0,1473.0,S1,dqn,1,701
0.16143911439114392,5956.0,0,1784.8,1826.0,S1,dqn,1,702
0.1237364935517602,5370.0,0,1534.4,1544.0,S1,dqn,1,703
0.18985031033223804,5016.8,3,1327.2,1334.0,S1,dqn,1,704
0.1913786696395392,4884.0,2,1263.8,1312.0,S1,dqn,1,705
0.19978005865102638,4898.0,1,1429.8,1435.0,S1,dqn,1,706
0.11779630300833635,5150.0,0,1392.6,1425.0,S1,dqn,1,707
0.15151515151515152,5386.0,0,1438.3999999999999,1477.0,S1,dqn,1,708
0.13086498563676988,5853.0,2,1676.6,1722.0,S1,dqn,1,709
0.09599191647019198,5660.0,3,1491.6,1497.0,S1,dqn,1,710
0.10416666666666667,5447.0,1,1618.6,1707.0,S1,dqn,1,711
0.18023255813953487,4667.6,1,1341.4,1368.0,S1,dqn,1,712
0.13325825825825827,4960.2,2,1351.6399999999999,1382.0,S1,dqn,1,713
0.20013802622498275,5198.3,0,1345.6,1350.0,S1,dqn,1,714
0.1378782075833014,4844.0,0,1451.0,1499.0,S1,dqn,1,715
0.08925251022685013,5095.0,0,1359.3999999999999,1391.0,S1,dqn,1,716
0.10606060606060606,5632.0,0,1433.8,1470.0,S1,dqn,1,717
0.07147838214783822,5523.0,1,1561.2,1586.0,S1,dqn,1,718
0.166609996599796,5369.0,0,1460.8,1476.0,S1,dqn,1,719
0.12704174228675136,5132.0,1,1471.2,1504.0,S1,dqn,1,720
0.1240846216436127,4633.0,1,1147.4,1149.0,S1,dqn,1,721
0.15660809778456838,4823.0,1,1391.2,1458.0,S1,dqn,1,722
0.11181513231457324,5043.0,0,1314.8,1327.0,S1,dqn,1,723
0.14681066486668917,5518.0,3,1570.2,1571.0,S1,dqn,1,724
0.1072881982981872,5148.0,5,1388.0,1413.0,S1,dqn,1,725
0.1097608780870247,4784.9,0,1164.52,1175.9,S1,dqn,1,726
0.15454202789295138,4918.0,3,1427.0,1498.0,S1,dqn,1,727
0.18097014925373134,4902.0,2,1311.6,1332.0,S1,dqn,1,728
0.1628063108425646,5491.3,3,1470.0,1471.0,S1,dqn,1,729
0.16791323859386686,4902.1,2,1269.4,1280.0,S1,dqn,1,730
0.11247105524313596,5718.0,2,1613.3999999999999,1682.0,S1,dqn,1,731
0.1535253980288097,4878.0,2,1279.0,1299.0,S1,dqn,1,732
0.07136208501396214,6368.0,10,1794.3999999999999,1841.0,S1,dqn,1,733
0.15415306492564382,5131.0,2,1280.8,1302.0,S1,dqn,1,734
0.1343236409608091,5990.0,4,1545.6,1550.0,S1,dqn,1,735
0.14054813773717498,5424.0,10,1564.0,1569.0,S1,dqn,1,736
0.141287284144427,5922.0,0,1711.6,1737.0,S1,dqn,1,737
0.12123197903014417,5781.0,5,1606.8,1617.0,S1,dqn,1,738
0.13878326996197718,4967.0,4,1479.8,1566.0,S1,dqn,1,739
0.17888460189407226,5179.0,0,1431.6,1449.0,S1,dqn,1,740
0.17758484609313338,4590.0,1,1163.0,1164.0,S1,dqn,1,741
0.10714285714285714,5052.0,0,1464.2,1474.0,S1,dqn,1,742
0.15181518151815182,5632.0,2,1658.3999999999999,1724.0,S1,dqn,1,743
0.1001017984390906,5651.0,5,1569.0,1596.0,S1,dqn,1,744
0.14200561009817672,5286.0,2,1666.0,1730.0,S1,dqn,1,745
0.12518684603886399,5049.0,2,1381.0,1388.0,S1,dqn,1,746
0.11636107193229901,5349.0,1,1447.2,1461.0,S1,dqn,1,747
0.15235008103727715,5688.0,2,1620.0,1631.0,S1,dqn,1,748
0.17147026632615833,5014.0,2,1401.0,1434.0,S1,dqn,1,749
0.15599610009749756,5651.0,0,1472.6,1481.0,S1,dqn,1,750
0.1375515818431912,5388.0,0,1448.2,1469.0,S1,dqn,1,751
0.12106537530266344,5484.0,4,1367.0,1371.0,S1,dqn,1,752
0.15614275909402883,5360.9,1,1623.3999999999999,1677.0,S1,dqn,1,753
0.15863689776733256,4728.1,3,1516.0,1616.0,S1,dqn,1,754
0.11995637949836423,5264.0,8,1363.2,1387.0,S1,dqn,1,755
0.16964285714285715,5092.0,0,1364.0,1408.0,S1,dqn,1,756
0.1503194287861706,4944.0,2,1356.0,1370.0,S1,dqn,1,757
0.0971388202048746,5464.0,5,1475.2,1486.0,S1,dqn,1,758
0.16678752719361856,5023.0,0,1266.0,1276.0,S1,dqn,1,759
0.13716962194713953,5650.0,6,1575.4,1603.0,S1,dqn,1,760
0.11403508771929824,5412.0,0,1617.2,1638.0,S1,dqn,1,761
0.14285714285714285,5242.0,0,1373.6,1393.0,S1,dqn,1,762
0.129043358568479,5554.0,8,1427.2,1452.0,S1,dqn,1,763
0.11099899091826437,5593.0,0,1616.0,1679.0,S1,dqn,1,764
0.11137360782990213,5563.0,0,1548.2,1600.0,S1,dqn,1,765
0.16232668244842746,5411.0,0,1463.0,1482.0,S1,dqn,1,766
0.13206908228919742,5533.0,2,1656.2,1714.0,S1,dqn,1,767
0.13438880706921943,5079.0,0,1423.2,1477.0,S1,dqn,1,768
0.1337448559670782,5419.0,0,1453.6,1494.0,S1,dqn,1,769
0.1410488245931284,5117.0,0,1385.2,1419.0,S1,dqn,1,770
0.20442610652663165,4749.0,0,1254.8,1258.0,S1,dqn,1,771
0.12077294685990338,5443.0,0,1498.6,1499.0,S1,dqn,1,772
0.13377345378735234,5508.0,8,1343.2,1376.0,S1,dqn,1,773
0.09608277900960828,5129.0,0,1381.2,1428.0,S1,dqn,1,774
0.17186951946685375,5239.0,3,1413.4,1430.0,S1,dqn,1,775
0.11581291759465479,4267.2,3,1284.2,1351.0,S1,dqn,1,776
0.1092896174863388,4801.0,0,1378.8,1440.0,S1,dqn,1,777
0.1824953445065177,4892.0,2,1335.6,1338.0,S1,dqn,1,778
0.1373913043478261,5332.9,1,1369.2,1379.0,S1,dqn,1,779
0.12979890310786105,5102.9,0,1482.1999999999998,1556.0,S1,dqn,1,780
0.11934673366834171,5945.0,0,1491.6,1506.0,S1,dqn,1,781
0.1343170639424896,4913.0,0,1369.4,1395.0,S1,dqn,1,782
0.1438474870017331,5337.0,1,1472.4,1488.0,S1,dqn,1,783
0.14576802507836992,5872.7,0,1482.2,1537.0,S1,dqn,1,784
0.096229379418696,4839.0,2,1300.2,1320.0,S1,dqn,1,785
0.10068259385665529,5537.0,0,1687.8,1702.0,S1,dqn,1,786
0.14684287812041116,5045.0,0,1383.3999999999999,1435.0,S1,dqn,1,787
0.1572632944228275,5660.0,0,1776.6,1855.0,S1,dqn,1,788
0.15298776097912167,5248.0,8,1407.4,1412.0,S1,dqn,1,789
0.11661807580174927,5140.0,1,1385.0,1426.0,S1,dqn,1,790
0.1748777735990974,4845.0,1,1313.2,1327.0,S1,dqn,1,791
0.10726643598615918,5452.0,0,1591.4,1616.0,S1,dqn,1,792
0.09970993473531545,5318.0,8,1561.0,1589.0,S1,dqn,1,793
0.17522553782095768,5321.0,3,1323.6,1327.0,S1,dqn,1,794
0.19398258115597783,4685.1,6,1200.4,1206.0,S1,dqn,1,795
0.18531228551818807,5320.0,2,1506.6,1519.0,S1,dqn,1,796
0.14137437365783823,5160.0,0,1425.0,1446.0,S1,dqn,1,797
0.12755102040816327,5462.0,0,1589.2,1634.0,S1,dqn,1,798
0.09745910198398886,5498.0,4,1463.0,1477.0,S1,dqn,1,799
0.1665375677769171,4722.9,2,1219.56,1253.0,S1,dqn,1,800
0.1495645588792124,4874.0,1,1373.1999999999998,1451.0,S1,dqn,1,801
0.12898845892735913,5519.0,1,1621.6,1674.0,S1,dqn,1,802
0.13945578231292516,5567.0,6,1452.4,1477.0,S1,dqn,1,803
0.20182034032449545,4525.5,0,1204.32,1222.0,S1,dqn,1,804
0.18480840963038317,5365.0,1,1524.3999999999999,1563.0,S1,dqn,1,805
0.2116212338593974,5048.0,6,1391.4,1399.0,S1,dqn,1,806
0.1368421052631579,5342.0,4,1421.6,1447.0,S1,dqn,1,807
0.13311148086522462,5607.0,0,1436.0,1444.0,S1,dqn,1,808
0.20602823349866464,4859.0,12,1442.8,1491.0,S1,dqn,1,809
0.1847375690607735,5244.0,1,1407.2,1429.0,S1,dqn,1,810
0.1702442635085122,5006.0,3,1446.3999999999999,1523.0,S1,dqn,1,811
0.1555478741790529,5348.0,2,1401.0,1404.0,S1,dqn,1,812
0.12347826086956522,5412.0,0,1354.6,1372.0,S1,dqn,1,813
0.1160745691171298,5343.0,2,1391.6,1412.0,S1,dqn,1,814
0.030293367346938774,6189.0,1,1732.8,1828.0,S1,dqn,1,815
0.12792397660818713,5154.0,5,1386.3999999999999,1449.0,S1,dqn,1,816
0.15314708852238304,5464.0,0,1687.6,1802.0,S1,dqn,1,817
0.19984627209838585,4651.0,0,1451.6,1556.0,S1,dqn,1,818
0.13403736799350122,4606.0,0,1318.0,1341.0,S1,dqn,1,819
0.15229295003422313,5436.0,4,1408.2,1425.0,S1,dqn,1,820
0.13217391304347825,5417.0,5,1629.6,1702.0,S1,dqn,1,821
0.17683322517845554,5596.0,0,1442.2,1448.0,S1,dqn,1,822
0.16713581984517945,5226.0,0,1530.8,1602.0,S1,dqn,1,823
0.12190684133915575,5293.0,8,1525.6,1591.0,S1,dqn,1,824
0.16696914700544466,5025.6,0,1347.8,1359.0,S1,dqn,1,825
0.11439114391143912,5107.0,2,1497.1999999999998,1568.0,S1,dqn,1,826
0.18107908351810792,4924.0,0,1468.6,1569.0,S1,dqn,1,827
0.17092479309103994,5080.0,0,1225.4,1229.0,S1,dqn,1,828
0.20177562550443906,4433.0,1,1230.2,1274.0,S1,dqn,1,829
0.1535253980288097,4833.0,0,1277.6,1310.0,S1,dqn,1,830
0.15848670756646216,5375.0,0,1550.6,1584.0,S1,dqn,1,831
0.1742723679482573,5108.0,2,1519.8,1589.0,S1,dqn,1,832
0.12186749055956059,5523.0,6,1425.2,1455.0,S1,dqn,1,833
0.0769781596849266,5398.0,3,1548.8,1602.0,S1,dqn,1,834
0.16042780748663102,4459.0,0,1225.2,1235.0,S1,dqn,1,835
0.11340555179417738,5560.0,1,1624.8,1643.0,S1,dqn,1,836
0.13640792465086066,5755.0,2,1615.3999999999999,1654.0,S1,dqn,1,837
0.1498847040737894,4846.0,3,1251.0,1257.0,S1,dqn,1,838
0.13027522935779817,5127.0,1,1472.0,1526.0,S1,dqn,1,839
0.08567262121764492,5298.0,6,1424.2,1433.0,S1,dqn,1,840
0.13653646733494643,5348.0,0,1470.3999999999999,1505.0,S1,dqn,1,841
0.14295799505824214,5248.0,0,1422.0,1423.0,S1,dqn,1,842
0.08161816891412349,5503.0,5,1517.6,1536.0,S1,dqn,1,843
0.12834417932031814,5184.0,2,1377.0,1381.0,S1,dqn,1,844
0.1790425932906144,4859.2,1,1408.0,1436.0,S1,dqn,1,845
0.10512037978975924,5575.0,0,1537.2,1574.0,S1,dqn,1,846
0.151673640167364,5273.0,0,1545.6,1630.0,S1,dqn,1,847
0.06870828425598743,5031.0,5,1443.2,1490.0,S1,dqn,1,848
0.15233581584292485,5525.0,3,1383.4,1388.0,S1,dqn,1,849
0.0715307582260372,6712.0,1,1888.2,1955.0,S1,dqn,1,850
0.11574074074074074,4941.0,6,1533.0,1599.0,S1,dqn,1,851
0.10568031704095113,5733.0,1,1696.0,1787.0,S1,dqn,1,852
0.15805574439157036,5481.0,4,1547.4,1573.0,S1,dqn,1,853
0.16261615439599714,5168.0,3,1410.8,1442.0,S1,dqn,1,854
0.1951496779082986,4760.0,0,1371.2,1416.0,S1,dqn,1,855
0.21763392857142858,4858.0,4,1318.6,1379.0,S1,dqn,1,856
0.12452438602559668,5384.0,0,1542.6,1585.0,S1,dqn,1,857
0.16090104585679807,4574.0,0,1293.4,1311.0,S1,dqn,1,858
0.09029745042492918,5400.0,2,1391.6,1418.0,S1,dqn,1,859
0.18097014925373134,4852.0,0,1389.6,1452.0,S1,dqn,1,860
0.0984182776801406,5397.0,1,1588.4,1598.0,S1,dqn,1,861
0.07134810364250845,5113.0,0,1328.0,1348.0,S1,dqn,1,862
0.15859184384803068,5280.0,1,1543.8,1588.0,S1,dqn,1,863
0.11057869517139697,5103.0,0,1476.2,1525.0,S1,dqn,1,864
0.15718827269516072,5194.0,0,1438.0,1455.0,S1,dqn,1,865
0.1234991423670669,5453.6,0,1362.52,1366.0,S1,dqn,1,866
0.1862348178137652,4457.0,0,1178.4,1194.0,S1,dqn,1,867
0.160882140274765,5065.5,1,1409.2,1422.0,S1,dqn,1,868
0.15966989594546108,5111.0,0,1396.8,1401.0,S1,dqn,1,869
0.20227808326787117,4609.0,1,1381.0,1457.0,S1,dqn,1,870
0.17787953504755197,5225.0,1,1387.8,1410.0,S1,dqn,1,871
0.1187937861711849,6178.0,1,1692.3999999999999,1767.0,S1,dqn,1,872
0.13283208020050125,4494.7,0,1274.4,1301.0,S1,dqn,1,873
0.157856093979442,5090.0,7,1313.8,1334.0,S1,dqn,1,874
0.13282387190684133,5133.0,0,1380.8,1430.0,S1,dqn,1,875
0.11084984884111522,5581.1,0,1697.6,1780.0,S1,dqn,1,876
0.1505922165820643,5442.0,0,1567.0,1596.0,S1,dqn,1,877
0.18644747393744987,4576.8,4,1367.0,1375.0,S1,dqn,1,878
0.197869101978691,4718.0,0,1360.8,1419.0,S1,dqn,1,879
0.10571923743500866,5437.0,0,1485.8,1530.0,S1,dqn,1,880
0.11485148514851486,4792.0,5,1353.6,1381.0,S1,dqn,1,881
0.12435991221653256,5150.0,4,1358.2,1365.0,S1,dqn,1,882
0.15869827239855364,4580.0,1,1308.2,1351.0,S1,dqn,1,883
0.13394565633371602,4873.0,0,1317.0,1356.0,S1,dqn,1,884
0.17546969159872386,5144.0,2,1408.3999999999999,1440.0,S1,dqn,1,885
0.19011406844106463,4296.0,2,1115.0,1130.0,S1,dqn,1,886
0.1408695652173913,5347.0,1,1499.0,1523.0,S1,dqn,1,887
0.12366186784791436,5090.0,0,1404.6,1434.0,S1,dqn,1,888
0.21239282930631334,4589.0,3,1266.4,1292.0,S1,dqn,1,889
0.1462663587374904,4788.0,0,1308.0,1328.0,S1,dqn,1,890
0.1668441604543841,5246.0,4,1664.1999999999998,1769.0,S1,dqn,1,891
0.15778758059043094,5471.0,4,1590.2,1649.0,S1,dqn,1,892
0.13027704485488126,5661.0,1,1615.0,1635.0,S1,dqn,1,893
0.11728617827499098,5299.0,6,1338.6,1349.0,S1,dqn,1,894
0.11766903249906611,5106.0,6,1292.0,1294.0,S1,dqn,1,895
0.12233009708737864,4857.0,0,1328.8,1331.0,S1,dqn,1,896
0.1967799642218247,5087.0,5,1413.0,1464.0,S1,dqn,1,897
0.07769652650822668,4173.0,0,1108.8,1115.0,S1,dqn,1,898
0.09538674991328477,5513.0,4,1502.6,1520.0,S1,dqn,1,899
0.1242544731610338,5633.0,0,1618.2,1640.0,S1,dqn,1,900
0.17003188097768332,5138.0,0,1561.8,1629.0,S1,dqn,1,901
0.12918486171761281,5203.0,5,1365.4,1383.0,S1,dqn,1,902
0.18608113137327875,4846.0,0,1212.0,1215.0,S1,dqn,1,903
0.15855039637599094,4895.0,0,1272.4,1295.0,S1,dqn,1,904
0.16123614376889486,5461.0,0,1555.8,1590.0,S1,dqn,1,905
0.1286061870003476,5351.0,0,1422.3999999999999,1459.0,S1,dqn,1,906
0.0649772579597141,6038.0,7,1599.4,1619.0,S1,dqn,1,907
0.1201923076923077,5130.0,4,1438.8,1508.0,S1,dqn,1,908
0.06361323155216285,5299.0,1,1553.4,1570.0,S1,dqn,1,909
0.1527634740817027,5353.0,0,1413.2,1418.0,S1,dqn,1,910
0.05235602094240838,6024.0,6,1527.4,1529.0,S1,dqn,1,911
0.2055052790346908,4741.0,0,1223.4,1232.0,S1,dqn,1,912
0.16070124178232287,5098.2,3,1419.0,1453.0,S1,dqn,1,913
0.20182787509520184,4779.9,4,1240.2,1259.0,S1,dqn,1,914
0.16969909027291813,5243.0,1,1445.8,1468.0,S1,dqn,1,915
0.10780287474332649,5517.7,0,1616.8,1688.0,S1,dqn,1,916
0.13540031397174254,4728.0,0,1334.2,1361.0,S1,dqn,1,917
0.12952448545067424,5239.6,0,1576.6,1661.0,S1,dqn,1,918
0.12395363811976819,5891.2,6,1559.6,1560.0,S1,dqn,1,919
0.1717171717171717,5505.1,3,1501.3600000000001,1515.2,S1,dqn,1,920
0.15013054830287206,5645.6,0,1569.4,1586.0,S1,dqn,1,921
0.1281085154483798,4970.0,0,1416.8,1447.0,S1,dqn,1,922
0.16213560432361612,5658.0,2,1542.0,1545.0,S1,dqn,1,923
0.13778100072516317,5163.0,2,1427.0,1472.0,S1,dqn,1,924
0.11601796407185629,5111.0,7,1435.8,1456.0,S1,dqn,1,925
0.11026878015161957,5556.0,5,1563.0,1572.0,S1,dqn,1,926
0.14745308310991956,5520.0,0,1486.8,1494.0,S1,dqn,1,927
0.12454873646209386,5227.0,5,1481.3999999999999,1529.0,S1,dqn,1,928
0.11679420056383408,4683.0,2,1329.3999999999999,1374.0,S1,dqn,1,929
0.10354041416165664,5655.0,0,1540.6,1564.0,S1,dqn,1,930
0.13947453778786895,5768.0,4,1509.6,1544.0,S1,dqn,1,931
0.07806826434277414,5250.0,0,1446.8,1470.0,S1,dqn,1,932
0.1307639366827254,5389.0,0,1415.6,1434.0,S1,dqn,1,933
0.14054927302100162,5772.0,3,1698.3999999999999,1765.0,S1,dqn,1,934
0.16905549430356487,5124.0,8,1470.2,1501.0,S1,dqn,1,935
0.18067846607669616,4906.0,1,1230.0,1242.0,S1,dqn,1,936
0.13951866062085805,5346.0,1,1575.2,1617.0,S1,dqn,1,937
0.1923709306149293,5514.0,0,1582.3999999999999,1629.0,S1,dqn,1,938
0.16836086404066072,5783.0,2,1520.4,1538.0,S1,dqn,1,939
0.19839825263924282,4966.8,1,1421.6,1483.0,S1,dqn,1,940
0.13874253600280997,5296.0,1,1458.2,1464.0,S1,dqn,1,941
0.07011686143572621,5842.0,6,1589.8,1605.0,S1,dqn,1,942
0.1507185418857343,5308.0,1,1348.4,1349.0,S1,dqn,1,943
0.11245110821382008,5918.0,11,1677.0,1758.0,S1,dqn,1,944
0.14020329477742727,5348.0,5,1348.0,1366.0,S1,dqn,1,945
0.07065823726292302,5325.0,12,1344.8,1350.0,S1,dqn,1,946
0.16620013995801258,5218.0,0,1545.1999999999998,1638.0,S1,dqn,1,947
0.17409210033695247,4909.0,3,1354.6,1388.0,S1,dqn,1,948
0.11216730038022814,5047.0,7,1408.6,1447.0,S1,dqn,1,949
0.1630049610205528,5162.0,0,1476.6,1535.0,S1,dqn,1,950
0.16638078902229847,5307.0,0,1441.4,1461.0,S1,dqn,1,951
0.12423478574000721,5201.0,1,1459.0,1462.0,S1,dqn,1,952
0.13718946978123842,5001.0,1,1301.2,1321.0,S1,dqn,1,953
0.11878247958426132,5105.0,5,1415.4,1436.0,S1,dqn,1,954
0.1510989010989011,5506.0,10,1458.6,1489.0,S1,dqn,1,955
0.164778578784758,5373.0,1,1661.8,1753.0,S1,dqn,1,956
0.09385999217833399,4837.0,0,1280.2,1281.0,S1,dqn,1,957
0.1076923076923077,5537.0,0,1558.2,1571.0,S1,dqn,1,958
0.15642668676969468,4858.0,0,1397.0,1446.0,S1,dqn,1,959
0.15548281505728315,5657.0,1,1544.0,1571.0,S1,dqn,1,960
0.21214642262895175,4265.6,0,1117.32,1124.0,S1,dqn,1,961
0.16533430232558138,5106.6,2,1420.8,1443.0,S1,dqn,1,962
0.09209645010046885,5759.0,7,1603.0,1644.0,S1,dqn,1,963
0.12004801920768307,4685.0,0,1297.4,1310.0,S1,dqn,1,964
0.1424917793204238,5071.0,0,1372.8,1409.0,S1,dqn,1,965
0.0847457627118644,5509.0,0,1369.6,1384.0,S1,dqn,1,966
0.1667705735660848,5853.0,1,1553.0,1607.0,S1,dqn,1,967
0.19725557461406518,4196.5,1,1311.0,1354.0,S1,dqn,1,968
0.10626398210290827,5096.0,3,1431.2,1440.0,S1,dqn,1,969
0.10560941828254848,5458.0,0,1547.0,1610.0,S1,dqn,1,970
0.16545454545454547,5062.0,2,1376.6,1434.0,S1,dqn,1,971
0.15680056377730797,5188.0,0,1599.1999999999998,1715.0,S1,dqn,1,972
0.0523276795380729,5434.0,4,1557.8,1603.0,S1,dqn,1,973
0.19536019536019536,4534.0,5,1234.0,1240.0,S1,dqn,1,974
0.17113095238095238,4973.0,4,1385.8,1420.0,S1,dqn,1,975
0.08717105263157894,5832.0,1,1584.8,1625.0,S1,dqn,1,976
0.16001219140505943,6049.0,1,1688.2,1714.0,S1,dqn,1,977
0.15186915887850466,4723.0,0,1371.8,1390.0,S1,dqn,1,978
0.1330128205128205,5817.0,1,1748.3999999999999,1826.0,S1,dqn,1,979
0.13338013338013338,5350.0,4,1402.2,1412.0,S1,dqn,1,980
0.08525576730190572,5684.0,0,1622.4,1648.0,S1,dqn,1,981
0.11655708308427974,6279.0,0,1642.0,1670.0,S1,dqn,1,982
0.1574939425406715,5345.0,2,1479.2,1507.0,S1,dqn,1,983
0.10131332082551595,5062.0,3,1578.6,1689.0,S1,dqn,1,984
0.12022630834512023,5283.0,0,1532.8,1562.0,S1,dqn,1,985
0.10976773783009863,5943.0,3,1503.6,1515.0,S1,dqn,1,986
0.0966183574879227,5493.0,0,1592.0,1612.0,S1,dqn,1,987
0.14940239043824702,5656.0,7,1445.0,1471.0,S1,dqn,1,988
0.172475106685633,5126.0,1,1391.0,1397.0,S1,dqn,1,989
0.1229224376731302,5438.0,0,1484.2,1523.0,S1,dqn,1,990
0.10463899546564354,5476.0,3,1592.8,1640.0,S1,dqn,1,991
0.15230312035661217,4971.0,0,1284.0,1288.0,S1,dqn,1,992
0.16619013581129377,5139.7,1,1486.3999999999999,1517.0,S1,dqn,1,993
0.13972055888223553,4617.0,0,1246.4,1266.0,S1,dqn,1,994
0.10007022471910113,5413.0,2,1468.3999999999999,1506.0,S1,dqn,1,995
0.14087382605144957,4561.2,2,1318.56,1334.2,S1,dqn,1,996
0.11764705882352941,5897.0,0,1646.4,1670.0,S1,dqn,1,997
0.1474769012082445,5290.0,5,1404.6,1412.0,S1,dqn,1,998
0.14426588750913075,5153.0,7,1532.6,1625.0,S1,dqn,1,999
0.12984637893196782,5100.0,1,1314.4,1325.0,S1,dqn,2,0
0.15426147319706904,4753.0,0,1306.6,1318.0,S1,dqn,2,1
0.11194029850746269,5801.0,0,1670.6,1681.0,S1,dqn,2,2
0.11231884057971014,5222.7,1,1471.0,1528.0,S1,dqn,2,3
0.13399412628487517,5100.0,2,1419.2,1475.0,S1,dqn,2,4
0.13009243409791169,5439.0,1,1619.8,1653.0,S1,dqn,2,5
0.10942136498516321,5089.0,0,1524.2,1559.0,S1,dqn,2,6
0.11560693641618497,5318.0,6,1591.3999999999999,1663.0,S1,dqn,2,7
0.12429971988795518,5329.0,0,1430.8,1438.0,S1,dqn,2,8
0.11440541411537222,5868.0,2,1671.3999999999999,1724.0,S1,dqn,2,9
0.11819887429643527,5017.0,2,1375.3999999999999,1439.0,S1,dqn,2,10
0.1119942196531792,5203.0,0,1429.2,1434.0,S1,dqn,2,11
0.10340226817878585,5668.0,0,1540.0,1566.0,S1,dqn,2,12
0.14360313315926893,4944.0,0,1280.2,1301.0,S1,dqn,2,13
0.1419800460475825,4854.0,3,1303.6,1344.0,S1,dqn,2,14
0.1101878612716763,5223.0,0,1546.0,1580.0,S1,dqn,2,15
0.13065522620904838,4850.0,5,1428.8,1462.0,S1,dqn,2,16
0.12283000327546675,5728.0,2,1612.6,1653.0,S1,dqn,2,17
0.12667390517553384,5193.0,2,1368.3999999999999,1400.0,S1,dqn,2,18
0.12637949448202207,5240.0,0,1484.0,1499.0,S1,dqn,2,19
0.11612021857923498,5523.0,2,1474.3999999999999,1515.0,S1,dqn,2,20
0.11359664452988466,5414.0,3,1478.8,1486.0,S1,dqn,2,21
0.12392426850258176,5447.0,1,1499.8,1579.0,S1,dqn,2,22
0.13498920086393087,5238.0,3,1320.6,1327.0,S1,dqn,2,23
0.11833274461321087,5314.0,0,1495.6,1523.0,S1,dqn,2,24
0.13277310924369748,5537.0,1,1458.0,1462.0,S1,dqn,2,25
0.14089595375722544,5174.2,4,1310.6,1318.0,S1,dqn,2,26
0.1294390972452705,5608.0,0,1350.4,1361.0,S1,dqn,2,27
0.10925230454079891,5510.0,0,1421.2,1424.0,S1,dqn,2,28
0.14511873350923482,4898.0,1,1393.6,1412.0,S1,dqn,2,29
0.11673850574712644,5265.0,3,1582.0,1646.0,S1,dqn,2,30
0.11908755451190875,5679.0,5,1516.0,1516.0,S1,dqn,2,31
0.11371350984385607,5547.2,0,1558.8,1625.0,S1,dqn,2,32
0.11737089201877934,5611.0,0,1506.2,1528.0,S1,dqn,2,33
0.12311227839789889,5694.8,1,1620.2,1668.0,S1,dqn,2,34
0.09725599166377215,5480.0,1,1499.2,1502.0,S1,dqn,2,35
0.10215453194650817,5071.0,0,1326.8,1338.0,S1,dqn,2,36
0.12475633528265107,4782.0,0,1234.6,1268.0,S1,dqn,2,37
0.12295081967213115,4796.0,1,1259.4,1274.0,S1,dqn,2,38
0.08174841508174842,5796.0,5,1447.2,1456.0,S1,dqn,2,39
0.14285714285714285,5242.0,1,1357.4,1378.0,S1,dqn,2,40
0.1601642710472279,4437.0,0,1309.2,1355.0,S1,dqn,2,41
0.11640027797081307,5393.0,1,1447.4,1454.0,S1,dqn,2,42
0.1419753086419753,4507.0,0,1220.2,1247.0,S1,dqn,2,43
0.10596674274535377,5796.0,0,1675.3999999999999,1706.0,S1,dqn,2,44
0.11368090944727557,4809.0,1,1387.2,1449.0,S1,dqn,2,45
0.11598857958601,5261.0,0,1286.6,1310.0,S1,dqn,2,46
0.10514018691588785,4883.1,2,1289.8,1291.0,S1,dqn,2,47
0.09561128526645768,6062.0,0,1676.8,1740.0,S1,dqn,2,48
0.11751326762699014,4933.5,0,1472.3999999999999,1546.0,S1,dqn,2,49
0.08762886597938144,5537.0,0,1544.0,1569.0,S1,dqn,2,50
0.12023677395486497,5048.0,0,1217.0,1226.0,S1,dqn,2,51
0.1182170542635659,4872.0,2,1326.4,1346.0,S1,dqn,2,52
0.1091916558018253,5903.0,8,1573.6,1588.0,S1,dqn,2,53
0.09484193011647254,5792.0,4,1412.8,1447.0,S1,dqn,2,54
0.11131386861313869,5187.7,1,1376.3999999999999,1433.0,S1,dqn,2,55
0.11393350765782592,5056.0,2,1439.8,1489.0,S1,dqn,2,56
0.11043819023868899,5301.0,0,1434.4,1436.0,S1,dqn,2,57
0.10190444370197127,5658.0,1,1452.6,1464.0,S1,dqn,2,58
0.11328367473618871,6051.0,0,1656.8,1666.0,S1,dqn,2,59
0.1563721657544957,4698.0,1,1165.0,1177.0,S1,dqn,2,60
0.11510289501220788,5416.0,3,1490.6,1516.0,S1,dqn,2,61
0.1058106169296987,5278.0,1,1603.8,1691.0,S1,dqn,2,62
0.1,4622.0,0,1263.0,1298.0,S1,dqn,2,63
0.11235955056179775,5423.0,5,1481.4,1482.0,S1,dqn,2,64
0.10698000701508242,5369.0,0,1377.4,1396.0,S1,dqn,2,65
0.1373825018076645,5139.0,1,1299.4,1312.0,S1,dqn,2,66
0.10932343234323433,4565.0,0,1263.0,1297.0,S1,dqn,2,67
0.10634328358208955,5072.0,1,1309.4,1329.0,S1,dqn,2,68
0.09053367217280814,6013.0,3,1566.0,1591.0,S1,dqn,2,69
0.11150442477876106,5332.0,0,1371.0,1398.0,S1,dqn,2,70
0.1351832088224831,5204.0,0,1410.0,1434.0,S1,dqn,2,71
0.11279585798816567,5095.0,2,1427.0,1497.0,S1,dqn,2,72
0.09160041479433115,5498.0,0,1576.0,1633.0,S1,dqn,2,73
0.08736059479553904,5142.0,1,1426.0,1442.0,S1,dqn,2,74
0.09518864659051575,5550.0,4,1640.3999999999999,1687.0,S1,dqn,2,75
0.13190291945128385,5268.0,0,1502.3999999999999,1569.0,S1,dqn,2,76
0.10024621878297572,5378.0,1,1420.2,1424.0,S1,dqn,2,77
0.13245033112582782,4796.0,2,1361.3999999999999,1420.0,S1,dqn,2,78
0.12315270935960591,5782.0,4,1551.8,1560.0,S1,dqn,2,79
0.11940298507462686,5712.0,4,1529.2,1549.0,S1,dqn,2,80
0.1413119330076762,5360.2,2,1628.1999999999998,1727.0,S1,dqn,2,81
0.14570552147239263,4849.8,2,1325.0,1332.0,S1,dqn,2,82
0.14472290857747971,5253.0,2,1397.2,1412.0,S1,dqn,2,83
0.15283842794759825,5068.0,1,1402.6,1405.0,S1,dqn,2,84
0.18646674356016918,4674.0,0,1279.0,1322.0,S1,dqn,2,85
0.16562384983437614,5001.0,2,1362.0,1410.0,S1,dqn,2,86
0.16100805040252011,5311.0,2,1405.8,1433.0,S1,dqn,2,87
0.11336310546204054,5449.0,0,1417.2,1435.0,S1,dqn,2,88
0.125,5347.0,3,1483.0,1519.0,S1,dqn,2,89
0.1496693351896972,5338.0,3,1584.3999999999999,1646.0,S1,dqn,2,90
0.1275256707519046,5620.0,0,1594.3999999999999,1647.0,S1,dqn,2,91
0.1720183486238532,4804.0,3,1225.2,1226.0,S1,dqn,2,92
0.13058419243986255,5437.0,2,1471.1999999999998,1545.0,S1,dqn,2,93
0.1390355508623724,5244.0,0,1350.6,1371.0,S1,dqn,2,94
0.16952380952380952,4792.0,0,1424.4,1446.0,S1,dqn,2,95
0.13457943925233645,5007.0,3,1394.3999999999999,1435.0,S1,dqn,2,96
0.15988945913936045,4633.0,1,1317.2,1345.0,S1,dqn,2,97
0.16008935219657483,4999.0,4,1300.2,1308.0,S1,dqn,2,98
0.15557306025994486,4675.0,0,1181.6,1191.0,S1,dqn,2,99
0.13342696629213482,5388.0,5,1408.2,1429.0,S1,dqn,2,100
0.11413383364602876,6008.0,0,1749.6,1782.0,S1,dqn,2,101
0.1551267499054105,4858.0,0,1518.8,1566.0,S1,dqn,2,102
0.16515276630883569,4476.0,3,1264.2,1284.0,S1,dqn,2,103
0.14976542764345002,5129.0,1,1392.6,1425.0,S1,dqn,2,104
0.14571948998178508,5077.0,0,1328.0,1340.0,S1,dqn,2,105
0.14771877337322364,4930.0,0,1384.0,1387.0,S1,dqn,2,106
0.14232092586800124,5901.0,0,1688.8,1716.0,S1,dqn,2,107
0.13703570140641905,5143.0,0,1718.0,1727.0,S1,dqn,2,108
0.13073065902578795,5282.3,5,1771.6,1889.0,S1,dqn,2,109
0.1488197057817311,5398.0,2,1635.6,1653.0,S1,dqn,2,110
0.12207192345760474,5649.0,0,1570.2,1612.0,S1,dqn,2,111
0.15267175572519084,5084.0,1,1535.8,1636.0,S1,dqn,2,112
0.1497005988023952,5011.0,7,1250.0,1260.0,S1,dqn,2,113
0.15364679748241392,5009.0,3,1385.8,1410.0,S1,dqn,2,114
0.11736214605067063,5050.0,0,1336.8,1338.0,S1,dqn,2,115
0.15915593705293277,5144.0,1,1337.4,1346.0,S1,dqn,2,116
0.12448840381991814,5496.0,2,1590.3999999999999,1630.0,S1,dqn,2,117
0.11981566820276497,6097.0,1,1839.8,1916.0,S1,dqn,2,118
0.15881326352530542,5307.0,3,1426.8,1442.0,S1,dqn,2,119
0.13123784834737523,5744.0,0,1576.2,1591.0,S1,dqn,2,120
0.12805810397553516,4949.0,5,1333.2,1339.0,S1,dqn,2,121
0.14375876577840113,5261.0,0,1434.2,1452.0,S1,dqn,2,122
0.13479052823315119,5112.0,1,1480.2,1536.0,S1,dqn,2,123
0.14696058784235136,5580.0,3,1546.6,1609.0,S1,dqn,2,124
0.12433392539964476,5277.0,2,1445.2,1459.0,S1,dqn,2,125
0.16348773841961853,4675.0,0,1361.0,1403.0,S1,dqn,2,126
0.14753046824887747,5818.0,3,1672.6,1697.0,S1,dqn,2,127
0.1333124215809285,5943.0,0,1808.0,1840.0,S1,dqn,2,128
0.12455516014234876,5327.0,2,1680.0,1746.0,S1,dqn,2,129
0.10756419153365718,5486.0,2,1631.0,1683.0,S1,dqn,2,130
0.14792899408284024,5591.0,0,1539.0,1558.0,S1,dqn,2,131
0.13657561625582945,5606.0,2,1544.2,1585.0,S1,dqn,2,132
0.1476077366813709,5501.0,5,1619.6,1689.0,S1,dqn,2,133
0.1450381679389313,4922.0,5,1309.4,1337.0,S1,dqn,2,134
0.17569546120058566,4951.0,0,1465.0,1513.0,S1,dqn,2,135
0.15881326352530542,5272.0,0,1533.0,1605.0,S1,dqn,2,136
0.14255543822597677,5304.0,2,1319.4,1320.0,S1,dqn,2,137
0.13792010145846545,5850.0,0,1555.8,1606.0,S1,dqn,2,138
0.12966804979253113,5456.0,3,1513.6,1525.0,S1,dqn,2,139
0.16417365924844948,5029.0,0,1351.3999999999999,1388.0,S1,dqn,2,140
0.1587887740029542,5023.0,5,1360.0,1373.0,S1,dqn,2,141
0.14654839953721557,4808.0,2,1406.3999999999999,1469.0,S1,dqn,2,142
0.1893353941267388,4693.0,1,1347.2,1388.0,S1,dqn,2,143
0.1246051246051246,5370.0,2,1337.0,1347.0,S1,dqn,2,144
0.15612327656123276,4614.0,4,1318.0,1326.0,S1,dqn,2,145
0.13716962194713953,5595.0,1,1554.2,1573.0,S1,dqn,2,146
0.16572637517630465,5179.0,0,1362.6,1374.0,S1,dqn,2,147
0.15092329545454544,5184.0,0,1298.6,1300.0,S1,dqn,2,148
0.15903530234183852,5269.0,2,1429.8,1442.0,S1,dqn,2,149
0.1709552344025379,5183.8,0,1405.56,1418.0,S1,dqn,2,150
0.15806111696522657,5286.0,3,1491.8,1500.0,S1,dqn,2,151
0.1624548736462094,5087.0,0,1314.6,1354.0,S1,dqn,2,152
0.13693693693693693,5157.0,0,1417.8,1477.0,S1,dqn,2,153
0.16110902959910078,4915.0,2,1464.8,1541.0,S1,dqn,2,154
0.14313346228239845,4887.0,5,1271.4,1280.0,S1,dqn,2,155
0.15506547208821503,5376.0,1,1495.0,1495.0,S1,dqn,2,156
0.16930437983069563,4991.0,2,1464.0,1488.0,S1,dqn,2,157
0.12602179836512262,5504.0,3,1558.6,1594.0,S1,dqn,2,158
0.16685627607129314,4831.0,0,1505.3999999999999,1565.0,S1,dqn,2,159
0.13700787401574804,5932.0,1,1651.6,1701.0,S1,dqn,2,160
0.16816920943134536,5290.0,2,1305.8,1311.0,S1,dqn,2,161
0.1560549313358302,5920.0,1,1648.2,1695.0,S1,dqn,2,162
0.17745302713987474,4367.0,2,1144.2,1178.0,S1,dqn,2,163
0.15069551777434312,4743.0,0,1270.8,1275.0,S1,dqn,2,164
0.17805232558139536,4971.0,0,1403.8,1457.0,S1,dqn,2,165
0.13951866062085805,5316.0,0,1489.8,1533.0,S1,dqn,2,166
0.15326301911667764,5595.0,0,1703.1999999999998,1780.0,S1,dqn,2,167
0.16938110749185667,5612.0,1,1519.2,1525.0,S1,dqn,2,168
0.16805135951661632,4928.0,5,1309.8,1331.0,S1,dqn,2,169
0.15855855855855855,5087.0,1,1288.6,1290.0,S1,dqn,2,170
0.1722282023681378,5115.1,0,1438.6,1468.0,S1,dqn,2,171
0.15562065177590625,5099.0,1,1354.4,1360.0,S1,dqn,2,172
0.17448200654307525,5014.3,0,1405.8,1452.0,S1,dqn,2,173
0.17955801104972377,4600.0,0,1189.0,1193.0,S1,dqn,2,174
0.1585065163790067,5185.0,0,1403.2,1439.0,S1,dqn,2,175
0.16479536399855124,5074.0,0,1354.8,1357.0,S1,dqn,2,176
0.14893617021276595,5187.0,0,1333.3999999999999,1366.0,S1,dqn,2,177
0.139186295503212,5201.0,1,1420.6,1453.0,S1,dqn,2,178
0.15887426236949614,4028.0,0,1034.2,1045.0,S1,dqn,2,179
0.1277116864940518,5308.0,0,1562.8,1638.0,S1,dqn,2,180
0.14295925661186562,5243.9,2,1384.4,1398.0,S1,dqn,2,181
0.12808041504539558,5790.0,4,1527.3999999999999,1563.0,S1,dqn,2,182
0.18483231707317074,4745.6,0,1484.3999999999999,1565.0,S1,dqn,2,183
0.14416058394160583,5067.0,1,1312.2,1336.0,S1,dqn,2,184
0.16157670454545456,5174.0,2,1519.8,1593.0,S1,dqn,2,185
0.13093575418994413,5340.0,0,1502.0,1555.0,S1,dqn,2,186
0.12347711557458017,5676.0,1,1534.8,1556.0,S1,dqn,2,187
0.13452914798206278,5831.0,2,1644.6,1663.0,S1,dqn,2,188
0.16616816218012628,5515.0,0,1431.8,1457.0,S1,dqn,2,189
0.1430615164520744,5199.0,1,1434.4,1449.0,S1,dqn,2,190
0.1491196550485088,5183.0,3,1428.4,1438.0,S1,dqn,2,191
0.1359724612736661,5382.0,0,1375.4,1384.0,S1,dqn,2,192
0.14664523905182805,4650.3,4,1346.6,1378.0,S1,dqn,2,193
0.14487504527345166,5119.0,2,1386.6,1432.0,S1,dqn,2,194
0.10490753911806544,5336.0,2,1334.8,1349.0,S1,dqn,2,195
0.14925373134328357,4932.0,1,1425.2,1449.0,S1,dqn,2,196
0.15069967707212056,5147.3,2,1443.6,1489.0,S1,dqn,2,197
0.1379839018781142,4830.0,0,1266.2,1267.0,S1,dqn,2,198
0.1643192488262911,5055.0,0,1488.3999999999999,1577.0,S1,dqn,2,199
0.1393312101910828,4701.0,0,1409.6,1439.0,S1,dqn,2,200
0.12490392006149116,4947.0,4,1331.4,1348.0,S1,dqn,2,201
0.1532258064516129,4693.0,7,1309.0,1358.0,S1,dqn,2,202
0.13243831640058054,5144.0,1,1395.0,1399.0,S1,dqn,2,203
0.09739187850775834,5780.0,1,1448.6,1462.0,S1,dqn,2,204
0.17294388931591084,4766.0,2,1309.6,1377.0,S1,dqn,2,205
0.1858600583090379,4955.0,0,1408.3999999999999,1451.0,S1,dqn,2,206
0.17410015649452268,4774.0,9,1282.8,1285.0,S1,dqn,2,207
0.16416845110635261,5201.0,3,1430.8,1461.0,S1,dqn,2,208
0.13691322901849218,5216.0,0,1354.4,1369.0,S1,dqn,2,209
0.1362105907560453,6071.0,0,1779.6,1785.0,S1,dqn,2,210
0.1663619744058501,4972.0,0,1368.8,1387.0,S1,dqn,2,211
0.12094102054340623,5663.0,0,1599.4,1611.0,S1,dqn,2,212
0.12722132471728595,4649.0,2,1218.0,1260.0,S1,dqn,2,213
0.12872905598692277,4616.0,3,1280.2,1293.0,S1,dqn,2,214
0.13723365836041893,5130.0,0,1417.4,1433.0,S1,dqn,2,215
0.16635514018691588,4902.0,0,1296.6,1319.0,S1,dqn,2,216
0.14435695538057744,4906.0,0,1474.6,1518.0,S1,dqn,2,217
0.152428810720268,5472.0,0,1575.6,1606.0,S1,dqn,2,218
0.1485148514851485,5021.0,0,1254.8,1261.0,S1,dqn,2,219
0.16056758775205376,4883.0,0,1349.8,1387.0,S1,dqn,2,220
0.12339242266249566,5356.0,0,1464.6,1505.0,S1,dqn,2,221
0.17478616586091483,4910.0,1,1502.8,1567.0,S1,dqn,2,222
0.12077294685990338,5423.0,0,1459.0,1487.0,S1,dqn,2,223
0.15368852459016394,5448.0,3,1481.0,1543.0,S1,dqn,2,224
0.15046766978446524,4520.0,0,1127.2,1138.0,S1,dqn,2,225
0.1103988603988604,5293.0,0,1559.3999999999999,1645.0,S1,dqn,2,226
0.14741588622962193,5343.0,3,1493.0,1533.0,S1,dqn,2,227
0.14181818181818182,5122.0,3,1394.6,1395.0,S1,dqn,2,228
0.20104895104895104,4128.0,1,1080.2,1091.0,S1,dqn,2,229
0.11816578483245149,5312.0,1,1497.0,1513.0,S1,dqn,2,230
0.1609442060085837,5139.0,1,1397.8,1429.0,S1,dqn,2,231
0.15776699029126215,5289.5,0,1510.8,1537.0,S1,dqn,2,232
0.10836437521164917,5548.0,0,1466.4,1473.0,S1,dqn,2,233
0.13296903460837886,5097.0,0,1386.0,1435.0,S1,dqn,2,234
0.11098779134295228,5118.0,1,1295.0,1301.0,S1,dqn,2,235
0.12259524707657488,4939.0,0,1332.0,1380.0,S1,dqn,2,236
0.15251299826689774,5327.0,2,1449.2,1451.0,S1,dqn,2,237
0.14304082288653167,5784.0,1,1605.8,1630.0,S1,dqn,2,238
0.10853008377760853,5029.0,5,1499.0,1547.0,S1,dqn,2,239
0.13980582524271845,4797.2,1,1190.8,1206.0,S1,dqn,2,240
0.10897852960312297,5805.0,0,1612.3999999999999,1642.0,S1,dqn,2,241
0.13622074746769122,5373.0,3,1479.8,1521.0,S1,dqn,2,242
0.15549412577747063,5335.0,0,1567.8,1572.0,S1,dqn,2,243
0.13226527570789867,5075.0,3,1359.2,1365.0,S1,dqn,2,244
0.17184401850627892,5489.0,0,1507.2,1525.0,S1,dqn,2,245
0.122533418204965,5866.0,0,1698.6,1768.0,S1,dqn,2,246
0.14827995255041518,4663.0,0,1136.44,1145.0,S1,dqn,2,247
0.16123499142367068,5327.0,0,1460.8,1475.0,S1,dqn,2,248
0.1343230823612584,5260.0,1,1557.8,1659.0,S1,dqn,2,249
0.13743218806509946,5107.0,0,1354.0,1364.0,S1,dqn,2,250
0.12727963525835867,5001.0,5,1335.8,1344.0,S1,dqn,2,251
0.10490753911806544,5311.0,0,1278.4,1279.0,S1,dqn,2,252
0.18575258521639218,4729.0,1,1290.6,1303.0,S1,dqn,2,253
0.15094979647218454,5423.0,0,1423.4,1428.0,S1,dqn,2,254
0.14200298953662183,4984.0,0,1301.8,1358.0,S1,dqn,2,255
0.17291590826356024,5091.0,7,1566.6,1599.0,S1,dqn,2,256
0.15251745681734658,5014.0,1,1423.3999999999999,1479.0,S1,dqn,2,257
0.11433447098976109,5557.0,3,1496.4,1497.0,S1,dqn,2,258
0.1191746709356101,5264.0,0,1357.0,1361.0,S1,dqn,2,259
0.10956521739130434,5452.0,1,1518.4,1546.0,S1,dqn,2,260
0.1259259259259259,5092.0,2,1381.4,1405.0,S1,dqn,2,261
0.11044552602021715,5039.0,2,1366.8,1374.0,S1,dqn,2,262
0.09282854022570076,5301.0,6,1640.8,1755.0,S1,dqn,2,263
0.12685643564356436,6031.0,0,1641.8,1710.0,S1,dqn,2,264
0.1482889733840304,4842.0,0,1487.0,1568.0,S1,dqn,2,265
0.14911634756995581,5054.3,2,1413.82,1438.0,S1,dqn,2,266
0.16483516483516483,4678.0,2,1266.6,1300.0,S1,dqn,2,267
0.12416107382550336,5602.0,1,1574.6,1660.0,S1,dqn,2,268
0.13667820069204153,5397.0,3,1534.8,1540.0,S1,dqn,2,269
0.1462491397109429,5389.0,2,1447.2,1496.0,S1,dqn,2,270
0.13283378746594005,5484.0,2,1450.8,1452.0,S1,dqn,2,271
0.13513513513513514,5026.3,0,1568.1999999999998,1657.0,S1,dqn,2,272
0.09545296771954183,5444.0,0,1599.3999999999999,1633.0,S1,dqn,2,273
0.11992945326278659,5337.0,3,1562.6,1583.0,S1,dqn,2,274
0.10665220535068691,5224.0,0,1569.0,1686.0,S1,dqn,2,275
0.1421706047256708,4701.0,6,1378.8,1444.0,S1,dqn,2,276
0.08105187319884727,5309.0,0,1496.4,1505.0,S1,dqn,2,277
0.11348005502063274,5458.0,0,1513.6,1517.0,S1,dqn,2,278
0.16855991205569806,4995.0,0,1307.6,1329.0,S1,dqn,2,279
0.09753593429158111,5556.0,0,1415.4,1425.0,S1,dqn,2,280
0.12922465208747516,5648.0,0,1515.0,1536.0,S1,dqn,2,281
0.15800944424264438,5068.0,0,1365.3999999999999,1399.0,S1,dqn,2,282
0.11740331491712708,5489.0,3,1498.3999999999999,1549.0,S1,dqn,2,283
0.14043932301044293,5166.0,0,1405.2,1428.0,S1,dqn,2,284
0.11107130060910068,5304.0,4,1442.8,1471.0,S1,dqn,2,285
0.12855209742895804,5509.0,0,1361.4,1365.0,S1,dqn,2,286
0.14613778705636743,5350.0,2,1558.6,1628.0,S1,dqn,2,287
0.12671976828385229,5203.1,3,1410.28,1457.1,S1,dqn,2,288
0.0880281690140845,5407.0,0,1516.8,1599.0,S1,dqn,2,289
0.11547742157876595,5469.0,1,1444.8,1445.0,S1,dqn,2,290
0.13226592412112775,5378.0,2,1442.0,1474.0,S1,dqn,2,291
0.12249827467218771,5483.5,5,1500.8,1518.0,S1,dqn,2,292
0.10522742701968771,5554.0,0,1453.2,1491.0,S1,dqn,2,293
0.13052208835341367,5583.0,0,1493.2,1495.0,S1,dqn,2,294
0.16538461538461538,4757.6,0,1226.0,1229.0,S1,dqn,2,295
0.1407035175879397,5542.4,1,1616.2,1660.0,S1,dqn,2,296
0.09210060219624513,5473.0,8,1432.2,1441.0,S1,dqn,2,297
0.10645266950540452,5758.0,0,1775.0,1859.0,S1,dqn,2,298
0.17893870835047307,4386.5,0,1146.6,1172.0,S1,dqn,2,299
0.11977118341079729,5316.0,5,1524.0,1560.0,S1,dqn,2,300
0.12095507382972039,6008.0,2,1514.0,1540.0,S1,dqn,2,301
0.10714285714285714,5802.0,1,1530.6,1554.0,S1,dqn,2,302
0.11703958691910499,5437.0,0,1645.0,1679.0,S1,dqn,2,303
0.15481017323995577,5013.0,2,1297.0,1301.0,S1,dqn,2,304
0.15339538090313684,5334.0,0,1514.0,1537.0,S1,dqn,2,305
0.1546003016591252,4873.1,0,1331.2,1337.0,S1,dqn,2,306
0.20037453183520598,4782.0,0,1499.8,1537.0,S1,dqn,2,307
0.1765375854214123,4760.7,0,1382.0,1408.0,S1,dqn,2,308
0.1423342822285482,4560.4,0,1158.4,1173.0,S1,dqn,2,309
0.09225092250922509,5207.0,4,1571.8,1648.0,S1,dqn,2,310
0.11131725417439703,5047.0,0,1336.8,1348.0,S1,dqn,2,311
0.13226527570789867,5060.0,3,1485.1999999999998,1564.0,S1,dqn,2,312
0.1258741258741259,5362.0,2,1451.2,1458.0,S1,dqn,2,313
0.16294050776809396,4825.0,0,1389.2,1444.0,S1,dqn,2,314
0.1714623571147024,4627.3,0,1253.4,1254.0,S1,dqn,2,315
0.13396375098502758,4713.0,1,1374.2,1391.0,S1,dqn,2,316
0.040338071456012294,5058.0,0,1554.8,1634.0,S1,dqn,2,317
0.11685552407932011,5285.0,0,1370.6,1387.0,S1,dqn,2,318
0.09963212752912323,6196.0,0,1570.8,1577.0,S1,dqn,2,319
0.12478920741989882,5547.0,1,1446.8,1477.0,S1,dqn,2,320
0.16958041958041958,5227.0,1,1355.4,1363.0,S1,dqn,2,321
0.14615662215806569,5169.0,5,1378.6,1397.0,S1,dqn,2,322
0.06448239804810038,5580.0,4,1528.0,1573.0,S1,dqn,2,323
0.12742911755336095,5915.0,3,1620.6,1658.0,S1,dqn,2,324
0.11492220650636492,5328.0,0,1531.2,1572.0,S1,dqn,2,325
0.1736842105263158,5162.0,0,1342.6,1343.0,S1,dqn,2,326
0.11235955056179775,5002.0,0,1349.8,1371.0,S1,dqn,2,327
0.11028164234815066,5636.0,6,1631.6,1686.0,S1,dqn,2,328
0.168343653250774,4735.0,1,1201.8,1221.0,S1,dqn,2,329
0.1314368023046453,5326.0,11,1506.0,1533.0,S1,dqn,2,330
0.11944260119442601,5665.4,2,1490.0,1526.0,S1,dqn,2,331
0.13176638176638178,5208.0,0,1395.2,1444.0,S1,dqn,2,332
0.07051943584451324,5621.0,1,1547.2,1575.0,S1,dqn,2,333
0.14715394566623544,5711.0,0,1477.4,1488.0,S1,dqn,2,334
0.1266255989048597,5591.0,8,1620.0,1629.0,S1,dqn,2,335
0.10650887573964497,4802.0,3,1473.6,1539.0,S1,dqn,2,336
0.08284241531664212,5199.0,1,1413.4,1427.0,S1,dqn,2,337
0.15574402467232074,4782.6,1,1332.4,1359.0,S1,dqn,2,338
0.1848622253226369,5206.0,2,1366.4,1387.0,S1,dqn,2,339
0.12877939529675253,5010.0,0,1271.2,1276.0,S1,dqn,2,340
0.15034836817015035,5151.0,9,1352.6,1364.0,S1,dqn,2,341
0.1314475873544093,5632.4,2,1505.8,1530.0,S1,dqn,2,342
0.092534504391468,6183.0,9,1628.4,1634.0,S1,dqn,2,343
0.10420686993438827,4934.0,4,1414.6,1423.0,S1,dqn,2,344
0.10258997645475951,5663.0,3,1520.2,1550.0,S1,dqn,2,345
0.16010305483989695,4981.0,1,1336.3999999999999,1366.0,S1,dqn,2,346
0.1269217018233822,5201.0,0,1565.2,1606.0,S1,dqn,2,347
0.07181028724114896,5765.0,2,1608.4,1622.0,S1,dqn,2,348
0.1363803907113896,5088.5,4,1438.2,1447.0,S1,dqn,2,349
0.11564625850340136,5577.0,5,1533.3999999999999,1578.0,S1,dqn,2,350
0.14453961456102785,5251.0,2,1446.8,1464.0,S1,dqn,2,351
0.11913357400722022,5202.0,0,1426.8,1443.0,S1,dqn,2,352
0.15101228011948226,5548.0,0,1478.4,1490.0,S1,dqn,2,353
0.14347984017435525,5103.3,1,1318.2,1331.0,S1,dqn,2,354
0.1580894719138917,5478.0,0,1429.4,1440.0,S1,dqn,2,355
0.1986632008911994,4883.0,2,1380.4,1404.0,S1,dqn,2,356
0.15390252839868085,5100.0,5,1374.6,1400.0,S1,dqn,2,357
0.0804953560371517,6292.0,6,1690.6,1731.0,S1,dqn,2,358
0.14050387596899225,5754.0,2,1607.2,1622.0,S1,dqn,2,359
0.13442737430167598,5360.0,0,1680.3999999999999,1794.0,S1,dqn,2,360
0.17400962606442058,4894.0,0,1565.6,1686.0,S1,dqn,2,361
0.11174116077384923,5698.0,1,1448.4,1454.0,S1,dqn,2,362
0.1564093845630738,5464.0,2,1408.2,1416.0,S1,dqn,2,363
0.12989262209906477,5356.0,0,1438.4,1448.0,S1,dqn,2,364
0.049019607843137254,5743.0,0,1510.0,1520.0,S1,dqn,2,365
0.09423294383716548,5013.0,0,1391.2,1414.0,S1,dqn,2,366
0.10234400792340706,5710.0,0,1532.4,1557.0,S1,dqn,2,367
0.117296918767507,5354.0,0,1543.0,1613.0,S1,dqn,2,368
0.15537709497206703,5340.0,5,1407.0,1420.0,S1,dqn,2,369
0.13979665940450253,5080.0,0,1462.0,1475.0,S1,dqn,2,370
0.1474400518470512,5689.0,0,1445.2,1468.0,S1,dqn,2,371
0.10329244673983215,5883.0,2,1588.6,1604.0,S1,dqn,2,372
0.12221041445270989,5298.0,0,1411.8,1452.0,S1,dqn,2,373
0.17915904936014626,4977.0,0,1275.6,1278.0,S1,dqn,2,374
0.06892697466467958,5160.0,0,1468.0,1511.0,S1,dqn,2,375
0.13599731363331094,5528.0,0,1638.3999999999999,1718.0,S1,dqn,2,376
0.15426147319706904,4763.0,0,1279.4,1286.0,S1,dqn,2,377
0.10381905821282907,5146.0,4,1341.4,1361.0,S1,dqn,2,378
0.09929078014184398,5387.0,3,1436.6,1467.0,S1,dqn,2,379
0.19473494410385864,5003.0,1,1371.8,1377.0,S1,dqn,2,380
0.11313745356298548,5584.0,1,1425.3999999999999,1474.0,S1,dqn,2,381
0.12116892373485388,5244.0,0,1580.0,1621.0,S1,dqn,2,382
0.11805786498170935,5671.0,3,1585.3999999999999,1626.0,S1,dqn,2,383
0.14027431421446385,6038.0,6,1587.2,1589.0,S1,dqn,2,384
0.11247443762781185,5580.0,3,1517.3999999999999,1547.0,S1,dqn,2,385
0.14133688061190555,5586.0,2,1551.0,1590.0,S1,dqn,2,386
0.1713221601489758,4902.0,1,1419.6,1484.0,S1,dqn,2,387
0.16123778501628663,5622.0,0,1497.3999999999999,1534.0,S1,dqn,2,388
0.13786764705882354,5042.0,0,1440.8,1520.0,S1,dqn,2,389
0.2002184200946487,4921.5,0,1388.4,1407.0,S1,dqn,2,390
0.14497528830313014,5647.0,1,1548.0,1562.0,S1,dqn,2,391
0.10037878787878787,5012.0,2,1573.1999999999998,1670.0,S1,dqn,2,392
0.12288276320159415,5724.0,7,1587.8,1611.0,S1,dqn,2,393
0.19485580670303976,4659.0,2,1403.0,1434.0,S1,dqn,2,394
0.06759160441124155,5449.0,4,1529.0,1562.0,S1,dqn,2,395
0.09934971098265896,5308.0,3,1436.0,1494.0,S1,dqn,2,396
0.11144130757800892,5057.0,0,1414.0,1473.0,S1,dqn,2,397
0.1016597510373444,4602.0,2,1262.8,1290.0,S1,dqn,2,398
0.07047095221725679,5695.0,7,1580.8,1610.0,S1,dqn,2,399
0.1784452296819788,5142.0,2,1524.3999999999999,1570.0,S1,dqn,2,400
0.17857142857142858,5072.0,0,1368.6,1393.0,S1,dqn,2,401
0.09167583425009168,5171.0,0,1503.0,1504.0,S1,dqn,2,402
0.12402551381998582,5266.0,0,1379.0,1408.0,S1,dqn,2,403
0.1814516129032258,4943.0,1,1444.3999999999999,1491.0,S1,dqn,2,404
0.08477176831607211,5172.9,12,1323.4,1329.0,S1,dqn,2,405
0.05338078291814947,5427.0,0,1335.2,1354.0,S1,dqn,2,406
0.15375153751537515,4480.0,0,1152.0,1161.0,S1,dqn,2,407
0.07462686567164178,5778.0,9,1591.4,1612.0,S1,dqn,2,408
0.15151515151515152,5934.0,3,1754.3999999999999,1842.0,S1,dqn,2,409
0.12273212379935966,5254.0,0,1328.4,1334.0,S1,dqn,2,410
0.09726898615787505,5128.0,5,1411.4,1438.0,S1,dqn,2,411
0.1636302294197031,5485.0,2,1367.0,1378.0,S1,dqn,2,412
0.14681348014681347,5606.4,2,1746.6,1835.0,S1,dqn,2,413
0.16520210896309315,5222.0,2,1429.6,1481.0,S1,dqn,2,414
0.16438802083333334,5611.0,0,1497.0,1520.0,S1,dqn,2,415
0.1460626587637595,4399.7,2,1569.6,1680.0,S1,dqn,2,416
0.19192587690271343,5481.0,1,1528.3999999999999,1580.0,S1,dqn,2,417
0.10621557828481511,4771.0,0,1445.8,1465.0,S1,dqn,2,418
0.1261431725007884,5919.0,0,1582.2,1586.0,S1,dqn,2,419
0.15767230169050714,5639.0,0,1489.4,1506.0,S1,dqn,2,420
0.12343532684283727,5354.9,0,1427.2,1445.0,S1,dqn,2,421
0.16695957820738136,5232.0,1,1371.0,1405.0,S1,dqn,2,422
0.1969914040114613,5016.0,0,1282.0,1298.0,S1,dqn,2,423
0.12629757785467127,5482.0,5,1686.6,1751.0,S1,dqn,2,424
0.13441811107180757,5251.0,0,1514.2,1546.0,S1,dqn,2,425
0.14169381107491857,5707.0,2,1522.4,1543.0,S1,dqn,2,426
0.17919441801458927,5708.0,0,1671.4,1699.0,S1,dqn,2,427
0.11623683254631312,5233.0,2,1478.1999999999998,1563.0,S1,dqn,2,428
0.1410105757931845,4733.2,0,1253.0,1290.0,S1,dqn,2,429
0.09491634491634492,5893.0,1,1800.6,1907.0,S1,dqn,2,430
0.17089305402425578,4984.0,1,1408.6,1437.0,S1,dqn,2,431
0.11706221937139191,5908.0,2,1605.6,1613.0,S1,dqn,2,432
0.15660377358490565,4842.0,0,1390.4,1417.0,S1,dqn,2,433
0.1316245237270523,5451.0,2,1692.3999999999999,1786.0,S1,dqn,2,434
0.12315270935960591,5311.0,0,1457.6,1502.0,S1,dqn,2,435
0.13561741613133477,5271.0,5,1473.8,1532.0,S1,dqn,2,436
0.18065487391795257,4956.0,8,1329.6,1345.0,S1,dqn,2,437
0.14990138067061143,4647.0,0,1109.6,1116.0,S1,dqn,2,438
0.16425992779783394,5042.0,0,1351.2,1373.0,S1,dqn,2,439
0.08333333333333333,5072.0,2,1533.1999999999998,1619.0,S1,dqn,2,440
0.09559576647319905,5610.0,3,1604.3999999999999,1653.0,S1,dqn,2,441
0.08680555555555555,6073.0,2,1516.2,1519.0,S1,dqn,2,442
0.1227390180878553,5819.0,2,1521.6,1526.0,S1,dqn,2,443
0.17083829956297178,4576.0,0,1166.6,1169.0,S1,dqn,2,444
0.14633219308247813,4839.5,0,1402.2,1431.0,S1,dqn,2,445
0.12573481384715873,5726.0,0,1513.8,1530.0,S1,dqn,2,446
0.15833033465275279,5120.9,1,1326.8,1366.0,S1,dqn,2,447
0.1197500867754252,5394.0,0,1439.0,1450.0,S1,dqn,2,448
0.18706157443491817,4725.1,4,1237.2,1250.0,S1,dqn,2,449
0.13590844062947066,5179.0,0,1359.2,1366.0,S1,dqn,2,450
0.14265831593597772,5305.0,0,1467.6,1498.0,S1,dqn,2,451
0.0892510671323244,4966.0,4,1420.0,1443.0,S1,dqn,2,452
0.12177121771217712,5047.0,0,1386.8,1447.0,S1,dqn,2,453
0.10882238631947143,4938.0,7,1316.8,1337.0,S1,dqn,2,454
0.08759635599159075,5435.0,0,1554.3999999999999,1602.0,S1,dqn,2,455
0.10275107722903547,5761.0,4,1510.4,1526.0,S1,dqn,2,456
0.10784313725490197,5787.0,2,1533.2,1538.0,S1,dqn,2,457
0.15413279132791327,5471.0,2,1400.6,1404.0,S1,dqn,2,458
0.11509949278189621,4890.0,6,1364.04,1407.0,S1,dqn,2,459
0.15503875968992248,4807.4,2,1405.8,1429.0,S1,dqn,2,460
0.19128787878787878,4792.0,2,1273.4,1284.0,S1,dqn,2,461
0.10247349823321555,5347.0,0,1422.6,1427.0,S1,dqn,2,462
0.03163379233345739,5281.0,1,1470.0,1486.0,S1,dqn,2,463
0.11295446523120367,5328.0,1,1364.8,1375.0,S1,dqn,2,464
0.08585164835164835,5571.0,2,1572.2,1630.0,S1,dqn,2,465
0.13650682534126707,5341.0,0,1477.3999999999999,1525.0,S1,dqn,2,466
0.09784075573549257,5695.0,5,1752.6,1838.0,S1,dqn,2,467
0.1171731966312706,5114.0,1,1247.8,1262.0,S1,dqn,2,468
0.1455767077267637,5035.9,4,1456.8,1511.0,S1,dqn,2,469
0.15983452425723957,4852.2,0,1296.96,1311.7,S1,dqn,2,470
0.11052631578947368,5427.0,3,1496.0,1498.0,S1,dqn,2,471
0.1251788268955651,5244.6,1,1542.6,1559.0,S1,dqn,2,472
0.15727618389215348,5443.0,6,1446.8,1503.0,S1,dqn,2,473
0.2064469395146686,4989.0,4,1306.0,1315.0,S1,dqn,2,474
0.14027431421446385,5933.0,0,1736.2,1770.0,S1,dqn,2,475
0.08570554025099479,6281.0,4,1686.6,1730.0,S1,dqn,2,476
0.07840062720501764,4914.0,1,1234.2,1264.0,S1,dqn,2,477
0.1948529411764706,4882.0,0,1328.6,1365.0,S1,dqn,2,478
0.11317999269806499,5130.0,0,1365.4,1372.0,S1,dqn,2,479
0.06293474660483604,5855.0,3,1562.8,1579.0,S1,dqn,2,480
0.13089906992766104,5413.0,1,1501.3999999999999,1535.0,S1,dqn,2,481
0.12829403606102635,5390.0,2,1340.0,1346.0,S1,dqn,2,482
0.15754233950374164,4645.0,0,1333.3999999999999,1394.0,S1,dqn,2,483
0.07575757575757576,4656.0,0,1454.8,1486.0,S1,dqn,2,484
0.16379880873593647,5596.0,5,1521.8,1561.0,S1,dqn,2,485
0.11677631578947369,5682.0,0,1541.2,1579.0,S1,dqn,2,486
0.15682349015682348,5526.0,3,1401.8,1418.0,S1,dqn,2,487
0.1445877295818679,4795.0,4,1292.2,1309.0,S1,dqn,2,488
0.19103600293901543,4946.0,4,1340.6,1356.0,S1,dqn,2,489
0.11798209926769732,4668.0,4,1469.3999999999999,1572.0,S1,dqn,2,490
0.1289350301406564,5614.0,4,1556.8,1628.0,S1,dqn,2,491
0.09612141652613827,5647.0,0,1477.2,1480.0,S1,dqn,2,492
0.17927572606669057,5170.0,3,1391.0,1401.0,S1,dqn,2,493
0.12082853855005754,4931.8,4,1377.6,1379.0,S1,dqn,2,494
0.08462104488594555,5233.3,3,1369.86,1399.0,S1,dqn,2,495
0.0993831391363948,5538.0,1,1546.0,1617.0,S1,dqn,2,496
0.07797581158497773,6071.0,0,1829.1999999999998,1908.0,S1,dqn,2,497
0.09914529914529914,5557.0,2,1450.8,1480.0,S1,dqn,2,498
0.09937238493723849,5543.0,8,1397.4,1401.0,S1,dqn,2,499
0.17222222222222222,4908.5,0,1308.0,1323.0,S1,dqn,2,500
0.17647058823529413,4457.0,0,1187.4,1201.0,S1,dqn,2,501
0.13186416184971098,5178.0,2,1298.6,1307.0,S1,dqn,2,502
0.1497292131251991,5802.0,1,1539.2,1548.0,S1,dqn,2,503
0.11534603811434303,5609.0,0,1487.2,1505.0,S1,dqn,2,504
0.12487512487512488,5678.0,3,1558.6,1617.0,S1,dqn,2,505
0.09167303284950344,4953.0,0,1371.6,1374.0,S1,dqn,2,506
0.11451667228022903,5585.0,0,1617.2,1649.0,S1,dqn,2,507
0.11212333566923616,5345.0,0,1443.8,1445.0,S1,dqn,2,508
0.06562756357670221,4683.0,0,1269.3999999999999,1304.0,S1,dqn,2,509
0.10509926041261192,4845.0,0,1258.8,1263.0,S1,dqn,2,510
0.1260178363706863,4857.0,4,1416.3999999999999,1477.0,S1,dqn,2,511
0.1342512908777969,5377.0,0,1653.6,1751.0,S1,dqn,2,512
0.09638976515948125,5438.0,2,1615.3999999999999,1696.0,S1,dqn,2,513
0.15060240963855423,4881.2,0,1345.6,1359.0,S1,dqn,2,514
0.0721830985915493,5502.0,3,1566.8,1582.0,S1,dqn,2,515
0.10314685314685315,5392.0,0,1519.0,1530.0,S1,dqn,2,516
0.14305177111716622,5419.0,0,1464.6,1511.0,S1,dqn,2,517
0.07493443237167478,5160.0,2,1555.6,1677.0,S1,dqn,2,518
0.09846827133479212,5191.0,0,1477.2,1479.0,S1,dqn,2,519
0.18642803877703207,4881.0,2,1371.8,1379.0,S1,dqn,2,520
0.17424798239178282,4949.1,0,1401.2,1416.0,S1,dqn,2,521
0.1368202286110149,5376.0,1,1447.4,1473.0,S1,dqn,2,522
0.14314115308151093,4687.3,2,1302.2,1324.0,S1,dqn,2,523
0.16327890703098968,5489.0,0,1592.2,1628.0,S1,dqn,2,524
0.1294378698224852,5055.0,0,1415.6,1471.0,S1,dqn,2,525
0.07050528789659224,4898.0,0,1325.8,1359.0,S1,dqn,2,526
0.06907545164718384,5428.0,0,1627.6,1673.0,S1,dqn,2,527
0.14073494917904614,4818.0,5,1219.0,1244.0,S1,dqn,2,528
0.09235315847801995,5251.0,8,1251.0,1261.0,S1,dqn,2,529
0.0815629742033384,5064.0,3,1264.8,1270.0,S1,dqn,2,530
0.10037059913526869,6158.0,2,1616.8,1646.0,S1,dqn,2,531
0.09964830011723329,4995.0,9,1434.0,1465.0,S1,dqn,2,532
0.14193984454207503,5475.8,0,1541.0,1552.0,S1,dqn,2,533
0.1609480014149275,5181.0,0,1418.0,1454.0,S1,dqn,2,534
0.11443661971830986,5332.5,0,1502.3,1548.0,S1,dqn,2,535
0.10281158203944607,4478.0,0,1261.4,1281.0,S1,dqn,2,536
0.12345679012345678,5434.0,0,1426.8,1439.0,S1,dqn,2,537
0.11447920025798129,5804.0,0,1569.6,1582.0,S1,dqn,2,538
0.14711224119142755,5068.0,0,1368.4,1375.0,S1,dqn,2,539
0.09969061533172911,5495.0,0,1587.4,1607.0,S1,dqn,2,540
0.10409057706355003,5313.0,8,1453.6,1461.0,S1,dqn,2,541
0.07896399241945673,6084.0,1,1568.4,1570.0,S1,dqn,2,542
0.13606745879647375,4845.0,0,1362.8,1390.0,S1,dqn,2,543
0.1505901505901506,4641.0,4,1270.0,1282.0,S1,dqn,2,544
0.15251745681734658,4989.1,0,1457.22,1523.0,S1,dqn,2,545
0.03687079192048734,6080.0,0,1548.8,1556.0,S1,dqn,2,546
0.08568548387096774,5739.0,4,1491.6,1495.0,S1,dqn,2,547
0.12672441450112287,5806.0,0,1594.8,1612.0,S1,dqn,2,548
0.1563721657544957,4678.1,0,1450.4199999999998,1563.0,S1,dqn,2,549
0.1143141153081511,5663.0,0,1572.2,1586.0,S1,dqn,2,550
0.20234493192133132,4770.0,2,1265.6,1296.0,S1,dqn,2,551
0.0922874093605801,5745.0,0,1464.0,1468.0,S1,dqn,2,552
0.1277116864940518,5383.2,2,1348.0,1348.0,S1,dqn,2,553
0.1509433962264151,4382.0,0,1262.3999999999999,1300.0,S1,dqn,2,554
0.13824057450628366,5165.8,0,1497.3999999999999,1552.0,S1,dqn,2,555
0.062226707029936094,5848.0,8,1523.4,1548.0,S1,dqn,2,556
0.056776556776556776,5263.5,0,1411.2,1414.0,S1,dqn,2,557
0.12509335324869306,5023.0,1,1572.6,1666.0,S1,dqn,2,558
0.19010705057216684,4880.0,1,1453.0,1520.0,S1,dqn,2,559
0.10357500835282325,5773.0,7,1537.6,1573.0,S1,dqn,2,560
0.13959889893826188,4703.0,1,1356.2,1375.0,S1,dqn,2,561
0.09286234522942462,5314.0,7,1554.2,1619.0,S1,dqn,2,562
0.1678478179783663,4949.0,4,1261.2,1263.0,S1,dqn,2,563
0.19302848575712145,4818.0,0,1306.0,1312.0,S1,dqn,2,564
0.16021573604060912,5876.0,6,1636.2,1677.0,S1,dqn,2,565
0.1168468782699686,5411.0,2,1512.6,1518.0,S1,dqn,2,566
0.14300482425913164,5406.0,0,1532.8,1589.0,S1,dqn,2,567
0.10995154677599701,5108.0,4,1447.6,1451.0,S1,dqn,2,568
0.13309352517985612,5302.0,8,1617.1999999999998,1720.0,S1,dqn,2,569
0.1401151631477927,4932.0,6,1304.2,1334.0,S1,dqn,2,570
0.13287775246772968,4930.0,3,1342.2,1369.0,S1,dqn,2,571
0.12902198152277797,5855.0,1,1587.3999999999999,1666.0,S1,dqn,2,572
0.09676218831410495,5081.0,0,1418.8,1449.0,S1,dqn,2,573
0.15056022408963585,5266.1,1,1417.0,1424.0,S1,dqn,2,574
0.14219830899308225,4831.0,0,1303.2,1321.0,S1,dqn,2,575
0.12931034482758622,4958.0,0,1539.6,1582.0,S1,dqn,2,576
0.17057960381511372,5009.9,4,1393.2,1412.0,S1,dqn,2,577
0.11535552193645991,4945.0,0,1387.0,1404.0,S1,dqn,2,578
0.12064343163538874,4944.0,4,1468.0,1517.0,S1,dqn,2,579
0.1694915254237288,5299.0,0,1581.2,1607.0,S1,dqn,2,580
0.08751651254953764,5758.0,0,1643.0,1723.0,S1,dqn,2,581
0.1637233259749816,4968.0,0,1293.4,1296.0,S1,dqn,2,582
0.12891883973044244,6398.0,3,1776.0,1787.0,S1,dqn,2,583
0.08959943780744906,5424.0,0,1522.2,1585.0,S1,dqn,2,584
0.08977900552486189,5519.0,2,1686.8,1746.0,S1,dqn,2,585
0.1141804788213628,5097.0,1,1452.3999999999999,1489.0,S1,dqn,2,586
0.11488158359844468,5315.0,0,1809.8,1949.0,S1,dqn,2,587
0.15893792071802543,4912.5,0,1362.4,1372.0,S1,dqn,2,588
0.10710259301014656,5049.0,1,1447.4,1474.0,S1,dqn,2,589
0.14189189189189189,5497.0,1,1520.3999999999999,1587.0,S1,dqn,2,590
0.1232454638822321,5469.0,0,1641.0,1715.0,S1,dqn,2,591
0.07516442217350454,6133.0,2,1756.4,1784.0,S1,dqn,2,592
0.1264591439688716,5785.0,1,1577.4,1597.0,S1,dqn,2,593
0.1524677774284816,5869.0,0,1550.4,1557.0,S1,dqn,2,594
0.11059190031152648,6022.0,0,1641.6,1678.0,S1,dqn,2,595
0.10948905109489052,5401.0,0,1519.6,1560.0,S1,dqn,2,596
0.0701926216127979,5948.0,4,1511.6,1518.0,S1,dqn,2,597
0.1300625617385578,5676.0,0,1586.2,1616.0,S1,dqn,2,598
0.14986886474334957,4957.3,4,1435.4,1450.0,S1,dqn,2,599
0.061124694376528114,4745.0,0,1342.0,1394.0,S1,dqn,2,600
0.13220338983050847,5582.0,3,1459.4,1483.0,S1,dqn,2,601
0.1431064572425829,5352.0,3,1469.2,1502.0,S1,dqn,2,602
0.13307367737747486,5774.0,3,1747.0,1851.0,S1,dqn,2,603
0.1269337564458548,4714.0,2,1551.0,1657.0,S1,dqn,2,604
0.11063526052819414,5311.0,3,1568.3999999999999,1626.0,S1,dqn,2,605
0.039742619227857684,5151.0,1,1495.6,1561.0,S1,dqn,2,606
0.07254464285714286,5183.0,2,1479.6,1534.0,S1,dqn,2,607
0.12147078135259357,5679.0,0,1469.0,1507.0,S1,dqn,2,608
0.10222764723832774,6246.0,4,1665.4,1671.0,S1,dqn,2,609
0.17058377558756635,4833.0,2,1255.6,1273.0,S1,dqn,2,610
0.12168933428775948,5235.1,1,1598.0,1625.0,S1,dqn,2,611
0.09831962817304254,5416.0,7,1516.6,1526.0,S1,dqn,2,612
0.16756756756756758,5087.0,0,1385.8,1415.0,S1,dqn,2,613
0.11695906432748537,5144.0,2,1270.0,1271.0,S1,dqn,2,614
0.06815798671793079,5559.0,1,1617.6,1668.0,S1,dqn,2,615
0.11768901569186876,5245.0,0,1397.0,1424.0,S1,dqn,2,616
0.11215629522431259,5265.0,5,1381.8,1385.0,S1,dqn,2,617
0.13082858101308287,5569.0,0,1371.0,1373.0,S1,dqn,2,618
0.15777610818933133,4886.0,1,1353.8,1357.0,S1,dqn,2,619
0.11030679076180627,5499.0,2,1434.6,1466.0,S1,dqn,2,620
0.06258941344778254,5404.0,2,1575.0,1623.0,S1,dqn,2,621
0.11900191938579655,4947.0,3,1357.0,1380.0,S1,dqn,2,622
0.1282051282051282,4961.0,0,1463.6,1488.0,S1,dqn,2,623
0.1423290203327172,5137.0,7,1555.2,1610.0,S1,dqn,2,624
0.11405568601140557,5624.0,2,1560.3999999999999,1599.0,S1,dqn,2,625
0.07186858316221766,5651.0,0,1443.6,1452.0,S1,dqn,2,626
0.17133305474300042,4354.4,0,1420.0,1490.0,S1,dqn,2,627
0.12528047868362005,4985.0,1,1352.6,1420.0,S1,dqn,2,628
0.10876954452753229,5556.0,0,1600.8,1633.0,S1,dqn,2,629
0.07878151260504201,5464.0,0,1401.6,1404.0,S1,dqn,2,630
0.09168081494057725,5592.0,0,1509.4,1513.0,S1,dqn,2,631
0.11388523872098116,4458.8,12,1231.6,1258.0,S1,dqn,2,632
0.1095890410958904,4787.0,0,1269.6,1280.0,S1,dqn,2,633
0.08445945945945946,5737.0,4,1557.0,1608.0,S1,dqn,2,634
0.13143483023001096,5120.0,1,1358.6,1383.0,S1,dqn,2,635
0.14781966001478197,5009.0,2,1304.6,1342.0,S1,dqn,2,636
0.030564545127651922,5449.0,1,1502.3999999999999,1547.0,S1,dqn,2,637
0.12806439809732895,5108.0,1,1389.6,1417.0,S1,dqn,2,638
0.09643916913946587,5114.0,1,1382.0,1409.0,S1,dqn,2,639
0.12605042016806722,5126.0,2,1471.8,1488.0,S1,dqn,2,640
0.10324483775811209,5794.0,2,1654.8,1713.0,S1,dqn,2,641
0.13087128002868412,5170.0,0,1622.0,1704.0,S1,dqn,2,642
0.16660355925785686,4839.0,1,1240.8,1247.0,S1,dqn,2,643
0.13974096796182686,5430.0,1,1510.8,1588.0,S1,dqn,2,644
0.10056196391600118,6569.0,9,1712.2,1718.0,S1,dqn,2,645
0.13646288209606988,5093.0,0,1554.0,1629.0,S1,dqn,2,646
0.11203585147247119,5900.2,3,1647.6,1676.0,S1,dqn,2,647
0.15765765765765766,5354.0,3,1466.0,1489.0,S1,dqn,2,648
0.04359958144401814,5661.0,4,1479.0,1485.0,S1,dqn,2,649
0.10503501167055686,5685.0,1,1548.4,1552.0,S1,dqn,2,650
0.18054532056005895,4920.0,1,1302.8,1334.0,S1,dqn,2,651
0.1164620711362921,6026.0,5,1683.0,1757.0,S1,dqn,2,652
0.12938372488934285,5466.0,0,1561.4,1576.0,S1,dqn,2,653
0.1719438877755511,4554.6,0,1351.3999999999999,1419.0,S1,dqn,2,654
0.12437810945273632,5365.8,6,1681.0,1740.0,S1,dqn,2,655
0.1382569128456423,5336.0,2,1411.2,1444.0,S1,dqn,2,656
0.15717778553964373,5253.0,0,1404.6,1424.0,S1,dqn,2,657
0.1686835350201687,5022.2,3,1381.8,1425.0,S1,dqn,2,658
0.14302059496567507,4856.1,0,1325.2,1330.0,S1,dqn,2,659
0.15992970123022848,5242.0,2,1294.8,1299.0,S1,dqn,2,660
0.09399736147757255,5801.0,2,1674.3999999999999,1719.0,S1,dqn,2,661
0.1661631419939577,4814.1,0,1244.0,1274.0,S1,dqn,2,662
0.12596899224806202,4792.0,0,1282.8,1319.0,S1,dqn,2,663
0.10056457304163727,5360.0,1,1456.2,1502.0,S1,dqn,2,664
0.1186842997626314,5550.0,1,1528.8,1573.0,S1,dqn,2,665
0.1347858197932053,5023.0,0,1585.8,1656.0,S1,dqn,2,666
0.12090096058297449,5735.0,0,1737.2,1740.0,S1,dqn,2,667
0.08038057742782152,5848.0,2,1617.8,1682.0,S1,dqn,2,668
0.14049586776859505,4492.0,1,1101.8,1112.0,S1,dqn,2,669
0.09691313711414214,5279.0,1,1456.2,1470.0,S1,dqn,2,670
0.1339712918660287,5837.0,2,1515.6,1534.0,S1,dqn,2,671
0.1278825995807128,4422.3,0,1327.8,1384.0,S1,dqn,2,672
0.12055109070034443,4913.0,2,1293.4,1299.0,S1,dqn,2,673
0.0888373889532638,4955.0,0,1424.3999999999999,1460.0,S1,dqn,2,674
0.08534850640113797,5361.0,0,1333.4,1347.0,S1,dqn,2,675
0.12063765618267988,4334.0,0,1241.6,1268.0,S1,dqn,2,676
0.14977810650887574,5010.0,3,1419.2,1460.0,S1,dqn,2,677
0.13033175355450238,5485.0,0,1444.8,1447.0,S1,dqn,2,678
0.13518197573656845,5412.0,1,1408.2,1430.0,S1,dqn,2,679
0.16932658622031918,4700.0,0,1463.2,1515.0,S1,dqn,2,680
0.1691988950276243,5289.9,0,1384.1200000000001,1402.9,S1,dqn,2,681
0.1601993592025632,5150.0,0,1393.2,1453.0,S1,dqn,2,682
0.1400862068965517,5270.1,9,1508.2199999999998,1592.0,S1,dqn,2,683
0.16308002689979825,5425.0,0,1446.0,1451.0,S1,dqn,2,684
0.12363788767812238,4509.0,4,1307.2,1323.0,S1,dqn,2,685
0.1287415513356936,5816.0,1,1467.8,1468.0,S1,dqn,2,686
0.09967320261437909,5872.0,2,1529.8,1546.0,S1,dqn,2,687
0.11909410386567747,4784.0,0,1409.8,1448.0,S1,dqn,2,688
0.07428571428571429,5127.0,7,1388.6,1415.0,S1,dqn,2,689
0.10229720028715003,5289.0,1,1510.6,1557.0,S1,dqn,2,690
0.08193863319386332,5513.0,3,1671.3999999999999,1793.0,S1,dqn,2,691
0.121036481418343,5478.0,0,1478.6,1490.0,S1,dqn,2,692
0.19166973829708808,4873.2,0,1299.2,1306.0,S1,dqn,2,693
0.14467592592592593,4781.0,0,1389.2,1416.0,S1,dqn,2,694
0.09383924928600572,4664.0,0,1163.2,1178.0,S1,dqn,2,695
0.10260869565217391,5427.0,1,1476.0,1495.0,S1,dqn,2,696
0.16865776528461,5184.0,1,1308.2,1315.0,S1,dqn,2,697
0.10692464358452139,5539.0,0,1491.8,1526.0,S1,dqn,2,698
0.10733739186158282,5924.0,0,1627.3999999999999,1698.0,S1,dqn,2,699
0.13604240282685512,5262.0,0,1550.0,1619.0,S1,dqn,2,700
0.09959486833220797,5711.0,6,1697.2,1765.0,S1,dqn,2,701
0.14070932922127988,4840.0,0,1322.8,1330.0,S1,dqn,2,702
0.1756007393715342,4917.0,0,1270.4,1276.0,S1,dqn,2,703
0.14199166982203712,4949.1,4,1490.6,1535.0,S1,dqn,2,704
0.20351157222665603,4529.0,2,1294.4,1308.0,S1,dqn,2,705
0.12469691721510218,5431.0,1,1460.6,1544.0,S1,dqn,2,706
0.1535253980288097,4858.0,0,1248.0,1286.0,S1,dqn,2,707
0.14772727272727273,4848.0,0,1348.0,1361.0,S1,dqn,2,708
0.14650120648052395,5419.0,5,1581.0,1630.0,S1,dqn,2,709
0.056338028169014086,5559.4,3,1577.8,1622.0,S1,dqn,2,710
0.12085137085137085,5211.0,1,1407.2,1421.0,S1,dqn,2,711
0.1362126245847176,5567.0,0,1427.0,1442.0,S1,dqn,2,712
0.145985401459854,5052.0,0,1435.6,1493.0,S1,dqn,2,713
0.07780784844384303,5644.0,0,1461.6,1463.0,S1,dqn,2,714
0.0920353982300885,5352.0,0,1535.0,1579.0,S1,dqn,2,715
0.1428034573468621,4899.0,0,1326.2,1328.0,S1,dqn,2,716
0.12916510670160988,5064.0,6,1503.6,1544.0,S1,dqn,2,717
0.1495398773006135,4803.0,1,1242.0,1245.0,S1,dqn,2,718
0.13990905911157747,5275.0,0,1406.8,1440.0,S1,dqn,2,719
0.0815629742033384,5269.0,13,1363.2,1397.0,S1,dqn,2,720
0.12154696132596685,5112.0,1,1416.8,1457.0,S1,dqn,2,721
0.15106303618052966,4949.5,2,1348.5,1382.0,S1,dqn,2,722
0.08992805755395683,5277.0,0,1456.6,1484.0,S1,dqn,2,723
0.11012364760432766,4863.0,0,1260.6,1272.0,S1,dqn,2,724
0.07253544345532476,5863.0,1,1589.3999999999999,1622.0,S1,dqn,2,725
0.1140118968935889,5744.0,4,1483.0,1517.0,S1,dqn,2,726
0.17167381974248927,5069.0,0,1482.0,1485.0,S1,dqn,2,727
0.07525697503671072,5205.0,0,1387.4,1389.0,S1,dqn,2,728
0.14146341463414633,5687.0,0,1555.2,1610.0,S1,dqn,2,729
0.13729977116704806,4861.0,0,1287.2,1316.0,S1,dqn,2,730
0.049414348462664716,5361.0,5,1350.4,1365.0,S1,dqn,2,731
0.10377032168799723,5529.0,6,1531.2,1586.0,S1,dqn,2,732
0.1626813014504116,4729.0,3,1284.6,1302.0,S1,dqn,2,733
0.13366336633663367,5657.0,1,1496.6,1502.0,S1,dqn,2,734
0.13922310072189756,5385.0,0,1458.2,1493.0,S1,dqn,2,735
0.14571948998178508,5085.3,2,1644.0,1739.0,S1,dqn,2,736
0.14218009478672985,5083.0,1,1350.8,1365.0,S1,dqn,2,737
0.16111314536799706,4994.0,0,1408.2,1445.0,S1,dqn,2,738
0.07493443237167478,5105.0,0,1470.1999999999998,1543.0,S1,dqn,2,739
0.07815098104423013,5766.0,1,1675.3999999999999,1734.0,S1,dqn,2,740
0.1626984126984127,4607.0,0,1255.2,1277.0,S1,dqn,2,741
0.06652283351312477,5399.0,3,1526.3999999999999,1576.0,S1,dqn,2,742
0.17540751240255137,5196.0,2,1469.6,1515.0,S1,dqn,2,743
0.19342359767891681,4672.0,2,1372.8,1373.0,S1,dqn,2,744
0.143256464011181,5296.0,1,1398.8,1436.0,S1,dqn,2,745
0.039311119430924746,5204.0,0,1400.4,1410.0,S1,dqn,2,746
0.17673888255416192,4785.7,0,1500.3999999999999,1563.0,S1,dqn,2,747
0.08123055651572762,5603.3,6,1715.6,1760.0,S1,dqn,2,748
0.1319212188777406,5059.0,3,1361.4,1386.0,S1,dqn,2,749
0.15915593705293277,5129.2,1,1336.8,1354.0,S1,dqn,2,750
0.10548523206751055,4911.0,0,1404.2,1442.0,S1,dqn,2,751
0.19345238095238096,4813.0,0,1244.8,1253.0,S1,dqn,2,752
0.14447695683979517,5070.0,0,1423.0,1477.0,S1,dqn,2,753
0.16630901287553648,5129.0,1,1407.0,1451.0,S1,dqn,2,754
0.09918319719953325,4874.0,1,1328.3999999999999,1373.0,S1,dqn,2,755
0.11132437619961612,4937.0,3,1391.1999999999998,1471.0,S1,dqn,2,756
0.1500189897455374,4903.0,3,1258.8,1283.0,S1,dqn,2,757
0.06099885627144491,5063.0,0,1416.6,1433.0,S1,dqn,2,758
0.10289389067524116,5917.0,2,1531.8,1564.0,S1,dqn,2,759
0.13647642679900746,5214.5,0,1484.3999999999999,1530.0,S1,dqn,2,760
0.09154655239579275,4936.9,3,1431.8,1513.0,S1,dqn,2,761
0.15459882583170254,4704.5,0,1282.6,1298.0,S1,dqn,2,762
0.1550543697140556,4628.0,2,1169.4,1171.0,S1,dqn,2,763
0.13448275862068965,5368.7,0,1583.3999999999999,1634.0,S1,dqn,2,764
0.12092534174553102,5318.0,0,1617.1999999999998,1711.0,S1,dqn,2,765
0.1346389228886169,4589.2,1,1355.0,1363.0,S1,dqn,2,766
0.14546159813809154,4743.0,0,1332.2,1364.0,S1,dqn,2,767
0.15251299826689774,5322.0,1,1503.2,1507.0,S1,dqn,2,768
0.17692307692307693,4762.0,3,1470.0,1521.0,S1,dqn,2,769
0.06912442396313365,5823.0,0,1711.6,1723.0,S1,dqn,2,770
0.1600284495021337,5131.4,0,1425.6,1436.0,S1,dqn,2,771
0.17073170731707318,5207.0,0,1396.8,1424.0,S1,dqn,2,772
0.0660377358490566,5182.0,0,1493.2,1560.0,S1,dqn,2,773
0.13394725826705733,4465.0,0,1165.6,1183.0,S1,dqn,2,774
0.15648567119155354,4871.0,0,1352.0,1383.0,S1,dqn,2,775
0.07787033683448026,5319.0,2,1492.4,1508.0,S1,dqn,2,776
0.10624169986719788,5691.0,0,1452.6,1466.0,S1,dqn,2,777
0.08797127468581688,5327.0,1,1404.2,1412.0,S1,dqn,2,778
0.16776202006226218,5264.0,0,1527.0,1582.0,S1,dqn,2,779
0.11560693641618497,4877.0,0,1257.0,1277.0,S1,dqn,2,780
0.09090909090909091,6112.0,4,1754.8,1765.0,S1,dqn,2,781
0.15248796147672553,4601.0,1,1394.8,1440.0,S1,dqn,2,782
0.11197384552513281,4643.1,2,1179.8,1181.0,S1,dqn,2,783
0.12066952121448034,4835.0,3,1279.4,1285.0,S1,dqn,2,784
0.11550050217609642,5611.0,1,1513.6,1547.0,S1,dqn,2,785
0.12424565140220092,5256.0,0,1572.0,1626.0,S1,dqn,2,786
0.11093810821331257,4880.0,2,1369.8,1442.0,S1,dqn,2,787
0.12762762762762764,4950.0,0,1262.0,1276.0,S1,dqn,2,788
0.15657620041753653,5275.0,0,1469.0,1488.0,S1,dqn,2,789
0.14369933677229182,5005.0,0,1260.8,1264.0,S1,dqn,2,790
0.1809872029250457,4952.0,0,1278.8,1279.0,S1,dqn,2,791
0.13368055555555555,5347.0,0,1502.6,1538.0,S1,dqn,2,792
0.22803114571746386,4749.9,0,1421.6,1518.0,S1,dqn,2,793
0.13189042948934732,5606.0,5,1427.6,1444.0,S1,dqn,2,794
0.10085917071348524,5061.0,0,1366.2,1400.0,S1,dqn,2,795
0.17337031900138697,5290.0,3,1611.1999999999998,1700.0,S1,dqn,2,796
0.18384766907419567,5494.0,0,1578.0,1610.0,S1,dqn,2,797
0.10810810810810811,5247.0,0,1424.4,1442.0,S1,dqn,2,798
0.1519971721456345,5185.0,0,1481.2,1490.0,S1,dqn,2,799
0.10009686793671295,5896.0,1,1490.4,1497.0,S1,dqn,2,800
0.155902004454343,5040.2,4,1492.8,1526.0,S1,dqn,2,801
0.10273972602739725,5048.0,4,1418.4,1433.0,S1,dqn,2,802
0.13940520446096655,4977.0,0,1318.8,1337.0,S1,dqn,2,803
0.11772400261608895,5765.7,2,1569.8,1592.0,S1,dqn,2,804
0.16283524904214558,5791.0,3,1561.8,1610.0,S1,dqn,2,805
0.13296903460837886,5122.0,2,1379.6,1425.0,S1,dqn,2,806
0.13743455497382198,5699.0,2,1429.8,1432.0,S1,dqn,2,807
0.12359142130134497,5174.0,2,1405.2,1425.0,S1,dqn,2,808
0.12449799196787148,4682.0,0,1385.3999999999999,1444.0,S1,dqn,2,809
0.1272984441301273,5343.3,3,1632.8,1637.0,S1,dqn,2,810
0.15004055150040552,4574.0,2,1330.8,1361.0,S1,dqn,2,811
0.1384430176565008,4611.0,0,1320.3999999999999,1378.0,S1,dqn,2,812
0.10365853658536585,4672.0,2,1382.3999999999999,1440.0,S1,dqn,2,813
0.17235252309879176,5130.0,0,1590.6,1650.0,S1,dqn,2,814
0.23013304566702625,4954.0,3,1425.0,1476.0,S1,dqn,2,815
0.12917671374440234,5388.0,0,1645.0,1742.0,S1,dqn,2,816
0.1671565025716385,5063.7,4,1376.2,1398.0,S1,dqn,2,817
0.10783978089695309,5539.0,2,1419.0,1423.0,S1,dqn,2,818
0.1724137931034483,5224.0,0,1449.2,1483.0,S1,dqn,2,819
0.1146350783339702,4896.0,0,1599.9999999999998,1758.0,S1,dqn,2,820
0.1248642779587405,5153.0,0,1437.3999999999999,1487.0,S1,dqn,2,821
0.14303482587064675,5944.0,1,1691.3999999999999,1736.0,S1,dqn,2,822
0.16831320892791804,4984.2,0,1438.0,1480.0,S1,dqn,2,823
0.11404133998574484,5329.0,0,1412.8,1445.0,S1,dqn,2,824
0.05584363781412046,4871.0,0,1348.3999999999999,1392.0,S1,dqn,2,825
0.11212333566923616,5365.0,0,1445.4,1460.0,S1,dqn,2,826
0.07072135785007072,5423.0,0,1551.8,1622.0,S1,dqn,2,827
0.17194416070820565,5421.0,2,1375.4,1402.0,S1,dqn,2,828
0.12331838565022421,5871.0,1,1584.0,1612.0,S1,dqn,2,829
0.1191746709356101,5299.0,1,1392.4,1397.0,S1,dqn,2,830
0.16810610734114745,5981.1,3,1720.6,1790.0,S1,dqn,2,831
0.1424963924963925,5166.0,2,1397.4,1413.0,S1,dqn,2,832
0.1463505001852538,5055.0,5,1413.6,1442.0,S1,dqn,2,833
0.08265916285613788,5428.0,0,1468.8,1476.0,S1,dqn,2,834
0.08753861997940268,5608.0,4,1616.3999999999999,1681.0,S1,dqn,2,835
0.14685314685314685,5302.0,2,1349.8,1371.0,S1,dqn,2,836
0.17374517374517376,4757.0,1,1299.0,1331.0,S1,dqn,2,837
0.14401772525849335,4983.1,0,1434.6,1495.0,S1,dqn,2,838
0.11641006383777694,5003.0,2,1401.2,1434.0,S1,dqn,2,839
0.16563523844193667,4996.0,0,1306.4,1320.0,S1,dqn,2,840
0.1681614349775785,4889.0,0,1335.6,1359.0,S1,dqn,2,841
0.1297085998578536,5265.0,2,1459.6,1497.0,S1,dqn,2,842
0.07563368765331153,4739.0,5,1261.8,1287.0,S1,dqn,2,843
0.12177650429799428,5246.0,2,1442.6,1450.0,S1,dqn,2,844
0.08008736803785949,5301.0,4,1457.0,1460.0,S1,dqn,2,845
0.04006410256410257,6192.0,5,1612.6,1633.0,S1,dqn,2,846
0.13782542113323124,4851.9,0,1294.6,1323.0,S1,dqn,2,847
0.1902439024390244,5522.0,0,1463.2,1499.0,S1,dqn,2,848
0.1384335154826958,5142.0,5,1541.2,1593.0,S1,dqn,2,849
0.12178845512178846,5681.0,0,1521.4,1533.0,S1,dqn,2,850
0.20458265139116202,4465.0,7,1248.8,1296.0,S1,dqn,2,851
0.15071215634316,5600.0,2,1736.2,1744.0,S1,dqn,2,852
0.18321513002364065,4599.1,0,1410.02,1499.0,S1,dqn,2,853
0.21323529411764705,4907.0,2,1326.8,1329.0,S1,dqn,2,854
0.09035117627003068,5568.0,0,1466.4,1467.0,S1,dqn,2,855
0.1531770045385779,4850.0,0,1345.8,1417.0,S1,dqn,2,856
0.17112843104032532,5391.5,1,1453.76,1507.0,S1,dqn,2,857
0.13384994716449455,5330.0,1,1466.8,1506.0,S1,dqn,2,858
0.14334470989761092,5402.0,0,1498.4,1526.0,S1,dqn,2,859
0.16585195530726257,5241.0,0,1337.6,1362.0,S1,dqn,2,860
0.12605042016806722,4863.0,0,1341.6,1344.0,S1,dqn,2,861
0.15421776291341507,4984.0,2,1364.8,1418.0,S1,dqn,2,862
0.1520387007601935,5305.0,0,1321.2,1344.0,S1,dqn,2,863
0.11212747123045146,6445.0,3,1799.0,1835.0,S1,dqn,2,864
0.17554012345679013,4708.6,0,1193.6,1195.0,S1,dqn,2,865
0.07732930969445492,5099.0,0,1328.6,1359.0,S1,dqn,2,866
0.15213358070500926,4947.0,0,1360.4,1376.0,S1,dqn,2,867
0.18671383647798742,4680.0,6,1292.0,1334.0,S1,dqn,2,868
0.12227805695142378,5637.0,3,1650.8,1722.0,S1,dqn,2,869
0.15390252839868085,5040.0,2,1369.8,1387.0,S1,dqn,2,870
0.05813953488372093,5426.0,7,1614.1999999999998,1688.0,S1,dqn,2,871
0.12622456669178597,4935.0,0,1381.8,1440.0,S1,dqn,2,872
0.16140732680449765,5067.2,0,1382.8,1406.0,S1,dqn,2,873
0.12114918656974731,5505.0,5,1434.6,1467.0,S1,dqn,2,874
0.1143141153081511,5738.0,5,1529.2,1536.0,S1,dqn,2,875
0.172349194454852,4880.8,0,1352.2,1388.0,S1,dqn,2,876
0.09402283411685695,5783.0,6,1519.0,1531.0,S1,dqn,2,877
0.1013277428371768,5421.0,0,1536.0,1563.0,S1,dqn,2,878
0.150390625,4757.0,4,1241.6,1277.0,S1,dqn,2,879
0.11593729588504245,5766.0,0,1554.8,1556.0,S1,dqn,2,880
0.1886094674556213,4905.0,2,1348.8,1378.0,S1,dqn,2,881
0.19852424455375967,5134.1,2,1612.3999999999999,1697.0,S1,dqn,2,882
0.15878744135691086,5094.0,0,1348.6,1353.0,S1,dqn,2,883
0.1319493314567206,5386.0,7,1493.0,1500.0,S1,dqn,2,884
0.13000702740688685,5279.0,0,1498.6,1508.0,S1,dqn,2,885
0.1512455516014235,5172.0,0,1434.8,1473.0,S1,dqn,2,886
0.1504890895410083,4950.2,2,1415.0,1476.0,S1,dqn,2,887
0.18087392550143266,5066.0,0,1491.3999999999999,1568.0,S1,dqn,2,888
0.11966701352757544,5418.0,2,1453.3999999999999,1514.0,S1,dqn,2,889
0.16123724909509707,5645.0,3,1608.6,1671.0,S1,dqn,2,890
0.10499207606973059,4780.0,0,1322.6,1352.0,S1,dqn,2,891
0.16263100831225152,5101.0,3,1674.3999999999999,1768.0,S1,dqn,2,892
0.1639955273947074,4958.0,2,1324.4,1336.0,S1,dqn,2,893
0.18704746580852777,4661.1,9,1408.3999999999999,1477.0,S1,dqn,2,894
0.12647831800262813,5675.0,1,1698.3999999999999,1811.0,S1,dqn,2,895
0.12368688580142324,5554.0,1,1406.0,1425.0,S1,dqn,2,896
0.14551192145862551,5251.0,0,1425.2,1457.0,S1,dqn,2,897
0.15350877192982457,4708.0,3,1246.0,1256.0,S1,dqn,2,898
0.16231474947071278,5225.0,2,1442.0,1492.0,S1,dqn,2,899
0.16345804576825282,5058.0,2,1432.8,1459.0,S1,dqn,2,900
0.17461964038727523,5251.0,0,1515.6,1552.0,S1,dqn,2,901
0.18165467625899281,5052.0,2,1363.4,1364.0,S1,dqn,2,902
0.07263922518159806,5624.0,5,1576.0,1596.0,S1,dqn,2,903
0.1493288590604027,5472.0,0,1604.0,1655.0,S1,dqn,2,904
0.16236162361623616,4962.0,0,1287.2,1305.0,S1,dqn,2,905
0.1364810033198082,5114.9,6,1522.2,1568.0,S1,dqn,2,906
0.11879049676025918,5318.0,5,1440.8,1465.0,S1,dqn,2,907
0.11270491803278689,5578.0,5,1460.6,1470.0,S1,dqn,2,908
0.2079967689822294,4439.0,0,1180.6,1184.0,S1,dqn,2,909
0.16873889875666073,5113.7,0,1367.6,1388.0,S1,dqn,2,910
0.07775768535262206,5377.0,5,1503.0,1566.0,S1,dqn,2,911
0.15696784073506892,4831.0,0,1301.6,1312.0,S1,dqn,2,912
0.13853367433930094,4362.2,0,1205.2,1208.0,S1,dqn,2,913
0.16521739130434782,5267.0,1,1438.4,1451.0,S1,dqn,2,914
0.17228177641653905,4771.0,0,1353.0,1379.0,S1,dqn,2,915
0.16083634901487737,4536.1,0,1266.0,1281.0,S1,dqn,2,916
0.11579347000759302,4944.6,0,1511.8,1570.0,S1,dqn,2,917
0.11979575805184603,4804.0,2,1260.2,1269.0,S1,dqn,2,918
0.12838801711840228,5220.0,0,1478.3999999999999,1508.0,S1,dqn,2,919
0.1762820512820513,4514.0,0,1318.2,1384.0,S1,dqn,2,920
0.07751937984496124,5741.0,4,1571.8,1609.0,S1,dqn,2,921
0.13008672448298866,5563.0,0,1567.3999999999999,1636.0,S1,dqn,2,922
0.15278838808250572,4860.8,0,1445.2,1454.0,S1,dqn,2,923
0.14423076923076922,4990.0,1,1403.8,1441.0,S1,dqn,2,924
0.10549229738780978,5724.0,6,1482.2,1496.0,S1,dqn,2,925
0.1290547610742937,5346.0,1,1315.0,1322.0,S1,dqn,2,926
0.11743772241992882,5287.0,2,1472.6,1516.0,S1,dqn,2,927
0.17482517482517482,5438.0,0,1532.3999999999999,1608.0,S1,dqn,2,928
0.18962432915921287,5072.0,0,1370.3999999999999,1424.0,S1,dqn,2,929
0.1362448674878686,5025.1,4,1482.4199999999998,1511.0,S1,dqn,2,930
0.11776931070315207,5526.0,7,1578.0,1617.0,S1,dqn,2,931
0.16145479265805573,5401.0,1,1641.8,1725.0,S1,dqn,2,932
0.15482334259626837,4611.1,0,1271.8,1325.0,S1,dqn,2,933
0.15502555366269166,5542.2,9,1435.8,1452.0,S1,dqn,2,934
0.0923951670220327,5370.0,1,1557.2,1596.0,S1,dqn,2,935
0.11836441893830703,5218.4,0,1507.4,1516.0,S1,dqn,2,936
0.2084122773777946,4740.0,1,1335.3999999999999,1365.0,S1,dqn,2,937
0.1264,5842.0,1,1684.6,1761.0,S1,dqn,2,938
0.16216216216216217,4917.0,9,1459.8,1474.0,S1,dqn,2,939
0.1285126799177519,5478.0,3,1624.1999999999998,1711.0,S1,dqn,2,940
0.08783136378153944,5989.0,1,1434.8,1436.0,S1,dqn,2,941
0.12369337979094076,5472.0,8,1483.6,1506.0,S1,dqn,2,942
0.10634648370497427,5537.0,4,1618.3999999999999,1727.0,S1,dqn,2,943
0.15059275873117592,5824.0,3,1527.2,1560.0,S1,dqn,2,944
0.1359724612736661,5392.0,0,1570.8,1630.0,S1,dqn,2,945
0.16748942172073342,5229.0,2,1300.8,1305.0,S1,dqn,2,946
0.1309814879497031,5363.0,2,1605.6,1670.0,S1,dqn,2,947
0.13246202755210174,5274.0,0,1529.0,1567.0,S1,dqn,2,948
0.1539039039039039,4925.0,0,1377.8,1425.0,S1,dqn,2,949
0.19858945805493688,4845.0,0,1271.2,1286.0,S1,dqn,2,950
0.14453125,4731.6,0,1340.6,1362.0,S1,dqn,2,951
0.14180672268907563,5374.0,5,1470.0,1497.0,S1,dqn,2,952
0.18294914013904134,4945.0,0,1349.2,1362.0,S1,dqn,2,953
0.15034965034965034,5312.0,4,1485.4,1487.0,S1,dqn,2,954
0.15666666666666668,5507.0,0,1445.4,1473.0,S1,dqn,2,955
0.09593859929645027,6031.0,3,1506.6,1522.0,S1,dqn,2,956
0.1668441604543841,5211.0,3,1377.2,1387.0,S1,dqn,2,957
0.16333938294010888,5057.0,2,1456.6,1537.0,S1,dqn,2,958
0.1374764595103578,4987.0,3,1419.3999999999999,1474.0,S1,dqn,2,959
0.12503956948401393,5980.0,4,1699.2,1740.0,S1,dqn,2,960
0.13965573238064308,5800.0,6,1601.3999999999999,1638.0,S1,dqn,2,961
0.2025111381125962,4415.3,0,1311.8,1368.0,S1,dqn,2,962
0.14841688654353563,5606.0,2,1532.0,1551.0,S1,dqn,2,963
0.06977535738597686,5703.0,3,1535.2,1543.0,S1,dqn,2,964
0.12840588787973692,6008.0,2,1776.8,1794.0,S1,dqn,2,965
0.14882102821801313,4871.0,3,1257.6,1276.0,S1,dqn,2,966
0.12914485165794065,5332.0,0,1351.0,1355.0,S1,dqn,2,967
0.15444733903982136,4946.0,1,1220.2,1224.0,S1,dqn,2,968
0.1209077380952381,5108.0,3,1322.4,1331.0,S1,dqn,2,969
0.08527131782945736,6172.0,2,1750.4,1752.0,S1,dqn,2,970
0.1597051597051597,5205.0,0,1350.6,1386.0,S1,dqn,2,971
0.1777594047126912,4380.0,0,1225.6,1248.0,S1,dqn,2,972
0.11160714285714286,5491.0,0,1395.6,1427.0,S1,dqn,2,973
0.13316816351811706,6090.0,2,1765.0,1819.0,S1,dqn,2,974
0.173109243697479,5447.0,1,1410.8,1440.0,S1,dqn,2,975
0.16112444292080905,5491.0,9,1582.8,1600.0,S1,dqn,2,976
0.17960602549246812,4730.0,0,1274.2,1306.0,S1,dqn,2,977
0.19858945805493688,4895.0,4,1429.8,1492.0,S1,dqn,2,978
0.1583710407239819,5263.0,0,1443.3999999999999,1491.0,S1,dqn,2,979
0.16979129819596744,5167.2,0,1425.0,1465.0,S1,dqn,2,980
0.1858108108108108,4845.0,2,1428.2,1444.0,S1,dqn,2,981
0.16430300933932895,5329.0,3,1359.2,1373.0,S1,dqn,2,982
0.10124873439082012,5603.0,0,1497.3999999999999,1529.0,S1,dqn,2,983
0.1606351550960118,4943.1,0,1407.0,1407.0,S1,dqn,2,984
0.14295439074200136,5463.0,1,1484.6,1504.0,S1,dqn,2,985
0.10723373318793167,5249.0,4,1432.6,1480.0,S1,dqn,2,986
0.15343915343915343,5202.0,0,1423.6,1440.0,S1,dqn,2,987
0.18660620858039761,5196.0,0,1387.6,1400.0,S1,dqn,2,988
0.18199233716475097,4837.0,5,1260.4,1282.0,S1,dqn,2,989
0.17661179698216736,5329.2,2,1368.24,1378.0,S1,dqn,2,990
0.14667656888228742,4989.1,1,1307.0,1320.0,S1,dqn,2,991
0.24384787472035793,3882.0,0,1061.6,1072.0,S1,dqn,2,992
0.182648401826484,5171.0,1,1342.0,1360.0,S1,dqn,2,993
0.18178670360110805,5318.0,7,1554.3999999999999,1596.0,S1,dqn,2,994
0.15816655907036797,5698.0,2,1561.2,1584.0,S1,dqn,2,995
0.1394344069128044,4694.0,0,1318.3999999999999,1371.0,S1,dqn,2,996
0.18326693227091634,4677.0,7,1256.6,1268.0,S1,dqn,2,997
0.1690916240660637,4654.0,1,1245.0,1273.0,S1,dqn,2,998
0.13976891539321654,4990.2,1,1331.6,1350.0,S1,dqn,2,999
0.09204584925321292,8189.397655669201,6,2316.079999910073,2448.5999998875914,S2,dqn,0,0
0.07761966364812418,8825.724561103902,5,2700.319648953246,2786.6245612207767,S2,dqn,0,1
0.08848133848133848,8808.5,0,2523.4,2596.5,S2,dqn,0,2
0.10823909531502424,8652.749999871352,2,2206.3699999298474,2229.1999999259615,S2,dqn,0,3
0.12396694214876033,7748.49999987031,2,2276.879999896248,2403.09999987031,S2,dqn,0,4
0.09355210132412205,9831.463867779868,3,2547.2,2560.5,S2,dqn,0,5
0.11406844106463879,8026.0,0,2240.5,2302.0,S2,dqn,0,6
0.09746012994683993,9509.032485833432,1,2835.065988666746,2918.332485833432,S2,dqn,0,7
0.11002031144211238,8233.549999816667,1,2397.1,2517.5,S2,dqn,0,8
0.0856898029134533,9940.0,0,2773.7,2803.0,S2,dqn,0,9
0.12403913347309574,7931.399999818424,2,2421.739999987377,2531.0,S2,dqn,0,10
0.1045510455104551,9141.94745731626,5,2615.397965930983,2688.9974574137286,S2,dqn,0,11
0.07706826045926392,9115.06391453357,6,2597.689999870504,2600.599999852938,S2,dqn,0,12
0.1103988603988604,7911.141073198233,8,1971.2091868587459,2009.5139534300704,S2,dqn,0,13
0.10807565295706995,9373.989721666116,8,2555.083333239299,2652.4666665645236,S2,dqn,0,14
0.10582010582010581,9017.00310052509,4,2651.9324804625003,2740.553100595804,S2,dqn,0,15
0.10889021479713604,9407.025791668211,4,2855.3251583173974,2871.0499999569834,S2,dqn,0,16
0.07345895879910572,9004.551178326206,5,2534.8781304665154,2545.5,S2,dqn,0,17
0.12537612838515547,8223.5,0,2322.4,2336.5,S2,dqn,0,18
0.13718263718263718,6693.54999965,1,1731.2,1747.5,S2,dqn,0,19
0.13743910925539318,7925.250975312735,7,2294.7901949755983,2316.8999998550858,S2,dqn,0,20
0.11266264677880038,8769.04999994762,1,2453.2399999580953,2506.049999947619,S2,dqn,0,21
0.11499684940138627,8835.7507351947,2,2696.95014703894,2827.5,S2,dqn,0,22
0.11467116357504216,8254.549999879688,1,2137.53999990375,2168.5499998796877,S2,dqn,0,23
0.09984152139461172,8865.04999996207,1,2803.539999969655,2849.549999962069,S2,dqn,0,24
0.11738811445341159,7650.735711300905,9,2104.1947964091582,2191.6999996739914,S2,dqn,0,25
0.0893854748603352,10108.322189304898,1,2776.957751443919,2853.8221893048985,S2,dqn,0,26
0.14000848536274926,6412.099999552532,2,1778.1,1836.0,S2,dqn,0,27
0.09675498660315571,9457.273728613962,3,2547.3189828911695,2630.773728613962,S2,dqn,0,28
0.10837727006444053,9551.5,0,2600.9,2650.5,S2,dqn,0,29
0.11036174126302882,9178.364121224786,8,2620.5748678791283,2636.0,S2,dqn,0,30
0.12873025160912815,9408.099999890079,2,2602.3499999467995,2650.549999947973,S2,dqn,0,31
0.09731232622798888,9107.04999945,1,2660.2,2749.0,S2,dqn,0,32
0.12222946544980444,8505.449999919792,1,2315.409999983958,2338.0,S2,dqn,0,33
0.11320754716981132,8879.715217152305,3,2310.112173826816,2350.115217327259,S2,dqn,0,34
0.09819201995012469,8995.953100720131,1,2328.7624805761047,2411.453100720131,S2,dqn,0,35
0.09353202282815472,8889.249999939844,1,2339.7999999999997,2396.5,S2,dqn,0,36
0.0718475073313783,9772.17179891806,3,3096.0793597800675,3276.5916666235617,S2,dqn,0,37
0.09074131036604122,9196.549999935294,1,2431.5,2471.5,S2,dqn,0,38
0.07441860465116279,9250.549999949342,1,2411.539999959474,2416.0499999493422,S2,dqn,0,39
0.09253547193090685,9174.141666299116,6,2587.7033332392402,2638.5999998926363,S2,dqn,0,40
0.10947810437912417,9386.415627284689,7,2610.7231254033595,2620.0999998575144,S2,dqn,0,41
0.12062937062937062,7931.5,0,1921.2,1928.5,S2,dqn,0,42
0.10285913528591353,8062.742189588841,5,2737.733751818164,2879.9921897897407,S2,dqn,0,43
0.09491733006736068,9239.304751165524,6,2608.7902967705695,2639.862870963212,S2,dqn,0,44
0.11917280056081318,7908.4,0,2059.0,2073.5,S2,dqn,0,45
0.1076187222412026,8188.003092579882,2,2384.3724741409055,2487.4530927082155,S2,dqn,0,46
0.14896600070101648,7737.8758598717595,2,2099.6,2107.5,S2,dqn,0,47
0.10416666666666667,7911.0,0,2160.7999999999997,2276.0,S2,dqn,0,48
0.10243055555555555,8050.549999915384,1,2225.309999983077,2248.5,S2,dqn,0,49
0.07533482142857142,10240.29999984851,3,2954.039999878808,3094.29999984851,S2,dqn,0,50
0.07639304973037747,9579.699999786015,4,2836.959999828812,3012.6999997860153,S2,dqn,0,51
0.09398496240601503,8985.9,0,2850.2999999999997,3112.5,S2,dqn,0,52
0.09265075376884423,8962.749999842887,2,2363.0499999685776,2395.0,S2,dqn,0,53
0.11141516810007819,7112.5,0,2027.8,2129.0,S2,dqn,0,54
0.11056042699199391,7335.570795315105,5,2076.060949773878,2090.3046510836666,S2,dqn,0,55
0.09547738693467336,8401.049999952174,1,2369.4099999904347,2413.5,S2,dqn,0,56
0.10369858278603526,8112.299999441714,2,2668.1,2781.0,S2,dqn,0,57
0.10187838268067495,8844.644413156973,4,2414.419999889864,2419.39999986233,S2,dqn,0,58
0.09820813232253618,8179.9999997691375,4,2506.429999903198,2633.8999998896925,S2,dqn,0,59
0.0863754889178618,8700.712657935068,4,2351.6899998698223,2361.0999998501975,S2,dqn,0,60
0.10861132660977502,7176.0,0,2245.2999999999997,2441.0,S2,dqn,0,61
0.06803849983405244,8623.5,0,2707.8999999999996,2861.0,S2,dqn,0,62
0.11260443152924082,7667.099992210473,2,2722.5,2930.0,S2,dqn,0,63
0.08611955420466058,8426.5394228396,3,2341.2599999999998,2415.5,S2,dqn,0,64
0.07876312718786464,9802.549999960913,1,2712.0099999921827,2803.0,S2,dqn,0,65
0.12359984550019312,7159.779166518657,2,2181.7,2283.0,S2,dqn,0,66
0.08831321754489255,9578.5,0,2744.0,2852.0,S2,dqn,0,67
0.09463233012721067,9058.0,0,2481.5,2501.0,S2,dqn,0,68
0.08861174926156876,8626.549999907229,1,2150.0099999814456,2164.0,S2,dqn,0,69
0.0998645903859174,8297.5,0,2344.1,2365.0,S2,dqn,0,70
0.10778635778635778,8679.2,0,2205.74,2216.5,S2,dqn,0,71
0.09797622871827819,8811.416666039473,6,2517.2649999909645,2523.0,S2,dqn,0,72
0.0773754255648406,9251.244609827767,6,2470.8,2487.5,S2,dqn,0,73
0.11177347242921014,7489.809412826122,4,2389.740945012207,2521.6484373834323,S2,dqn,0,74
0.09759271307742355,8626.0,0,2327.8,2346.5,S2,dqn,0,75
0.1197500867754252,7971.699999610139,4,2312.7099999825,2381.5,S2,dqn,0,76
0.08665511265164645,9817.821738895771,4,2628.454347665269,2710.1499998101913,S2,dqn,0,77
0.1089142091152815,8338.573912719608,3,2748.062173903775,2988.0,S2,dqn,0,78
0.09705698184095178,8983.5,0,2379.7,2429.5,S2,dqn,0,79
0.13067953357458786,6832.549999725,1,2121.5,2186.0,S2,dqn,0,80
0.11122015047432122,8501.54999989452,1,2310.1,2368.0,S2,dqn,0,81
0.07145076110593351,9256.328069935691,4,2377.3624559485525,2381.3280699356906,S2,dqn,0,82
0.09916826615483046,8749.049999941666,1,2397.7,2408.5,S2,dqn,0,83
0.07312614259597806,9363.254651020507,2,2494.5837208164053,2528.8546510205065,S2,dqn,0,84
0.07606333436820863,9210.699999695615,4,2309.01999996479,2323.0,S2,dqn,0,85
0.11134676564156946,7890.0,0,2398.1,2481.5,S2,dqn,0,86
0.09044317154054869,9388.0,0,2749.5,2808.0,S2,dqn,0,87
0.06459948320413436,10037.649999742858,3,2752.8799998936415,2816.599999867052,S2,dqn,0,88
0.0974124809741248,9223.549999934745,1,2689.1,2854.0,S2,dqn,0,89
0.09199632014719411,9281.645832779326,6,2448.859999946331,2491.0,S2,dqn,0,90
0.10941644562334217,8403.04999993125,1,2127.8,2137.0,S2,dqn,0,91
0.1089076723016905,8614.172222095587,2,2549.8399999633334,2617.0499999541667,S2,dqn,0,92
0.11473229132025274,8399.914119142606,6,2195.43624596568,2215.145307498173,S2,dqn,0,93
0.11022044088176353,9739.69999994762,1,2701.3399999895237,2772.5,S2,dqn,0,94
0.09418048917627214,10010.4,0,2830.9,2861.5,S2,dqn,0,95
0.12439418416801293,8555.0,0,2413.1,2554.5,S2,dqn,0,96
0.08830022075055188,9024.280131898933,6,2224.8860263529264,2228.0499999552326,S2,dqn,0,97
0.10605594835536428,9132.099999886885,2,2868.279999909508,2983.599999886885,S2,dqn,0,98
0.09079716835949522,9155.0,0,2260.7,2263.5,S2,dqn,0,99
0.09454349000540249,10485.338789928659,6,2867.4477580098173,2888.0,S2,dqn,0,100
0.10969793322734499,8778.054064699465,3,2643.0532517956653,2796.804064759621,S2,dqn,0,101
0.12448740480374927,9545.682546838087,6,2449.1799998454167,2464.9499998418,S2,dqn,0,102
0.11786812435941237,8127.0,0,2161.2999999999997,2218.0,S2,dqn,0,103
0.1115933044017359,8964.34573166466,1,2378.5,2430.0,S2,dqn,0,104
0.13343799058084774,8853.60444186603,10,2374.812078778847,2408.1999999552327,S2,dqn,0,105
0.14186977082575483,7506.049999934746,1,2173.309999986949,2229.0,S2,dqn,0,106
0.14835747085835393,7685.1499999533335,1,2212.2599999626664,2344.049999953333,S2,dqn,0,107
0.11352734250079949,8696.24678887438,2,2439.379357745449,2514.549999950955,S2,dqn,0,108
0.11751801942964588,8864.18716794612,3,2494.40999998625,2552.5,S2,dqn,0,109
0.1368319381841597,8555.699999663755,4,2182.929999940451,2243.5,S2,dqn,0,110
0.12021371326803205,9313.103900564567,3,2758.5431204938454,2865.5539006173067,S2,dqn,0,111
0.0994676379938358,10028.5,0,2726.6,2736.5,S2,dqn,0,112
0.148122631760248,7914.249999815737,2,2052.5399999167566,2071.049999895946,S2,dqn,0,113
0.11952191235059761,7676.45641000524,3,2324.3399999358335,2453.049999919792,S2,dqn,0,114
0.14866390666164847,7220.7,0,2239.9,2358.5,S2,dqn,0,115
0.10828761189719896,9688.445205334148,3,2532.12,2565.9,S2,dqn,0,116
0.09913793103448276,9795.9,0,2741.1,2748.5,S2,dqn,0,117
0.1284613188695404,9663.54999995497,1,2465.109999990994,2520.5,S2,dqn,0,118
0.11066969353007945,9825.769832113838,4,2930.695865889297,3046.619832361621,S2,dqn,0,119
0.15186028853454822,7139.146788442174,2,2469.1493576884345,2710.0,S2,dqn,0,120
0.1343804537521815,7865.533333224789,2,2205.4766666186547,2233.583333289495,S2,dqn,0,121
0.14484356894553882,7094.8021437386815,5,1968.1067646669935,1975.5,S2,dqn,0,122
0.1068785968758564,10207.5,0,2704.9,2741.0,S2,dqn,0,123
0.13210039630118892,8405.848695168486,7,2124.003738972181,2147.573333210273,S2,dqn,0,124
0.13804713804713806,8194.099999855174,2,1940.2,1945.5,S2,dqn,0,125
0.12920298879202988,8894.767567463488,2,2588.884054010965,2721.7175675304456,S2,dqn,0,126
0.12260295504558315,8794.849999937398,1,2287.9299999874797,2311.4,S2,dqn,0,127
0.15231534634519708,7117.7,0,2269.8999999999996,2460.0,S2,dqn,0,128
0.14806789454676778,7569.199999778292,3,2148.859999946435,2209.1999999330437,S2,dqn,0,129
0.1306981192221868,8660.797457421675,3,2690.4494915033474,2796.5,S2,dqn,0,130
0.15793251974156497,7503.3,0,2252.5,2344.5,S2,dqn,0,131
0.13062409288824384,7596.653278551255,2,1983.430655710251,2008.5,S2,dqn,0,132
0.13962765957446807,8213.807028684221,3,2698.987540935184,2809.23442616898,S2,dqn,0,133
0.10375623850801156,10663.599999877439,2,2813.1799999019504,2853.0999998774378,S2,dqn,0,134
0.11388801012337868,8845.72485672346,2,2392.0,2461.0,S2,dqn,0,135
0.12703101920236337,9328.5,0,2826.3,2827.0,S2,dqn,0,136
0.1347708894878706,8141.699999855266,2,2498.2,2530.0,S2,dqn,0,137
0.13765541740674955,9231.5,0,2416.7,2433.0,S2,dqn,0,138
0.18115942028985507,6287.374690932164,3,1775.38,1784.5,S2,dqn,0,139
0.1369642281662907,8623.282437366477,7,2610.5999999429187,2611.3499999575756,S2,dqn,0,140
0.11480042387848817,7949.472548834007,3,2284.818039067206,2300.2725488340075,S2,dqn,0,141
0.13851249623607348,9061.9,0,2635.7999999999997,2759.5,S2,dqn,0,142
0.15184778631540433,7407.675316238059,3,2289.739999962439,2405.049999953049,S2,dqn,0,143
0.14688368400158794,6879.4,0,1691.08,1724.5,S2,dqn,0,144
0.12274736484189051,8235.66923015333,8,2299.2053843744366,2333.619230505065,S2,dqn,0,145
0.14317889317889318,8437.713043428528,1,2487.970434742823,2591.7130434285286,S2,dqn,0,146
0.11953444479396036,8838.5,0,2528.9,2639.5,S2,dqn,0,147
0.12843068261787474,7880.849999949007,1,2342.439999959205,2462.0499999490066,S2,dqn,0,148
0.13494062612450522,7631.6,0,1858.2,1880.0,S2,dqn,0,149
0.13562686073436983,8317.549999928704,1,2341.1,2378.0,S2,dqn,0,150
0.139683608212723,8167.642104931939,3,2316.3199999435938,2329.0,S2,dqn,0,151
0.09338398227287116,8968.253845646104,7,2622.5707691510074,2693.5,S2,dqn,0,152
0.11627906976744186,9644.069108237458,1,3031.9138216474917,3092.5,S2,dqn,0,153
0.14564611093895258,8762.0,0,2444.3,2479.5,S2,dqn,0,154
0.1050759780148723,8697.699999917204,1,2503.7,2516.0,S2,dqn,0,155
0.148171500630517,8681.699999687466,4,2237.5,2256.5,S2,dqn,0,156
0.15912305516265912,7629.749999953049,1,2187.7099999906095,2239.0,S2,dqn,0,157
0.19955156950672645,5877.499999876143,2,1669.6799999999998,1739.5,S2,dqn,0,158
0.13230074217489513,8497.5,0,2339.2,2384.0,S2,dqn,0,159
0.1257071024512885,8797.04999984902,1,2493.5,2594.5,S2,dqn,0,160
0.13025356026398055,7941.2499999237625,1,2055.5,2082.5,S2,dqn,0,161
0.13995334888370542,8252.662345354247,5,2472.329876283397,2499.662345354246,S2,dqn,0,162
0.13345465574764936,9068.192552983583,4,2474.3385105967163,2479.5,S2,dqn,0,163
0.15863914373088686,7051.193539216713,3,1913.1387078433427,1915.5,S2,dqn,0,164
0.10855884203901825,8907.5,0,2302.8,2348.0,S2,dqn,0,165
0.13073794305636258,9579.263043119514,6,3029.632608647678,3184.5,S2,dqn,0,166
0.12566760917373546,8831.49499982204,3,2421.4399999550365,2477.0499999437957,S2,dqn,0,167
0.14586466165413534,9059.656052780934,4,2365.0312105561866,2415.5,S2,dqn,0,168
0.12848297213622292,8894.549999786112,1,2488.2,2534.5,S2,dqn,0,169
0.15131793036121055,8335.549999925961,1,2410.2,2440.0,S2,dqn,0,170
0.13675476336816225,8904.749999942538,1,2582.0,2613.5,S2,dqn,0,171
0.17054574638844303,6708.799999875144,2,2033.2799999001152,2142.099999875144,S2,dqn,0,172
0.15235910878112713,8320.287499667618,5,2565.7174998558685,2652.0999998705747,S2,dqn,0,173
0.13257575757575757,8696.5,0,2282.6,2318.0,S2,dqn,0,174
0.11262066499821237,7792.5499999388885,1,2433.539999951111,2477.549999938889,S2,dqn,0,175
0.12855673637298595,8064.583983545778,3,2111.7167967091555,2145.0,S2,dqn,0,176
0.1305627068775285,7478.5,0,2034.8,2108.0,S2,dqn,0,177
0.14508246792913868,8894.2,0,2624.0,2684.0,S2,dqn,0,178
0.1371606334841629,9676.755555481588,2,2748.9511110963176,2762.0,S2,dqn,0,179
0.17083480098626277,7610.4209400301625,2,2144.9841880060326,2185.0,S2,dqn,0,180
0.15683600409137402,7904.9,0,2129.1,2140.5,S2,dqn,0,181
0.12524398178269355,8524.049999821855,3,2386.3899999856076,2464.5,S2,dqn,0,182
0.14877300613496933,8891.52093996227,3,2272.6967520863527,2281.620940107941,S2,dqn,0,183
0.16945773524720892,6716.566666545705,2,1841.0,1856.0,S2,dqn,0,184
0.15467500868960724,7784.099999885043,2,2253.979999908034,2319.099999885043,S2,dqn,0,185
0.13353115727002968,10184.549999957459,1,2772.4099999914915,2809.5,S2,dqn,0,186
0.14739980125869492,8193.549999952174,1,2495.039999961739,2677.049999952174,S2,dqn,0,187
0.1634446397188049,7672.1,0,2224.3,2256.5,S2,dqn,0,188
0.16323024054982818,7807.0,0,1939.9,1958.5,S2,dqn,0,189
0.11235955056179775,9196.749999876365,2,2569.8399999645976,2665.549999955747,S2,dqn,0,190
0.17763926762758084,6902.0,0,1777.8,1794.5,S2,dqn,0,191
0.11624396135265701,9259.021052519704,2,2915.6,3132.5,S2,dqn,0,192
0.1512486809708055,7718.949999901282,1,2814.4,2947.0,S2,dqn,0,193
0.13733285146367907,7642.299999807608,3,2212.2399998460864,2325.299999807608,S2,dqn,0,194
0.1339437097321126,8098.702786970384,5,2354.7260829003294,2437.8092091770877,S2,dqn,0,195
0.15086206896551724,7600.9307691487575,1,2114.784615319006,2135.8307691487576,S2,dqn,0,196
0.14814814814814814,8552.952808267528,7,2344.0205616246303,2490.049999951875,S2,dqn,0,197
0.14307692307692307,8881.0,0,2500.0,2518.5,S2,dqn,0,198
0.18563357546408393,6609.549998904728,5,2031.6199999129456,2171.0499999266667,S2,dqn,0,199
0.11928150435026663,9893.598958076895,4,2409.809791629379,2431.0,S2,dqn,0,200
0.12919101814826206,9004.918640683432,6,2841.3436641027743,2942.5,S2,dqn,0,201
0.17308371600141292,7630.474999831904,3,2594.699999910701,2732.749999888377,S2,dqn,0,202
0.1720578114246387,7798.32324001098,5,2155.593592099043,2225.3669901238036,S2,dqn,0,203
0.1604366523321204,8175.299999879051,2,2494.549999951366,2527.5499999592594,S2,dqn,0,204
0.12796208530805686,8801.02333269498,8,2397.674666559985,2414.549999932456,S2,dqn,0,205
0.17583781547372776,6450.5,0,1784.6,1789.0,S2,dqn,0,206
0.13549682167949148,8234.766858106565,2,2360.1133716213126,2367.0,S2,dqn,0,207
0.13784461152882205,7664.519230474542,4,1911.1938461141585,1929.0,S2,dqn,0,208
0.1330049261083744,8380.749999795946,2,2484.4,2556.0,S2,dqn,0,209
0.1482984701842023,8757.549999634724,5,2386.5999998700877,2396.0999998727484,S2,dqn,0,210
0.1413838988689288,8170.549999941221,1,2293.509999988244,2321.5,S2,dqn,0,211
0.12093162137951627,9377.02333297304,5,2863.0599998392963,2899.4499997991206,S2,dqn,0,212
0.17826825127334464,7832.049999932457,1,2275.239999945965,2331.549999932456,S2,dqn,0,213
0.12337867763366023,8735.049999920619,1,2314.039999936495,2319.5499999206186,S2,dqn,0,214
0.14312676942434727,8624.5,0,2488.7999999999997,2587.5,S2,dqn,0,215
0.1423116973273169,7921.512625742302,6,2425.580100641966,2517.96262582251,S2,dqn,0,216
0.15547703180212014,7743.743516586767,7,2421.2456965267857,2552.8071206584823,S2,dqn,0,217
0.16921035169210352,8084.049999949342,1,2329.1399999594737,2358.0499999493422,S2,dqn,0,218
0.15151515151515152,7395.8,0,2119.04,2156.3,S2,dqn,0,219
0.12705530642750373,9229.0,0,2445.4,2505.0,S2,dqn,0,220
0.12695924764890282,8839.949999555063,6,2385.0499998012465,2408.599999817057,S2,dqn,0,221
0.13486842105263158,8392.24999989155,1,2473.7999999999997,2532.0,S2,dqn,0,222
0.14952956989247312,8125.596488188898,3,2355.017190551118,2462.3964881888974,S2,dqn,0,223
0.13761467889908258,9542.5,0,2473.4,2531.0,S2,dqn,0,224
0.12043189368770764,10038.586841968036,2,2942.4,3075.5,S2,dqn,0,225
0.11535292502059874,10171.10477670793,6,2914.9238215488053,3025.504776966784,S2,dqn,0,226
0.13299556681443953,8696.149999708889,3,2770.909999987377,2826.5,S2,dqn,0,227
0.16999649491763055,7626.662820392012,2,2128.28,2166.0,S2,dqn,0,228
0.09572901325478646,9566.04999993125,1,2860.7999999999997,2974.5,S2,dqn,0,229
0.1476348297680024,9000.0,0,2554.4,2603.5,S2,dqn,0,230
0.12538743307974076,9789.049999908333,1,2437.6399999266664,2461.049999908333,S2,dqn,0,231
0.11117788461538461,9244.0,0,2441.7,2467.5,S2,dqn,0,232
0.12491781722550953,8449.829411607068,3,2353.93999995072,2362.0499999384,S2,dqn,0,233
0.13376513658124473,9741.049999946154,1,2496.4099999892305,2558.5,S2,dqn,0,234
0.11758511758511758,7930.6499921954055,3,2351.4399999680827,2455.5499999601034,S2,dqn,0,235
0.17010140660778542,8175.599999910465,1,2325.619999982093,2415.5,S2,dqn,0,236
0.13837064676616914,8776.5,0,2313.7999999999997,2378.5,S2,dqn,0,237
0.20040080160320642,6515.9,0,1808.32,1838.4,S2,dqn,0,238
0.17629952744456562,7305.5,0,1830.7,1853.0,S2,dqn,0,239
0.07823819182845553,9880.591953300267,6,2795.9344576945123,2944.4180721181406,S2,dqn,0,240
0.17945780832378772,6961.799998219375,2,2264.22,2345.0,S2,dqn,0,241
0.12093523246439129,10323.090181475724,4,3089.3721451805777,3231.5901814757226,S2,dqn,0,242
0.14821822768842635,8651.638235019826,3,2279.127647003965,2397.0,S2,dqn,0,243
0.13440860215053763,8213.120711183998,4,2589.376569159923,2846.120711449904,S2,dqn,0,244
0.15875613747954173,8295.84999948745,4,2359.4499999431496,2384.04999994539,S2,dqn,0,245
0.13613861386138615,8890.988171847765,3,2345.390537478211,2402.988171847764,S2,dqn,0,246
0.12552301255230125,7244.599999837644,2,1642.6,1650.0,S2,dqn,0,247
0.15254237288135594,8137.171263560783,7,2679.019999961553,2806.5,S2,dqn,0,248
0.11479173499508036,8582.496428223583,5,2515.877142769608,2610.84642846201,S2,dqn,0,249
0.1527331189710611,8425.249999880256,2,2515.7999999999997,2629.5,S2,dqn,0,250
0.11833333333333333,8285.549999918947,1,2155.439999935158,2173.5499999189474,S2,dqn,0,251
0.20594713656387664,7129.149999702445,3,2164.7999999999997,2315.5,S2,dqn,0,252
0.09689922480620156,8073.676439038773,11,2308.8273908218844,2371.2717385617307,S2,dqn,0,253
0.0946969696969697,9674.5,0,2754.1,2822.0,S2,dqn,0,254
0.16407904022582923,7682.401550065339,4,2067.2303099111755,2105.099999806414,S2,dqn,0,255
0.14838709677419354,8378.0,0,2310.7,2400.5,S2,dqn,0,256
0.15348288075560804,6893.345312337582,3,2274.8762498700653,2462.845312337582,S2,dqn,0,257
0.17750439367311072,7588.2,0,2152.8,2162.0,S2,dqn,0,258
0.1484806629834254,7892.419064633529,2,2066.6352517068235,2115.4190646335296,S2,dqn,0,259
0.1519756838905775,7138.6,0,1974.1,2004.0,S2,dqn,0,260
0.1769578313253012,7051.9,0,2013.8999999999999,2060.0,S2,dqn,0,261
0.1733102253032929,7796.749999468399,5,2339.6399999413334,2443.0499999266667,S2,dqn,0,262
0.13225806451612904,8553.455138203288,6,2425.1617125470225,2461.617808177275,S2,dqn,0,263
0.1496833621185953,9487.399999318724,5,2494.619999904688,2576.5,S2,dqn,0,264
0.09384775808133472,10820.0,0,3407.5,3560.0,S2,dqn,0,265
0.12165021156558534,7884.099992230638,2,2030.8799937845106,2105.5999922306382,S2,dqn,0,266
0.13491005996002664,8205.0,0,2502.3999999999996,2643.0,S2,dqn,0,267
0.12304250559284116,8688.549999939843,1,2171.3,2207.5,S2,dqn,0,268
0.12429565793834936,8318.8,0,2410.2999999999997,2519.0,S2,dqn,0,269
0.10455563853622106,7470.5,0,2354.8,2402.0,S2,dqn,0,270
0.12775638781939097,7945.486209317841,6,2179.3099999871665,2188.5,S2,dqn,0,271
0.13197460741730704,8251.399999860561,2,2165.819999888449,2166.399999860561,S2,dqn,0,272
0.14593908629441624,8602.999999696955,4,2265.9399999503225,2286.549999937903,S2,dqn,0,273
0.1501200960768615,6824.288888696158,2,1702.0,1732.5,S2,dqn,0,274
0.12621654501216545,9132.782101931065,4,2331.322275416633,2372.2778442707913,S2,dqn,0,275
0.10845295055821372,8773.075316370565,1,2555.0602530964525,2633.575316370566,S2,dqn,0,276
0.16214310891787098,7623.1,0,2417.14,2563.0,S2,dqn,0,277
0.11729746637472631,8896.5,0,2358.6,2368.5,S2,dqn,0,278
0.1243368700265252,8326.0,0,2609.2999999999997,2769.0,S2,dqn,0,279
0.10820413436692507,8695.281446272902,5,2740.6251570183213,2920.2814462729016,S2,dqn,0,280
0.11215266153331102,8348.486206708885,3,2519.5,2560.0,S2,dqn,0,281
0.1259946949602122,8278.7,0,2527.3999999999996,2709.5,S2,dqn,0,282
0.12151215121512152,9279.579984226182,7,2575.843987415168,2628.17998426896,S2,dqn,0,283
0.1329415057374755,9844.299999826573,3,2600.439999861258,2657.2999998265727,S2,dqn,0,284
0.15789473684210525,8739.049999928704,1,2407.4,2408.5,S2,dqn,0,285
0.10306058713304185,9013.149999825688,3,2799.719999974039,2812.0,S2,dqn,0,286
0.164638511095204,7550.075701882041,4,2162.1470321742004,2224.7531529963203,S2,dqn,0,287
0.15051740357478832,8689.292952312904,6,2752.128590531781,2894.0,S2,dqn,0,288
0.13397287462785312,8327.079032020918,4,2536.763225616735,2670.579032020919,S2,dqn,0,289
0.11103633916554509,8257.5,0,2499.6,2598.0,S2,dqn,0,290
0.10797840431913618,9318.627272591359,2,2800.7999999999997,2919.0,S2,dqn,0,291
0.12511170688114387,9236.0,0,2931.6,2960.5,S2,dqn,0,292
0.14959901295496608,8784.0,0,2716.7,2908.0,S2,dqn,0,293
0.091324200913242,9264.5,0,2728.3,2735.5,S2,dqn,0,294
0.147775746496039,8968.96554770407,3,2621.4424427832514,2769.9155554040626,S2,dqn,0,295
0.1323379708177808,8074.0,0,2041.3,2072.0,S2,dqn,0,296
0.1320754716981132,7313.983823424503,1,1851.3,1869.5,S2,dqn,0,297
0.16036036036036036,7570.449999846,1,2193.1399998767997,2284.549999846,S2,dqn,0,298
0.15390121689334288,7539.0,0,2438.1,2546.0,S2,dqn,0,299
0.1163076923076923,9040.024999744186,4,2540.1199998361435,2542.274999795179,S2,dqn,0,300
0.1532258064516129,8373.0,0,1994.5,2027.5,S2,dqn,0,301
0.12386706948640483,9141.5,0,2201.1,2202.5,S2,dqn,0,302
0.08615084525357607,8709.5,0,2272.6,2319.0,S2,dqn,0,303
0.1301054018445323,8435.04629992134,7,2215.3092008094413,2230.8665680058193,S2,dqn,0,304
0.13924870466321243,8442.799999756908,3,2475.7999998845,2597.749999855625,S2,dqn,0,305
0.16842105263157894,7716.099999850679,2,2126.4099999870587,2140.5,S2,dqn,0,306
0.10564599930723935,8090.310975335197,2,2441.7,2515.0,S2,dqn,0,307
0.1458928005074532,8570.0,0,2212.9,2261.5,S2,dqn,0,308
0.136986301369863,8428.431395297845,4,2234.677338531995,2259.4850991207095,S2,dqn,0,309
0.12389680923285812,8178.109932536878,4,2334.64,2346.0,S2,dqn,0,310
0.2126099706744868,7063.0,0,1994.3,2054.0,S2,dqn,0,311
0.13240418118466898,7937.199999672796,4,2323.1299999468793,2458.5,S2,dqn,0,312
0.13559850374064839,8782.09999225793,2,2406.2,2419.0,S2,dqn,0,313
0.1717557251908397,7091.551491227923,4,2205.579999966184,2262.5,S2,dqn,0,314
0.09694380545514295,8581.0,0,2580.0,2702.0,S2,dqn,0,315
0.1422963689892051,8415.0499999125,1,2719.9,2750.0,S2,dqn,0,316
0.1108611825192802,8709.5,0,2146.8,2188.0,S2,dqn,0,317
0.16581632653061223,8416.049999897334,1,2579.7,2652.5,S2,dqn,0,318
0.22904260192395787,5633.5,0,1646.5,1749.0,S2,dqn,0,319
0.18799586064160057,7689.607800996247,3,1996.7096370776878,2002.3134614640642,S2,dqn,0,320
0.12611464968152866,8757.69999977778,3,2621.339999972622,2686.5499999657777,S2,dqn,0,321
0.13821138211382114,8473.325918064107,8,2207.1251836802367,2231.5,S2,dqn,0,322
0.20592485549132947,7247.099999797369,2,1985.8,1997.5,S2,dqn,0,323
0.15302727877578176,8136.0,0,2407.6,2479.0,S2,dqn,0,324
0.13837064676616914,8870.213558993988,4,2236.8627118402915,2242.5,S2,dqn,0,325
0.1171875,8933.404597242938,4,2606.5933333225503,2670.5,S2,dqn,0,326
0.11612903225806452,8652.199999950322,1,2320.6399999900646,2334.5,S2,dqn,0,327
0.13092269326683292,8811.0,0,2573.2,2635.0,S2,dqn,0,328
0.17741385192766973,7801.0,0,2123.8,2152.5,S2,dqn,0,329
0.11827956989247312,9079.284783070207,4,2743.8999999999996,2915.5,S2,dqn,0,330
0.1868583162217659,6444.7,0,1729.3,1796.5,S2,dqn,0,331
0.18793273986152326,8012.1,0,2350.7999999999997,2480.0,S2,dqn,0,332
0.13818297331639137,8606.549999901283,1,2711.6,2810.0,S2,dqn,0,333
0.18265682656826568,7241.523119815023,6,2254.6646239778124,2395.5,S2,dqn,0,334
0.15859519408502773,7426.699999722654,4,2202.939999954706,2310.5499999433823,S2,dqn,0,335
0.17202692595362754,7175.302325198531,4,2345.060464989413,2464.0499998625,S2,dqn,0,336
0.22563897763578275,6440.7,0,1903.74,1987.0,S2,dqn,0,337
0.1486232790988736,8689.54999992451,1,2639.5,2746.5,S2,dqn,0,338
0.16287160025300443,8560.84999969115,4,2375.2099999854718,2437.0,S2,dqn,0,339
0.13488936041224614,9022.549999751613,1,2752.0,2955.5,S2,dqn,0,340
0.14150943396226415,8753.16243088916,6,2300.560920972918,2381.2799433605787,S2,dqn,0,341
0.13491808544812078,8537.0,0,2480.1,2619.5,S2,dqn,0,342
0.1977401129943503,8328.059459373722,2,2341.647567498978,2374.0594593737223,S2,dqn,0,343
0.11866581141757537,8710.349999909411,1,2650.4,2687.5,S2,dqn,0,344
0.10854341736694678,7993.0,0,2547.9,2681.0,S2,dqn,0,345
0.17152933632574544,8378.096874855257,3,2362.3393749560023,2425.0499999576923,S2,dqn,0,346
0.1383737517831669,9589.5,0,2557.1,2606.5,S2,dqn,0,347
0.16526138279932545,7960.0,0,2245.2,2310.5,S2,dqn,0,348
0.1059001512859304,9272.349999699269,4,2768.7199998598917,2840.74999986673,S2,dqn,0,349
0.18569735282497038,6746.199999663523,4,2118.1999998514957,2251.599999864652,S2,dqn,0,350
0.16236722306525037,8917.999999686166,4,2350.059999971998,2381.4,S2,dqn,0,351
0.152753108348135,7676.984023153151,7,2088.059999953684,2169.699999942105,S2,dqn,0,352
0.12468030690537084,8626.31524385692,1,2416.7,2436.0,S2,dqn,0,353
0.15146683673469388,8533.274887664527,5,2323.3,2375.0,S2,dqn,0,354
0.1291378683157512,7579.5,0,2283.9,2410.0,S2,dqn,0,355
0.10879848628192999,8864.600478078215,5,2340.9273683724978,2413.0,S2,dqn,0,356
0.15005001667222406,8120.1,0,2236.1,2240.0,S2,dqn,0,357
0.12942191544434858,9609.599999870537,2,2887.6,2959.5,S2,dqn,0,358
0.1141552511415525,9102.549999936364,1,2493.2,2557.5,S2,dqn,0,359
0.134375,8816.794915099556,3,2679.9359320796448,2823.794915099556,S2,dqn,0,360
0.11419485400404741,9685.123333034853,4,2907.6446666410297,3044.5,S2,dqn,0,361
0.2058353317346123,6502.4,0,1708.68,1720.5,S2,dqn,0,362
0.1071331705994033,10306.549999940311,1,2647.6,2660.5,S2,dqn,0,363
0.12640449438202248,8887.918556308501,4,2268.4,2292.0,S2,dqn,0,364
0.16321044546851,6989.5,0,1916.0,1952.0,S2,dqn,0,365
0.09137207908927501,9392.0,0,2560.8,2568.0,S2,dqn,0,366
0.10811532301121196,10462.649999789335,3,2793.6399999637647,2833.049999954706,S2,dqn,0,367
0.1343862565807703,9936.402553828499,6,2906.422043062799,3013.4025538284986,S2,dqn,0,368
0.14746972989754734,8773.0,0,2532.2999999999997,2605.0,S2,dqn,0,369
0.1088289393010423,9129.973983640019,2,2489.2247967026187,2525.5499999576923,S2,dqn,0,370
0.11276827937431794,7724.099999588096,4,2240.4999998207204,2256.5999998385023,S2,dqn,0,371
0.12373285629099583,9249.649999764242,3,2601.3899998472075,2648.5999998239317,S2,dqn,0,372
0.11659600242277407,9171.8,0,2401.1,2411.0,S2,dqn,0,373
0.15253740099735993,9296.599999889437,2,2459.709999988154,2527.0,S2,dqn,0,374
0.17061781609195403,7593.184248236436,9,2149.8609285540647,2155.5401312908075,S2,dqn,0,375
0.1665001665001665,8053.386301081986,4,2236.919999971861,2257.5,S2,dqn,0,376
0.12644889357218125,7844.549999925242,1,2049.6,2080.0,S2,dqn,0,377
0.13368983957219252,7229.0,0,2666.3999999999996,2888.5,S2,dqn,0,378
0.13998682476943347,8303.999999936364,1,2474.7599999999998,2592.5,S2,dqn,0,379
0.13526570048309178,8551.8,0,2155.5,2180.0,S2,dqn,0,380
0.09743774810537711,7792.749999202683,5,2191.4299998811916,2221.0,S2,dqn,0,381
0.15022860875244937,8351.709291970272,1,2143.4,2148.5,S2,dqn,0,382
0.19174041297935104,8037.9,0,2563.8999999999996,2773.0,S2,dqn,0,383
0.16109422492401215,8853.5,0,2285.7,2340.5,S2,dqn,0,384
0.1208118556701031,8579.0,0,2276.7,2308.0,S2,dqn,0,385
0.12155828939660222,9405.5,0,2616.7999999999997,2735.0,S2,dqn,0,386
0.08328462887200468,9726.0,0,2395.9,2401.5,S2,dqn,0,387
0.10824436536180308,9478.133333230264,2,2790.3566666105144,2833.0499999407693,S2,dqn,0,388
0.12951601908657123,8101.187704780649,2,2319.4,2410.0,S2,dqn,0,389
0.09889799378355468,9948.0,0,2838.0,2868.0,S2,dqn,0,390
0.1693947468595356,7133.064145604324,7,1919.9685434329613,1934.1261902667848,S2,dqn,0,391
0.1772922636103152,7427.624999950893,1,2334.9799999607144,2384.224999950893,S2,dqn,0,392
0.08668730650154799,9169.781818018144,2,2568.185454496649,2643.2318181208116,S2,dqn,0,393
0.1819505094614265,7391.738756970162,5,2105.4210058215504,2220.6387573562797,S2,dqn,0,394
0.13280212483399734,8316.20141302579,8,2491.7974381843815,2524.496797730477,S2,dqn,0,395
0.10009099181073704,9273.549999933044,1,2608.1399999464347,2703.5499999330436,S2,dqn,0,396
0.20996978851963746,6887.499999781078,2,1866.6399998973334,1875.5499998716666,S2,dqn,0,397
0.12303290414878398,9648.710975468623,3,2880.5687803748974,3019.210975468622,S2,dqn,0,398
0.13651365136513652,9165.233333117847,4,2858.74666653402,3012.1833331675252,S2,dqn,0,399
0.07564736688972941,9813.0,0,2712.7,2767.0,S2,dqn,0,400
0.1701157488600491,7687.099999591283,5,2049.42999982423,2106.2499998432886,S2,dqn,0,401
0.08665794637017658,8695.5,0,2711.6,2838.5,S2,dqn,0,402
0.10757194747136072,10022.225370976064,7,2710.9727293987817,2787.465911748477,S2,dqn,0,403
0.1823607427055703,8039.623683944208,4,2362.0,2455.0,S2,dqn,0,404
0.16474464579901152,8188.860526127663,3,2328.688420902131,2387.860526127664,S2,dqn,0,405
0.09588617383235386,9099.183677231797,4,2551.6095311609524,2614.0,S2,dqn,0,406
0.12018489984591679,8995.5,0,2416.6,2438.0,S2,dqn,0,407
0.15843895930620414,8165.937167941586,3,2208.9674336171024,2258.0,S2,dqn,0,408
0.14412053717654766,8302.5,0,2296.7,2374.5,S2,dqn,0,409
0.12694145758661887,9232.5,0,2565.2,2629.5,S2,dqn,0,410
0.15870307167235495,7999.745076958364,6,2298.265682002465,2377.1944443513207,S2,dqn,0,411
0.16007194244604317,7531.7288534396,4,2102.6430828005687,2153.178853500711,S2,dqn,0,412
0.15272033089405027,8532.049999959043,1,2626.4399999672337,2793.0499999590425,S2,dqn,0,413
0.15459088069956278,8732.699999409966,8,2601.2099998572357,2720.5999998904604,S2,dqn,0,414
0.15044519496469144,8862.924853566125,3,2491.939999958933,2594.0499999486665,S2,dqn,0,415
0.16101404590613225,7854.099999907597,2,2217.9799999260777,2334.599999907597,S2,dqn,0,416
0.11548331907613345,9769.103196664728,5,2565.1620511388774,2616.4525639235967,S2,dqn,0,417
0.12804299715460007,8750.699999802242,4,2521.019999880055,2655.649999850069,S2,dqn,0,418
0.21206096752816433,7879.491700739831,8,2218.3683402216975,2302.5,S2,dqn,0,419
0.13457225248317847,8602.149999833506,3,2361.319999866805,2366.1499998335066,S2,dqn,0,420
0.12155059132720106,8447.0,0,2792.5,2799.5,S2,dqn,0,421
0.12982456140350876,7898.776922720901,5,2470.3415382359517,2674.92692279494,S2,dqn,0,422
0.13291139240506328,8733.17941155996,3,2255.6258823296935,2261.5,S2,dqn,0,423
0.08712487899322362,8793.740652266197,3,2662.8945097895635,2768.5,S2,dqn,0,424
0.12093523246439129,10298.099999889673,2,2845.2,2929.0,S2,dqn,0,425
0.14544164597374956,7646.5,0,2286.2,2431.5,S2,dqn,0,426
0.07040187738339689,9821.705688076,9,2624.51999964516,2658.39999955645,S2,dqn,0,427
0.15089418777943367,7291.784482707349,1,1882.5275861658786,1914.2844827073484,S2,dqn,0,428
0.12677484787018256,8173.130373638205,3,2209.2842989105643,2213.4303736382053,S2,dqn,0,429
0.12392039053698836,7410.149999775737,3,1985.2799999085894,2029.599999885737,S2,dqn,0,430
0.18518518518518517,7976.5,0,2304.2,2349.0,S2,dqn,0,431
0.1655321782178218,8765.449999790811,3,2643.8099999901283,2659.0,S2,dqn,0,432
0.12384792626728111,9594.057142706342,2,2641.0,2680.0,S2,dqn,0,433
0.09526938239159001,8550.0,0,2567.5,2696.5,S2,dqn,0,434
0.11288546255506608,10091.0,0,3099.6,3188.0,S2,dqn,0,435
0.13473545842918172,8368.0,0,3010.3999999999996,3269.0,S2,dqn,0,436
0.12991128010139416,8785.149772260227,5,2312.439817901372,2365.049772376715,S2,dqn,0,437
0.1835924578233543,8012.2,0,2161.74,2274.0,S2,dqn,0,438
0.14050822122571002,9166.249999629608,5,2633.739999928372,2653.549999910465,S2,dqn,0,439
0.1490780698313064,6949.599999879169,2,2038.5399999507201,2087.5499999384,S2,dqn,0,440
0.10251630941286113,9065.4999998654,2,2433.1399999315554,2488.0499999144445,S2,dqn,0,441
0.21495327102803738,6962.5,0,2428.7,2575.0,S2,dqn,0,442
0.11667178385016887,9045.0,0,2690.5,2818.5,S2,dqn,0,443
0.13804173354735153,8538.337980622047,3,2246.130384541019,2314.2879806762735,S2,dqn,0,444
0.11956521739130435,8921.230542654881,4,2551.2094735747623,2614.086841983492,S2,dqn,0,445
0.18379850238257317,7881.17737811267,5,2474.2375608480456,2644.846951060057,S2,dqn,0,446
0.15410323059784628,7264.5,0,1922.8,1961.0,S2,dqn,0,447
0.14347681014347682,8259.036173742632,5,2306.02,2432.0,S2,dqn,0,448
0.14492753623188406,9039.749999954971,1,2854.7,2962.5,S2,dqn,0,449
0.15458605290278254,7931.0569436573105,4,2162.8479079352323,2210.3098849190405,S2,dqn,0,450
0.21334367726920092,6767.3720426001155,4,2047.6299999252617,2136.0,S2,dqn,0,451
0.20682730923694778,6550.028353378343,7,1843.1094736139444,1865.0,S2,dqn,0,452
0.1597051597051597,7722.5,0,2052.6,2061.0,S2,dqn,0,453
0.11861861861861862,9263.0,0,2740.5,2818.5,S2,dqn,0,454
0.17538815411155836,9315.193477927756,3,2526.6199999417545,2626.0,S2,dqn,0,455
0.16169154228855723,7597.2,0,2151.4,2229.0,S2,dqn,0,456
0.15377588306942752,8904.884057794436,3,2395.7699999830766,2474.2,S2,dqn,0,457
0.15719899964272954,7544.3,0,2088.0,2188.0,S2,dqn,0,458
0.06599269868014603,10262.21527760826,2,3101.2999999999997,3264.0,S2,dqn,0,459
0.16755793226381463,7512.146666591378,1,2440.2,2557.0,S2,dqn,0,460
0.1422948834392976,9001.3,0,2661.6,2758.0,S2,dqn,0,461
0.1480836236933798,7802.54999993063,1,2410.7,2504.0,S2,dqn,0,462
0.14482515012363123,7732.749999949673,1,1977.5999999597384,1977.749999949673,S2,dqn,0,463
0.0963533946042099,9581.942307586647,2,2609.3538460693176,2691.942307586647,S2,dqn,0,464
0.12849707221860768,8485.597267238241,5,2204.677813790594,2238.0972672382422,S2,dqn,0,465
0.13385826771653545,8750.940440785685,6,2296.809338157759,2348.5187499404574,S2,dqn,0,466
0.15530903328050713,8530.0,0,2213.2,2284.0,S2,dqn,0,467
0.15421303656597773,8472.5,0,2435.2,2473.5,S2,dqn,0,468
0.09388335704125178,9971.91358457316,6,2901.8308676585275,3016.4135845731594,S2,dqn,0,469
0.13700605710989328,9516.824999943527,1,2565.659999954821,2584.8249999435266,S2,dqn,0,470
0.17142857142857143,7485.772042875748,2,2180.4876343372657,2246.72204293686,S2,dqn,0,471
0.16255989048596853,7883.849999819127,3,2256.8499998988864,2284.2999998917685,S2,dqn,0,472
0.13572854291417166,6884.0499998625,1,1747.1099999725,1755.0,S2,dqn,0,473
0.0792507204610951,9861.5,0,2604.8,2615.0,S2,dqn,0,474
0.1559100797679478,7442.0,0,1965.2,2013.5,S2,dqn,0,475
0.1586130579122095,7341.6,0,2043.1799999999998,2108.1,S2,dqn,0,476
0.11944444444444445,9991.75714268015,3,2714.4657142027854,2723.207142753482,S2,dqn,0,477
0.14660965180207697,8946.825912163586,4,2381.8,2427.0,S2,dqn,0,478
0.13011152416356878,8985.449999629098,3,2441.899999961739,2529.049999952174,S2,dqn,0,479
0.049443757725587144,9388.199999694603,4,2491.5399999389206,2508.0,S2,dqn,0,480
0.08103448275862069,8364.714295802967,11,2138.7618914206837,2167.1999998758065,S2,dqn,0,481
0.19775036284470246,7257.900632501311,4,2187.7999999999997,2248.5,S2,dqn,0,482
0.11538461538461539,9034.409459235503,3,2709.0,2862.5,S2,dqn,0,483
0.16440677966101694,7966.400763040749,5,2002.6301525565286,2009.1999998945205,S2,dqn,0,484
0.12828947368421054,8370.59187999656,5,2346.9935041134745,2398.491880141843,S2,dqn,0,485
0.09523809523809523,8314.882425283298,5,2898.6298183633753,2982.4888888445266,S2,dqn,0,486
0.13859275053304904,7710.274691268831,1,1834.0,1839.5,S2,dqn,0,487
0.1690187069248441,8228.222221792328,5,2221.377777433863,2253.7222217923286,S2,dqn,0,488
0.16424751718869365,7157.1168183938125,9,1855.3684548797398,1880.0751520016288,S2,dqn,0,489
0.15436028007638447,8546.849999693302,4,2400.00999987032,2414.2499998654,S2,dqn,0,490
0.12419503219871206,9010.45461102294,5,2521.754458089186,2556.9430726114824,S2,dqn,0,491
0.17362270450751252,7957.049999917204,1,2163.6399999337636,2205.0499999172043,S2,dqn,0,492
0.03924133420536298,9002.44999983319,2,2667.8499999666383,2710.5,S2,dqn,0,493
0.0953532097770615,10501.5,0,2998.6,3052.5,S2,dqn,0,494
0.09181450357920946,9180.391666219502,7,2536.593333157811,2546.691666523184,S2,dqn,0,495
0.033992583436341164,9482.14999974658,3,2877.8299999493156,3080.0,S2,dqn,0,496
0.17461964038727523,7788.06815579554,7,2332.1345247338195,2379.2931559172744,S2,dqn,0,497
0.16382480775660313,8041.99999986571,2,2174.339999961013,2221.549999951266,S2,dqn,0,498
0.10562332639095508,9501.994606602266,7,3049.505685422146,3288.194606805959,S2,dqn,0,499
0.09283387622149837,8773.232702733167,12,2643.6227758971513,2773.225305337302,S2,dqn,0,500
0.17879353233830847,8565.787623728032,1,2184.9575247456064,2221.0,S2,dqn,0,501
0.16331243813922797,8214.66331513853,3,2401.310652110824,2405.76331513853,S2,dqn,0,502
0.17049180327868851,8172.0,0,2209.8,2236.0,S2,dqn,0,503
0.18178479618068308,7218.549992086197,3,2020.3799999999999,2073.5,S2,dqn,0,504
0.13115343154868847,7779.137847967581,8,2297.3611874842227,2322.856029817844,S2,dqn,0,505
0.10065127294256956,9500.299999775687,3,2570.03999982055,2605.7999997756874,S2,dqn,0,506
0.14467791939373062,7929.099999852981,2,2042.1799998823847,2070.599999852981,S2,dqn,0,507
0.07925325818950335,8093.5,0,2391.2,2505.0,S2,dqn,0,508
0.11088011088011088,8157.352324966612,6,2103.8818602449587,2105.202325336598,S2,dqn,0,509
0.09372210651591788,9492.56091794829,3,2734.7487343586326,2866.060917948291,S2,dqn,0,510
0.14932720708893993,8348.62486743448,3,2670.999893947585,2835.1248674344815,S2,dqn,0,511
0.14450867052023122,8963.186206666238,4,2502.978965433468,2506.086206808288,S2,dqn,0,512
0.08756038647342995,9402.572509794032,4,2568.614501958806,2629.5,S2,dqn,0,513
0.024528301886792454,7778.5,0,2274.6,2401.5,S2,dqn,0,514
0.13009845288326302,7840.04999993,1,2474.7,2654.5,S2,dqn,0,515
0.17655125128556737,7819.259277935194,5,2232.1099999856074,2254.5,S2,dqn,0,516
0.10966212211025489,9467.928620181492,6,2772.061266221292,2776.0,S2,dqn,0,517
0.07575757575757576,9399.0,0,2606.2,2660.0,S2,dqn,0,518
0.14912581419266369,7962.255158453286,4,2418.051031690657,2467.0,S2,dqn,0,519
0.13260305563562985,9507.0,0,2761.4,2799.0,S2,dqn,0,520
0.10190444370197127,8469.289821637067,11,2342.5757522312447,2349.5,S2,dqn,0,521
0.1370697532744441,9018.599999801889,2,3277.809999977681,3582.0,S2,dqn,0,522
0.12215909090909091,9778.770429799062,3,2706.7999999999997,2808.0,S2,dqn,0,523
0.13513513513513514,8522.0,0,2421.9,2471.0,S2,dqn,0,524
0.18543492919757248,7805.0,0,2816.2,3154.0,S2,dqn,0,525
0.17094017094017094,7822.8,0,2022.76,2071.0,S2,dqn,0,526
0.14833574529667148,7476.0,0,2128.0,2162.0,S2,dqn,0,527
0.13062908215881747,8029.384582753398,4,2102.2,2151.0,S2,dqn,0,528
0.13149243918474687,8348.049999913483,1,1967.4,1969.0,S2,dqn,0,529
0.14854426619132502,9280.616290508206,6,2487.6375608661438,2495.521951111371,S2,dqn,0,530
0.16583452211126962,7568.5,0,1897.0,1924.0,S2,dqn,0,531
0.0951511991657977,10834.649999831947,3,2928.8299999663896,2984.5,S2,dqn,0,532
0.148975791433892,8755.5,0,2478.4,2549.5,S2,dqn,0,533
0.16388645010242903,9229.9,0,2622.0,2639.0,S2,dqn,0,534
0.13704318936877077,9913.5,0,2876.0,2904.5,S2,dqn,0,535
0.18898931799506985,6498.444941486824,6,2004.4319539916555,2073.1649424895695,S2,dqn,0,536
0.06323777403035413,10326.314971474287,5,3054.571977271453,3207.714971589316,S2,dqn,0,537
0.17336606320957348,8775.399414745982,6,2252.959882991974,2278.5,S2,dqn,0,538
0.16082341588935348,8378.5,0,2318.8,2370.0,S2,dqn,0,539
0.045106615636960085,10620.54999995926,1,3084.8399999674075,3176.0499999592594,S2,dqn,0,540
0.11336866902237927,9513.416666559631,2,2750.4,2821.0,S2,dqn,0,541
0.1364491844416562,8743.74999944653,5,2696.9299997682574,2876.149999735651,S2,dqn,0,542
0.12504007694773966,8568.0,0,2330.0,2437.5,S2,dqn,0,543
0.1148573545757688,7518.0,0,2222.1,2260.0,S2,dqn,0,544
0.10746085354620817,9131.0,0,2793.5,2914.5,S2,dqn,0,545
0.11093990755007704,9111.149999512327,8,2466.6999997639127,2489.799999746564,S2,dqn,0,546
0.11612692181877658,8651.301455080431,7,2284.9602910160866,2302.0,S2,dqn,0,547
0.11471937875044123,7926.958896159797,5,2510.379999918018,2572.599999897522,S2,dqn,0,548
0.15244841392054204,8797.599999561897,2,2613.319999912379,2752.5,S2,dqn,0,549
0.15837874659400544,7950.128391444156,7,2182.682713288187,2277.228391610234,S2,dqn,0,550
0.09256402344955261,9127.0,0,2369.9,2392.0,S2,dqn,0,551
0.14621741894469167,8560.0,0,2350.5,2386.5,S2,dqn,0,552
0.11798469387755102,8834.90297038434,12,2438.121480167027,2492.507802812892,S2,dqn,0,553
0.14672686230248308,8490.7,0,2405.3,2452.5,S2,dqn,0,554
0.1519485162674294,7565.549999943795,1,2175.9399999550365,2241.0499999437957,S2,dqn,0,555
0.07218045112781955,9509.499999698657,4,2715.5399998714993,2799.3999998862796,S2,dqn,0,556
0.0995603827256271,10839.699999922223,1,2769.2399999844442,2779.0,S2,dqn,0,557
0.05220090293453725,10268.059405802103,2,2710.507524722735,2763.509405903419,S2,dqn,0,558
0.0976027397260274,8242.27625290335,5,2712.25525058067,2894.0,S2,dqn,0,559
0.1541095890410959,7130.899999836003,2,2149.7199999672007,2224.5,S2,dqn,0,560
0.20874751491053678,6501.6,0,2102.7999999999997,2260.0,S2,dqn,0,561
0.0759974667511083,9081.429166468195,11,2822.5240170958155,2958.0300213697697,S2,dqn,0,562
0.18708083303918108,7482.7,0,2435.46,2486.2,S2,dqn,0,563
0.11085751548744702,8573.035951135,3,2486.6,2509.5,S2,dqn,0,564
0.15838509316770186,8734.260408121007,5,2383.1483265499082,2392.0604081873853,S2,dqn,0,565
0.1360318513603185,8215.0,0,2236.4,2280.0,S2,dqn,0,566
0.10466988727858294,8754.893188593047,7,2585.791137750102,2697.0,S2,dqn,0,567
0.13286242852337707,8294.204013107588,11,2440.913391830058,2453.787648680901,S2,dqn,0,568
0.17451711284310403,7893.699999299102,4,2790.8499999387363,3085.5499999468966,S2,dqn,0,569
0.1818522684664417,7109.399999706996,4,1982.8699999907785,2018.2,S2,dqn,0,570
0.13020053876085005,9178.749999890573,2,2450.4999999124593,2501.249999890574,S2,dqn,0,571
0.12862698175291654,9239.449999944605,1,2381.58,2389.0,S2,dqn,0,572
0.1238390092879257,8964.588888599226,4,2632.347777689249,2734.0499999490066,S2,dqn,0,573
0.11114404267931238,9411.2,0,2659.7999999999997,2752.5,S2,dqn,0,574
0.1430678466076696,9295.5775073542,7,2970.4630605471634,3070.5,S2,dqn,0,575
0.1618181818181818,7414.099999890674,2,1828.3199999125386,1833.8999998906734,S2,dqn,0,576
0.13479511143062545,7645.249999915384,1,2247.809999983077,2323.0,S2,dqn,0,577
0.15851137146795313,7822.6636362510335,2,2237.740909033362,2301.4136363052594,S2,dqn,0,578
0.16331243813922797,8201.649999737388,3,2021.0399999189474,2040.0499998986843,S2,dqn,0,579
0.11402902557014513,8233.895632801163,16,2434.5245768046148,2500.7432210620896,S2,dqn,0,580
0.15011890606420927,9135.372174971106,2,2731.174434994221,2851.0,S2,dqn,0,581
0.13976945244956773,9557.461553172645,4,2703.6,2731.0,S2,dqn,0,582
0.13011152416356878,8876.331570261187,4,2570.3637499003585,2642.0499998986843,S2,dqn,0,583
0.14369592088998764,8854.74573166466,1,2291.749146332932,2301.0,S2,dqn,0,584
0.07709604882749758,8887.049999956,1,2566.1399999647997,2596.0499999559997,S2,dqn,0,585
0.14982467325470195,8533.243401350006,5,2321.8486802700013,2352.0,S2,dqn,0,586
0.11976955730745907,9209.74686653259,9,3212.2096874585995,3355.0,S2,dqn,0,587
0.15787860208461066,8904.634216317298,8,2353.3959999278336,2359.0,S2,dqn,0,588
0.13721006207121855,8381.9,0,2356.7,2366.5,S2,dqn,0,589
0.12387736141220192,8970.25242705487,2,2424.451941681154,2451.3024271169666,S2,dqn,0,590
0.16119402985074627,9103.51742652594,9,2396.279999924434,2410.0999999055425,S2,dqn,0,591
0.23033020790868325,6289.1,0,1958.68,1969.5,S2,dqn,0,592
0.12792511700468018,8893.645855686109,2,2481.929171137222,2537.5,S2,dqn,0,593
0.1390644753476612,8744.296097282455,8,2391.700180461086,2441.5,S2,dqn,0,594
0.1968503937007874,8003.5,0,2076.04,2102.8,S2,dqn,0,595
0.13297872340425532,8357.941048802013,7,2279.899876384108,2289.0999998115385,S2,dqn,0,596
0.15301243226012112,8509.46363623589,2,2404.009999986126,2452.0,S2,dqn,0,597
0.15331010452961671,7799.9,0,2089.72,2153.4,S2,dqn,0,598
0.13597941933112825,7470.2,0,2003.8,2051.0,S2,dqn,0,599
0.14556040756914118,9315.049999851923,1,2756.0,2883.0,S2,dqn,0,600
0.15810276679841898,7560.695180581457,7,1933.3519772025968,1950.5999998039904,S2,dqn,0,601
0.13433356594556875,7857.0,0,2313.2,2429.0,S2,dqn,0,602
0.14970930232558138,9369.43364664997,6,2629.486729329994,2671.0,S2,dqn,0,603
0.13436044428520244,7687.814072367596,3,2458.162814473519,2619.0,S2,dqn,0,604
0.12172854534388314,9073.099999884145,2,2370.6799999073164,2400.0999998841453,S2,dqn,0,605
0.13588736083824493,8429.64999953181,5,2076.439999906667,2129.0499998833334,S2,dqn,0,606
0.05048805116122518,8654.973601004092,4,2660.579999887679,2672.099999859599,S2,dqn,0,607
0.16215312604480106,8072.73288564612,3,1881.0099999851923,1883.0,S2,dqn,0,608
0.10984427141268076,10116.187499372762,7,2926.099999916009,2946.5,S2,dqn,0,609
0.09446925455170045,8272.5,0,2101.8,2102.0,S2,dqn,0,610
0.11068943706514864,8827.59999987706,2,2742.049999934886,2757.049999932456,S2,dqn,0,611
0.10114632501685772,8363.649999259333,3,2220.4,2323.0,S2,dqn,0,612
0.08442776735459662,9134.349999649101,4,2442.0599999424435,2466.0,S2,dqn,0,613
0.17283519553072627,7673.649999933621,1,2375.9399999468965,2562.5499999336207,S2,dqn,0,614
0.10487353485502776,9058.049999926667,1,2827.4,2896.0,S2,dqn,0,615
0.13057511737089203,9398.340551041116,2,2384.1599999307864,2406.199999913483,S2,dqn,0,616
0.15229295003422313,7889.896478786129,2,2385.399295757226,2394.0,S2,dqn,0,617
0.08391098139365195,7771.0,0,2404.8999999999996,2561.0,S2,dqn,0,618
0.12637362637362637,7512.549999906098,1,1969.1,2029.5,S2,dqn,0,619
0.05996573386636208,10130.94161049329,4,2609.878321981644,2648.1499998049776,S2,dqn,0,620
0.20155826558265583,7758.349999783582,3,2355.189999884615,2388.0999998798316,S2,dqn,0,621
0.14418744367677983,9149.088288189958,6,2303.4012076179856,2367.5499998690475,S2,dqn,0,622
0.1657874905802562,7163.149999728789,3,1906.1599999004638,1909.0499999245098,S2,dqn,0,623
0.16818610499842818,8551.5,0,2483.4,2524.5,S2,dqn,0,624
0.041620421753607105,10619.227268378987,13,2829.869999894818,2924.0,S2,dqn,0,625
0.12086277426552622,7471.076326966744,5,2579.4089495546186,2763.2894736021167,S2,dqn,0,626
0.05034053893988748,9829.093517883528,3,3047.3948143476164,3156.7435179345207,S2,dqn,0,627
0.10584518167456557,8890.437445484351,5,2605.4,2627.5,S2,dqn,0,628
0.15951790145338532,7672.220385014758,4,1949.0,1984.5,S2,dqn,0,629
0.12595293337752733,8314.0,0,2454.4,2563.5,S2,dqn,0,630
0.1086272040302267,8871.612158417172,2,2738.315063274113,2844.5,S2,dqn,0,631
0.11514195583596215,8851.793535344374,3,2439.8,2485.5,S2,dqn,0,632
0.102880658436214,9537.0,0,2504.6,2532.0,S2,dqn,0,633
0.1498549790525298,8536.849382189816,6,2662.379999884039,2859.599999855049,S2,dqn,0,634
0.16878342245989306,8030.099999570453,4,2138.9599999140905,2199.4,S2,dqn,0,635
0.16846127127474816,7760.2923076056095,2,2333.7338460844876,2478.79230760561,S2,dqn,0,636
0.05311713726586525,10383.299999747747,4,3045.5,3159.0,S2,dqn,0,637
0.13680347013680347,8172.049999926667,1,2619.609999985333,2746.0,S2,dqn,0,638
0.07720815318097592,9229.5,0,2572.8,2590.5,S2,dqn,0,639
0.12323943661971831,8640.549999948667,1,2236.2,2267.5,S2,dqn,0,640
0.09463179628355127,8172.049999679167,1,2623.409999935833,2792.0,S2,dqn,0,641
0.0843954529796762,8313.858106183092,11,2261.6524782809347,2288.6905978511686,S2,dqn,0,642
0.05923791226384886,8977.549999942963,1,2519.0399999543706,2525.549999942963,S2,dqn,0,643
0.08633747349288094,9371.54371703793,5,2875.8599998372288,2943.199999796536,S2,dqn,0,644
0.11533665835411472,8933.099999766184,2,2454.0,2484.0,S2,dqn,0,645
0.1328855140186916,9477.997652902437,9,3159.5222890741784,3335.8712641561515,S2,dqn,0,646
0.0801538954793203,8917.44999928521,9,2514.4799995705835,2597.3499994632293,S2,dqn,0,647
0.1253663301856073,8463.549999935833,1,2483.939999948667,2553.0499999358335,S2,dqn,0,648
0.1723543605653223,7754.549999925242,1,2065.5399999401943,2168.049999925243,S2,dqn,0,649
0.05815733088460361,9495.244443336303,6,2497.165555429344,2571.394444327933,S2,dqn,0,650
0.18034265103697025,8798.5,0,2285.8,2305.0,S2,dqn,0,651
0.07796881247501,7138.892591898391,3,2186.208518178809,2359.5499996652175,S2,dqn,0,652
0.09481668773704172,8953.091911997788,5,3042.6735295982303,3109.591911997788,S2,dqn,0,653
0.16500151377535574,8882.0,0,2386.8,2419.5,S2,dqn,0,654
0.14337458496830668,9108.997418936235,7,2781.1236231501093,2790.6420289510047,S2,dqn,0,655
0.11441647597254005,7293.74042535276,3,2478.5080850095937,2591.599999898403,S2,dqn,0,656
0.08916323731138547,8235.5041664027,3,2484.60083328054,2631.5,S2,dqn,0,657
0.13080444735120994,8404.5,0,2379.9,2480.0,S2,dqn,0,658
0.1501628664495114,8350.074999948296,1,2512.334999989659,2534.0,S2,dqn,0,659
0.15846257585974377,7979.0,0,2197.0,2256.5,S2,dqn,0,660
0.14070006863417983,8027.199999708947,4,2383.4799999168245,2536.099999896031,S2,dqn,0,661
0.21938571998404469,6585.0069338342455,5,1707.5499997118593,1729.649999660523,S2,dqn,0,662
0.1415236374585968,9055.0,0,2548.2999999999997,2632.5,S2,dqn,0,663
0.07440957618893562,8823.9,0,2487.18,2622.0,S2,dqn,0,664
0.17559262510974538,6086.2,0,1831.2,1872.5,S2,dqn,0,665
0.1049498746867168,8897.0,0,2517.6,2583.5,S2,dqn,0,666
0.18713662790697674,7303.55714276414,1,2042.0,2101.0,S2,dqn,0,667
0.12296444001329346,8360.0,0,2139.0,2159.5,S2,dqn,0,668
0.16872160934458144,8251.049999908333,1,2424.2099999816664,2570.5,S2,dqn,0,669
0.15505168389463153,8110.364285643732,1,2076.252857128746,2087.5,S2,dqn,0,670
0.0858704137392662,7263.999999685871,4,2172.969999796326,2214.449999765253,S2,dqn,0,671
0.08439490445859872,8934.5,0,2616.6,2693.5,S2,dqn,0,672
0.14241001564945227,8801.202396960723,9,2601.0768852819774,2654.1405511276334,S2,dqn,0,673
0.15539891060557515,8474.54999923,1,2107.2,2120.5,S2,dqn,0,674
0.11083743842364532,9054.249999895219,2,2933.6,3194.5,S2,dqn,0,675
0.10927430652843934,9962.445730797192,3,2554.3165852537536,2588.895731567192,S2,dqn,0,676
0.1362862010221465,8056.099999844697,2,2095.5799998757575,2159.599999844697,S2,dqn,0,677
0.10035211267605634,8083.5176963300855,12,2155.239999855137,2209.5499998428572,S2,dqn,0,678
0.09754028837998303,10025.913157505236,3,3398.4726315426683,3604.0,S2,dqn,0,679
0.04657886283327979,9037.5,0,2581.5,2667.0,S2,dqn,0,680
0.08127328140873688,8495.81497112727,7,2378.959999946435,2383.1999999330437,S2,dqn,0,681
0.1324828263002944,8415.6,0,2067.4,2069.0,S2,dqn,0,682
0.18649193548387097,7900.199999806015,2,2333.219999961203,2425.0,S2,dqn,0,683
0.19230769230769232,7133.449999944203,1,1676.4,1681.0,S2,dqn,0,684
0.11804384485666104,8314.867837483343,5,2392.009999953333,2503.0,S2,dqn,0,685
0.13718528082633957,8485.049999909412,1,2285.7099999818824,2315.5,S2,dqn,0,686
0.12848751835535976,7549.425881026932,5,2157.6245510778845,2232.2489580981164,S2,dqn,0,687
0.09546165884194054,9053.858869465888,7,2572.3192738241823,2681.4124998850075,S2,dqn,0,688
0.13565891472868216,7795.649999959259,1,2393.3399999674075,2480.5499999592594,S2,dqn,0,689
0.1384083044982699,8002.372320218794,5,2182.752241809343,2204.4796295768174,S2,dqn,0,690
0.10178571428571428,7854.683333194246,2,2163.3366666388492,2197.0,S2,dqn,0,691
0.13394264103372203,8783.049999562654,5,2604.839999747956,2692.7999996849453,S2,dqn,0,692
0.18094912939569818,7802.84999995,1,2175.48999999,2233.0,S2,dqn,0,693
0.1083147499203568,8802.549999938889,1,2404.5,2451.5,S2,dqn,0,694
0.13582342954159593,9695.599999860455,2,2456.2099999805064,2487.5,S2,dqn,0,695
0.12937371361364305,9429.993296490973,6,2350.614637239446,2363.8932965493073,S2,dqn,0,696
0.1588628762541806,8043.8,0,2104.66,2140.7,S2,dqn,0,697
0.10881801125703565,7492.187918544581,8,2297.0699999078397,2421.6999999468967,S2,dqn,0,698
0.13979665940450253,7546.143444234562,6,2370.498688804527,2477.049999929358,S2,dqn,0,699
0.08458035133376708,8770.405838017823,10,2668.7112845584797,2782.5499999564972,S2,dqn,0,700
0.06526966678117485,8501.790788744225,9,2524.819999896639,2553.749999896989,S2,dqn,0,701
0.13749641936407905,9535.0,0,2645.4,2687.0,S2,dqn,0,702
0.12459016393442623,8440.5,0,2433.5,2534.0,S2,dqn,0,703
0.1257071024512885,8808.607475178957,6,2566.8099999866085,2651.0,S2,dqn,0,704
0.1388888888888889,9134.5,0,2496.7999999999997,2595.5,S2,dqn,0,705
0.14705882352941177,8459.86081839482,5,2179.4886547158567,2181.360818394821,S2,dqn,0,706
0.13206162876008803,7497.556306029298,2,2191.485044994549,2283.3563062431863,S2,dqn,0,707
0.07174231332357248,9840.185184874446,10,2680.278954685271,2711.799999747574,S2,dqn,0,708
0.13879485443466485,8114.700575044872,4,2062.6,2073.0,S2,dqn,0,709
0.11499684940138627,8839.651497884248,4,2450.1199998790216,2523.399999848777,S2,dqn,0,710
0.12086740135087096,7811.749992161896,3,2071.169998432379,2153.2,S2,dqn,0,711
0.15553199010250973,7651.0499999547055,1,2190.1,2282.5,S2,dqn,0,712
0.1731374606505771,7640.549999910465,1,2099.539999928372,2186.049999910465,S2,dqn,0,713
0.1741731175228712,7581.5,0,2549.7999999999997,2699.5,S2,dqn,0,714
0.07100149476831091,7739.9499999384,1,2471.63999995072,2588.0499999384,S2,dqn,0,715
0.14918032786885246,8293.299999402132,7,2551.559999744422,2661.1999996805275,S2,dqn,0,716
0.10146561443066517,7479.749999492212,7,2579.679999765992,2689.699999753323,S2,dqn,0,717
0.10344827586206896,8975.729629186464,6,2432.819999837983,2503.1499997974784,S2,dqn,0,718
0.11077844311377245,9313.516487008656,4,2711.654408556261,2884.0,S2,dqn,0,719
0.09395424836601307,6875.5,0,1780.5,1808.5,S2,dqn,0,720
0.12348098784790279,7160.6925548874615,13,2217.1154492630676,2319.753230385929,S2,dqn,0,721
0.07317073170731707,8785.662658041678,3,2266.149999948943,2293.549999946528,S2,dqn,0,722
0.05792110206637445,9254.0,0,2427.7,2468.5,S2,dqn,0,723
0.12688614540466392,8079.67919282909,10,2546.7120601162833,2759.1400751453543,S2,dqn,0,724
0.08682469680264608,10297.987191821161,6,2869.804581134748,2976.028571273363,S2,dqn,0,725
0.10025461489497135,8906.579601404395,8,2459.2087802695837,2560.7609753369798,S2,dqn,0,726
0.09140474663245671,8789.4,0,2499.4,2607.0,S2,dqn,0,727
0.14001349527665316,8123.034713817638,7,2473.6,2547.5,S2,dqn,0,728
0.16999376169681846,8582.712334771964,4,2311.192340379394,2329.5,S2,dqn,0,729
0.11007911936704506,8117.099999860171,2,2492.2499999149973,2639.0499999049384,S2,dqn,0,730
0.12369791666666667,8508.452941067455,2,2298.6,2324.0,S2,dqn,0,731
0.15677118078719146,8226.46586248479,8,2430.892690058637,2503.1158625732965,S2,dqn,0,732
0.15191986644407346,8123.7799999307,1,2175.82399994456,2210.7799999307,S2,dqn,0,733
0.09489302967563837,8293.167757625508,15,2886.3952628519105,3113.2315785827127,S2,dqn,0,734
0.16572754391779915,8061.54999994726,1,2195.1099999894523,2219.5,S2,dqn,0,735
0.044296788482835,10519.549999955232,1,3171.239999964186,3279.5499999552326,S2,dqn,0,736
0.09445460085313832,9266.54999994122,1,2468.3099999882443,2487.5,S2,dqn,0,737
0.12486992715920915,7958.4136354851225,5,2454.2400000000002,2540.8,S2,dqn,0,738
0.12998266897746968,9578.70624993432,1,2529.4,2578.0,S2,dqn,0,739
0.08079324274697025,7703.0,0,2112.4,2206.0,S2,dqn,0,740
0.125,7523.999999774279,2,1929.8,1934.0,S2,dqn,0,741
0.1365512861225786,8658.353000234378,8,2415.5458958092377,2449.932369761547,S2,dqn,0,742
0.09896729776247848,9796.990995857579,3,2937.072796686063,3008.590995857579,S2,dqn,0,743
0.13689700130378096,8399.24999990783,2,2894.199999926264,3122.74999990783,S2,dqn,0,744
0.14571054354944335,8298.54999994762,1,2456.339999958095,2503.049999947619,S2,dqn,0,745
0.12570245489500148,9444.6879837553,11,2674.8399998796467,2702.899999877151,S2,dqn,0,746
0.12025901942645699,9026.422042636596,5,2573.8376341092767,2584.422042636596,S2,dqn,0,747
0.14218009478672985,8641.5,0,2686.9,2804.0,S2,dqn,0,748
0.10805804260574252,9123.137983918778,8,2674.693333209638,2840.3666665120472,S2,dqn,0,749
0.17088607594936708,8481.199999450768,4,2325.7299999033157,2414.5,S2,dqn,0,750
0.1949182039679777,7761.63778584308,13,2083.3516576550287,2123.756834041793,S2,dqn,0,751
0.10538994278831677,9328.788797883322,5,2613.4175089385217,2652.5218861731523,S2,dqn,0,752
0.09689922480620156,8748.555673536475,6,2759.361134686199,2913.04999996484,S2,dqn,0,753
0.07958008804605486,8405.549999915385,1,2333.8399999323074,2391.0499999153844,S2,dqn,0,754
0.1340172071475844,8315.727299114606,6,2174.751991225483,2197.9399890318537,S2,dqn,0,755
0.13755598208573255,8585.792846344264,5,2530.0099999841236,2569.0,S2,dqn,0,756
0.1199616122840691,8751.539626146046,13,2473.814611955678,2566.5,S2,dqn,0,757
0.12698950220115138,8148.449999880592,2,2352.7999999044737,2376.249999880592,S2,dqn,0,758
0.14443761524277812,8881.71739099044,5,2622.839999981882,2696.5,S2,dqn,0,759
0.12843068261787474,7834.361557883187,5,2270.307304731438,2363.0091309142977,S2,dqn,0,760
0.08753709198813056,9514.60232553923,1,2502.7818604313843,2554.1023255392306,S2,dqn,0,761
0.10638297872340426,8873.299999645154,4,2612.0,2653.0,S2,dqn,0,762
0.137524557956778,8438.509675482259,6,2621.9888894112505,2754.1111117640635,S2,dqn,0,763
0.14130434782608695,8825.649999806987,3,2417.789999888766,2446.5999998789484,S2,dqn,0,764
0.19811320754716982,6416.325999945792,1,1811.4,1822.0,S2,dqn,0,765
0.19507575757575757,6988.099999557229,2,1994.439999925783,2072.549999907229,S2,dqn,0,766
0.14789175582127123,8697.099999697573,2,2443.009999970943,2499.5,S2,dqn,0,767
0.1460298144204442,8980.499999381696,4,2687.1499999503712,2784.5499999536146,S2,dqn,0,768
0.09491903964265773,10195.254250972319,7,2566.333898092608,2593.7923726157596,S2,dqn,0,769
0.13072950290510008,8525.449999864912,1,2528.3099999729825,2559.0,S2,dqn,0,770
0.1095890410958904,9209.724306202721,4,2468.6373683818592,2518.2967104773243,S2,dqn,0,771
0.15854074326628026,7985.5179160787775,4,2322.0643332337627,2410.317916554086,S2,dqn,0,772
0.13026696687037634,8599.69999941717,4,2502.7,2581.0,S2,dqn,0,773
0.14566780174044647,7335.941344254211,12,1984.8721119925988,1997.9730719029278,S2,dqn,0,774
0.03666361136571952,9588.4,0,2637.2,2664.0,S2,dqn,0,775
0.1734304543877905,7738.844444016097,4,2063.309999976667,2082.5,S2,dqn,0,776
0.10143198090692124,9465.657418699255,7,2454.7497706860686,2466.3122133575857,S2,dqn,0,777
0.1183821111476488,8456.286666503724,3,2469.94733331081,2531.0,S2,dqn,0,778
0.1173638278663858,9217.259826399015,3,2399.977861173564,2433.209826489602,S2,dqn,0,779
0.10355607659241892,7177.049999847977,3,2228.0199999513347,2264.0499999695653,S2,dqn,0,780
0.1335940045617465,8395.0499999384,1,2422.83999995072,2509.5499999384,S2,dqn,0,781
0.12764632627646327,8861.4,0,2327.62,2383.9,S2,dqn,0,782
0.08155230596175478,10150.46570427015,6,2929.8925634695743,3059.615704336968,S2,dqn,0,783
0.08931102920328891,9981.24999982682,2,2597.549999965364,2603.5,S2,dqn,0,784
0.08132624335314358,9072.5,0,2948.3999999999996,3122.5,S2,dqn,0,785
0.09174311926605505,8917.0,0,2452.8,2481.0,S2,dqn,0,786
0.059351940968880336,9035.866911547118,3,2502.1933823049258,2538.5499999536146,S2,dqn,0,787
0.1245995016019936,7756.549992300008,1,2484.3999999999996,2705.5,S2,dqn,0,788
0.04279356384799726,8525.799999085733,6,2757.0,2947.0,S2,dqn,0,789
0.09947499309201437,10206.701042821054,6,2867.3608342568436,2900.7010428210547,S2,dqn,0,790
0.06884166417240348,9579.556034219911,4,2724.7448273759296,2792.5560342199124,S2,dqn,0,791
0.11813537675606642,8695.2,0,2515.9,2580.5,S2,dqn,0,792
0.04438807863031072,9170.0,0,2333.6,2363.5,S2,dqn,0,793
0.11560693641618497,7695.811537984412,4,2278.3623075968826,2387.5,S2,dqn,0,794
0.054304635761589407,10920.5,0,2946.1,3011.5,S2,dqn,0,795
0.10876225490196079,9102.756934216828,2,2279.0,2327.5,S2,dqn,0,796
0.06462799495586381,9130.649999633872,3,2576.2,2674.0,S2,dqn,0,797
0.10687273923051628,8499.949999956742,1,2402.4099999913483,2474.5,S2,dqn,0,798
0.08587167854828257,8769.749999825961,2,2299.0799999207693,2320.0499999259614,S2,dqn,0,799
0.0957107408720312,7932.049999931858,1,2269.0099999863714,2371.0,S2,dqn,0,800
0.10686528497409327,8621.860083770518,3,2204.9720167541036,2224.0,S2,dqn,0,801
0.1140118968935889,8448.549999933044,1,2384.939999946435,2385.0499999330436,S2,dqn,0,802
0.14802065404475043,7892.93805184047,3,2171.7376119300925,2176.0,S2,dqn,0,803
0.04177377892030849,9057.5,0,2605.9,2672.5,S2,dqn,0,804
0.11289823693164244,9007.0,0,2434.8,2441.5,S2,dqn,0,805
0.09000620732464308,9166.999999684254,5,2823.7999997474035,2971.999999684255,S2,dqn,0,806
0.11876881900301103,8330.9,0,2595.0,2644.5,S2,dqn,0,807
0.09139946059334732,9401.908333274514,1,2579.881666654903,2585.0,S2,dqn,0,808
0.1146941489361702,8376.599999898328,2,2427.84999995097,2500.549999952174,S2,dqn,0,809
0.14982467325470195,8524.59999985077,2,2224.1,2282.0,S2,dqn,0,810
0.10256410256410256,8712.04999993937,1,2471.9399999514962,2516.04999993937,S2,dqn,0,811
0.1430084745762712,7700.5,0,2079.9,2109.5,S2,dqn,0,812
0.1079136690647482,9776.606288963301,6,2545.5199999704973,2557.0,S2,dqn,0,813
0.1520387007601935,7822.549999953333,1,1977.7,2016.5,S2,dqn,0,814
0.06462035541195477,8962.499999659623,5,2676.259999945316,2800.5,S2,dqn,0,815
0.13044812768569675,8967.25645151424,2,2487.0,2558.5,S2,dqn,0,816
0.07765830346475508,9521.04999994726,1,2752.409999989452,2796.0,S2,dqn,0,817
0.1274065685164213,9715.0,0,2728.9,2755.0,S2,dqn,0,818
0.1438398999374609,8775.322288776893,5,2802.517831168181,2910.7722889602264,S2,dqn,0,819
0.11347105033459412,9585.049999959043,1,2725.2999999999997,2851.0,S2,dqn,0,820
0.12134502923976608,9442.549999954437,1,2536.4399999635507,2556.049999954438,S2,dqn,0,821
0.1282051282051282,9533.04999986,1,3098.0,3337.0,S2,dqn,0,822
0.07439446366782007,8246.5,0,2860.3999999999996,3093.0,S2,dqn,0,823
0.11609158336020639,8643.313881152204,5,2428.527258964036,2457.607471222658,S2,dqn,0,824
0.1268810858660372,9309.0,0,2726.2999999999997,2791.0,S2,dqn,0,825
0.05374644325007904,9126.0499999384,1,2551.2,2590.5,S2,dqn,0,826
0.07486788021139167,9693.549999937399,1,2761.4,2781.0,S2,dqn,0,827
0.1538195644659523,7818.5,0,2188.1,2290.0,S2,dqn,0,828
0.17154065620542083,7489.1379745518425,2,2302.96,2470.0,S2,dqn,0,829
0.0970873786407767,8974.2,0,2996.4,3132.0,S2,dqn,0,830
0.09071877180739707,8146.819477116932,6,2329.6120526344716,2351.1400657930894,S2,dqn,0,831
0.11360147374884863,9095.97903211446,2,2399.2,2427.0,S2,dqn,0,832
0.1419141914191419,8274.5,0,2256.8,2258.5,S2,dqn,0,833
0.12829169480081026,8246.04811293019,7,2250.016464697374,2296.594736803799,S2,dqn,0,834
0.07738998482549317,9425.165527344267,5,2482.3324218754133,2489.6655273442666,S2,dqn,0,835
0.12247600132406487,8367.244444248461,2,2672.2999999999997,2765.0,S2,dqn,0,836
0.11849799938442598,8999.049999925961,1,2700.539999940769,2752.5499999259614,S2,dqn,0,837
0.09511267193444542,9625.549999966375,1,2524.309999993275,2579.0,S2,dqn,0,838
0.08631921824104234,8731.5,0,2283.2,2297.0,S2,dqn,0,839
0.10375771172181716,9980.0,0,2849.6,2921.5,S2,dqn,0,840
0.062398263700488336,10606.199999958824,1,3082.6,3227.0,S2,dqn,0,841
0.07386192342478143,9470.5,0,2676.0,2732.5,S2,dqn,0,842
0.10733203233900195,10055.080434655096,2,2865.4,2958.5,S2,dqn,0,843
0.13148907103825136,8034.091666580456,1,2058.573333264365,2060.091666580456,S2,dqn,0,844
0.11904761904761904,7374.7,0,2379.1,2408.5,S2,dqn,0,845
0.10781194768469424,7921.099999868744,2,2267.14999993588,2292.0499999368853,S2,dqn,0,846
0.14803625377643503,8107.9,0,2227.6,2266.0,S2,dqn,0,847
0.12086092715231789,8343.049999916304,1,2208.1,2269.0,S2,dqn,0,848
0.1469583048530417,7988.7499999125,1,2094.69999993,2154.7499999125002,S2,dqn,0,849
0.11242254352316318,9586.245722912994,15,3065.231504820266,3130.7407699237274,S2,dqn,0,850
0.12915129151291513,9685.502380907126,1,2747.4,2792.5,S2,dqn,0,851
0.15998803827751196,9070.599999912592,2,2636.7999999999997,2806.0,S2,dqn,0,852
0.17313915857605178,8260.837623632577,2,2050.0575247387374,2062.5,S2,dqn,0,853
0.09964830011723329,9600.387230958764,4,3032.4803111531887,3205.850388941486,S2,dqn,0,854
0.09192760700948004,9910.455510110098,8,2600.2665770834096,2651.583221354262,S2,dqn,0,855
0.11027095148078135,8905.04999995,1,2436.50999999,2493.0,S2,dqn,0,856
0.1833213515456506,7345.5,0,2236.6,2257.0,S2,dqn,0,857
0.11876881900301103,8326.716666143253,6,2439.7333329862304,2603.6666662327884,S2,dqn,0,858
0.1456932436759526,8504.549999902532,1,2411.7,2550.0,S2,dqn,0,859
0.07253711201079623,8449.049999937399,1,2570.7999999999997,2750.5,S2,dqn,0,860
0.08894159501927068,9525.14999977834,3,2563.4,2665.5,S2,dqn,0,861
0.10155096011816839,7595.949999909411,1,2137.0899999818826,2169.5,S2,dqn,0,862
0.0907291322995711,8524.3,0,2559.3999999999996,2724.0,S2,dqn,0,863
0.09375,8567.559459353351,2,2368.61189187067,2411.0,S2,dqn,0,864
0.13247691690084304,6862.2499993,1,2162.53999944,2241.5499993,S2,dqn,0,865
0.06696428571428571,9086.794798447201,8,2621.3067646755626,2660.5,S2,dqn,0,866
0.0767867690490254,9676.5,0,2890.3,2921.5,S2,dqn,0,867
0.1662899580238941,8330.5,0,2483.6,2494.0,S2,dqn,0,868
0.14363230130864985,8590.774999864456,3,2736.259999949624,2849.6749999612216,S2,dqn,0,869
0.16123831022250887,8380.619281530318,5,2204.1339998599015,2226.417499824877,S2,dqn,0,870
0.1363479461511909,7934.540142787407,4,2266.1499999567254,2377.0499999613066,S2,dqn,0,871
0.08764489680520215,10025.0,0,2703.7,2717.0,S2,dqn,0,872
0.13219741480611047,9341.599999767355,2,2988.6,3187.5,S2,dqn,0,873
0.12015379685998077,8641.3,0,2745.8999999999996,2958.0,S2,dqn,0,874
0.1343236409608091,8719.052337970268,3,2360.8807801316966,2457.0,S2,dqn,0,875
0.1380813953488372,9421.549999885076,1,2644.0,2665.0,S2,dqn,0,876
0.060899437851342914,9220.099999925005,2,2528.039999974226,2620.0499999677822,S2,dqn,0,877
0.1226443314388274,9202.0,0,2524.0,2573.5,S2,dqn,0,878
0.14201914171040445,8825.099999781281,2,2392.0,2426.0,S2,dqn,0,879
0.09648845302119582,8956.099999545768,5,2601.319999876846,2650.699999946154,S2,dqn,0,880
0.16057396651861974,7956.709818523244,6,2108.271963547939,2147.6499997388164,S2,dqn,0,881
0.1625410080524903,9048.525316329435,2,2588.7002530635477,2652.125316329435,S2,dqn,0,882
0.10926288323548597,8668.8064509856,6,2410.22999994387,2474.5,S2,dqn,0,883
0.1443990665110852,9335.299999825722,3,2892.0999999119103,2926.249999889888,S2,dqn,0,884
0.12718299164768412,7283.5,0,1975.7,1999.0,S2,dqn,0,885
0.08292682926829269,8872.370289088865,8,2393.8762314230903,2396.2202892788628,S2,dqn,0,886
0.1382425403777717,10084.3080095862,8,2831.6416018914792,2849.5499999125,S2,dqn,0,887
0.10687566797292483,7921.466028122795,7,2162.454230995681,2243.4350422852035,S2,dqn,0,888
0.12598425196850394,8808.787499667227,5,2206.079999802834,2207.5999997535428,S2,dqn,0,889
0.16911994989038523,8527.0,0,2276.6,2283.0,S2,dqn,0,890
0.12881806108897742,10348.271279454406,3,2758.8170235635243,2806.7712794544054,S2,dqn,0,891
0.1624087591240876,7421.699999917204,1,1990.9399999834409,1993.5,S2,dqn,0,892
0.1624721248805352,8515.65160691129,7,2481.326666611369,2624.633333292956,S2,dqn,0,893
0.1603905160390516,7748.623529367803,1,2330.5,2396.5,S2,dqn,0,894
0.2239082161361954,6944.599999915385,1,1784.4599999323077,1801.6999999153845,S2,dqn,0,895
0.10606513295488497,9351.5,0,2646.7999999999997,2732.0,S2,dqn,0,896
0.13884127528282483,7974.856185281892,4,2086.7099999826964,2121.5,S2,dqn,0,897
0.10262989095574086,8749.759975779647,3,2475.2787499556343,2552.4484374445433,S2,dqn,0,898
0.17597968069666184,7396.007830145236,5,1898.271566034143,1905.04999995,S2,dqn,0,899
0.11503309171131422,8849.0,0,2181.0,2218.0,S2,dqn,0,900
0.10559006211180125,9056.387396795813,7,2425.45954826002,2445.3034481680957,S2,dqn,0,901
0.15085484411666109,8138.40714238546,6,2134.689999878694,2163.5999998766765,S2,dqn,0,902
0.16647748770336737,7162.0,0,2045.6,2059.5,S2,dqn,0,903
0.10757314974182444,9763.5,0,3197.5,3274.0,S2,dqn,0,904
0.12493354598617756,10367.0,0,2830.0,2847.5,S2,dqn,0,905
0.11385816525699415,8597.0,0,2248.7,2322.0,S2,dqn,0,906
0.11162179908076166,8579.648003419388,6,2366.2045374237646,2384.5,S2,dqn,0,907
0.12289013917678412,9294.5,0,2701.6,2791.0,S2,dqn,0,908
0.1493735946032766,8458.8,0,2142.08,2209.0,S2,dqn,0,909
0.1277139208173691,8667.93509909549,4,2522.979999913741,2632.099999892176,S2,dqn,0,910
0.17501842299189388,7240.4,0,1840.1,1852.0,S2,dqn,0,911
0.08295886622882821,8198.3,0,2198.68,2273.5,S2,dqn,0,912
0.10396361273554255,8673.822288812697,5,2623.704457731921,2714.0999998961433,S2,dqn,0,913
0.12267080745341614,8942.91080238357,6,2263.3999999170696,2266.749999896337,S2,dqn,0,914
0.08825319537431528,9330.5,0,2982.6,3156.0,S2,dqn,0,915
0.11497923985946981,8729.649999931858,1,2365.9,2423.0,S2,dqn,0,916
0.1406764441783897,9186.68333307926,2,2729.7,2801.0,S2,dqn,0,917
0.1949963208241354,7180.093463893614,2,2050.109999977015,2106.5,S2,dqn,0,918
0.11117528154779094,9650.549999923762,1,2714.4,2804.5,S2,dqn,0,919
0.10122699386503067,9192.894266927273,4,2726.042040096799,2830.771977852241,S2,dqn,0,920
0.14791987673343607,8816.24999996298,1,2637.279999970385,2715.549999962981,S2,dqn,0,921
0.193717277486911,7550.64999989155,1,1998.6799999999998,2050.6,S2,dqn,0,922
0.14209591474245115,7669.5999998845,2,2086.939999958933,2183.5499999486665,S2,dqn,0,923
0.1397919375812744,8428.4,0,2333.46,2434.5,S2,dqn,0,924
0.19439868204283361,8069.10788033662,5,2577.742549176963,2721.1682885160653,S2,dqn,0,925
0.13650682534126707,7863.0499999547055,1,2433.439999963765,2486.549999954706,S2,dqn,0,926
0.12380323539121822,8443.5,0,2604.4,2738.0,S2,dqn,0,927
0.1331936545944328,9197.8,0,2830.9,2942.5,S2,dqn,0,928
0.10042849491162292,10519.499999680062,5,2741.1999997440494,2785.9999996800616,S2,dqn,0,929
0.07061755746330656,10322.5,0,3298.2,3502.5,S2,dqn,0,930
0.16676773802304426,8870.199999948667,1,2430.639999989733,2489.0,S2,dqn,0,931
0.09317660550458716,9859.619915178033,2,2416.9799999607144,2466.724999950893,S2,dqn,0,932
0.20323673315769666,6930.0,0,1945.8,2018.0,S2,dqn,0,933
0.18382352941176472,7596.95483843668,4,2158.123870820972,2193.404838526215,S2,dqn,0,934
0.10416666666666667,9433.0,0,2740.8999999999996,2909.5,S2,dqn,0,935
0.17871170463472114,6806.4,0,1838.74,1855.3,S2,dqn,0,936
0.12649332396345747,7910.946665840395,5,2433.2999999999997,2508.0,S2,dqn,0,937
0.10945576162967467,9256.015806694997,8,2472.755134828642,2512.69999964304,S2,dqn,0,938
0.1347166305357696,8834.5,0,2271.9,2297.0,S2,dqn,0,939
0.12933657942787583,9046.5,0,2538.5,2644.0,S2,dqn,0,940
0.14157014157014158,8570.96304295224,6,2239.8226084236167,2250.449999721948,S2,dqn,0,941
0.12603701340140397,8706.549999825,1,2264.7399998600004,2268.049999825,S2,dqn,0,942
0.06622516556291391,9572.199999749224,4,2724.6599997993785,2786.199999749223,S2,dqn,0,943
0.15234613040828762,8933.099999876884,2,2668.2399999691997,2712.0499999615,S2,dqn,0,944
0.12140953509031685,9395.04483664541,6,2487.0358693163275,2598.0448366454098,S2,dqn,0,945
0.11708860759493671,8765.0,0,2398.8,2437.0,S2,dqn,0,946
0.1444991789819376,8299.249999826525,2,2255.5,2278.5,S2,dqn,0,947
0.12239020878329733,7663.0999922061055,2,2146.8099999812193,2268.0,S2,dqn,0,948
0.166343669250646,8272.5,0,2308.3,2353.0,S2,dqn,0,949
0.09553203997648442,9669.008156541027,6,2702.0,2831.5,S2,dqn,0,950
0.10187040748162993,8444.0,0,2540.4,2544.0,S2,dqn,0,951
0.17914783731439637,8242.39999985883,2,2294.0799999631136,2403.599999953892,S2,dqn,0,952
0.16701101928374656,7766.649999774674,3,2040.8599999283829,2055.049999955747,S2,dqn,0,953
0.0686772170797253,9629.750501653256,7,2632.884025003595,2642.508333170117,S2,dqn,0,954
0.08147254073627037,9439.594966123006,3,2955.068715583498,3143.0,S2,dqn,0,955
0.146741476046612,6303.549999913483,1,1666.4099999826967,1682.0,S2,dqn,0,956
0.10983075261073101,7776.499999688356,4,2218.8599999748467,2222.8,S2,dqn,0,957
0.12554246745195288,8926.13744591452,4,2475.847489182904,2489.5,S2,dqn,0,958
0.1338994121489223,8366.0,0,2347.0,2389.5,S2,dqn,0,959
0.10973282442748092,8772.099999862652,2,2701.5499999289455,2835.0499999273584,S2,dqn,0,960
0.12597200622083982,8927.43008252903,9,2401.1986825123486,2415.8499998259385,S2,dqn,0,961
0.14120667522464697,8532.091880231366,2,2170.718376046273,2182.5,S2,dqn,0,962
0.10426849136526556,8595.0,0,2224.6,2282.0,S2,dqn,0,963
0.09314903846153846,9355.749999930631,1,2453.56,2492.7,S2,dqn,0,964
0.07706422018348624,7824.884474908638,3,2109.967580005885,2169.334475007356,S2,dqn,0,965
0.13236168947055324,9287.754166131586,8,2568.380833206739,2696.5999998704624,S2,dqn,0,966
0.11586975652684071,9450.5,0,2822.3,2852.5,S2,dqn,0,967
0.06614128905150576,10236.599999405762,7,2968.6,3015.0,S2,dqn,0,968
0.08896034297963558,7930.14999994726,1,2105.939999957808,2154.5499999472604,S2,dqn,0,969
0.1126488574187319,8674.0,0,2466.5,2555.0,S2,dqn,0,970
0.1404494382022472,9328.492337276108,7,2567.7502530366164,2607.1753163054436,S2,dqn,0,971
0.12474012474012475,9276.849999947619,1,2919.839999958095,3066.049999947619,S2,dqn,0,972
0.15826494724501758,9191.0,0,2639.0,2729.0,S2,dqn,0,973
0.160926939169617,8372.5,0,2199.4,2254.0,S2,dqn,0,974
0.10845986984815618,9130.4411173153,12,2430.183813878416,2444.099999859162,S2,dqn,0,975
0.17485119047619047,7147.74999994539,1,2098.7999999999997,2168.0,S2,dqn,0,976
0.11725293132328309,8333.530373612539,2,2417.5060747225075,2478.0,S2,dqn,0,977
0.12755958375293722,8209.049999935833,1,2184.6399999486666,2185.0499999358335,S2,dqn,0,978
0.12012480499219969,8860.049999928704,1,2377.3,2404.0,S2,dqn,0,979
0.11489992587101557,7508.439473564159,2,2366.487894712832,2410.0,S2,dqn,0,980
0.11992619926199262,9017.582590871929,4,2611.2660726975428,2665.0825908719285,S2,dqn,0,981
0.10823220728107576,8516.74999992451,1,2223.939999939608,2233.54999992451,S2,dqn,0,982
0.13923267326732675,8901.974561143925,4,2375.674912272486,2462.0,S2,dqn,0,983
0.1318400907286646,9724.219999871493,2,2720.5,2725.0,S2,dqn,0,984
0.18172724241413804,7952.0,0,2182.8,2193.5,S2,dqn,0,985
0.1772406847935549,7921.84999989,1,2239.809999978,2243.0,S2,dqn,0,986
0.14784523435042465,8698.114054007518,7,2464.6417696813232,2533.1772121016543,S2,dqn,0,987
0.12418687167356594,9494.527118172455,12,2411.4516947593515,2430.993785160788,S2,dqn,0,988
0.08774630541871921,9309.42257593622,14,2516.087508546356,2524.0,S2,dqn,0,989
0.14748316768194936,8490.3,0,2761.9,2836.0,S2,dqn,0,990
0.15708451146716934,8637.806185445486,2,2602.9399999597385,2697.5499999496733,S2,dqn,0,991
0.13727390180878554,8520.983332439615,7,2567.956666597631,2749.183333263492,S2,dqn,0,992
0.1429510351626684,8327.13326869827,4,2615.2387498515122,2718.5484373143904,S2,dqn,0,993
0.07960893854748603,10183.5,0,2676.5,2715.0,S2,dqn,0,994
0.12581868321268527,8016.5,0,2387.3999999999996,2591.0,S2,dqn,0,995
0.13263785394932937,9211.5,0,2750.8,2785.5,S2,dqn,0,996
0.15935572309801233,7948.599999865941,2,2443.5499999300105,2512.0499999280373,S2,dqn,0,997
0.16555125044029587,7595.049999916304,1,2316.2,2425.0,S2,dqn,0,998
0.11992324912056283,8692.0,0,2598.6,2668.5,S2,dqn,0,999
0.10667903525046382,9034.030621452985,3,2704.7244971623877,2888.0306214529846,S2,dqn,1,0
0.08837627321749551,9458.64999982653,3,2324.789999884916,2342.599999866017,S2,dqn,1,1
0.10678759508484494,9520.549999930001,1,2616.9,2634.0,S2,dqn,1,2
0.11107584893684544,8843.159385392353,6,2525.6996823164436,2594.4463420632883,S2,dqn,1,3
0.08565310492505353,9281.417535444689,2,2625.5340283557516,2741.9175354446897,S2,dqn,1,4
0.09600731484303567,9280.09999986571,2,2550.7,2624.5,S2,dqn,1,5
0.10184595798854233,8828.930850750008,5,2498.9199998415484,2512.1499998019353,S2,dqn,1,6
0.11517828968128747,8819.04999994762,1,2391.839999958095,2460.549999947619,S2,dqn,1,7
0.09796806966618288,7742.371052578037,1,2216.17684206243,2290.9710525780374,S2,dqn,1,8
0.0711864406779661,8498.749999511372,5,2267.3199997128104,2305.649999641013,S2,dqn,1,9
0.08307372793354102,8238.549999908333,1,2326.5399999266665,2415.049999908333,S2,dqn,1,10
0.15308075009567546,7065.099999718511,2,2017.1999999999998,2091.0,S2,dqn,1,11
0.09636363636363636,7756.0499999358335,1,2346.339999948667,2355.5499999358335,S2,dqn,1,12
0.10734652801073465,8303.5,0,2180.8,2233.5,S2,dqn,1,13
0.08750994431185362,10715.151643395331,6,2725.379791594756,2771.5499999407693,S2,dqn,1,14
0.08603896103896104,8716.0,0,2505.7,2572.5,S2,dqn,1,15
0.12405237767057202,8001.5,0,2484.2,2650.5,S2,dqn,1,16
0.12647262647262647,7975.549999944605,1,2043.7399999556833,2064.049999944604,S2,dqn,1,17
0.1071776550828191,8635.0,0,2473.1,2622.5,S2,dqn,1,18
0.0855568445475638,9849.020754109648,9,2675.544150864288,2694.5,S2,dqn,1,19
0.10869565217391304,8348.5,0,2285.0,2379.5,S2,dqn,1,20
0.0893407270486753,9147.04999989,1,2626.5,2640.5,S2,dqn,1,21
0.12753433616742968,8441.917081244308,6,2128.6134162182657,2138.0499999490066,S2,dqn,1,22
0.12092710782667114,8245.014285478635,3,2186.402857095727,2188.0,S2,dqn,1,23
0.09665792922673656,8605.249999724787,2,2554.1,2624.5,S2,dqn,1,24
0.0899830220713073,8331.911009699686,2,2366.6012402641763,2459.2515503302207,S2,dqn,1,25
0.08882428940568475,8768.5,0,2534.4,2554.5,S2,dqn,1,26
0.11460258780036968,7500.0,0,1979.6,1995.0,S2,dqn,1,27
0.11171293161814488,8241.293518341856,3,2115.5399999675788,2142.5499999594736,S2,dqn,1,28
0.1064875491480996,8512.5,0,2207.5,2240.5,S2,dqn,1,29
0.11864406779661017,7362.6999991593575,2,1730.0,1753.5,S2,dqn,1,30
0.11627906976744186,8742.799999754374,3,2395.709999982889,2493.5,S2,dqn,1,31
0.099640640313623,8619.449999851078,2,2564.9499999702157,2724.0,S2,dqn,1,32
0.11367492365117068,8189.5,0,2485.6,2674.5,S2,dqn,1,33
0.1300479123887748,8047.094444315759,2,2159.7188888631517,2236.5,S2,dqn,1,34
0.11054421768707483,8187.099999773359,2,2232.2,2332.5,S2,dqn,1,35
0.09196515004840271,8724.0,0,2637.3999999999996,2787.0,S2,dqn,1,36
0.07974010632014177,9602.5,0,2847.7,2884.0,S2,dqn,1,37
0.09272073069471354,10189.079629347592,3,2790.4,2827.0,S2,dqn,1,38
0.09603072983354674,8796.649999911495,1,2214.1,2282.0,S2,dqn,1,39
0.10398098633392751,9457.19859879517,4,2917.6313115045655,2943.7891393807067,S2,dqn,1,40
0.13004146249528836,7262.5,0,2277.6,2386.0,S2,dqn,1,41
0.11462705844365514,8614.649999716696,3,2779.2599999125387,2941.5499999486665,S2,dqn,1,42
0.09010257831993346,10241.57024426784,5,3122.2161954784374,3308.520244348047,S2,dqn,1,43
0.09595512252731031,9554.76602359358,3,2808.059999956,2906.199999945,S2,dqn,1,44
0.10389182058047493,8526.92871633615,4,2635.6429730689188,2720.9287163361487,S2,dqn,1,45
0.12231954092419209,9165.249999858834,2,3017.2,3220.0,S2,dqn,1,46
0.13442737430167598,7844.6,0,2152.08,2200.1,S2,dqn,1,47
0.11160714285714286,7501.380373679039,2,1824.804298943231,1829.3803736790387,S2,dqn,1,48
0.10950413223140495,6771.649999895946,1,2241.5,2381.0,S2,dqn,1,49
0.09794918885827977,9150.5,0,2710.1,2789.5,S2,dqn,1,50
0.1377513030528667,7325.0,0,2319.1,2361.5,S2,dqn,1,51
0.08942579228114214,9001.549999869492,1,2607.7999999999997,2758.0,S2,dqn,1,52
0.12698412698412698,6939.299218590878,2,2220.8598437181754,2298.5,S2,dqn,1,53
0.0860323886639676,8381.5,0,2365.3,2383.5,S2,dqn,1,54
0.06392266916120985,9252.049999965315,1,2645.2,2745.0,S2,dqn,1,55
0.09996722386102917,8590.264606044952,5,2064.6919539098308,2096.8649423872885,S2,dqn,1,56
0.11813759555246699,7998.1,0,2236.3199999999997,2317.5,S2,dqn,1,57
0.11675824175824176,8117.549999945774,1,2546.2099999891548,2660.5,S2,dqn,1,58
0.10544538873150772,8925.849999728483,4,2226.2999998840965,2271.5499998973332,S2,dqn,1,59
0.08885542168674698,9394.299999913483,1,2595.3599999307867,2646.199999913483,S2,dqn,1,60
0.08891928864569083,8305.149999712508,3,2066.139999941887,2075.0499999273584,S2,dqn,1,61
0.1356907894736842,6707.599999794337,2,2137.7399999210256,2236.5499999012823,S2,dqn,1,62
0.09854771784232365,8119.5,0,2407.0,2526.0,S2,dqn,1,63
0.08083480305702528,9668.099999874014,2,2789.849999940832,2815.0499999433823,S2,dqn,1,64
0.07208206265594677,10329.430850759347,5,2663.6,2715.0,S2,dqn,1,65
0.09912536443148688,9641.432608504654,3,2655.0665217304563,2742.0,S2,dqn,1,66
0.10095447870778267,7683.073893299843,6,2082.243846009445,2088.9298075118063,S2,dqn,1,67
0.07023705004389816,9794.649999841127,3,2483.7499999387314,2493.0499999358335,S2,dqn,1,68
0.1035031847133758,8814.791008677617,4,2773.479903861643,2928.8861701806973,S2,dqn,1,69
0.11412504134965266,8395.549999914445,1,2310.2,2411.5,S2,dqn,1,70
0.0844173816772765,10235.0,0,2632.8,2651.0,S2,dqn,1,71
0.07832480818414322,8931.160975441553,2,2605.7999999999997,2722.5,S2,dqn,1,72
0.09783728115345006,8215.099999891543,2,2378.5,2524.5,S2,dqn,1,73
0.12300762300762301,7988.649999772158,3,2121.219999963598,2153.5,S2,dqn,1,74
0.07712944332662643,8480.049999928038,1,2286.4099999856076,2293.0,S2,dqn,1,75
0.08981001727115717,8148.5,0,2339.7999999999997,2423.5,S2,dqn,1,76
0.09810228369250563,8749.0,0,2213.7,2248.5,S2,dqn,1,77
0.0920353982300885,8016.768164279564,7,2422.024531530383,2534.7681644339023,S2,dqn,1,78
0.10693454309786131,8644.718548181156,3,2376.519999969729,2384.0,S2,dqn,1,79
0.10430686406460296,8340.599999798693,2,2380.5,2412.0,S2,dqn,1,80
0.1186161449752883,8384.0,0,2410.4,2411.5,S2,dqn,1,81
0.08247422680412371,8248.9,0,2515.5,2660.5,S2,dqn,1,82
0.10561342592592593,9648.5,0,2473.5,2530.0,S2,dqn,1,83
0.12154696132596685,7523.549999906098,1,2328.6,2465.5,S2,dqn,1,84
0.09361233480176212,7793.574785352835,10,2128.2999998839596,2154.5999998963475,S2,dqn,1,85
0.10922330097087378,9225.183249780837,4,2605.295263104864,2610.5,S2,dqn,1,86
0.10231023102310231,8493.219064698784,1,2376.5,2438.0,S2,dqn,1,87
0.10757575757575757,9183.0,0,2666.2,2750.0,S2,dqn,1,88
0.06811594202898551,9939.53622735902,4,2556.2,2608.0,S2,dqn,1,89
0.13639502762430938,7940.5,0,2432.4,2538.5,S2,dqn,1,90
0.12232415902140673,8147.1,0,2012.72,2029.5,S2,dqn,1,91
0.11987381703470032,8758.356306243186,1,2315.5,2350.5,S2,dqn,1,92
0.09259259259259259,9486.183333082367,3,2773.96,2880.0,S2,dqn,1,93
0.09830508474576272,8283.449999885075,1,2364.33999990806,2399.0499998850746,S2,dqn,1,94
0.1202440775305097,7736.272602498796,3,2203.9,2232.5,S2,dqn,1,95
0.10505581089954039,8611.008448516455,6,2337.675294009609,2353.394117565807,S2,dqn,1,96
0.11155872327238922,8971.0,0,2745.5,2746.0,S2,dqn,1,97
0.08015675097969362,8015.029884850185,3,2390.4,2404.0,S2,dqn,1,98
0.10763538513286243,8337.149999804893,3,2184.519999975507,2214.0,S2,dqn,1,99
0.13428571428571429,9597.149999818954,3,2689.679999933137,2819.5999999164214,S2,dqn,1,100
0.12890094979647218,8137.249999790451,2,2207.8,2245.5,S2,dqn,1,101
0.12219959266802444,8170.249999803943,3,2102.739999945487,2179.5499999318586,S2,dqn,1,102
0.15262321144674085,8527.099999797236,2,2725.8099999842852,2974.0,S2,dqn,1,103
0.12827741753594588,9765.54999995926,1,3042.2399999674076,3146.0499999592594,S2,dqn,1,104
0.14276228419654716,8283.80945901822,5,2731.8275673905773,2791.1594592382216,S2,dqn,1,105
0.1340931947703654,8170.036842046607,1,2217.8294736372854,2233.0368420466066,S2,dqn,1,106
0.13646826701742848,8303.0,0,2290.2999999999997,2386.5,S2,dqn,1,107
0.1424720831728918,7135.499999851869,2,2012.6499999227449,2084.0499999206186,S2,dqn,1,108
0.12133468149646107,8235.261242804996,6,2321.3161537694814,2405.0499999493422,S2,dqn,1,109
0.12829284981183717,8059.5,0,2178.4,2283.5,S2,dqn,1,110
0.12168823166974738,9044.667259778516,8,2664.0438081004986,2825.1672601480072,S2,dqn,1,111
0.10691657866948258,10589.393577596657,2,2848.1,2916.0,S2,dqn,1,112
0.1744186046511628,7161.889156480665,3,2161.537831296133,2240.5,S2,dqn,1,113
0.11207970112079702,8994.149999756628,3,2219.2799998863547,2262.0999998579437,S2,dqn,1,114
0.14303877940241577,8624.464309534433,4,2422.491447627546,2467.164309534433,S2,dqn,1,115
0.10675129832660127,9723.229468913663,4,2864.440655697258,2939.5,S2,dqn,1,116
0.14959723820483314,7096.799999823274,3,2223.1999999763216,2286.5,S2,dqn,1,117
0.19037199124726478,5993.9,0,1558.8999999999999,1609.5,S2,dqn,1,118
0.15151515151515152,9068.09999990002,2,2889.1799999200157,3059.0999999000196,S2,dqn,1,119
0.12942989214175654,8910.599999795635,2,2746.3999999999996,2957.0,S2,dqn,1,120
0.12300531914893617,8436.154638665053,6,2416.503711225851,2544.5046390323137,S2,dqn,1,121
0.11957205789804909,8790.04999995497,1,2674.709999990994,2771.0,S2,dqn,1,122
0.11843790012804098,8663.949999909411,1,2190.009999981882,2197.5,S2,dqn,1,123
0.12859560067681894,8117.0,0,2520.4,2591.0,S2,dqn,1,124
0.13522012578616352,8700.8,0,2254.72,2268.5,S2,dqn,1,125
0.10242672549637567,8891.599999869519,2,2234.0399999445044,2237.0499999306307,S2,dqn,1,126
0.10052582740488711,9116.5,0,2765.8999999999996,2920.5,S2,dqn,1,127
0.15052593398621691,7530.30624993432,1,2203.8,2207.5,S2,dqn,1,128
0.12581868321268527,8038.680919778266,6,2695.2722366830303,2941.743420955629,S2,dqn,1,129
0.14750251424740193,8111.599999889184,2,2255.5499999386843,2282.0499999347458,S2,dqn,1,130
0.1572539736219141,7990.348873520554,6,2374.0197747388374,2387.5,S2,dqn,1,131
0.12736874805840323,8923.287623297261,6,2506.1499999438843,2546.0,S2,dqn,1,132
0.11691136487221315,10272.049999949673,1,2668.6,2714.0,S2,dqn,1,133
0.14585764294049008,7015.9,0,2069.9,2129.5,S2,dqn,1,134
0.13812993321190042,9050.117528696537,6,2381.84350571501,2422.5499999330436,S2,dqn,1,135
0.15184381778741865,8740.5,0,2137.5,2144.0,S2,dqn,1,136
0.1484480431848853,8052.0,0,2199.1,2277.5,S2,dqn,1,137
0.1282051282051282,8185.3038459193185,3,2434.309999986491,2533.5,S2,dqn,1,138
0.13857189435930878,8446.0,0,2640.9,2719.5,S2,dqn,1,139
0.13575400719659797,8378.5,0,2305.1,2318.5,S2,dqn,1,140
0.10465479537644486,8992.989664145845,4,3026.651731813007,3252.689664766259,S2,dqn,1,141
0.1661190215407083,7358.651123457174,2,2035.7302246914348,2087.0,S2,dqn,1,142
0.12991030003093101,8929.5,0,2538.2,2621.5,S2,dqn,1,143
0.1275016139444803,8583.8,0,2608.4,2673.5,S2,dqn,1,144
0.1575824990730441,7299.099999552389,3,2144.039999940769,2162.0499999259614,S2,dqn,1,145
0.14775413711583923,9225.549999957459,1,2568.739999965967,2656.0499999574586,S2,dqn,1,146
0.13863216266173753,7422.740066124446,2,2418.7,2500.0,S2,dqn,1,147
0.13669301712779974,8319.579031922347,4,2211.1399999239507,2258.5499999049384,S2,dqn,1,148
0.13002773925104022,7908.0,0,2081.4,2096.0,S2,dqn,1,149
0.1423324150596878,8897.734172486678,3,2357.987337989343,2391.2341724866787,S2,dqn,1,150
0.17753922378199835,6497.711701624767,6,1881.5723402142007,1887.9499997519574,S2,dqn,1,151
0.1255539143279173,9357.199999892111,2,2962.9,3080.0,S2,dqn,1,152
0.132291040288635,9142.049999917204,1,2446.1,2483.0,S2,dqn,1,153
0.12884333821376281,9395.5,0,2709.6,2811.0,S2,dqn,1,154
0.10419640308307165,9800.5,0,2426.9,2472.5,S2,dqn,1,155
0.16536964980544747,6869.549999885075,1,1996.8099999770147,2092.5,S2,dqn,1,156
0.11689070718877849,9505.449999945775,1,2761.2,2953.5,S2,dqn,1,157
0.13478402078596946,8603.865382519214,8,2418.752307597213,2464.0653844965163,S2,dqn,1,158
0.11265164644714037,9642.5,0,2864.2999999999997,2973.5,S2,dqn,1,159
0.1111431870669746,9631.549999942537,1,2479.8399999540297,2487.0499999425374,S2,dqn,1,160
0.14055590650663297,8673.899856447695,4,2446.4898851963385,2480.8498565113323,S2,dqn,1,161
0.1618457300275482,7822.0,0,1911.9,1923.5,S2,dqn,1,162
0.16390205371248026,6838.453092349129,3,1857.1024738793033,1876.753092349129,S2,dqn,1,163
0.13725490196078433,9123.168852199697,4,2607.115081811961,2741.0188522649514,S2,dqn,1,164
0.13426914861153494,9027.149999841558,3,2533.959999932498,2559.54999994031,S2,dqn,1,165
0.15746500777604977,6961.406249859562,2,1988.701249927058,2021.6999999252428,S2,dqn,1,166
0.12373968835930339,9070.04999995276,1,2676.309999990552,2719.5,S2,dqn,1,167
0.139055023923445,9179.695097787011,3,2418.779019487787,2440.3999998839745,S2,dqn,1,168
0.14250527797325827,7749.549999898684,1,2076.0,2121.5,S2,dqn,1,169
0.15661446184605132,8145.512402646488,6,2127.859922204839,2147.2624027925694,S2,dqn,1,170
0.14027671022290547,7181.5719506916175,4,1998.584390029752,2006.5499997666666,S2,dqn,1,171
0.10785398230088496,10145.54999992451,1,2588.9,2603.0,S2,dqn,1,172
0.14534883720930233,8011.9023199570265,6,2329.079999902745,2403.5499998884056,S2,dqn,1,173
0.1408839779005525,7968.299999336765,2,2226.419999867353,2259.5,S2,dqn,1,174
0.1677040110650069,7735.9,0,2254.9,2336.0,S2,dqn,1,175
0.1506136110078096,7327.54333322796,2,1865.0086666455918,1913.6,S2,dqn,1,176
0.16423357664233576,7394.041110844615,3,1857.7328886756925,1866.5411108446156,S2,dqn,1,177
0.15980958857531452,7940.737777361046,5,2444.147555472209,2547.0,S2,dqn,1,178
0.13840279987273305,8592.351612791514,2,2323.870322558303,2336.5,S2,dqn,1,179
0.1579694710685126,7634.0999998767,2,2025.8499999449455,2052.0499999493422,S2,dqn,1,180
0.11030522816560895,9224.0,0,2599.6,2683.5,S2,dqn,1,181
0.17103762827822122,7058.549999901282,1,1968.0399999210256,2016.549999901282,S2,dqn,1,182
0.1851145038167939,6908.699999769729,2,1801.0499998714458,1813.0499998625,S2,dqn,1,183
0.13539651837524178,8482.0,0,2424.1,2433.5,S2,dqn,1,184
0.14463452566096424,8749.049999942104,1,2458.509999988421,2529.0,S2,dqn,1,185
0.12698412698412698,8716.707852795413,4,2337.3342372449138,2348.5,S2,dqn,1,186
0.10389980074010817,9858.449999856928,3,2909.3799999809507,2991.5,S2,dqn,1,187
0.16474291710388247,7772.402071983037,8,1980.6216579359223,2015.7520725030981,S2,dqn,1,188
0.15257469802924348,8523.2,0,2284.2,2352.0,S2,dqn,1,189
0.15307820299500832,8197.571014200348,4,2326.90420281125,2384.5499999237622,S2,dqn,1,190
0.1383960255500355,7670.5,0,2195.8999999999996,2335.0,S2,dqn,1,191
0.13795316008982997,8519.449999908333,1,2696.839999926666,2913.549999908333,S2,dqn,1,192
0.14488286066584463,8850.049999934745,1,2472.0,2575.5,S2,dqn,1,193
0.16498316498316498,8005.826593569897,4,2240.5612748559183,2317.326593569898,S2,dqn,1,194
0.12028014616321558,9123.549999962255,1,2345.7,2380.0,S2,dqn,1,195
0.14094432699083861,7808.23579451426,6,2526.107158826335,2562.0999998724715,S2,dqn,1,196
0.14497321147179326,8649.449999784292,3,2291.6,2334.0,S2,dqn,1,197
0.1401107852720756,8377.9,0,2448.4,2512.5,S2,dqn,1,198
0.10175634234736548,10047.0,0,2717.5,2752.0,S2,dqn,1,199
0.13240857503152584,8714.0,0,2673.8,2701.0,S2,dqn,1,200
0.17292126563649743,7240.449999901282,1,2220.9,2326.0,S2,dqn,1,201
0.14290633608815426,7922.062495086795,3,2143.609999989155,2149.5,S2,dqn,1,202
0.1316270566727605,7604.361701920872,3,1981.419999886159,2013.099999857699,S2,dqn,1,203
0.13803680981595093,7170.095217012959,4,2150.7190434025915,2231.5,S2,dqn,1,204
0.12027491408934708,9716.406451505469,2,2487.0,2507.0,S2,dqn,1,205
0.15348682015348683,8118.5,0,2419.3,2441.0,S2,dqn,1,206
0.1264400112391121,9821.253448228252,1,2615.7,2629.5,S2,dqn,1,207
0.1329394387001477,9325.70624993432,1,2573.441249986864,2596.0,S2,dqn,1,208
0.11019536019536019,9172.999999830568,2,2624.9,2740.5,S2,dqn,1,209
0.16886930983847284,7295.749992300008,1,2577.8399938400057,2663.5499923000075,S2,dqn,1,210
0.15195137555982086,8475.549999911495,1,2613.5399999291953,2725.549999911494,S2,dqn,1,211
0.14050387596899225,8556.15237954442,4,2424.109999979189,2484.5,S2,dqn,1,212
0.13568521031207598,8059.5,0,2425.7999999999997,2543.5,S2,dqn,1,213
0.15569823434991975,8375.5,0,2152.5,2169.0,S2,dqn,1,214
0.11066969353007945,9851.17864819847,4,2599.8657296036,2682.049999939844,S2,dqn,1,215
0.14906027219701878,8483.579999421072,9,2513.035999835897,2595.1499998222002,S2,dqn,1,216
0.12827586206896552,9979.640551127633,1,2549.9,2623.0,S2,dqn,1,217
0.14617095646647602,8596.0,0,2065.0,2066.5,S2,dqn,1,218
0.14529058116232466,8181.599999895322,2,2383.5799999162577,2484.599999895322,S2,dqn,1,219
0.1610273134936812,6643.0,0,1837.7,1885.5,S2,dqn,1,220
0.14209868831980013,8756.611258346891,4,2407.0890066775123,2495.6112583468903,S2,dqn,1,221
0.09389671361502347,10811.049999934188,1,3191.0099999868376,3264.5,S2,dqn,1,222
0.13955582232893157,9126.7,0,2913.04,3073.0,S2,dqn,1,223
0.13906056860321384,8841.7,0,3071.7,3202.0,S2,dqn,1,224
0.13689013689013688,7854.049999964352,1,2907.039999971481,3160.5499999643516,S2,dqn,1,225
0.1435991445157348,8926.541379151107,3,2663.433103420921,2809.291379276151,S2,dqn,1,226
0.1481358189081225,8152.599999864255,2,2371.2,2491.5,S2,dqn,1,227
0.11520047875523638,9316.549999946896,1,2420.3099999893793,2436.0,S2,dqn,1,228
0.12599681020733652,8625.549999944204,1,2301.339999955362,2322.0499999442027,S2,dqn,1,229
0.1356717405691595,8272.0,0,2371.5,2456.0,S2,dqn,1,230
0.16167059616032334,8006.854776919914,2,2437.2,2601.0,S2,dqn,1,231
0.15637065637065636,6984.3,0,2118.6,2221.0,S2,dqn,1,232
0.14628073451602863,8769.014444204291,4,2260.5348887796067,2290.719999897914,S2,dqn,1,233
0.13800761421319796,8635.844915122265,2,2523.0559320978123,2586.9449151222652,S2,dqn,1,234
0.16702977487291212,7393.39999979242,2,2145.5,2248.5,S2,dqn,1,235
0.157035175879397,8592.0999996517,2,2556.61999993034,2731.0,S2,dqn,1,236
0.125948406676783,9125.5,0,2542.1,2639.5,S2,dqn,1,237
0.10582737768004398,10217.0,0,2695.0,2754.5,S2,dqn,1,238
0.11287061994609164,8391.224999086866,10,2323.259999792727,2390.199999740909,S2,dqn,1,239
0.09134615384615384,8841.362499765264,3,2607.4199999562943,2681.762499958736,S2,dqn,1,240
0.143646408839779,7378.0,0,2204.5,2382.0,S2,dqn,1,241
0.12033694344163658,9233.6,0,2508.5,2558.0,S2,dqn,1,242
0.14068331897789263,9503.0,0,2697.1,2716.5,S2,dqn,1,243
0.15253636041149343,7594.0,0,2115.92,2156.4,S2,dqn,1,244
0.11525974025974026,8567.0,0,2326.0,2330.5,S2,dqn,1,245
0.13008373205741627,9240.531521307646,6,2729.2863042512618,2825.0499999421054,S2,dqn,1,246
0.12,8334.543420878712,3,2378.6286841757424,2380.0,S2,dqn,1,247
0.13314037626628075,9448.5,0,2648.1,2708.0,S2,dqn,1,248
0.1444184231069477,6976.2,0,2429.6,2621.0,S2,dqn,1,249
0.12289981331673927,8950.02985576472,3,2202.9038846584426,2230.8298558424976,S2,dqn,1,250
0.12220881110440555,9243.649999785232,3,2638.249999969172,2767.5,S2,dqn,1,251
0.151985111662531,8776.503508661588,2,2515.4,2549.0,S2,dqn,1,252
0.17759121730707136,8240.107266897157,4,2502.685813517726,2675.6072668971574,S2,dqn,1,253
0.15119916579770595,7797.54999993125,1,1867.7,1897.0,S2,dqn,1,254
0.14945652173913043,7986.5,0,2120.8,2146.0,S2,dqn,1,255
0.1681614349775785,8364.5,0,2111.0,2118.0,S2,dqn,1,256
0.11471648639790233,8543.499999880605,2,2485.619999976121,2525.5,S2,dqn,1,257
0.16006600660066006,8128.849999946154,1,2087.2099999892307,2092.0,S2,dqn,1,258
0.18387553041018387,7544.336719540995,6,2157.3,2190.0,S2,dqn,1,259
0.10431654676258993,7838.942946666484,7,2185.968589384682,2215.0,S2,dqn,1,260
0.16666666666666666,8527.306249733936,4,2563.0312498996445,2595.0499999214285,S2,dqn,1,261
0.07974010632014177,9608.199999953615,1,2567.2,2590.5,S2,dqn,1,262
0.13856476079346558,9452.649999753901,3,2740.8399999543703,2761.549999942963,S2,dqn,1,263
0.12044161927065908,8263.2,0,2161.84,2210.0,S2,dqn,1,264
0.15364916773367476,8486.24999969737,2,2673.9,2781.5,S2,dqn,1,265
0.18562874251497005,6657.080487716701,1,2065.6,2177.0,S2,dqn,1,266
0.12491672218520986,8262.0,0,2398.0,2549.5,S2,dqn,1,267
0.11196524064171123,8461.349999632437,5,2248.1299999889206,2300.5,S2,dqn,1,268
0.11716461628588166,9542.01070946101,5,2788.36856761656,2934.9607095207,S2,dqn,1,269
0.1261785912368275,9945.899999900563,2,2753.119999920451,2884.3999999005637,S2,dqn,1,270
0.10601808543810415,9005.899999813497,2,2645.0,2803.5,S2,dqn,1,271
0.1333547557840617,8531.314285620865,2,2093.5114285337995,2097.7642856672496,S2,dqn,1,272
0.09381898454746136,10233.562499893358,2,2936.2999999999997,3011.5,S2,dqn,1,273
0.12595293337752733,8360.2,0,2394.74,2426.0,S2,dqn,1,274
0.12044471896232242,8971.79999982677,3,2312.5599999486662,2371.199999935833,S2,dqn,1,275
0.11253516723976242,8895.6,0,2643.62,2788.0,S2,dqn,1,276
0.15338504936530326,7674.549999936885,1,2162.1099999873773,2168.5,S2,dqn,1,277
0.10982306284319707,9156.449999943383,1,2477.0,2485.0,S2,dqn,1,278
0.10653613590555716,9710.816666437502,5,3080.6233332430115,3136.599999925852,S2,dqn,1,279
0.07072368421052631,8733.349999688273,5,2592.6599997808144,2709.199999726018,S2,dqn,1,280
0.08912108174554395,9210.666442685586,4,2497.4499999480954,2514.549999947619,S2,dqn,1,281
0.11835143414090782,9924.5,0,2513.8,2556.0,S2,dqn,1,282
0.07671326287078077,8376.391841089997,4,2254.98778000659,2300.5,S2,dqn,1,283
0.05422039859320047,9920.790007290218,8,3220.6599998403017,3415.1999998003776,S2,dqn,1,284
0.09554140127388536,10788.67859892335,15,2803.767377611316,2821.607053409293,S2,dqn,1,285
0.09563277016257571,8871.038904016068,2,2554.7999999999997,2618.5,S2,dqn,1,286
0.15030380556443876,8518.099999879294,2,2459.979999903436,2580.599999879295,S2,dqn,1,287
0.1657547473447055,8328.2,0,2295.7,2300.5,S2,dqn,1,288
0.12319711538461539,9216.049999945,1,2656.4399999559996,2747.049999945,S2,dqn,1,289
0.12357723577235773,8492.249999752268,2,2303.8,2324.0,S2,dqn,1,290
0.0973006905210295,8988.099999832608,2,2390.6399999330433,2455.0499999163044,S2,dqn,1,291
0.11890606420927467,9333.5,0,2468.8,2495.0,S2,dqn,1,292
0.11322132943754565,7622.5,0,2048.1,2074.0,S2,dqn,1,293
0.12840346534653466,8965.53264614307,7,2654.6991812578995,2707.1239765723744,S2,dqn,1,294
0.16286644951140064,7420.299999730315,3,1802.9799998343333,1829.0999997929166,S2,dqn,1,295
0.14700339238597815,7209.9,0,2272.2799999999997,2347.5,S2,dqn,1,296
0.1407766990291262,8469.54999994762,1,2565.809999989524,2595.0,S2,dqn,1,297
0.10124101894186806,8564.049999943796,1,2776.309999988759,2939.0,S2,dqn,1,298
0.10011778563015312,7119.5,0,1811.3999999999999,1860.5,S2,dqn,1,299
0.10832559579077684,9110.85677168256,8,2593.9087457049736,2684.5,S2,dqn,1,300
0.07318592338835254,9163.049999955492,1,2447.439999964393,2493.0499999554913,S2,dqn,1,301
0.13174807197943444,8520.0,0,2316.4,2399.0,S2,dqn,1,302
0.15821708063967335,7955.4803735399955,4,2193.7842988319962,2244.4803735399955,S2,dqn,1,303
0.1046164065094653,8425.0,0,2461.0,2485.0,S2,dqn,1,304
0.1657014157014157,8366.699999938888,1,2327.6399999877776,2398.5,S2,dqn,1,305
0.17887856897144822,7750.514808537456,4,2373.9918468299643,2541.6148085374557,S2,dqn,1,306
0.15640116091583361,8366.5,0,2149.1,2173.5,S2,dqn,1,307
0.13564668769716087,8679.5,0,2328.3,2339.5,S2,dqn,1,308
0.1195457262402869,9279.5,0,2356.6,2369.5,S2,dqn,1,309
0.12468121280816095,9815.88475164707,2,2855.367801382498,2934.3347517281222,S2,dqn,1,310
0.10416666666666667,9172.049999902532,1,2425.8099999805063,2464.0,S2,dqn,1,311
0.15482158655263933,9199.888561973408,3,2759.7808496027897,2870.338562013513,S2,dqn,1,312
0.09557038834951456,9296.349999850534,3,2782.2899999122897,2971.099999903638,S2,dqn,1,313
0.09393831974477136,7976.545980569282,3,2166.5091961138564,2236.0,S2,dqn,1,314
0.14896988906497624,8598.2999998192,3,2492.219999897746,2556.5999998898437,S2,dqn,1,315
0.12396694214876033,9007.755214511295,3,2671.6,2782.5,S2,dqn,1,316
0.1511081262592344,8130.917415376079,4,2316.139999945487,2340.5499999318586,S2,dqn,1,317
0.13275613275613277,9532.403167328495,2,2915.722533862797,3086.9031673284962,S2,dqn,1,318
0.08787607983318439,9506.5,0,2773.4,2887.5,S2,dqn,1,319
0.12239020878329733,7703.4,0,2190.08,2377.5,S2,dqn,1,320
0.1800462504129501,8059.5,0,2069.8,2077.0,S2,dqn,1,321
0.1517794836008374,7811.099597798466,4,1960.510447661703,1970.3880595771288,S2,dqn,1,322
0.11872909698996656,8288.149999718791,3,2491.889999843988,2584.5999998337165,S2,dqn,1,323
0.12660309108845774,8451.870136644677,5,2448.9740273289353,2504.0,S2,dqn,1,324
0.15120967741935484,8096.299999751972,3,2364.1999998826304,2449.249999853288,S2,dqn,1,325
0.18666666666666668,7966.979166422616,3,2124.5758332412074,2129.049999910465,S2,dqn,1,326
0.16550202280250093,7343.31494155687,4,2239.7999999999997,2374.0,S2,dqn,1,327
0.0921409214092141,10491.106152513426,9,3081.6575663322355,3237.99999990213,S2,dqn,1,328
0.15326301911667764,8238.4,0,2403.0,2494.5,S2,dqn,1,329
0.16053391053391053,7466.5,0,2359.4,2471.5,S2,dqn,1,330
0.1117487163998792,9320.317701822478,10,2525.2399999395525,2611.5,S2,dqn,1,331
0.16514126541981694,6809.9,0,2063.7,2163.5,S2,dqn,1,332
0.10386705017577501,8756.0,0,2083.1,2113.0,S2,dqn,1,333
0.13308573197152584,8919.0,0,2440.2999999999997,2511.0,S2,dqn,1,334
0.14894859813084113,9303.099999855483,2,2881.2999999999997,2987.0,S2,dqn,1,335
0.16342269555637165,7322.0499999125,1,2069.6,2097.5,S2,dqn,1,336
0.13260795647738866,8071.249999743785,2,2252.1999997950284,2281.7499997437853,S2,dqn,1,337
0.11772400261608895,8490.36666655249,2,2695.793333241993,2882.8666665524916,S2,dqn,1,338
0.10975170924793091,7725.356521692552,1,1981.1,1983.0,S2,dqn,1,339
0.12856694888679837,8791.0,0,2121.8,2128.0,S2,dqn,1,340
0.10030649205906939,10101.514033290903,3,2847.0112266327233,2945.014033290904,S2,dqn,1,341
0.12476606363069245,8843.0,0,2315.7,2324.0,S2,dqn,1,342
0.07248416608022519,8168.068851906513,6,2279.1,2313.5,S2,dqn,1,343
0.11160714285714286,10025.928638580926,7,3212.5234155840913,3364.0251587530447,S2,dqn,1,344
0.09607686148919135,7029.4,0,1914.02,1917.9,S2,dqn,1,345
0.11061946902654868,6942.6547564654675,3,2051.6,2143.0,S2,dqn,1,346
0.11578650098842135,9896.138513253623,7,2763.2477026323377,2824.049999952469,S2,dqn,1,347
0.12031625988312135,8094.919594273494,4,2211.135675418795,2276.4195942734937,S2,dqn,1,348
0.11036468330134357,8730.652078144665,5,2272.965390029587,2299.0,S2,dqn,1,349
0.09873745548721269,8693.850872983066,4,2317.487098433762,2337.1088730422025,S2,dqn,1,350
0.12076484401207649,8302.163379458889,4,2166.0187498123787,2167.6484372654736,S2,dqn,1,351
0.14120449132357946,8046.549999802564,1,2037.5,2064.0,S2,dqn,1,352
0.1256512411890898,8980.0,0,2303.3,2340.0,S2,dqn,1,353
0.13631406761177753,7600.649999648941,3,1943.9199999550342,1951.5,S2,dqn,1,354
0.135885447106955,9378.5,0,2741.6,2746.0,S2,dqn,1,355
0.1597444089456869,9260.549999919791,1,2485.2399999358336,2505.549999919792,S2,dqn,1,356
0.11096605744125326,8520.0,0,2130.6,2131.5,S2,dqn,1,357
0.12016888600194868,8642.347757870046,8,2193.1620515487434,2195.4874999578906,S2,dqn,1,358
0.1545048399106478,7297.049999703846,1,1995.8,2053.5,S2,dqn,1,359
0.15563614385010577,8971.235897136787,6,2714.7887177094294,2847.7358971367867,S2,dqn,1,360
0.14515027322404372,8042.599414984528,4,2426.979999900327,2574.3999998754093,S2,dqn,1,361
0.1569210439378923,8171.5,0,2391.0,2463.0,S2,dqn,1,362
0.13355048859934854,8478.399999877054,2,2015.8,2019.0,S2,dqn,1,363
0.1324051324051324,10089.974561250785,3,2859.714912235819,2864.5499999541667,S2,dqn,1,364
0.11278195488721804,8950.672222046134,3,2172.6099999826965,2173.0,S2,dqn,1,365
0.09507042253521127,8018.462566979272,6,2087.3760427936377,2099.672548947818,S2,dqn,1,366
0.1044987601842012,7993.693104157029,11,2198.0166258678664,2219.0,S2,dqn,1,367
0.12063953488372094,9556.684831422277,1,2733.436966284455,2785.5,S2,dqn,1,368
0.14466546112115733,7516.0,0,1958.5,1961.5,S2,dqn,1,369
0.07907133243606998,8458.549999925242,1,2234.7099999850484,2322.0,S2,dqn,1,370
0.14953592299759366,7913.477793593096,4,2003.9820101806015,2027.1440857699706,S2,dqn,1,371
0.11971393034825871,8967.725377278359,5,2577.555337450307,2663.5171033243923,S2,dqn,1,372
0.11408730158730158,8382.049999918947,1,2161.4,2191.0,S2,dqn,1,373
0.13326226012793177,7815.199999914445,1,2124.1,2196.0,S2,dqn,1,374
0.10701920050361977,8842.5,0,2235.4,2255.0,S2,dqn,1,375
0.05070086489710707,9696.049999946154,1,2696.1,2817.5,S2,dqn,1,376
0.09657594381035997,9674.94349388266,7,2861.4686988067756,2907.0,S2,dqn,1,377
0.15570384493168096,8492.049999909412,1,2381.6099999818825,2424.0,S2,dqn,1,378
0.08901578770574403,8450.849999844653,2,2422.9099999868376,2437.5,S2,dqn,1,379
0.1346153846153846,7870.9414107715465,3,2091.0882821543096,2111.5,S2,dqn,1,380
0.12697889182058048,8442.29872330403,10,2520.3397447153093,2707.0,S2,dqn,1,381
0.125,9527.974047522868,4,2714.9948095045734,2821.0,S2,dqn,1,382
0.12358049432197729,8274.59999982986,2,2209.2099999812194,2300.0,S2,dqn,1,383
0.13580246913580246,8877.049999929357,1,2409.639999943486,2505.549999929358,S2,dqn,1,384
0.04923076923076923,9428.936619669812,1,2805.3892957358503,2842.2366196698126,S2,dqn,1,385
0.13897373243738545,8971.649999857887,2,2272.9199998863105,2276.1499998578884,S2,dqn,1,386
0.13941220798794274,7328.708056382376,5,2374.0,2503.0,S2,dqn,1,387
0.12487275195113674,8118.7,0,2047.3,2055.5,S2,dqn,1,388
0.17466478475652789,7513.5,0,2125.4,2176.0,S2,dqn,1,389
0.06138975966562173,11022.099999895709,2,3557.7099999873767,3815.5,S2,dqn,1,390
0.13234841489689136,8973.54936865209,5,2269.8031939937578,2297.253992492197,S2,dqn,1,391
0.16798732171156894,8487.749999686333,5,2396.0399998203875,2404.149999805202,S2,dqn,1,392
0.15446855461566752,7343.6,0,2111.8,2131.0,S2,dqn,1,393
0.1900739176346357,7529.199999948667,1,2254.6399999897335,2269.0,S2,dqn,1,394
0.17117117117117117,8912.04999994539,1,2407.139999956312,2433.04999994539,S2,dqn,1,395
0.1409104986063797,8859.50441145445,5,2345.4949999534792,2397.549999959896,S2,dqn,1,396
0.10474090407938258,7637.849999963333,1,2298.8699999926666,2363.5,S2,dqn,1,397
0.08831521739130435,10382.549999939843,1,2834.539999951875,2906.049999939844,S2,dqn,1,398
0.17509084902543773,8063.9,0,2296.98,2402.5,S2,dqn,1,399
0.13331138907175774,8400.34851068018,8,2695.733144616033,2791.5,S2,dqn,1,400
0.10638297872340426,8544.4,0,2754.1,2834.5,S2,dqn,1,401
0.12785072563925362,7990.872022067961,4,2059.774404413592,2073.0,S2,dqn,1,402
0.07369800196528005,8763.258941102515,6,2586.450262688492,2641.4974574466482,S2,dqn,1,403
0.12143290831815422,9096.0,0,2346.1,2371.5,S2,dqn,1,404
0.13684817055603574,9485.2,0,2552.3,2597.0,S2,dqn,1,405
0.09265614275909403,8216.349999502743,4,2309.729999745866,2325.099999742195,S2,dqn,1,406
0.1383669285958319,8048.22972951604,2,2198.0,2248.0,S2,dqn,1,407
0.1337295690936107,9280.0,0,2717.2,2836.0,S2,dqn,1,408
0.1560529634300126,8554.79999983283,3,2429.999999926656,2490.74999990832,S2,dqn,1,409
0.12893553223388307,9151.0,0,2519.5,2567.5,S2,dqn,1,410
0.09625862695241555,7840.7,0,2139.3,2172.5,S2,dqn,1,411
0.15141647671768155,8355.549999956,1,2485.5099999912,2545.0,S2,dqn,1,412
0.10290556900726393,9288.366610483745,4,2759.353288449042,2876.1916105613022,S2,dqn,1,413
0.08550602747406784,10136.861284669993,6,2876.5209826505725,2893.5,S2,dqn,1,414
0.06383610451306414,9729.599999883732,2,2743.579999906986,2832.0999998837324,S2,dqn,1,415
0.10607265977194379,10549.0,0,3368.0,3451.5,S2,dqn,1,416
0.1663372859025033,8111.5,0,2490.6,2593.0,S2,dqn,1,417
0.10552371026576342,10819.304048896058,6,2822.603239155106,2874.754048943883,S2,dqn,1,418
0.07077435470441298,10457.094436771395,18,2875.8819930942286,2997.2520080167574,S2,dqn,1,419
0.1821524064171123,7989.6999996971135,4,2354.4599997576906,2362.199999697113,S2,dqn,1,420
0.1660958904109589,7860.6499997851815,3,2363.8899999038827,2491.599999911411,S2,dqn,1,421
0.13984915147705845,8704.549999929357,1,2698.0099999858717,2790.0,S2,dqn,1,422
0.0881201044386423,8660.741999940865,1,2565.593599952691,2577.741999940864,S2,dqn,1,423
0.154434250764526,8832.08048776079,1,2574.916097552158,2584.5,S2,dqn,1,424
0.10876730388925511,8495.449727506582,4,2387.4799455236353,2411.5,S2,dqn,1,425
0.1137370753323486,9505.755950093817,5,2635.217368393607,2764.0,S2,dqn,1,426
0.0994275384151853,9363.818583816277,4,2585.5499999742456,2628.0,S2,dqn,1,427
0.10353227771010962,9344.866207181372,5,2425.604491409204,2481.7187499548827,S2,dqn,1,428
0.15538109257441937,8335.122034004758,8,2438.3178186101136,2461.688402318721,S2,dqn,1,429
0.14803625377643503,8984.049999906098,1,2410.5,2421.5,S2,dqn,1,430
0.1431980906921241,9196.988888539992,5,2579.1733332902018,2648.4666666127523,S2,dqn,1,431
0.0736553614251456,8333.194444336714,2,2352.135555469371,2433.2944443367137,S2,dqn,1,432
0.13694163677861101,8490.771611239672,12,2348.4957142001845,2414.2642856672496,S2,dqn,1,433
0.12169151201703682,9187.092965416912,10,2672.574023809115,2709.096043014102,S2,dqn,1,434
0.06563833278634723,8784.299999424475,3,2687.6599998848947,2852.5,S2,dqn,1,435
0.12139851084493364,8543.649382583679,2,2400.3795061061787,2412.5993826327235,S2,dqn,1,436
0.08345752608047691,9581.049999948667,1,2543.6099999897333,2653.0,S2,dqn,1,437
0.14099783080260303,8932.715941480386,13,2590.7175997745744,2649.7789441964565,S2,dqn,1,438
0.1592635885447107,9228.226470551463,1,2682.8452941102923,2707.0,S2,dqn,1,439
0.13091341862540912,9258.049999935833,1,2698.839999948667,2821.0499999358335,S2,dqn,1,440
0.1589319771137953,8541.712820290486,4,2278.2102563005647,2334.6128204041124,S2,dqn,1,441
0.12224209898628503,9341.874514644001,4,2641.4996117152004,2693.8745146440006,S2,dqn,1,442
0.1310344827586207,9963.0,0,2655.2,2686.5,S2,dqn,1,443
0.19205298013245034,7993.398662166536,4,2020.2595832076865,2020.5,S2,dqn,1,444
0.0810898475510866,8750.504776959979,2,2467.5399999499186,2556.5499999373983,S2,dqn,1,445
0.09451219512195122,9241.036538252547,4,2487.4492306837087,2561.936538354636,S2,dqn,1,446
0.1485984464707869,8109.796470303752,6,2388.2592939547544,2450.99999982334,S2,dqn,1,447
0.12890750886239125,8534.1,0,2399.7999999999997,2518.0,S2,dqn,1,448
0.09591100420926037,9389.9,0,2461.66,2498.5,S2,dqn,1,449
0.08861622358554874,8300.636021427032,1,2138.9088171416256,2146.636021427032,S2,dqn,1,450
0.15564826700898587,8428.0,0,2198.2,2236.0,S2,dqn,1,451
0.1646505376344086,8004.0,0,2133.3,2152.0,S2,dqn,1,452
0.13288504642971502,8611.81666587826,5,2342.6433332935662,2357.0,S2,dqn,1,453
0.1691073919107392,7707.7,0,2511.0,2670.0,S2,dqn,1,454
0.18384879725085912,7722.4,0,2364.4,2399.5,S2,dqn,1,455
0.17921736270963498,8144.021585401826,4,2578.077268614794,2746.471585768493,S2,dqn,1,456
0.11359472334188347,7613.989533702059,5,2077.6399999275295,2129.049999909412,S2,dqn,1,457
0.1743119266055046,8716.349999945774,1,2626.609999989155,2744.0,S2,dqn,1,458
0.09016870273414776,9747.566784146911,9,2710.7316537696497,2721.830494900446,S2,dqn,1,459
0.09057414798894689,9195.5,0,2259.7,2291.0,S2,dqn,1,460
0.14696058784235136,8114.5,0,2127.6,2131.0,S2,dqn,1,461
0.09103840682788052,9942.374999761747,4,2673.7,2690.5,S2,dqn,1,462
0.07548408270429931,8704.366666425318,2,2268.6,2336.0,S2,dqn,1,463
0.1271186440677966,8476.15806421566,2,2192.731612843132,2243.5,S2,dqn,1,464
0.14941302027748132,7730.407692011518,3,2354.0515383806037,2373.1999999125,S2,dqn,1,465
0.08021390374331551,9539.3,0,2739.1,2841.0,S2,dqn,1,466
0.12419354838709677,8559.0,0,2219.8,2260.0,S2,dqn,1,467
0.16206675224646983,8411.599999836184,2,2376.879999868948,2403.099999836185,S2,dqn,1,468
0.12645348837209303,9594.837617798908,4,2718.4700942391264,2766.837617798908,S2,dqn,1,469
0.14385353095030515,9422.5,0,2788.4,2860.5,S2,dqn,1,470
0.22985989492119088,5824.1,0,1538.2,1562.5,S2,dqn,1,471
0.14543630892678033,8099.9,0,2658.6,2774.0,S2,dqn,1,472
0.06664647076643442,9521.849999677117,4,2429.0099998190935,2475.7499997918576,S2,dqn,1,473
0.14834794335805798,8103.540587905926,3,2517.774117638799,2665.5,S2,dqn,1,474
0.15442798613299716,8571.54999992451,1,2191.8,2201.0,S2,dqn,1,475
0.13760095722405025,9222.720796078098,5,2502.2308259338156,2545.0,S2,dqn,1,476
0.13144058885383805,7885.017470892958,6,1839.9505179753055,1847.3804347214746,S2,dqn,1,477
0.07457257184430702,7880.713169992749,4,2202.3099999866085,2216.5,S2,dqn,1,478
0.09982886480319453,9959.880281616837,12,2800.5402361969627,2875.576469991867,S2,dqn,1,479
0.1459321415541773,7530.0499997849665,2,2385.949999956993,2536.0,S2,dqn,1,480
0.18168863555397222,7495.634115748238,3,2122.7744827476336,2172.0,S2,dqn,1,481
0.1455767077267637,7286.04999931015,3,2306.2199999646964,2308.0,S2,dqn,1,482
0.04550970873786408,9701.499999177948,10,2887.709999843576,3000.049999952469,S2,dqn,1,483
0.12713228194399742,8601.469460885117,4,2464.9238921530855,2544.5499999601034,S2,dqn,1,484
0.15237420269312543,7679.5,0,1978.0,1985.0,S2,dqn,1,485
0.16429353778751368,7361.9,0,2297.7,2353.5,S2,dqn,1,486
0.11332417582417582,8111.2,0,2638.4,2650.0,S2,dqn,1,487
0.15053763440860216,7536.2,0,2361.4,2433.0,S2,dqn,1,488
0.12380068090374496,9033.621216087635,9,2931.963337835157,3009.3918803117867,S2,dqn,1,489
0.15740443302280757,8434.049999958603,1,2437.4399999668817,2490.0499999586023,S2,dqn,1,490
0.19091847265221878,7663.349999787679,3,2282.6499999418556,2424.049999953333,S2,dqn,1,491
0.13456304807983066,9027.5,0,2623.0,2767.0,S2,dqn,1,492
0.15745276417074877,7712.049999946154,1,1977.139999956923,2004.5499999461538,S2,dqn,1,493
0.16879219804951237,7147.049999929358,1,1813.6,1814.5,S2,dqn,1,494
0.12583668005354753,10271.184831422277,1,3245.7999999999997,3553.0,S2,dqn,1,495
0.08637236084452975,8873.74999960219,5,2724.0399999339465,2887.0,S2,dqn,1,496
0.10273972602739725,9207.90888494334,18,2741.5513986781325,2878.834308636372,S2,dqn,1,497
0.18197573656845753,7784.999999522014,7,2313.669999802988,2377.299999800779,S2,dqn,1,498
0.16304347826086957,9269.385609190458,9,2754.686775722217,2856.45846968331,S2,dqn,1,499
0.10673976136730087,8703.584692691542,6,2280.3099999883334,2348.5,S2,dqn,1,500
0.15487504399859203,7686.049999893055,1,1968.109999978611,1969.0,S2,dqn,1,501
0.11095937179924889,8195.307584726996,3,2327.4871999096986,2328.9839998871234,S2,dqn,1,502
0.11235955056179775,7715.2499989689695,7,2050.6599992699444,2068.1999990874306,S2,dqn,1,503
0.098806860551827,7523.3240739148705,2,1993.2592591318964,2036.8240739148707,S2,dqn,1,504
0.13293712855802314,8827.318987297665,1,2666.6,2722.5,S2,dqn,1,505
0.11150234741784038,9550.74999995674,1,3122.039999965393,3295.5499999567414,S2,dqn,1,506
0.18801191362620998,7098.176939420849,4,2261.7353878841695,2382.5,S2,dqn,1,507
0.032210834553440704,10012.9,0,2829.4,2912.0,S2,dqn,1,508
0.10631741140215717,9126.068390171808,3,2464.2049484251293,2502.2561855314116,S2,dqn,1,509
0.17967145790554415,7893.876680755664,15,1923.6220752365502,1940.9499997469845,S2,dqn,1,510
0.17997943092218033,7756.5,0,2527.1,2630.5,S2,dqn,1,511
0.058159425248032845,8486.0,0,2339.2,2399.0,S2,dqn,1,512
0.17792302106027597,7373.94999951875,1,1936.30999990375,2015.0,S2,dqn,1,513
0.1268956979263386,8917.086842019873,2,2973.869473615898,3168.086842019873,S2,dqn,1,514
0.1413582046050714,9380.989999860578,2,2695.0399999156166,2736.0499998945206,S2,dqn,1,515
0.1485623003194888,8480.5,0,2215.2,2230.0,S2,dqn,1,516
0.11574886004910558,7988.0,0,2183.7999999999997,2278.5,S2,dqn,1,517
0.06470397929472663,8899.7,0,2595.7999999999997,2752.0,S2,dqn,1,518
0.13065467828041585,9818.5,0,2530.4,2539.5,S2,dqn,1,519
0.12749827705031014,8057.074930666207,7,2542.564987726313,2684.5,S2,dqn,1,520
0.07470845481049562,7898.999999770375,4,2387.8499998989814,2458.2499999081774,S2,dqn,1,521
0.12550018188432158,7609.5,0,1938.1,1966.0,S2,dqn,1,522
0.1455026455026455,7236.895454322491,4,1901.3599999578082,1913.1999999472603,S2,dqn,1,523
0.10399471772862331,8481.0,0,2599.6,2689.5,S2,dqn,1,524
0.07951653944020357,8914.5,0,2656.1,2724.0,S2,dqn,1,525
0.12321660181582361,8500.188059650462,1,2380.65044772037,2446.6880596504625,S2,dqn,1,526
0.1534526854219949,7490.588334951295,4,2011.9058226547513,2036.6135927741536,S2,dqn,1,527
0.1350121359223301,9118.599999837574,2,2720.5,2771.0,S2,dqn,1,528
0.11829390203265579,8302.5,0,2471.7,2549.0,S2,dqn,1,529
0.12808041504539558,8523.749999891692,2,2226.0,2285.5,S2,dqn,1,530
0.15156618390030313,8048.0,0,2154.0,2209.5,S2,dqn,1,531
0.07954162453656892,8492.76096736456,6,2488.0,2574.0,S2,dqn,1,532
0.09186351706036745,8586.0,0,2397.0,2486.0,S2,dqn,1,533
0.13157894736842105,8519.196369630627,4,2380.1070957400393,2441.7463696898567,S2,dqn,1,534
0.17636986301369864,7847.699999323031,4,2344.81999994437,2425.5,S2,dqn,1,535
0.17280361757105944,8309.009614898758,4,2371.081923053872,2458.0,S2,dqn,1,536
0.1772679874869656,7711.6,0,2341.68,2416.0,S2,dqn,1,537
0.1224105461393597,7440.179305033196,12,2096.208444550056,2134.5876391508996,S2,dqn,1,538
0.126769838656569,8375.5,0,2504.7999999999997,2604.0,S2,dqn,1,539
0.15658914728682172,8819.449999490329,6,2519.019999817728,2580.7499998050266,S2,dqn,1,540
0.14509673115410274,8192.386619432442,4,2606.2073238577927,2638.549999952174,S2,dqn,1,541
0.15742128935532235,7166.049999888406,1,1940.8,2010.0,S2,dqn,1,542
0.09940975458216837,9095.725409375444,6,2594.319999931855,2611.049999953333,S2,dqn,1,543
0.057794902193242445,9739.84999996111,1,2584.779999968889,2628.8499999611113,S2,dqn,1,544
0.1823607427055703,7955.1,0,2547.7,2716.0,S2,dqn,1,545
0.13406940063091483,7043.134875566186,8,1913.162353104771,1950.0779413809637,S2,dqn,1,546
0.16515544041450778,8302.2,0,2212.64,2239.0,S2,dqn,1,547
0.13125763125763126,9011.049999961111,1,2552.439999968889,2616.549999961111,S2,dqn,1,548
0.11294672960215779,8308.5,0,2097.2,2108.5,S2,dqn,1,549
0.11876881900301103,8337.849999259408,4,2218.5699998811606,2221.199999864912,S2,dqn,1,550
0.16654978962131836,7619.249999891549,1,2209.74,2312.5,S2,dqn,1,551
0.14227642276422764,8725.9,0,2585.18,2692.0,S2,dqn,1,552
0.057803468208092484,9000.04999993937,1,2662.9,2783.5,S2,dqn,1,553
0.15031196823596144,9682.195815078678,9,2501.0715492523873,2505.0499999541667,S2,dqn,1,554
0.06880733944954129,10096.511537762359,8,2917.84999995371,2993.0499999549706,S2,dqn,1,555
0.16232607920085623,7542.4,0,2024.8,2041.5,S2,dqn,1,556
0.15658914728682172,8743.04999989155,1,2366.4,2381.5,S2,dqn,1,557
0.06471954862263525,8708.095210011852,9,2628.112355629144,2709.5221892525174,S2,dqn,1,558
0.13346445630795167,9754.0,0,2818.7,2910.5,S2,dqn,1,559
0.05115089514066496,9087.0,0,2320.6,2330.0,S2,dqn,1,560
0.16877637130801687,7020.5362065653,3,2027.9399998689362,2053.04999983617,S2,dqn,1,561
0.09029345372460497,8832.318031107612,3,2175.6399999910464,2176.0,S2,dqn,1,562
0.0836489898989899,9066.682370759596,7,2345.3898966838724,2385.8623708548407,S2,dqn,1,563
0.13530927835051546,8519.67228906309,2,2333.897831292664,2346.1222891158295,S2,dqn,1,564
0.1477650535648319,7370.620842887012,3,1922.8399999503226,1937.0499999379033,S2,dqn,1,565
0.13356164383561644,8056.4999998428575,1,2500.88,2657.0,S2,dqn,1,566
0.1893821794473766,8528.293717093316,2,3112.058743418663,3417.0,S2,dqn,1,567
0.12725515463917525,8557.5,0,2395.7999999999997,2461.5,S2,dqn,1,568
0.11338582677165354,8864.7538460335,2,2511.0,2583.0,S2,dqn,1,569
0.10663160969909437,9601.549999918947,1,2837.7999999999997,2909.5,S2,dqn,1,570
0.08218373936014088,9685.0,0,2721.0,2772.5,S2,dqn,1,571
0.115995115995116,9081.674999961222,1,2875.3399999689773,3102.6749999612216,S2,dqn,1,572
0.14925373134328357,8035.149999758242,3,2363.7399999080594,2448.0499998850746,S2,dqn,1,573
0.14920424403183025,8145.0,0,2129.9,2153.5,S2,dqn,1,574
0.08939974457215837,8873.366666548081,2,2207.7933332384646,2243.866666548081,S2,dqn,1,575
0.1198919284025667,8244.699999919792,1,2581.5,2753.0,S2,dqn,1,576
0.13376835236541598,8418.849999816086,2,2432.1,2548.5,S2,dqn,1,577
0.1778846153846154,8363.560047536756,7,2425.858225755714,2545.5,S2,dqn,1,578
0.10400907715582451,7436.749999934746,1,2011.0699999869491,2055.0,S2,dqn,1,579
0.18886679920477137,8100.6945775487675,5,2304.039999935158,2351.0499999189474,S2,dqn,1,580
0.11381353289678828,8962.0,0,2372.3,2392.0,S2,dqn,1,581
0.1538695917123705,8918.568115768781,3,2330.03999996,2387.04999995,S2,dqn,1,582
0.0938295165394402,8923.849991895693,7,2624.439999676548,2787.2999995956848,S2,dqn,1,583
0.12451487710219922,8580.299999723537,3,2940.0899998677073,3159.549999871667,S2,dqn,1,584
0.18451664661050943,6624.9,0,2005.1999999999998,2119.0,S2,dqn,1,585
0.17124448965751102,7944.999999762609,2,2167.4,2203.0,S2,dqn,1,586
0.18397085610200364,7329.149992081931,3,1847.1,1849.0,S2,dqn,1,587
0.13198163733741392,7230.814942175184,4,2156.162988435037,2259.0,S2,dqn,1,588
0.15,8456.5,0,2451.2999999999997,2536.5,S2,dqn,1,589
0.12695600826690287,9349.549999926667,1,2543.4,2550.0,S2,dqn,1,590
0.08889582033686837,9196.381125122423,4,2335.4350746017026,2374.0,S2,dqn,1,591
0.1730310262529833,8979.049999917204,1,2506.4,2548.0,S2,dqn,1,592
0.17875737591114196,7753.173299468781,5,2441.647993204585,2620.5888888513814,S2,dqn,1,593
0.15718776793369535,9463.64999993937,1,2622.2,2686.5,S2,dqn,1,594
0.14402618657937807,8325.0,0,2447.8,2473.0,S2,dqn,1,595
0.11498028909329829,8430.0,0,2385.4,2407.0,S2,dqn,1,596
0.09154550350026926,10493.654651083667,1,2579.6,2624.0,S2,dqn,1,597
0.17768301350390903,7517.018749940457,1,2202.3037499880916,2212.0,S2,dqn,1,598
0.17750549795790135,8507.374501429857,4,2412.516697945001,2522.5696627650495,S2,dqn,1,599
0.09854964670881368,7605.6499997330075,3,2219.6099999893795,2246.5,S2,dqn,1,600
0.1318127962085308,9371.059615201848,3,2627.617692197017,2701.5096152610786,S2,dqn,1,601
0.08302318923561408,9991.8615922956,5,2598.562318472994,2613.0,S2,dqn,1,602
0.14056224899598393,9550.968852360698,2,2749.023770436326,2795.04999994031,S2,dqn,1,603
0.10127765659083826,8963.1,0,2114.4,2139.0,S2,dqn,1,604
0.16839378238341968,8348.563966656337,7,2194.872793357819,2250.0,S2,dqn,1,605
0.18132056106739652,7763.5,0,2511.2,2629.5,S2,dqn,1,606
0.13939950980392157,8940.0,0,2345.7,2347.5,S2,dqn,1,607
0.15204678362573099,6939.399999845467,2,1954.8099999127521,2011.0499999060976,S2,dqn,1,608
0.0698655417875033,10881.2999996391,6,3290.799999801868,3436.2499997523355,S2,dqn,1,609
0.11072988147223956,9016.799999475297,6,2733.5199998037456,2784.09999984781,S2,dqn,1,610
0.09658919408391187,9338.0,0,2746.8999999999996,2942.0,S2,dqn,1,611
0.1362397820163488,9101.31959448861,2,2548.455675590888,2596.3195944886097,S2,dqn,1,612
0.12206874397687119,8569.0,0,2447.1,2554.0,S2,dqn,1,613
0.1485884101040119,7362.299999745795,3,1966.0199999752606,1995.0,S2,dqn,1,614
0.15104328869511055,8689.19840179293,1,2323.7999999999997,2409.5,S2,dqn,1,615
0.18396390142311697,7640.5,0,2217.2,2285.5,S2,dqn,1,616
0.09967320261437909,8616.332693118162,6,2514.7061545740335,2538.7326932506685,S2,dqn,1,617
0.11778367617783676,8465.987631745777,9,2229.0103620559403,2296.5380594646413,S2,dqn,1,618
0.14017297942141366,9126.049999954706,1,2569.439999963765,2616.049999954706,S2,dqn,1,619
0.05351929938371716,8961.549999929357,1,2776.9399999434863,2933.049999929358,S2,dqn,1,620
0.17591994835377664,8264.319064560243,3,2164.11525171236,2262.2690646404503,S2,dqn,1,621
0.12959317585301838,8367.5,0,2289.8,2299.0,S2,dqn,1,622
0.110612375761462,8738.236949216733,4,2800.8295593733856,2894.036949216732,S2,dqn,1,623
0.1400862068965517,8874.633333246953,2,2584.6,2701.5,S2,dqn,1,624
0.0849289684990735,9168.049999955747,1,2821.6399999645973,2951.049999955747,S2,dqn,1,625
0.1346444780635401,9079.799122655526,2,2725.979824531105,2744.0,S2,dqn,1,626
0.16819571865443425,8784.544117607093,1,2478.295294085675,2564.1441176070934,S2,dqn,1,627
0.17929015733626052,7376.249999791892,1,2142.8399998335135,2169.049999791892,S2,dqn,1,628
0.08538587848932677,8645.049999954706,1,2391.539999963765,2394.049999954706,S2,dqn,1,629
0.14248704663212436,8414.699999791892,1,2548.2,2630.0,S2,dqn,1,630
0.10571768910065515,9411.799999752271,3,2871.3,2923.5,S2,dqn,1,631
0.10876623376623376,8655.481817968515,3,2230.3054544966494,2234.3818181208117,S2,dqn,1,632
0.13077445652173914,8120.366851400555,5,2222.779481385425,2237.693518450523,S2,dqn,1,633
0.16204425054534122,8725.430955672047,8,2221.827499972566,2250.0,S2,dqn,1,634
0.1854864952814839,8203.256155473988,9,2667.451231104047,2855.399999905555,S2,dqn,1,635
0.10901883052527254,8462.463868361701,4,2712.9927736723403,2758.5,S2,dqn,1,636
0.10662729658792651,8565.806106741053,2,2268.8448853928417,2297.306106741052,S2,dqn,1,637
0.04038461538461539,7598.487499611771,4,2015.059999724119,2105.449999655149,S2,dqn,1,638
0.1608369768894441,8614.4,0,2294.2,2363.5,S2,dqn,1,639
0.1621808143547274,7819.0,0,2093.3,2110.5,S2,dqn,1,640
0.12908777969018934,9689.723332406706,9,2659.594666372106,2660.449999687377,S2,dqn,1,641
0.06069553805774278,8825.439319766463,7,2911.7378640538154,3051.0,S2,dqn,1,642
0.15478424015009382,8708.599999818724,2,2260.9,2311.5,S2,dqn,1,643
0.11972274732199117,8785.0,0,2460.2999999999997,2563.5,S2,dqn,1,644
0.1414768806073154,8010.242419451126,9,2264.772045544329,2381.1726026905985,S2,dqn,1,645
0.15203761755485892,8678.649415034677,3,2276.6498830069354,2317.5,S2,dqn,1,646
0.17761394101876676,7974.269354370213,4,2202.8,2210.0,S2,dqn,1,647
0.14265335235378032,7681.649999731394,5,2619.6599998503116,2704.6499998400545,S2,dqn,1,648
0.13595166163141995,8261.887704472336,4,2375.00754087204,2533.0499999626213,S2,dqn,1,649
0.17433987813134733,7957.436619363095,5,2390.329295699183,2521.7866196239793,S2,dqn,1,650
0.2015625,8326.7,0,2357.2,2398.0,S2,dqn,1,651
0.13637913399249915,8032.049999954438,1,2444.4399999635502,2550.549999954438,S2,dqn,1,652
0.14449968924798012,8830.049999288538,8,2356.2299997217915,2363.2499997059026,S2,dqn,1,653
0.1683673469387755,7872.549999820931,1,2189.7,2200.5,S2,dqn,1,654
0.11498140006763612,8221.438856066594,4,2529.5,2724.0,S2,dqn,1,655
0.19743863393810032,7471.8499993473215,7,2308.6099998394157,2404.0999998705747,S2,dqn,1,656
0.14465989535241613,8848.549999966079,1,2521.0399999728634,2601.049999966079,S2,dqn,1,657
0.1633546648703267,8005.8,0,2266.9,2327.0,S2,dqn,1,658
0.15001648532805803,8196.349999930631,1,2237.8499999861265,2240.3,S2,dqn,1,659
0.11310592459605028,7910.663035242583,7,2174.4799998912576,2181.5999998640723,S2,dqn,1,660
0.14206642066420663,7420.997457423026,3,2317.099491484605,2388.0,S2,dqn,1,661
0.11974110032362459,8609.617815685528,5,2270.284252590327,2325.934482422036,S2,dqn,1,662
0.11022768341163715,7863.278541832343,13,2327.9953465345334,2458.1531004569174,S2,dqn,1,663
0.13747758517632994,9168.4,0,2274.48,2317.5,S2,dqn,1,664
0.13128176171654432,9726.263043324296,2,2776.0826085948593,2781.0499998833334,S2,dqn,1,665
0.1665556295802798,8046.1778750721205,4,2163.0299998050045,2174.0,S2,dqn,1,666
0.1307987443320544,7876.4,0,2137.1,2152.0,S2,dqn,1,667
0.0809950824414232,9888.785309677683,7,2641.829208589296,2647.5,S2,dqn,1,668
0.15583109919571045,8102.59999986457,2,2104.4099999853333,2119.0,S2,dqn,1,669
0.16776202006226218,7791.5,0,2470.5,2690.0,S2,dqn,1,670
0.18653846153846154,7015.936761918646,8,2251.217836805559,2306.6472960069486,S2,dqn,1,671
0.13112391930835735,9549.549999916304,1,2365.8,2369.5,S2,dqn,1,672
0.13392857142857142,9830.5,0,2700.2,2707.5,S2,dqn,1,673
0.13379073756432247,7989.6,0,1912.7,1934.5,S2,dqn,1,674
0.16297043010752688,7984.149999928703,1,2330.4,2419.0,S2,dqn,1,675
0.1381692573402418,7984.049999888406,1,2394.4,2488.0,S2,dqn,1,676
0.13234841489689136,8972.323369477135,2,2507.964673895427,2527.0,S2,dqn,1,677
0.15249266862170088,9241.2,0,2572.3599999999997,2582.7,S2,dqn,1,678
0.14668133480014667,7426.249999921429,1,2206.0099999842855,2248.0,S2,dqn,1,679
0.04830917874396135,9614.049999925242,1,2684.739999940194,2742.049999925243,S2,dqn,1,680
0.14256319811875368,9259.4,0,2426.88,2474.5,S2,dqn,1,681
0.16589250165892502,8078.9,0,2292.1,2369.0,S2,dqn,1,682
0.1512632978723404,8111.5,0,2236.8,2245.0,S2,dqn,1,683
0.11356365962891875,8735.049999901283,1,2555.0,2646.0,S2,dqn,1,684
0.1283943329397875,9377.18144618382,6,2593.0562892748862,2595.9,S2,dqn,1,685
0.16058882569421212,8047.0,0,2229.4,2262.5,S2,dqn,1,686
0.18244406196213425,7748.099999820834,2,2126.019999964167,2191.0,S2,dqn,1,687
0.16134236850596967,8347.099999676893,4,2471.059999934194,2541.0499999486665,S2,dqn,1,688
0.1246051246051246,7856.6,0,2588.1,2633.0,S2,dqn,1,689
0.11341083073433512,9826.149999813673,3,2618.389999892561,2628.0999998830434,S2,dqn,1,690
0.11059670781893004,10840.04999989,1,3026.909999978,3103.0,S2,dqn,1,691
0.182864883169658,7818.649999934746,1,2020.6399999477965,2063.0499999347458,S2,dqn,1,692
0.16407307171853858,7947.549999916304,1,2540.109999983261,2639.5,S2,dqn,1,693
0.0734508547008547,10722.041880152374,4,2976.9735041856848,3014.4418802586833,S2,dqn,1,694
0.05800118976799524,9738.849999940769,1,2936.4099999881537,3018.0,S2,dqn,1,695
0.12341772151898735,8735.0,0,2290.5,2316.0,S2,dqn,1,696
0.1396957123098202,9967.087871090158,4,3130.422401754295,3173.3413792271062,S2,dqn,1,697
0.1659688995215311,8937.54999994122,1,2558.009999988244,2591.0,S2,dqn,1,698
0.20745428973277075,7430.0,0,1937.82,1972.0,S2,dqn,1,699
0.17368582846603137,8704.64999976029,3,2545.7,2641.0,S2,dqn,1,700
0.1833213515456506,7470.199999486891,4,2207.4,2293.0,S2,dqn,1,701
0.09232544720138489,9846.618320321255,5,2852.9836639874484,2993.0999998719963,S2,dqn,1,702
0.17215342796738145,8912.099999844086,2,2702.019999968817,2850.0,S2,dqn,1,703
0.16492763379333558,8017.703048530793,3,2524.562438824635,2565.7030485307937,S2,dqn,1,704
0.13275804845668768,8339.244354423814,6,2295.918817160443,2380.636021466204,S2,dqn,1,705
0.19086692829111665,7395.349999920619,1,2383.039999936495,2508.0499999206186,S2,dqn,1,706
0.1251778093883357,9743.5,0,2579.2,2663.5,S2,dqn,1,707
0.1478494623655914,8062.0,0,2281.0,2346.0,S2,dqn,1,708
0.1488095238095238,7753.1,0,1953.28,1966.6,S2,dqn,1,709
0.1573926868044515,8542.18165645382,7,2456.4,2463.5,S2,dqn,1,710
0.1291248206599713,7750.414285394137,4,2193.7914283679593,2218.864285459949,S2,dqn,1,711
0.1598173515981735,8268.849999928038,1,2165.8099999856076,2169.5,S2,dqn,1,712
0.15865227347072294,8252.1,0,2373.2,2411.0,S2,dqn,1,713
0.13745704467353953,9571.0,0,2680.6,2740.5,S2,dqn,1,714
0.16133806986382473,9116.997457372541,3,2691.1399999468963,2813.0499999336207,S2,dqn,1,715
0.1358695652173913,8122.049999759375,1,2237.909999951875,2301.0,S2,dqn,1,716
0.11188811188811189,8087.4415090452785,5,2333.8599999211037,2419.549999942963,S2,dqn,1,717
0.14468371467025573,8167.844496090033,8,2421.428538280583,2534.777339529769,S2,dqn,1,718
0.14866712235133286,7909.6,0,2309.7,2400.5,S2,dqn,1,719
0.12032932235592148,8858.471745149573,10,2771.309999852037,2892.5999998799143,S2,dqn,1,720
0.13842281879194632,9890.770702893416,7,2774.3124738773,2838.0999998827883,S2,dqn,1,721
0.18570427470217238,7525.3,0,2056.96,2096.0,S2,dqn,1,722
0.04461440407903123,9138.0999998605,2,2502.9799998884005,2505.5999998605007,S2,dqn,1,723
0.15749284123448934,8451.5,0,2279.5,2281.0,S2,dqn,1,724
0.06581421587062805,7610.999999897857,1,2252.0,2380.0,S2,dqn,1,725
0.08008335814230426,9645.872042428991,8,2982.839999906913,3123.0,S2,dqn,1,726
0.18393520080998987,7857.549999933043,1,2641.6,2861.5,S2,dqn,1,727
0.14192886456908343,7953.5,0,2342.6,2392.0,S2,dqn,1,728
0.1423810966373826,9061.586619365698,5,2498.229999958921,2549.5,S2,dqn,1,729
0.15993537964458804,8348.54999992451,1,2273.909999984902,2305.0,S2,dqn,1,730
0.14977307110438728,8983.699999752707,4,2513.679999918775,2578.099999898469,S2,dqn,1,731
0.12334943639291465,8661.696832716007,8,2305.6659280419544,2314.207410052443,S2,dqn,1,732
0.06388804380894432,9587.003859346318,10,2773.427930673794,2829.422413415399,S2,dqn,1,733
0.11577647422043841,8988.14999993125,1,2334.439999945,2350.04999993125,S2,dqn,1,734
0.16029354963306297,6974.099999838461,2,1898.9499999232692,1966.0499999259614,S2,dqn,1,735
0.17041901188242653,8646.420486797495,7,2472.546389470762,2558.1704868521047,S2,dqn,1,736
0.0892510671323244,7298.049999888406,1,2136.709999977681,2274.5,S2,dqn,1,737
0.16265248670628715,8616.924802648566,4,2541.069842438005,2591.8248030638197,S2,dqn,1,738
0.12,9698.0,0,2609.2,2637.0,S2,dqn,1,739
0.16897901102810386,7585.194443872037,4,2163.3655555127166,2208.1944444064197,S2,dqn,1,740
0.07219083490269931,9183.0,0,3276.2,3420.0,S2,dqn,1,741
0.11983223487118035,9282.327844204412,2,2783.139999986724,2922.5,S2,dqn,1,742
0.12088974854932302,8619.549999931858,1,2663.239999945487,2748.0499999318586,S2,dqn,1,743
0.09385351490614649,7705.664942258488,3,2324.1,2375.5,S2,dqn,1,744
0.11295446523120367,7927.965695674156,5,2397.0,2432.5,S2,dqn,1,745
0.08512544802867383,9473.749999758247,2,2463.4,2523.0,S2,dqn,1,746
0.1569210439378923,8153.4,0,2611.7999999999997,2701.0,S2,dqn,1,747
0.09357344632768362,8046.906812259346,4,2494.700419984937,2588.3984292217797,S2,dqn,1,748
0.18235294117647058,9114.353616862807,9,2726.682894000964,2863.716117544955,S2,dqn,1,749
0.15292981326464908,8537.441748352821,11,2214.8577246806635,2242.498958215681,S2,dqn,1,750
0.08774495466510676,9672.2,0,2625.1,2639.5,S2,dqn,1,751
0.07473309608540925,8020.949999901662,2,2681.799999921329,2957.2499999016613,S2,dqn,1,752
0.06026058631921824,8879.679737342643,5,2363.0561466457716,2384.0701833072144,S2,dqn,1,753
0.11585567692816948,8415.599999512333,2,2689.5099999794666,2848.0,S2,dqn,1,754
0.13961337833691317,8894.5499999384,1,2627.8,2662.0,S2,dqn,1,755
0.12924978926664793,9821.0,0,2671.7,2761.0,S2,dqn,1,756
0.17571261226083562,6809.633999853793,2,2084.5267999707585,2087.5,S2,dqn,1,757
0.11812297734627832,8561.5,0,2298.3,2319.0,S2,dqn,1,758
0.1019202363367799,9470.649999939844,1,2511.3099999879687,2550.5,S2,dqn,1,759
0.14475061039414022,7965.173634062776,12,2257.3647269306284,2319.0,S2,dqn,1,760
0.08789625360230548,9804.5,0,2889.3999999999996,3070.5,S2,dqn,1,761
0.13331290223720502,8925.5,0,2349.0,2359.0,S2,dqn,1,762
0.13804173354735153,8579.115217039986,4,2305.5199998209505,2345.0999997973418,S2,dqn,1,763
0.16095066185318893,8936.603278660847,1,2672.3826229286774,2750.603278660847,S2,dqn,1,764
0.1212633953750705,9817.0,0,3043.4,3064.5,S2,dqn,1,765
0.12611749680715198,8603.0,0,2356.8,2362.5,S2,dqn,1,766
0.15598507968802985,7980.299999886722,2,2105.1,2134.5,S2,dqn,1,767
0.1366480079025354,8387.811259669897,8,2252.14264650928,2293.8173242600838,S2,dqn,1,768
0.16262860935944243,8084.549999894521,1,2210.6399999156165,2213.0499998945206,S2,dqn,1,769
0.13335287221570927,9418.5,0,2685.4,2775.0,S2,dqn,1,770
0.13095238095238096,9197.3,0,2636.7,2674.5,S2,dqn,1,771
0.12828840532640468,8471.5,0,2290.9,2356.0,S2,dqn,1,772
0.14202476329206118,7536.59639863949,7,2023.9,2026.0,S2,dqn,1,773
0.1995258790991703,6674.599999716912,2,2096.4,2191.0,S2,dqn,1,774
0.16375545851528384,7458.386109530508,7,2093.1177112252776,2112.9008155319602,S2,dqn,1,775
0.17784552845528456,7871.649999897333,1,2909.2999999999997,3196.0,S2,dqn,1,776
0.14008840530431826,8035.8,0,2532.9,2602.0,S2,dqn,1,777
0.1360655737704918,8396.0,0,2384.0,2388.5,S2,dqn,1,778
0.1891506067094932,7383.849999942538,1,2268.23999995403,2316.0499999425374,S2,dqn,1,779
0.13007614213197968,8717.4,0,2479.4,2565.0,S2,dqn,1,780
0.07503001200480192,9561.0,0,3029.0,3122.5,S2,dqn,1,781
0.10240797121505674,10155.799999723455,4,2818.939999980161,2889.0,S2,dqn,1,782
0.15397350993377484,8128.5,0,2253.7999999999997,2324.5,S2,dqn,1,783
0.17362217266645427,8384.8,0,2412.2,2449.5,S2,dqn,1,784
0.1024713682941531,9363.636144486294,2,2691.8689156277774,2809.086144534722,S2,dqn,1,785
0.1658291457286432,8097.701922490985,9,2677.4376920800505,2850.159615114537,S2,dqn,1,786
0.10969220694171579,8496.949999906741,2,2877.63999996,3122.04999995,S2,dqn,1,787
0.07673090649536046,8018.049999933043,1,2248.1,2328.0,S2,dqn,1,788
0.11642156862745098,9182.214403707805,8,2679.028402439458,2721.160503049323,S2,dqn,1,789
0.13239664955417454,10150.049999967372,1,2712.3399999738986,2731.549999967373,S2,dqn,1,790
0.1683673469387755,7880.77891557435,1,2127.6,2203.5,S2,dqn,1,791
0.11689166941060257,8458.66831981926,6,2405.5736640620503,2489.5,S2,dqn,1,792
0.07130124777183601,8094.191880168458,2,2394.833504225355,2462.0418802816935,S2,dqn,1,793
0.0987460815047022,8994.408191931736,5,2520.026553545388,2582.4081919317355,S2,dqn,1,794
0.16737774860518542,8151.5,0,2329.5,2412.0,S2,dqn,1,795
0.11404561824729892,9270.0,0,2602.4,2682.0,S2,dqn,1,796
0.11139002196422969,8884.499999801215,2,2794.0,2960.5,S2,dqn,1,797
0.17092337917485265,6803.149999316184,5,2172.2,2219.5,S2,dqn,1,798
0.11711711711711711,7719.599999728487,2,2356.609999974754,2441.5,S2,dqn,1,799
0.15610927649354547,9183.401634346206,14,2356.9517063132357,2414.6896328915445,S2,dqn,1,800
0.1610760544669545,8107.5,0,2422.8,2469.0,S2,dqn,1,801
0.1835767864192657,6749.486619586117,2,2046.18929573585,2071.2366196698126,S2,dqn,1,802
0.08286318758815232,8120.199999351917,8,2463.1099998043283,2583.14999983744,S2,dqn,1,803
0.13517359134889015,9679.780008677175,5,2641.7760017117466,2645.04999994031,S2,dqn,1,804
0.12989262209906477,8033.649999785289,3,2424.339999961258,2504.5499999515723,S2,dqn,1,805
0.11552550014088475,9894.999382280574,7,2972.649999900681,3113.2499999095803,S2,dqn,1,806
0.1967005076142132,8281.249999959473,1,2036.7599999999998,2080.2,S2,dqn,1,807
0.18877911079745943,7484.049999891549,1,1860.9099999783098,1868.0,S2,dqn,1,808
0.06401838476690742,8804.507605888513,11,2594.0060849922156,2636.7076063017016,S2,dqn,1,809
0.12080141426045964,9412.149999798343,3,2686.7299999596685,2698.0,S2,dqn,1,810
0.1419141914191419,8345.111153361675,7,2331.94999979744,2360.6749997751085,S2,dqn,1,811
0.12987012987012986,8476.172289000275,2,2637.8099999850483,2800.5,S2,dqn,1,812
0.13916500994035785,9662.518749714665,4,2789.2,2837.5,S2,dqn,1,813
0.15827338129496402,7540.2999998601,2,2106.47999997202,2156.5,S2,dqn,1,814
0.11857098860486603,9015.749999916305,1,2588.1,2687.0,S2,dqn,1,815
0.1533457249070632,8844.444623159967,9,2557.858924692894,2671.5,S2,dqn,1,816
0.09689274974941531,8487.983549516732,8,2139.619999977314,2207.0,S2,dqn,1,817
0.11742304030466519,8944.17126784666,17,2381.423681754661,2474.529602193327,S2,dqn,1,818
0.11229484595450619,9657.5,0,2550.1,2564.0,S2,dqn,1,819
0.10498687664041995,8620.61896533081,3,2316.8951722646475,2358.6189653308093,S2,dqn,1,820
0.17609591607343575,7179.71779381456,8,2307.8266666235977,2492.783333279497,S2,dqn,1,821
0.17289073305670816,7733.7,0,2147.8,2197.0,S2,dqn,1,822
0.12383345297918162,7717.03181799139,3,2274.48,2359.5,S2,dqn,1,823
0.10243277848911651,8798.9,0,2549.0,2669.0,S2,dqn,1,824
0.06001371742112483,8436.4,0,2319.5,2329.0,S2,dqn,1,825
0.13112491373360938,7999.00576872837,5,2262.1885896545846,2297.0,S2,dqn,1,826
0.12870933142652843,7693.09999986234,2,1842.2799998898722,1850.0999998623402,S2,dqn,1,827
0.14542671259089168,7158.313157754839,2,1988.8,2033.5,S2,dqn,1,828
0.08034188034188035,8416.479125406122,5,2774.0958250812246,2802.0,S2,dqn,1,829
0.16462841015992474,8554.5,0,2177.3,2227.5,S2,dqn,1,830
0.09051412020275162,7825.249999562996,5,2289.6099999868375,2381.5,S2,dqn,1,831
0.10686333534015653,9358.617076474484,7,2912.5460297420536,3049.5,S2,dqn,1,832
0.14553810800459593,7148.249999849279,2,2048.449999969856,2108.5,S2,dqn,1,833
0.12954876273653565,9460.599999869119,2,2539.8,2573.5,S2,dqn,1,834
0.122737035900583,9092.519107661057,7,2303.673821312844,2339.799999621293,S2,dqn,1,835
0.1299638989169675,7649.319588231181,3,2043.1556705849448,2044.319588231181,S2,dqn,1,836
0.13997165131112685,7726.58245578752,5,2243.616491157504,2365.0,S2,dqn,1,837
0.11460827916524119,8114.549999928704,1,2118.539999942963,2120.0499999287035,S2,dqn,1,838
0.16928158546655656,6525.399999486666,1,1924.7,1933.0,S2,dqn,1,839
0.08670520231213873,8885.954468903501,8,2719.0581664772963,2804.295454454223,S2,dqn,1,840
0.09573132454488387,9082.384895567478,4,3043.4529166126185,3091.349479127607,S2,dqn,1,841
0.12455516014234876,8549.799999720946,3,2248.4,2257.0,S2,dqn,1,842
0.10419724097446434,9576.325372634112,8,2619.5099998566,2711.599999873133,S2,dqn,1,843
0.058973541600255024,9249.590307316152,22,2672.837430678634,2795.3499994711738,S2,dqn,1,844
0.058672009158557525,10079.353845960599,3,2860.27076919212,2873.5,S2,dqn,1,845
0.1561975142761169,8150.630795945518,11,2258.9898845655057,2337.4450977761094,S2,dqn,1,846
0.10869565217391304,8272.791860144782,3,2085.588372001619,2096.049999954438,S2,dqn,1,847
0.08469259723964868,9147.965713966605,11,3029.1719326963557,3284.510524378274,S2,dqn,1,848
0.12082670906200318,8753.0,0,2271.8,2297.5,S2,dqn,1,849
0.17833981841763943,8160.1,0,2245.62,2329.0,S2,dqn,1,850
0.11038635223281486,11131.549999963334,1,3089.2,3244.0,S2,dqn,1,851
0.14318630678077682,8305.549999909412,1,2541.2999999999997,2635.0,S2,dqn,1,852
0.14690451206715635,7776.149999675827,3,2124.7,2151.0,S2,dqn,1,853
0.13344051446945338,8547.0999999115,2,2330.6399999692,2470.5499999615,S2,dqn,1,854
0.08368794326241134,10086.349174014453,7,2520.219339393461,2601.399174241826,S2,dqn,1,855
0.12050296891372686,7969.253225534782,8,2500.8736207272304,2660.204959367123,S2,dqn,1,856
0.10366826156299841,8739.5,0,2306.3,2332.5,S2,dqn,1,857
0.13111888111888112,7931.6999993318195,4,2066.0,2119.0,S2,dqn,1,858
0.16416845110635261,7569.3,0,2297.0,2339.0,S2,dqn,1,859
0.13636363636363635,8410.5,0,2621.7,2639.0,S2,dqn,1,860
0.18178545716342692,7332.0,0,1839.1,1857.0,S2,dqn,1,861
0.13222849083215796,7765.5,0,2211.1,2260.0,S2,dqn,1,862
0.09279647687952186,8972.5,0,2572.1,2586.0,S2,dqn,1,863
0.14102106390574795,7670.7612063203005,6,2422.507241159847,2511.6499997746073,S2,dqn,1,864
0.1420678768745067,6930.849999937398,1,1927.04,1975.0,S2,dqn,1,865
0.11752506049083995,8071.699999909265,2,2148.4399999661537,2244.0499999576923,S2,dqn,1,866
0.14192886456908343,8057.34153058745,9,2570.113224595674,2701.3915307445927,S2,dqn,1,867
0.20768966700995536,7600.468749886232,2,2501.293749977246,2716.0,S2,dqn,1,868
0.09522414298271316,9636.549999928704,1,2935.909999985741,3072.0,S2,dqn,1,869
0.11856474258970359,8867.0,0,2751.4,2838.0,S2,dqn,1,870
0.1456953642384106,8237.340908910292,2,2391.0,2426.0,S2,dqn,1,871
0.1400607492406345,8169.251416124072,6,2182.3,2200.0,S2,dqn,1,872
0.10887772194304858,9990.199999942106,1,2818.2,2890.0,S2,dqn,1,873
0.1485148514851485,8830.649999754745,3,2094.0199998037965,2109.6499997547457,S2,dqn,1,874
0.14770057066129574,8149.20183226276,3,2289.525014309632,2304.507746428467,S2,dqn,1,875
0.182454847032805,7224.649999888406,1,2276.62,2442.0,S2,dqn,1,876
0.1094765651727677,8195.723333165459,3,2492.924666633092,2520.5,S2,dqn,1,877
0.1453579243513598,8797.640871397398,8,2631.243223794782,2767.5540297434773,S2,dqn,1,878
0.1371486623772435,8090.5999998219895,2,2484.239999960258,2499.0499999503227,S2,dqn,1,879
0.14782608695652175,7568.341696227499,4,2094.4714152614256,2175.8392690767823,S2,dqn,1,880
0.13438368860055608,8914.599999887254,2,2762.0399999679166,2885.049999959896,S2,dqn,1,881
0.12837612537512505,8249.699999731114,4,2315.5299998209844,2369.6499997912697,S2,dqn,1,882
0.14251781472684086,8131.949999812007,2,2459.1,2501.5,S2,dqn,1,883
0.1471054718477399,6874.3,0,2157.5,2168.0,S2,dqn,1,884
0.1267646211466436,9643.415093091488,6,2582.0920745380326,2629.8650931725406,S2,dqn,1,885
0.09721322099805574,8678.5,0,2463.6,2520.0,S2,dqn,1,886
0.09363900548918308,8758.909367750244,5,2442.7274942001945,2570.9093677502433,S2,dqn,1,887
0.13618677042801555,8424.73951606944,1,2293.547903213888,2348.0,S2,dqn,1,888
0.12585400934915497,7717.905220490548,7,2431.9105586747164,2542.0,S2,dqn,1,889
0.0695517774343122,9303.102325497066,1,2575.2,2640.0,S2,dqn,1,890
0.14750251424740193,8189.069564610023,8,2309.9156518596155,2403.9695648508896,S2,dqn,1,891
0.13741721854304637,8259.603900483527,3,2221.8,2243.5,S2,dqn,1,892
0.08613138686131387,9695.9,0,3013.6,3181.0,S2,dqn,1,893
0.18454639530872716,7716.0999998624175,2,1943.6,1988.5,S2,dqn,1,894
0.12214983713355049,8456.747916618764,1,2668.9983332950114,2722.7479166187645,S2,dqn,1,895
0.13753327417923691,9299.9,0,3056.2999999999997,3176.5,S2,dqn,1,896
0.15600127347978351,8482.5,0,2125.5,2182.5,S2,dqn,1,897
0.10566480774875257,9514.0,0,2795.6,2801.0,S2,dqn,1,898
0.19978783592644977,7414.549999928704,1,2082.2399999429626,2136.0499999287035,S2,dqn,1,899
0.14326140785284755,7743.697656017824,2,2148.3581248142586,2261.6976560178236,S2,dqn,1,900
0.1326341764342998,8888.5,0,2589.9,2683.0,S2,dqn,1,901
0.1930570315267446,7429.6,0,2598.7999999999997,2864.0,S2,dqn,1,902
0.14130745075649442,9609.649999795793,3,2494.8,2505.5,S2,dqn,1,903
0.1762820512820513,8351.299999736351,3,2258.7799999199583,2335.5499999259614,S2,dqn,1,904
0.12162954279015241,9458.549999948322,1,2689.239999958658,2822.5499999483222,S2,dqn,1,905
0.22839506172839505,6311.499999644469,2,1778.9199999288937,1781.0,S2,dqn,1,906
0.16862869869551383,8440.0,0,2195.5,2204.5,S2,dqn,1,907
0.09197324414715718,8475.835658668602,4,2184.528526984559,2193.7856587306987,S2,dqn,1,908
0.14586943963027152,9423.6,0,2420.38,2423.1,S2,dqn,1,909
0.1410488245931284,7536.649999946528,1,1856.1199999572223,1867.6499999465277,S2,dqn,1,910
0.18553578190079514,7099.22635994605,9,2161.2799997282486,2329.349999660311,S2,dqn,1,911
0.14198782961460446,8083.949999926666,1,2441.68,2546.0,S2,dqn,1,912
0.15751867489444624,8334.9,0,2442.4,2451.5,S2,dqn,1,913
0.07053542802180186,8946.847058612473,3,2417.4,2477.0,S2,dqn,1,914
0.1314475873544093,8257.136021427032,1,2503.9,2504.0,S2,dqn,1,915
0.11173974540311174,9872.099999866039,2,2663.4799998928306,2726.5999998660386,S2,dqn,1,916
0.12791991101223582,7483.749999857408,1,2235.1,2300.5,S2,dqn,1,917
0.12244213351224421,8207.0,0,2334.9,2457.5,S2,dqn,1,918
0.15865063460253842,8065.29999974971,2,2255.979999946435,2387.0499999330436,S2,dqn,1,919
0.0815684029765312,10015.743707542551,9,2710.9474999743416,2714.684374967927,S2,dqn,1,920
0.170333569907736,7605.495806545011,6,2163.4999998183953,2223.099999819383,S2,dqn,1,921
0.10620364126770061,8339.7,0,2384.94,2508.0,S2,dqn,1,922
0.15043675186023941,8408.13055550951,1,2185.904444407608,2191.63055550951,S2,dqn,1,923
0.05626081938834391,10128.799999446841,8,2744.5599997624527,2813.849999741807,S2,dqn,1,924
0.09739066519661889,7699.5,0,2434.7,2571.0,S2,dqn,1,925
0.09202453987730061,9295.183257501725,4,2669.5466060013796,2695.1832575017247,S2,dqn,1,926
0.07567264573991031,10236.368737621244,5,2553.461992430336,2584.595652065032,S2,dqn,1,927
0.177734375,6805.056409840644,3,2249.085128084929,2476.606410106161,S2,dqn,1,928
0.11439902379499695,9125.458333191655,2,2528.351666655442,2557.0,S2,dqn,1,929
0.11610762992996683,7564.899991918355,5,2016.8199937726472,2030.099992242545,S2,dqn,1,930
0.11909124221326493,7675.2143573304,10,2089.7714860558535,2104.564357621104,S2,dqn,1,931
0.07348618459729571,9740.749998395295,2,2703.3999999999996,2855.0,S2,dqn,1,932
0.13096519555077143,7773.48236621758,9,1889.7333332935798,1900.0,S2,dqn,1,933
0.1577631990003124,8619.0,0,2326.6,2416.5,S2,dqn,1,934
0.10355029585798817,8545.5,0,2553.7,2669.0,S2,dqn,1,935
0.12075817792723938,9052.59999982148,2,2195.4,2216.5,S2,dqn,1,936
0.15918738629472406,8914.5,0,2491.7,2501.5,S2,dqn,1,937
0.15354747617366749,7672.199999833796,2,2322.439999956312,2389.04999994539,S2,dqn,1,938
0.13408902405308268,9950.324999878296,2,2985.334999989659,3125.0,S2,dqn,1,939
0.14848573948838578,9251.799999862744,2,2481.3799998901945,2502.099999862743,S2,dqn,1,940
0.13211701793016672,8900.433151183648,13,2512.952414960881,2664.1905187011016,S2,dqn,1,941
0.15480370252154485,8497.0,0,2255.8,2284.0,S2,dqn,1,942
0.14776632302405499,7991.7999998187615,2,2283.12,2345.4,S2,dqn,1,943
0.13927150290786655,9056.02207976424,13,2411.9075897707057,2430.4653845149637,S2,dqn,1,944
0.13844515441959532,7714.049999953333,1,2213.4,2281.0,S2,dqn,1,945
0.14177428411005052,9786.444633227571,9,2739.6820511509222,2771.1374999008535,S2,dqn,1,946
0.14524328249818447,7478.1,0,2096.4,2126.0,S2,dqn,1,947
0.1289134438305709,8958.049999960103,1,2598.6399999680825,2667.5499999601034,S2,dqn,1,948
0.14749262536873156,8414.667755819391,6,2335.9700988979125,2355.3376236223908,S2,dqn,1,949
0.11571056062581486,8544.74999982871,2,2080.3499999657415,2084.5,S2,dqn,1,950
0.06687402799377916,9226.333509521819,4,2521.1597788049635,2536.655128167666,S2,dqn,1,951
0.1748476098812961,8333.5,0,2790.3999999999996,2956.0,S2,dqn,1,952
0.1265282911572363,9709.226470526248,1,2638.6,2708.5,S2,dqn,1,953
0.06873315363881402,10660.549999950323,1,2982.9,3073.5,S2,dqn,1,954
0.16815374056280027,7779.5,0,2437.1,2477.5,S2,dqn,1,955
0.19068511643604455,7899.9509878751805,11,2336.973472025434,2447.716840031793,S2,dqn,1,956
0.12770485987938984,7802.7,0,1924.7,1951.0,S2,dqn,1,957
0.11638491547464239,8755.788288850486,15,2705.1144613042343,2815.879999963543,S2,dqn,1,958
0.12367491166077739,7811.599382632724,1,2339.4,2385.0,S2,dqn,1,959
0.08819133034379671,9568.349991898505,7,2653.779999918029,2726.5999998975362,S2,dqn,1,960
0.15564826700898587,8407.3107475643,2,2440.948598051439,2548.810747564299,S2,dqn,1,961
0.08699778551091426,8972.59999965377,2,2736.909999974754,2848.5,S2,dqn,1,962
0.09154929577464789,8034.5245610097,4,1938.439999928372,1959.549999910465,S2,dqn,1,963
0.10051052967453733,8847.516038586622,6,2333.006775885507,2362.258469856884,S2,dqn,1,964
0.10745685444480625,8593.0,0,2615.4,2732.0,S2,dqn,1,965
0.14299332697807435,8591.149999750336,3,2211.6299999500675,2225.0,S2,dqn,1,966
0.1211376404494382,7928.5,0,2310.7999999999997,2415.0,S2,dqn,1,967
0.1024454725710509,8545.099999784043,2,2465.1,2575.5,S2,dqn,1,968
0.13770826249574974,8049.5,0,2140.9,2236.0,S2,dqn,1,969
0.14396284829721362,8843.383851118664,6,2796.187080952681,3004.683851214914,S2,dqn,1,970
0.08821058527023243,10185.544445619722,9,2992.1392409314017,3075.9339196181068,S2,dqn,1,971
0.12083605486610059,8555.46110402987,7,2426.088519952073,2511.173150581758,S2,dqn,1,972
0.12167787383925713,8643.049999949006,1,2941.0,3094.0,S2,dqn,1,973
0.14266972777959988,8301.349999751614,1,2773.5099999503227,2892.0,S2,dqn,1,974
0.14631502890173412,7547.0,0,2034.7,2052.0,S2,dqn,1,975
0.1579754601226994,8800.54999993937,1,2493.339999951496,2531.54999993937,S2,dqn,1,976
0.1355766089513231,8427.794444269972,3,2433.848888866617,2524.0,S2,dqn,1,977
0.08528784648187633,9368.824999890763,2,2830.839999951111,2854.049999938889,S2,dqn,1,978
0.11847672778561354,9826.885470053267,1,3037.1083760426136,3180.3854700532675,S2,dqn,1,979
0.13505217925107427,8967.12644045111,6,2620.8612912540602,2624.7,S2,dqn,1,980
0.12274368231046931,7658.549999842857,1,2289.7,2365.0,S2,dqn,1,981
0.10975270908585719,10155.113756313003,8,2747.160301755507,2786.699999966376,S2,dqn,1,982
0.16149068322981366,6546.549999577444,3,1727.0299999154888,1729.0,S2,dqn,1,983
0.111011101110111,9270.0,0,2634.7999999999997,2698.0,S2,dqn,1,984
0.1300887664524028,9023.046710274106,4,2572.6399999413334,2611.5499999266667,S2,dqn,1,985
0.09376803231390653,9811.551820000326,6,2627.327863985581,2657.912499893553,S2,dqn,1,986
0.08208736440926415,9723.102709807992,4,2916.4421678463937,3008.302709807992,S2,dqn,1,987
0.14592019058963668,9128.0,0,2396.5,2480.5,S2,dqn,1,988
0.17793594306049823,8210.38951606944,1,2605.777903213888,2797.5,S2,dqn,1,989
0.07774390243902439,9410.833097338687,4,2272.435049475965,2306.1688118449565,S2,dqn,1,990
0.055989141499830336,8519.099999881273,2,2220.4399999572224,2231.049999946528,S2,dqn,1,991
0.17043478260869566,7734.978946661573,6,2290.8299998973334,2362.5,S2,dqn,1,992
0.16095890410958905,7933.249382451579,4,2031.4,2056.0,S2,dqn,1,993
0.11159227181878748,8360.0,0,2360.6,2449.0,S2,dqn,1,994
0.11615439599714081,7794.5,0,2532.0,2583.0,S2,dqn,1,995
0.12549739822467096,9003.76380356255,2,3109.7610428936246,3376.3138036351916,S2,dqn,1,996
0.16167059616032334,7969.1,0,2482.98,2551.1,S2,dqn,1,997
0.19010705057216684,7214.916666625657,1,1949.6399999999999,2034.5,S2,dqn,1,998
0.1059850374064838,9011.724691119269,4,2579.274938196354,2662.5499999541667,S2,dqn,1,999
0.11289823693164244,8995.509459319332,3,2573.841891844166,2603.5499999493422,S2,dqn,2,0
0.13462849352419903,8020.0,0,2102.5,2183.5,S2,dqn,2,1
0.10678391959798995,8891.0,0,2897.7,2968.5,S2,dqn,2,2
0.0969355847404628,9043.17975146066,6,2389.8099999148217,2405.637499893527,S2,dqn,2,3
0.11326329612606698,8503.002965312411,3,2513.4867999886656,2676.0,S2,dqn,2,4
0.11542160949022122,8693.276917061774,5,2493.10999998075,2493.5,S2,dqn,2,5
0.09467265725288831,8792.6,0,2416.7,2427.5,S2,dqn,2,6
0.11613175675675676,6662.253932252333,4,2027.73078634851,2070.0999998300726,S2,dqn,2,7
0.09824992324224746,9178.049999572222,1,2460.0,2495.5,S2,dqn,2,8
0.10590692124105013,9386.749999755119,2,2872.7,3035.0,S2,dqn,2,9
0.10638297872340426,7903.109255602004,3,2099.1218511204006,2194.5,S2,dqn,2,10
0.08625817965496728,9564.191421588353,4,2539.3199999650155,2620.0,S2,dqn,2,11
0.08827785817655572,9765.4,0,2559.8,2611.0,S2,dqn,2,12
0.11326378539493294,9311.5,0,2513.1,2525.5,S2,dqn,2,13
0.10718424101969873,9674.235637758165,5,2880.3999999999996,3038.5,S2,dqn,2,14
0.0855568445475638,9822.919101591651,4,2575.3576468942765,2580.697058617846,S2,dqn,2,15
0.1062143310082435,8827.883333110634,3,2603.8999999999996,2784.5,S2,dqn,2,16
0.0986559908492994,9856.099999851716,2,2715.1499999363723,2797.5499999433823,S2,dqn,2,17
0.09603469640644362,9137.870280326384,6,2860.6883867099946,2981.69055107453,S2,dqn,2,18
0.11436855670103092,8626.549999940311,1,2223.909999988062,2238.0,S2,dqn,2,19
0.09352731591448932,9517.049382439023,4,2612.2598765169796,2637.0,S2,dqn,2,20
0.096051227321238,7906.1,0,1955.1,1993.5,S2,dqn,2,21
0.11717495987158909,8652.518977898579,3,2440.519999970108,2469.0,S2,dqn,2,22
0.11612692181877658,8550.699999935834,1,2100.6599999486666,2128.699999935833,S2,dqn,2,23
0.10740971357409713,8954.5,0,2570.2999999999997,2641.0,S2,dqn,2,24
0.11698717948717949,8665.765630752114,2,2544.438888873679,2560.5,S2,dqn,2,25
0.11926889714993805,8958.336841803586,4,2519.639999970097,2546.5499999626213,S2,dqn,2,26
0.10465116279069768,10800.549999940311,1,3184.1399999522478,3261.04999994031,S2,dqn,2,27
0.08499413833528723,9672.549999946154,1,2717.009999989231,2762.0,S2,dqn,2,28
0.12856639661852765,7844.68297466707,4,2404.200447636054,2574.238059571081,S2,dqn,2,29
0.09178593652769135,9117.992104999938,4,2452.0,2471.0,S2,dqn,2,30
0.11244608749229822,9013.0,0,2417.0,2451.0,S2,dqn,2,31
0.11208576998050682,8547.0,0,2456.1,2522.5,S2,dqn,2,32
0.1015942482025633,9015.07608679825,2,2427.31521735965,2478.5,S2,dqn,2,33
0.11120739456961294,9612.0,0,3067.6,3234.5,S2,dqn,2,34
0.10630758327427356,7910.366911584648,3,2161.8535293247555,2237.8169116559443,S2,dqn,2,35
0.10780669144981413,7511.5,0,2387.5,2613.0,S2,dqn,2,36
0.15227367542761786,6469.4,0,1711.8999999999999,1792.0,S2,dqn,2,37
0.10748835542816194,7826.709553748365,4,2488.307643164197,2523.109554024207,S2,dqn,2,38
0.07755618866729978,9010.309459162318,4,2873.0518918532744,3067.0,S2,dqn,2,39
0.1272430668841762,8425.049999939843,1,2378.039999951875,2393.549999939844,S2,dqn,2,40
0.09155645981688708,8302.5,0,2414.4,2433.0,S2,dqn,2,41
0.08250825082508251,8653.84999932312,7,2805.4499998979954,2984.5,S2,dqn,2,42
0.08905013192612138,8579.0,0,2716.6,2799.5,S2,dqn,2,43
0.08795074758135445,9738.137309858404,7,2997.669999924872,3052.5499999583785,S2,dqn,2,44
0.10143406785589366,7992.864450133499,2,2175.7,2303.0,S2,dqn,2,45
0.09596928982725528,8806.54999992451,1,2423.339999939608,2474.04999992451,S2,dqn,2,46
0.09216589861751152,8571.244444299646,2,2213.878888818679,2263.04999993125,S2,dqn,2,47
0.09963768115942029,9310.5,0,2353.8,2368.0,S2,dqn,2,48
0.10902896081771721,8168.049999936364,1,2580.239999949091,2746.0499999363637,S2,dqn,2,49
0.07771164021164022,8631.549999847857,2,2521.4999999795714,2626.5,S2,dqn,2,50
0.09200401472064236,8478.476272844136,4,2114.055254589638,2142.5,S2,dqn,2,51
0.09819201995012469,9047.274254580825,6,2394.783634460658,2412.114639240822,S2,dqn,2,52
0.0947867298578199,10134.512499755869,4,2518.409999804695,2571.0124997558687,S2,dqn,2,53
0.08664475649835673,9527.299999823063,3,2957.979999920672,3173.5999999008404,S2,dqn,2,54
0.09253640776699029,9268.549999928704,1,2944.5099999857407,3058.0,S2,dqn,2,55
0.10127931769722814,7881.556201435786,2,2259.944961148628,2328.556201435785,S2,dqn,2,56
0.09891512444160817,8816.0,0,2375.4,2396.5,S2,dqn,2,57
0.090625,9041.844736683404,2,2403.9757893467226,2418.3447366834034,S2,dqn,2,58
0.10930888575458392,7949.7,0,2457.7999999999997,2515.5,S2,dqn,2,59
0.11772400261608895,8562.726820690046,6,2499.3481234288383,2535.1879320930484,S2,dqn,2,60
0.10390818858560794,9014.599999816308,2,2842.719999963261,2981.5,S2,dqn,2,61
0.08658008658008658,9229.52044108006,8,2659.2553844823,2757.599999895238,S2,dqn,2,62
0.0847457627118644,8023.549999946154,1,2525.139999956923,2639.049999946154,S2,dqn,2,63
0.11122518822724162,8122.5,0,2233.5,2271.0,S2,dqn,2,64
0.10112009956440572,8993.4,0,2453.7999999999997,2563.0,S2,dqn,2,65
0.10829723425524825,8424.843999741019,4,2391.3187999771294,2483.0,S2,dqn,2,66
0.07322508755173511,8973.74999979826,2,2728.7999999999997,2807.5,S2,dqn,2,67
0.09356287425149701,7575.477482263978,6,2070.937884556694,2071.0,S2,dqn,2,68
0.08691025186236254,7989.091856402363,5,2644.6118903240113,2775.9991983594646,S2,dqn,2,69
0.11666666666666667,7509.045097762735,3,1955.3360782101884,1966.5450977627354,S2,dqn,2,70
0.10085978835978836,8476.507692144498,2,2479.0,2517.0,S2,dqn,2,71
0.08632362897765741,8351.5,0,2696.6,2915.0,S2,dqn,2,72
0.07960704607046071,8426.6999995016,4,2649.709999979189,2692.0,S2,dqn,2,73
0.06191432396251673,8635.945430095142,3,2238.2099999856073,2256.0,S2,dqn,2,74
0.09637373407383208,8610.0499999,1,2452.2,2480.0,S2,dqn,2,75
0.09360649947015189,7941.5,0,2510.9,2629.5,S2,dqn,2,76
0.0783368484483278,9452.325316201197,3,2591.1150632741133,2619.0,S2,dqn,2,77
0.10645604395604395,8115.5,0,2020.7,2035.5,S2,dqn,2,78
0.11476664116296863,7268.0,0,1870.3,1902.5,S2,dqn,2,79
0.09761388286334056,7787.287781844541,3,2175.5,2299.5,S2,dqn,2,80
0.08866481223922114,8225.7222982128,8,2203.782499695914,2244.9781246198922,S2,dqn,2,81
0.08166409861325115,9230.049999922223,1,2509.1,2524.5,S2,dqn,2,82
0.11042097998619738,8078.094736377219,4,2813.1589472754436,3098.0,S2,dqn,2,83
0.08381924198250729,7820.588485330564,4,2312.370788264451,2350.588485330564,S2,dqn,2,84
0.11232544019429265,9147.5,0,2492.5,2562.5,S2,dqn,2,85
0.0947075208913649,10135.600467045217,4,3033.080373751353,3129.8504671891915,S2,dqn,2,86
0.09635974304068523,7900.0,0,2234.0,2318.0,S2,dqn,2,87
0.09712230215827339,7794.049999926667,1,2174.6,2212.0,S2,dqn,2,88
0.09164969450101833,9722.599999818798,2,2874.2,2903.0,S2,dqn,2,89
0.10809987819732034,9148.7,0,2544.1,2610.5,S2,dqn,2,90
0.08399646330680813,9628.0,0,2394.4,2400.5,S2,dqn,2,91
0.10281014393420151,8187.247916618764,1,2146.449583323753,2185.5,S2,dqn,2,92
0.11356843992827256,9276.049999956984,1,2752.6399999655864,2845.0499999569834,S2,dqn,2,93
0.14775629332360452,7405.5,0,2080.3,2105.5,S2,dqn,2,94
0.14856738592147153,7680.3,0,2830.0,3101.5,S2,dqn,2,95
0.1099246231155779,8877.860869509905,1,2515.8,2557.5,S2,dqn,2,96
0.1483216237314598,6951.8,0,2125.7799999999997,2237.5,S2,dqn,2,97
0.15595283377710156,7127.891826489214,5,2090.4183651956164,2198.749999801418,S2,dqn,2,98
0.11078527207559466,8563.215384510657,2,2754.1430769021313,2927.0,S2,dqn,2,99
0.08325328210054435,8871.0,0,2306.7,2334.5,S2,dqn,2,100
0.0937062937062937,10064.0,0,2805.0,2949.5,S2,dqn,2,101
0.13558201058201058,8259.821739086767,1,2280.2,2344.0,S2,dqn,2,102
0.14619883040935672,6526.219064547803,2,1896.5352516382427,1944.9190645478034,S2,dqn,2,103
0.12737771739130435,8140.1531042028555,4,2977.966506516525,3272.045633156351,S2,dqn,2,104
0.1355479190530737,7193.349999926667,1,2182.7999999999997,2318.0,S2,dqn,2,105
0.0998263888888889,9693.5,0,2877.1,2922.5,S2,dqn,2,106
0.12048192771084337,8968.549999932457,1,2552.1,2637.5,S2,dqn,2,107
0.12522045855379188,7873.57950217222,5,2330.587540822952,2404.88442616898,S2,dqn,2,108
0.10757575757575757,9237.199999778852,4,2564.5199998683756,2678.6499998354698,S2,dqn,2,109
0.14011208967173738,6816.749999451157,3,2016.2199995609253,2086.649999451157,S2,dqn,2,110
0.10862516212710766,8619.899999752999,3,2374.039999802399,2400.7999997529987,S2,dqn,2,111
0.1191151446398185,9803.151981026702,5,2567.3050631875044,2577.8563290088373,S2,dqn,2,112
0.12422360248447205,8418.0,0,2402.4,2508.5,S2,dqn,2,113
0.1019690576652602,8021.84999989,1,2163.109999978,2169.5,S2,dqn,2,114
0.0946854001221747,9215.04999993937,1,2490.809999987874,2511.0,S2,dqn,2,115
0.12681719764924218,8961.984775445835,6,2463.4,2464.0,S2,dqn,2,116
0.10838831291234684,8889.099999845861,2,2641.039999936495,2710.5499999206186,S2,dqn,2,117
0.10853180584865843,9320.393463701485,6,2818.8999998478776,2868.9499998263,S2,dqn,2,118
0.12709237445753255,8900.099999870507,2,2694.2999999999997,2755.0,S2,dqn,2,119
0.12848353239232718,7601.149999936885,1,2070.18,2169.0,S2,dqn,2,120
0.09900990099009901,8888.993741831324,8,2975.0799999202577,3168.5999999003225,S2,dqn,2,121
0.1437976437976438,7893.90522851428,4,2228.0941828466907,2299.3552285730584,S2,dqn,2,122
0.10471976401179942,9469.5,0,3152.1,3309.0,S2,dqn,2,123
0.1278772378516624,8646.466666357432,4,2144.3733330859454,2160.4666663574317,S2,dqn,2,124
0.10358094110683634,9435.0,0,2773.0,2817.0,S2,dqn,2,125
0.14453961456102785,7647.149999594163,3,1739.1299999188327,1742.5,S2,dqn,2,126
0.1379654255319149,8282.092747850611,4,2401.3141983402943,2558.892747925368,S2,dqn,2,127
0.1474382602285293,7427.470587962659,3,2295.3841176117817,2307.0,S2,dqn,2,128
0.11991164405175134,8877.387916692498,8,2406.2390221474807,2462.3190645985674,S2,dqn,2,129
0.09834050399508297,9179.005882144344,3,2584.6911764508686,2608.0,S2,dqn,2,130
0.12227805695142378,8310.64999964952,3,2268.9499999372374,2323.549999938889,S2,dqn,2,131
0.11778563015312132,9407.5,0,2479.6,2496.5,S2,dqn,2,132
0.14105058365758755,8388.5,0,2278.2,2345.5,S2,dqn,2,133
0.1156611441075336,8901.049999948667,1,2528.4099999897335,2535.0,S2,dqn,2,134
0.15384615384615385,8269.099999861068,2,2141.1799998888546,2192.599999861068,S2,dqn,2,135
0.14868025392582693,8129.5,0,2233.4,2338.5,S2,dqn,2,136
0.14362057448229792,8185.749999492133,6,2374.1499998984264,2383.0,S2,dqn,2,137
0.1269331777064488,9466.328488116162,4,2770.8299998930156,2898.8999998933823,S2,dqn,2,138
0.13183915622940012,8378.39399962488,5,2446.6099999898684,2508.5,S2,dqn,2,139
0.16450822541127055,7660.049999898684,1,2093.2399999189474,2138.0499998986843,S2,dqn,2,140
0.1286072772898369,8780.59999986632,2,2036.309999982889,2051.0,S2,dqn,2,141
0.11010362694300518,8653.199999551114,4,2478.6499999116663,2560.5499999125,S2,dqn,2,142
0.13669501822600244,9037.549999956742,1,2362.7,2369.5,S2,dqn,2,143
0.12322754895340986,8207.549999949006,1,2618.4099999898012,2695.0,S2,dqn,2,144
0.1523545706371191,6863.299999675495,3,1731.23999990375,1737.5499998796874,S2,dqn,2,145
0.12245547073791349,8703.5,0,2421.4,2492.5,S2,dqn,2,146
0.14056881333769206,8378.0,0,2203.0,2233.5,S2,dqn,2,147
0.1488970588235294,7457.329104677469,5,1994.1942186558658,2039.9927733198324,S2,dqn,2,148
0.1397613065326633,8669.5,0,2429.2,2475.0,S2,dqn,2,149
0.1601141407736208,8517.599999872442,2,2404.2399999566196,2444.5499999457747,S2,dqn,2,150
0.14140451223387354,8680.543659808814,11,2494.8636780964966,2542.124910167934,S2,dqn,2,151
0.14079895219384414,8386.099999868626,2,2328.519999973725,2381.0,S2,dqn,2,152
0.12407347728005157,8574.838099484696,2,2282.867619896939,2311.0,S2,dqn,2,153
0.1320025756600129,8563.413636240006,2,2567.1,2687.0,S2,dqn,2,154
0.14941690962099125,7443.5,0,2158.6,2205.5,S2,dqn,2,155
0.1364522417153996,8461.24999995674,1,2702.239999965393,2859.5499999567414,S2,dqn,2,156
0.1282442748091603,9081.185021273634,5,2723.808721375819,2897.748401739826,S2,dqn,2,157
0.11122697254084116,8093.707065349985,6,2455.273193597267,2550.386300878783,S2,dqn,2,158
0.13252260679763017,8851.909291704755,2,2520.1,2571.5,S2,dqn,2,159
0.13710879284649777,9267.050633428393,7,2790.7,2876.0,S2,dqn,2,160
0.13977514433302948,9012.449999934746,1,2767.4,2859.5,S2,dqn,2,161
0.1533272002453235,8848.564285545013,2,2516.0928571090026,2623.5,S2,dqn,2,162
0.14729299363057324,6850.599999820457,2,1828.7399999526153,1866.5499999407693,S2,dqn,2,163
0.1351813826146475,8084.319155820941,9,2396.9045096263335,2479.7999997959623,S2,dqn,2,164
0.137,8343.438419540566,7,2397.1899998868676,2486.599999886085,S2,dqn,2,165
0.12629336579427874,9032.5,0,2449.3,2453.0,S2,dqn,2,166
0.15107682417229187,8480.883999724645,4,2432.4771998283477,2491.833999805698,S2,dqn,2,167
0.14318255776114547,8442.495454489706,1,2221.7763635917654,2245.5954544897068,S2,dqn,2,168
0.12978790756568534,8693.74999993125,1,2303.699999945,2358.74999993125,S2,dqn,2,169
0.1804757998359311,6481.743113442905,3,1772.1,1808.5,S2,dqn,2,170
0.16037420648179085,8111.249999803182,2,2283.8,2332.0,S2,dqn,2,171
0.1493323963457484,7814.377173512941,5,2493.2399999495083,2505.0499999368853,S2,dqn,2,172
0.15247776365946633,8528.0,0,2427.1,2503.0,S2,dqn,2,173
0.17088399605652316,8176.017494827709,6,2641.0934989930415,2719.0,S2,dqn,2,174
0.14142049025769957,8659.099999870197,2,2542.5,2647.5,S2,dqn,2,175
0.1689419795221843,7825.0,0,2104.5,2107.0,S2,dqn,2,176
0.12958280657395702,8752.0,0,2443.2,2551.0,S2,dqn,2,177
0.1504297994269341,7623.482638744502,2,2112.1965277489003,2170.0,S2,dqn,2,178
0.11579285944033452,8641.549999902532,1,2242.2,2282.5,S2,dqn,2,179
0.1299566811062979,8281.5,0,2419.0,2468.0,S2,dqn,2,180
0.12595293337752733,8365.718103384757,1,2446.7,2534.0,S2,dqn,2,181
0.1553398058252427,8336.049999943796,1,2180.0,2217.5,S2,dqn,2,182
0.1445177505497958,8675.249999895257,2,2460.7999999162057,2546.749999895257,S2,dqn,2,183
0.14905149051490515,8049.049999472914,4,2365.449999948805,2497.0,S2,dqn,2,184
0.12341772151898735,8796.5499999615,1,2484.1,2557.0,S2,dqn,2,185
0.1296126867947545,9092.599999785843,2,2413.1,2470.0,S2,dqn,2,186
0.10431758910460737,9729.863194098381,5,2725.332638732659,2772.0999998549705,S2,dqn,2,187
0.1350121359223301,9093.441458799278,5,2878.193167984199,2880.491459980249,S2,dqn,2,188
0.15001500150015,9117.4125673262,5,2517.366922922843,2554.5,S2,dqn,2,189
0.17412935323383086,6996.449999725,1,2029.6,2086.5,S2,dqn,2,190
0.11992893100384958,9362.599999890155,2,2460.2499999413644,2499.549999938889,S2,dqn,2,191
0.18622780424426158,6148.549999703846,1,1718.8999999999999,1757.0,S2,dqn,2,192
0.16899338721528287,7268.0,0,2009.8,2094.0,S2,dqn,2,193
0.13418903150525088,9414.24999990682,2,2926.9999999254555,3022.2499999068195,S2,dqn,2,194
0.14364105874757907,8503.587292680006,3,2788.929834167818,2990.6872927196955,S2,dqn,2,195
0.12264150943396226,8802.0,0,2212.0,2269.5,S2,dqn,2,196
0.1426653239342061,8208.801904187441,6,2295.4386664752933,2389.5733331407673,S2,dqn,2,197
0.1484975541579315,7798.859722103043,2,2350.154444437452,2378.5,S2,dqn,2,198
0.15179224579370884,7427.5,0,2209.2,2273.5,S2,dqn,2,199
0.141804788213628,7463.249999900214,2,1728.239999949091,1761.0499999363637,S2,dqn,2,200
0.13097345132743363,7835.916666500504,3,2095.2999999999997,2196.5,S2,dqn,2,201
0.18767849857201144,6478.349992048962,3,1852.5499998934495,1881.5499999060976,S2,dqn,2,202
0.1315356790529431,8364.649240579383,3,2405.2193924635067,2504.6492405793833,S2,dqn,2,203
0.15302491103202848,7620.0,0,2053.5,2087.5,S2,dqn,2,204
0.16429539295392953,7931.999999744276,4,2456.1999997954204,2581.4999997442756,S2,dqn,2,205
0.1595744680851064,7649.9499999384,1,2063.41999995072,2135.5499999384,S2,dqn,2,206
0.12319316688567675,8466.549999945775,1,2439.4,2500.5,S2,dqn,2,207
0.13521634615384615,9214.622602596117,3,2271.8280821413996,2275.5226026905984,S2,dqn,2,208
0.13806706114398423,8330.449999936363,1,2211.4,2253.0,S2,dqn,2,209
0.15337423312883436,8433.699999671233,4,2093.8399999503226,2110.549999937903,S2,dqn,2,210
0.15571473061351604,8688.629411602677,2,2382.863529366525,2437.5794117081564,S2,dqn,2,211
0.1496218349227228,8271.0,0,2594.7,2615.0,S2,dqn,2,212
0.14717273431448488,7025.67228903883,2,2002.434457807766,2030.0,S2,dqn,2,213
0.1548520302821748,7855.0,0,2452.2999999999997,2610.0,S2,dqn,2,214
0.13371699390656736,8191.566442802799,2,2304.003288581656,2345.5,S2,dqn,2,215
0.14049877063575694,7810.0,0,1869.1,1882.5,S2,dqn,2,216
0.13490725126475547,8131.3,0,2452.6,2484.5,S2,dqn,2,217
0.12409676405906378,8775.4,0,2504.4,2573.5,S2,dqn,2,218
0.1454242928452579,8164.1303737665385,1,2412.9,2414.0,S2,dqn,2,219
0.14748831775700935,9281.0,0,2511.6,2564.0,S2,dqn,2,220
0.11201298701298701,8551.949999938888,1,2573.6,2671.5,S2,dqn,2,221
0.1497005988023952,9497.5,0,2513.4,2567.0,S2,dqn,2,222
0.12554927809165098,8820.149999959896,1,2845.209999991979,2920.5,S2,dqn,2,223
0.12846865364850976,8122.256627987015,6,2386.105302389612,2475.2566279870152,S2,dqn,2,224
0.1330603889457523,8086.7256609791375,6,2128.3450819087343,2159.918852401075,S2,dqn,2,225
0.13963821009203428,8591.0,0,2383.5,2475.5,S2,dqn,2,226
0.13298685417303577,8997.454216763676,2,2979.2008433650553,3003.5,S2,dqn,2,227
0.12387791741472172,7680.536842017278,1,1807.6073684034557,1830.0,S2,dqn,2,228
0.135678391959799,8212.286792255802,3,2408.6573584511602,2432.5,S2,dqn,2,229
0.1154577560445531,10231.5,0,2919.5,3061.0,S2,dqn,2,230
0.1693548387096774,8328.549999923,1,2264.5399999384,2321.049999923,S2,dqn,2,231
0.13372093023255813,9458.033823453045,2,2610.6870587955536,2658.983823494442,S2,dqn,2,232
0.14611546685673557,7621.049999828889,1,2189.809999965778,2289.0,S2,dqn,2,233
0.13793103448275862,8779.879032056386,2,2490.8299999825,2552.4,S2,dqn,2,234
0.13408010862186015,8107.9,0,2601.2999999999997,2756.0,S2,dqn,2,235
0.14023060143346838,8801.1,0,2946.1,3043.5,S2,dqn,2,236
0.16346477923828784,7996.78684164896,6,2194.4273683833717,2222.0,S2,dqn,2,237
0.12030075187969924,9234.5,0,2619.2999999999997,2679.0,S2,dqn,2,238
0.13278533038254822,8709.261530525817,3,3026.0423076451616,3262.5,S2,dqn,2,239
0.12919896640826872,9622.038888721945,3,2471.601111018441,2516.4888887900865,S2,dqn,2,240
0.18074324324324326,7823.549999854717,1,2588.8099999709434,2790.0,S2,dqn,2,241
0.12255617157864021,9485.59999968865,2,2639.3,2669.0,S2,dqn,2,242
0.16933382954968365,7200.099707559943,1,1784.8797660479545,1812.5997075599432,S2,dqn,2,243
0.16990291262135923,7695.0,0,2209.2,2331.5,S2,dqn,2,244
0.12720488466757124,8181.528735408939,3,2854.362988471362,3123.8287355892026,S2,dqn,2,245
0.1414027149321267,7234.0,0,2017.2,2042.5,S2,dqn,2,246
0.1465576005453306,8053.583325280097,7,2215.7366649998207,2310.599999886743,S2,dqn,2,247
0.11283704572098475,9570.549999875806,1,2829.9,2929.5,S2,dqn,2,248
0.0902583255524432,9051.0,0,2254.7,2303.5,S2,dqn,2,249
0.09078590785907859,10472.285185073266,2,2980.8999999999996,3163.0,S2,dqn,2,250
0.16129032258064516,7405.5,0,2080.4,2098.5,S2,dqn,2,251
0.13527758257203093,7833.381456396474,5,2498.796291233552,2561.6999999237623,S2,dqn,2,252
0.12693702604681834,8390.716666473398,3,2130.9233332655504,2147.6999999318587,S2,dqn,2,253
0.08620689655172414,8713.71521713702,3,2589.5,2592.5,S2,dqn,2,254
0.14248280379954142,8347.799999809375,3,2128.6799998979914,2131.599999872489,S2,dqn,2,255
0.16989404457435148,7316.549999918947,1,2002.8999999999999,2078.5,S2,dqn,2,256
0.17172086225794667,7306.149999901282,1,1949.6099999802564,1997.5,S2,dqn,2,257
0.13209393346379647,8439.696043114058,1,2425.9968344912454,2484.496043114057,S2,dqn,2,258
0.17918676774638181,7700.049999922222,1,1914.1099999844444,1922.0,S2,dqn,2,259
0.07475365273530411,8467.749999840311,2,2433.149999968062,2506.0,S2,dqn,2,260
0.13945578231292516,8099.049999933043,1,2025.5099999866086,2029.5,S2,dqn,2,261
0.14445955132562882,8066.902072145753,4,2064.7,2065.0,S2,dqn,2,262
0.09969584319026699,8356.399879431036,7,2520.1281738579432,2622.660217322429,S2,dqn,2,263
0.14184397163120568,7734.383823284457,2,2018.3367646568913,2054.5,S2,dqn,2,264
0.09506286415210058,9211.59999988537,2,2412.1199999770743,2431.0,S2,dqn,2,265
0.15352959797404242,8595.175804487766,4,2519.806028288794,2543.1181123187343,S2,dqn,2,266
0.11755485893416928,8866.792220140218,4,2756.1584440280435,2841.5,S2,dqn,2,267
0.0847457627118644,8604.122271827617,6,2234.964615233427,2255.330769041784,S2,dqn,2,268
0.1459241865145924,8139.9076920522375,4,2421.951538420714,2504.0,S2,dqn,2,269
0.09213936078318456,9849.969230614839,3,2727.7753844918707,2767.4692306148386,S2,dqn,2,270
0.13429106808244848,8811.790598120468,3,3023.272478496374,3185.590598120468,S2,dqn,2,271
0.11800840607824119,8615.530555150157,5,2392.2011109756672,2431.4888887358975,S2,dqn,2,272
0.11785095320623917,7972.0,0,2204.8,2232.5,S2,dqn,2,273
0.08134130146082337,8602.049999920619,1,2505.3,2508.5,S2,dqn,2,274
0.12312811980033278,8298.2,0,2382.56,2501.7,S2,dqn,2,275
0.1145402481705377,8786.766666340158,4,2092.049999957148,2108.5,S2,dqn,2,276
0.14769900497512436,8782.937335322184,4,2730.1118918714,2808.0,S2,dqn,2,277
0.14177428411005052,9695.0,0,2830.7999999999997,2925.0,S2,dqn,2,278
0.08873830267828332,8853.241085050091,7,2750.420869452357,2900.276086815446,S2,dqn,2,279
0.10245901639344263,8948.16282025907,3,2686.792563951199,2844.0999998323095,S2,dqn,2,280
0.11280584683825866,8729.5,0,2481.5,2506.0,S2,dqn,2,281
0.18689925240299038,7401.649999952469,1,2000.2399999619752,2008.049999952469,S2,dqn,2,282
0.07183098591549296,10144.599999873792,2,2716.3,2729.5,S2,dqn,2,283
0.15311004784688995,8461.5,0,2454.1,2465.5,S2,dqn,2,284
0.1117952041477641,8573.549999937903,1,2465.7399999503223,2592.049999937903,S2,dqn,2,285
0.1429889298892989,8892.037837560454,5,2374.990270113895,2378.9878376423685,S2,dqn,2,286
0.11340505961035184,9602.441880104783,4,2801.073504161454,2893.9418802341625,S2,dqn,2,287
0.1077254539858418,9056.0,0,2522.9,2644.0,S2,dqn,2,288
0.15114235500878734,7780.322320112589,4,2156.2644640225176,2259.0,S2,dqn,2,289
0.13590604026845637,8158.144443849058,2,2607.48,2688.0,S2,dqn,2,290
0.12664315485732608,8615.0,0,2350.2,2385.5,S2,dqn,2,291
0.11491181186531267,10457.574764342842,8,3286.2349528589316,3465.5499999592594,S2,dqn,2,292
0.11118272639381244,8629.4,0,2689.5,2758.5,S2,dqn,2,293
0.12022630834512023,7854.734831292211,2,2324.7999999999997,2416.0,S2,dqn,2,294
0.12960649594003748,8819.535134832111,5,2933.2270269959677,3032.0,S2,dqn,2,295
0.13491808544812078,8530.049999934745,1,2269.7,2301.5,S2,dqn,2,296
0.12347711557458017,8380.54999993063,1,2440.9399999445045,2467.5499999306307,S2,dqn,2,297
0.12945476698141944,9034.549999922223,1,2296.0,2305.5,S2,dqn,2,298
0.12058823529411765,9470.549999951265,1,2717.4099999902533,2786.0,S2,dqn,2,299
0.14877102199223805,8416.299999214978,6,2131.929999948112,2173.5,S2,dqn,2,300
0.11783327470981357,7914.5499997148145,1,2117.7999999999997,2176.5,S2,dqn,2,301
0.09686038744154976,8417.240439077294,3,2131.2480878154583,2152.5,S2,dqn,2,302
0.13138686131386862,7554.0,0,2379.6,2489.0,S2,dqn,2,303
0.10049474335188621,9103.128846002412,3,2435.059999965778,2456.699999957222,S2,dqn,2,304
0.1506979695431472,8597.749999786263,2,2593.2499999572524,2673.0,S2,dqn,2,305
0.10107391029690461,8879.857470987577,3,2251.9059769447585,2254.2574711809484,S2,dqn,2,306
0.13621557595498965,9233.549999949006,1,3004.2999999999997,3176.0,S2,dqn,2,307
0.1680827484299963,7244.823584839872,1,1896.2647169679742,1944.0,S2,dqn,2,308
0.1337943475646422,9140.093577663305,3,2673.978715545937,2739.0,S2,dqn,2,309
0.1359463276836158,7775.54999993,1,2187.2,2191.0,S2,dqn,2,310
0.1113776559287183,8143.5,0,2450.9,2528.0,S2,dqn,2,311
0.09472049689440994,9124.916666458726,3,2831.793333233938,2982.3666665424225,S2,dqn,2,312
0.11433597185576078,9549.14999965866,4,2538.6799997754324,2575.5999997192903,S2,dqn,2,313
0.1718927087268606,7036.849999857407,1,2190.1399998859256,2252.5499998574073,S2,dqn,2,314
0.14629049111807732,7845.5,0,2258.1,2358.5,S2,dqn,2,315
0.14108352144469527,7236.1,0,1921.3,2000.5,S2,dqn,2,316
0.14172709294660515,8312.949999862978,2,2353.4599999468965,2398.199999933621,S2,dqn,2,317
0.12975471027372912,7790.98474229117,7,1962.575382306607,1974.4434214764538,S2,dqn,2,318
0.07931929622151716,9916.810188441976,7,2684.570256243802,2701.7128203047523,S2,dqn,2,319
0.061079063454360365,8502.144117567128,1,2410.528823513426,2425.5,S2,dqn,2,320
0.1554550593555681,9548.5,0,2914.7999999999997,2987.0,S2,dqn,2,321
0.09564126685481342,8968.899999948666,1,2819.2399999897334,2922.5,S2,dqn,2,322
0.11627906976744186,8873.099999860402,2,2439.439999946435,2479.0499999330436,S2,dqn,2,323
0.15592203898050974,9127.69999969517,5,2282.0399998802313,2300.749999860161,S2,dqn,2,324
0.1225854383358098,7512.498333111714,3,2073.444666587051,2114.408333274514,S2,dqn,2,325
0.1537042729787888,8820.352427071673,2,2731.200485387158,2844.049999954706,S2,dqn,2,326
0.16285516285516285,7792.336549153387,3,2022.1,2072.5,S2,dqn,2,327
0.15515515515515516,8157.917592194976,5,2350.7999999999997,2413.5,S2,dqn,2,328
0.11960969468051622,8790.1,0,2264.0,2312.0,S2,dqn,2,329
0.14232673267326731,8893.177822835027,4,2811.6422582680207,2930.677822835026,S2,dqn,2,330
0.14469453376205788,8471.0,0,2132.0,2136.0,S2,dqn,2,331
0.11153846153846154,7273.565642327492,6,1998.567646833116,2021.6970585705617,S2,dqn,2,332
0.061989718778348954,9509.598952790675,3,2853.9983332950114,2989.7479166187645,S2,dqn,2,333
0.1402524544179523,9727.049999935833,1,2732.6099999871667,2770.0,S2,dqn,2,334
0.14039685511044553,7338.749999562379,4,2231.1499999383104,2289.5499999412214,S2,dqn,2,335
0.17534537725823593,7513.5,0,2073.6,2082.0,S2,dqn,2,336
0.124036205162588,8344.586763245701,5,2051.4706117930423,2061.9632647413027,S2,dqn,2,337
0.18022657054582905,7864.06115868289,10,2343.9624880527144,2450.983760526894,S2,dqn,2,338
0.07528905619790266,10673.049999960513,1,3151.53999996841,3216.0499999605127,S2,dqn,2,339
0.17340007150518413,7489.1,0,2203.98,2268.6,S2,dqn,2,340
0.14149581287900664,9439.0,0,2630.7,2638.0,S2,dqn,2,341
0.15682656826568267,8841.749999383688,5,2605.869999896816,2698.0499999347458,S2,dqn,2,342
0.11068943706514864,8832.249999823503,2,2163.8699999054697,2192.199999901282,S2,dqn,2,343
0.09215219976218787,9530.336961283767,6,2748.3052380854747,2851.5,S2,dqn,2,344
0.15203915171288743,8357.4,0,2506.0,2548.0,S2,dqn,2,345
0.1365946632782719,8587.049999925242,1,2769.3099999850483,2940.0,S2,dqn,2,346
0.13934129569308723,7534.9,0,2224.5,2263.0,S2,dqn,2,347
0.14195056780227122,8208.599999756763,2,2347.8499999128526,2404.0499999358335,S2,dqn,2,348
0.1841556636553162,7669.199999555578,4,2040.2,2066.0,S2,dqn,2,349
0.12836568566061365,8792.20465106862,2,2482.709999989078,2488.0,S2,dqn,2,350
0.1561065197428834,8879.199999923763,1,2276.7,2295.0,S2,dqn,2,351
0.11508072827207146,8078.5499999393705,1,2381.009999987874,2465.0,S2,dqn,2,352
0.09628802679319007,10074.922042890194,2,2883.4399999906664,3068.5,S2,dqn,2,353
0.13043478260869565,9190.099999791191,2,2417.2399999323075,2502.0499999153844,S2,dqn,2,354
0.1393596986817326,7281.149999841033,3,2209.259999936563,2341.0499999472604,S2,dqn,2,355
0.1375186846038864,9166.14999981537,3,2592.5,2623.5,S2,dqn,2,356
0.12987012987012986,9367.871853468012,7,2461.073319561795,2500.4666494522435,S2,dqn,2,357
0.10761323482171539,8673.549999949342,1,2396.3399999594735,2517.0499999493422,S2,dqn,2,358
0.14637391882900866,8156.0,0,2357.0,2440.0,S2,dqn,2,359
0.12089810017271158,8052.094366152574,5,2268.9388732201005,2297.049999950955,S2,dqn,2,360
0.1388888888888889,8561.5,0,2674.7999999999997,2775.0,S2,dqn,2,361
0.08976377952755905,8976.54999993063,1,2565.0,2662.0,S2,dqn,2,362
0.0910212897253934,9246.08597409544,8,2327.490630584258,2347.0,S2,dqn,2,363
0.11163734776725305,8237.0,0,2194.1,2235.0,S2,dqn,2,364
0.14207463197535092,7994.199999851923,1,2415.0599998815383,2479.699999851923,S2,dqn,2,365
0.13591936469150886,9019.056409690673,7,2159.749999906786,2174.0,S2,dqn,2,366
0.12813129858911604,9579.049999935833,1,2798.439999948667,2897.5499999358335,S2,dqn,2,367
0.17359917497421795,7750.549999954438,1,1998.8099999908875,2023.5,S2,dqn,2,368
0.07462686567164178,8761.0,0,2370.2,2415.5,S2,dqn,2,369
0.0859504132231405,8626.408295147816,9,2459.6466367624466,2466.0582959530584,S2,dqn,2,370
0.1399384270920795,9799.149999720748,3,2711.0199999661495,2800.5,S2,dqn,2,371
0.15084621044885946,7467.0499999125,1,1921.13999993,1966.5499999125,S2,dqn,2,372
0.09268292682926829,8695.799999764979,3,2676.8899999313053,2811.0499999638496,S2,dqn,2,373
0.08459944751381215,8196.6,0,2281.0,2319.0,S2,dqn,2,374
0.08321167883211679,9775.573584667343,4,2575.238867777874,2594.4235847223426,S2,dqn,2,375
0.10385756676557864,7690.059277886184,6,1893.971855489037,1906.099999853,S2,dqn,2,376
0.16122766122766122,6933.549999919792,1,1884.9,1912.5,S2,dqn,2,377
0.08251404494382023,8177.181641576521,8,2500.4063282898496,2580.3499999575756,S2,dqn,2,378
0.1240489579887529,8387.459136814523,4,2246.1099999864914,2248.0,S2,dqn,2,379
0.06574923547400612,9391.69999989197,2,2571.6399999543705,2601.549999942963,S2,dqn,2,380
0.18592297476759628,8077.112126796433,10,2535.903853938307,2632.0499999457747,S2,dqn,2,381
0.11971393034825871,8995.510945268587,3,2588.7921890763646,2614.0,S2,dqn,2,382
0.09697977279024661,10151.049999962803,1,2689.1,2706.5,S2,dqn,2,383
0.13465553235908143,7916.899999611089,4,2226.5099999826966,2234.0,S2,dqn,2,384
0.16002510197678066,8585.049999908333,1,2551.6099999816665,2656.0,S2,dqn,2,385
0.14499837080482242,8364.466666431541,2,2393.7,2531.5,S2,dqn,2,386
0.13828464885021752,8805.792846435426,5,2406.848569300835,2420.0,S2,dqn,2,387
0.10224606101240362,8353.172289028365,2,2155.0,2232.0,S2,dqn,2,388
0.12677798392084105,9068.029565386538,12,2504.8457389878686,2512.0446737446573,S2,dqn,2,389
0.10351317440401506,8985.41853104938,3,2603.823706209876,2668.5,S2,dqn,2,390
0.1088929219600726,7670.260975385623,2,2165.6887803558834,2257.6109754448544,S2,dqn,2,391
0.11349878934624698,9231.34437808121,6,2714.4199996323823,2873.6499995404783,S2,dqn,2,392
0.12303906490310673,9094.167195894834,11,2748.338218582462,2923.7416664253,S2,dqn,2,393
0.10207496653279786,8416.799999431583,6,2188.4199999619755,2195.5,S2,dqn,2,394
0.17196261682242991,7110.0,0,2025.5,2097.0,S2,dqn,2,395
0.11426091987272201,9627.5,0,2689.9,2730.0,S2,dqn,2,396
0.09455128205128205,8838.834482654609,2,2460.1275861658787,2526.2844827073486,S2,dqn,2,397
0.14628888204496457,8823.666666517205,2,2580.7999999999997,2670.0,S2,dqn,2,398
0.1875,6843.578615116843,4,2177.522892093474,2197.278615116843,S2,dqn,2,399
0.14263074484944532,8666.5,0,2417.5,2463.5,S2,dqn,2,400
0.11476426799007444,9074.808744335372,10,2709.213837721132,2854.6297971684508,S2,dqn,2,401
0.169839492347891,7281.949999822137,3,1992.2199999054617,2071.399999881827,S2,dqn,2,402
0.11725796752856284,9229.0,0,2471.6,2552.0,S2,dqn,2,403
0.13649615690432018,10366.549999945775,1,2737.2099999891548,2785.0,S2,dqn,2,404
0.09181969949916527,8585.699999746485,4,2400.529999831409,2415.1499998035206,S2,dqn,2,405
0.14638447971781304,7762.872288535214,6,2116.9499999022814,2230.0499999025315,S2,dqn,2,406
0.11268079381096535,8308.549999703846,1,1978.3,1990.0,S2,dqn,2,407
0.11465892597968069,9607.768815804982,6,2523.1999999054033,2566.249999881754,S2,dqn,2,408
0.12478031634446397,7886.5499998625,1,2447.7999999999997,2619.5,S2,dqn,2,409
0.15146415348367553,8051.049999949673,1,2092.6099999899347,2143.0,S2,dqn,2,410
0.15276779295470885,7508.5,0,2198.7,2254.5,S2,dqn,2,411
0.14963387456224134,8529.243717241394,1,2296.448743448279,2396.0,S2,dqn,2,412
0.11095700416088766,8018.0,0,2215.2,2271.0,S2,dqn,2,413
0.1372369624885636,8967.0,0,2676.2,2852.0,S2,dqn,2,414
0.1411764705882353,8103.1,0,2258.9,2352.5,S2,dqn,2,415
0.16745602165087956,7959.099999890443,2,2094.079999912354,2148.0999998904426,S2,dqn,2,416
0.12375386730835339,8029.9,0,2369.3999999999996,2545.0,S2,dqn,2,417
0.11950904392764858,8589.049999960715,1,3048.839999968571,3372.5499999607146,S2,dqn,2,418
0.16188251001335113,8025.5,0,2342.9,2453.0,S2,dqn,2,419
0.11475409836065574,8553.312499215272,10,2059.1999996024956,2079.612499524873,S2,dqn,2,420
0.12435547467394602,9113.485368899663,3,2473.7751898381316,2500.9689872976646,S2,dqn,2,421
0.18763796909492272,7181.6,0,2348.2999999999997,2533.0,S2,dqn,2,422
0.15862944162436549,8505.7,0,2366.1,2385.0,S2,dqn,2,423
0.15360169491525424,7779.183332807898,4,2538.5,2662.5,S2,dqn,2,424
0.11103853690398433,8532.0,0,2388.0,2393.5,S2,dqn,2,425
0.09040760036775973,9202.5,0,2476.1,2561.0,S2,dqn,2,426
0.13051146384479717,7767.9,0,2177.92,2269.5,S2,dqn,2,427
0.10980006555227795,8512.5,0,2172.1,2204.0,S2,dqn,2,428
0.1336044147545745,9514.24999981979,2,3250.4099999799996,3538.0,S2,dqn,2,429
0.13271028037383178,7395.344085683153,5,2232.228817145964,2242.0,S2,dqn,2,430
0.14260249554367202,9249.610975361225,3,2476.488780443831,2495.6109755547886,S2,dqn,2,431
0.16084558823529413,5989.164102764992,9,1752.3808537453076,1818.8510671816346,S2,dqn,2,432
0.13120455263989883,8674.5,0,2647.7999999999997,2848.5,S2,dqn,2,433
0.1658206429780034,7940.8,0,2221.8,2275.0,S2,dqn,2,434
0.14617095646647602,8650.904706517227,8,2559.7936665495076,2673.8337498670103,S2,dqn,2,435
0.08648076244264032,8046.478488046864,3,2515.952790573374,2655.428488273335,S2,dqn,2,436
0.10955056179775281,9945.599999905873,2,2549.279999924699,2555.0999999058736,S2,dqn,2,437
0.15592151366503154,7803.889610539314,7,2309.631688431451,2372.589610539314,S2,dqn,2,438
0.09984152139461172,8887.234575533867,7,2877.080993961676,3057.890131424838,S2,dqn,2,439
0.11170688114387846,9365.049999925242,1,2516.7099999850484,2597.5,S2,dqn,2,440
0.08541914978148589,7134.5,0,2067.1,2186.5,S2,dqn,2,441
0.16787658802177857,8881.5,0,2422.6,2431.0,S2,dqn,2,442
0.22062815044590928,6796.749772702253,12,1920.5468773994044,1973.9615380074754,S2,dqn,2,443
0.12622278321236982,8816.967815782396,5,2525.573563124178,2566.6333332794975,S2,dqn,2,444
0.10935023771790808,8796.0,0,2328.5,2354.0,S2,dqn,2,445
0.12159814707585408,9572.142133138515,3,3024.283706544291,3096.092133194313,S2,dqn,2,446
0.08917775090689238,9392.5,0,2719.4,2737.0,S2,dqn,2,447
0.15977127480659267,8116.6034502823495,6,2104.4227602258798,2164.4034502823497,S2,dqn,2,448
0.20221904080171796,7323.799999834975,2,1868.379999966995,1904.7,S2,dqn,2,449
0.15367553865652725,8661.118548104936,5,2439.6337095767585,2554.0999998878206,S2,dqn,2,450
0.09090909090909091,8868.83763037626,4,2797.067526075252,2921.5,S2,dqn,2,451
0.1617873651771957,7046.099999788825,2,1858.0499999000149,1882.04999990375,S2,dqn,2,452
0.17823639774859287,7199.656249934106,9,2020.8452939529288,2109.1441176070934,S2,dqn,2,453
0.03387742531567601,9492.049999931858,1,2670.4099999863715,2715.0,S2,dqn,2,454
0.03126085446335533,8426.04999979737,1,2627.8099999594738,2745.0,S2,dqn,2,455
0.11671177266576455,8216.809988238627,5,2525.9805570146837,2542.1006962683546,S2,dqn,2,456
0.03968253968253968,9590.549999883333,1,2664.9099999766668,2786.5,S2,dqn,2,457
0.10296684118673648,8070.549999933181,1,2387.8699999866362,2441.5,S2,dqn,2,458
0.1259748050389922,9227.14999989361,2,2603.7,2650.5,S2,dqn,2,459
0.16175936023264267,7490.084828300515,5,2194.166870305229,2248.4165077418766,S2,dqn,2,460
0.04208754208754209,8706.315737695468,7,2130.7631475390936,2144.5,S2,dqn,2,461
0.14393939393939395,7172.48399988753,2,2022.4871999100246,2036.483999887531,S2,dqn,2,462
0.1306981192221868,8692.2,0,2187.8,2213.0,S2,dqn,2,463
0.1292972315181016,9041.385099182553,3,2700.8080793460417,2806.385099182552,S2,dqn,2,464
0.13124199743918052,8575.049999953615,1,2194.4,2228.5,S2,dqn,2,465
0.11987290583477758,9608.54999994077,1,2433.8399999526155,2454.5499999407693,S2,dqn,2,466
0.08194322505121451,9759.315384576565,1,3159.0830769153126,3256.0,S2,dqn,2,467
0.1260647359454855,8136.396042519907,6,2310.946834198195,2339.2460428236895,S2,dqn,2,468
0.1267566822816203,10043.549218600021,3,2869.7593749177313,2978.4492186471643,S2,dqn,2,469
0.13131601484441907,9644.149999786443,3,2871.5399999661536,3024.0499999576923,S2,dqn,2,470
0.1358965860125953,8242.5332214283,1,2156.60664428566,2170.0,S2,dqn,2,471
0.07702182284980745,8890.549999929357,1,2632.2399999434865,2640.549999929358,S2,dqn,2,472
0.1290785227680172,7635.0,0,1896.2,1898.0,S2,dqn,2,473
0.1029136594493451,10563.70103619628,2,2756.839999971743,2808.549999964679,S2,dqn,2,474
0.13918960717599752,8869.0,0,2592.7999999999997,2706.5,S2,dqn,2,475
0.10786591437105875,8466.38963129049,6,2538.231705177235,2602.789631471544,S2,dqn,2,476
0.11046722202100688,7734.049999908333,1,1914.2,1923.5,S2,dqn,2,477
0.08723913787204926,8253.0,0,2082.6,2091.0,S2,dqn,2,478
0.13425016371971185,8406.017023331347,7,2453.303404658968,2544.049999955747,S2,dqn,2,479
0.12381275440976934,8246.314602355447,10,2168.7,2174.0,S2,dqn,2,480
0.08625817965496728,9545.34999966852,5,2918.2599999424538,3063.0,S2,dqn,2,481
0.1414336226293796,8574.848243021277,7,2444.7,2521.5,S2,dqn,2,482
0.13104013104013104,6752.099999666333,2,1997.8499997792667,2056.5499997433335,S2,dqn,2,483
0.11400651465798045,8619.951861459514,6,2317.541489262449,2355.051861578061,S2,dqn,2,484
0.11982928430728824,8440.5,0,2331.6,2435.0,S2,dqn,2,485
0.07250755287009064,9437.0,0,2530.8,2581.0,S2,dqn,2,486
0.12834224598930483,7724.849999858522,2,2185.849999971704,2249.0,S2,dqn,2,487
0.12876884422110552,8796.29675908558,3,2419.2474073685376,2475.0592592106723,S2,dqn,2,488
0.17674418604651163,8608.359826550231,1,2461.2,2477.0,S2,dqn,2,489
0.11224826675470452,8431.549999886765,1,2239.509999977353,2246.0,S2,dqn,2,490
0.1368421052631579,7805.0,0,2165.7999999999997,2249.0,S2,dqn,2,491
0.1385959626393492,9168.36656611972,8,2562.3200197380115,2618.9144477861664,S2,dqn,2,492
0.12247600132406487,8383.19224205707,3,2423.1937936456557,2476.9922420570697,S2,dqn,2,493
0.09185548071034905,9196.5,0,2401.5,2457.0,S2,dqn,2,494
0.11464968152866242,8721.8,0,2530.7,2596.0,S2,dqn,2,495
0.13552900029146023,9407.325336700475,3,2652.537916443981,2729.9547485064772,S2,dqn,2,496
0.09932807478819748,9623.699999769902,4,2278.0,2312.0,S2,dqn,2,497
0.08373205741626795,9514.621804296521,3,3046.63999998075,3247.5,S2,dqn,2,498
0.029641185647425898,9402.599999865224,2,2450.4099999842856,2450.5,S2,dqn,2,499
0.16864343958487768,7296.39417254449,6,1835.5147168966123,1844.0499999373983,S2,dqn,2,500
0.10825858335910919,9026.0,0,2226.9,2247.5,S2,dqn,2,501
0.0963418039653728,10061.5,0,2656.2,2672.5,S2,dqn,2,502
0.12405237767057202,8048.249999907229,1,2136.6,2140.0,S2,dqn,2,503
0.07323943661971831,10124.5,0,2790.4,2917.5,S2,dqn,2,504
0.048934945308002305,10205.819404164271,14,2873.4893273428324,2877.396415325919,S2,dqn,2,505
0.10110294117647059,7614.04999977353,1,2087.7999999999997,2152.5,S2,dqn,2,506
0.14077340569877883,8134.339016444797,10,2301.123504177658,2342.8918802816934,S2,dqn,2,507
0.14877102199223805,6352.5499999379035,1,1990.4099999875807,2065.0,S2,dqn,2,508
0.1371473354231975,7011.659459131606,4,1818.2218918421975,1827.0,S2,dqn,2,509
0.11731511731511732,9313.5,0,2816.2,3016.5,S2,dqn,2,510
0.06329113924050633,8597.0,0,2674.2,2703.0,S2,dqn,2,511
0.10102580043518807,9003.5,0,2874.5,3077.0,S2,dqn,2,512
0.13901619309501986,8929.9,0,2399.0,2459.5,S2,dqn,2,513
0.15648286140089418,7299.649927827432,5,2217.8599422619454,2339.949927827432,S2,dqn,2,514
0.1295585412667946,8738.369959991409,9,2213.2165524269185,2259.5,S2,dqn,2,515
0.11818738518064911,9168.477852791952,8,2703.519999971942,2802.0,S2,dqn,2,516
0.15804597701149425,8455.5499990375,1,2675.2,2776.0,S2,dqn,2,517
0.1390773405698779,8051.1,0,2511.6,2695.0,S2,dqn,2,518
0.1235886481537992,9063.0,0,2513.7,2524.5,S2,dqn,2,519
0.09271523178807947,8583.559890593862,4,2390.2479124750907,2425.059890593863,S2,dqn,2,520
0.12108980827447023,8261.517264717217,5,2424.453811847991,2538.8172648099885,S2,dqn,2,521
0.1282051282051282,8900.549999923,1,2540.0,2557.0,S2,dqn,2,522
0.1089588377723971,9371.244210127828,12,2684.7353011044706,2778.3181648722134,S2,dqn,2,523
0.144877543980683,7898.406874320738,2,2309.6,2333.0,S2,dqn,2,524
0.12796504369538078,8852.057142713404,3,2370.3357142442223,2371.6571428198613,S2,dqn,2,525
0.10480054090601758,8321.7,0,2370.6,2449.0,S2,dqn,2,526
0.18301610541727673,7225.612345632949,1,1720.6,1762.0,S2,dqn,2,527
0.08409350057012542,9978.11304332151,3,2625.9399999703846,2727.049999962981,S2,dqn,2,528
0.11239901650860555,7930.3,0,2347.6,2506.0,S2,dqn,2,529
0.12367491166077739,9386.0,0,2483.1,2503.5,S2,dqn,2,530
0.07995916978564137,8434.560639472682,10,2092.0399999547058,2102.0499999433823,S2,dqn,2,531
0.08445945945945946,9249.749999865377,2,2619.9999998923013,2711.2499998653766,S2,dqn,2,532
0.1326341764342998,8883.0,0,2533.3999999999996,2684.0,S2,dqn,2,533
0.137801440651425,8713.0,0,2449.4,2545.5,S2,dqn,2,534
0.11635122556624262,8937.220789869429,2,2395.9061971427736,2408.507746428467,S2,dqn,2,535
0.08895602551191675,8403.5,0,2466.7,2536.5,S2,dqn,2,536
0.16501064584811923,7652.4999994844975,4,2213.4599998554245,2234.4499998192805,S2,dqn,2,537
0.11107130060910068,7771.549999933043,1,2339.4,2378.5,S2,dqn,2,538
0.1091972700682483,8578.8,0,2498.8,2510.5,S2,dqn,2,539
0.13279036827195467,7755.5,0,2437.7,2588.5,S2,dqn,2,540
0.1480156148340924,8353.5,0,2602.4,2735.0,S2,dqn,2,541
0.10821778829895164,8279.74999980405,2,2382.1399999299997,2478.0499999125,S2,dqn,2,542
0.14732303269852676,7556.9,0,2926.7,3193.0,S2,dqn,2,543
0.1344590368980613,8788.099999865852,2,2384.2199999731706,2412.5,S2,dqn,2,544
0.10974143114852676,9356.049999927358,1,2694.609999985472,2702.0,S2,dqn,2,545
0.11288939697056302,9698.5,0,2556.1,2579.5,S2,dqn,2,546
0.07275541795665634,9228.5,0,2675.3,2703.0,S2,dqn,2,547
0.10080645161290322,9102.849999437822,7,2333.579999550258,2346.3499994378226,S2,dqn,2,548
0.11966364812419146,8665.524561040578,4,2416.5,2482.0,S2,dqn,2,549
0.07186202491216864,8936.118852195057,2,2455.9,2553.0,S2,dqn,2,550
0.08304606706361642,9065.5,0,2777.2999999999997,2898.0,S2,dqn,2,551
0.08115269956939383,8561.586393596821,2,2835.2691148774566,2975.586393596821,S2,dqn,2,552
0.047412090082971155,7476.247464044635,9,1989.0930554249705,2000.5999998684583,S2,dqn,2,553
0.13558201058201058,8269.549999906098,1,2138.9099999812197,2164.5,S2,dqn,2,554
0.09067769646834235,8937.381034495154,8,2522.2,2577.0,S2,dqn,2,555
0.08684863523573201,9163.486425191972,3,2541.1152940856746,2581.1441176070934,S2,dqn,2,556
0.16702752861119702,8687.608957868175,4,2524.2799999703666,2539.0,S2,dqn,2,557
0.07062658457080769,7965.899999625334,5,2380.9199998644053,2461.2499998780304,S2,dqn,2,558
0.131716303346638,8931.1,0,2660.7999999999997,2750.5,S2,dqn,2,559
0.1053704962610469,8215.681521630808,2,2265.0452173046456,2360.181521630807,S2,dqn,2,560
0.16495487083722377,8625.779411659729,2,2722.075882302889,2918.1999999515724,S2,dqn,2,561
0.08177570093457943,8589.698952511731,5,2546.059162206618,2567.9489527582728,S2,dqn,2,562
0.13861709067188518,8394.549999928704,1,2369.4,2441.0,S2,dqn,2,563
0.05170316301703163,9533.03684206127,1,2934.6,3066.0,S2,dqn,2,564
0.08145363408521303,9127.799999620434,6,2601.49999974337,2668.249999679213,S2,dqn,2,565
0.14919941775836973,7557.049999933043,1,2252.3099999866085,2264.5,S2,dqn,2,566
0.10845295055821372,8744.0,0,2673.5,2735.0,S2,dqn,2,567
0.16699092088197146,8273.549999914445,1,2131.9,2132.5,S2,dqn,2,568
0.11589403973509933,7532.049999943382,1,2481.2399999547056,2592.0499999433823,S2,dqn,2,569
0.1407035175879397,8180.6499997153405,4,1955.7399999220254,1989.5499999025317,S2,dqn,2,570
0.047619047619047616,9829.364303070843,5,2573.4859886739905,2655.0,S2,dqn,2,571
0.1400064370775668,8512.5,0,2260.5,2270.5,S2,dqn,2,572
0.18655097613882862,6101.0,0,1663.5,1666.0,S2,dqn,2,573
0.13541666666666666,7925.099999891448,2,2336.5199999782894,2440.5,S2,dqn,2,574
0.1345119139123751,7146.449999938889,1,2109.359999951111,2204.449999938889,S2,dqn,2,575
0.1775766016713092,7659.9499999163045,1,2163.0399999330434,2259.0499999163044,S2,dqn,2,576
0.18538516918646508,7359.9499996793975,3,2441.419999743518,2472.1499996793973,S2,dqn,2,577
0.08766126364538537,8547.54999992451,1,2412.2,2554.5,S2,dqn,2,578
0.09933774834437085,8913.9,0,3193.7999999999997,3386.5,S2,dqn,2,579
0.140117994100295,9255.049999942537,1,2687.53999995403,2759.0499999425374,S2,dqn,2,580
0.13841486537732273,7210.749998821429,2,2115.7,2167.5,S2,dqn,2,581
0.0797872340425532,10243.18558803309,5,2809.2233884817456,2854.4771181252127,S2,dqn,2,582
0.08625817965496728,9498.0,0,2557.2999999999997,2642.5,S2,dqn,2,583
0.14726027397260275,8021.149999709303,3,2096.249999917704,2130.049999942963,S2,dqn,2,584
0.09174311926605505,9023.799999366795,6,2384.3799999167227,2414.5999998959032,S2,dqn,2,585
0.16193656093489148,8103.5,0,2559.6,2579.0,S2,dqn,2,586
0.11829197922677438,9604.0,0,2826.1,2862.0,S2,dqn,2,587
0.12207192345760474,8397.0,0,2312.7999999999997,2370.0,S2,dqn,2,588
0.12139196115457243,10311.099999819997,2,2892.409999988062,2938.0,S2,dqn,2,589
0.13451043338683788,8614.639864249986,4,2266.375049438874,2271.1688118087245,S2,dqn,2,590
0.16855926188786374,7594.097457383783,3,2159.1994914767565,2229.0,S2,dqn,2,591
0.11996572407883462,9695.5,0,2496.2,2510.0,S2,dqn,2,592
0.1298326601269475,9558.381137795875,4,2977.6849102367005,3074.981137795876,S2,dqn,2,593
0.1441166497117667,8058.349999877778,1,2118.6399999022224,2155.5499998777777,S2,dqn,2,594
0.18833333333333332,7964.1840569749165,3,2270.7,2335.0,S2,dqn,2,595
0.13331191776421458,8639.468576020252,5,2759.24999990208,2769.5499998915493,S2,dqn,2,596
0.13136288998357964,8514.191219690469,10,2784.1199983401884,3041.7499998849707,S2,dqn,2,597
0.11374715632109197,8526.549999959043,1,2693.0399999672336,2903.0499999590425,S2,dqn,2,598
0.16740250183958794,7357.100442712693,5,2127.140354234996,2142.550442793745,S2,dqn,2,599
0.10473735095069288,8709.5,0,2317.3,2372.5,S2,dqn,2,600
0.1529968454258675,8578.649999720226,3,2436.909999980506,2490.5,S2,dqn,2,601
0.1437371663244353,8017.042499448079,7,2314.392974206801,2440.741217758501,S2,dqn,2,602
0.16363636363636364,6763.263982107479,7,2023.2111857629827,2094.5139822037286,S2,dqn,2,603
0.10131278538812785,9882.214971559231,3,2911.7719772473847,2975.714971559231,S2,dqn,2,604
0.1377266387726639,7899.150952828058,3,2311.0301905656115,2321.5,S2,dqn,2,605
0.1665095821551995,8610.299999641746,6,2334.119999868863,2348.1499998360787,S2,dqn,2,606
0.1377513030528667,7367.5,0,2366.0,2401.5,S2,dqn,2,607
0.1490125673249551,7540.5,0,2083.7999999999997,2149.5,S2,dqn,2,608
0.10715520221223643,8199.699991583186,11,2269.93999963091,2278.799999538637,S2,dqn,2,609
0.11147540983606558,8497.049999934745,1,2472.3,2488.5,S2,dqn,2,610
0.14635211882918306,6272.154396072269,6,1705.7535169582502,1780.3043962396607,S2,dqn,2,611
0.12917329093799682,6889.9,0,2059.5,2170.0,S2,dqn,2,612
0.12642045454545456,9821.385767870084,10,2793.6703217498566,2845.1552802930664,S2,dqn,2,613
0.10801393728222997,7979.6,0,2181.2999999999997,2238.0,S2,dqn,2,614
0.09926352865834134,8781.5,0,2856.2999999999997,3047.0,S2,dqn,2,615
0.1615051615051615,8120.368059138699,4,2447.8264476180175,2477.6880596504625,S2,dqn,2,616
0.09605829744948659,8488.049999937399,1,2427.0099999874797,2447.5,S2,dqn,2,617
0.13502454991816695,10119.935184818863,5,2690.8081479577572,2698.3851849471966,S2,dqn,2,618
0.11790840738209159,8128.3474572883915,4,2121.4,2162.0,S2,dqn,2,619
0.08023009385407205,9396.0,0,2560.0,2600.5,S2,dqn,2,620
0.11099899091826437,8358.12439467542,8,2364.8763043154377,2398.8,S2,dqn,2,621
0.14696685428392744,8791.458117228609,3,2436.9916234457214,2456.0,S2,dqn,2,622
0.11904761904761904,8941.649999936364,1,2599.179999949091,2694.8499999363635,S2,dqn,2,623
0.1070700203942896,8304.26691171017,1,2216.5135293681356,2254.2669117101696,S2,dqn,2,624
0.16865079365079366,8126.1499996069,3,2073.67999974651,2103.5999996831374,S2,dqn,2,625
0.1500176491351924,7719.891851765804,7,2489.625789274244,2684.832236592805,S2,dqn,2,626
0.12456037514654161,9388.112499958735,1,2748.122499991747,2788.0,S2,dqn,2,627
0.1361111111111111,9947.984150225222,9,2685.4749381243505,2732.099999872019,S2,dqn,2,628
0.04847645429362881,10539.249999719726,5,2877.8,2908.0,S2,dqn,2,629
0.14389799635701275,7564.529695127854,8,2270.865237707697,2367.3315471346214,S2,dqn,2,630
0.14455151964418086,7428.479253697255,6,1956.0,2000.0,S2,dqn,2,631
0.1413665432514305,8169.454948408967,9,2275.6640505472355,2310.4910168439933,S2,dqn,2,632
0.11498383039885016,7726.0,0,2196.9,2239.5,S2,dqn,2,633
0.11929307805596466,9448.918583965427,2,2844.273716801737,2975.5,S2,dqn,2,634
0.1372957942301008,7947.499707006613,8,2428.3625729978667,2540.0,S2,dqn,2,635
0.13253810470510272,8290.0,0,2111.1,2157.5,S2,dqn,2,636
0.12883435582822086,8964.0499999125,1,2114.2099999825,2135.0,S2,dqn,2,637
0.1732755748083972,8052.599999918085,1,2036.359999934468,2087.1999999180853,S2,dqn,2,638
0.08878504672897196,9130.793865579026,7,2758.5181187144217,2901.428117214087,S2,dqn,2,639
0.17488632388947184,7657.0866195495,2,2193.4,2257.5,S2,dqn,2,640
0.14823261117445838,9589.742279944574,8,2399.5666666383836,2476.3333332979796,S2,dqn,2,641
0.14952589350838805,7462.09999995487,1,1981.399999963896,2019.7999999548701,S2,dqn,2,642
0.0639803974952355,10581.649999830708,3,3021.4399999690454,3031.0499999613066,S2,dqn,2,643
0.09606986899563319,9719.149999128078,10,2667.149999978439,2719.5,S2,dqn,2,644
0.07996632996632996,10233.365019713958,13,2861.434376483502,2955.2499999022134,S2,dqn,2,645
0.15061238000662033,8167.0,0,2287.7999999999997,2372.5,S2,dqn,2,646
0.07369299221357063,10258.5,0,2785.0,2865.5,S2,dqn,2,647
0.07897181790027873,9194.449218423699,5,2512.5199998153994,2570.6499997692495,S2,dqn,2,648
0.09169363538295577,7985.3491279735235,13,2483.2629869901693,2594.6412338890805,S2,dqn,2,649
0.16139044072004965,8674.0,0,2345.7,2346.0,S2,dqn,2,650
0.09762050030506407,9194.099999873926,2,2379.709999985333,2452.5,S2,dqn,2,651
0.07928802588996764,8775.749999869038,2,2486.5999998952307,2520.249999869038,S2,dqn,2,652
0.1336421952957947,7830.499999778899,3,2011.639999987377,2047.5,S2,dqn,2,653
0.1313197636244255,8495.970485269821,12,2254.9163884855093,2256.1204856610852,S2,dqn,2,654
0.16469745793054064,7479.0,0,2090.6,2107.5,S2,dqn,2,655
0.13376835236541598,8448.19999994762,1,2548.4,2683.5,S2,dqn,2,656
0.18762475049900199,6680.7,0,2008.56,2115.9,S2,dqn,2,657
0.13003095975232198,8893.1195944752,2,2474.4,2536.5,S2,dqn,2,658
0.14922925549360447,8262.749999941667,1,2117.7400000000002,2124.8,S2,dqn,2,659
0.13285928143712575,7443.549999726067,3,2129.8399999178664,2199.0499998973332,S2,dqn,2,660
0.1391035548686244,8865.073076757713,3,2414.9,2471.0,S2,dqn,2,661
0.15583109919571045,8026.1,0,2083.42,2098.0,S2,dqn,2,662
0.1409119696010133,8632.5499999,1,2589.7,2675.0,S2,dqn,2,663
0.12848984771573604,8705.599999887858,2,2340.2199999775717,2445.0,S2,dqn,2,664
0.11127379209370425,9557.299999827632,3,2887.6399998621046,2975.299999827631,S2,dqn,2,665
0.06625317169438963,10236.260869095426,7,3202.6686955929963,3337.3108695188766,S2,dqn,2,666
0.14804202483285578,8564.249999832773,3,2798.5199998662183,2810.1499998327727,S2,dqn,2,667
0.1499482936918304,7839.5,0,2186.0,2216.0,S2,dqn,2,668
0.15875980575270826,7183.549999936885,1,2172.409999987377,2245.0,S2,dqn,2,669
0.14823261117445838,7198.382506516693,6,2125.2121198879136,2174.2463207672504,S2,dqn,2,670
0.12332112332112333,9081.811895142133,7,2648.299516196982,2720.6118952616275,S2,dqn,2,671
0.11030679076180627,8058.0,0,2252.1,2345.0,S2,dqn,2,672
0.15488215488215487,8034.599999609605,3,2217.8999999132393,2271.5499998915493,S2,dqn,2,673
0.09137931034482759,8219.599999779894,2,2218.839999952248,2285.04999994031,S2,dqn,2,674
0.10412989763501589,7922.4,0,2180.9,2186.5,S2,dqn,2,675
0.1767857142857143,7488.830850892208,3,2402.1646807137663,2583.830850892208,S2,dqn,2,676
0.0877808988764045,8113.249999745225,2,2307.9599999626666,2319.199999953333,S2,dqn,2,677
0.12916383412644458,8108.049999920619,1,2124.1,2153.0,S2,dqn,2,678
0.06159014557670773,7794.649999715975,3,2638.8299999431947,2901.0,S2,dqn,2,679
0.13285024154589373,7969.549999894521,1,2395.2399999156164,2468.0499998945206,S2,dqn,2,680
0.14720642355302777,8204.54999950838,5,2136.6399999384003,2190.049999923,S2,dqn,2,681
0.07410636442894507,9829.1,0,2826.0,2906.5,S2,dqn,2,682
0.09490137700037216,7596.073983226193,4,2012.604796684726,2077.0,S2,dqn,2,683
0.11781794706262104,8563.5,0,2171.5,2173.5,S2,dqn,2,684
0.1274787535410765,8773.261538241286,3,2398.6,2492.5,S2,dqn,2,685
0.11161387631975868,9235.049999936886,1,2748.5,2837.5,S2,dqn,2,686
0.16410614525139663,7681.5,0,2280.3,2312.0,S2,dqn,2,687
0.11616492146596859,8519.5499999125,1,2477.0099999824997,2573.0,S2,dqn,2,688
0.08665749656121045,10280.5,0,2768.9,2794.5,S2,dqn,2,689
0.11250401800064289,8671.049999948667,1,2520.039999958933,2654.5499999486665,S2,dqn,2,690
0.21991203518592564,6426.0,0,1805.8,1865.5,S2,dqn,2,691
0.11381113503537373,9024.0,0,2474.2,2497.5,S2,dqn,2,692
0.11738484398216939,9329.5,0,2664.9,2734.0,S2,dqn,2,693
0.15865535658184102,8594.118320510812,2,2417.954656446911,2542.068320558639,S2,dqn,2,694
0.13473545842918172,8376.609999705046,4,2073.151999886009,2095.049999908333,S2,dqn,2,695
0.14746703678001388,7823.5,0,2188.1,2287.0,S2,dqn,2,696
0.1111111111111111,8375.0,0,2285.4,2361.0,S2,dqn,2,697
0.06517379679144385,8656.29524660166,8,2306.1384291566437,2311.149999840349,S2,dqn,2,698
0.17137096774193547,6611.59999983134,2,2010.0099999812194,2058.0,S2,dqn,2,699
0.1281112737920937,7555.449999304082,9,2328.8699995636985,2430.299999504804,S2,dqn,2,700
0.1312,8581.0,0,2307.5,2362.0,S2,dqn,2,701
0.127826941986234,8474.0,0,2374.7999999999997,2437.0,S2,dqn,2,702
0.07334183673469388,9080.786491467721,10,2371.0009825372745,2381.5,S2,dqn,2,703
0.09872080088987764,10105.5,0,2822.2,2907.0,S2,dqn,2,704
0.11477761836441894,7745.849999881539,1,2049.5,2101.0,S2,dqn,2,705
0.08468834688346884,8390.549999949673,1,2281.2999999999997,2371.0,S2,dqn,2,706
0.12308715901530273,8280.549999906098,1,2301.9,2338.5,S2,dqn,2,707
0.06572619429304265,8947.0,0,2581.1,2669.5,S2,dqn,2,708
0.13669990350595046,8509.6,0,2152.16,2185.2,S2,dqn,2,709
0.12325986078886311,9530.860714139759,3,2679.202142838646,2753.5,S2,dqn,2,710
0.07908087138167712,9549.549999928038,1,2709.0,2762.0,S2,dqn,2,711
0.09893891597361629,9838.873584787845,2,2972.5988678302756,3016.8735847878447,S2,dqn,2,712
0.14902204284383733,8754.522602641471,1,2399.8045205282942,2441.5,S2,dqn,2,713
0.08755472170106317,9089.985338255092,6,2758.463225646858,2852.579032058573,S2,dqn,2,714
0.13727560718057022,7835.209803468243,6,2237.2378428062384,2259.6598035209827,S2,dqn,2,715
0.09782265698958661,8933.251500286304,6,2335.5503000572608,2339.5,S2,dqn,2,716
0.09634225996080993,8609.69999959277,4,2589.9,2710.0,S2,dqn,2,717
0.09929728078215705,9166.2,0,2909.3999999999996,3103.5,S2,dqn,2,718
0.052154817458138894,10535.82302148238,2,2927.639999962439,2960.049999953049,S2,dqn,2,719
0.1389552748378286,7988.5,0,2357.0,2375.0,S2,dqn,2,720
0.07747933884297521,8253.0,0,2253.6,2299.5,S2,dqn,2,721
0.129985754985755,7784.697656137203,2,2151.3395312274406,2164.0,S2,dqn,2,722
0.1563404748118124,9402.720718269104,7,2877.8774769422803,3041.099999907265,S2,dqn,2,723
0.1420729738456571,8495.149999811807,3,2610.6199998494453,2736.649999811807,S2,dqn,2,724
0.10583707504810776,8780.708990463341,5,2398.5283246501726,2480.285405812716,S2,dqn,2,725
0.08671369782480894,9824.791977208237,13,2866.9199999151365,3026.0999999073824,S2,dqn,2,726
0.16017587939698494,8620.535500674607,4,2134.3671001349217,2141.0,S2,dqn,2,727
0.06342132327733974,8366.549999919791,1,2240.6,2293.0,S2,dqn,2,728
0.1280388978930308,8550.24999990723,1,2344.439999925783,2355.049999907229,S2,dqn,2,729
0.05097312326227989,9398.461708310047,5,2530.4,2581.0,S2,dqn,2,730
0.07822277847309136,9114.299999730853,3,2396.9,2425.5,S2,dqn,2,731
0.13300083125519535,9924.12692303694,1,3000.101538429552,3100.62692303694,S2,dqn,2,732
0.14965741074648395,7597.623576840762,6,2159.0399999503225,2236.049999937903,S2,dqn,2,733
0.1394169835234474,8683.772221939707,4,2426.3899998716297,2469.099999853287,S2,dqn,2,734
0.15738498789346247,6692.314043088528,2,1948.0,2043.0,S2,dqn,2,735
0.14628128304547056,7799.049038218368,3,2214.1892307291664,2295.511538411458,S2,dqn,2,736
0.10960334029227557,8112.474046285023,10,2307.619999913324,2356.5499999273584,S2,dqn,2,737
0.0585761489936918,9704.847916512159,3,2616.0099999895237,2677.0,S2,dqn,2,738
0.14659270998415214,6853.562499886055,2,2011.8599999589333,2055.9499999486666,S2,dqn,2,739
0.13578756789378393,9113.349999953334,1,2508.66,2524.0,S2,dqn,2,740
0.15190691661279895,8378.845032892166,2,2314.5,2398.0,S2,dqn,2,741
0.1063049853372434,7661.149999863924,2,2359.1599999580953,2379.6999999476193,S2,dqn,2,742
0.11137511137511137,9431.670545655279,7,2444.8499998973334,2456.5,S2,dqn,2,743
0.10962658444672833,8114.549999915384,1,2458.9,2537.0,S2,dqn,2,744
0.14202600958247774,7967.549999913483,1,2123.6099999826965,2172.0,S2,dqn,2,745
0.06592747977225052,9605.102563952129,3,2357.3,2361.0,S2,dqn,2,746
0.152753108348135,7672.323064991694,5,2334.5544521764673,2483.9430652205842,S2,dqn,2,747
0.16113120683985532,8228.074427341577,2,2391.4,2494.0,S2,dqn,2,748
0.06454989532449407,8336.19999980257,3,2306.209999888256,2308.2499998795697,S2,dqn,2,749
0.0664451827242525,7908.868843655817,16,2374.1737700512826,2427.349999476018,S2,dqn,2,750
0.1437125748502994,9137.0,0,2339.0,2380.5,S2,dqn,2,751
0.06177076183939602,8452.049896493325,7,2490.0,2601.0,S2,dqn,2,752
0.14106583072100312,7959.493226287826,11,2273.3735242375783,2284.591905296973,S2,dqn,2,753
0.16228748068006182,7001.239155310105,6,1878.8675370223482,1910.5,S2,dqn,2,754
0.13075140681893413,8378.149999741565,3,2523.349999906691,2578.049999895946,S2,dqn,2,755
0.13604488078541374,9753.0,0,2731.8,2737.5,S2,dqn,2,756
0.12463343108504399,9431.208469907877,1,2399.566775926302,2432.2084699078773,S2,dqn,2,757
0.19174579985390797,7245.394436448167,5,2166.5388872016333,2169.0999998533334,S2,dqn,2,758
0.1515645371577575,8436.40581523826,11,2518.7851449137493,2667.0179696997216,S2,dqn,2,759
0.08217054263565891,9185.761245830507,4,2404.779765937091,2438.0997074213637,S2,dqn,2,760
0.1490010159160176,8118.251189533014,10,2261.407777205472,2321.9940163893925,S2,dqn,2,761
0.1266213712168005,8921.099999815031,2,2620.0,2651.0,S2,dqn,2,762
0.1288269172476508,9096.449999946897,1,2536.5,2584.0,S2,dqn,2,763
0.10961214165261383,8277.4,0,2860.3999999999996,3014.0,S2,dqn,2,764
0.13296227581941866,8870.0,0,2443.0,2465.0,S2,dqn,2,765
0.07835455435847209,8701.5,0,2403.6,2450.5,S2,dqn,2,766
0.1742627345844504,7960.10431022122,2,2385.483448176976,2448.1043102212197,S2,dqn,2,767
0.05041518386714116,9761.099999898228,2,2571.1399999526157,2618.0499999407693,S2,dqn,2,768
0.12387736141220192,8960.099999896815,2,2606.219999979363,2713.5,S2,dqn,2,769
0.09437032216075496,8723.093749959979,1,2276.0187499919957,2349.0,S2,dqn,2,770
0.1741912548880199,7467.0,0,2157.1,2250.5,S2,dqn,2,771
0.07907542579075426,9381.04999995305,1,2669.4,2777.0,S2,dqn,2,772
0.14209868831980013,8820.512227793399,5,2241.5099999850486,2313.5,S2,dqn,2,773
0.10216346153846154,9323.599999776017,3,2498.959999940194,2557.1999999252425,S2,dqn,2,774
0.06841664339569953,10272.343518293184,4,2791.5987036348224,2859.0499999603094,S2,dqn,2,775
0.06340859882462109,9286.549999931858,1,2506.9399999454868,2510.0499999318586,S2,dqn,2,776
0.07687669580946639,9466.0,0,2910.7999999999997,3038.5,S2,dqn,2,777
0.11225997045790251,9407.0,0,2733.0,2858.5,S2,dqn,2,778
0.05159958720330237,11285.522942140755,4,3250.009999989,3338.0,S2,dqn,2,779
0.12105424456022065,9001.5,0,2267.0,2328.0,S2,dqn,2,780
0.072992700729927,8981.4,0,2611.4,2711.0,S2,dqn,2,781
0.11065444198545685,8820.0,0,2467.2999999999997,2543.0,S2,dqn,2,782
0.07807196198234895,8391.5,0,2244.1,2318.5,S2,dqn,2,783
0.06417112299465241,8058.0,0,2320.4,2368.5,S2,dqn,2,784
0.10168907273354016,8270.972506325978,11,2437.3709472173014,2526.3386840216267,S2,dqn,2,785
0.11310084825636192,8867.9,0,2328.9,2365.0,S2,dqn,2,786
0.17287234042553193,7085.553100406001,3,1993.4724805247713,2066.453100720131,S2,dqn,2,787
0.08317214700193423,7298.5,0,1752.6,1755.0,S2,dqn,2,788
0.12677484787018256,8157.5,0,2328.8,2371.5,S2,dqn,2,789
0.0775065963060686,8601.5,0,2370.8,2417.5,S2,dqn,2,790
0.09786208973200843,9378.201257358802,4,2591.0,2646.0,S2,dqn,2,791
0.13917175831636117,8108.5499999379035,1,2769.8999999999996,2980.0,S2,dqn,2,792
0.13444767441860464,7568.0499998737705,1,2299.509999974754,2422.0,S2,dqn,2,793
0.1465798045602606,8322.049999929357,1,2504.2,2681.0,S2,dqn,2,794
0.08127031757939485,11440.535703172975,9,2946.7447169035368,2953.6999999496734,S2,dqn,2,795
0.12298558100084818,9783.765723225059,1,2842.0525785800464,2869.0657232250583,S2,dqn,2,796
0.1059322033898305,8656.214381347403,5,2771.8191666497337,2984.0,S2,dqn,2,797
0.16078294302691368,7722.262903036778,3,1939.7703224294223,1964.462903036778,S2,dqn,2,798
0.10297482837528604,8596.5,0,2438.6,2536.5,S2,dqn,2,799
0.16191481872580077,7646.486841944604,2,2061.229999976667,2084.4,S2,dqn,2,800
0.1553302812295618,8316.528233243493,9,2187.912563923637,2192.5999998663638,S2,dqn,2,801
0.1553672316384181,7665.764285431573,3,2285.2199999575682,2395.0,S2,dqn,2,802
0.11091393078970718,9463.149999841753,3,2477.9799999234842,2491.099999904355,S2,dqn,2,803
0.13709361535448492,6966.549999943795,1,2117.4399999550365,2268.0499999437957,S2,dqn,2,804
0.1265214606021781,8618.760256374819,1,2470.5082050998553,2619.260256374819,S2,dqn,2,805
0.14627241270839886,8674.979999737423,4,2336.123999866839,2346.8799998655904,S2,dqn,2,806
0.15437392795883362,7878.649999737066,3,2319.119999789653,2449.149999737066,S2,dqn,2,807
0.12099522835719155,8087.549999923,1,2550.4399999384,2654.049999923,S2,dqn,2,808
0.14832535885167464,8539.5,0,2420.3,2452.0,S2,dqn,2,809
0.10296684118673648,8076.0,0,2591.2999999999997,2725.5,S2,dqn,2,810
0.11571056062581486,8533.749999897753,2,2479.9,2489.5,S2,dqn,2,811
0.07606490872210954,11300.549339058007,6,3467.720132046976,3633.77516505872,S2,dqn,2,812
0.1049552649690296,8177.5071566665465,4,2402.8986665376838,2433.6233331721046,S2,dqn,2,813
0.11640953716690042,9932.54999994762,1,2794.0399999580954,2855.049999947619,S2,dqn,2,814
0.12339418526031103,8180.549999787644,3,2614.3799999090893,2855.0999998863617,S2,dqn,2,815
0.11310344827586206,10078.049999919791,1,2867.409999983958,2987.0,S2,dqn,2,816
0.15363605326049845,7993.614271130623,6,1979.2636672617157,1984.5,S2,dqn,2,817
0.1382569128456423,7804.649999940769,1,2352.4,2478.0,S2,dqn,2,818
0.16227180527383367,8036.649999784393,3,2125.5199999708784,2146.5,S2,dqn,2,819
0.14053458252962248,9870.0,0,2680.6,2747.5,S2,dqn,2,820
0.08445363667700793,8235.749999509255,3,2319.3199996074045,2356.1499995092554,S2,dqn,2,821
0.1323251417769376,8780.309457091536,7,2479.739999569312,2659.0,S2,dqn,2,822
0.10956175298804781,8388.299999770355,3,2721.289999929098,2989.0499999583785,S2,dqn,2,823
0.16045380875202594,8320.049999952469,1,2255.739999961975,2330.549999952469,S2,dqn,2,824
0.13987138263665594,8609.53584722602,9,2483.092011488385,2559.674736633183,S2,dqn,2,825
0.10859301227573183,8860.5,0,2415.9,2438.0,S2,dqn,2,826
0.09646302250803858,7909.883332860247,3,2629.2999999999997,2738.0,S2,dqn,2,827
0.05833905284831846,8443.02479844294,5,2437.305988606354,2481.882485757942,S2,dqn,2,828
0.15516537362188648,6700.560777076039,8,1935.7886217497103,1999.960777224171,S2,dqn,2,829
0.10886715052066898,8841.48615621557,3,2606.1472311874513,2661.549999907229,S2,dqn,2,830
0.12274368231046931,7625.4499997038465,1,1896.7,1898.0,S2,dqn,2,831
0.10670731707317073,9236.144564704724,6,2419.675651986956,2457.844564983695,S2,dqn,2,832
0.10487444608567208,9492.949608518564,4,3056.059686814852,3182.9496085185647,S2,dqn,2,833
0.11243386243386243,8396.199999933044,1,2277.139999986609,2307.0,S2,dqn,2,834
0.11576276562004441,8747.549999946154,1,2517.8399999569233,2538.549999946154,S2,dqn,2,835
0.1798907805974944,8279.4,0,2254.7,2317.0,S2,dqn,2,836
0.12385476756023074,8149.135814839995,5,2391.5999998971347,2499.2499998714184,S2,dqn,2,837
0.14053254437869822,7433.850164697831,6,1972.7023007413347,2017.6278759266684,S2,dqn,2,838
0.13604240282685512,7772.149999191495,3,2280.919999857793,2355.0,S2,dqn,2,839
0.10497667185069985,7167.8,0,1833.24,1874.0,S2,dqn,2,840
0.07962840079628401,8680.807316333197,7,2418.985853223201,2484.7073165942693,S2,dqn,2,841
0.10435090201627166,8004.163696682369,7,2326.200659007072,2357.9383237936563,S2,dqn,2,842
0.1716094635121626,7987.5,0,2017.8999999999999,2056.5,S2,dqn,2,843
0.11758860549850944,8451.091189152678,6,2162.7599999495083,2165.1999999368854,S2,dqn,2,844
0.1493680582152432,7108.549999902531,1,1810.7399999220254,1841.5499999025317,S2,dqn,2,845
0.10002598077422707,10789.5,0,2978.7,3070.0,S2,dqn,2,846
0.05795574288724974,8271.149999690202,3,2292.0099999809877,2328.0,S2,dqn,2,847
0.10251322751322751,8453.2094593425,2,2586.1418918685,2677.5,S2,dqn,2,848
0.05717916137229987,9070.5,0,2551.9,2615.5,S2,dqn,2,849
0.14569125852448853,8773.643539887107,3,2447.7148319096855,2503.6435398871067,S2,dqn,2,850
0.11328367473618871,8946.9,0,2792.2999999999997,2863.0,S2,dqn,2,851
0.13399412628487517,7454.3,0,2391.2999999999997,2468.0,S2,dqn,2,852
0.11998829382499268,9499.728977093182,5,2924.2376343390447,3032.922042923806,S2,dqn,2,853
0.11927181418706842,8793.5,0,2509.9,2554.0,S2,dqn,2,854
0.12781028641823222,8987.098437261817,4,2511.078749809453,2562.598437261816,S2,dqn,2,855
0.10688836104513064,8216.549999944604,1,2262.6,2317.0,S2,dqn,2,856
0.07733408323959505,10137.356185384871,3,2854.709999990435,2917.0,S2,dqn,2,857
0.10455680399500625,8988.199999945775,1,2316.3,2357.5,S2,dqn,2,858
0.14458955223880596,8823.826786907845,5,2454.2315638301443,2460.651954803722,S2,dqn,2,859
0.08571428571428572,7937.061110866779,3,2104.232222207452,2114.5,S2,dqn,2,860
0.12023735165521549,8885.330555174054,5,2742.3999999999996,2920.5,S2,dqn,2,861
0.1156677181913775,7925.0499998075,1,2096.1,2110.0,S2,dqn,2,862
0.12727272727272726,9084.24999971125,2,2416.599999769,2461.74999971125,S2,dqn,2,863
0.05103776794828173,8610.471064901038,12,2341.753631721351,2383.4753730279795,S2,dqn,2,864
0.07731958762886598,7750.494106782539,5,2205.955285497659,2279.944106872074,S2,dqn,2,865
0.10512037978975924,8254.0,0,2217.4,2233.0,S2,dqn,2,866
0.049554013875123884,8834.449999207607,9,2713.459999893049,2886.0,S2,dqn,2,867
0.11140671765879614,8429.63703641934,7,2333.617407293804,2384.0,S2,dqn,2,868
0.11548177553229881,7761.108236494416,8,2122.6015950742894,2161.709716802007,S2,dqn,2,869
0.09900990099009901,8488.5,0,2250.5,2313.0,S2,dqn,2,870
0.05861850443599493,9155.69150273447,7,2591.5899999380076,2722.049999962981,S2,dqn,2,871
0.12349691257718556,8490.1,0,2495.0,2504.0,S2,dqn,2,872
0.13525564803804993,9299.757904350176,4,2507.859999949919,2548.6999999373984,S2,dqn,2,873
0.14165943914426135,9486.974474317067,6,2564.491780802048,2575.5,S2,dqn,2,874
0.15589782118707737,7212.3,0,2203.6,2364.0,S2,dqn,2,875
0.12630930375847196,8912.2,0,2656.2,2673.5,S2,dqn,2,876
0.12103951584193663,7833.409779207661,7,2378.2683112784507,2501.0853890980634,S2,dqn,2,877
0.07765619484645252,8066.0,0,2168.6,2204.0,S2,dqn,2,878
0.03863987635239567,9474.5,0,2626.2,2659.5,S2,dqn,2,879
0.13883880274071403,7567.449999888406,1,2054.6,2121.0,S2,dqn,2,880
0.09725223834516826,9084.4,0,2572.2999999999997,2653.0,S2,dqn,2,881
0.10856691669956574,7103.84999977353,1,2044.5,2107.5,S2,dqn,2,882
0.04120879120879121,9548.049999953333,1,2914.2,3039.0,S2,dqn,2,883
0.16824567134923227,8190.2,0,2279.54,2306.0,S2,dqn,2,884
0.13894104393541118,7272.649999715766,3,2046.9799998442406,2062.0999998053007,S2,dqn,2,885
0.09848484848484848,9320.099999936885,1,2915.8999999999996,3064.0,S2,dqn,2,886
0.06210239321417752,9511.699999681929,4,2996.1,3081.0,S2,dqn,2,887
0.15125173852573018,7771.518749940457,1,2083.014999952366,2083.0187499404574,S2,dqn,2,888
0.08525576730190572,8477.749999784583,2,2394.9399999559996,2486.549999945,S2,dqn,2,889
0.07550018875047187,7568.5,0,2129.4,2229.0,S2,dqn,2,890
0.10315533980582524,6994.449999711187,2,2353.6,2570.5,S2,dqn,2,891
0.08563899868247694,8593.5,0,2232.1,2285.5,S2,dqn,2,892
0.08740692780835221,8731.462033486601,2,2528.4696267892814,2708.962033486602,S2,dqn,2,893
0.08302583025830258,7665.5,0,1985.3,2005.0,S2,dqn,2,894
0.10804321728691477,9287.5,0,2631.4,2694.0,S2,dqn,2,895
0.1075464819540649,7710.219813543264,10,2140.089999687279,2187.7499996239067,S2,dqn,2,896
0.1254180602006689,8319.201931398513,6,2024.8936839502524,2057.4921049378154,S2,dqn,2,897
0.14397905759162305,8330.599999806513,3,2500.509999882771,2592.249999869114,S2,dqn,2,898
0.07296954314720812,9039.149999631767,3,2552.509999983958,2627.0,S2,dqn,2,899
0.06473594548551959,8436.0,0,2646.0,2742.5,S2,dqn,2,900
0.10683760683760683,9321.456860226555,14,2667.9130061651854,2734.6287577208473,S2,dqn,2,901
0.1061865189289012,9125.249999728027,3,2978.3799999032053,3002.5999998790066,S2,dqn,2,902
0.08541392904073587,8642.6499998625,1,2400.83999989,2437.5499998625,S2,dqn,2,903
0.15609756097560976,8373.949999904939,1,2063.5299999809877,2075.9,S2,dqn,2,904
0.10507880910683012,9614.14999980127,3,2699.0899998785762,2844.099999863871,S2,dqn,2,905
0.0746031746031746,9000.5499999,1,2779.60999998,2844.0,S2,dqn,2,906
0.14539856312008212,8007.699999705906,4,2589.939999959474,2674.5499999493422,S2,dqn,2,907
0.1337579617834395,8638.599999854392,2,2471.8199999708786,2563.0,S2,dqn,2,908
0.10137149672033392,9455.069108237458,1,2482.2138216474914,2522.0,S2,dqn,2,909
0.12601120099564406,8881.973251470814,4,2371.347692132443,2395.059615165554,S2,dqn,2,910
0.0853413654618474,8588.071116837236,7,2493.051992364821,2628.939990456027,S2,dqn,2,911
0.09045539613225202,9049.049999910465,1,2376.009999982093,2418.0,S2,dqn,2,912
0.1049498746867168,8932.549999935833,1,2582.2999999999997,2695.5,S2,dqn,2,913
0.11636233440744718,7753.299999947619,1,2346.7599999580952,2419.6999999476193,S2,dqn,2,914
0.10945145506052022,10908.520917883248,8,3059.3273495576927,3175.075362054456,S2,dqn,2,915
0.08175399479747306,7737.842975712949,12,2556.1925201391336,2638.4499995830856,S2,dqn,2,916
0.078125,7632.753152958575,2,2082.1625224695267,2125.7031530869085,S2,dqn,2,917
0.12941587967820917,7923.6083827038565,6,2557.141676281145,2665.69999956729,S2,dqn,2,918
0.1309979393582573,9341.5,0,2461.4,2513.5,S2,dqn,2,919
0.15459088069956278,8644.599999871345,2,2357.839999945965,2395.549999932456,S2,dqn,2,920
0.13388259526261587,8007.149999522525,3,2230.2999999999997,2344.5,S2,dqn,2,921
0.08085808580858085,8709.537499853179,2,2360.9899999874797,2425.0,S2,dqn,2,922
0.09283387622149837,8659.0,0,2302.0,2374.0,S2,dqn,2,923
0.11441647597254005,7354.166315407739,11,1899.124888488909,1995.615866771158,S2,dqn,2,924
0.05930193154862758,8499.599999664119,2,2610.2999999999997,2785.0,S2,dqn,2,925
0.10104790419161677,7564.249999490171,5,1920.949999898034,1921.0,S2,dqn,2,926
0.12723417146319296,9125.767453068134,2,2882.2139624545075,3030.7674530681347,S2,dqn,2,927
0.14218009478672985,9228.208893884856,4,2426.7,2440.5,S2,dqn,2,928
0.09542562859739473,9355.5,0,2720.9,2816.5,S2,dqn,2,929
0.09529860228716645,8952.635880243764,10,2321.2985687223513,2357.786936423164,S2,dqn,2,930
0.18490847964138962,7127.210935590262,5,2041.5621871180524,2124.0,S2,dqn,2,931
0.06548018804566823,8534.549992300008,1,2659.6,2754.5,S2,dqn,2,932
0.08190171793847383,7185.426590996101,11,2002.293300719519,2027.5,S2,dqn,2,933
0.10886715052066898,8842.314705762688,2,2560.2629411525377,2620.5,S2,dqn,2,934
0.1467772814294831,8513.569971139208,2,2565.2939942278413,2704.5,S2,dqn,2,935
0.14092240117130309,7511.1975245345975,3,1951.1195049355495,1959.5,S2,dqn,2,936
0.11512575274530641,7853.4,0,2511.5,2676.0,S2,dqn,2,937
0.13489606368863336,6248.9499996749255,4,1931.2099999916304,2034.5,S2,dqn,2,938
0.10668789808917198,8771.049999948667,1,2463.0099999897334,2480.0,S2,dqn,2,939
0.12482662968099861,9978.0,0,2592.9,2638.5,S2,dqn,2,940
0.16134134767478647,8504.5,0,2480.5,2486.0,S2,dqn,2,941
0.11864973262032086,8280.0689653678,2,2521.6,2681.0,S2,dqn,2,942
0.07333767926988266,8832.706328231056,9,2435.625063074928,2475.356328912732,S2,dqn,2,943
0.07649739583333333,8749.0,0,2254.0,2279.0,S2,dqn,2,944
0.1012035010940919,10260.011558338421,3,2698.8624805761046,2721.453100720131,S2,dqn,2,945
0.14696876913655849,8883.5,0,2683.3999999999996,2899.5,S2,dqn,2,946
0.06404098623118797,9028.249999669224,5,2372.0199999722513,2400.0,S2,dqn,2,947
0.12195121951219512,9162.621072712249,8,2534.987449680856,2600.6053918973444,S2,dqn,2,948
0.07899356348741954,9726.0,0,2727.6,2848.0,S2,dqn,2,949
0.12487992315081652,8631.251116192398,3,2248.3756755942727,2316.4695944928408,S2,dqn,2,950
0.1544943820224719,8669.0,0,2253.2,2321.0,S2,dqn,2,951
0.13190436933223412,10108.148547966919,7,2639.8177095491574,2682.3299999047204,S2,dqn,2,952
0.08179012345679013,9251.0,0,2723.7,2753.5,S2,dqn,2,953
0.10003279763857002,8559.548437312977,3,2220.739999962439,2227.549999953049,S2,dqn,2,954
0.06433520290333224,8693.399999774208,2,3053.2999999999997,3346.5,S2,dqn,2,955
0.06902761104441776,9548.599999607892,3,2771.2,2803.0,S2,dqn,2,956
0.05859375,9625.599999847795,2,2845.1199999695586,2894.0,S2,dqn,2,957
0.1036901494358036,9150.0,0,2700.6,2740.5,S2,dqn,2,958
0.0870682272337996,9889.549999958823,1,2758.6099999917647,2791.0,S2,dqn,2,959
0.10408483896307934,7333.32055031268,11,2254.7091401546463,2362.3864251933082,S2,dqn,2,960
0.11199528440907751,9444.59999990424,2,2750.1799999233913,2905.599999904239,S2,dqn,2,961
0.17079121645172535,7676.899999604815,2,2086.399999771852,2114.049999714815,S2,dqn,2,962
0.10815047021943573,8902.049999936364,1,2476.1,2521.0,S2,dqn,2,963
0.14056881333769206,8386.049999816667,1,2273.6,2293.5,S2,dqn,2,964
0.09633547412164714,7427.549999915384,1,2239.7399999323075,2330.0499999153844,S2,dqn,2,965
0.12430535244223458,9443.303152970559,3,2978.6025224351133,3026.753153043892,S2,dqn,2,966
0.09529309846953508,9895.644010482067,11,2900.5852085923734,3045.444010803053,S2,dqn,2,967
0.06308100929614874,8672.849070567285,3,2338.650476009997,2367.338095012496,S2,dqn,2,968
0.1151430565247732,7968.885131435842,5,2080.9025639034526,2106.6282048793155,S2,dqn,2,969
0.0735440931780366,8646.099999714626,4,2699.4199999809694,2875.0,S2,dqn,2,970
0.07633587786259542,9689.549999939843,1,2542.7399999518752,2581.549999939844,S2,dqn,2,971
0.09644364074743822,9460.07379553081,11,2512.184034880836,2535.7083331064287,S2,dqn,2,972
0.07892429114294067,9819.422690978357,8,2506.5,2573.5,S2,dqn,2,973
0.11534764498558155,8653.0,0,2374.2,2404.0,S2,dqn,2,974
0.13346354166666666,8517.673100622185,4,2685.7407883286605,2867.5102803403724,S2,dqn,2,975
0.09933774834437085,9805.080076056867,8,2597.42999978603,2619.649999749132,S2,dqn,2,976
0.06736321143799835,10488.557467508588,8,2781.2799998979995,2782.099999872499,S2,dqn,2,977
0.09626604434072346,9620.0,0,2493.6,2513.0,S2,dqn,2,978
0.07144940215806357,9880.704414177168,11,2715.219999979599,2797.5,S2,dqn,2,979
0.14810045074050227,8527.913868281346,5,2370.231094740979,2443.563868460791,S2,dqn,2,980
0.12898089171974522,8719.01930771135,5,2665.334999967983,2892.543749959979,S2,dqn,2,981
0.07462686567164178,8982.353571390287,1,2749.08285711223,2911.353571390288,S2,dqn,2,982
0.06578947368421052,8762.2424097854,5,2682.5287803313095,2742.660975414137,S2,dqn,2,983
0.11861009021049114,8284.0,0,2262.9,2287.5,S2,dqn,2,984
0.12210200927357033,8951.649999725596,3,2231.6499999195044,2243.0499999172043,S2,dqn,2,985
0.0746050321825629,9775.285185092958,2,2580.939999955362,2584.5499999442027,S2,dqn,2,986
0.0637649015802606,10419.433101679695,5,2980.444039656524,3072.4290322009756,S2,dqn,2,987
0.039383561643835614,8526.5,0,2293.8,2314.0,S2,dqn,2,988
0.10587431693989072,8257.115332763558,6,2300.3099999898686,2304.5,S2,dqn,2,989
0.13376036171816127,7283.5,0,2004.0,2024.5,S2,dqn,2,990
0.18804920913884007,7540.1999986709,4,2167.73999973418,2303.0,S2,dqn,2,991
0.09644364074743822,9461.14999970322,3,2319.429999940644,2339.0,S2,dqn,2,992
0.08251936679016504,8434.749999837646,2,2407.0,2450.5,S2,dqn,2,993
0.08775276611980161,7451.0,0,2091.0,2118.0,S2,dqn,2,994
0.12050030506406345,9154.806435236957,6,2404.471286903976,2446.1999997353073,S2,dqn,2,995
0.09946321439848436,8917.422904913385,8,2563.2683239945545,2590.322905005377,S2,dqn,2,996
0.08301578660860098,10481.230373479757,6,3206.094298877368,3261.480373606193,S2,dqn,2,997
0.1076923076923077,9103.0,0,2542.0,2642.0,S2,dqn,2,998
0.08295048494129657,11107.549999945775,1,2842.93999995662,2872.5499999457747,S2,dqn,2,999
0.11483067341377969,5293.3,1,1349.16,1384.8000000000002,S3,dqn,0,0
0.09230769230769231,5448.5,3,1510.8400000000001,1522.8000000000002,S3,dqn,0,1
0.12564818508177103,5114.900000000001,0,1367.88,1406.2,S3,dqn,0,2
0.13152728700431882,5224.900000000001,2,1316.44,1341.8,S3,dqn,0,3
0.14275517487508924,5671.900000000001,0,1551.92,1563.8000000000002,S3,dqn,0,4
0.14565043894652832,5085.700000000001,2,1410.76,1443.4,S3,dqn,0,5
0.13466717968449404,5265.3,0,1361.3600000000001,1367.0,S3,dqn,0,6
0.12438748586505842,5449.1,2,1418.48,1434.4,S3,dqn,0,7
0.13727121464226288,4875.3,0,1378.0800000000002,1422.6000000000001,S3,dqn,0,8
0.1296439628482972,5278.3,1,1497.2800000000002,1534.8000000000002,S3,dqn,0,9
0.14590347923681257,5393.1,1,1435.4800000000002,1456.2000000000003,S3,dqn,0,10
0.13188518231186966,5294.1,3,1474.0,1499.2,S3,dqn,0,11
0.10587295245705154,5176.1,0,1357.04,1359.0,S3,dqn,0,12
0.14064976228209192,5167.3,5,1369.72,1377.0,S3,dqn,0,13
0.1282051282051282,5816.900000000001,0,1658.5800000000002,1758.0000000000002,S3,dqn,0,14
0.1272264631043257,5636.700000000001,1,1548.32,1600.0,S3,dqn,0,15
0.14329580348004095,5911.700000000001,0,1608.9600000000003,1626.0000000000002,S3,dqn,0,16
0.09635974304068523,5824.900000000001,1,1565.3200000000002,1582.2,S3,dqn,0,17
0.13142857142857142,5368.5,0,1308.16,1315.8000000000002,S3,dqn,0,18
0.14258555133079848,5303.5,0,1457.76,1474.0,S3,dqn,0,19
0.1655087862689007,4909.900000000001,1,1488.24,1598.4,S3,dqn,0,20
0.13208269525267993,5328.900000000001,0,1446.0000000000002,1446.6000000000001,S3,dqn,0,21
0.1342281879194631,5780.700000000001,2,1627.96,1652.4,S3,dqn,0,22
0.1404827859121488,5120.900000000001,0,1431.52,1463.0,S3,dqn,0,23
0.12782512041496852,5509.3,1,1506.7200000000003,1512.8000000000002,S3,dqn,0,24
0.12791572610985705,5448.1,1,1446.8000000000002,1473.6000000000001,S3,dqn,0,25
0.10705921712947473,6178.3,0,1563.3200000000002,1578.4,S3,dqn,0,26
0.11980531636091352,5482.700000000001,1,1467.2800000000002,1470.4,S3,dqn,0,27
0.12028127313101407,5526.900000000001,0,1524.3200000000002,1547.8000000000002,S3,dqn,0,28
0.14647377938517178,5614.5,2,1486.04,1502.2,S3,dqn,0,29
0.13691128148959475,5598.3,2,1547.56,1589.4,S3,dqn,0,30
0.1497735980494601,5857.700000000001,4,1652.68,1703.0000000000002,S3,dqn,0,31
0.12263099219620958,5527.700000000001,2,1533.8,1570.0,S3,dqn,0,32
0.16306649724692926,4730.200000000001,0,1295.72,1329.6000000000001,S3,dqn,0,33
0.13193504736129905,6002.700000000001,0,1503.6,1509.0,S3,dqn,0,34
0.11865644395764878,5603.3,0,1679.8400000000001,1714.4,S3,dqn,0,35
0.11397058823529412,5589.5,0,1528.64,1598.0000000000002,S3,dqn,0,36
0.09555310547592796,5669.700000000001,1,1503.2800000000002,1505.4,S3,dqn,0,37
0.15734265734265734,5154.3,0,1336.64,1345.8000000000002,S3,dqn,0,38
0.1280148423005566,5510.5,0,1724.96,1810.6000000000001,S3,dqn,0,39
0.11398176291793313,5477.900000000001,5,1440.6800000000003,1455.0000000000002,S3,dqn,0,40
0.12769784172661872,5684.5,1,1663.0800000000002,1728.8000000000002,S3,dqn,0,41
0.134987230937614,5558.700000000001,0,1460.8400000000001,1486.2,S3,dqn,0,42
0.10710035700119,5211.700000000001,1,1493.96,1495.4,S3,dqn,0,43
0.1301561874249099,5070.900000000001,0,1521.16,1545.6000000000001,S3,dqn,0,44
0.14094955489614244,5485.700000000001,3,1597.64,1643.6000000000001,S3,dqn,0,45
0.14446529080675422,5381.5,1,1461.16,1481.2,S3,dqn,0,46
0.15579178885630499,5459.1,0,1314.88,1319.8000000000002,S3,dqn,0,47
0.09974610083424011,5717.900000000001,0,1659.32,1723.8,S3,dqn,0,48
0.11086474501108648,5565.700000000001,0,1444.0,1479.4,S3,dqn,0,49
0.12176845260397152,5479.3,0,1633.76,1695.6000000000001,S3,dqn,0,50
0.16318537859007834,4653.1,4,1206.44,1215.0,S3,dqn,0,51
0.1195065535851966,5345.3,1,1432.64,1441.0,S3,dqn,0,52
0.09919300605245461,6182.3,2,1698.7600000000002,1702.8000000000002,S3,dqn,0,53
0.13678905687544995,5623.1,0,1544.6000000000001,1572.8000000000002,S3,dqn,0,54
0.15390846496557312,4987.3,3,1311.88,1344.4,S3,dqn,0,55
0.14022603599832567,4836.3,0,1389.5200000000002,1409.6000000000001,S3,dqn,0,56
0.12937062937062938,5815.5,0,1560.8000000000002,1588.6000000000001,S3,dqn,0,57
0.1344187807648618,5409.700000000001,3,1380.6,1382.0,S3,dqn,0,58
0.16588602654176424,5119.900000000001,2,1524.04,1622.2,S3,dqn,0,59
0.11485148514851486,5174.5,0,1347.1200000000001,1365.6000000000001,S3,dqn,0,60
0.15327257663628832,4854.3,0,1353.88,1418.8000000000002,S3,dqn,0,61
0.09865971705137751,5578.700000000001,0,1540.6800000000003,1567.0000000000002,S3,dqn,0,62
0.14065510597302505,5258.5,0,1419.3600000000001,1431.8000000000002,S3,dqn,0,63
0.11659807956104253,6013.700000000001,2,1645.8000000000002,1679.8000000000002,S3,dqn,0,64
0.10838663823738451,5832.3,0,1683.96,1745.0,S3,dqn,0,65
0.1375515818431912,5898.1,1,1702.88,1745.8000000000002,S3,dqn,0,66
0.1366120218579235,5576.5,0,1592.8000000000002,1656.8000000000002,S3,dqn,0,67
0.15702795863653773,5219.700000000001,0,1432.64,1459.8000000000002,S3,dqn,0,68
0.15460167333575844,5510.3,0,1501.0,1525.2,S3,dqn,0,69
0.1286231884057971,5613.5,0,1461.5600000000002,1475.4,S3,dqn,0,70
0.13647219379051517,5935.700000000001,0,1840.64,1973.6000000000001,S3,dqn,0,71
0.16041747197526093,5210.900000000001,2,1351.68,1361.0,S3,dqn,0,72
0.12242518460940537,5352.1,5,1439.96,1464.8000000000002,S3,dqn,0,73
0.14446529080675422,5416.5,1,1464.88,1503.2000000000003,S3,dqn,0,74
0.14482259232440262,5569.650000000001,0,1509.75,1556.4,S3,dqn,0,75
0.1574074074074074,5397.5,0,1514.44,1519.2,S3,dqn,0,76
0.12467435802009676,5527.900000000001,2,1504.76,1533.2,S3,dqn,0,77
0.15355805243445692,5379.5,0,1560.72,1581.6000000000001,S3,dqn,0,78
0.1547427652733119,5009.85,0,1440.04,1495.4,S3,dqn,0,79
0.14152772392400156,5257.3,2,1465.36,1504.0,S3,dqn,0,80
0.14119922630560927,5266.5,0,1477.96,1516.8000000000002,S3,dqn,0,81
0.14722975590856258,5238.700000000001,3,1330.96,1339.4,S3,dqn,0,82
0.1506276150627615,4795.75,0,1245.3700000000001,1269.8000000000002,S3,dqn,0,83
0.12708333333333333,4894.5,1,1590.08,1676.0,S3,dqn,0,84
0.13005780346820808,5646.1,1,1452.0800000000002,1475.4,S3,dqn,0,85
0.1732776617954071,4738.500000000001,0,1272.8000000000002,1286.2000000000003,S3,dqn,0,86
0.14904610492845788,5072.700000000001,0,1280.96,1289.4,S3,dqn,0,87
0.12594458438287154,5686.3,0,1615.8799999999999,1652.0,S3,dqn,0,88
0.17439632042928324,5161.3,0,1493.7600000000002,1566.2000000000003,S3,dqn,0,89
0.1507257164123558,5418.900000000001,2,1556.28,1557.2,S3,dqn,0,90
0.15223771093176816,5476.700000000001,0,1452.0,1457.0,S3,dqn,0,91
0.146407899216888,5916.900000000001,0,1615.24,1640.0,S3,dqn,0,92
0.14412416851441243,5465.700000000001,0,1483.24,1497.0,S3,dqn,0,93
0.17342166796570538,5162.700000000001,5,1523.52,1557.4,S3,dqn,0,94
0.13058419243986255,5941.5,1,1777.1200000000001,1832.8000000000002,S3,dqn,0,95
0.16679021497405486,5388.1,0,1406.56,1422.0,S3,dqn,0,96
0.1647704982346018,5075.3,0,1451.5600000000002,1485.6000000000001,S3,dqn,0,97
0.148975791433892,5415.5,1,1496.7600000000002,1513.8000000000002,S3,dqn,0,98
0.15743550834597875,5361.700000000001,6,1414.88,1425.8000000000002,S3,dqn,0,99
0.1504957507082153,5693.3,1,1470.76,1495.4,S3,dqn,0,100
0.13584905660377358,5422.5,2,1418.8400000000001,1427.2,S3,dqn,0,101
0.15693553830577117,5961.1,1,1699.16,1785.0000000000002,S3,dqn,0,102
0.14622104063805544,5336.1,1,1399.72,1400.0,S3,dqn,0,103
0.1471097265489789,5834.3,1,1657.2,1679.6000000000001,S3,dqn,0,104
0.18419975440032746,4822.1,0,1439.3600000000001,1481.6000000000001,S3,dqn,0,105
0.16786570743405277,4993.900000000001,2,1310.0400000000002,1326.4,S3,dqn,0,106
0.18326865028029324,4582.05,0,1348.28,1412.6000000000001,S3,dqn,0,107
0.14659890539483972,5158.1,1,1320.4,1338.2,S3,dqn,0,108
0.14944649446494465,5443.5,0,1530.8400000000001,1557.2,S3,dqn,0,109
0.18808777429467086,5035.900000000001,0,1313.2,1313.4,S3,dqn,0,110
0.16733067729083664,4989.5,0,1349.8400000000001,1354.6000000000001,S3,dqn,0,111
0.16350423899878885,4970.900000000001,2,1366.6,1391.2,S3,dqn,0,112
0.15340706386014985,5658.1,0,1553.5600000000002,1564.4,S3,dqn,0,113
0.14134941575574822,5430.1,4,1439.52,1477.4,S3,dqn,0,114
0.20316509837467922,4541.1,0,1244.76,1278.6000000000001,S3,dqn,0,115
0.14667656888228742,5477.1,3,1433.4,1443.6000000000001,S3,dqn,0,116
0.1226478494623656,6101.700000000001,0,1635.1999999999998,1721.0,S3,dqn,0,117
0.16707274625826662,5744.1,1,1526.0400000000002,1554.6000000000001,S3,dqn,0,118
0.1519179642992784,5280.1,0,1433.96,1459.4,S3,dqn,0,119
0.13575458392101553,5764.700000000001,0,1484.88,1511.4,S3,dqn,0,120
0.15217391304347827,5535.5,0,1547.0800000000002,1588.2000000000003,S3,dqn,0,121
0.17960602549246812,5105.3,0,1311.88,1338.2,S3,dqn,0,122
0.14979338842975207,5842.3,0,1619.2400000000002,1651.8000000000002,S3,dqn,0,123
0.14998314796090326,5974.900000000001,0,1605.0800000000002,1624.2000000000003,S3,dqn,0,124
0.18547140649149924,5085.1,0,1320.96,1323.2,S3,dqn,0,125
0.16698656429942418,5229.5,1,1425.68,1432.8000000000002,S3,dqn,0,126
0.13770003721622628,5456.900000000001,1,1556.0800000000002,1561.6000000000001,S3,dqn,0,127
0.14888743455497383,6214.700000000001,3,1677.64,1737.8000000000002,S3,dqn,0,128
0.17389605314576007,5089.3,2,1491.16,1527.6000000000001,S3,dqn,0,129
0.1799280287884846,4929.700000000001,0,1346.5600000000002,1366.6000000000001,S3,dqn,0,130
0.18290258449304175,4953.5,0,1277.4,1290.8000000000002,S3,dqn,0,131
0.15145395799676897,4987.700000000001,0,1377.6,1413.2,S3,dqn,0,132
0.16279069767441862,5144.5,0,1397.96,1406.0,S3,dqn,0,133
0.14518413597733712,5692.3,0,1486.68,1487.6000000000001,S3,dqn,0,134
0.14542936288088643,5817.1,0,1609.16,1630.4,S3,dqn,0,135
0.15927189988623436,5279.900000000001,0,1397.72,1403.2,S3,dqn,0,136
0.16448598130841122,5324.5,0,1291.76,1302.4,S3,dqn,0,137
0.17483777937995673,5488.3,0,1545.16,1591.6000000000001,S3,dqn,0,138
0.1968019680196802,4757.3,0,1259.8000000000002,1284.8000000000002,S3,dqn,0,139
0.15130907854471268,5951.700000000001,1,1585.3600000000001,1595.2,S3,dqn,0,140
0.1513364779874214,5102.3,0,1422.6399999999999,1450.0,S3,dqn,0,141
0.16895874263261296,5065.5,0,1450.18,1537.6000000000001,S3,dqn,0,142
0.1725554642563681,4822.3,0,1469.8799999999999,1524.0,S3,dqn,0,143
0.18209083119108826,4597.3,0,1362.28,1403.2,S3,dqn,0,144
0.15406737880032867,4974.3,6,1496.2,1566.2,S3,dqn,0,145
0.18003913894324852,5036.5,0,1480.1200000000001,1560.8000000000002,S3,dqn,0,146
0.1590421729807005,5604.35,0,1411.64,1447.4,S3,dqn,0,147
0.16491754122938532,5314.1,0,1412.2,1429.0,S3,dqn,0,148
0.13628318584070798,5720.500000000001,0,1664.16,1722.4,S3,dqn,0,149
0.1629844259326331,5501.700000000001,0,1478.96,1481.2,S3,dqn,0,150
0.17,5004.5,1,1425.0,1504.2,S3,dqn,0,151
0.11954459203036052,5438.5,4,1653.0,1669.4,S3,dqn,0,152
0.13137852246763138,5330.700000000001,0,1492.24,1522.6000000000001,S3,dqn,0,153
0.17699115044247787,5380.900000000001,1,1372.8400000000001,1374.4,S3,dqn,0,154
0.13224426293271102,5238.450000000001,1,1348.88,1361.2,S3,dqn,0,155
0.18057060310581438,5487.3,1,1591.6000000000001,1629.6000000000001,S3,dqn,0,156
0.17381228273464658,5148.3,0,1280.92,1282.6000000000001,S3,dqn,0,157
0.1615675489859058,5826.8,1,1582.0000000000002,1603.6000000000001,S3,dqn,0,158
0.1721132897603486,4567.5,0,1175.44,1183.4,S3,dqn,0,159
0.13908205841446453,5849.700000000001,0,1672.1200000000001,1694.8000000000002,S3,dqn,0,160
0.13976891539321654,5455.1,0,1402.68,1402.8000000000002,S3,dqn,0,161
0.1592851592851593,5219.3,3,1369.72,1377.4,S3,dqn,0,162
0.1642194744976816,5204.1,2,1470.4,1487.6000000000001,S3,dqn,0,163
0.14130855594270228,5222.1,0,1513.0,1597.2,S3,dqn,0,164
0.14547628537265844,5049.3,0,1436.52,1438.0,S3,dqn,0,165
0.18706157443491817,5070.700000000001,2,1325.3200000000002,1329.8000000000002,S3,dqn,0,166
0.12448132780082988,5974.900000000001,5,1670.44,1725.4,S3,dqn,0,167
0.13429752066115702,5893.3,0,1722.0800000000002,1786.8000000000002,S3,dqn,0,168
0.1526296432511953,5455.3,0,1461.96,1466.4,S3,dqn,0,169
0.17755681818181818,5566.700000000001,0,1490.1200000000001,1504.6000000000001,S3,dqn,0,170
0.15746500777604977,5144.900000000001,0,1373.96,1408.0,S3,dqn,0,171
0.13144240747146316,5871.700000000001,0,1567.48,1611.8000000000002,S3,dqn,0,172
0.18161180476730987,5219.1,1,1448.96,1496.0,S3,dqn,0,173
0.1486156351791531,4957.700000000001,0,1289.0800000000002,1297.6000000000001,S3,dqn,0,174
0.10984368398817068,4877.900000000001,0,1217.92,1233.8000000000002,S3,dqn,0,175
0.12956419316843346,5194.900000000001,0,1358.76,1360.4,S3,dqn,0,176
0.1361432301380082,5447.700000000001,0,1354.8400000000001,1358.6000000000001,S3,dqn,0,177
0.16725978647686832,5605.5,0,1533.84,1629.0,S3,dqn,0,178
0.15229357798165138,5550.5,3,1540.8000000000002,1557.4,S3,dqn,0,179
0.17961733697774307,5049.700000000001,0,1494.2,1580.0000000000002,S3,dqn,0,180
0.13768389287061486,5376.700000000001,0,1376.96,1395.6000000000001,S3,dqn,0,181
0.14945138100643207,5309.1,0,1518.48,1591.8000000000002,S3,dqn,0,182
0.15903530234183852,5728.700000000001,1,1492.5200000000002,1523.8000000000002,S3,dqn,0,183
0.1467136150234742,5186.700000000001,2,1413.24,1447.6000000000001,S3,dqn,0,184
0.13630731102850063,4942.700000000001,2,1321.08,1340.0,S3,dqn,0,185
0.17006802721088435,5248.700000000001,0,1381.16,1414.4,S3,dqn,0,186
0.1519230769230769,5237.5,0,1522.16,1551.0,S3,dqn,0,187
0.145985401459854,5238.1,0,1521.8000000000002,1562.0000000000002,S3,dqn,0,188
0.14905149051490515,5188.1,0,1446.3600000000001,1458.4,S3,dqn,0,189
0.10626801152737753,5758.700000000001,1,1559.2800000000002,1584.8000000000002,S3,dqn,0,190
0.18689859363434494,5320.900000000001,0,1429.28,1472.4,S3,dqn,0,191
0.0700589970501475,5730.900000000001,0,1562.56,1567.2,S3,dqn,0,192
0.1489686783804431,5289.35,0,1417.4,1426.6000000000001,S3,dqn,0,193
0.1697825257535292,5216.700000000001,1,1371.56,1395.4,S3,dqn,0,194
0.10037878787878787,5462.5,0,1409.88,1418.2,S3,dqn,0,195
0.1446051167964405,5480.900000000001,3,1447.2400000000002,1466.8000000000002,S3,dqn,0,196
0.16786118445869483,5295.700000000001,2,1448.2000000000003,1466.8000000000002,S3,dqn,0,197
0.1375176304654443,5755.700000000001,1,1619.0,1643.2,S3,dqn,0,198
0.1734906315058987,5787.900000000001,4,1508.44,1526.4,S3,dqn,0,199
0.11042231693142193,5334.700000000001,2,1322.24,1327.0,S3,dqn,0,200
0.10552233556102708,5968.1,6,1636.68,1645.8000000000002,S3,dqn,0,201
0.15074525745257453,5982.900000000001,3,1600.2,1618.0,S3,dqn,0,202
0.1784997994384276,5002.6,5,1560.8,1670.6000000000001,S3,dqn,0,203
0.14928193499622072,5314.700000000001,0,1343.6000000000001,1372.0000000000002,S3,dqn,0,204
0.11554230339172568,5535.1,1,1540.96,1585.6000000000001,S3,dqn,0,205
0.17864003073376872,5200.1,4,1403.48,1406.4,S3,dqn,0,206
0.14385964912280702,5780.5,2,1501.8000000000002,1522.4,S3,dqn,0,207
0.14387071344107213,5158.650000000001,1,1349.72,1352.6000000000001,S3,dqn,0,208
0.1180952380952381,5374.5,0,1443.16,1464.4,S3,dqn,0,209
0.15438988095238096,5437.1,2,1505.92,1515.2,S3,dqn,0,210
0.12998901501281582,5549.700000000001,0,1494.3200000000002,1494.4,S3,dqn,0,211
0.16016200294550811,5437.700000000001,1,1488.0400000000002,1563.0000000000002,S3,dqn,0,212
0.1669254658385093,5143.700000000001,1,1543.48,1580.8000000000002,S3,dqn,0,213
0.13419117647058823,5518.5,0,1622.3600000000001,1669.6000000000001,S3,dqn,0,214
0.12357414448669202,5385.5,0,1433.6000000000001,1469.4,S3,dqn,0,215
0.13672616786935055,5359.1,2,1436.3600000000001,1451.0,S3,dqn,0,216
0.11148272017837235,5615.700000000001,6,1436.0800000000002,1459.8000000000002,S3,dqn,0,217
0.1744617668893838,5350.3,0,1609.1200000000001,1664.6000000000001,S3,dqn,0,218
0.13927030207924676,5170.3,1,1377.5200000000002,1399.8000000000002,S3,dqn,0,219
0.13157894736842105,5419.900000000001,6,1564.68,1585.2,S3,dqn,0,220
0.12830188679245283,5417.5,1,1454.2,1454.4,S3,dqn,0,221
0.10775047258979206,5546.5,6,1428.52,1440.0,S3,dqn,0,222
0.16117605384342898,5641.35,0,1692.88,1723.2,S3,dqn,0,223
0.14796102490075785,5599.700000000001,1,1430.4,1439.4,S3,dqn,0,224
0.12950450450450451,5439.3,0,1354.76,1374.0,S3,dqn,0,225
0.10976532929598788,5501.900000000001,5,1479.96,1506.8000000000002,S3,dqn,0,226
0.13462267728479332,5356.900000000001,0,1331.3600000000001,1333.6000000000001,S3,dqn,0,227
0.125128556736373,6016.900000000001,4,1711.44,1746.6000000000001,S3,dqn,0,228
0.1422680412371134,4903.5,0,1449.32,1509.4,S3,dqn,0,229
0.09485589201021526,5685.700000000001,0,1557.48,1595.4,S3,dqn,0,230
0.09210526315789473,5525.5,0,1554.2,1609.6000000000001,S3,dqn,0,231
0.09808102345415778,4855.5,0,1301.88,1320.8000000000002,S3,dqn,0,232
0.1710673112681294,5345.3,0,1432.8400000000001,1444.8000000000002,S3,dqn,0,233
0.15045871559633028,5480.5,0,1515.6000000000001,1518.2,S3,dqn,0,234
0.13955342902711323,5065.1,0,1255.92,1269.2,S3,dqn,0,235
0.13043478260869565,5842.5,0,1697.96,1745.6000000000001,S3,dqn,0,236
0.15858208955223882,5400.5,3,1406.8000000000002,1416.6000000000001,S3,dqn,0,237
0.09982486865148861,5959.500000000001,3,1619.96,1635.4,S3,dqn,0,238
0.1831107281344248,4565.200000000001,0,1249.3000000000002,1295.6000000000001,S3,dqn,0,239
0.1585014409221902,4872.3,1,1363.1200000000001,1415.6000000000001,S3,dqn,0,240
0.09690581434886093,6162.700000000001,2,1621.64,1650.6000000000001,S3,dqn,0,241
0.1210564930300807,5601.700000000001,1,1570.8,1613.0,S3,dqn,0,242
0.17151974471479856,4966.900000000001,0,1349.28,1364.0,S3,dqn,0,243
0.18224699828473415,4632.900000000001,2,1294.2,1319.4,S3,dqn,0,244
0.1782292065925642,5169.3,0,1319.8,1320.0,S3,dqn,0,245
0.13188518231186966,5262.1,2,1432.4,1459.0,S3,dqn,0,246
0.12459807073954984,5069.1,0,1339.1200000000001,1346.4,S3,dqn,0,247
0.14733660748016622,5342.900000000001,0,1432.3999999999999,1482.0,S3,dqn,0,248
0.09241432422025414,5428.900000000001,2,1495.96,1497.4,S3,dqn,0,249
0.14152772392400156,5244.3,2,1316.1200000000001,1345.6000000000001,S3,dqn,0,250
0.17102229054573406,5177.900000000001,0,1395.56,1432.2,S3,dqn,0,251
0.17473118279569894,5178.3,0,1491.92,1527.0,S3,dqn,0,252
0.17341040462427745,5151.5,0,1410.52,1451.4,S3,dqn,0,253
0.13250883392226148,5776.500000000001,1,1507.52,1527.2,S3,dqn,0,254
0.15827612509534705,5247.900000000001,0,1583.0,1615.4,S3,dqn,0,255
0.15743550834597875,5268.700000000001,0,1621.16,1705.0000000000002,S3,dqn,0,256
0.14167862266857964,5647.1,0,1536.8000000000002,1542.4,S3,dqn,0,257
0.16225289071242074,5347.950000000001,0,1557.81,1636.6000000000001,S3,dqn,0,258
0.11865644395764878,5650.3,3,1427.96,1431.0,S3,dqn,0,259
0.10256410256410256,5232.5,0,1502.44,1560.2,S3,dqn,0,260
0.11225266362252663,5451.1,4,1424.6000000000001,1461.6000000000001,S3,dqn,0,261
0.11288439081354612,5314.3,3,1607.3200000000002,1679.8000000000002,S3,dqn,0,262
0.10217113665389528,6473.900000000001,0,1870.0400000000002,1900.8000000000002,S3,dqn,0,263
0.08827238335435057,6609.900000000001,0,1777.52,1794.2,S3,dqn,0,264
0.18436578171091444,5333.900000000001,0,1527.64,1562.2,S3,dqn,0,265
0.0951417004048583,5145.5,2,1299.44,1301.2,S3,dqn,0,266
0.12258842443729903,5107.1,1,1413.32,1476.4,S3,dqn,0,267
0.14239365537130497,5616.3,0,1496.5200000000002,1503.4,S3,dqn,0,268
0.16434440871739908,5611.3,2,1583.28,1617.2,S3,dqn,0,269
0.18689859363434494,5320.900000000001,0,1577.7600000000002,1659.8000000000002,S3,dqn,0,270
0.1308139534883721,4903.35,0,1285.3300000000002,1300.6000000000001,S3,dqn,0,271
0.18496420047732698,4970.3,0,1463.0400000000002,1518.8000000000002,S3,dqn,0,272
0.09262759924385633,5522.5,0,1550.88,1589.8000000000002,S3,dqn,0,273
0.1377467105263158,4930.900000000001,0,1403.0800000000002,1429.4,S3,dqn,0,274
0.18281191104410102,5260.35,2,1465.3200000000002,1489.0000000000002,S3,dqn,0,275
0.1578332034294622,5187.700000000001,4,1406.0800000000002,1441.4,S3,dqn,0,276
0.15739385065885797,5461.900000000001,0,1487.32,1490.0,S3,dqn,0,277
0.1502225519287834,5432.700000000001,0,1409.96,1427.0,S3,dqn,0,278
0.150466966447596,5805.700000000001,0,1530.6000000000001,1554.8000000000002,S3,dqn,0,279
0.14132165605095542,5067.900000000001,0,1377.48,1406.4,S3,dqn,0,280
0.11187297004691447,5739.700000000001,3,1559.28,1587.4,S3,dqn,0,281
0.13793103448275862,5028.5,2,1419.8400000000001,1429.4,S3,dqn,0,282
0.19164430816404754,5112.3,0,1433.52,1488.4,S3,dqn,0,283
0.17985611510791366,5237.700000000001,0,1404.8000000000002,1477.8000000000002,S3,dqn,0,284
0.16972635954277798,5743.900000000001,1,1523.96,1569.0,S3,dqn,0,285
0.15135135135135136,5635.500000000001,3,1479.1200000000001,1495.6000000000001,S3,dqn,0,286
0.15052888527257932,4978.1,3,1512.32,1545.4,S3,dqn,0,287
0.12792397660818713,5576.700000000001,0,1469.96,1498.8000000000002,S3,dqn,0,288
0.16241299303944315,5261.700000000001,5,1426.3600000000001,1454.8000000000002,S3,dqn,0,289
0.13994910941475827,5557.700000000001,0,1485.2,1513.4,S3,dqn,0,290
0.16294050776809396,5257.3,0,1370.52,1383.0,S3,dqn,0,291
0.16864699118436183,5179.3,0,1320.76,1327.0,S3,dqn,0,292
0.08912655971479501,5873.500000000001,2,1667.68,1696.8000000000002,S3,dqn,0,293
0.13883532587736214,5240.1,0,1493.16,1510.8000000000002,S3,dqn,0,294
0.0914179104477612,5657.5,6,1417.3200000000002,1434.4,S3,dqn,0,295
0.09052183173588925,5891.900000000001,1,1561.5600000000002,1610.6000000000001,S3,dqn,0,296
0.12330946698488465,5146.3,0,1355.72,1368.4,S3,dqn,0,297
0.1859278162595698,5433.1,3,1413.96,1418.2,S3,dqn,0,298
0.13053097345132744,4605.5,0,1229.44,1238.2,S3,dqn,0,299
0.21293375394321767,4926.700000000001,1,1464.16,1517.8000000000002,S3,dqn,0,300
0.101415996938385,5426.1,1,1425.72,1446.2,S3,dqn,0,301
0.09324878776575904,5621.450000000001,2,1677.2,1712.0,S3,dqn,0,302
0.15789473684210525,5380.5,5,1621.3200000000002,1625.4,S3,dqn,0,303
0.1341222879684418,5164.500000000001,1,1349.64,1389.2000000000003,S3,dqn,0,304
0.18601190476190477,5296.1,0,1373.1200000000001,1376.2,S3,dqn,0,305
0.1519179642992784,5337.1,4,1384.3200000000002,1394.6000000000001,S3,dqn,0,306
0.13394495412844037,5524.5,0,1444.88,1477.2,S3,dqn,0,307
0.12169680111265646,5908.700000000001,2,1611.5600000000002,1685.8000000000002,S3,dqn,0,308
0.13523260007212407,5618.1,0,1716.32,1815.0,S3,dqn,0,309
0.13193968471555861,5925.1,0,1513.2,1526.6000000000001,S3,dqn,0,310
0.16976998904709747,5478.3,2,1377.64,1385.8000000000002,S3,dqn,0,311
0.16310679611650486,5161.5,1,1522.36,1593.0,S3,dqn,0,312
0.12564671101256467,5517.700000000001,0,1512.92,1566.8000000000002,S3,dqn,0,313
0.13677811550151975,5353.900000000001,1,1501.6,1504.0,S3,dqn,0,314
0.1005852231163131,5667.3,0,1662.2000000000003,1686.8000000000002,S3,dqn,0,315
0.14106583072100312,5172.900000000001,1,1457.08,1481.0,S3,dqn,0,316
0.18234165067178504,5154.5,2,1287.0,1299.0,S3,dqn,0,317
0.12987012987012986,5161.700000000001,0,1446.1200000000001,1495.8000000000002,S3,dqn,0,318
0.1591793420587195,5646.900000000001,0,1702.24,1760.4,S3,dqn,0,319
0.12609649122807018,5572.700000000001,0,1541.8000000000002,1571.0000000000002,S3,dqn,0,320
0.14076576576576577,5388.3,0,1517.72,1529.2,S3,dqn,0,321
0.1094759511844939,5735.700000000001,0,1519.1200000000001,1524.6000000000001,S3,dqn,0,322
0.11619047619047619,5391.5,0,1534.24,1539.2,S3,dqn,0,323
0.17857142857142858,4860.3,0,1274.2800000000002,1285.4,S3,dqn,0,324
0.1727410782080486,5216.3,0,1408.8000000000002,1445.0000000000002,S3,dqn,0,325
0.1142975893599335,4979.700000000001,3,1318.96,1349.6000000000001,S3,dqn,0,326
0.11564092512740103,5277.700000000001,4,1535.2,1590.8000000000002,S3,dqn,0,327
0.06996974281391831,5567.3,0,1576.48,1611.0,S3,dqn,0,328
0.16588602654176424,5098.900000000001,0,1580.04,1696.0,S3,dqn,0,329
0.10062202707647273,5728.1,6,1520.2,1542.0,S3,dqn,0,330
0.10918829831067162,4998.900000000001,0,1358.92,1408.6000000000001,S3,dqn,0,331
0.1524628616106333,5127.1,0,1424.76,1455.0,S3,dqn,0,332
0.11267085334318434,5569.900000000001,1,1639.52,1676.6000000000001,S3,dqn,0,333
0.17947717518532968,5067.1,1,1334.52,1344.4,S3,dqn,0,334
0.11664899257688228,5795.3,0,1607.96,1626.0,S3,dqn,0,335
0.17942583732057416,4955.1,0,1270.3600000000001,1299.9,S3,dqn,0,336
0.10989010989010989,4916.700000000001,4,1269.7600000000002,1289.6000000000001,S3,dqn,0,337
0.11001100110011001,5643.900000000001,1,1605.08,1660.2,S3,dqn,0,338
0.14393939393939395,5351.5,1,1462.9200000000003,1485.0000000000002,S3,dqn,0,339
0.12448132780082988,5424.700000000001,1,1546.64,1572.6000000000001,S3,dqn,0,340
0.16251354279523295,5567.3,2,1595.68,1647.2,S3,dqn,0,341
0.11776061776061776,5309.5,0,1509.36,1561.2,S3,dqn,0,342
0.1294559099437148,5426.500000000001,0,1576.3600000000001,1648.2000000000003,S3,dqn,0,343
0.15432098765432098,4867.5,0,1311.76,1344.6000000000001,S3,dqn,0,344
0.11825572801182557,5610.700000000001,3,1538.5200000000002,1541.6000000000001,S3,dqn,0,345
0.14280856851411083,5963.700000000001,0,1595.84,1640.0,S3,dqn,0,346
0.13701201201201202,5390.3,0,1434.44,1500.4,S3,dqn,0,347
0.13494062612450522,5684.3,2,1399.2400000000002,1416.8000000000002,S3,dqn,0,348
0.13543599257884972,5471.5,1,1461.76,1474.2,S3,dqn,0,349
0.16565118050266564,5245.700000000001,1,1526.8000000000002,1585.8000000000002,S3,dqn,0,350
0.13291634089132134,5187.1,0,1469.68,1519.0000000000002,S3,dqn,0,351
0.17037302725968437,5544.1,1,1530.44,1539.4,S3,dqn,0,352
0.11979358643568006,5546.1,0,1479.0400000000002,1494.8000000000002,S3,dqn,0,353
0.07806691449814127,5736.500000000001,7,1543.08,1591.0,S3,dqn,0,354
0.18097805159799768,5116.900000000001,0,1467.48,1515.6000000000001,S3,dqn,0,355
0.1340722202359671,5740.900000000001,1,1426.8400000000001,1439.0000000000002,S3,dqn,0,356
0.14445300462249616,5246.700000000001,1,1466.5600000000002,1500.6000000000001,S3,dqn,0,357
0.15991074748977316,5408.3,2,1432.68,1447.8000000000002,S3,dqn,0,358
0.18796992481203006,4694.55,0,1416.96,1474.2,S3,dqn,0,359
0.08873456790123457,5393.900000000001,0,1424.48,1438.4,S3,dqn,0,360
0.16197935208259168,5744.3,7,1472.68,1473.8000000000002,S3,dqn,0,361
0.17781690140845072,5624.5,0,1433.1200000000001,1438.2,S3,dqn,0,362
0.1461339252682205,5547.1,7,1537.3600000000001,1575.4,S3,dqn,0,363
0.13313609467455623,5504.3,0,1464.1200000000001,1475.8000000000002,S3,dqn,0,364
0.1636029411764706,5432.5,0,1447.5600000000002,1468.6000000000001,S3,dqn,0,365
0.146,5034.5,0,1292.28,1296.0,S3,dqn,0,366
0.11027963765261914,5221.3,0,1402.2400000000002,1409.6000000000001,S3,dqn,0,367
0.10446175637393768,5826.3,0,1621.4800000000002,1624.0000000000002,S3,dqn,0,368
0.10754467240238252,6278.900000000001,2,1719.5600000000002,1737.6000000000001,S3,dqn,0,369
0.06900033658700774,6288.700000000001,2,1758.2000000000003,1781.8000000000002,S3,dqn,0,370
0.13326226012793177,5738.8,1,1565.36,1601.2,S3,dqn,0,371
0.08972890416189386,5508.55,0,1522.0400000000002,1579.8000000000002,S3,dqn,0,372
0.15055467511885895,5064.3,0,1369.4,1396.0,S3,dqn,0,373
0.10163411717815862,5272.3,7,1453.32,1509.2,S3,dqn,0,374
0.11847463902258423,5558.700000000001,1,1546.64,1588.0000000000002,S3,dqn,0,375
0.1524163568773234,5398.5,0,1470.64,1474.0,S3,dqn,0,376
0.10065949323151684,6037.700000000001,4,1789.24,1858.6000000000001,S3,dqn,0,377
0.12272089761570827,5841.900000000001,0,1619.2,1694.0000000000002,S3,dqn,0,378
0.1761252446183953,5049.5,0,1600.64,1629.2,S3,dqn,0,379
0.11456908344733242,6011.3,1,1629.0800000000002,1665.4,S3,dqn,0,380
0.11583744777819978,5399.1,0,1376.92,1378.6000000000001,S3,dqn,0,381
0.16817359855334538,5492.5,0,1473.76,1510.4,S3,dqn,0,382
0.1652892561983471,5073.700000000001,0,1400.3200000000002,1442.6000000000001,S3,dqn,0,383
0.15267175572519084,5251.5,0,1408.8000000000002,1413.8000000000002,S3,dqn,0,384
0.08392857142857142,5935.5,5,1593.28,1642.2,S3,dqn,0,385
0.08221225710014948,5595.700000000001,0,1431.1200000000001,1436.4,S3,dqn,0,386
0.10095238095238095,5433.500000000001,0,1523.96,1525.6000000000001,S3,dqn,0,387
0.14796310530361262,5249.900000000001,0,1433.8,1460.2,S3,dqn,0,388
0.1282521069989007,5574.3,1,1340.0600000000002,1362.4,S3,dqn,0,389
0.17557251908396945,5230.5,2,1502.56,1586.2,S3,dqn,0,390
0.15480498592681946,4991.900000000001,0,1344.04,1398.0,S3,dqn,0,391
0.16755521706016754,5229.700000000001,1,1452.1600000000003,1475.2000000000003,S3,dqn,0,392
0.15072347266881028,4991.35,0,1518.88,1538.0000000000002,S3,dqn,0,393
0.1879547291835085,4862.3,0,1328.92,1334.8000000000002,S3,dqn,0,394
0.12367491166077739,5230.900000000001,2,1432.2800000000002,1440.6000000000001,S3,dqn,0,395
0.19482952416635443,5245.3,0,1393.8400000000001,1411.6000000000001,S3,dqn,0,396
0.16924738926899532,5568.900000000001,2,1457.76,1460.2,S3,dqn,0,397
0.09690644800596347,5578.1,0,1574.44,1640.4,S3,dqn,0,398
0.13153279551034724,5799.700000000001,0,1627.7600000000002,1643.6000000000001,S3,dqn,0,399
0.2229911572472126,4993.700000000001,0,1332.56,1359.0,S3,dqn,0,400
0.11202389843166542,5543.1,3,1418.84,1420.0,S3,dqn,0,401
0.14653323802716225,5644.1,1,1459.0400000000002,1478.6000000000001,S3,dqn,0,402
0.11266511266511267,5362.3,5,1464.8000000000002,1503.8000000000002,S3,dqn,0,403
0.08221225710014948,5623.700000000001,1,1503.0800000000002,1521.6000000000001,S3,dqn,0,404
0.11755168220510742,5046.900000000001,0,1458.84,1485.0,S3,dqn,0,405
0.1704341585934697,5558.900000000001,0,1474.64,1485.6000000000001,S3,dqn,0,406
0.12322628827483197,5463.1,0,1467.64,1478.2,S3,dqn,0,407
0.09233791748526522,5317.5,1,1387.88,1391.2,S3,dqn,0,408
0.09976057462090981,5180.700000000001,0,1456.88,1476.2,S3,dqn,0,409
0.13041810510164942,5385.900000000001,3,1510.1200000000001,1533.4,S3,dqn,0,410
0.09518023491292021,5117.3,0,1435.48,1455.6000000000001,S3,dqn,0,411
0.09740259740259741,5110.3,0,1393.64,1442.4,S3,dqn,0,412
0.0696926375982845,5963.1,4,1517.44,1546.6000000000001,S3,dqn,0,413
0.15005557613931086,5429.3,0,1531.1200000000001,1541.8000000000002,S3,dqn,0,414
0.08333333333333333,5738.500000000001,7,1533.4,1558.6000000000001,S3,dqn,0,415
0.18495166036149643,4706.8,1,1363.4,1398.6000000000001,S3,dqn,0,416
0.06649892163910856,5888.900000000001,1,1557.6000000000001,1581.8000000000002,S3,dqn,0,417
0.16751638747268754,5456.700000000001,0,1581.92,1612.2,S3,dqn,0,418
0.1765375854214123,5232.3,1,1491.08,1537.2,S3,dqn,0,419
0.13718946978123842,5489.900000000001,1,1395.76,1410.2,S3,dqn,0,420
0.18235950874581316,5294.900000000001,0,1524.2,1559.4,S3,dqn,0,421
0.09557721139430285,5546.1,0,1560.44,1567.6000000000001,S3,dqn,0,422
0.1355258402602096,5642.900000000001,2,1713.2800000000002,1805.0000000000002,S3,dqn,0,423
0.19294377067254687,5332.700000000001,0,1520.1200000000001,1539.0,S3,dqn,0,424
0.11804721888755502,5132.8,0,1469.48,1512.8000000000002,S3,dqn,0,425
0.1254681647940075,5439.5,0,1587.64,1632.6000000000001,S3,dqn,0,426
0.1278906797477225,5867.3,3,1617.2800000000002,1640.8000000000002,S3,dqn,0,427
0.1828358208955224,5308.5,1,1527.08,1554.0,S3,dqn,0,428
0.13527397260273974,5917.500000000001,0,1594.6000000000001,1596.6000000000001,S3,dqn,0,429
0.11344104503265727,5971.3,0,1595.96,1627.8000000000002,S3,dqn,0,430
0.1467631684760756,5000.900000000001,0,1359.56,1420.2,S3,dqn,0,431
0.1906779661016949,5124.95,0,1460.68,1510.6000000000001,S3,dqn,0,432
0.2041191614564178,5328.3,1,1474.0400000000002,1485.6000000000001,S3,dqn,0,433
0.12004365223717715,5665.3,2,1588.24,1614.4,S3,dqn,0,434
0.15040650406504066,4970.25,0,1493.72,1547.4,S3,dqn,0,435
0.05301794453507341,5205.900000000001,0,1477.44,1480.6000000000001,S3,dqn,0,436
0.0801952580195258,6006.1,0,1791.2400000000002,1856.0000000000002,S3,dqn,0,437
0.10008340283569642,4960.1,0,1340.96,1367.2,S3,dqn,0,438
0.14771048744460857,5463.1,1,1414.1200000000001,1423.0,S3,dqn,0,439
0.1932644469957903,5152.1,2,1403.0800000000002,1438.6000000000001,S3,dqn,0,440
0.09584664536741214,5840.900000000001,0,1742.84,1802.0,S3,dqn,0,441
0.14628199918732224,4949.700000000001,0,1395.7,1449.4,S3,dqn,0,442
0.20644907589461267,4932.1,0,1293.2800000000002,1303.4,S3,dqn,0,443
0.18680899733130005,5168.35,0,1454.2,1511.0,S3,dqn,0,444
0.12157468159011965,5393.700000000001,8,1529.3200000000002,1543.8000000000002,S3,dqn,0,445
0.1348747591522158,5256.5,0,1443.7600000000002,1450.6000000000001,S3,dqn,0,446
0.07965242577842144,5779.900000000001,0,1556.2400000000002,1576.6000000000001,S3,dqn,0,447
0.08880028996013048,5743.3,0,1609.92,1678.8000000000002,S3,dqn,0,448
0.16436903499469777,5756.3,3,1692.8000000000002,1730.8000000000002,S3,dqn,0,449
0.17391304347826086,5234.5,0,1499.68,1511.2,S3,dqn,0,450
0.1526580459770115,5608.3,2,1436.2000000000003,1457.8000000000002,S3,dqn,0,451
0.15098722415795587,5202.1,0,1420.64,1463.6000000000001,S3,dqn,0,452
0.1767275615567911,5054.1,4,1416.16,1417.8000000000002,S3,dqn,0,453
0.11670313639679067,5628.900000000001,1,1484.88,1494.0,S3,dqn,0,454
0.17254313578394598,5297.700000000001,1,1481.44,1521.6000000000001,S3,dqn,0,455
0.14675414364640885,5828.700000000001,0,1635.16,1635.8000000000002,S3,dqn,0,456
0.1466615206483983,5236.700000000001,0,1307.68,1319.4,S3,dqn,0,457
0.17478397486252945,5067.700000000001,1,1320.3600000000001,1323.0,S3,dqn,0,458
0.13785394932935915,5428.3,0,1563.4,1605.8000000000002,S3,dqn,0,459
0.1172291296625222,5782.500000000001,1,1526.8400000000001,1555.6000000000001,S3,dqn,0,460
0.17765567765567766,5393.250000000001,0,1534.0000000000002,1593.7500000000002,S3,dqn,0,461
0.13685789276340457,5420.900000000001,0,1541.8799999999999,1609.0,S3,dqn,0,462
0.17961733697774307,5053.700000000001,0,1505.44,1562.0,S3,dqn,0,463
0.11557610241820768,5804.900000000001,2,1469.72,1488.4,S3,dqn,0,464
0.16157358623112048,5683.900000000001,0,1432.3200000000002,1446.8000000000002,S3,dqn,0,465
0.13470400567174762,5788.700000000001,3,1696.92,1780.2,S3,dqn,0,466
0.11049723756906077,5580.5,0,1478.8400000000001,1498.2,S3,dqn,0,467
0.12347888332140301,5730.3,0,1445.2000000000003,1455.2000000000003,S3,dqn,0,468
0.1419800460475825,5321.700000000001,4,1433.7200000000003,1448.8000000000002,S3,dqn,0,469
0.09845288326300984,5903.3,0,1769.68,1826.0000000000002,S3,dqn,0,470
0.1328095772540217,5422.1,0,1400.6000000000001,1413.6000000000001,S3,dqn,0,471
0.10009845749917952,6360.900000000001,4,1633.32,1661.0,S3,dqn,0,472
0.17970797454137027,5267.700000000001,0,1523.8400000000001,1544.2,S3,dqn,0,473
0.25796049979846836,4710.450000000001,2,1223.64,1226.8000000000002,S3,dqn,0,474
0.21781789638932497,4929.85,0,1426.36,1495.2,S3,dqn,0,475
0.13864201919658728,5708.1,0,1606.04,1633.4,S3,dqn,0,476
0.14332965821389196,5525.700000000001,0,1456.04,1492.2,S3,dqn,0,477
0.14530254777070065,5055.900000000001,0,1439.76,1448.2,S3,dqn,0,478
0.10535714285714286,5906.5,7,1469.44,1472.2,S3,dqn,0,479
0.1532229658330398,5711.3,0,1601.48,1660.2,S3,dqn,0,480
0.1710066070734551,5100.1,0,1325.5600000000002,1339.6000000000001,S3,dqn,0,481
0.044915558749550846,5958.1,1,1708.24,1782.8000000000002,S3,dqn,0,482
0.11917858452511917,5686.900000000001,7,1563.24,1609.6000000000001,S3,dqn,0,483
0.10508215513947268,5536.900000000001,10,1441.88,1470.2,S3,dqn,0,484
0.14777327935222673,5033.5,3,1390.8400000000001,1404.0000000000002,S3,dqn,0,485
0.18791451731761238,5377.3,3,1524.6000000000001,1535.2,S3,dqn,0,486
0.1241880015284677,5395.900000000001,4,1416.48,1458.8000000000002,S3,dqn,0,487
0.18152480839048002,4934.05,3,1357.4,1360.2,S3,dqn,0,488
0.16577743902439024,5218.3,0,1490.48,1539.8000000000002,S3,dqn,0,489
0.06343283582089553,5659.500000000001,0,1509.52,1535.4,S3,dqn,0,490
0.17923133776792313,5403.700000000001,5,1495.0800000000002,1558.0000000000002,S3,dqn,0,491
0.14202334630350194,5193.5,0,1404.4,1409.4,S3,dqn,0,492
0.15781922525107603,5591.1,1,1547.96,1575.0,S3,dqn,0,493
0.13311451495258936,5572.650000000001,0,1473.3,1520.4,S3,dqn,0,494
0.22525991528686948,4978.900000000001,0,1308.7600000000002,1312.4,S3,dqn,0,495
0.08744656043528955,5362.1,0,1433.0,1445.4,S3,dqn,0,496
0.16117348786671495,5524.700000000001,1,1418.8400000000001,1427.2,S3,dqn,0,497
0.09038461538461538,5463.75,1,1598.16,1647.4,S3,dqn,0,498
0.10381781647689216,6197.700000000001,1,1630.8400000000001,1673.4,S3,dqn,0,499
0.14334470989761092,5957.500000000001,2,1674.4,1686.8000000000002,S3,dqn,0,500
0.10181414291003332,5597.700000000001,1,1631.0800000000002,1676.4,S3,dqn,0,501
0.1986491855383393,4957.400000000001,1,1333.0,1362.0,S3,dqn,0,502
0.12972972972972974,5676.5,2,1567.4,1569.4,S3,dqn,0,503
0.1278724981467754,5517.1,1,1448.96,1469.6000000000001,S3,dqn,0,504
0.13696060037523453,5395.25,0,1508.68,1510.6000000000001,S3,dqn,0,505
0.17061781609195403,5542.3,0,1475.4,1504.4,S3,dqn,0,506
0.19485737243873041,4875.3,0,1346.44,1351.8000000000002,S3,dqn,0,507
0.17384731670445955,5273.700000000001,1,1448.7600000000002,1468.0000000000002,S3,dqn,0,508
0.17642497091896084,5197.3,6,1534.5200000000002,1591.2000000000003,S3,dqn,0,509
0.1617391304347826,5787.5,1,1566.24,1620.8000000000002,S3,dqn,0,510
0.1533354410369902,6354.1,0,1837.1200000000001,1870.2,S3,dqn,0,511
0.1781305114638448,5603.000000000001,0,1461.04,1466.2,S3,dqn,0,512
0.178714859437751,4932.25,0,1326.44,1337.8000000000002,S3,dqn,0,513
0.1561439239646979,5999.700000000001,7,1715.24,1728.4,S3,dqn,0,514
0.19658753709198812,5347.700000000001,5,1352.56,1354.2,S3,dqn,0,515
0.15544926545951487,5898.900000000001,1,1716.6,1769.2,S3,dqn,0,516
0.15694164989939638,4976.5,0,1249.52,1251.2,S3,dqn,0,517
0.10959939531368103,5445.700000000001,0,1541.1200000000001,1581.6000000000001,S3,dqn,0,518
0.15019762845849802,5087.5,0,1457.8400000000001,1501.4,S3,dqn,0,519
0.17467248908296942,4995.55,1,1357.0800000000002,1361.6000000000001,S3,dqn,0,520
0.1606425702811245,4973.75,0,1357.2,1359.2,S3,dqn,0,521
0.12581014105985514,5347.1,0,1592.92,1622.8000000000002,S3,dqn,0,522
0.14625850340136054,5932.5,1,1494.0,1508.4,S3,dqn,0,523
0.0687732342007435,5668.500000000001,0,1644.6000000000001,1669.6000000000001,S3,dqn,0,524
0.10742496050552923,6543.5,1,1812.72,1860.0,S3,dqn,0,525
0.116,5139.5,0,1523.16,1562.4,S3,dqn,0,526
0.13392857142857142,4992.3,0,1483.92,1550.8000000000002,S3,dqn,0,527
0.10208087946603847,5263.900000000001,0,1540.3600000000001,1580.2,S3,dqn,0,528
0.18238993710691823,4725.5,1,1259.0800000000002,1262.2,S3,dqn,0,529
0.11363636363636363,4981.5,0,1384.5600000000002,1411.8000000000002,S3,dqn,0,530
0.11391954432182272,5783.3,0,1616.0,1672.0,S3,dqn,0,531
0.1901651940069151,5140.1,0,1389.9600000000003,1396.8000000000002,S3,dqn,0,532
0.15062454077883908,5463.900000000001,0,1458.52,1480.2,S3,dqn,0,533
0.1731123388581952,5396.5,0,1462.16,1493.4,S3,dqn,0,534
0.14118457300275483,5911.3,3,1674.56,1754.0,S3,dqn,0,535
0.09217456734386757,5541.1,0,1423.3200000000002,1424.4,S3,dqn,0,536
0.14495225102319237,5942.900000000001,0,1577.88,1586.2,S3,dqn,0,537
0.155812324929972,5736.700000000001,0,1555.4,1579.2,S3,dqn,0,538
0.07917174177831912,5152.1,0,1607.24,1672.4,S3,dqn,0,539
0.08205494113449875,5878.1,0,1634.88,1656.6000000000001,S3,dqn,0,540
0.13029315960912052,5634.1,0,1559.04,1576.0,S3,dqn,0,541
0.1321353065539112,5781.1,0,1642.7600000000002,1695.0000000000002,S3,dqn,0,542
0.18264014466546113,5492.5,2,1521.0400000000002,1537.8000000000002,S3,dqn,0,543
0.1686541737649063,5830.5,0,1593.8400000000001,1620.8000000000002,S3,dqn,0,544
0.181640625,5051.5,0,1428.6000000000001,1487.4,S3,dqn,0,545
0.11996746644977634,5055.05,0,1457.8400000000001,1502.8000000000002,S3,dqn,0,546
0.15145778114350625,5323.700000000001,2,1500.6000000000001,1525.0000000000002,S3,dqn,0,547
0.07836990595611286,6013.700000000001,0,1614.88,1644.6000000000001,S3,dqn,0,548
0.11450381679389313,5659.700000000001,1,1675.92,1690.8000000000002,S3,dqn,0,549
0.13059701492537312,4921.900000000001,2,1310.3200000000002,1322.4,S3,dqn,0,550
0.11237959329290047,5776.1,0,1512.52,1527.0,S3,dqn,0,551
0.14236244709503657,5241.3,0,1406.2400000000002,1425.6000000000001,S3,dqn,0,552
0.14537107880642694,5267.3,0,1508.88,1597.4,S3,dqn,0,553
0.11278195488721804,5217.900000000001,1,1374.3200000000002,1376.4,S3,dqn,0,554
0.16233766233766234,4921.05,0,1266.0,1287.0,S3,dqn,0,555
0.19007965242577843,5413.900000000001,0,1495.96,1510.0,S3,dqn,0,556
0.1784997994384276,4942.1,0,1268.0,1299.0,S3,dqn,0,557
0.11937244201909959,6007.900000000001,0,1562.5200000000002,1574.6000000000001,S3,dqn,0,558
0.16920731707317074,5247.75,3,1401.88,1428.0,S3,dqn,0,559
0.1371616678858815,5552.3,0,1449.2400000000002,1481.0000000000002,S3,dqn,0,560
0.1646234676007005,5703.500000000001,0,1467.2800000000002,1467.6000000000001,S3,dqn,0,561
0.08833271991166727,5739.900000000001,6,1757.76,1860.6000000000001,S3,dqn,0,562
0.13703844689760183,5334.900000000001,0,1409.0400000000002,1426.8000000000002,S3,dqn,0,563
0.18752633796881585,4684.1,2,1287.28,1328.6000000000001,S3,dqn,0,564
0.14959016393442623,4910.5,1,1311.1200000000001,1312.8000000000002,S3,dqn,0,565
0.1724137931034483,5463.5,0,1569.92,1609.6000000000001,S3,dqn,0,566
0.08049419692998877,5590.700000000001,0,1486.2800000000002,1550.8000000000002,S3,dqn,0,567
0.12581168831168832,5079.05,4,1509.16,1555.0,S3,dqn,0,568
0.13995801259622112,5795.1,0,1564.5200000000002,1572.6000000000001,S3,dqn,0,569
0.15587044534412955,4956.5,1,1463.76,1502.4,S3,dqn,0,570
0.20905923344947736,4540.700000000001,6,1311.4,1365.8000000000002,S3,dqn,0,571
0.13899184581171237,5510.1,3,1640.2400000000002,1721.8000000000002,S3,dqn,0,572
0.11934156378600823,4995.5,2,1362.0,1371.0,S3,dqn,0,573
0.08944230094703613,5946.700000000001,1,1529.2000000000003,1545.8000000000002,S3,dqn,0,574
0.13496677740863788,4882.35,0,1408.68,1423.6000000000001,S3,dqn,0,575
0.11438992042440319,6216.700000000001,1,1726.04,1802.4,S3,dqn,0,576
0.1486725663716814,5771.5,6,1563.28,1616.4,S3,dqn,0,577
0.1678832116788321,5475.5,1,1434.96,1436.2,S3,dqn,0,578
0.19286007386130488,4777.900000000001,1,1259.96,1304.0,S3,dqn,0,579
0.1569159240604417,5179.700000000001,0,1445.04,1484.2,S3,dqn,0,580
0.08804795803671787,5560.8,0,1558.1200000000001,1613.2,S3,dqn,0,581
0.1676300578034682,5154.5,0,1277.96,1284.0,S3,dqn,0,582
0.14581026208933184,5486.3,1,1549.96,1568.4,S3,dqn,0,583
0.11591962905718702,5301.1,0,1588.88,1675.6000000000001,S3,dqn,0,584
0.14838943177705394,5627.1,5,1542.5600000000002,1582.8000000000002,S3,dqn,0,585
0.13103706476974916,5423.700000000001,0,1401.92,1410.8000000000002,S3,dqn,0,586
0.11909410386567747,5235.700000000001,0,1543.0,1636.2,S3,dqn,0,587
0.19818799546998866,5180.3,0,1426.0400000000002,1451.6000000000001,S3,dqn,0,588
0.11749819233550253,5692.700000000001,0,1494.64,1511.4,S3,dqn,0,589
0.09863701578192252,5771.1,0,1566.96,1575.0,S3,dqn,0,590
0.10828976848394324,5531.1,0,1447.44,1454.6000000000001,S3,dqn,0,591
0.18211323476379374,5472.1,0,1481.92,1498.6000000000001,S3,dqn,0,592
0.1969642211781713,5452.900000000001,2,1516.92,1551.2,S3,dqn,0,593
0.12122342409548675,5515.700000000001,0,1675.48,1767.0000000000002,S3,dqn,0,594
0.1934124856376867,5130.700000000001,1,1413.1200000000001,1456.6000000000001,S3,dqn,0,595
0.11163125675189053,5742.900000000001,2,1549.16,1580.8000000000002,S3,dqn,0,596
0.16515276630883569,4848.900000000001,2,1232.24,1241.0,S3,dqn,0,597
0.2291494632535095,4669.900000000001,0,1291.48,1317.0,S3,dqn,0,598
0.21118721461187215,5132.1,1,1357.92,1371.0,S3,dqn,0,599
0.11159824631327223,5227.3,4,1314.5600000000002,1319.4,S3,dqn,0,600
0.22394136807817588,4710.700000000001,0,1356.96,1396.4,S3,dqn,0,601
0.1724137931034483,5531.3,0,1584.3600000000001,1611.2,S3,dqn,0,602
0.22655634357762017,4890.6,1,1467.8600000000001,1569.8000000000002,S3,dqn,0,603
0.13883605933815138,5313.3,0,1545.44,1632.2,S3,dqn,0,604
0.18716577540106952,5159.1,0,1300.68,1306.8000000000002,S3,dqn,0,605
0.1642194744976816,5171.1,0,1465.0,1499.2,S3,dqn,0,606
0.16167664670658682,5019.5,1,1256.0800000000002,1274.6000000000001,S3,dqn,0,607
0.16230366492146597,5712.500000000001,0,1549.16,1563.6000000000001,S3,dqn,0,608
0.17266448564158487,5449.700000000001,0,1433.2800000000002,1453.4,S3,dqn,0,609
0.11134020618556702,5001.5,1,1366.4,1407.2,S3,dqn,0,610
0.1369311316955296,5022.1,0,1453.76,1534.4,S3,dqn,0,611
0.1954459203036053,5186.5,0,1450.04,1485.0,S3,dqn,0,612
0.21966072205306655,4439.3,0,1336.96,1384.8000000000002,S3,dqn,0,613
0.16647961092405536,5387.35,3,1507.8,1550.4,S3,dqn,0,614
0.18372184907151323,5063.700000000001,2,1489.3600000000001,1547.6000000000001,S3,dqn,0,615
0.1655749636098981,5487.1,0,1586.44,1626.8000000000002,S3,dqn,0,616
0.10782608695652174,5950.500000000001,0,1660.24,1699.8000000000002,S3,dqn,0,617
0.1334026334026334,5932.700000000001,6,1694.52,1742.2,S3,dqn,0,618
0.11802575107296137,5742.700000000001,0,1603.72,1656.0,S3,dqn,0,619
0.1891575663026521,5031.3,0,1284.0,1294.0,S3,dqn,0,620
0.0850546780072904,5167.3,0,1381.3200000000002,1397.4,S3,dqn,0,621
0.14864864864864866,5207.5,0,1451.96,1474.4,S3,dqn,0,622
0.16168289290681503,5775.700000000001,3,1541.1200000000001,1563.4,S3,dqn,0,623
0.16653449643140364,5016.900000000001,0,1295.6000000000001,1299.8000000000002,S3,dqn,0,624
0.07773851590106007,5998.500000000001,5,1525.88,1545.2,S3,dqn,0,625
0.16666666666666666,5343.5,1,1543.96,1624.6000000000001,S3,dqn,0,626
0.18518518518518517,5576.25,0,1507.44,1548.0,S3,dqn,0,627
0.1640926640926641,5201.5,2,1417.8400000000001,1422.2,S3,dqn,0,628
0.11649071714597743,5699.900000000001,5,1534.2400000000002,1542.6000000000001,S3,dqn,0,629
0.14097400219699743,5518.700000000001,0,1572.1200000000001,1591.8000000000002,S3,dqn,0,630
0.08027038445289396,5016.900000000001,4,1339.0800000000002,1364.4,S3,dqn,0,631
0.1581758422350041,4964.3,8,1367.2,1388.0,S3,dqn,0,632
0.0700164744645799,5105.1,0,1425.48,1465.6000000000001,S3,dqn,0,633
0.07963594994311718,5542.900000000001,2,1433.92,1437.2,S3,dqn,0,634
0.1329136061559986,5831.3,2,1525.48,1540.4,S3,dqn,0,635
0.13695911075823738,5105.3,0,1404.76,1432.6000000000001,S3,dqn,0,636
0.19630484988452657,5105.1,2,1311.64,1342.2,S3,dqn,0,637
0.11570561456752655,5420.700000000001,0,1430.4,1474.6000000000001,S3,dqn,0,638
0.19791666666666666,4717.5,0,1233.88,1236.2,S3,dqn,0,639
0.11836441893830703,5731.1,2,1641.68,1663.0,S3,dqn,0,640
0.14318885448916407,5251.3,3,1366.4,1381.0,S3,dqn,0,641
0.16271056661562022,5207.900000000001,0,1479.32,1513.4,S3,dqn,0,642
0.1662495530925992,5584.900000000001,1,1371.3200000000002,1377.8000000000002,S3,dqn,0,643
0.16927557335274845,5457.400000000001,0,1519.6200000000001,1561.4,S3,dqn,0,644
0.13083048919226395,5404.900000000001,0,1423.28,1427.2,S3,dqn,0,645
0.18252212389380532,5372.900000000001,1,1572.3200000000002,1573.2,S3,dqn,0,646
0.1569111424541608,5704.700000000001,1,1772.84,1836.0,S3,dqn,0,647
0.18259935553168635,5513.1,1,1662.24,1712.8000000000002,S3,dqn,0,648
0.18783888458559256,5085.900000000001,0,1426.96,1481.8000000000002,S3,dqn,0,649
0.222007722007722,4975.5,0,1314.72,1353.8000000000002,S3,dqn,0,650
0.20575309628445865,4856.1,0,1345.0400000000002,1395.0000000000002,S3,dqn,0,651
0.10721247563352826,5428.5,9,1746.7600000000002,1809.8000000000002,S3,dqn,0,652
0.11553501599715606,5773.85,0,1504.8000000000002,1530.6000000000001,S3,dqn,0,653
0.1319212188777406,5481.700000000001,0,1529.24,1591.2,S3,dqn,0,654
0.1799280287884846,4929.700000000001,0,1442.5200000000002,1470.8000000000002,S3,dqn,0,655
0.17903767251025737,5343.700000000001,2,1353.44,1353.8000000000002,S3,dqn,0,656
0.1520912547528517,5335.5,3,1426.6000000000001,1431.6000000000001,S3,dqn,0,657
0.15090172984909828,5475.900000000001,1,1634.72,1672.2,S3,dqn,0,658
0.19021739130434784,5429.5,0,1544.64,1578.2,S3,dqn,0,659
0.14166981488477523,5380.900000000001,1,1660.72,1729.0,S3,dqn,0,660
0.1779483600837404,5664.700000000001,0,1705.1200000000001,1732.4,S3,dqn,0,661
0.15536187949981053,5281.3,0,1434.48,1460.6000000000001,S3,dqn,0,662
0.14245585874799357,5069.900000000001,2,1362.16,1403.6000000000001,S3,dqn,0,663
0.18823529411764706,5021.5,0,1384.3200000000002,1418.8000000000002,S3,dqn,0,664
0.12859304084720122,5415.3,3,1418.68,1424.2,S3,dqn,0,665
0.15083798882681565,5392.0,0,1648.0800000000002,1708.6000000000001,S3,dqn,0,666
0.18010963194988253,5038.3,0,1472.6000000000001,1481.4,S3,dqn,0,667
0.1178115015974441,5122.3,0,1450.92,1497.4,S3,dqn,0,668
0.11467889908256881,5842.3,0,1650.44,1682.6000000000001,S3,dqn,0,669
0.19528371407516582,5307.3,0,1415.76,1448.6000000000001,S3,dqn,0,670
0.1314955640050697,6412.700000000001,0,1705.72,1717.4,S3,dqn,0,671
0.14549325762952448,5675.1,0,1471.64,1490.6000000000001,S3,dqn,0,672
0.18979833926453143,4969.05,1,1319.28,1322.2,S3,dqn,0,673
0.2518947837717343,4224.1,0,1269.68,1339.8000000000002,S3,dqn,0,674
0.12660550458715597,5572.5,0,1612.96,1639.0,S3,dqn,0,675
0.13488880787458987,5591.1,1,1575.24,1612.8000000000002,S3,dqn,0,676
0.15342960288808663,5585.25,1,1337.4,1339.75,S3,dqn,0,677
0.17526585269791256,5053.3,2,1269.76,1278.0,S3,dqn,0,678
0.12345679012345678,5329.650000000001,3,1424.88,1428.8000000000002,S3,dqn,0,679
0.12710347296813462,5686.1,0,1708.76,1818.8000000000002,S3,dqn,0,680
0.09213323883770376,5941.900000000001,6,1555.68,1558.8000000000002,S3,dqn,0,681
0.1994415636218588,4886.900000000001,0,1461.1200000000001,1528.2,S3,dqn,0,682
0.21702486304256216,4594.1,0,1212.72,1240.0,S3,dqn,0,683
0.2020392749244713,5242.1,3,1549.5200000000002,1574.8000000000002,S3,dqn,0,684
0.12379896526237989,5558.700000000001,0,1493.68,1528.0,S3,dqn,0,685
0.1505909264201296,5269.1,0,1450.68,1490.0000000000002,S3,dqn,0,686
0.1454183266932271,5082.5,1,1435.2400000000002,1436.8000000000002,S3,dqn,0,687
0.16853932584269662,5325.5,0,1401.76,1408.0,S3,dqn,0,688
0.1690916240660637,5106.1,0,1416.24,1434.0,S3,dqn,0,689
0.19387359441644048,5061.3,0,1474.0000000000002,1526.8000000000002,S3,dqn,0,690
0.1614114114114114,5342.3,0,1442.4,1463.6000000000001,S3,dqn,0,691
0.1658255227108868,5523.3,0,1413.0000000000002,1421.6000000000001,S3,dqn,0,692
0.09289176090468497,5158.700000000001,0,1320.0000000000002,1337.8000000000002,S3,dqn,0,693
0.1323685139428168,5760.1,0,1485.48,1507.2,S3,dqn,0,694
0.187426786411558,5055.700000000001,0,1286.0400000000002,1303.8000000000002,S3,dqn,0,695
0.18651092690278825,5212.3,0,1402.0,1432.0,S3,dqn,0,696
0.1426962072850169,5395.1,0,1476.7600000000002,1482.6000000000001,S3,dqn,0,697
0.0900404263138552,5704.700000000001,2,1575.16,1604.4,S3,dqn,0,698
0.13451327433628318,5726.5,0,1690.2400000000002,1778.2000000000003,S3,dqn,0,699
0.14820042342978124,5718.3,0,1568.72,1625.6000000000001,S3,dqn,0,700
0.15426147319706904,5252.1,0,1349.3200000000002,1354.6000000000001,S3,dqn,0,701
0.18115942028985507,5221.900000000001,2,1392.08,1410.0,S3,dqn,0,702
0.11619328661010697,5553.700000000001,0,1626.16,1633.6000000000001,S3,dqn,0,703
0.2201112140871177,4159.1,0,1110.71,1150.4,S3,dqn,0,704
0.19477739726027396,4582.700000000001,1,1242.9600000000003,1265.8000000000002,S3,dqn,0,705
0.1847662141779789,5257.900000000001,2,1427.96,1474.4,S3,dqn,0,706
0.1866368047779022,5405.3,8,1414.68,1427.6000000000001,S3,dqn,0,707
0.11384502387073081,5591.1,0,1527.96,1532.4,S3,dqn,0,708
0.09996429846483398,5793.700000000001,0,1534.8400000000001,1561.6000000000001,S3,dqn,0,709
0.09961848240779991,4943.55,2,1460.4800000000002,1481.8000000000002,S3,dqn,0,710
0.20684168655529037,4889.3,0,1319.0000000000002,1332.8000000000002,S3,dqn,0,711
0.05735354362965998,5229.700000000001,0,1464.0400000000002,1524.8000000000002,S3,dqn,0,712
0.14753508456279238,5730.8,6,1616.1200000000001,1616.6000000000001,S3,dqn,0,713
0.2229054573405073,4999.900000000001,0,1432.44,1464.6000000000001,S3,dqn,0,714
0.17501017501017502,4911.900000000001,1,1433.0800000000002,1450.4,S3,dqn,0,715
0.18989547038327526,5637.5,0,1709.48,1779.0,S3,dqn,0,716
0.16937191249117856,5626.3,0,1480.72,1512.8000000000002,S3,dqn,0,717
0.19117067402443833,4986.900000000001,0,1383.8,1416.2,S3,dqn,0,718
0.17020497803806736,5526.900000000001,5,1457.72,1485.2,S3,dqn,0,719
0.17682926829268292,4881.5,0,1379.92,1427.0,S3,dqn,0,720
0.1793208698969859,5187.700000000001,1,1296.6,1308.0,S3,dqn,0,721
0.12103951584193663,5743.3,0,1592.9200000000003,1608.0000000000002,S3,dqn,0,722
0.04395604395604396,5847.500000000001,1,1607.24,1633.4,S3,dqn,0,723
0.16927083333333334,4603.3,1,1206.16,1210.0,S3,dqn,0,724
0.1731687898089172,4981.900000000001,0,1306.4,1311.2,S3,dqn,0,725
0.18498563218390804,5494.3,0,1625.08,1701.0,S3,dqn,0,726
0.15318845742785892,5654.900000000001,1,1384.3600000000001,1387.6000000000001,S3,dqn,0,727
0.15555555555555556,5472.5,5,1515.8000000000002,1525.4,S3,dqn,0,728
0.16485575121768453,5311.3,0,1412.16,1424.8000000000002,S3,dqn,0,729
0.1814142910033321,5365.700000000001,1,1511.28,1557.4,S3,dqn,0,730
0.15723270440251572,6072.700000000001,1,1764.96,1812.2,S3,dqn,0,731
0.17228029423151375,5121.1,0,1407.6000000000001,1421.4,S3,dqn,0,732
0.15933232169954475,5262.700000000001,0,1400.96,1418.6000000000001,S3,dqn,0,733
0.18801410105757932,5048.1,1,1365.88,1408.8000000000002,S3,dqn,0,734
0.1528046421663443,5180.5,0,1506.4800000000002,1509.8000000000002,S3,dqn,0,735
0.21713383339913148,4888.1,0,1306.92,1370.8000000000002,S3,dqn,0,736
0.20130576713819368,5370.900000000001,0,1484.0800000000002,1511.4,S3,dqn,0,737
0.12190684133915575,5703.1,4,1578.8400000000001,1590.4,S3,dqn,0,738
0.17795637198622274,5178.1,0,1232.3600000000001,1233.2,S3,dqn,0,739
0.1828793774319066,5099.5,2,1366.88,1373.2,S3,dqn,0,740
0.12234616768621806,5688.3,0,1666.88,1758.6000000000001,S3,dqn,0,741
0.16300078554595443,5090.700000000001,0,1404.0400000000002,1423.6000000000001,S3,dqn,0,742
0.18271792919680244,5227.900000000001,3,1420.5600000000002,1468.0000000000002,S3,dqn,0,743
0.1788124156545209,5894.3,2,1583.4800000000002,1620.0000000000002,S3,dqn,0,744
0.11468738438771735,5621.1,4,1581.96,1612.4,S3,dqn,0,745
0.14475476839237056,5956.700000000001,0,1646.1200000000001,1701.8000000000002,S3,dqn,0,746
0.16051087331722472,5782.900000000001,0,1661.68,1702.0,S3,dqn,0,747
0.1985981308411215,5087.1,6,1648.32,1719.2,S3,dqn,0,748
0.2,4968.0,0,1317.0400000000002,1332.4,S3,dqn,0,749
0.1639955273947074,5372.1,2,1522.4,1567.6000000000001,S3,dqn,0,750
0.05807200929152149,5588.1,6,1487.3200000000002,1512.4,S3,dqn,0,751
0.17384731670445955,5314.700000000001,6,1627.88,1683.4,S3,dqn,0,752
0.20638297872340425,4560.0,0,1470.96,1530.4,S3,dqn,0,753
0.11323701679031628,5273.700000000001,0,1395.0000000000002,1427.8000000000002,S3,dqn,0,754
0.14026402640264027,4920.3,1,1376.0,1377.0,S3,dqn,0,755
0.18899700598802396,5292.900000000001,1,1424.16,1427.0,S3,dqn,0,756
0.09864364981504316,5058.1,2,1365.3600000000001,1378.8000000000002,S3,dqn,0,757
0.0692167577413479,5783.500000000001,0,1634.44,1638.2,S3,dqn,0,758
0.14528703047484054,5745.900000000001,2,1504.5200000000002,1526.6000000000001,S3,dqn,0,759
0.13708781030011116,5461.3,0,1342.68,1346.4,S3,dqn,0,760
0.16738873572272547,5147.8,6,1443.5600000000002,1492.0000000000002,S3,dqn,0,761
0.13328255902513328,5367.700000000001,1,1447.3200000000002,1457.8000000000002,S3,dqn,0,762
0.12651057401812688,5404.1,1,1428.2800000000002,1431.8000000000002,S3,dqn,0,763
0.11966126656848307,5616.700000000001,4,1501.6000000000001,1512.6000000000001,S3,dqn,0,764
0.15162454873646208,5585.500000000001,1,1448.1200000000001,1477.6000000000001,S3,dqn,0,765
0.16761768901569188,5608.3,2,1558.92,1600.0000000000002,S3,dqn,0,766
0.14751552795031056,5183.700000000001,0,1288.92,1294.4,S3,dqn,0,767
0.15586255756287637,5650.6,0,1567.52,1604.4,S3,dqn,0,768
0.1694560669456067,4859.5,6,1202.6000000000001,1207.2,S3,dqn,0,769
0.1514531313958248,4931.1,1,1487.2800000000002,1490.4,S3,dqn,0,770
0.138996138996139,5273.5,0,1435.76,1464.4,S3,dqn,0,771
0.11231884057971014,5707.5,0,1517.64,1545.6000000000001,S3,dqn,0,772
0.19638648860958366,5038.700000000001,4,1375.7600000000002,1403.8000000000002,S3,dqn,0,773
0.20387149917627678,4715.1,0,1302.2,1339.2,S3,dqn,0,774
0.18936495791889824,5157.3,1,1434.0,1475.2,S3,dqn,0,775
0.19254658385093168,4791.5,5,1317.4800000000002,1334.8000000000002,S3,dqn,0,776
0.20195578231292516,4635.400000000001,2,1309.68,1336.0,S3,dqn,0,777
0.1054162122864413,5686.700000000001,0,1516.2800000000002,1538.4,S3,dqn,0,778
0.15064836003051105,5281.150000000001,1,1426.28,1466.4,S3,dqn,0,779
0.19924098671726756,5169.5,0,1548.48,1618.4,S3,dqn,0,780
0.19120458891013384,5143.5,1,1335.4,1346.4,S3,dqn,0,781
0.14630288651640966,5216.3,5,1323.6000000000001,1345.0000000000002,S3,dqn,0,782
0.1595744680851064,5258.900000000001,0,1584.48,1622.8000000000002,S3,dqn,0,783
0.18356961105052708,5489.700000000001,4,1631.9600000000003,1653.0000000000002,S3,dqn,0,784
0.1891891891891892,5442.5,0,1604.96,1655.8000000000002,S3,dqn,0,785
0.1691151349504612,5835.900000000001,1,1583.48,1609.4,S3,dqn,0,786
0.11020263064344117,5803.1,0,1648.88,1685.0000000000002,S3,dqn,0,787
0.20499804763764154,4971.700000000001,0,1351.5600000000002,1377.8000000000002,S3,dqn,0,788
0.12416928996152501,5851.3,0,1652.7600000000002,1690.0000000000002,S3,dqn,0,789
0.07722007722007722,5517.5,2,1495.48,1546.6000000000001,S3,dqn,0,790
0.17713659605551496,5429.1,0,1462.44,1504.2,S3,dqn,0,791
0.17809776430466084,5209.3,0,1393.56,1412.0,S3,dqn,0,792
0.18455743879472694,5268.5,2,1317.76,1323.4,S3,dqn,0,793
0.16283185840707964,5721.500000000001,3,1590.1200000000001,1594.4,S3,dqn,0,794
0.15434451219512196,5291.3,1,1450.68,1515.8000000000002,S3,dqn,0,795
0.16642282370153622,5478.3,2,1540.8400000000001,1576.6000000000001,S3,dqn,0,796
0.1970831690973591,4956.650000000001,0,1352.0000000000002,1388.8000000000002,S3,dqn,0,797
0.17415730337078653,5314.5,0,1431.16,1483.8000000000002,S3,dqn,0,798
0.18106848332735748,5512.3,0,1531.92,1609.6000000000001,S3,dqn,0,799
0.17168141592920355,5600.500000000001,0,1532.3200000000002,1586.2000000000003,S3,dqn,0,800
0.14275120504263997,5464.900000000001,2,1495.72,1516.6000000000001,S3,dqn,0,801
0.1119537739256049,5717.3,0,1469.8400000000001,1479.4,S3,dqn,0,802
0.12113306000745434,5480.1,0,1514.44,1535.0,S3,dqn,0,803
0.16446124763705103,5349.5,6,1589.24,1635.2,S3,dqn,0,804
0.189873417721519,5007.1,3,1481.6,1562.0,S3,dqn,0,805
0.14564967420467612,5336.3,3,1459.76,1483.0,S3,dqn,0,806
0.16048910966755828,5243.900000000001,1,1450.52,1487.2,S3,dqn,0,807
0.13040371561271882,5700.3,1,1508.44,1518.8000000000002,S3,dqn,0,808
0.17966360856269112,5269.700000000001,7,1438.3600000000001,1445.4,S3,dqn,0,809
0.13437625350982751,5091.1,2,1380.2800000000002,1393.8000000000002,S3,dqn,0,810
0.2037947997189037,5542.700000000001,0,1587.3600000000001,1598.6000000000001,S3,dqn,0,811
0.13238289205702647,5004.5,2,1255.84,1262.0,S3,dqn,0,812
0.13680154142581888,5292.5,2,1397.2,1423.4,S3,dqn,0,813
0.08170585890793144,5261.3,0,1322.5600000000002,1326.4,S3,dqn,0,814
0.14030612244897958,5566.3,0,1458.72,1476.4,S3,dqn,0,815
0.21641486320947326,4734.3,0,1258.24,1267.0,S3,dqn,0,816
0.16355140186915887,5567.650000000001,0,1523.64,1533.0,S3,dqn,0,817
0.19710378117457764,4878.700000000001,0,1207.84,1225.0,S3,dqn,0,818
0.16679596586501164,5135.1,0,1533.48,1577.6000000000001,S3,dqn,0,819
0.15416825275980206,5260.900000000001,0,1511.56,1553.4,S3,dqn,0,820
0.1619014812263176,5876.1,4,1494.36,1522.0,S3,dqn,0,821
0.15202076381164256,5447.900000000001,1,1438.52,1455.4,S3,dqn,0,822
0.13686763686763687,5867.700000000001,0,1609.72,1623.0,S3,dqn,0,823
0.17077798861480076,5234.5,0,1377.44,1405.2,S3,dqn,0,824
0.18982536066818528,5177.3,0,1518.72,1575.2,S3,dqn,0,825
0.16964951528709918,5411.900000000001,6,1704.5200000000002,1760.0000000000002,S3,dqn,0,826
0.16708140774973337,5592.1,0,1498.4,1521.6000000000001,S3,dqn,0,827
0.17986918604651161,5427.900000000001,0,1322.88,1326.6000000000001,S3,dqn,0,828
0.19770660340055357,4948.3,1,1345.1200000000001,1354.4,S3,dqn,0,829
0.15250544662309368,5565.3,1,1480.4,1501.8000000000002,S3,dqn,0,830
0.18058252427184465,5094.5,0,1443.16,1469.0,S3,dqn,0,831
0.17391304347826086,5274.5,0,1431.2400000000002,1431.8000000000002,S3,dqn,0,832
0.16951997314535078,5968.3,1,1642.72,1648.0,S3,dqn,0,833
0.1648148148148148,5373.5,0,1457.0800000000002,1483.8000000000002,S3,dqn,0,834
0.1900525677315002,4856.6,0,1283.1200000000001,1304.2,S3,dqn,0,835
0.0912534435261708,6116.3,6,1577.52,1584.2,S3,dqn,0,836
0.13040238450074515,5492.3,0,1434.4,1461.2,S3,dqn,0,837
0.14696169088507266,6095.1,0,1701.6000000000001,1716.6000000000001,S3,dqn,0,838
0.1534195933456562,5440.5,0,1554.5200000000002,1582.0000000000002,S3,dqn,0,839
0.10675465838509317,5370.700000000001,4,1471.8400000000001,1488.6000000000001,S3,dqn,0,840
0.08710155670867309,5663.1,2,1556.0,1626.0,S3,dqn,0,841
0.11641221374045801,5370.500000000001,0,1321.6000000000001,1327.0000000000002,S3,dqn,0,842
0.111358574610245,5534.3,0,1447.48,1471.8000000000002,S3,dqn,0,843
0.09417509591907917,6029.900000000001,4,1632.3600000000001,1661.0000000000002,S3,dqn,0,844
0.13997760358342665,5421.3,0,1485.8400000000001,1509.8000000000002,S3,dqn,0,845
0.1386388188692834,5614.900000000001,0,1552.0800000000002,1555.4,S3,dqn,0,846
0.15205091937765206,5678.1,0,1661.4,1700.2,S3,dqn,0,847
0.12603591160220995,5900.700000000001,0,1560.88,1576.4,S3,dqn,0,848
0.12653061224489795,5028.5,2,1337.4,1355.4,S3,dqn,0,849
0.16686531585220502,5000.900000000001,0,1329.76,1356.0,S3,dqn,0,850
0.09302325581395349,5804.5,0,1557.0000000000002,1557.6000000000001,S3,dqn,0,851
0.10960105217010083,4813.200000000001,8,1280.92,1312.6000000000001,S3,dqn,0,852
0.13865546218487396,4822.500000000001,0,1347.1600000000003,1348.0000000000002,S3,dqn,0,853
0.0962936046511628,5703.900000000001,0,1473.2,1478.2,S3,dqn,0,854
0.048005908419497784,5776.35,0,1570.6000000000001,1572.2,S3,dqn,0,855
0.09419454056132257,5447.700000000001,4,1444.44,1462.0,S3,dqn,0,856
0.1902834008097166,4841.5,0,1453.84,1495.0,S3,dqn,0,857
0.11183261183261184,5753.900000000001,0,1567.1200000000001,1603.6000000000001,S3,dqn,0,858
0.16809861785580874,5321.900000000001,0,1527.0,1557.4,S3,dqn,0,859
0.16608050019538884,5148.3,3,1458.0,1483.0,S3,dqn,0,860
0.18681318681318682,5361.500000000001,0,1447.3200000000002,1454.4,S3,dqn,0,861
0.16105941302791696,5584.3,0,1498.5600000000002,1536.0000000000002,S3,dqn,0,862
0.10524225575853852,5202.1,1,1329.0400000000002,1342.4,S3,dqn,0,863
0.12324611300720516,5388.900000000001,0,1416.7600000000002,1418.6000000000001,S3,dqn,0,864
0.14018691588785046,5238.35,1,1327.96,1350.4,S3,dqn,0,865
0.1436679673643136,5696.3,1,1609.0,1643.2,S3,dqn,0,866
0.16135084427767354,5396.5,6,1644.9200000000003,1712.2000000000003,S3,dqn,0,867
0.14061943752224992,5699.3,2,1483.2400000000002,1490.6000000000001,S3,dqn,0,868
0.1437103396789847,5418.3,0,1462.7200000000003,1483.8000000000002,S3,dqn,0,869
0.12389053254437869,5534.3,0,1531.0000000000002,1537.6000000000001,S3,dqn,0,870
0.13200723327305605,5632.5,0,1555.92,1606.0000000000002,S3,dqn,0,871
0.12617702448210924,5416.5,0,1438.6000000000001,1447.4,S3,dqn,0,872
0.148975791433892,5404.5,0,1366.6000000000001,1372.4,S3,dqn,0,873
0.13924050632911392,5592.5,0,1420.5200000000002,1425.6000000000001,S3,dqn,0,874
0.20264116575591987,4264.700000000001,0,1020.6800000000001,1022.7,S3,dqn,0,875
0.1552442256720939,5435.700000000001,10,1416.2400000000002,1420.6000000000001,S3,dqn,0,876
0.1388888888888889,5485.75,2,1550.0800000000002,1558.4,S3,dqn,0,877
0.18664454583160514,4731.700000000001,0,1244.44,1259.8000000000002,S3,dqn,0,878
0.090315142198309,5422.900000000001,1,1495.6000000000001,1502.4,S3,dqn,0,879
0.2006172839506173,5065.900000000001,0,1496.24,1556.6000000000001,S3,dqn,0,880
0.14875418371141688,5437.3,0,1499.04,1549.2,S3,dqn,0,881
0.08964817320703654,6157.700000000001,0,1728.5200000000002,1765.8000000000002,S3,dqn,0,882
0.2052475666525603,4695.1,7,1390.8400000000001,1393.4,S3,dqn,0,883
0.17788089713843774,5104.700000000001,0,1465.72,1487.0,S3,dqn,0,884
0.1676300578034682,5154.5,0,1488.52,1552.4,S3,dqn,0,885
0.15315651849084796,5384.900000000001,0,1329.64,1330.6000000000001,S3,dqn,0,886
0.13833199679230151,5050.3,0,1331.8,1345.2,S3,dqn,0,887
0.1694277108433735,5355.700000000001,5,1524.7200000000003,1525.8000000000002,S3,dqn,0,888
0.24093816631130063,4465.5,1,1159.92,1179.8000000000002,S3,dqn,0,889
0.19593613933236576,5402.700000000001,0,1317.12,1350.2,S3,dqn,0,890
0.13330829891100263,5433.1,1,1521.68,1558.0,S3,dqn,0,891
0.15942606616181745,5018.55,0,1255.3600000000001,1263.6000000000001,S3,dqn,0,892
0.15710632078918524,5572.900000000001,7,1405.4,1407.8,S3,dqn,0,893
0.13982102908277405,5427.900000000001,0,1423.3600000000001,1459.6000000000001,S3,dqn,0,894
0.2032520325203252,5060.1,0,1273.16,1304.6000000000001,S3,dqn,0,895
0.08163265306122448,5729.500000000001,5,1480.0800000000002,1483.8000000000002,S3,dqn,0,896
0.15606710885680844,5169.1,3,1344.24,1348.2,S3,dqn,0,897
0.07570162481536188,5741.1,4,1578.2800000000002,1603.6000000000001,S3,dqn,0,898
0.14587892049598833,5539.900000000001,0,1459.8400000000001,1465.4,S3,dqn,0,899
0.1699298115995567,5416.900000000001,2,1678.0,1712.2,S3,dqn,0,900
0.1718927087268606,5248.900000000001,0,1414.0800000000002,1451.8000000000002,S3,dqn,0,901
0.17209474463360475,5392.900000000001,2,1404.1200000000001,1416.8000000000002,S3,dqn,0,902
0.20614546868922598,4988.450000000001,0,1259.2400000000002,1286.3500000000001,S3,dqn,0,903
0.15011119347664936,5456.35,1,1450.44,1466.2,S3,dqn,0,904
0.16374714394516374,5248.700000000001,0,1396.56,1440.0,S3,dqn,0,905
0.15519568151147098,5936.3,0,1747.0800000000002,1781.0000000000002,S3,dqn,0,906
0.12134052388289676,5300.700000000001,0,1383.2400000000002,1387.8000000000002,S3,dqn,0,907
0.1489277204130262,5106.1,0,1413.68,1436.8,S3,dqn,0,908
0.1583710407239819,5297.900000000001,0,1484.6000000000001,1550.6000000000001,S3,dqn,0,909
0.09750812567713976,5748.3,1,1535.68,1567.0000000000002,S3,dqn,0,910
0.13557483731019523,5602.700000000001,0,1619.0,1660.4,S3,dqn,0,911
0.1378782075833014,5292.700000000001,1,1474.7600000000002,1508.8000000000002,S3,dqn,0,912
0.09003601440576231,5205.3,0,1450.48,1482.6000000000001,S3,dqn,0,913
0.12613875262789068,5834.3,0,1657.88,1720.6000000000001,S3,dqn,0,914
0.20108275328692962,5094.700000000001,3,1340.48,1367.4,S3,dqn,0,915
0.1428054953000723,5583.700000000001,0,1573.3200000000002,1595.0000000000002,S3,dqn,0,916
0.17660910518053374,5120.1,6,1569.72,1679.8000000000002,S3,dqn,0,917
0.2002184200946487,5430.900000000001,5,1616.3200000000002,1639.8000000000002,S3,dqn,0,918
0.16765630457561997,5714.1,0,1616.0800000000002,1670.4,S3,dqn,0,919
0.22949586155003762,5111.1,1,1506.48,1543.4,S3,dqn,0,920
0.1382390472139515,4818.450000000001,5,1418.2,1446.0,S3,dqn,0,921
0.11371841155234658,5711.5,1,1374.8,1384.2,S3,dqn,0,922
0.11074800290486565,5697.3,1,1801.8799999999999,1895.2,S3,dqn,0,923
0.08837044892188052,5988.3,6,1516.2,1525.6000000000001,S3,dqn,0,924
0.18883085576536762,4932.3,1,1379.96,1421.0,S3,dqn,0,925
0.16993464052287582,4581.5,1,1247.48,1250.0,S3,dqn,0,926
0.13726207906295754,5537.900000000001,0,1570.44,1577.0,S3,dqn,0,927
0.16599040944300997,5401.700000000001,0,1417.64,1429.2,S3,dqn,0,928
0.12531783508899383,5615.1,0,1441.68,1453.6000000000001,S3,dqn,0,929
0.12550756736803248,5579.3,0,1326.4,1340.2,S3,dqn,0,930
0.09566108643662453,6083.900000000001,1,1622.0,1627.4,S3,dqn,0,931
0.14163756305781916,5198.900000000001,0,1561.64,1594.0000000000002,S3,dqn,0,932
0.18734085121862495,5415.8,0,1719.9600000000003,1811.2000000000003,S3,dqn,0,933
0.14876632801161102,5548.700000000001,0,1617.28,1697.4,S3,dqn,0,934
0.12174211248285323,5976.700000000001,0,1595.56,1617.0,S3,dqn,0,935
0.2020392749244713,5152.1,0,1431.7200000000003,1457.8000000000002,S3,dqn,0,936
0.14285714285714285,5789.500000000001,0,1501.2,1502.2,S3,dqn,0,937
0.14184397163120568,5409.3,0,1418.64,1418.8000000000002,S3,dqn,0,938
0.19189305735230702,4555.8,0,1313.8999999999999,1359.0,S3,dqn,0,939
0.14962121212121213,5301.500000000001,0,1362.2400000000002,1378.6000000000001,S3,dqn,0,940
0.1747689835275211,4962.05,0,1357.5900000000001,1415.4,S3,dqn,0,941
0.10727969348659004,5378.5,0,1583.0000000000002,1619.2000000000003,S3,dqn,0,942
0.17059301380991065,4889.900000000001,0,1347.8400000000001,1370.0000000000002,S3,dqn,0,943
0.19672131147540983,5382.5,0,1567.96,1614.0,S3,dqn,0,944
0.15093684941013186,5805.900000000001,0,1560.16,1562.0,S3,dqn,0,945
0.18248456790123457,5119.8,0,1512.0400000000002,1559.6000000000001,S3,dqn,0,946
0.1360417443160641,5437.1,0,1695.48,1799.4,S3,dqn,0,947
0.11126564673157163,5930.700000000001,0,1621.2800000000002,1626.8000000000002,S3,dqn,0,948
0.1347858197932053,5491.1,0,1511.0400000000002,1524.4,S3,dqn,0,949
0.1411674933231591,5302.700000000001,1,1580.3200000000002,1608.0000000000002,S3,dqn,0,950
0.12815884476534295,5640.500000000001,0,1489.88,1499.4,S3,dqn,0,951
0.13385826771653545,5249.5,6,1352.3200000000002,1360.6000000000001,S3,dqn,0,952
0.16247582205029013,5150.5,0,1349.48,1354.6000000000001,S3,dqn,0,953
0.1652892561983471,5055.950000000001,0,1308.8000000000002,1315.65,S3,dqn,0,954
0.18711018711018712,5738.700000000001,4,1601.28,1643.2,S3,dqn,0,955
0.1373825018076645,5637.700000000001,2,1493.0400000000002,1519.8000000000002,S3,dqn,0,956
0.11580882352941177,5629.500000000001,2,1562.0000000000002,1600.2000000000003,S3,dqn,0,957
0.10424155283968368,5883.900000000001,8,1538.5200000000002,1539.8000000000002,S3,dqn,0,958
0.1113545089448704,5627.3,0,1571.8000000000002,1583.6000000000001,S3,dqn,0,959
0.16958424507658643,5477.900000000001,2,1456.56,1458.2,S3,dqn,0,960
0.1678123736352608,4944.1,0,1362.7,1438.4,S3,dqn,0,961
0.14500941619585686,5392.5,2,1560.1599999999999,1626.0,S3,dqn,0,962
0.1669316375198728,5026.700000000001,1,1499.3200000000002,1517.2,S3,dqn,0,963
0.1045016077170418,5159.1,1,1398.4,1412.0000000000002,S3,dqn,0,964
0.1893939393939394,5472.900000000001,1,1537.2,1575.6000000000001,S3,dqn,0,965
0.13226592412112775,5859.1,1,1541.1200000000001,1580.4,S3,dqn,0,966
0.1016260162601626,5600.700000000001,0,1437.8000000000002,1457.4,S3,dqn,0,967
0.08317929759704251,5663.5,0,1494.3600000000001,1497.8000000000002,S3,dqn,0,968
0.09732360097323602,5150.700000000001,2,1447.4,1467.2,S3,dqn,0,969
0.15975103734439833,4817.5,0,1350.72,1410.2,S3,dqn,0,970
0.15606936416184972,5190.500000000001,0,1380.0400000000002,1398.0000000000002,S3,dqn,0,971
0.157180675049636,6060.900000000001,0,1692.24,1723.4,S3,dqn,0,972
0.1800606520090978,5211.1,0,1481.24,1534.8000000000002,S3,dqn,0,973
0.13414634146341464,5839.500000000001,0,1472.16,1482.4,S3,dqn,0,974
0.16443801951572098,5574.900000000001,2,1474.72,1522.2,S3,dqn,0,975
0.18897030466640957,5174.1,2,1354.3200000000002,1357.2,S3,dqn,0,976
0.20371694067190851,5571.1,8,1508.3600000000001,1526.2,S3,dqn,0,977
0.1771274547554871,5150.650000000001,0,1488.55,1527.2,S3,dqn,0,978
0.13478818998716302,4743.400000000001,0,1445.8,1534.4,S3,dqn,0,979
0.11056042699199391,5410.1,0,1447.4,1457.8000000000002,S3,dqn,0,980
0.13381995133819952,5001.700000000001,0,1374.4800000000002,1398.0000000000002,S3,dqn,0,981
0.17892253244199763,5046.1,0,1258.2000000000003,1269.8000000000002,S3,dqn,0,982
0.12259524707657488,5409.700000000001,0,1559.0400000000002,1619.0000000000002,S3,dqn,0,983
0.16788884600540332,5162.700000000001,1,1382.2,1393.0,S3,dqn,0,984
0.12965050732807215,5407.700000000001,0,1651.56,1745.0,S3,dqn,0,985
0.1724137931034483,5404.700000000001,0,1425.5600000000002,1438.6000000000001,S3,dqn,0,986
0.17559739319333817,5474.900000000001,1,1424.92,1428.2,S3,dqn,0,987
0.15752212389380532,5704.5,2,1487.0,1498.2,S3,dqn,0,988
0.13625388064849947,5921.3,0,1560.8,1591.4,S3,dqn,0,989
0.20149253731343283,5241.0,0,1385.0800000000002,1398.8000000000002,S3,dqn,0,990
0.04743499648629656,6066.700000000001,0,1680.04,1724.4,S3,dqn,0,991
0.1413427561837456,5757.5,1,1560.6800000000003,1561.8000000000002,S3,dqn,0,992
0.14833127317676142,4874.900000000001,0,1378.72,1408.8000000000002,S3,dqn,0,993
0.1787819253438114,5045.5,1,1360.48,1390.0,S3,dqn,0,994
0.1406601650412603,5382.700000000001,0,1336.1200000000001,1358.8000000000002,S3,dqn,0,995
0.14356814701378254,5273.900000000001,0,1391.2,1395.4,S3,dqn,0,996
0.11237959329290047,5756.1,0,1553.16,1595.4,S3,dqn,0,997
0.22176667909057027,5169.1,1,1435.76,1468.2,S3,dqn,0,998
0.14065510597302505,5320.500000000001,6,1628.1200000000001,1704.8000000000002,S3,dqn,0,999
0.13709677419354838,5037.5,1,1519.2,1619.8000000000002,S3,dqn,1,0
0.1095690284879474,5646.1,0,1470.2000000000003,1474.2000000000003,S3,dqn,1,1
0.14353126228863547,5124.1,0,1341.0000000000002,1353.6000000000001,S3,dqn,1,2
0.14306676449009537,5574.700000000001,5,1479.96,1495.4,S3,dqn,1,3
0.1200154858691444,5283.1,0,1429.0800000000002,1469.6000000000001,S3,dqn,1,4
0.12050359712230216,5729.5,1,1570.0400000000002,1617.8000000000002,S3,dqn,1,5
0.11160714285714286,5996.900000000001,1,1650.68,1675.8000000000002,S3,dqn,1,6
0.13949275362318841,5592.5,0,1561.28,1570.4,S3,dqn,1,7
0.11358942585708386,5012.700000000001,2,1389.8000000000002,1390.4,S3,dqn,1,8
0.08620689655172414,5566.1,0,1633.44,1695.2,S3,dqn,1,9
0.11496492595479345,5310.700000000001,4,1514.52,1529.0,S3,dqn,1,10
0.15355086372360843,5232.5,0,1423.48,1445.2,S3,dqn,1,11
0.12291831879460745,5143.900000000001,0,1317.1200000000001,1321.2,S3,dqn,1,12
0.11598405219282348,5668.3,0,1506.92,1524.6000000000001,S3,dqn,1,13
0.11418685121107267,5944.5,0,1516.16,1535.2,S3,dqn,1,14
0.11013215859030837,5145.900000000001,0,1412.24,1436.4,S3,dqn,1,15
0.14841942945258288,5281.3,5,1579.6000000000001,1596.6000000000001,S3,dqn,1,16
0.1491669895389384,5203.700000000001,0,1371.24,1408.6000000000001,S3,dqn,1,17
0.16532428995337006,4694.3,0,1273.88,1308.2,S3,dqn,1,18
0.11083303539506614,5792.900000000001,2,1553.64,1569.6000000000001,S3,dqn,1,19
0.13272727272727272,5613.5,2,1523.68,1544.8000000000002,S3,dqn,1,20
0.10634396773010635,5618.900000000001,0,1625.16,1650.0,S3,dqn,1,21
0.15611990008326396,4863.900000000001,3,1361.0,1403.2,S3,dqn,1,22
0.12363122571529495,5816.700000000001,2,1652.96,1655.2,S3,dqn,1,23
0.12099776619508563,5517.700000000001,2,1447.28,1462.0,S3,dqn,1,24
0.10520047637951568,5209.8,0,1384.0,1391.4,S3,dqn,1,25
0.1168679392286716,5269.900000000001,0,1520.96,1533.6000000000001,S3,dqn,1,26
0.1090014064697609,5872.3,0,1770.0000000000002,1832.0000000000002,S3,dqn,1,27
0.1407014681892333,4952.900000000001,0,1409.7600000000002,1415.8000000000002,S3,dqn,1,28
0.11808118081180811,5570.5,0,1641.96,1737.0,S3,dqn,1,29
0.14231896190874843,4815.3,0,1229.2,1234.4,S3,dqn,1,30
0.14046941678520625,5683.900000000001,0,1601.28,1655.4,S3,dqn,1,31
0.12815680361854503,5405.1,0,1502.2800000000002,1513.0000000000002,S3,dqn,1,32
0.13594040968342644,5436.5,0,1389.16,1406.4,S3,dqn,1,33
0.1652892561983471,4827.0,1,1421.68,1442.4,S3,dqn,1,34
0.12050572896088503,5189.700000000001,0,1442.24,1494.0,S3,dqn,1,35
0.10077793493635077,5862.1,0,1600.92,1646.0,S3,dqn,1,36
0.1013638039071139,5606.1,0,1405.0800000000002,1437.6000000000001,S3,dqn,1,37
0.13663366336633664,5121.5,1,1483.8,1568.0,S3,dqn,1,38
0.11661807580174927,5625.3,0,1619.0,1664.4,S3,dqn,1,39
0.12425816023738873,5550.700000000001,2,1485.68,1514.0,S3,dqn,1,40
0.12860483242400625,5221.700000000001,0,1436.96,1456.4,S3,dqn,1,41
0.13503233168505135,5358.3,1,1602.88,1657.6000000000001,S3,dqn,1,42
0.11967617036254839,5845.700000000001,1,1701.32,1791.0,S3,dqn,1,43
0.10168907273354016,6025.700000000001,0,1571.76,1616.2,S3,dqn,1,44
0.13176895306859207,5633.5,0,1566.8799999999999,1625.0,S3,dqn,1,45
0.14243433222345542,5497.1,2,1560.7600000000002,1577.8000000000002,S3,dqn,1,46
0.18077075883988875,4958.900000000001,0,1361.96,1365.0,S3,dqn,1,47
0.12776506483600306,5343.900000000001,0,1387.2,1396.6000000000001,S3,dqn,1,48
0.13636363636363635,4671.5,0,1409.2800000000002,1432.8000000000002,S3,dqn,1,49
0.1252408477842004,5286.5,0,1359.7200000000003,1370.8000000000002,S3,dqn,1,50
0.16031195840554593,4611.1,0,1177.2000000000003,1194.8000000000002,S3,dqn,1,51
0.11077027948193592,6032.3,0,1575.2,1605.4,S3,dqn,1,52
0.13685427910562836,5248.3,0,1421.0000000000002,1457.8000000000002,S3,dqn,1,53
0.12864169504351117,5379.1,0,1539.2,1567.6000000000001,S3,dqn,1,54
0.11016346837242359,5799.3,1,1609.2800000000002,1643.8000000000002,S3,dqn,1,55
0.14349232012934518,5040.3,4,1362.72,1372.4,S3,dqn,1,56
0.18041237113402062,4994.900000000001,0,1314.3600000000001,1321.6000000000001,S3,dqn,1,57
0.1542089985486212,5541.700000000001,1,1598.64,1646.8000000000002,S3,dqn,1,58
0.1511672407194795,5242.1,0,1452.64,1458.6000000000001,S3,dqn,1,59
0.11671686746987951,5468.700000000001,2,1506.0000000000002,1524.8000000000002,S3,dqn,1,60
0.119276644863409,5367.3,2,1421.88,1449.6000000000001,S3,dqn,1,61
0.15381542149420696,5032.1,0,1278.3200000000002,1286.2,S3,dqn,1,62
0.12585812356979406,5352.900000000001,1,1538.96,1571.8,S3,dqn,1,63
0.1378345984818218,5075.1,0,1304.64,1306.4,S3,dqn,1,64
0.10972316002700878,6115.900000000001,1,1527.92,1529.2,S3,dqn,1,65
0.16621569385388482,5157.650000000001,1,1476.88,1497.2,S3,dqn,1,66
0.14797223237120935,5528.900000000001,2,1374.8,1384.2,S3,dqn,1,67
0.1375968992248062,5217.5,0,1454.76,1488.4,S3,dqn,1,68
0.15110941086457536,5325.3,5,1360.76,1372.0,S3,dqn,1,69
0.1509090909090909,5519.5,0,1525.8799999999999,1562.0,S3,dqn,1,70
0.12481371087928465,5503.3,1,1465.64,1478.8000000000002,S3,dqn,1,71
0.12991452991452992,5959.500000000001,1,1549.48,1587.4,S3,dqn,1,72
0.13259668508287292,5508.5,0,1527.96,1530.0,S3,dqn,1,73
0.13177710843373494,5415.700000000001,0,1530.2400000000002,1574.8000000000002,S3,dqn,1,74
0.14826723829939265,5637.3,0,1557.68,1592.0,S3,dqn,1,75
0.1349911190053286,5709.500000000001,0,1610.1200000000001,1643.4,S3,dqn,1,76
0.15332834704562454,5358.3,0,1600.48,1618.4,S3,dqn,1,77
0.15209857527916826,5237.150000000001,1,1396.08,1435.2,S3,dqn,1,78
0.17681728880157171,5026.5,0,1342.96,1362.6000000000001,S3,dqn,1,79
0.1530421799178798,5374.3,0,1447.24,1458.8,S3,dqn,1,80
0.15367316341829085,5345.1,0,1524.76,1572.2,S3,dqn,1,81
0.1382852627419992,5115.700000000001,0,1342.04,1364.0,S3,dqn,1,82
0.16011644832605532,5505.1,0,1635.0,1673.6000000000001,S3,dqn,1,83
0.15,5251.5,2,1452.2800000000002,1486.8000000000002,S3,dqn,1,84
0.17053973013493254,5377.1,6,1469.6000000000001,1515.6000000000001,S3,dqn,1,85
0.13542795232936078,5625.55,0,1488.96,1513.6000000000001,S3,dqn,1,86
0.14411529223378702,5051.1,0,1278.64,1289.8000000000002,S3,dqn,1,87
0.1431159420289855,5570.5,0,1497.1200000000001,1503.2,S3,dqn,1,88
0.09789960840156639,5894.3,4,1579.44,1615.4,S3,dqn,1,89
0.16717909300538047,5203.900000000001,2,1457.1200000000001,1471.4,S3,dqn,1,90
0.182454847032805,5342.1,0,1474.44,1500.4,S3,dqn,1,91
0.14770459081836326,5044.5,0,1352.3200000000002,1382.6000000000001,S3,dqn,1,92
0.1733986128110975,4934.700000000001,5,1396.64,1434.8000000000002,S3,dqn,1,93
0.15552995391705068,5223.3,1,1492.48,1503.0,S3,dqn,1,94
0.1511627906976744,5182.5,0,1266.76,1275.2,S3,dqn,1,95
0.16735537190082644,4829.5,0,1421.8000000000002,1456.6000000000001,S3,dqn,1,96
0.166732830488289,5005.3,0,1257.88,1284.2,S3,dqn,1,97
0.14396887159533073,5197.5,0,1389.12,1415.0,S3,dqn,1,98
0.1296439628482972,5290.3,0,1484.44,1501.2,S3,dqn,1,99
0.15578635014836795,5437.700000000001,1,1550.3600000000001,1560.2,S3,dqn,1,100
0.15319800842589046,5320.700000000001,5,1514.2000000000003,1519.8000000000002,S3,dqn,1,101
0.14884233737596472,5467.700000000001,0,1409.3600000000001,1416.0,S3,dqn,1,102
0.18706791378609192,4872.55,0,1430.81,1508.4,S3,dqn,1,103
0.1814918228958915,4969.900000000001,1,1467.88,1484.6000000000001,S3,dqn,1,104
0.1854043392504931,4993.5,1,1341.52,1396.4,S3,dqn,1,105
0.1759966072943172,4662.1,0,1188.8,1207.2,S3,dqn,1,106
0.17515274949083504,4852.5,0,1340.7200000000003,1342.8000000000002,S3,dqn,1,107
0.15841584158415842,5057.5,0,1433.48,1459.8000000000002,S3,dqn,1,108
0.1466508125247721,5113.1,3,1391.0800000000002,1414.4,S3,dqn,1,109
0.14941690962099125,5512.3,0,1498.3200000000002,1524.4,S3,dqn,1,110
0.15162326079200855,5697.1,5,1561.44,1595.8000000000002,S3,dqn,1,111
0.13761467889908258,6011.1,2,1595.2,1610.2,S3,dqn,1,112
0.1897018970189702,5123.35,2,1446.0000000000002,1457.6000000000001,S3,dqn,1,113
0.17878911011783827,4885.700000000001,1,1336.3200000000002,1362.8000000000002,S3,dqn,1,114
0.2032690695725063,4644.700000000001,0,1434.1200000000001,1508.4,S3,dqn,1,115
0.15096618357487923,5081.3,5,1575.8400000000001,1623.6000000000001,S3,dqn,1,116
0.14894419306184012,5353.900000000001,1,1613.76,1660.0,S3,dqn,1,117
0.1751913008457511,4918.1,0,1348.74,1426.6000000000001,S3,dqn,1,118
0.22178217821782178,4850.5,0,1314.4,1370.2,S3,dqn,1,119
0.1567109144542773,5423.900000000001,0,1545.8400000000001,1574.0000000000002,S3,dqn,1,120
0.1944209636517329,4646.700000000001,2,1264.92,1282.6000000000001,S3,dqn,1,121
0.13071895424836602,5916.900000000001,0,1784.0400000000002,1847.6000000000001,S3,dqn,1,122
0.14777403666292555,5395.1,1,1390.0000000000002,1392.6000000000001,S3,dqn,1,123
0.14537107880642694,5282.3,0,1328.68,1336.4,S3,dqn,1,124
0.1507257164123558,5412.900000000001,0,1461.92,1471.0,S3,dqn,1,125
0.16047950502706884,5188.700000000001,2,1416.44,1447.2,S3,dqn,1,126
0.17611336032388664,4894.5,0,1213.64,1222.4,S3,dqn,1,127
0.16449746926970354,5506.700000000001,0,1572.5600000000002,1599.6000000000001,S3,dqn,1,128
0.1400147383935151,5539.3,4,1499.3200000000002,1509.2,S3,dqn,1,129
0.16916570549788543,5176.700000000001,0,1254.7,1272.4,S3,dqn,1,130
0.15875847306457366,5650.1,2,1478.24,1488.4,S3,dqn,1,131
0.16522423288749016,5102.900000000001,3,1366.0400000000002,1375.4,S3,dqn,1,132
0.16432728517630948,5841.700000000001,0,1552.96,1565.4,S3,dqn,1,133
0.14695340501792115,5613.5,0,1566.3600000000001,1621.6000000000001,S3,dqn,1,134
0.1594574780058651,5475.1,1,1486.6000000000001,1501.6000000000001,S3,dqn,1,135
0.16200545702592087,5895.900000000001,1,1703.68,1763.2,S3,dqn,1,136
0.15875912408759124,5494.75,0,1401.44,1403.6000000000001,S3,dqn,1,137
0.14301230992034758,5588.900000000001,0,1476.88,1492.6000000000001,S3,dqn,1,138
0.19622931896883417,5073.3,0,1430.0,1471.4,S3,dqn,1,139
0.15289982425307558,5714.5,0,1435.2,1439.2,S3,dqn,1,140
0.1111111111111111,5715.500000000001,5,1544.52,1591.6000000000001,S3,dqn,1,141
0.1871864145117715,5090.700000000001,0,1360.88,1390.1000000000001,S3,dqn,1,142
0.15976761074800291,5544.55,0,1500.6000000000001,1505.2,S3,dqn,1,143
0.16849370686155096,4948.1,0,1462.08,1534.0,S3,dqn,1,144
0.1566531514928124,5477.1,2,1525.32,1555.0,S3,dqn,1,145
0.20223420647149462,5110.700000000001,2,1536.52,1560.4,S3,dqn,1,146
0.17025440313111545,5066.5,0,1551.0,1586.0,S3,dqn,1,147
0.14960346070656091,5624.3,4,1455.52,1480.2,S3,dqn,1,148
0.12903225806451613,5693.5,0,1653.68,1665.0,S3,dqn,1,149
0.1693302891933029,5261.1,2,1532.48,1611.4,S3,dqn,1,150
0.17942583732057416,4955.85,0,1321.32,1325.0,S3,dqn,1,151
0.1659671880961465,5295.700000000001,4,1455.3200000000002,1477.2,S3,dqn,1,152
0.1645101663585952,5415.5,1,1526.0800000000002,1565.4,S3,dqn,1,153
0.1479076479076479,5578.900000000001,0,1610.5200000000002,1627.2000000000003,S3,dqn,1,154
0.12062128222075347,6216.700000000001,0,1699.08,1748.2,S3,dqn,1,155
0.1522751701898961,5598.450000000001,0,1594.2800000000002,1612.4,S3,dqn,1,156
0.1424917793204238,5569.900000000001,2,1575.4,1623.6000000000001,S3,dqn,1,157
0.1448199034533977,5485.1,1,1682.8400000000001,1796.8000000000002,S3,dqn,1,158
0.15134736064968624,5450.55,0,1422.3200000000002,1444.6000000000001,S3,dqn,1,159
0.12722202858138723,5910.3,4,1655.6,1727.2,S3,dqn,1,160
0.15683345780433158,5383.1,1,1597.96,1645.6000000000001,S3,dqn,1,161
0.1858172165339401,5193.900000000001,1,1445.16,1494.4,S3,dqn,1,162
0.1445643793369314,5251.3,1,1444.68,1449.4,S3,dqn,1,163
0.18504090377873003,5064.900000000001,0,1340.6000000000001,1349.2,S3,dqn,1,164
0.15384615384615385,5492.5,1,1498.92,1507.6000000000001,S3,dqn,1,165
0.16267763649962602,5333.3,0,1611.48,1655.0,S3,dqn,1,166
0.15791551519936833,5093.1,1,1337.68,1351.4,S3,dqn,1,167
0.17039759438690277,5974.1,2,1679.96,1708.4,S3,dqn,1,168
0.1304945054945055,5952.900000000001,0,1627.6000000000001,1661.8000000000002,S3,dqn,1,169
0.1935886761032473,4724.150000000001,2,1265.84,1286.0,S3,dqn,1,170
0.1601960045231813,5350.1,4,1684.76,1757.6000000000001,S3,dqn,1,171
0.17380759902991108,4919.3,0,1540.28,1626.8000000000002,S3,dqn,1,172
0.12744124462098644,6255.700000000001,7,1652.4,1670.6000000000001,S3,dqn,1,173
0.1820785597381342,4836.3,2,1305.8600000000001,1339.6000000000001,S3,dqn,1,174
0.18673780487804878,5172.3,0,1321.5600000000002,1329.8000000000002,S3,dqn,1,175
0.17329657345411578,5029.3,0,1493.6,1538.2,S3,dqn,1,176
0.17640364188163885,5223.700000000001,0,1448.2000000000003,1456.2000000000003,S3,dqn,1,177
0.16730038022813687,5328.5,7,1457.0800000000002,1483.4,S3,dqn,1,178
0.1638396299151889,5164.3,0,1543.0,1611.2,S3,dqn,1,179
0.20286396181384247,4891.3,0,1262.8,1265.0,S3,dqn,1,180
0.13162773451983686,5494.900000000001,0,1389.96,1406.4,S3,dqn,1,181
0.1657874905802562,5303.3,0,1621.28,1690.2,S3,dqn,1,182
0.1778496362166532,4930.3,2,1267.68,1289.4,S3,dqn,1,183
0.12347826086956522,5923.500000000001,3,1590.6000000000001,1604.0000000000002,S3,dqn,1,184
0.17488076311605724,4974.700000000001,0,1377.1600000000003,1379.0000000000002,S3,dqn,1,185
0.1812555260831123,4466.400000000001,0,1512.48,1631.4,S3,dqn,1,186
0.0847457627118644,5958.900000000001,3,1555.88,1591.2000000000003,S3,dqn,1,187
0.1901840490797546,4845.5,1,1358.0400000000002,1384.6000000000001,S3,dqn,1,188
0.17616191904047976,5292.1,0,1430.2,1449.2,S3,dqn,1,189
0.15578635014836795,5447.700000000001,1,1398.2800000000002,1401.0000000000002,S3,dqn,1,190
0.13467374810318664,5370.700000000001,2,1326.8400000000001,1332.2,S3,dqn,1,191
0.13307984790874525,5870.1,0,1637.76,1676.0,S3,dqn,1,192
0.15167930660888407,5585.3,0,1460.7600000000002,1486.6000000000001,S3,dqn,1,193
0.1715234230911103,5399.700000000001,2,1479.5200000000002,1499.8000000000002,S3,dqn,1,194
0.15824006175221922,5232.700000000001,3,1381.5600000000002,1419.8000000000002,S3,dqn,1,195
0.16079632465543645,5229.900000000001,0,1630.6,1704.4,S3,dqn,1,196
0.14533622559652928,4649.5,1,1371.4,1386.6000000000001,S3,dqn,1,197
0.17478616586091483,5319.3,0,1476.88,1490.4,S3,dqn,1,198
0.1346366654371081,5503.700000000001,0,1415.28,1432.0,S3,dqn,1,199
0.1728110599078341,5156.3,0,1509.2,1570.6000000000001,S3,dqn,1,200
0.14755323122898767,5397.900000000001,0,1517.88,1551.0000000000002,S3,dqn,1,201
0.1652589056188028,5443.1,0,1640.6,1694.2,S3,dqn,1,202
0.16399843811011325,5115.700000000001,1,1297.96,1301.4,S3,dqn,1,203
0.13120710536939847,5059.900000000001,1,1384.28,1435.8,S3,dqn,1,204
0.15252248728979273,5124.900000000001,0,1316.16,1320.2,S3,dqn,1,205
0.19330410522120367,4954.05,2,1358.8,1400.2,S3,dqn,1,206
0.1935483870967742,5219.5,3,1324.7,1328.4,S3,dqn,1,207
0.16049848942598188,5303.1,0,1472.9600000000003,1478.0000000000002,S3,dqn,1,208
0.15959517321915143,5127.3,0,1349.84,1359.0,S3,dqn,1,209
0.17798013245033112,4781.700000000001,0,1233.2,1243.6000000000001,S3,dqn,1,210
0.10503369005152596,5233.1,1,1334.88,1357.0,S3,dqn,1,211
0.17344274524431183,5340.700000000001,1,1372.3200000000002,1378.8000000000002,S3,dqn,1,212
0.14594162335065974,5063.700000000001,1,1290.68,1312.6000000000001,S3,dqn,1,213
0.1887152115897827,5156.6,0,1420.8400000000001,1462.8000000000002,S3,dqn,1,214
0.14541387024608501,5425.900000000001,2,1450.2800000000002,1463.4,S3,dqn,1,215
0.13824130879345603,5018.150000000001,4,1415.52,1424.0,S3,dqn,1,216
0.16546762589928057,5582.5,3,1526.0800000000002,1540.8000000000002,S3,dqn,1,217
0.1733232856066315,5254.3,0,1404.24,1433.0,S3,dqn,1,218
0.15560554930633672,5351.900000000001,0,1406.7200000000003,1407.0000000000002,S3,dqn,1,219
0.1486697965571205,5167.700000000001,1,1361.1200000000001,1369.6000000000001,S3,dqn,1,220
0.11619592420450482,5809.900000000001,3,1503.4,1521.6000000000001,S3,dqn,1,221
0.14723203769140164,5120.900000000001,0,1556.6000000000001,1636.0000000000002,S3,dqn,1,222
0.1446350487722839,5992.1,0,1507.72,1524.6000000000001,S3,dqn,1,223
0.15106303618052966,5404.700000000001,0,1738.04,1837.4,S3,dqn,1,224
0.1715497301464919,5160.3,0,1429.44,1481.6000000000001,S3,dqn,1,225
0.14296754250386398,5259.6,0,1396.32,1405.0,S3,dqn,1,226
0.19313304721030042,4583.5,2,1206.64,1237.4,S3,dqn,1,227
0.1595744680851064,5075.1,0,1444.72,1484.8000000000002,S3,dqn,1,228
0.1651039543416225,4910.6,1,1498.2800000000002,1535.2000000000003,S3,dqn,1,229
0.17523364485981308,5097.1,0,1419.1200000000001,1420.0,S3,dqn,1,230
0.16955995155429957,5004.400000000001,3,1331.24,1339.0,S3,dqn,1,231
0.17383177570093458,5309.5,0,1359.1200000000001,1368.8000000000002,S3,dqn,1,232
0.16856060606060605,5288.75,2,1480.76,1567.8000000000002,S3,dqn,1,233
0.18082865168539325,5625.1,0,1434.6000000000001,1434.8000000000002,S3,dqn,1,234
0.15482695810564662,5509.5,1,1473.44,1507.6000000000001,S3,dqn,1,235
0.17317612380250552,5407.55,1,1468.17,1513.4,S3,dqn,1,236
0.13103706476974916,5433.700000000001,0,1462.44,1471.4,S3,dqn,1,237
0.19464720194647203,4829.700000000001,1,1351.88,1374.6000000000001,S3,dqn,1,238
0.11747430249632893,5609.3,1,1488.2800000000002,1489.6000000000001,S3,dqn,1,239
0.14115092290988057,5611.1,1,1398.8,1404.2,S3,dqn,1,240
0.19854132901134522,4809.1,0,1217.56,1232.2,S3,dqn,1,241
0.14184397163120568,5711.5,0,1603.0800000000002,1607.4,S3,dqn,1,242
0.19556451612903225,4878.5,1,1335.76,1375.4,S3,dqn,1,243
0.17261671243624951,5047.3,0,1403.88,1416.6000000000001,S3,dqn,1,244
0.18192263500574493,5156.700000000001,0,1408.3600000000001,1413.6000000000001,S3,dqn,1,245
0.12871646120377084,5609.1,0,1469.2,1489.0,S3,dqn,1,246
0.16399162595952546,5741.200000000001,0,1433.76,1434.4,S3,dqn,1,247
0.16469282013323464,5382.900000000001,0,1397.7600000000002,1418.8000000000002,S3,dqn,1,248
0.137291280148423,5452.5,0,1477.04,1485.2,S3,dqn,1,249
0.14654161781946073,5147.3,0,1411.84,1451.0,S3,dqn,1,250
0.1516942474389283,5099.1,0,1443.16,1462.6000000000001,S3,dqn,1,251
0.18991964937910885,5401.1,2,1409.12,1461.0,S3,dqn,1,252
0.13423988842398885,5832.1,1,1600.96,1648.6000000000001,S3,dqn,1,253
0.18999612252811168,5083.3,0,1360.8400000000001,1365.6000000000001,S3,dqn,1,254
0.16110902959910078,5323.3,0,1484.7200000000003,1513.0000000000002,S3,dqn,1,255
0.18338727076591155,5493.700000000001,0,1701.32,1763.4,S3,dqn,1,256
0.18525519848771266,5213.5,0,1324.4,1343.0,S3,dqn,1,257
0.1876996805111821,5003.3,3,1276.8000000000002,1293.6000000000001,S3,dqn,1,258
0.13986013986013987,6100.1,0,1750.2,1768.2,S3,dqn,1,259
0.12199771254288982,5404.85,2,1350.92,1359.2,S3,dqn,1,260
0.15734265734265734,5180.3,2,1390.92,1425.6000000000001,S3,dqn,1,261
0.1225828729281768,5912.700000000001,0,1508.8400000000001,1509.2,S3,dqn,1,262
0.12960934647681635,5567.3,0,1610.16,1625.6000000000001,S3,dqn,1,263
0.13331024930747923,5866.85,0,1628.88,1671.0000000000002,S3,dqn,1,264
0.2055888223552894,4860.5,0,1236.04,1264.4,S3,dqn,1,265
0.16759776536312848,5754.3,2,1548.8,1595.4,S3,dqn,1,266
0.15151515151515152,5295.500000000001,0,1504.88,1537.6000000000001,S3,dqn,1,267
0.15139900344959756,5263.3,0,1387.3600000000001,1395.6000000000001,S3,dqn,1,268
0.13922036595067622,5124.3,2,1364.08,1385.0,S3,dqn,1,269
0.14012061014544164,5730.3,0,1525.3600000000001,1525.4,S3,dqn,1,270
0.13025356026398055,5851.3,0,1567.68,1580.6000000000001,S3,dqn,1,271
0.12156448202959831,5825.1,1,1714.7200000000003,1782.2000000000003,S3,dqn,1,272
0.10339445961763559,5319.1,2,1404.08,1428.8,S3,dqn,1,273
0.21108742004264391,4576.5,0,1366.96,1406.2,S3,dqn,1,274
0.11645666284841542,5368.3,0,1404.1200000000001,1469.2,S3,dqn,1,275
0.1254416961130742,5807.5,0,1470.6000000000001,1485.6000000000001,S3,dqn,1,276
0.17745709828393136,5126.3,3,1440.3600000000001,1455.0,S3,dqn,1,277
0.12459150326797386,4987.1,0,1374.8000000000002,1391.4,S3,dqn,1,278
0.15365595196043802,5693.700000000001,0,1406.56,1419.2,S3,dqn,1,279
0.1502534395365677,5565.900000000001,0,1525.8400000000001,1559.4,S3,dqn,1,280
0.1779816513761468,5385.5,0,1502.9600000000003,1532.2000000000003,S3,dqn,1,281
0.1886066204772902,5095.1,0,1438.64,1446.8000000000002,S3,dqn,1,282
0.12902085542594557,5758.3,0,1484.44,1489.6000000000001,S3,dqn,1,283
0.14035087719298245,5199.5,1,1396.0400000000002,1414.4,S3,dqn,1,284
0.17235718975705844,6038.700000000001,0,1660.28,1670.0,S3,dqn,1,285
0.15928231417063346,5463.700000000001,0,1544.8,1585.2,S3,dqn,1,286
0.1606944957517547,5424.900000000001,0,1447.48,1484.4,S3,dqn,1,287
0.1947069943289225,5242.5,3,1464.04,1512.0,S3,dqn,1,288
0.16549441456350847,4804.900000000001,0,1206.6000000000001,1226.4,S3,dqn,1,289
0.14435695538057744,5372.900000000001,0,1471.5200000000002,1524.8000000000002,S3,dqn,1,290
0.14861995753715498,5684.700000000001,0,1467.1200000000001,1490.6000000000001,S3,dqn,1,291
0.18459069020866772,4925.900000000001,1,1238.7600000000002,1243.8000000000002,S3,dqn,1,292
0.11424219345011424,5430.450000000001,2,1317.63,1336.4,S3,dqn,1,293
0.1913214990138067,5004.5,2,1299.88,1337.2,S3,dqn,1,294
0.1801441152922338,4954.1,2,1379.8,1410.0,S3,dqn,1,295
0.1469559132260322,5794.1,1,1678.7600000000002,1691.6000000000001,S3,dqn,1,296
0.19506369426751594,4948.900000000001,1,1381.52,1432.4,S3,dqn,1,297
0.15829694323144106,5506.1,0,1368.8400000000001,1389.0000000000002,S3,dqn,1,298
0.12041058033951836,5194.1,0,1411.0,1466.8000000000002,S3,dqn,1,299
0.18689925240299038,5517.3,0,1434.4,1453.8,S3,dqn,1,300
0.17864649012189995,4691.3,0,1182.44,1210.0,S3,dqn,1,301
0.12940735183795948,5451.700000000001,1,1461.0000000000002,1466.8000000000002,S3,dqn,1,302
0.1819560272934041,5222.1,1,1343.8000000000002,1363.8000000000002,S3,dqn,1,303
0.16999260901699925,5383.700000000001,0,1567.0800000000002,1600.2000000000003,S3,dqn,1,304
0.17109574080815435,5450.900000000001,0,1473.3600000000001,1479.6000000000001,S3,dqn,1,305
0.16606642657062826,4967.3,0,1425.4,1474.2000000000003,S3,dqn,1,306
0.16966067864271456,4998.5,0,1379.44,1396.4,S3,dqn,1,307
0.11326860841423948,5759.700000000001,4,1623.1600000000003,1624.0000000000002,S3,dqn,1,308
0.11973999315771468,6010.1,1,1733.88,1804.8000000000002,S3,dqn,1,309
0.13153399385035872,6018.900000000001,2,1599.4,1630.8000000000002,S3,dqn,1,310
0.16855991205569806,5419.3,0,1593.8799999999999,1657.8,S3,dqn,1,311
0.11292114031840059,5578.700000000001,0,1661.64,1692.8000000000002,S3,dqn,1,312
0.13562386980108498,5600.5,0,1468.24,1469.4,S3,dqn,1,313
0.16361021215390148,5544.700000000001,0,1562.7600000000002,1583.0000000000002,S3,dqn,1,314
0.1590594744121715,5810.900000000001,1,1503.56,1542.2,S3,dqn,1,315
0.1237721021611002,5208.5,0,1631.0,1703.4,S3,dqn,1,316
0.21156263091746963,4676.900000000001,4,1367.88,1417.2,S3,dqn,1,317
0.1399856424982053,5661.700000000001,1,1518.3200000000002,1540.8000000000002,S3,dqn,1,318
0.1474289823804387,5593.700000000001,0,1497.6000000000001,1512.4,S3,dqn,1,319
0.1254552812626467,5057.700000000001,2,1498.16,1516.4,S3,dqn,1,320
0.2239089184060721,5076.5,0,1287.3000000000002,1301.4,S3,dqn,1,321
0.14318010550113036,5365.55,0,1497.6000000000001,1497.8000000000002,S3,dqn,1,322
0.156794425087108,5164.1,0,1276.32,1279.0,S3,dqn,1,323
0.15042735042735042,5884.500000000001,0,1500.8400000000001,1502.0000000000002,S3,dqn,1,324
0.1437007874015748,5155.5,2,1484.8799999999999,1539.0,S3,dqn,1,325
0.19683441558441558,4867.3,2,1422.2800000000002,1511.0000000000002,S3,dqn,1,326
0.1797752808988764,5284.5,0,1389.7600000000002,1416.8000000000002,S3,dqn,1,327
0.10710460549803641,5782.700000000001,1,1588.68,1626.2,S3,dqn,1,328
0.18384879725085912,5755.500000000001,1,1544.8,1568.2,S3,dqn,1,329
0.14495347172512527,5648.3,0,1507.9600000000003,1515.0000000000002,S3,dqn,1,330
0.17599110781771027,5440.8,7,1483.5600000000002,1518.6000000000001,S3,dqn,1,331
0.09902912621359224,5346.5,0,1422.3200000000002,1448.6000000000001,S3,dqn,1,332
0.20567092651757188,4860.05,0,1283.64,1300.4,S3,dqn,1,333
0.17362329007365837,5704.200000000001,2,1647.64,1700.2000000000003,S3,dqn,1,334
0.16067062521830247,5724.1,0,1586.0000000000002,1608.6000000000001,S3,dqn,1,335
0.1556279406442273,5574.1,0,1360.9,1369.2,S3,dqn,1,336
0.12427184466019417,5278.5,0,1404.5600000000002,1405.0000000000002,S3,dqn,1,337
0.18681318681318682,5381.5,0,1465.7600000000002,1516.8000000000002,S3,dqn,1,338
0.16116035455278002,4967.900000000001,0,1300.48,1311.6000000000001,S3,dqn,1,339
0.16924362724613456,4759.1,1,1270.4,1273.0,S3,dqn,1,340
0.18602029312288612,5255.700000000001,1,1580.92,1637.8000000000002,S3,dqn,1,341
0.1648564778898371,5159.1,0,1305.64,1324.8000000000002,S3,dqn,1,342
0.1801470588235294,5487.5,8,1403.72,1429.6000000000001,S3,dqn,1,343
0.20725388601036268,5310.900000000001,3,1374.48,1378.4,S3,dqn,1,344
0.08968609865470852,5120.1,0,1505.0000000000002,1523.8000000000002,S3,dqn,1,345
0.14143426294820718,5063.5,0,1306.96,1328.6000000000001,S3,dqn,1,346
0.16147635524798154,5186.200000000001,0,1320.96,1341.4,S3,dqn,1,347
0.13178294573643412,5257.75,0,1464.4,1504.6000000000001,S3,dqn,1,348
0.2175681171207808,4756.3,0,1306.04,1342.0,S3,dqn,1,349
0.1706422018348624,5429.5,1,1433.68,1455.4,S3,dqn,1,350
0.15125173852573018,5772.700000000001,0,1658.88,1733.4,S3,dqn,1,351
0.17247774480712166,5381.700000000001,2,1531.5200000000002,1543.8000000000002,S3,dqn,1,352
0.14194994396712737,5400.900000000001,0,1439.4,1460.8000000000002,S3,dqn,1,353
0.1607717041800643,5660.3,3,1720.28,1788.4,S3,dqn,1,354
0.16338655774229485,5392.1,1,1455.28,1458.0,S3,dqn,1,355
0.16465193830762817,4812.3,1,1209.92,1217.6000000000001,S3,dqn,1,356
0.16755793226381463,5640.0,2,1719.1200000000001,1779.2,S3,dqn,1,357
0.2169035153328347,5193.05,2,1553.8,1639.0,S3,dqn,1,358
0.16993693062368606,5684.3,0,1663.8000000000002,1724.6000000000001,S3,dqn,1,359
0.1568627450980392,5615.5,0,1418.2000000000003,1420.8000000000002,S3,dqn,1,360
0.16896802325581395,5476.900000000001,1,1430.52,1437.4,S3,dqn,1,361
0.11618589743589744,5110.700000000001,0,1403.72,1439.4,S3,dqn,1,362
0.19734192509061618,4966.35,8,1225.49,1252.4,S3,dqn,1,363
0.1020780167699599,5666.1,0,1480.48,1483.2,S3,dqn,1,364
0.15401146131805157,5597.150000000001,0,1665.1599999999999,1737.8,S3,dqn,1,365
0.06899055918663761,5818.3,0,1561.5200000000002,1571.0000000000002,S3,dqn,1,366
0.13769009453349773,4975.1,2,1425.4,1458.2,S3,dqn,1,367
0.11692650334075724,5567.3,3,1598.76,1633.2,S3,dqn,1,368
0.13070692194403535,5529.700000000001,1,1429.2400000000002,1434.6000000000001,S3,dqn,1,369
0.16666666666666666,5009.25,0,1374.1200000000001,1401.4,S3,dqn,1,370
0.12089157536834153,5406.900000000001,0,1418.16,1427.2,S3,dqn,1,371
0.06588072122052704,6089.3,0,1629.48,1659.8000000000002,S3,dqn,1,372
0.13480392156862744,4990.1,1,1332.92,1358.8000000000002,S3,dqn,1,373
0.1848906560636183,5016.75,5,1375.92,1397.8000000000002,S3,dqn,1,374
0.05594927265945543,5703.700000000001,1,1562.8400000000001,1603.2000000000003,S3,dqn,1,375
0.1343679031037093,5366.900000000001,1,1526.3200000000002,1547.6000000000001,S3,dqn,1,376
0.09655433547898523,5489.700000000001,1,1395.2800000000002,1413.8000000000002,S3,dqn,1,377
0.10564733000384172,5364.1,0,1412.24,1441.6000000000001,S3,dqn,1,378
0.14154281670205238,5704.700000000001,0,1514.2000000000003,1517.8000000000002,S3,dqn,1,379
0.10661366100469823,5777.900000000001,3,1498.16,1504.2,S3,dqn,1,380
0.0702054794520548,6177.5,1,1612.56,1627.0,S3,dqn,1,381
0.0998492840994725,5505.3,1,1481.96,1506.8000000000002,S3,dqn,1,382
0.08568164508758568,5488.700000000001,0,1472.3600000000001,1476.8000000000002,S3,dqn,1,383
0.10693215339233038,5624.900000000001,3,1503.3600000000001,1515.0,S3,dqn,1,384
0.12799740764744005,6387.700000000001,5,1661.88,1667.4,S3,dqn,1,385
0.12556221889055472,5495.1,3,1393.7600000000002,1405.8000000000002,S3,dqn,1,386
0.12996941896024464,5314.700000000001,0,1425.88,1459.6000000000001,S3,dqn,1,387
0.13287775246772968,5441.3,5,1458.68,1469.4,S3,dqn,1,388
0.1507185418857343,5728.1,0,1540.76,1557.2,S3,dqn,1,389
0.19469759734879868,4872.3,10,1379.5600000000002,1388.8000000000002,S3,dqn,1,390
0.07227575982209043,5669.1,0,1579.2,1618.2,S3,dqn,1,391
0.12313562261533126,5884.1,0,1546.88,1553.6000000000001,S3,dqn,1,392
0.07636655948553055,5213.1,0,1455.92,1502.6000000000001,S3,dqn,1,393
0.16611295681063123,5407.3,0,1364.64,1368.8000000000002,S3,dqn,1,394
0.17421602787456447,5136.1,2,1352.1200000000001,1364.2,S3,dqn,1,395
0.16345347862531434,4794.700000000001,2,1301.56,1304.2,S3,dqn,1,396
0.11332007952286283,5168.5,0,1362.6,1393.0,S3,dqn,1,397
0.18400566171266808,5603.700000000001,1,1458.0400000000002,1476.8000000000002,S3,dqn,1,398
0.09218289085545722,5653.900000000001,0,1617.72,1652.2,S3,dqn,1,399
0.12140455734030631,5466.900000000001,0,1330.2,1332.8,S3,dqn,1,400
0.12914417887432536,5338.3,5,1638.84,1715.0,S3,dqn,1,401
0.18632347291586632,5147.35,2,1340.2,1348.2,S3,dqn,1,402
0.13593586615545486,5857.3,2,1727.4,1803.6000000000001,S3,dqn,1,403
0.15204003079291764,5233.1,0,1445.8,1479.4,S3,dqn,1,404
0.2011263073209976,4854.7,0,1425.6,1455.0,S3,dqn,1,405
0.12729124236252545,5998.700000000001,0,1657.3600000000001,1703.6000000000001,S3,dqn,1,406
0.12799339388934763,4923.900000000001,0,1474.2,1580.4,S3,dqn,1,407
0.12853949329359166,5458.3,0,1601.1200000000001,1645.4,S3,dqn,1,408
0.15339663988312638,5487.1,0,1455.92,1458.6000000000001,S3,dqn,1,409
0.18305439330543932,5677.1,0,1407.3600000000001,1429.4,S3,dqn,1,410
0.12230741146403797,5611.3,0,1540.0800000000002,1582.4,S3,dqn,1,411
0.17479970866715222,5489.700000000001,1,1433.0000000000002,1451.2000000000003,S3,dqn,1,412
0.12461059190031153,5243.1,0,1421.68,1451.6000000000001,S3,dqn,1,413
0.14190932546995946,5552.1,5,1548.64,1594.0000000000002,S3,dqn,1,414
0.16337386018237082,5269.900000000001,1,1470.48,1508.6000000000001,S3,dqn,1,415
0.19107142857142856,5519.5,2,1433.1200000000001,1459.6000000000001,S3,dqn,1,416
0.12906846240179573,5563.1,9,1529.36,1562.2,S3,dqn,1,417
0.11447419480015522,5306.650000000001,0,1300.68,1310.4,S3,dqn,1,418
0.10138740661686232,5814.700000000001,0,1505.5200000000002,1511.8000000000002,S3,dqn,1,419
0.10151410874053682,6059.700000000001,3,1578.3200000000002,1583.0000000000002,S3,dqn,1,420
0.0589159465828751,5388.700000000001,0,1509.0000000000002,1534.8000000000002,S3,dqn,1,421
0.10543390105433902,5100.700000000001,0,1365.64,1393.8000000000002,S3,dqn,1,422
0.17588932806324112,5016.75,0,1458.32,1496.0,S3,dqn,1,423
0.13125,4874.5,0,1256.88,1259.0,S3,dqn,1,424
0.1457518663348738,5681.1,1,1496.3600000000001,1516.4,S3,dqn,1,425
0.13309495431068732,5106.900000000001,0,1459.6000000000001,1524.4,S3,dqn,1,426
0.11035007610350075,5421.1,0,1424.44,1424.6000000000001,S3,dqn,1,427
0.1586998087954111,5251.500000000001,1,1327.6000000000001,1337.4,S3,dqn,1,428
0.11498257839721254,5918.5,1,1613.8000000000002,1622.4,S3,dqn,1,429
0.12168543407192153,5648.1,2,1493.2,1509.0,S3,dqn,1,430
0.1141459437423563,5028.1,0,1400.92,1432.8000000000002,S3,dqn,1,431
0.12052877138413685,5270.900000000001,1,1424.96,1460.4,S3,dqn,1,432
0.12919398380254532,5270.1,0,1482.1200000000001,1511.4,S3,dqn,1,433
0.1143265451947124,5754.3,1,1582.8,1597.0,S3,dqn,1,434
0.1998417095370004,4943.900000000001,1,1400.2400000000002,1405.0000000000002,S3,dqn,1,435
0.11964107676969092,6155.3,0,1620.1200000000001,1639.4,S3,dqn,1,436
0.07442748091603053,5523.5,2,1524.44,1585.4,S3,dqn,1,437
0.12721238938053098,5569.900000000001,2,1536.3200000000002,1544.4,S3,dqn,1,438
0.14413712504869497,5170.900000000001,0,1283.04,1287.0,S3,dqn,1,439
0.11869436201780416,6301.1,5,1827.0800000000002,1894.6000000000001,S3,dqn,1,440
0.1511042231693142,5177.700000000001,0,1352.92,1373.4,S3,dqn,1,441
0.1654081265731751,5589.700000000001,4,1495.92,1506.4,S3,dqn,1,442
0.2021986650961916,5029.400000000001,3,1472.56,1523.4,S3,dqn,1,443
0.07272082298687478,6052.3,7,1672.64,1700.4,S3,dqn,1,444
0.1839080459770115,5133.5,0,1389.6000000000001,1400.2,S3,dqn,1,445
0.18822587104525432,4909.900000000001,1,1267.3600000000001,1268.4,S3,dqn,1,446
0.14832022873481057,5664.1,0,1539.92,1540.6000000000001,S3,dqn,1,447
0.15095042862467387,5384.1,0,1524.4,1534.4,S3,dqn,1,448
0.12048192771084337,5456.700000000001,2,1465.4,1471.8000000000002,S3,dqn,1,449
0.18059102517329442,5437.700000000001,2,1498.72,1541.4,S3,dqn,1,450
0.09445843828715365,5041.900000000001,8,1349.4,1372.2,S3,dqn,1,451
0.13411409142425387,5389.150000000001,1,1581.6000000000001,1582.6000000000001,S3,dqn,1,452
0.12110726643598616,5925.5,0,1540.24,1565.2,S3,dqn,1,453
0.16177739430543572,4647.1,0,1225.3200000000002,1240.2,S3,dqn,1,454
0.13660245183887915,5780.5,0,1422.88,1423.2,S3,dqn,1,455
0.17422867513611615,5476.0,0,1539.0400000000002,1579.6000000000001,S3,dqn,1,456
0.06556112610875434,5483.1,0,1664.96,1696.2,S3,dqn,1,457
0.11537096201632943,5774.900000000001,0,1544.96,1565.2,S3,dqn,1,458
0.05798542080848244,6412.1,0,1739.1200000000001,1797.4,S3,dqn,1,459
0.18041237113402062,5354.700000000001,0,1526.36,1562.2,S3,dqn,1,460
0.0638220277169949,5823.900000000001,0,1510.56,1511.2,S3,dqn,1,461
0.2116598588934274,5238.35,1,1438.3300000000002,1481.8000000000002,S3,dqn,1,462
0.18706865237922266,5456.1,2,1487.4800000000002,1493.0000000000002,S3,dqn,1,463
0.15202702702702703,5409.3,3,1593.12,1682.2,S3,dqn,1,464
0.16261682242990655,5332.0,0,1503.64,1529.6000000000001,S3,dqn,1,465
0.16380343587694765,4987.1,0,1393.52,1456.4,S3,dqn,1,466
0.1808834729626809,5179.700000000001,0,1525.8400000000001,1563.4,S3,dqn,1,467
0.1193792280143255,5142.1,0,1408.3600000000001,1414.0,S3,dqn,1,468
0.17088174982911825,5834.700000000001,0,1603.28,1653.4,S3,dqn,1,469
0.08346273291925466,5468.700000000001,6,1442.4,1453.6000000000001,S3,dqn,1,470
0.08952899961074348,5366.3,1,1365.16,1381.4,S3,dqn,1,471
0.06846780162842339,5729.900000000001,0,1616.3200000000002,1683.8000000000002,S3,dqn,1,472
0.1405467847516365,5242.900000000001,0,1470.64,1493.2,S3,dqn,1,473
0.19507186858316222,4802.5,1,1203.4,1209.4,S3,dqn,1,474
0.1586130579122095,5415.700000000001,0,1458.5200000000002,1472.8000000000002,S3,dqn,1,475
0.13432835820895522,5433.75,0,1448.7600000000002,1488.8000000000002,S3,dqn,1,476
0.18719580681392736,5243.700000000001,0,1458.4,1459.6000000000001,S3,dqn,1,477
0.12384473197781885,5526.5,0,1573.4,1598.2000000000003,S3,dqn,1,478
0.07426661715558856,5715.1,3,1515.68,1518.4,S3,dqn,1,479
0.10646687697160884,5307.700000000001,5,1385.5200000000002,1395.8000000000002,S3,dqn,1,480
0.10199918400652795,5079.700000000001,0,1516.76,1523.4,S3,dqn,1,481
0.12069647803719825,5175.400000000001,1,1325.62,1368.5,S3,dqn,1,482
0.1269130272489735,5504.3,3,1416.6000000000001,1424.6000000000001,S3,dqn,1,483
0.12092534174553102,5830.1,0,1660.9600000000003,1664.8000000000002,S3,dqn,1,484
0.12718299164768412,5390.3,2,1376.4,1377.2,S3,dqn,1,485
0.2329192546583851,4310.8,1,1193.48,1243.6000000000001,S3,dqn,1,486
0.2006880733944954,5157.700000000001,3,1667.76,1758.8000000000002,S3,dqn,1,487
0.10352342898656011,5692.1,0,1702.48,1733.8000000000002,S3,dqn,1,488
0.15912576687116564,5235.35,1,1502.13,1513.2,S3,dqn,1,489
0.2054794520547945,5114.1,1,1362.92,1411.8000000000002,S3,dqn,1,490
0.15746572804742498,5428.3,1,1443.92,1447.2,S3,dqn,1,491
0.12995313165743502,4764.900000000001,0,1268.2800000000002,1306.8000000000002,S3,dqn,1,492
0.17437452615617893,5239.1,0,1372.64,1392.2,S3,dqn,1,493
0.1997780244173141,5266.1,0,1435.6,1462.2,S3,dqn,1,494
0.18680445151033387,4962.700000000001,0,1270.04,1281.2,S3,dqn,1,495
0.12108262108262108,5946.1,15,1694.3600000000001,1710.2,S3,dqn,1,496
0.1911544227886057,5255.1,2,1448.8,1491.2,S3,dqn,1,497
0.17899761336515513,4971.3,1,1310.64,1332.4,S3,dqn,1,498
0.20614546868922598,4995.950000000001,0,1317.04,1340.0,S3,dqn,1,499
0.17013232514177692,5246.5,0,1499.72,1517.2,S3,dqn,1,500
0.2135579937304075,4952.650000000001,0,1338.4,1378.6000000000001,S3,dqn,1,501
0.16613290632506006,4990.1,0,1369.72,1428.0,S3,dqn,1,502
0.21532990912682734,4923.700000000001,2,1326.8,1351.2,S3,dqn,1,503
0.14892844169996367,5581.35,2,1593.24,1624.6000000000001,S3,dqn,1,504
0.17223011363636365,5580.700000000001,0,1477.2800000000002,1497.8000000000002,S3,dqn,1,505
0.14231824417009603,5990.700000000001,6,1573.96,1590.4,S3,dqn,1,506
0.16177096636866753,4696.3,1,1401.0,1486.2,S3,dqn,1,507
0.14115092290988057,5593.1,0,1492.52,1497.0,S3,dqn,1,508
0.22277227722772278,4276.900000000001,0,1273.08,1315.0,S3,dqn,1,509
0.09960868018498754,5841.700000000001,2,1654.1200000000001,1685.4,S3,dqn,1,510
0.09650924024640657,5042.5,0,1436.3600000000001,1504.4,S3,dqn,1,511
0.17788255465066438,4673.1,3,1220.0400000000002,1230.6000000000001,S3,dqn,1,512
0.13094798967170787,5505.700000000001,0,1350.88,1358.4,S3,dqn,1,513
0.15145554681353265,5110.900000000001,1,1334.64,1352.2,S3,dqn,1,514
0.1068840579710145,5724.5,3,1621.72,1691.8000000000002,S3,dqn,1,515
0.13105639396346305,5111.1,0,1451.56,1502.2,S3,dqn,1,516
0.10626801152737753,5721.950000000001,0,1507.4800000000002,1521.8000000000002,S3,dqn,1,517
0.09104422147900408,5603.700000000001,0,1513.0400000000002,1556.8000000000002,S3,dqn,1,518
0.12089157536834153,5446.900000000001,2,1566.48,1600.6000000000001,S3,dqn,1,519
0.1424720831728918,5253.900000000001,1,1586.2,1626.6000000000001,S3,dqn,1,520
0.18928035982008995,5253.1,1,1366.44,1370.8000000000002,S3,dqn,1,521
0.13550667714061274,5184.700000000001,2,1378.6,1397.0,S3,dqn,1,522
0.18276260100038477,5140.3,0,1265.6,1283.0,S3,dqn,1,523
0.21054558769681436,5285.700000000001,0,1368.7600000000002,1380.6000000000001,S3,dqn,1,524
0.1887620719929763,4467.1,0,1264.28,1276.2,S3,dqn,1,525
0.1916451335055986,4565.900000000001,0,1281.96,1325.6000000000001,S3,dqn,1,526
0.15895953757225434,5621.1,5,1481.16,1498.4,S3,dqn,1,527
0.12716996366572467,5053.900000000001,0,1340.2800000000002,1360.6000000000001,S3,dqn,1,528
0.1339969372128637,5412.900000000001,8,1424.3200000000002,1445.6000000000001,S3,dqn,1,529
0.15601783060921248,5385.900000000001,0,1444.16,1462.0,S3,dqn,1,530
0.10010537407797682,5888.900000000001,0,1586.92,1603.2,S3,dqn,1,531
0.18890200708382526,4991.700000000001,0,1366.64,1426.4,S3,dqn,1,532
0.12629399585921325,4996.5,6,1410.4,1480.0000000000002,S3,dqn,1,533
0.1170018281535649,5600.5,0,1459.8000000000002,1475.6000000000001,S3,dqn,1,534
0.15873015873015872,5031.5,0,1514.64,1528.2,S3,dqn,1,535
0.07031546940326872,5578.700000000001,2,1459.68,1498.4,S3,dqn,1,536
0.09038619556285948,5068.3,0,1407.04,1454.0,S3,dqn,1,537
0.1319073083778966,5714.5,0,1490.1200000000001,1535.2,S3,dqn,1,538
0.13842124953236065,5417.1,1,1466.4800000000002,1506.2000000000003,S3,dqn,1,539
0.09376273950264982,5140.1,4,1445.92,1466.0,S3,dqn,1,540
0.12602058927937523,5742.900000000001,0,1552.0000000000002,1573.6000000000001,S3,dqn,1,541
0.1104868913857678,5497.5,0,1533.5200000000002,1550.8000000000002,S3,dqn,1,542
0.1293408929836995,5737.900000000001,0,1751.84,1829.2,S3,dqn,1,543
0.06600071352122726,6006.1,4,1509.32,1550.0,S3,dqn,1,544
0.10357815442561205,5478.5,0,1400.28,1404.0,S3,dqn,1,545
0.1312869822485207,5568.3,6,1547.2800000000002,1571.8000000000002,S3,dqn,1,546
0.10608203677510608,5946.1,7,1614.6,1634.6,S3,dqn,1,547
0.07578558225508318,5719.5,3,1476.8400000000001,1500.6000000000001,S3,dqn,1,548
0.1323918799646955,4605.700000000001,1,1262.52,1295.6000000000001,S3,dqn,1,549
0.08582907231555881,5709.1,0,1710.8,1773.4,S3,dqn,1,550
0.13254272758981514,5838.900000000001,0,1537.24,1593.2,S3,dqn,1,551
0.04948610582413399,5711.900000000001,7,1559.38,1622.8000000000002,S3,dqn,1,552
0.11297234125438255,5327.900000000001,3,1397.16,1426.8000000000002,S3,dqn,1,553
0.1682600382409178,5211.5,0,1499.0800000000002,1552.8000000000002,S3,dqn,1,554
0.18287781350482316,4895.1,0,1357.44,1367.0,S3,dqn,1,555
0.12216404886561955,5868.5,0,1588.0,1656.2,S3,dqn,1,556
0.14323911382734913,5298.6,1,1447.44,1477.2,S3,dqn,1,557
0.08992195453003055,6132.900000000001,0,1597.48,1627.8000000000002,S3,dqn,1,558
0.21458412457273074,5099.1,0,1351.4800000000002,1369.8000000000002,S3,dqn,1,559
0.12558306422676713,5709.900000000001,2,1532.1200000000001,1573.2,S3,dqn,1,560
0.1368113827070412,5573.700000000001,1,1569.8,1603.4,S3,dqn,1,561
0.17519685039370078,5021.5,0,1337.4,1368.6000000000001,S3,dqn,1,562
0.22435897435897437,4786.700000000001,0,1423.24,1474.0,S3,dqn,1,563
0.18457602339181287,5380.700000000001,0,1556.6000000000001,1614.4,S3,dqn,1,564
0.19286754002911208,5509.1,8,1435.0400000000002,1449.8000000000002,S3,dqn,1,565
0.14163250093179278,5496.1,2,1620.72,1641.0,S3,dqn,1,566
0.16105146242132543,5410.700000000001,1,1571.1200000000001,1625.6000000000001,S3,dqn,1,567
0.14729299363057324,5058.900000000001,0,1371.8000000000002,1375.6000000000001,S3,dqn,1,568
0.0919045756746187,5315.900000000001,0,1627.48,1730.6000000000001,S3,dqn,1,569
0.1331582895723931,5419.700000000001,1,1431.32,1445.0,S3,dqn,1,570
0.15636918382913806,5258.900000000001,0,1443.2,1460.0,S3,dqn,1,571
0.18072289156626506,5273.700000000001,3,1536.8400000000001,1555.4,S3,dqn,1,572
0.1325478645066274,5515.700000000001,0,1456.1200000000001,1498.8000000000002,S3,dqn,1,573
0.1874521805661821,5135.3,0,1425.48,1469.4,S3,dqn,1,574
0.16059957173447537,5631.900000000001,0,1615.8400000000001,1630.6000000000001,S3,dqn,1,575
0.12787169484178587,4688.900000000001,0,1379.2,1406.4,S3,dqn,1,576
0.12286959968291716,5146.1,0,1514.6000000000001,1568.4,S3,dqn,1,577
0.19429516329061597,4725.3,0,1451.76,1524.2,S3,dqn,1,578
0.1541933057540429,5338.3,1,1644.44,1693.8000000000002,S3,dqn,1,579
0.1377952755905512,5157.75,1,1423.3200000000002,1429.4,S3,dqn,1,580
0.16122984626921635,5354.900000000001,2,1406.44,1407.6000000000001,S3,dqn,1,581
0.19729425028184894,5191.700000000001,0,1466.8400000000001,1476.8000000000002,S3,dqn,1,582
0.14522821576763487,5339.950000000001,0,1529.72,1535.4,S3,dqn,1,583
0.14285714285714285,5386.0,1,1571.32,1603.2,S3,dqn,1,584
0.17053973013493254,5310.6,0,1354.24,1385.2,S3,dqn,1,585
0.17022072577628133,5302.85,0,1512.0,1593.2,S3,dqn,1,586
0.09177679882525698,5669.3,0,1760.8400000000001,1850.6000000000001,S3,dqn,1,587
0.1450640542577242,5344.3,0,1444.8400000000001,1464.8000000000002,S3,dqn,1,588
0.15284677111196027,5274.900000000001,2,1394.04,1428.0,S3,dqn,1,589
0.1073279052553664,5563.900000000001,0,1614.96,1677.2,S3,dqn,1,590
0.24897119341563786,4591.5,0,1269.6,1318.2,S3,dqn,1,591
0.11061946902654868,5635.900000000001,4,1548.48,1553.4,S3,dqn,1,592
0.1611785095320624,5774.500000000001,1,1499.04,1525.2,S3,dqn,1,593
0.11595221363316936,5845.700000000001,1,1589.6,1614.2,S3,dqn,1,594
0.09786154403769481,5739.3,2,1650.44,1703.8000000000002,S3,dqn,1,595
0.14653323802716225,5682.1,3,1490.3600000000001,1495.2000000000003,S3,dqn,1,596
0.1340847260007773,5224.1,0,1458.04,1527.8000000000002,S3,dqn,1,597
0.14049586776859505,4909.5,2,1421.76,1478.0,S3,dqn,1,598
0.12043795620437957,5641.500000000001,1,1528.3600000000001,1546.0000000000002,S3,dqn,1,599
0.15781922525107603,5586.1,1,1486.6,1496.0,S3,dqn,1,600
0.1437216338880484,5343.3,0,1434.04,1469.0,S3,dqn,1,601
0.1184934405416843,4876.1,2,1218.5200000000002,1229.8000000000002,S3,dqn,1,602
0.14243126863199734,6093.3,0,1629.64,1631.0,S3,dqn,1,603
0.08567262121764492,5758.1,2,1779.4,1885.4,S3,dqn,1,604
0.14190932546995946,5489.35,0,1457.25,1488.6000000000001,S3,dqn,1,605
0.11057498994772819,5108.900000000001,0,1519.3200000000002,1558.8000000000002,S3,dqn,1,606
0.13842124953236065,5456.1,4,1410.46,1446.6000000000001,S3,dqn,1,607
0.15151515151515152,5453.700000000001,1,1430.48,1447.0,S3,dqn,1,608
0.10289634146341463,5442.3,2,1594.04,1642.4,S3,dqn,1,609
0.15138772077375945,4817.85,2,1375.8,1413.4,S3,dqn,1,610
0.14172945819878005,5660.900000000001,2,1509.2,1543.6000000000001,S3,dqn,1,611
0.12290884260839877,6031.3,4,1691.24,1735.8000000000002,S3,dqn,1,612
0.1661249548573492,5517.3,0,1576.72,1607.0,S3,dqn,1,613
0.12396694214876033,5183.700000000001,0,1298.94,1329.2,S3,dqn,1,614
0.19934162399414776,5363.3,1,1599.3600000000001,1621.0,S3,dqn,1,615
0.10242792109256449,5442.950000000001,0,1592.24,1658.8000000000002,S3,dqn,1,616
0.17863720073664824,5373.5,0,1413.4,1426.0,S3,dqn,1,617
0.12541497602360752,5538.700000000001,0,1513.2,1550.4,S3,dqn,1,618
0.11568123393316196,5673.1,5,1522.8400000000001,1575.6000000000001,S3,dqn,1,619
0.20080321285140562,4901.75,2,1322.2000000000003,1334.8000000000002,S3,dqn,1,620
0.19089857308137292,5088.1,0,1290.12,1318.2,S3,dqn,1,621
0.14819326025172555,4958.1,0,1469.1200000000001,1518.8000000000002,S3,dqn,1,622
0.1316765578635015,5482.700000000001,0,1450.88,1460.0,S3,dqn,1,623
0.19012797074954296,5360.5,0,1428.92,1449.0,S3,dqn,1,624
0.17984263769201947,5297.3,2,1617.08,1691.6000000000001,S3,dqn,1,625
0.16617969320672024,5465.1,0,1591.72,1655.4,S3,dqn,1,626
0.1601960045231813,5368.1,3,1576.56,1649.4,S3,dqn,1,627
0.15407344871253695,4741.3,0,1374.8000000000002,1448.0000000000002,S3,dqn,1,628
0.20917135961383748,4827.700000000001,0,1423.2400000000002,1469.0000000000002,S3,dqn,1,629
0.18768768768768768,5228.3,0,1383.1200000000001,1389.2,S3,dqn,1,630
0.09272467902995721,5877.3,2,1568.6000000000001,1581.8000000000002,S3,dqn,1,631
0.13975726369988967,5503.3,0,1394.8000000000002,1417.8000000000002,S3,dqn,1,632
0.15768243491015768,5459.900000000001,0,1501.6000000000001,1506.4,S3,dqn,1,633
0.12159709618874773,5626.5,0,1382.16,1394.0,S3,dqn,1,634
0.1515685583362707,5697.900000000001,0,1543.72,1558.6000000000001,S3,dqn,1,635
0.1058099268949596,5370.3,0,1446.0800000000002,1505.0000000000002,S3,dqn,1,636
0.1947285601888277,4980.900000000001,0,1489.2,1591.6000000000001,S3,dqn,1,637
0.06741140215716487,5478.700000000001,0,1429.1200000000001,1471.6000000000001,S3,dqn,1,638
0.17891130567186905,5210.900000000001,1,1372.0,1398.2,S3,dqn,1,639
0.07933279088689991,5141.1,0,1319.3600000000001,1328.6000000000001,S3,dqn,1,640
0.19062142584826536,5172.1,1,1441.5200000000002,1464.8000000000002,S3,dqn,1,641
0.1946564885496183,5139.5,0,1465.44,1510.4,S3,dqn,1,642
0.1732488822652757,5404.3,4,1362.88,1373.8000000000002,S3,dqn,1,643
0.16473230999625607,5328.700000000001,1,1448.8799999999999,1490.0,S3,dqn,1,644
0.06521739130434782,5875.5,4,1567.5200000000002,1598.2000000000003,S3,dqn,1,645
0.08915022761760243,5499.700000000001,0,1481.5600000000002,1499.6000000000001,S3,dqn,1,646
0.13055272973889454,5997.3,0,1602.0400000000002,1618.6000000000001,S3,dqn,1,647
0.10942760942760943,4908.700000000001,1,1278.48,1295.0,S3,dqn,1,648
0.12864169504351117,5436.1,4,1417.0800000000002,1418.2,S3,dqn,1,649
0.08795934323690383,5345.1,0,1649.0800000000002,1718.0000000000002,S3,dqn,1,650
0.14963078118927323,5166.1,0,1318.92,1346.2,S3,dqn,1,651
0.14443651925820256,5705.3,3,1721.76,1776.2,S3,dqn,1,652
0.1159274193548387,6113.700000000001,1,1759.24,1787.8000000000002,S3,dqn,1,653
0.1276595744680851,5769.500000000001,2,1583.2,1603.4,S3,dqn,1,654
0.12540894220283533,5682.700000000001,5,1536.04,1537.2,S3,dqn,1,655
0.19387001477104873,5344.1,1,1568.44,1613.4,S3,dqn,1,656
0.16420664206642066,5442.5,3,1355.2,1365.0,S3,dqn,1,657
0.14312267657992564,5437.5,0,1574.56,1669.0,S3,dqn,1,658
0.16129032258064516,4786.900000000001,0,1351.2,1400.6000000000001,S3,dqn,1,659
0.13553113553113552,5534.500000000001,0,1547.2,1607.4,S3,dqn,1,660
0.15381693885301936,5274.1,0,1316.16,1318.6000000000001,S3,dqn,1,661
0.1907790143084261,4926.700000000001,0,1333.52,1363.2,S3,dqn,1,662
0.1288098693759071,5626.700000000001,1,1553.88,1616.4,S3,dqn,1,663
0.12679788039364118,5404.650000000001,0,1579.4400000000003,1586.0000000000002,S3,dqn,1,664
0.09032743695897628,5544.900000000001,0,1440.1200000000001,1448.8000000000002,S3,dqn,1,665
0.15045871559633028,5475.5,0,1569.8400000000001,1571.6000000000001,S3,dqn,1,666
0.061585835257890686,5496.1,0,1468.2800000000002,1482.6000000000001,S3,dqn,1,667
0.2284890901605599,4654.55,0,1480.4099999999999,1595.0,S3,dqn,1,668
0.16617429837518463,5385.1,0,1524.96,1538.6000000000001,S3,dqn,1,669
0.1720468251152891,5606.3,0,1495.44,1526.8000000000002,S3,dqn,1,670
0.18221003134796238,5036.900000000001,1,1405.68,1449.0000000000002,S3,dqn,1,671
0.1996007984031936,4888.0,0,1309.16,1318.6000000000001,S3,dqn,1,672
0.17905799922148696,5067.3,0,1281.0400000000002,1292.4,S3,dqn,1,673
0.19305019305019305,5075.5,0,1368.44,1413.6000000000001,S3,dqn,1,674
0.15937019969278035,5221.3,1,1309.8,1342.4,S3,dqn,1,675
0.18114667604642984,5604.1,0,1483.08,1496.0,S3,dqn,1,676
0.18620397799407531,4717.1,4,1268.92,1289.2,S3,dqn,1,677
0.18806990881458965,5193.900000000001,2,1386.64,1390.2,S3,dqn,1,678
0.1620806633999246,5301.1,1,1623.24,1719.6000000000001,S3,dqn,1,679
0.09859154929577464,5152.5,0,1508.1200000000001,1537.4,S3,dqn,1,680
0.14356213548676536,4500.55,1,1410.88,1480.4,S3,dqn,1,681
0.21638330757341576,5012.35,0,1341.4800000000002,1356.8000000000002,S3,dqn,1,682
0.10741859684457872,6163.3,2,1662.0800000000002,1698.8000000000002,S3,dqn,1,683
0.19532746074301033,5103.700000000001,0,1631.1200000000001,1656.2000000000003,S3,dqn,1,684
0.18450184501845018,5334.500000000001,0,1406.0800000000002,1415.0000000000002,S3,dqn,1,685
0.14074595355383532,5759.900000000001,0,1612.16,1660.2000000000003,S3,dqn,1,686
0.09480470231323473,5468.900000000001,0,1542.0800000000002,1551.8000000000002,S3,dqn,1,687
0.1904570970328789,4941.3,1,1400.6000000000001,1418.8000000000002,S3,dqn,1,688
0.1584377302873987,5422.3,0,1483.4,1516.2,S3,dqn,1,689
0.11904761904761904,5098.1,1,1472.32,1511.0,S3,dqn,1,690
0.19139628144367482,5399.1,1,1414.36,1444.2,S3,dqn,1,691
0.11673921646220815,5215.900000000001,1,1376.7600000000002,1378.8000000000002,S3,dqn,1,692
0.07958967102935975,5916.900000000001,0,1655.48,1686.6000000000001,S3,dqn,1,693
0.13780918727915195,5725.500000000001,0,1498.0,1526.2,S3,dqn,1,694
0.171163914619412,4935.1,0,1268.0400000000002,1281.6000000000001,S3,dqn,1,695
0.19058732010890703,5060.700000000001,0,1254.84,1265.0,S3,dqn,1,696
0.14423076923076922,5051.700000000001,0,1302.32,1322.2,S3,dqn,1,697
0.16741071428571427,5373.6,0,1443.8400000000001,1474.0000000000002,S3,dqn,1,698
0.19319051262433054,5119.8,0,1459.36,1490.0,S3,dqn,1,699
0.14512383900928794,5262.3,3,1431.6800000000003,1459.2000000000003,S3,dqn,1,700
0.0861141011840689,5810.900000000001,0,1531.8400000000001,1555.6000000000001,S3,dqn,1,701
0.08727272727272728,5734.5,0,1585.84,1666.2,S3,dqn,1,702
0.14252245216712223,5163.700000000001,0,1433.04,1457.0,S3,dqn,1,703
0.1972525537160972,5554.3,1,1500.48,1543.0,S3,dqn,1,704
0.08907363420427554,5280.700000000001,2,1417.24,1433.2,S3,dqn,1,705
0.1638719512195122,5254.3,0,1385.64,1389.8000000000002,S3,dqn,1,706
0.0811981234211476,5806.700000000001,1,1678.0400000000002,1715.8000000000002,S3,dqn,1,707
0.14518257809062912,4585.1,1,1163.8000000000002,1175.4,S3,dqn,1,708
0.11194029850746269,5539.5,2,1398.68,1401.8000000000002,S3,dqn,1,709
0.145032632342277,5620.1,4,1585.5600000000002,1621.4,S3,dqn,1,710
0.07529580494801004,5874.3,1,1630.0400000000002,1654.6000000000001,S3,dqn,1,711
0.1375968992248062,5222.500000000001,0,1423.56,1484.2,S3,dqn,1,712
0.17891870867366783,5137.700000000001,3,1549.92,1617.2,S3,dqn,1,713
0.10507880910683012,5919.25,0,1545.52,1563.2,S3,dqn,1,714
0.1855533465871438,6035.1,4,1778.76,1828.4,S3,dqn,1,715
0.15512265512265513,5553.900000000001,0,1472.96,1524.2,S3,dqn,1,716
0.1575875486381323,5156.5,1,1419.92,1438.6000000000001,S3,dqn,1,717
0.0638220277169949,5827.900000000001,1,1423.0400000000002,1423.4,S3,dqn,1,718
0.17208413001912046,5180.500000000001,0,1429.88,1454.6000000000001,S3,dqn,1,719
0.17333809864188707,5581.1,0,1484.0800000000002,1491.6000000000001,S3,dqn,1,720
0.13771996939556236,5286.3,0,1535.52,1590.0,S3,dqn,1,721
0.08161678973960358,5376.1,0,1483.76,1518.2,S3,dqn,1,722
0.17919750681729646,5062.900000000001,0,1394.4800000000002,1442.0000000000002,S3,dqn,1,723
0.17631276351092373,5155.3,0,1462.48,1526.4,S3,dqn,1,724
0.16390041493775934,4851.5,4,1426.24,1478.2,S3,dqn,1,725
0.16205389657683905,5474.700000000001,0,1441.6399999999999,1481.0,S3,dqn,1,726
0.19014357780364766,5081.900000000001,1,1288.72,1302.0,S3,dqn,1,727
0.17723513194170934,5020.8,0,1353.68,1377.2,S3,dqn,1,728
0.12994569433669512,5265.1,0,1394.2,1404.0,S3,dqn,1,729
0.16336825766395033,5174.200000000001,0,1513.5600000000002,1590.8000000000002,S3,dqn,1,730
0.2369573874950219,4839.450000000001,3,1303.8,1308.2,S3,dqn,1,731
0.10082823190493338,5762.900000000001,1,1463.2800000000002,1474.4,S3,dqn,1,732
0.1912568306010929,5072.900000000001,3,1361.64,1387.2,S3,dqn,1,733
0.1319493314567206,5862.900000000001,5,1619.88,1621.0,S3,dqn,1,734
0.1493680582152432,5291.700000000001,3,1396.8000000000002,1399.4,S3,dqn,1,735
0.174530111238972,5176.900000000001,0,1537.28,1617.6000000000001,S3,dqn,1,736
0.17319277108433734,5273.700000000001,0,1372.8,1387.2,S3,dqn,1,737
0.10515247108307045,5983.1,6,1751.2800000000002,1752.6000000000001,S3,dqn,1,738
0.13038754074610648,5637.700000000001,1,1524.7600000000002,1526.6000000000001,S3,dqn,1,739
0.176,4939.5,0,1354.1200000000001,1360.6000000000001,S3,dqn,1,740
0.15178894109143476,5567.900000000001,1,1497.1200000000001,1497.6000000000001,S3,dqn,1,741
0.1323529411764706,5539.5,0,1450.9600000000003,1476.2000000000003,S3,dqn,1,742
0.21005104043973302,4943.900000000001,0,1352.0800000000002,1368.8000000000002,S3,dqn,1,743
0.10063559322033898,5889.900000000001,2,1594.1599999999999,1640.8,S3,dqn,1,744
0.15198618307426598,5828.5,0,1550.32,1585.2,S3,dqn,1,745
0.14037168841439304,5125.3,0,1512.1999999999998,1594.0,S3,dqn,1,746
0.16488046166529266,4892.700000000001,1,1322.56,1336.2,S3,dqn,1,747
0.16705974842767296,5125.3,4,1394.2000000000003,1402.8000000000002,S3,dqn,1,748
0.10721944245889921,5763.35,0,1692.44,1736.2,S3,dqn,1,749
0.14478764478764478,5238.5,1,1550.7600000000002,1593.8000000000002,S3,dqn,1,750
0.11769032732622288,5636.3,3,1482.8000000000002,1488.8000000000002,S3,dqn,1,751
0.15304145679969003,5171.700000000001,0,1531.0800000000002,1564.4,S3,dqn,1,752
0.1715686274509804,4849.1,0,1345.44,1387.4,S3,dqn,1,753
0.1898267600442315,5339.1,0,1479.04,1491.0,S3,dqn,1,754
0.06869662086891942,5689.1,0,1536.52,1567.0,S3,dqn,1,755
0.22154471544715448,4765.5,0,1385.4,1425.6000000000001,S3,dqn,1,756
0.22916666666666666,5051.0,0,1527.72,1573.2,S3,dqn,1,757
0.08762117822520507,5605.900000000001,0,1444.8400000000001,1445.8000000000002,S3,dqn,1,758
0.1664730933023616,5151.1,1,1365.2,1369.6000000000001,S3,dqn,1,759
0.15619324373410826,5554.1,2,1528.72,1559.0,S3,dqn,1,760
0.16464799394398183,5360.900000000001,5,1577.56,1614.4,S3,dqn,1,761
0.11720039617035326,6205.3,0,1710.3200000000002,1742.2000000000003,S3,dqn,1,762
0.16606498194945848,5617.5,6,1566.16,1595.8000000000002,S3,dqn,1,763
0.18235950874581316,5323.900000000001,1,1414.16,1441.8000000000002,S3,dqn,1,764
0.17265930936276255,5608.3,3,1422.3200000000002,1433.4,S3,dqn,1,765
0.14333581533879375,5414.700000000001,0,1415.1200000000001,1419.2,S3,dqn,1,766
0.1569111424541608,5677.700000000001,0,1712.5600000000002,1731.2,S3,dqn,1,767
0.14925373134328357,5574.900000000001,4,1703.56,1799.0,S3,dqn,1,768
0.19689737470167065,4904.3,0,1350.0800000000002,1357.6000000000001,S3,dqn,1,769
0.08575689783743475,5601.900000000001,0,1564.3600000000001,1593.0000000000002,S3,dqn,1,770
0.21099496709252807,4996.1,0,1488.4,1489.4,S3,dqn,1,771
0.14169254658385094,5286.700000000001,6,1337.16,1343.4,S3,dqn,1,772
0.15875980575270826,5356.900000000001,0,1385.5600000000002,1403.4,S3,dqn,1,773
0.16358463726884778,5601.900000000001,0,1344.72,1350.4,S3,dqn,1,774
0.15630614444843693,5573.1,0,1574.72,1625.2,S3,dqn,1,775
0.16209957545349285,5163.700000000001,0,1438.84,1470.0,S3,dqn,1,776
0.15415306492564382,5563.400000000001,1,1633.8400000000001,1709.0000000000002,S3,dqn,1,777
0.12839325018341893,5557.700000000001,1,1568.4,1592.4,S3,dqn,1,778
0.11338697878566203,5640.3,0,1665.5200000000002,1727.0000000000002,S3,dqn,1,779
0.14823857690966166,5784.900000000001,0,1637.72,1692.4,S3,dqn,1,780
0.1358695652173913,5214.700000000001,0,1485.2800000000002,1576.0000000000002,S3,dqn,1,781
0.1908548707753479,4924.5,0,1437.52,1480.6000000000001,S3,dqn,1,782
0.09165366614664587,5346.3,0,1481.88,1531.8000000000002,S3,dqn,1,783
0.18532969176746,5069.1,1,1448.7600000000002,1450.8000000000002,S3,dqn,1,784
0.15217391304347827,5086.5,0,1430.2,1443.8000000000002,S3,dqn,1,785
0.2254746835443038,4865.1,0,1425.68,1479.8000000000002,S3,dqn,1,786
0.14571629213483145,5755.1,0,1540.0800000000002,1544.2,S3,dqn,1,787
0.21168169345354762,4986.700000000001,3,1392.56,1396.0,S3,dqn,1,788
0.19801980198019803,5532.1,0,1404.64,1413.4,S3,dqn,1,789
0.20534290271132377,4891.1,0,1356.68,1360.0,S3,dqn,1,790
0.17001545595054096,5153.1,0,1437.2800000000002,1447.6000000000001,S3,dqn,1,791
0.15593357634669908,4957.3,0,1289.24,1320.4,S3,dqn,1,792
0.11430678466076696,5571.900000000001,0,1515.5600000000002,1545.6000000000001,S3,dqn,1,793
0.19138755980861244,4969.1,0,1367.92,1378.4,S3,dqn,1,794
0.20857699805068225,5146.5,10,1418.24,1430.6000000000001,S3,dqn,1,795
0.17396403440187647,5112.1,3,1320.5200000000002,1334.8000000000002,S3,dqn,1,796
0.1645101663585952,5384.5,0,1583.48,1669.6000000000001,S3,dqn,1,797
0.10825439783491204,6137.700000000001,3,1658.16,1690.8000000000002,S3,dqn,1,798
0.13314785373608903,5169.700000000001,5,1358.7600000000002,1374.6000000000001,S3,dqn,1,799
0.1743859649122807,5670.35,1,1632.08,1669.0,S3,dqn,1,800
0.16538461538461538,5211.5,2,1408.52,1430.4,S3,dqn,1,801
0.2064595257563369,4807.450000000001,3,1205.4,1222.4,S3,dqn,1,802
0.16635514018691588,5338.5,0,1388.52,1405.0,S3,dqn,1,803
0.15469416785206258,5646.900000000001,0,1572.44,1592.4,S3,dqn,1,804
0.1584122359796067,5499.700000000001,1,1375.44,1383.2,S3,dqn,1,805
0.16642547033285093,5537.3,2,1669.44,1746.2,S3,dqn,1,806
0.17559739319333817,5474.900000000001,1,1523.4,1539.6000000000001,S3,dqn,1,807
0.14960346070656091,5611.3,1,1626.08,1667.2,S3,dqn,1,808
0.1353758460990381,5793.900000000001,5,1496.0800000000002,1509.4,S3,dqn,1,809
0.13836948391922213,5426.3,0,1534.2,1581.8000000000002,S3,dqn,1,810
0.21606049693914295,5356.900000000001,0,1371.16,1380.2,S3,dqn,1,811
0.18027571580063625,5621.3,2,1493.64,1529.0000000000002,S3,dqn,1,812
0.19405594405594406,5697.5,5,1654.0,1708.0,S3,dqn,1,813
0.11861313868613138,5615.5,0,1494.7,1547.0,S3,dqn,1,814
0.10819165378670788,5429.1,6,1446.96,1456.6000000000001,S3,dqn,1,815
0.1156166219839142,6145.3,1,1659.48,1688.4,S3,dqn,1,816
0.18972786508240705,5164.05,0,1372.8700000000001,1400.8000000000002,S3,dqn,1,817
0.20752521334367727,5059.1,3,1332.2800000000002,1356.6000000000001,S3,dqn,1,818
0.20285935085007728,5031.6,0,1516.52,1563.4,S3,dqn,1,819
0.13132851161020176,5342.900000000001,0,1537.04,1568.4,S3,dqn,1,820
0.20772058823529413,5277.5,0,1418.24,1425.4,S3,dqn,1,821
0.20869565217391303,5591.5,0,1457.6000000000001,1475.8000000000002,S3,dqn,1,822
0.15801729873586162,6085.700000000001,5,1675.3600000000001,1706.2000000000003,S3,dqn,1,823
0.16342573438146463,4829.900000000001,0,1392.1200000000001,1427.8000000000002,S3,dqn,1,824
0.1108139090561712,5389.900000000001,1,1443.1200000000001,1455.8000000000002,S3,dqn,1,825
0.12248628884826325,5606.5,0,1561.5600000000002,1640.0000000000002,S3,dqn,1,826
0.12027491408934708,5351.3,0,1485.1200000000001,1503.6000000000001,S3,dqn,1,827
0.1894934333958724,5342.5,6,1605.16,1675.4,S3,dqn,1,828
0.14478764478764478,5255.5,0,1466.7600000000002,1499.2000000000003,S3,dqn,1,829
0.17347725520431764,5208.3,5,1351.8400000000001,1359.2,S3,dqn,1,830
0.1526566217287867,5053.900000000001,0,1379.16,1430.4,S3,dqn,1,831
0.1556420233463035,5704.900000000001,2,1508.56,1518.2,S3,dqn,1,832
0.1646090534979424,5371.1,3,1591.92,1674.0000000000002,S3,dqn,1,833
0.1373913043478261,5818.500000000001,0,1550.96,1609.6000000000001,S3,dqn,1,834
0.16222479721900349,5164.3,0,1402.2800000000002,1465.8000000000002,S3,dqn,1,835
0.16135538523598225,4985.8,0,1369.92,1381.8000000000002,S3,dqn,1,836
0.13883880274071403,5639.1,1,1480.4800000000002,1498.0000000000002,S3,dqn,1,837
0.170316301703163,5751.900000000001,3,1494.96,1499.2,S3,dqn,1,838
0.15649149922720249,5175.1,0,1280.88,1287.8000000000002,S3,dqn,1,839
0.18358935931060322,5296.3,0,1552.46,1628.0,S3,dqn,1,840
0.1826394344069128,5050.950000000001,0,1445.0,1474.6000000000001,S3,dqn,1,841
0.17059301380991065,4885.150000000001,0,1471.44,1516.0,S3,dqn,1,842
0.16115702479338842,4868.75,0,1384.72,1434.6000000000001,S3,dqn,1,843
0.09170806266717615,5588.900000000001,11,1472.44,1481.4,S3,dqn,1,844
0.16318785578747627,5309.5,2,1377.16,1394.2,S3,dqn,1,845
0.13386123680241327,5423.900000000001,2,1504.76,1513.4,S3,dqn,1,846
0.14628128304547056,5788.900000000001,6,1523.7600000000002,1525.0000000000002,S3,dqn,1,847
0.15169902912621358,4981.900000000001,2,1332.2,1344.0,S3,dqn,1,848
0.14898688915375446,5064.900000000001,0,1369.52,1427.2,S3,dqn,1,849
0.19954389965792474,5130.200000000001,0,1402.0800000000002,1408.2,S3,dqn,1,850
0.12987012987012986,6126.1,0,1632.4800000000002,1636.0000000000002,S3,dqn,1,851
0.12412004446091145,5536.3,1,1581.1200000000001,1607.6000000000001,S3,dqn,1,852
0.1635079895949461,5431.700000000001,2,1617.0,1656.6000000000001,S3,dqn,1,853
0.1462491397109429,5876.700000000001,2,1608.64,1625.4,S3,dqn,1,854
0.16653905053598775,5211.900000000001,0,1352.0000000000002,1364.6000000000001,S3,dqn,1,855
0.17121969988457098,5210.3,3,1441.4,1467.6000000000001,S3,dqn,1,856
0.16346153846153846,5214.5,1,1518.96,1589.0,S3,dqn,1,857
0.20362828582006665,5270.700000000001,1,1394.84,1425.0,S3,dqn,1,858
0.10327357755261107,5294.700000000001,0,1446.4,1460.8000000000002,S3,dqn,1,859
0.19040063466878224,4957.700000000001,0,1363.48,1419.6000000000001,S3,dqn,1,860
0.24266144814090018,4844.5,0,1346.3600000000001,1346.6000000000001,S3,dqn,1,861
0.17089499647639184,5649.1,0,1557.1600000000003,1561.0000000000002,S3,dqn,1,862
0.22091609241994326,4796.900000000001,3,1217.16,1221.2,S3,dqn,1,863
0.12713403559752998,5652.1,0,1541.64,1567.6000000000001,S3,dqn,1,864
0.18205705705705705,5325.3,5,1462.1200000000001,1463.6000000000001,S3,dqn,1,865
0.13563730955035302,5449.700000000001,0,1629.16,1662.6000000000001,S3,dqn,1,866
0.1732142857142857,5560.5,0,1471.36,1510.0,S3,dqn,1,867
0.2099092284417549,5118.3,0,1333.24,1373.6000000000001,S3,dqn,1,868
0.1410060975609756,5313.3,1,1476.72,1517.4,S3,dqn,1,869
0.1795429815016322,5438.900000000001,0,1421.6000000000001,1424.8000000000002,S3,dqn,1,870
0.1844345358735306,4848.900000000001,0,1316.24,1355.2,S3,dqn,1,871
0.19442262372348781,4995.700000000001,1,1414.24,1469.0,S3,dqn,1,872
0.18771331058020477,5773.5,0,1702.2800000000002,1814.0000000000002,S3,dqn,1,873
0.195152013147083,4836.3,4,1361.84,1405.0,S3,dqn,1,874
0.125,5230.5,0,1406.4,1416.6000000000001,S3,dqn,1,875
0.15990639625585024,5145.3,1,1391.5200000000002,1420.2000000000003,S3,dqn,1,876
0.13475673783689185,5816.900000000001,1,1630.16,1632.2,S3,dqn,1,877
0.13761467889908258,5540.5,1,1376.72,1389.0,S3,dqn,1,878
0.15908175594039467,4956.1,0,1268.5600000000002,1276.4,S3,dqn,1,879
0.14323407463249152,5396.1,1,1536.48,1578.8000000000002,S3,dqn,1,880
0.16566265060240964,5947.1,0,1577.88,1578.8000000000002,S3,dqn,1,881
0.15765765765765766,4941.900000000001,4,1295.64,1296.6000000000001,S3,dqn,1,882
0.08522727272727272,5166.3,0,1391.76,1433.4,S3,dqn,1,883
0.11170011359333586,5433.700000000001,0,1488.0800000000002,1546.2000000000003,S3,dqn,1,884
0.14360313315926893,5420.700000000001,1,1476.6000000000001,1499.6000000000001,S3,dqn,1,885
0.16449885233358838,5242.3,0,1364.52,1367.4,S3,dqn,1,886
0.24056408129406884,4652.700000000001,5,1254.2,1292.8000000000002,S3,dqn,1,887
0.1515698303861422,5559.700000000001,0,1410.68,1412.2,S3,dqn,1,888
0.19035054655107425,5213.1,0,1424.12,1452.0,S3,dqn,1,889
0.17123287671232876,4686.7,0,1347.0400000000002,1366.8000000000002,S3,dqn,1,890
0.20642201834862386,5091.700000000001,1,1353.24,1370.0,S3,dqn,1,891
0.16821760916249104,5667.3,5,1467.2,1505.0000000000002,S3,dqn,1,892
0.1154562383612663,5532.5,2,1431.0400000000002,1442.8000000000002,S3,dqn,1,893
0.15378700499807765,5213.700000000001,0,1433.9600000000003,1440.0000000000002,S3,dqn,1,894
0.1543845203787567,4972.3,7,1397.36,1436.2,S3,dqn,1,895
0.03881201484981438,6348.1,0,1956.3999999999999,2073.0,S3,dqn,1,896
0.06262230919765166,5465.5,5,1549.96,1593.4,S3,dqn,1,897
0.08001422475106686,5923.900000000001,0,1711.4800000000002,1773.2000000000003,S3,dqn,1,898
0.14521984671238403,5011.3,1,1366.3600000000001,1401.4,S3,dqn,1,899
0.10011333585190782,5547.900000000001,5,1530.0,1562.2,S3,dqn,1,900
0.10200612036722204,6103.700000000001,2,1773.16,1825.6000000000001,S3,dqn,1,901
0.11245674740484429,5950.500000000001,0,1710.7600000000002,1762.2000000000003,S3,dqn,1,902
0.11135057471264367,5737.3,1,1522.2,1534.2,S3,dqn,1,903
0.23743016759776536,4141.6,3,1154.9199999999998,1188.8,S3,dqn,1,904
0.16824196597353497,5285.5,1,1347.0800000000002,1347.6000000000001,S3,dqn,1,905
0.10520487264673312,5595.3,0,1371.8400000000001,1380.4,S3,dqn,1,906
0.14443177499049792,5299.700000000001,0,1450.0,1471.2,S3,dqn,1,907
0.16473887136347704,5699.1,0,1533.48,1589.4,S3,dqn,1,908
0.12528047868362005,5448.3,0,1555.76,1589.4,S3,dqn,1,909
0.18997912317327767,4710.5,0,1290.88,1339.8000000000002,S3,dqn,1,910
0.22478070175438597,5268.450000000001,0,1409.3200000000002,1417.0000000000002,S3,dqn,1,911
0.18210197710718,5702.85,0,1596.0000000000002,1614.0000000000002,S3,dqn,1,912
0.18483231707317074,5168.3,0,1451.44,1466.4,S3,dqn,1,913
0.11013215859030837,5130.900000000001,0,1426.52,1438.4,S3,dqn,1,914
0.17486338797814208,5583.5,9,1760.92,1870.0000000000002,S3,dqn,1,915
0.08061561011359472,5772.3,5,1585.04,1616.0,S3,dqn,1,916
0.12514898688915377,5141.900000000001,0,1478.9600000000003,1482.0000000000002,S3,dqn,1,917
0.1920062695924765,5073.900000000001,4,1254.68,1271.6000000000001,S3,dqn,1,918
0.20192663949610967,5284.3,1,1534.0,1588.2,S3,dqn,1,919
0.21364170913367306,4958.700000000001,1,1303.92,1314.8000000000002,S3,dqn,1,920
0.15379357484620643,5888.700000000001,0,1663.2,1686.2,S3,dqn,1,921
0.14031971580817051,5783.5,6,1567.72,1598.0,S3,dqn,1,922
0.18579234972677597,5434.5,0,1367.48,1372.0,S3,dqn,1,923
0.1300148588410104,5469.900000000001,0,1498.72,1504.0,S3,dqn,1,924
0.21162974683544303,4918.85,1,1397.8000000000002,1400.4,S3,dqn,1,925
0.12461059190031153,5246.1,1,1339.4,1350.2,S3,dqn,1,926
0.17826237452405677,5738.3,1,1506.56,1528.0,S3,dqn,1,927
0.1328044153156261,5883.3,0,1520.8000000000002,1528.6000000000001,S3,dqn,1,928
0.11213955144179423,5789.3,0,1516.0000000000002,1521.6000000000001,S3,dqn,1,929
0.14164827078734363,5520.1,2,1591.5600000000002,1609.0000000000002,S3,dqn,1,930
0.14667656888228742,5490.1,4,1487.7200000000003,1501.8000000000002,S3,dqn,1,931
0.16996638027642882,5431.900000000001,4,1382.48,1409.8000000000002,S3,dqn,1,932
0.14346965699208444,6208.900000000001,5,1683.92,1697.0,S3,dqn,1,933
0.1661631419939577,5350.1,5,1503.1200000000001,1557.4,S3,dqn,1,934
0.18316308559351885,5590.8,0,1723.22,1797.0,S3,dqn,1,935
0.17073170731707318,5299.5,0,1300.4800000000002,1313.6000000000001,S3,dqn,1,936
0.14330585001963095,5175.900000000001,3,1396.12,1433.0,S3,dqn,1,937
0.06331340133661625,6019.1,1,1650.8400000000001,1655.0000000000002,S3,dqn,1,938
0.1380006731740155,6011.700000000001,0,1783.3200000000002,1851.0000000000002,S3,dqn,1,939
0.13934726806013933,5579.900000000001,4,1521.92,1533.6000000000001,S3,dqn,1,940
0.1409313725490196,4952.1,1,1314.72,1338.6000000000001,S3,dqn,1,941
0.16831320892791804,5451.1,1,1489.2400000000002,1497.8000000000002,S3,dqn,1,942
0.15514809590973203,5695.700000000001,1,1562.0400000000002,1593.8000000000002,S3,dqn,1,943
0.1543770432255721,5560.1,2,1480.68,1494.8000000000002,S3,dqn,1,944
0.17664559315730755,5349.3,1,1627.1200000000001,1737.8000000000002,S3,dqn,1,945
0.1378309756982227,5593.900000000001,1,1598.6000000000001,1668.6000000000001,S3,dqn,1,946
0.07274662881476224,5921.1,0,1605.3200000000002,1617.2,S3,dqn,1,947
0.16565118050266564,5222.700000000001,0,1415.0800000000002,1457.8000000000002,S3,dqn,1,948
0.08508327299058653,5781.900000000001,0,1569.92,1597.8000000000002,S3,dqn,1,949
0.1592797783933518,5795.1,2,1707.4,1762.6000000000001,S3,dqn,1,950
0.17597551644988524,5186.3,0,1326.6000000000001,1356.8000000000002,S3,dqn,1,951
0.15331544653123802,5270.3,3,1539.16,1572.8000000000002,S3,dqn,1,952
0.12050572896088503,5234.700000000001,5,1396.5600000000002,1409.4,S3,dqn,1,953
0.027903732124171608,6178.900000000001,0,1730.5200000000002,1757.8000000000002,S3,dqn,1,954
0.1267375306623058,4976.700000000001,0,1366.68,1368.2,S3,dqn,1,955
0.2020392749244713,5181.1,2,1318.64,1330.2,S3,dqn,1,956
0.06922810661128419,6093.3,0,1676.2,1697.6000000000001,S3,dqn,1,957
0.11725293132328309,4947.1,1,1204.64,1204.8000000000002,S3,dqn,1,958
0.17675741568468104,4869.700000000001,0,1328.1200000000001,1384.8000000000002,S3,dqn,1,959
0.1260229132569558,6226.5,0,1632.9600000000003,1635.0000000000002,S3,dqn,1,960
0.1152542372881356,6101.75,1,1703.64,1718.8000000000002,S3,dqn,1,961
0.170018281535649,5493.5,3,1486.1200000000001,1529.4,S3,dqn,1,962
0.1686835350201687,5427.900000000001,1,1497.2000000000003,1506.8000000000002,S3,dqn,1,963
0.19475510991129966,5066.1,0,1355.0400000000002,1380.8000000000002,S3,dqn,1,964
0.11731391585760517,5057.900000000001,0,1332.52,1338.8,S3,dqn,1,965
0.1847246891651865,5536.5,0,1612.2,1678.0,S3,dqn,1,966
0.20083364910951118,5142.3,0,1505.48,1521.4,S3,dqn,1,967
0.1881153305203938,5653.8,3,1605.6000000000001,1622.2,S3,dqn,1,968
0.09060022650056625,5572.3,5,1443.16,1479.6000000000001,S3,dqn,1,969
0.16981860285604014,5185.700000000001,2,1375.44,1395.6000000000001,S3,dqn,1,970
0.19254154843940008,4863.900000000001,0,1285.5600000000002,1299.4,S3,dqn,1,971
0.228515625,4912.5,0,1281.4,1292.8000000000002,S3,dqn,1,972
0.16076589595375723,5553.1,2,1603.0,1658.6000000000001,S3,dqn,1,973
0.19603356216628529,5194.1,3,1549.2,1598.0000000000002,S3,dqn,1,974
0.21846661170651277,4737.700000000001,1,1285.0800000000002,1298.0000000000002,S3,dqn,1,975
0.18092725216735772,5251.85,0,1507.3600000000001,1525.8000000000002,S3,dqn,1,976
0.2131782945736434,5489.1,0,1530.28,1576.6000000000001,S3,dqn,1,977
0.1510136532892015,4866.900000000001,0,1369.48,1372.4,S3,dqn,1,978
0.1292042657916325,4953.1,0,1407.44,1449.8000000000002,S3,dqn,1,979
0.11046722202100688,5688.700000000001,1,1489.9600000000003,1508.0000000000002,S3,dqn,1,980
0.13082437275985664,5690.5,1,1622.96,1691.4,S3,dqn,1,981
0.11762640449438203,5831.1,0,1752.44,1853.6000000000001,S3,dqn,1,982
0.12581868321268527,5973.700000000001,3,1529.92,1543.0,S3,dqn,1,983
0.1683800070896845,5608.700000000001,0,1522.68,1550.2,S3,dqn,1,984
0.2134743439091265,4970.1,0,1292.76,1332.4,S3,dqn,1,985
0.1289237668161435,5460.700000000001,0,1508.96,1527.6000000000001,S3,dqn,1,986
0.07662082514734773,5353.75,0,1526.76,1583.6000000000001,S3,dqn,1,987
0.17287744909719555,5159.1,0,1435.76,1440.0,S3,dqn,1,988
0.1855123674911661,5578.5,0,1497.8400000000001,1534.8000000000002,S3,dqn,1,989
0.13701201201201202,5453.3,3,1432.52,1445.4,S3,dqn,1,990
0.17105263157894737,5293.5,0,1358.88,1366.2,S3,dqn,1,991
0.08083596214511041,5343.700000000001,1,1478.6000000000001,1535.4,S3,dqn,1,992
0.16428880242109814,4605.1,0,1189.8400000000001,1206.2,S3,dqn,1,993
0.14135556361000362,5685.3,8,1581.24,1649.4,S3,dqn,1,994
0.19483024691358025,5072.900000000001,0,1230.2,1231.6000000000001,S3,dqn,1,995
0.13123359580052493,5454.900000000001,0,1533.52,1566.0,S3,dqn,1,996
0.12558869701726844,5222.1,1,1314.88,1317.4,S3,dqn,1,997
0.15224358974358973,5002.700000000001,0,1277.8,1308.4,S3,dqn,1,998
0.15262751159196292,5187.1,0,1395.4,1427.2,S3,dqn,1,999
0.13424052960647298,5511.3,0,1518.5200000000002,1568.2000000000003,S3,dqn,2,0
0.16750418760469013,4751.1,0,1194.1200000000001,1217.0,S3,dqn,2,1
0.14380992080033347,4856.3,0,1192.4,1197.8000000000002,S3,dqn,2,2
0.11363636363636363,5640.1,1,1470.4,1480.8000000000002,S3,dqn,2,3
0.14274540477121628,5187.900000000001,1,1530.8,1573.2,S3,dqn,2,4
0.12299282541851725,6011.900000000001,1,1551.8000000000002,1560.6000000000001,S3,dqn,2,5
0.12333594361785434,5223.3,0,1363.1200000000001,1381.4,S3,dqn,2,6
0.1273434736469756,5831.900000000001,5,1566.4800000000002,1601.0000000000002,S3,dqn,2,7
0.1404707668944571,5324.55,0,1620.6,1689.2,S3,dqn,2,8
0.13718946978123842,5472.650000000001,0,1455.68,1515.0,S3,dqn,2,9
0.11551155115511551,5633.900000000001,2,1547.76,1599.2,S3,dqn,2,10
0.1,6039.5,0,1531.4,1556.0000000000002,S3,dqn,2,11
0.12124711316397228,5320.1,0,1307.06,1312.0,S3,dqn,2,12
0.16499582289055972,4760.3,0,1287.8400000000001,1334.4,S3,dqn,2,13
0.15102698348771648,5011.1,2,1324.3200000000002,1333.4,S3,dqn,2,14
0.11308281141266527,5915.3,0,1656.1200000000001,1719.8000000000002,S3,dqn,2,15
0.1358695652173913,5274.700000000001,4,1423.0,1444.2,S3,dqn,2,16
0.12894468951476076,5994.900000000001,0,1614.92,1649.0,S3,dqn,2,17
0.12965668371073777,5597.1,2,1516.8400000000001,1551.8000000000002,S3,dqn,2,18
0.14863258026159334,5068.1,0,1461.2800000000002,1502.0000000000002,S3,dqn,2,19
0.1306497175141243,5753.900000000001,0,1393.3200000000002,1407.6000000000001,S3,dqn,2,20
0.12537993920972645,5413.900000000001,3,1601.72,1608.6000000000001,S3,dqn,2,21
0.1437216338880484,5354.3,0,1628.36,1728.4,S3,dqn,2,22
0.15722049689440995,5185.700000000001,1,1344.0800000000002,1354.6000000000001,S3,dqn,2,23
0.12979683972911965,5421.1,0,1598.8400000000001,1683.2000000000003,S3,dqn,2,24
0.13858891288696903,5640.1,0,1519.88,1548.0000000000002,S3,dqn,2,25
0.15007598784194529,5304.900000000001,1,1378.88,1392.4,S3,dqn,2,26
0.14066951566951566,5681.1,0,1630.8799999999999,1704.0,S3,dqn,2,27
0.12350299401197605,5454.900000000001,0,1418.24,1428.4,S3,dqn,2,28
0.14863258026159334,5068.1,0,1375.64,1390.2,S3,dqn,2,29
0.11869978086194302,5601.85,0,1456.68,1461.8000000000002,S3,dqn,2,30
0.13307310149041873,5779.1,3,1481.3600000000001,1486.4,S3,dqn,2,31
0.12122276879831342,5814.700000000001,0,1675.9600000000003,1683.8000000000002,S3,dqn,2,32
0.16077898550724637,4439.1,0,1241.3600000000001,1253.8000000000002,S3,dqn,2,33
0.14232209737827714,5423.25,2,1636.16,1723.6000000000001,S3,dqn,2,34
0.11532738095238096,5519.1,0,1547.3200000000002,1621.0000000000002,S3,dqn,2,35
0.09970993473531545,5705.1,0,1518.5200000000002,1521.8000000000002,S3,dqn,2,36
0.11023294509151414,4964.55,0,1374.2400000000002,1385.8000000000002,S3,dqn,2,37
0.12643224022125643,5161.700000000001,0,1367.68,1369.2,S3,dqn,2,38
0.08391608391608392,6033.5,4,1674.8400000000001,1704.6000000000001,S3,dqn,2,39
0.15011119347664936,5432.1,0,1513.4,1524.4,S3,dqn,2,40
0.1706827309236948,4948.0,0,1373.3200000000002,1378.2,S3,dqn,2,41
0.12322628827483197,5519.1,4,1514.52,1546.4,S3,dqn,2,42
0.14553429027113238,5057.1,0,1434.92,1494.4,S3,dqn,2,43
0.1356907894736842,4966.900000000001,2,1379.5200000000002,1387.8000000000002,S3,dqn,2,44
0.1190033469691335,5509.3,0,1426.52,1429.0,S3,dqn,2,45
0.13375295043273014,5176.900000000001,0,1405.56,1447.2,S3,dqn,2,46
0.09778112072207597,5525.3,0,1506.08,1531.2,S3,dqn,2,47
0.1386986301369863,5915.500000000001,0,1521.64,1521.8000000000002,S3,dqn,2,48
0.15064562410329985,5607.1,0,1491.0800000000002,1535.8000000000002,S3,dqn,2,49
0.11965192168237854,5639.1,0,1540.44,1549.2,S3,dqn,2,50
0.14240506329113925,5112.1,0,1276.92,1292.8000000000002,S3,dqn,2,51
0.12874711760184473,5302.900000000001,1,1539.68,1596.0,S3,dqn,2,52
0.13754912468738836,5696.3,1,1476.2400000000002,1479.8000000000002,S3,dqn,2,53
0.11528449237634808,5548.3,1,1574.52,1612.6000000000001,S3,dqn,2,54
0.1377467105263158,4956.900000000001,1,1384.7,1440.0,S3,dqn,2,55
0.15649762282091917,5118.3,4,1284.7400000000002,1292.8000000000002,S3,dqn,2,56
0.16922471467926015,5041.700000000001,0,1363.64,1385.0,S3,dqn,2,57
0.13126491646778043,5963.1,0,1655.0800000000002,1706.4,S3,dqn,2,58
0.12459371614301191,5740.3,4,1588.48,1636.8000000000002,S3,dqn,2,59
0.17470881863560733,4762.8,0,1356.4,1378.3000000000002,S3,dqn,2,60
0.12757777001048584,5823.700000000001,0,1510.4,1514.0,S3,dqn,2,61
0.1099290780141844,5824.5,0,1685.48,1771.6000000000001,S3,dqn,2,62
0.14210756449497158,4623.900000000001,0,1260.6000000000001,1311.6000000000001,S3,dqn,2,63
0.154477903793508,5161.900000000001,3,1378.16,1393.0,S3,dqn,2,64
0.14255543822597677,5741.700000000001,0,1600.48,1604.2,S3,dqn,2,65
0.18335393489905233,4772.900000000001,0,1392.36,1454.2,S3,dqn,2,66
0.11796042617960426,5396.1,0,1399.2800000000002,1400.4,S3,dqn,2,67
0.15560165975103735,4832.5,1,1301.56,1317.2,S3,dqn,2,68
0.13721804511278196,5431.500000000001,2,1542.6000000000001,1584.2000000000003,S3,dqn,2,69
0.1812027080844285,4945.700000000001,0,1518.48,1567.2,S3,dqn,2,70
0.14105419450631032,5438.3,0,1523.68,1533.2,S3,dqn,2,71
0.11837455830388692,5804.500000000001,1,1625.68,1678.6000000000001,S3,dqn,2,72
0.10840623811335108,5419.3,0,1549.44,1581.8000000000002,S3,dqn,2,73
0.1184926184926185,5274.3,0,1479.88,1485.6000000000001,S3,dqn,2,74
0.140946873870618,5606.900000000001,0,1515.48,1559.4,S3,dqn,2,75
0.13747054202670855,5152.700000000001,0,1521.16,1541.4,S3,dqn,2,76
0.10401459854014598,5671.5,1,1580.08,1646.2,S3,dqn,2,77
0.1418026418026418,5218.3,2,1316.0800000000002,1346.8000000000002,S3,dqn,2,78
0.14295925661186562,5696.1,1,1644.68,1710.6000000000001,S3,dqn,2,79
0.13803680981595093,5312.1,1,1507.3200000000002,1514.0000000000002,S3,dqn,2,80
0.155589704187476,5321.1,5,1565.3999999999999,1662.0,S3,dqn,2,81
0.15306122448979592,5141.1,2,1534.64,1581.6000000000001,S3,dqn,2,82
0.16680227827502034,4896.1,0,1413.68,1422.8000000000002,S3,dqn,2,83
0.17718236819360414,4593.3,1,1257.88,1271.0,S3,dqn,2,84
0.1870420362514462,5090.85,0,1425.2,1468.4,S3,dqn,2,85
0.16563523844193667,5485.900000000001,1,1405.3600000000001,1427.0,S3,dqn,2,86
0.1786407766990291,5159.0,4,1656.96,1765.4,S3,dqn,2,87
0.11952191235059761,5645.700000000001,0,1613.5200000000002,1649.8000000000002,S3,dqn,2,88
0.13947267863966373,5301.900000000001,0,1493.96,1538.2,S3,dqn,2,89
0.14767199444058374,5850.1,3,1570.8400000000001,1587.8000000000002,S3,dqn,2,90
0.13139453398738613,5816.3,0,1590.5600000000002,1608.4,S3,dqn,2,91
0.1688073394495413,5450.5,2,1615.8000000000002,1619.8000000000002,S3,dqn,2,92
0.12724014336917563,5713.5,2,1578.0400000000002,1613.6000000000001,S3,dqn,2,93
0.143184421534937,5299.3,0,1327.92,1340.2,S3,dqn,2,94
0.15636232925952553,5605.900000000001,0,1644.48,1735.8000000000002,S3,dqn,2,95
0.1429123213595983,5245.3,2,1610.12,1711.4,S3,dqn,2,96
0.16032064128256512,4994.5,1,1326.28,1363.6000000000001,S3,dqn,2,97
0.17491626349088202,5413.900000000001,7,1448.3600000000001,1476.4,S3,dqn,2,98
0.14162348877374784,5898.500000000001,2,1466.7600000000002,1467.8000000000002,S3,dqn,2,99
0.14255167498218105,5680.700000000001,0,1679.24,1706.2,S3,dqn,2,100
0.13354144987859867,5848.1,0,1756.56,1831.2,S3,dqn,2,101
0.16038791495710555,5354.700000000001,0,1493.52,1569.4,S3,dqn,2,102
0.16835699797160245,4922.5,2,1350.6,1375.0,S3,dqn,2,103
0.1633496057078483,5339.1,2,1537.2,1552.4,S3,dqn,2,104
0.16829745596868884,5072.5,0,1487.2800000000002,1511.8000000000002,S3,dqn,2,105
0.15648567119155354,5303.900000000001,0,1495.48,1544.6000000000001,S3,dqn,2,106
0.16072059342988343,5654.700000000001,0,1606.0000000000002,1626.8000000000002,S3,dqn,2,107
0.13934726806013933,5530.900000000001,0,1594.16,1677.6000000000001,S3,dqn,2,108
0.16203703703703703,4774.950000000001,2,1337.92,1347.0,S3,dqn,2,109
0.14628128304547056,5743.900000000001,1,1462.68,1485.2,S3,dqn,2,110
0.13115916341722794,5729.700000000001,0,1774.5600000000002,1866.2000000000003,S3,dqn,2,111
0.1745585874799358,4966.900000000001,2,1526.1999999999998,1551.8,S3,dqn,2,112
0.14871987951807228,5392.700000000001,4,1510.64,1539.8000000000002,S3,dqn,2,113
0.15467904098994587,5219.700000000001,1,1444.72,1472.8000000000002,S3,dqn,2,114
0.13004658385093168,5252.700000000001,0,1463.68,1524.8000000000002,S3,dqn,2,115
0.17714285714285713,5184.500000000001,0,1439.3200000000002,1448.0000000000002,S3,dqn,2,116
0.137291280148423,5465.5,1,1508.16,1551.2,S3,dqn,2,117
0.12858072916666666,6251.900000000001,0,1705.2400000000002,1757.0000000000002,S3,dqn,2,118
0.1958762886597938,4736.5,0,1380.6,1443.0,S3,dqn,2,119
0.1449016100178891,5650.500000000001,0,1550.8000000000002,1555.6000000000001,S3,dqn,2,120
0.13048635824436536,5202.3,4,1373.76,1412.6000000000001,S3,dqn,2,121
0.1519081141163394,5433.3,0,1443.3200000000002,1472.0000000000002,S3,dqn,2,122
0.15550239234449761,5030.1,1,1360.8400000000001,1367.2,S3,dqn,2,123
0.14819804648029639,6015.3,2,1548.2800000000002,1572.6000000000001,S3,dqn,2,124
0.13560635412630764,5265.700000000001,2,1495.3200000000002,1505.8000000000002,S3,dqn,2,125
0.152,5036.5,0,1378.2,1434.2,S3,dqn,2,126
0.17146017699115043,5412.900000000001,1,1481.8400000000001,1528.8000000000002,S3,dqn,2,127
0.1648758799555391,5386.3,0,1500.1200000000001,1557.2000000000003,S3,dqn,2,128
0.1554001554001554,5186.3,2,1538.12,1604.0,S3,dqn,2,129
0.12765121759622938,5228.700000000001,2,1492.0800000000002,1509.8000000000002,S3,dqn,2,130
0.15663937344250622,5646.3,1,1669.96,1725.4,S3,dqn,2,131
0.15252248728979273,5217.900000000001,6,1321.92,1330.6000000000001,S3,dqn,2,132
0.15387336399009552,5687.900000000001,1,1539.5200000000002,1547.6000000000001,S3,dqn,2,133
0.13849431818181818,5744.700000000001,2,1405.44,1414.0,S3,dqn,2,134
0.17216117216117216,5429.5,0,1419.8,1427.0,S3,dqn,2,135
0.15713808090939485,6003.700000000001,0,1742.24,1755.0,S3,dqn,2,136
0.16530532866588876,5128.700000000001,0,1380.16,1399.4,S3,dqn,2,137
0.15324305060584462,5661.700000000001,1,1372.3200000000002,1384.8000000000002,S3,dqn,2,138
0.14406184118060436,5746.700000000001,0,1528.5200000000002,1550.8000000000002,S3,dqn,2,139
0.1876675603217158,5123.700000000001,0,1443.8,1464.2,S3,dqn,2,140
0.15733626051957555,5550.1,6,1397.88,1398.0,S3,dqn,2,141
0.1308485329103886,5137.900000000001,1,1508.2,1565.4,S3,dqn,2,142
0.1810121906169191,5334.900000000001,0,1463.1200000000001,1512.2,S3,dqn,2,143
0.1455745341614907,5250.700000000001,2,1468.96,1508.6000000000001,S3,dqn,2,144
0.15312131919905772,5159.900000000001,1,1533.72,1607.6000000000001,S3,dqn,2,145
0.15899738121960344,5384.1,2,1474.2,1496.0,S3,dqn,2,146
0.1588785046728972,5362.5,0,1494.72,1526.6000000000001,S3,dqn,2,147
0.15654470011316485,5325.700000000001,0,1541.2,1605.8000000000002,S3,dqn,2,148
0.15186028853454822,5301.05,1,1393.16,1394.6000000000001,S3,dqn,2,149
0.19597069597069597,5331.5,0,1530.1200000000001,1570.4,S3,dqn,2,150
0.1702371843917368,5210.3,2,1412.8400000000001,1438.4,S3,dqn,2,151
0.15733626051957555,5479.1,0,1511.6000000000001,1535.4,S3,dqn,2,152
0.14398848092152627,5621.1,1,1468.6000000000001,1491.6000000000001,S3,dqn,2,153
0.13738127544097695,5981.1,0,1575.52,1598.2,S3,dqn,2,154
0.13415518491660625,5675.1,5,1552.2,1580.0,S3,dqn,2,155
0.1712707182320442,5421.5,0,1590.2,1691.2,S3,dqn,2,156
0.17654372150849565,4791.900000000001,1,1369.28,1416.4,S3,dqn,2,157
0.13253449527959332,5601.3,1,1471.5200000000002,1486.4,S3,dqn,2,158
0.1791277258566978,5085.1,0,1340.88,1369.2,S3,dqn,2,159
0.18345189067764883,5310.700000000001,3,1353.92,1357.4,S3,dqn,2,160
0.16091183372443849,5979.1,0,1734.5200000000002,1802.8000000000002,S3,dqn,2,161
0.17206132879045996,5885.5,3,1712.68,1758.8000000000002,S3,dqn,2,162
0.1512993948024208,5647.3,0,1466.0000000000002,1466.6000000000001,S3,dqn,2,163
0.13856812933025403,5251.1,0,1476.8400000000001,1513.0000000000002,S3,dqn,2,164
0.15802556818181818,5648.700000000001,0,1607.5600000000002,1627.4,S3,dqn,2,165
0.16825019794140933,5014.700000000001,0,1304.7600000000002,1324.0000000000002,S3,dqn,2,166
0.1694290976058932,5403.5,0,1377.0,1383.2,S3,dqn,2,167
0.19001490312965721,5340.3,4,1615.6399999999999,1711.2,S3,dqn,2,168
0.19325657894736842,4800.900000000001,1,1305.4,1309.6000000000001,S3,dqn,2,169
0.17085624509033778,5056.700000000001,0,1302.76,1341.0,S3,dqn,2,170
0.19145802650957292,5396.200000000001,3,1453.72,1503.8000000000002,S3,dqn,2,171
0.18082080455099553,4867.700000000001,0,1264.8000000000002,1304.6000000000001,S3,dqn,2,172
0.16308376575240918,5375.1,0,1794.0800000000002,1855.2000000000003,S3,dqn,2,173
0.1986754966887417,4721.700000000001,0,1288.2800000000002,1303.0000000000002,S3,dqn,2,174
0.166732830488289,5005.3,0,1354.48,1389.2,S3,dqn,2,175
0.13636363636363635,5343.5,0,1493.96,1515.4,S3,dqn,2,176
0.15592515592515593,5776.700000000001,0,1601.7200000000003,1641.0000000000002,S3,dqn,2,177
0.17049666419570053,5399.1,1,1753.8400000000001,1889.8000000000002,S3,dqn,2,178
0.13550135501355012,5996.900000000001,0,1650.48,1651.0,S3,dqn,2,179
0.12341446691806651,6018.900000000001,2,1595.96,1618.2,S3,dqn,2,180
0.16429353778751368,5453.3,0,1513.4,1582.2000000000003,S3,dqn,2,181
0.15808170515097691,5654.5,1,1568.96,1583.6000000000001,S3,dqn,2,182
0.19649805447470817,5015.5,0,1259.52,1286.4,S3,dqn,2,183
0.16639935846030474,4977.3,1,1313.0,1345.4,S3,dqn,2,184
0.15918680475642502,5230.900000000001,2,1403.0000000000002,1419.6000000000001,S3,dqn,2,185
0.1481358189081225,6042.3,0,1635.48,1659.4,S3,dqn,2,186
0.15563435776201734,5077.1,0,1529.96,1569.8000000000002,S3,dqn,2,187
0.14265831593597772,5808.3,0,1659.6800000000003,1671.2000000000003,S3,dqn,2,188
0.12310939148786493,5842.1,0,1658.0,1682.0,S3,dqn,2,189
0.17776869636289333,4864.900000000001,1,1367.28,1387.0,S3,dqn,2,190
0.15296719498709915,5468.1,2,1524.3200000000002,1554.6000000000001,S3,dqn,2,191
0.12815126050420167,4890.5,1,1588.68,1656.6000000000001,S3,dqn,2,192
0.18146718146718147,5132.5,1,1430.96,1465.0,S3,dqn,2,193
0.1585065163790067,5723.3,2,1619.76,1673.6000000000001,S3,dqn,2,194
0.15151515151515152,5732.1,1,1551.56,1563.0,S3,dqn,2,195
0.1459321415541773,5543.700000000001,2,1524.1200000000001,1556.8000000000002,S3,dqn,2,196
0.16767676767676767,4914.5,0,1490.6000000000001,1549.6000000000001,S3,dqn,2,197
0.1708599324070597,5299.1,0,1489.3600000000001,1520.6000000000001,S3,dqn,2,198
0.17666392769104355,4849.3,1,1243.72,1249.4,S3,dqn,2,199
0.14232209737827714,5417.5,1,1492.76,1498.4,S3,dqn,2,200
0.17356754496026766,4795.700000000001,2,1394.32,1465.0,S3,dqn,2,201
0.1787941787941788,4776.5,2,1316.44,1332.4,S3,dqn,2,202
0.1338055883510429,5149.700000000001,0,1458.24,1468.4,S3,dqn,2,203
0.12902144772117963,6101.3,1,1720.16,1798.6000000000001,S3,dqn,2,204
0.0900720576461169,5193.1,0,1453.4,1474.6000000000001,S3,dqn,2,205
0.154477903793508,5146.900000000001,1,1482.08,1504.0,S3,dqn,2,206
0.17594108019639934,4875.3,3,1276.64,1291.8000000000002,S3,dqn,2,207
0.1978277734678045,5060.1,1,1419.84,1483.0,S3,dqn,2,208
0.15608371763036538,5674.3,1,1582.8000000000002,1602.8000000000002,S3,dqn,2,209
0.17378711078928313,5500.900000000001,0,1625.48,1697.6000000000001,S3,dqn,2,210
0.19328956965718452,5381.900000000001,1,1479.48,1505.8000000000002,S3,dqn,2,211
0.1346938775510204,4976.5,0,1476.0,1546.8000000000002,S3,dqn,2,212
0.11177086971707999,5900.1,1,1585.0800000000002,1604.0000000000002,S3,dqn,2,213
0.16410048622366288,4934.1,1,1396.6,1435.0,S3,dqn,2,214
0.15776699029126215,4952.900000000001,0,1308.72,1324.6000000000001,S3,dqn,2,215
0.11192660550458716,5611.5,0,1548.3600000000001,1562.0,S3,dqn,2,216
0.11955593509820667,4794.150000000001,0,1337.5600000000002,1356.4,S3,dqn,2,217
0.13503514613392525,5496.1,0,1546.72,1615.6000000000001,S3,dqn,2,218
0.14002732240437157,5932.1,0,1567.3200000000002,1628.0000000000002,S3,dqn,2,219
0.18254301300881243,4688.1,0,1230.3600000000001,1231.8000000000002,S3,dqn,2,220
0.14196165191740412,5471.900000000001,0,1442.0,1465.4,S3,dqn,2,221
0.14346645986816595,5207.3,0,1516.1200000000001,1568.8000000000002,S3,dqn,2,222
0.11597084161696487,6227.1,0,1675.5200000000002,1716.8000000000002,S3,dqn,2,223
0.14587332053742802,5242.5,0,1436.2800000000002,1446.6000000000001,S3,dqn,2,224
0.1722282023681378,5522.900000000001,0,1564.3600000000001,1584.8000000000002,S3,dqn,2,225
0.13018867924528302,5430.5,3,1331.88,1342.4,S3,dqn,2,226
0.12011473646468268,5744.3,3,1423.5600000000002,1431.8000000000002,S3,dqn,2,227
0.14263074484944532,5118.3,2,1382.8400000000001,1402.8000000000002,S3,dqn,2,228
0.17599110781771027,5335.3,0,1482.04,1493.0,S3,dqn,2,229
0.1990811638591118,5129.900000000001,0,1447.0400000000002,1490.6000000000001,S3,dqn,2,230
0.16541945647892872,5087.55,0,1357.56,1371.0,S3,dqn,2,231
0.15282272563825963,5590.700000000001,0,1502.96,1522.2,S3,dqn,2,232
0.09561891515994436,5964.700000000001,0,1604.88,1634.6000000000001,S3,dqn,2,233
0.17163334590720483,5253.700000000001,0,1518.7600000000002,1535.6000000000001,S3,dqn,2,234
0.1257183908045977,5704.3,1,1629.96,1687.6000000000001,S3,dqn,2,235
0.16778523489932887,5068.1,2,1305.24,1309.4,S3,dqn,2,236
0.15113350125944586,5590.3,1,1521.04,1547.2,S3,dqn,2,237
0.19292604501607716,4882.1,1,1385.48,1409.2,S3,dqn,2,238
0.16666666666666666,5082.5,3,1421.96,1453.6000000000001,S3,dqn,2,239
0.10873377762188706,5895.700000000001,1,1484.16,1493.2,S3,dqn,2,240
0.18549051937345423,4784.700000000001,0,1375.68,1420.8000000000002,S3,dqn,2,241
0.13528336380255943,5566.25,0,1610.8400000000001,1634.2,S3,dqn,2,242
0.1714862138533961,5958.3,0,1632.0800000000002,1646.8000000000002,S3,dqn,2,243
0.17550553223960322,5205.700000000001,0,1378.2,1402.4,S3,dqn,2,244
0.20385050962627407,5147.3,0,1411.88,1426.4,S3,dqn,2,245
0.12083993660855784,5159.3,0,1637.0,1757.4,S3,dqn,2,246
0.11437908496732026,5658.3,0,1409.64,1435.8000000000002,S3,dqn,2,247
0.20273154075970978,4562.1,0,1184.68,1193.0,S3,dqn,2,248
0.15972720746590094,5585.700000000001,1,1433.4,1437.2,S3,dqn,2,249
0.18626309662398138,5075.900000000001,0,1298.0800000000002,1312.2,S3,dqn,2,250
0.13800820589332338,5485.700000000001,4,1448.8000000000002,1452.4,S3,dqn,2,251
0.13565150936186474,5313.900000000001,0,1479.1200000000001,1495.2,S3,dqn,2,252
0.12279488066413007,5958.700000000001,1,1607.92,1618.4,S3,dqn,2,253
0.13264554163596168,5526.3,0,1554.32,1566.0,S3,dqn,2,254
0.1486280487804878,5292.3,0,1423.16,1436.6000000000001,S3,dqn,2,255
0.18265682656826568,5390.5,3,1480.16,1529.6000000000001,S3,dqn,2,256
0.16216216216216217,5545.5,1,1410.92,1413.6000000000001,S3,dqn,2,257
0.14684014869888476,5411.5,0,1485.2800000000002,1530.8000000000002,S3,dqn,2,258
0.17704062616474095,5305.1,0,1522.6000000000001,1561.0000000000002,S3,dqn,2,259
0.14285714285714285,4972.75,1,1323.8500000000001,1341.8000000000002,S3,dqn,2,260
0.13928067700987307,5809.700000000001,2,1453.92,1456.1000000000001,S3,dqn,2,261
0.14515496273048253,5148.3,1,1302.7600000000002,1304.6000000000001,S3,dqn,2,262
0.1648758799555391,5451.3,5,1462.16,1499.8000000000002,S3,dqn,2,263
0.14301230992034758,5569.900000000001,0,1608.48,1654.0,S3,dqn,2,264
0.15424164524421594,5469.1,0,1590.3600000000001,1623.8000000000002,S3,dqn,2,265
0.14319407008086255,6020.1,1,1536.7600000000002,1548.6000000000001,S3,dqn,2,266
0.13009049773755657,5391.900000000001,0,1519.28,1579.4,S3,dqn,2,267
0.12668250197941408,5168.700000000001,1,1455.12,1502.0,S3,dqn,2,268
0.15935508061492312,5391.900000000001,3,1569.68,1660.4,S3,dqn,2,269
0.16477480776272427,5462.700000000001,1,1516.1200000000001,1532.0,S3,dqn,2,270
0.16527487821851078,5813.3,6,1569.92,1616.0000000000002,S3,dqn,2,271
0.18200408997955012,4825.5,1,1318.1200000000001,1323.2,S3,dqn,2,272
0.1393188854489164,5220.3,0,1482.88,1502.2,S3,dqn,2,273
0.16247379454926625,5755.900000000001,2,1624.24,1636.4,S3,dqn,2,274
0.13961892247043364,6212.8,1,1906.76,1994.2,S3,dqn,2,275
0.16321656050955413,5014.900000000001,1,1360.56,1394.4,S3,dqn,2,276
0.14766201804757997,4904.1,0,1312.84,1329.0,S3,dqn,2,277
0.15541059094397544,5244.700000000001,0,1452.92,1485.6000000000001,S3,dqn,2,278
0.18637048192771086,5240.700000000001,0,1318.88,1333.6000000000001,S3,dqn,2,279
0.13016845329249618,5320.900000000001,0,1473.4,1486.0000000000002,S3,dqn,2,280
0.12456208641494745,5258.3,1,1474.72,1501.4,S3,dqn,2,281
0.20833333333333334,5162.3,0,1389.28,1401.2,S3,dqn,2,282
0.13883605933815138,5343.3,2,1395.96,1421.8000000000002,S3,dqn,2,283
0.1564166370423036,5629.6,0,1565.5200000000002,1590.8000000000002,S3,dqn,2,284
0.11390416339355852,5284.700000000001,4,1466.04,1524.0,S3,dqn,2,285
0.18550106609808104,4619.5,0,1160.92,1170.6000000000001,S3,dqn,2,286
0.18283852280955828,5470.900000000001,1,1404.44,1407.4,S3,dqn,2,287
0.16129032258064516,5490.1,2,1479.8,1543.4,S3,dqn,2,288
0.14223627024891347,5104.95,0,1474.88,1503.2,S3,dqn,2,289
0.13634852011972065,6116.900000000001,2,1701.0400000000002,1746.0000000000002,S3,dqn,2,290
0.15787585217079297,5652.900000000001,6,1494.92,1519.8000000000002,S3,dqn,2,291
0.12410680707032719,5434.3,1,1470.3600000000001,1470.6000000000001,S3,dqn,2,292
0.17320137038446898,5215.900000000001,0,1399.0800000000002,1400.6000000000001,S3,dqn,2,293
0.1997738409347908,5168.1,0,1415.5600000000002,1424.8000000000002,S3,dqn,2,294
0.14498006524102935,5557.3,0,1484.1200000000001,1497.4,S3,dqn,2,295
0.1491196550485088,5607.1,0,1530.3200000000002,1538.2,S3,dqn,2,296
0.11650485436893204,5306.5,2,1434.4,1477.6000000000001,S3,dqn,2,297
0.14969029593943564,5858.700000000001,0,1601.52,1628.4,S3,dqn,2,298
0.166270783847981,5035.700000000001,0,1257.92,1260.8000000000002,S3,dqn,2,299
0.14206514206514206,5824.700000000001,0,1693.92,1755.4,S3,dqn,2,300
0.17478813559322035,5620.900000000001,1,1567.56,1618.0,S3,dqn,2,301
0.14265077645359336,5605.3,0,1811.2,1945.6000000000001,S3,dqn,2,302
0.1046553590761458,5715.700000000001,0,1547.24,1575.0,S3,dqn,2,303
0.1427061310782241,5806.1,5,1663.1200000000001,1672.4,S3,dqn,2,304
0.14892032762472077,5403.200000000001,0,1545.8400000000001,1583.8000000000002,S3,dqn,2,305
0.12052593133674215,5651.1,4,1536.88,1586.4,S3,dqn,2,306
0.17649418371440032,4924.1,0,1364.0800000000002,1378.6000000000001,S3,dqn,2,307
0.14755959137343927,5319.1,0,1477.44,1492.6000000000001,S3,dqn,2,308
0.09123363744545815,5247.700000000001,0,1294.48,1301.4,S3,dqn,2,309
0.09034986543637062,5407.700000000001,0,1588.92,1630.0000000000002,S3,dqn,2,310
0.14942980731419583,5133.1,1,1273.8200000000002,1287.6000000000001,S3,dqn,2,311
0.18198529411764705,5416.5,3,1436.2400000000002,1448.8000000000002,S3,dqn,2,312
0.18460940536338905,5073.1,1,1278.3200000000002,1279.8000000000002,S3,dqn,2,313
0.17474185861795075,5001.35,0,1499.6399999999999,1569.2,S3,dqn,2,314
0.17182779456193353,5247.1,0,1397.2,1412.6000000000001,S3,dqn,2,315
0.18014243820695433,4702.900000000001,0,1277.0,1281.4,S3,dqn,2,316
0.12494879147890209,4991.700000000001,0,1332.1200000000001,1362.8000000000002,S3,dqn,2,317
0.1422550052687039,5763.900000000001,0,1408.3600000000001,1421.6000000000001,S3,dqn,2,318
0.13460857244066596,5768.1,2,1595.56,1656.4,S3,dqn,2,319
0.07493900313698153,6031.3,0,1592.4000000000003,1605.0000000000002,S3,dqn,2,320
0.17203911626222385,5488.700000000001,1,1569.72,1590.6000000000001,S3,dqn,2,321
0.15986769570011025,5483.700000000001,4,1549.4,1585.8000000000002,S3,dqn,2,322
0.17102229054573406,5208.900000000001,3,1328.0800000000002,1370.4,S3,dqn,2,323
0.11258278145695365,6327.500000000001,8,1707.0800000000002,1728.0000000000002,S3,dqn,2,324
0.10130246020260492,5727.3,0,1583.2,1592.6000000000001,S3,dqn,2,325
0.1796036333608588,4783.900000000001,0,1302.76,1349.0,S3,dqn,2,326
0.14928123848138591,5500.1,2,1533.96,1553.4,S3,dqn,2,327
0.19663993890798015,5119.8,0,1447.72,1467.6000000000001,S3,dqn,2,328
0.12104283054003724,5579.500000000001,4,1450.4800000000002,1459.2000000000003,S3,dqn,2,329
0.1551614946168461,6368.1,2,1572.64,1589.8000000000002,S3,dqn,2,330
0.1898006134969325,5163.1,2,1452.1200000000001,1468.4,S3,dqn,2,331
0.21212121212121213,4841.0,1,1358.3200000000002,1362.4,S3,dqn,2,332
0.10741791649777058,5076.900000000001,0,1413.2800000000002,1452.8000000000002,S3,dqn,2,333
0.20365435858393605,5119.900000000001,0,1282.8400000000001,1293.2,S3,dqn,2,334
0.16150969058143488,5936.700000000001,5,1552.4,1554.0,S3,dqn,2,335
0.06714060031595577,5364.900000000001,2,1548.0800000000002,1574.8000000000002,S3,dqn,2,336
0.09897221164826799,5443.900000000001,0,1786.28,1903.8000000000002,S3,dqn,2,337
0.12766768292682926,5338.3,0,1421.4,1439.2,S3,dqn,2,338
0.1485535574667709,5167.1,1,1359.6000000000001,1384.6000000000001,S3,dqn,2,339
0.16923076923076924,5248.5,3,1470.7600000000002,1544.8000000000002,S3,dqn,2,340
0.06103941402162539,6097.900000000001,1,1710.3200000000002,1759.6000000000001,S3,dqn,2,341
0.2230971128608924,5199.900000000001,5,1544.12,1588.0,S3,dqn,2,342
0.1708477508650519,4579.900000000001,0,1224.3200000000002,1240.2,S3,dqn,2,343
0.1314368023046453,5689.900000000001,3,1604.52,1627.4,S3,dqn,2,344
0.17710663683818045,5330.900000000001,1,1305.96,1306.0,S3,dqn,2,345
0.09370579915134371,5886.1,0,1521.88,1552.2,S3,dqn,2,346
0.1746031746031746,4988.5,0,1272.0800000000002,1286.2,S3,dqn,2,347
0.17163334590720483,5280.200000000001,2,1531.28,1582.2,S3,dqn,2,348
0.07205623901581722,6023.5,3,1653.96,1687.4,S3,dqn,2,349
0.2250996015936255,4837.5,2,1393.0000000000002,1405.0000000000002,S3,dqn,2,350
0.16853932584269662,5144.450000000001,0,1536.3200000000002,1562.8000000000002,S3,dqn,2,351
0.10746812386156648,5662.5,0,1447.48,1454.0,S3,dqn,2,352
0.10102865540044086,5625.900000000001,0,1573.96,1654.0,S3,dqn,2,353
0.14457831325301204,5086.5,1,1441.2,1469.8000000000002,S3,dqn,2,354
0.19223590892123926,5258.3,0,1431.76,1433.4,S3,dqn,2,355
0.15602322206095792,5537.7,1,1517.0,1553.6000000000001,S3,dqn,2,356
0.15546819156540387,5638.1,1,1598.68,1605.8000000000002,S3,dqn,2,357
0.09860788863109049,5376.700000000001,2,1428.76,1456.2,S3,dqn,2,358
0.17015242821694435,5607.700000000001,0,1442.56,1444.0,S3,dqn,2,359
0.15675675675675677,5569.5,0,1548.48,1620.6000000000001,S3,dqn,2,360
0.2077562326869806,4896.900000000001,0,1290.76,1303.2,S3,dqn,2,361
0.09575666541494555,5579.1,3,1607.28,1704.2,S3,dqn,2,362
0.14077340569877883,5968.1,1,1550.76,1579.2,S3,dqn,2,363
0.15489913544668588,5562.700000000001,0,1530.16,1573.2,S3,dqn,2,364
0.13960323291697282,5529.900000000001,0,1508.0,1536.4,S3,dqn,2,365
0.15346181299072092,5625.900000000001,0,1505.28,1539.6000000000001,S3,dqn,2,366
0.1554605518849592,5168.1,0,1406.2800000000002,1421.4,S3,dqn,2,367
0.20365168539325842,5570.1,1,1516.48,1536.2,S3,dqn,2,368
0.18966158423205653,5300.3,1,1425.16,1451.6000000000001,S3,dqn,2,369
0.20216756982075865,4716.8,2,1289.3600000000001,1305.4,S3,dqn,2,370
0.1705170517051705,5422.900000000001,0,1514.68,1569.2,S3,dqn,2,371
0.16122364613476645,4821.3,0,1305.56,1315.2,S3,dqn,2,372
0.13323730644580484,5647.900000000001,0,1539.6000000000001,1565.0000000000002,S3,dqn,2,373
0.07939372067845543,5804.700000000001,0,1736.24,1810.6000000000001,S3,dqn,2,374
0.17309988062077197,4984.1,0,1290.3200000000002,1292.8000000000002,S3,dqn,2,375
0.15134529147982062,5396.700000000001,1,1559.6000000000001,1601.8000000000002,S3,dqn,2,376
0.17702596380802518,5110.150000000001,5,1401.72,1424.6000000000001,S3,dqn,2,377
0.17110951008645534,5514.700000000001,0,1632.96,1660.2,S3,dqn,2,378
0.1649746192893401,4720.3,0,1458.12,1539.4,S3,dqn,2,379
0.20253164556962025,5422.500000000001,1,1438.6000000000001,1451.0,S3,dqn,2,380
0.19935920256318976,5492.3,1,1520.96,1538.4,S3,dqn,2,381
0.18188707843880259,5227.3,0,1418.68,1473.6000000000001,S3,dqn,2,382
0.12963629816348576,5654.900000000001,0,1511.52,1538.6000000000001,S3,dqn,2,383
0.12536873156342182,5543.900000000001,1,1473.24,1526.4,S3,dqn,2,384
0.19188596491228072,5378.450000000001,0,1568.8400000000001,1589.8000000000002,S3,dqn,2,385
0.1478743068391867,5514.5,4,1489.3200000000002,1506.4,S3,dqn,2,386
0.10681399631675875,5607.5,0,1617.8400000000001,1630.2,S3,dqn,2,387
0.14084507042253522,5014.5,0,1349.88,1355.4,S3,dqn,2,388
0.13788348845225784,5879.700000000001,0,1644.8400000000001,1683.0000000000002,S3,dqn,2,389
0.16487455197132617,5576.5,1,1355.4,1356.2,S3,dqn,2,390
0.13065522620904838,5219.3,1,1315.04,1348.2,S3,dqn,2,391
0.15797207935341662,5478.900000000001,1,1480.92,1511.2,S3,dqn,2,392
0.18792229729729729,4671.6,1,1316.0800000000002,1330.8000000000002,S3,dqn,2,393
0.16903572800614675,5192.1,2,1397.92,1416.0,S3,dqn,2,394
0.15600315955766192,5063.900000000001,0,1368.28,1376.0,S3,dqn,2,395
0.16756548536209553,5174.700000000001,1,1268.5200000000002,1271.8000000000002,S3,dqn,2,396
0.1711229946524064,5597.5,0,1469.0400000000002,1478.4,S3,dqn,2,397
0.13184584178498987,5025.500000000001,0,1303.38,1344.2,S3,dqn,2,398
0.15460167333575844,5525.3,0,1423.24,1442.2,S3,dqn,2,399
0.15914655473941938,5734.3,1,1539.64,1549.0,S3,dqn,2,400
0.16117605384342898,5637.1,0,1523.0,1524.4,S3,dqn,2,401
0.15461997019374069,5374.3,0,1467.96,1482.6000000000001,S3,dqn,2,402
0.13065522620904838,5206.3,0,1436.2,1453.4,S3,dqn,2,403
0.19504876219054765,5240.700000000001,2,1421.2800000000002,1424.8000000000002,S3,dqn,2,404
0.0893189430591738,5610.900000000001,0,1552.0,1603.4,S3,dqn,2,405
0.1704119850187266,5296.5,0,1542.0800000000002,1608.6000000000001,S3,dqn,2,406
0.13777955271565495,5156.3,6,1500.92,1553.8000000000002,S3,dqn,2,407
0.12003311258278146,5006.700000000001,4,1311.96,1338.0,S3,dqn,2,408
0.16129032258064516,5474.1,1,1623.72,1732.2,S3,dqn,2,409
0.17342032967032966,5814.900000000001,3,1611.44,1651.8000000000002,S3,dqn,2,410
0.11293260473588343,5686.5,2,1545.16,1589.6000000000001,S3,dqn,2,411
0.19507575757575757,5196.25,1,1461.28,1483.75,S3,dqn,2,412
0.06632277081798084,5774.3,4,1605.0000000000002,1641.0000000000002,S3,dqn,2,413
0.16117216117216118,5445.500000000001,0,1507.64,1547.6000000000001,S3,dqn,2,414
0.15619324373410826,5513.1,0,1453.96,1457.4,S3,dqn,2,415
0.17247844019497563,5302.900000000001,0,1374.4,1378.6000000000001,S3,dqn,2,416
0.10036870135190495,5058.700000000001,0,1472.2800000000002,1498.2000000000003,S3,dqn,2,417
0.10584084672677381,5260.700000000001,0,1608.2,1657.2,S3,dqn,2,418
0.1172962226640159,5176.5,0,1314.88,1328.6000000000001,S3,dqn,2,419
0.1338994121489223,6261.900000000001,0,1706.44,1753.2,S3,dqn,2,420
0.07427677873338545,5367.1,0,1541.76,1582.4,S3,dqn,2,421
0.12388695315524584,5324.1,2,1435.6000000000001,1445.4,S3,dqn,2,422
0.22426912294753704,4824.900000000001,1,1270.8,1275.2,S3,dqn,2,423
0.159808963997061,5471.900000000001,1,1411.04,1443.4,S3,dqn,2,424
0.15088645794039984,5334.700000000001,0,1402.04,1432.0,S3,dqn,2,425
0.13992905005912495,5132.900000000001,0,1435.0800000000002,1468.8000000000002,S3,dqn,2,426
0.17863720073664824,5441.500000000001,4,1531.12,1605.4,S3,dqn,2,427
0.16310066643283058,5699.700000000001,1,1609.8400000000001,1674.6000000000001,S3,dqn,2,428
0.1854655563966692,5212.900000000001,1,1480.8000000000002,1497.8000000000002,S3,dqn,2,429
0.13357400722021662,5637.500000000001,0,1528.6,1545.0,S3,dqn,2,430
0.19695044472681067,4633.450000000001,0,1397.4,1419.4,S3,dqn,2,431
0.08462104488594555,5736.1,5,1585.3600000000001,1593.0,S3,dqn,2,432
0.10735080058224163,5659.6,0,1752.88,1843.4,S3,dqn,2,433
0.17262143717382578,4983.700000000001,3,1480.0800000000002,1483.4,S3,dqn,2,434
0.11169024571854058,5531.700000000001,0,1449.48,1454.4,S3,dqn,2,435
0.15401953418482345,5415.900000000001,5,1669.72,1754.4,S3,dqn,2,436
0.15687053216838762,5138.1,6,1282.2800000000002,1287.4,S3,dqn,2,437
0.10123734533183353,5530.900000000001,0,1558.7200000000003,1559.8000000000002,S3,dqn,2,438
0.13996889580093314,5213.900000000001,0,1301.1200000000001,1304.6000000000001,S3,dqn,2,439
0.17857142857142858,5378.700000000001,1,1490.2,1524.8000000000002,S3,dqn,2,440
0.15407344871253695,4825.8,4,1343.8,1346.0,S3,dqn,2,441
0.20062805303558967,5637.700000000001,3,1528.2,1537.0,S3,dqn,2,442
0.06668835393623943,6510.3,2,1714.0000000000002,1731.8000000000002,S3,dqn,2,443
0.11253395421032208,5308.900000000001,0,1449.8400000000001,1473.8000000000002,S3,dqn,2,444
0.20729978738483346,5486.900000000001,1,1407.0,1407.0,S3,dqn,2,445
0.1691948658109685,5101.700000000001,0,1392.92,1408.6000000000001,S3,dqn,2,446
0.19781994348001614,4828.900000000001,0,1347.0400000000002,1364.8000000000002,S3,dqn,2,447
0.1000384763370527,5413.3,0,1495.3200000000002,1518.0000000000002,S3,dqn,2,448
0.10845175766641735,5512.3,0,1458.0800000000002,1503.8000000000002,S3,dqn,2,449
0.17647058823529413,4720.25,0,1387.95,1428.6000000000001,S3,dqn,2,450
0.14232209737827714,5399.5,0,1533.24,1564.0,S3,dqn,2,451
0.212298682284041,5286.900000000001,0,1460.0000000000002,1477.6000000000001,S3,dqn,2,452
0.13228527607361965,5337.1,2,1442.7600000000002,1446.0000000000002,S3,dqn,2,453
0.12409316533027873,5359.3,0,1515.0800000000002,1574.6000000000001,S3,dqn,2,454
0.07638072855464159,5363.1,1,1371.5600000000002,1387.8000000000002,S3,dqn,2,455
0.17448200654307525,5480.700000000001,1,1540.2,1592.6000000000001,S3,dqn,2,456
0.08849557522123894,5753.900000000001,6,1644.5600000000002,1711.6000000000001,S3,dqn,2,457
0.1726078799249531,5317.0,2,1590.36,1623.2,S3,dqn,2,458
0.1673866090712743,5610.1,5,1583.4400000000003,1597.8000000000002,S3,dqn,2,459
0.1063410791650256,5249.3,0,1429.64,1434.0,S3,dqn,2,460
0.11429678419217358,5311.700000000001,0,1388.56,1391.0,S3,dqn,2,461
0.12525667351129363,4962.5,0,1364.4800000000002,1365.8000000000002,S3,dqn,2,462
0.08992805755395683,5811.5,1,1565.4,1590.0,S3,dqn,2,463
0.10049298445202882,5488.900000000001,2,1484.1200000000001,1500.0,S3,dqn,2,464
0.11127596439169139,5565.700000000001,1,1530.48,1550.4,S3,dqn,2,465
0.11099726775956284,6019.1,0,1746.5600000000002,1792.8000000000002,S3,dqn,2,466
0.0999259807549963,5600.900000000001,1,1495.3600000000001,1506.4,S3,dqn,2,467
0.11458712259003274,5650.3,1,1392.92,1401.2,S3,dqn,2,468
0.11916922029281579,6008.900000000001,0,1426.66,1430.2,S3,dqn,2,469
0.18878504672897195,5256.5,0,1422.0400000000002,1430.6000000000001,S3,dqn,2,470
0.11489698890649762,5172.3,0,1400.1200000000001,1400.2,S3,dqn,2,471
0.12319939347990902,5467.1,3,1432.6000000000001,1455.0000000000002,S3,dqn,2,472
0.11904761904761904,6080.5,5,1576.92,1585.8000000000002,S3,dqn,2,473
0.09787928221859707,5149.900000000001,4,1533.68,1581.8000000000002,S3,dqn,2,474
0.2084844089920232,5382.1,1,1374.96,1389.6000000000001,S3,dqn,2,475
0.2018867924528302,5155.5,0,1451.76,1519.4,S3,dqn,2,476
0.20353618421052633,4748.400000000001,0,1341.2800000000002,1342.4,S3,dqn,2,477
0.10570824524312897,5866.1,0,1602.48,1627.6000000000001,S3,dqn,2,478
0.18442622950819673,5285.3,0,1435.28,1464.2,S3,dqn,2,479
0.11322280630812778,5096.1,0,1393.2800000000002,1422.8000000000002,S3,dqn,2,480
0.17643028434395341,5784.3,1,1677.96,1703.2,S3,dqn,2,481
0.09525588345162496,5581.900000000001,2,1420.68,1428.2,S3,dqn,2,482
0.15132669983416253,4850.900000000001,0,1335.44,1351.6000000000001,S3,dqn,2,483
0.11973875181422351,5649.700000000001,0,1546.5600000000002,1550.8000000000002,S3,dqn,2,484
0.16799664006719867,4788.700000000001,3,1481.92,1531.0,S3,dqn,2,485
0.1986754966887417,5040.900000000001,2,1407.44,1430.0,S3,dqn,2,486
0.16039823008849557,5512.900000000001,6,1571.2800000000002,1573.8000000000002,S3,dqn,2,487
0.1777609682299546,5240.3,0,1397.0800000000002,1423.4,S3,dqn,2,488
0.2106054907860098,5184.8,1,1456.68,1470.8,S3,dqn,2,489
0.1366961879091259,5306.150000000001,2,1446.8000000000002,1451.6000000000001,S3,dqn,2,490
0.18538713195201745,5499.700000000001,4,1575.8000000000002,1598.6000000000001,S3,dqn,2,491
0.10090466249130133,5999.3,3,1724.3200000000002,1770.8000000000002,S3,dqn,2,492
0.13776634827332843,5525.900000000001,0,1498.1200000000001,1523.2,S3,dqn,2,493
0.17291590826356024,5493.900000000001,3,1504.5200000000002,1525.8000000000002,S3,dqn,2,494
0.14264264264264265,5411.3,3,1541.96,1565.2,S3,dqn,2,495
0.10697305863708399,5200.3,0,1412.88,1447.8000000000002,S3,dqn,2,496
0.0997822931785196,5771.700000000001,4,1516.92,1528.0,S3,dqn,2,497
0.13678312458800262,6164.3,0,1569.3600000000001,1578.0000000000002,S3,dqn,2,498
0.1184655885671305,5543.3,8,1616.8400000000001,1672.6000000000001,S3,dqn,2,499
0.11013215859030837,5620.3,0,1678.3999999999999,1749.0,S3,dqn,2,500
0.17320137038446898,5200.900000000001,0,1413.52,1449.0,S3,dqn,2,501
0.17096999302163293,5714.700000000001,0,1602.68,1653.6000000000001,S3,dqn,2,502
0.1381760757994473,5125.1,0,1490.2,1524.6000000000001,S3,dqn,2,503
0.16111898016997167,5654.3,0,1546.72,1585.8000000000002,S3,dqn,2,504
0.0764748725418791,5788.700000000001,1,1651.5600000000002,1703.0000000000002,S3,dqn,2,505
0.1510574018126888,5986.3,0,1616.64,1619.0000000000002,S3,dqn,2,506
0.1744399559309585,5403.1,0,1510.96,1539.2,S3,dqn,2,507
0.15619324373410826,5523.1,0,1518.6399999999999,1547.0,S3,dqn,2,508
0.09863429438543247,5454.700000000001,0,1540.5200000000002,1558.0000000000002,S3,dqn,2,509
0.17501988862370724,5012.55,0,1357.92,1360.0,S3,dqn,2,510
0.1527777777777778,4336.5,1,1145.16,1160.6000000000001,S3,dqn,2,511
0.0847457627118644,5424.700000000001,0,1596.72,1607.6000000000001,S3,dqn,2,512
0.14671814671814673,5224.5,0,1324.72,1342.2,S3,dqn,2,513
0.1059245960502693,5833.5,6,1590.7600000000002,1601.6000000000001,S3,dqn,2,514
0.1373346897253306,5969.3,0,1671.16,1704.8000000000002,S3,dqn,2,515
0.16,5499.5,0,1449.08,1480.2,S3,dqn,2,516
0.12290045063498566,5007.700000000001,0,1268.64,1288.0,S3,dqn,2,517
0.18072289156626506,5576.900000000001,1,1646.68,1723.6000000000001,S3,dqn,2,518
0.20724421209858104,5240.1,2,1438.44,1454.2,S3,dqn,2,519
0.17410228509249184,5466.900000000001,0,1572.36,1600.2,S3,dqn,2,520
0.19148104728409535,5038.3,1,1377.2800000000002,1422.8000000000002,S3,dqn,2,521
0.18202080237741455,5349.900000000001,2,1519.32,1577.4,S3,dqn,2,522
0.13197026022304834,5474.5,0,1489.44,1505.0,S3,dqn,2,523
0.16202821197102554,5228.35,0,1435.3600000000001,1447.0,S3,dqn,2,524
0.1591144932549291,5790.700000000001,0,1611.52,1653.4,S3,dqn,2,525
0.1877581674802854,5236.1,0,1491.1200000000001,1544.2,S3,dqn,2,526
0.09556437071763434,5755.1,0,1530.3600000000001,1541.2,S3,dqn,2,527
0.12625324916450056,5610.1,7,1552.3600000000001,1592.6000000000001,S3,dqn,2,528
0.21756487025948104,4837.5,1,1496.3200000000002,1583.0000000000002,S3,dqn,2,529
0.15034538805363673,5002.700000000001,1,1330.28,1341.4,S3,dqn,2,530
0.16280752532561504,5538.3,0,1628.5600000000002,1648.6000000000001,S3,dqn,2,531
0.131189948263119,5551.700000000001,3,1467.5600000000002,1471.6000000000001,S3,dqn,2,532
0.16560030109145654,5284.900000000001,0,1341.4,1351.4,S3,dqn,2,533
0.18831667947732514,5201.150000000001,5,1484.76,1532.4,S3,dqn,2,534
0.1296426068675543,5815.3,1,1665.3200000000002,1690.4,S3,dqn,2,535
0.1446587537091988,5453.700000000001,1,1386.8400000000001,1398.4,S3,dqn,2,536
0.16148566814695195,4946.900000000001,0,1351.2,1359.6000000000001,S3,dqn,2,537
0.1167804527488322,5700.1,0,1449.2800000000002,1457.4,S3,dqn,2,538
0.15242754986827248,5341.900000000001,0,1499.68,1536.0,S3,dqn,2,539
0.1864801864801865,5124.3,2,1492.44,1544.0,S3,dqn,2,540
0.13846737481031868,5333.700000000001,0,1495.0,1511.0,S3,dqn,2,541
0.1595744680851064,5474.700000000001,2,1349.1200000000001,1361.8000000000002,S3,dqn,2,542
0.12360446570972887,5175.1,1,1389.64,1425.4,S3,dqn,2,543
0.12915851272015655,5196.25,0,1556.48,1643.2,S3,dqn,2,544
0.09094942324755989,4695.3,0,1206.3600000000001,1217.0,S3,dqn,2,545
0.11592550361079437,5404.700000000001,0,1496.5200000000002,1516.0000000000002,S3,dqn,2,546
0.15065913370998116,5338.5,0,1407.2800000000002,1422.8000000000002,S3,dqn,2,547
0.20337682271680738,5064.700000000001,0,1424.9600000000003,1438.8000000000002,S3,dqn,2,548
0.17637732857709076,4989.1,0,1369.4,1394.8000000000002,S3,dqn,2,549
0.10087025316455696,5223.1,0,1488.3600000000001,1539.8000000000002,S3,dqn,2,550
0.15646976090014064,5690.3,0,1615.4,1647.6000000000001,S3,dqn,2,551
0.09252539912917271,5724.700000000001,0,1593.6399999999999,1619.0,S3,dqn,2,552
0.03993055555555555,6170.5,0,1713.2800000000002,1746.8000000000002,S3,dqn,2,553
0.16396604938271606,5159.900000000001,0,1431.32,1477.0,S3,dqn,2,554
0.11300555114988105,5173.900000000001,0,1388.2400000000002,1407.6000000000001,S3,dqn,2,555
0.08094186902133922,5818.1,9,1522.72,1542.6000000000001,S3,dqn,2,556
0.08921330089213302,5129.200000000001,0,1449.4,1465.8,S3,dqn,2,557
0.07350019864918554,5309.900000000001,1,1419.0000000000002,1424.0000000000002,S3,dqn,2,558
0.056134723336006415,5351.3,5,1369.7600000000002,1372.8000000000002,S3,dqn,2,559
0.15289406625409538,5567.900000000001,4,1577.0400000000002,1606.6000000000001,S3,dqn,2,560
0.13682564503518374,5175.1,0,1429.1200000000001,1439.4,S3,dqn,2,561
0.17893452623017486,4906.8,3,1392.98,1450.0,S3,dqn,2,562
0.14512383900928794,5300.3,6,1464.9600000000003,1470.8000000000002,S3,dqn,2,563
0.2106969205834684,4788.1,0,1350.52,1385.2,S3,dqn,2,564
0.16200294550810015,5524.700000000001,7,1453.1200000000001,1487.2,S3,dqn,2,565
0.1301900070372977,5792.900000000001,1,1453.44,1456.2,S3,dqn,2,566
0.15234948604992657,5522.3,0,1419.8400000000001,1424.2,S3,dqn,2,567
0.16321044546851,5190.3,0,1366.94,1410.0,S3,dqn,2,568
0.12340917855765522,5364.1,4,1396.92,1417.8000000000002,S3,dqn,2,569
0.15249714067861228,5271.1,1,1233.1200000000001,1235.0,S3,dqn,2,570
0.11084718923198733,5188.700000000001,0,1473.32,1520.0,S3,dqn,2,571
0.1332116788321168,5572.5,0,1451.4,1469.0,S3,dqn,2,572
0.20552799433026223,5484.900000000001,0,1562.2400000000002,1585.6000000000001,S3,dqn,2,573
0.16393442622950818,5103.900000000001,0,1473.2000000000003,1493.0000000000002,S3,dqn,2,574
0.20944402132520945,5115.950000000001,1,1452.92,1513.6000000000001,S3,dqn,2,575
0.08640120210368145,5560.900000000001,1,1609.4800000000002,1614.8000000000002,S3,dqn,2,576
0.1968205904617714,5219.900000000001,0,1453.27,1493.0,S3,dqn,2,577
0.13243831640058054,5607.700000000001,0,1587.88,1620.2,S3,dqn,2,578
0.1688073394495413,5423.5,1,1413.5600000000002,1414.0000000000002,S3,dqn,2,579
0.08537490720118783,5618.3,0,1546.92,1582.0000000000002,S3,dqn,2,580
0.11658518239939827,5460.3,0,1515.52,1616.6000000000001,S3,dqn,2,581
0.11868300153139356,5394.900000000001,1,1484.1200000000001,1524.2,S3,dqn,2,582
0.13758146270818247,5607.900000000001,0,1457.52,1487.0,S3,dqn,2,583
0.08606421714664018,6321.700000000001,0,1747.72,1772.2,S3,dqn,2,584
0.13997760358342665,5424.3,1,1513.44,1528.4,S3,dqn,2,585
0.20577760189948555,4915.900000000001,1,1327.1200000000001,1352.6000000000001,S3,dqn,2,586
0.15060240963855423,5357.200000000001,0,1475.3600000000001,1514.4,S3,dqn,2,587
0.13945704722945332,5448.3,0,1395.16,1420.6000000000001,S3,dqn,2,588
0.14705882352941177,5575.3,2,1737.7600000000002,1819.2000000000003,S3,dqn,2,589
0.18330308529945555,5439.5,1,1641.16,1735.0000000000002,S3,dqn,2,590
0.10420475319926874,5662.5,0,1630.48,1703.4,S3,dqn,2,591
0.09803921568627451,5194.3,1,1424.3200000000002,1476.0000000000002,S3,dqn,2,592
0.1434643995749203,5757.1,3,1605.7200000000003,1656.0000000000002,S3,dqn,2,593
0.11524530786960817,6228.900000000001,0,1876.6000000000001,1918.6000000000001,S3,dqn,2,594
0.09721322099805574,6406.700000000001,0,1853.4,1918.4,S3,dqn,2,595
0.18315018315018314,4842.900000000001,0,1440.6000000000001,1467.0000000000002,S3,dqn,2,596
0.13904547162720782,5525.700000000001,9,1485.04,1540.2,S3,dqn,2,597
0.11561789234268385,5405.1,0,1549.28,1638.6000000000001,S3,dqn,2,598
0.1624548736462094,5567.5,2,1552.16,1603.0000000000002,S3,dqn,2,599
0.11106703689012297,5177.700000000001,0,1289.4,1306.6000000000001,S3,dqn,2,600
0.11318506751389992,5178.1,1,1351.3600000000001,1361.8000000000002,S3,dqn,2,601
0.12943632567849686,4962.5,6,1512.96,1569.4,S3,dqn,2,602
0.2098950524737631,5198.1,1,1362.8400000000001,1365.4,S3,dqn,2,603
0.1408987052551409,5439.700000000001,8,1401.88,1403.8000000000002,S3,dqn,2,604
0.16091954022988506,5248.5,1,1462.68,1493.8000000000002,S3,dqn,2,605
0.16010305483989695,5446.900000000001,0,1561.04,1593.4,S3,dqn,2,606
0.15716374269005848,5485.700000000001,0,1605.6000000000001,1663.4,S3,dqn,2,607
0.13209779179810727,5149.700000000001,0,1412.76,1475.4,S3,dqn,2,608
0.18796992481203006,4971.900000000001,0,1384.48,1403.2,S3,dqn,2,609
0.13196480938416422,5565.1,1,1609.7600000000002,1648.0000000000002,S3,dqn,2,610
0.13085145595281975,5515.1,0,1396.3600000000001,1403.6000000000001,S3,dqn,2,611
0.13561741613133477,5742.900000000001,1,1529.0400000000002,1532.0000000000002,S3,dqn,2,612
0.16429136975455266,5026.700000000001,0,1399.88,1416.6000000000001,S3,dqn,2,613
0.11033099297893681,6160.700000000001,0,1661.72,1702.6000000000001,S3,dqn,2,614
0.09823182711198428,5308.5,2,1319.92,1328.8000000000002,S3,dqn,2,615
0.17398181099248716,5003.3,0,1403.0400000000002,1444.8000000000002,S3,dqn,2,616
0.15405096995055154,5312.3,3,1436.1200000000001,1440.0,S3,dqn,2,617
0.13528138528138528,5615.900000000001,0,1460.44,1475.4,S3,dqn,2,618
0.13992537313432835,5492.500000000001,5,1524.2800000000002,1555.0000000000002,S3,dqn,2,619
0.1414027149321267,5364.900000000001,1,1473.36,1506.0,S3,dqn,2,620
0.12142857142857143,5786.5,3,1490.0400000000002,1523.6000000000001,S3,dqn,2,621
0.1523372287145242,4800.700000000001,0,1269.1200000000001,1279.8000000000002,S3,dqn,2,622
0.14803849000740193,5446.900000000001,0,1540.48,1577.6000000000001,S3,dqn,2,623
0.2157258064516129,4820.5,3,1168.64,1185.0,S3,dqn,2,624
0.17864153906556735,5045.650000000001,0,1480.16,1495.4,S3,dqn,2,625
0.21536670547147846,5009.150000000001,0,1234.0,1255.4,S3,dqn,2,626
0.14813460131675202,5506.3,0,1645.0,1710.4,S3,dqn,2,627
0.13212795549374132,5903.700000000001,5,1613.8000000000002,1648.8000000000002,S3,dqn,2,628
0.14942528735632185,5278.5,1,1462.96,1515.8000000000002,S3,dqn,2,629
0.1256544502617801,5838.750000000001,0,1690.7200000000003,1726.2000000000003,S3,dqn,2,630
0.1210464662241312,5269.700000000001,0,1357.48,1378.4,S3,dqn,2,631
0.2127659574468085,4966.1,3,1460.16,1513.6000000000001,S3,dqn,2,632
0.1585460170146945,5216.700000000001,4,1330.7600000000002,1347.8000000000002,S3,dqn,2,633
0.13997760358342665,5461.3,2,1446.56,1472.4,S3,dqn,2,634
0.14383561643835616,5902.500000000001,0,1542.48,1570.2,S3,dqn,2,635
0.14652677279305354,5590.3,1,1588.3200000000002,1645.4,S3,dqn,2,636
0.1750465549348231,5353.5,3,1491.8,1515.0,S3,dqn,2,637
0.08345428156748912,5767.700000000001,1,1505.68,1543.4,S3,dqn,2,638
0.14813460131675202,5521.3,0,1423.0800000000002,1425.2,S3,dqn,2,639
0.155420773313116,5299.1,1,1480.48,1500.0,S3,dqn,2,640
0.1784997994384276,4992.1,4,1455.44,1483.8000000000002,S3,dqn,2,641
0.09779516358463727,5823.900000000001,0,1503.72,1527.2,S3,dqn,2,642
0.05695208169677926,5399.700000000001,0,1530.8000000000002,1562.6000000000001,S3,dqn,2,643
0.11442582754393134,5024.900000000001,0,1393.96,1431.8000000000002,S3,dqn,2,644
0.10656292286874154,6165.700000000001,5,1604.0400000000002,1627.4,S3,dqn,2,645
0.12417539774932092,5252.900000000001,0,1474.0,1501.6000000000001,S3,dqn,2,646
0.08278716798896171,6160.3,7,1787.92,1840.4,S3,dqn,2,647
0.13194170933438362,5179.3,1,1535.68,1564.2,S3,dqn,2,648
0.13679410733076114,5811.700000000001,0,1626.64,1636.0,S3,dqn,2,649
0.15427509293680297,5407.5,0,1411.0400000000002,1427.4,S3,dqn,2,650
0.16481547832318166,5568.700000000001,1,1463.4,1479.0,S3,dqn,2,651
0.10179434092477571,6015.1,2,1726.48,1756.2,S3,dqn,2,652
0.17089499647639184,5629.1,0,1565.44,1596.4,S3,dqn,2,653
0.13513513513513514,5460.3,4,1622.24,1663.6000000000001,S3,dqn,2,654
0.14768683274021352,5664.5,1,1646.76,1717.4,S3,dqn,2,655
0.12731077781653297,5941.900000000001,7,1645.72,1681.6000000000001,S3,dqn,2,656
0.07700573065902579,5851.900000000001,0,1564.7600000000002,1570.4,S3,dqn,2,657
0.12716996366572467,5141.900000000001,5,1428.0000000000002,1445.8000000000002,S3,dqn,2,658
0.0876577840112202,5941.900000000001,0,1670.8400000000001,1742.4,S3,dqn,2,659
0.12769062385990515,5607.700000000001,0,1490.88,1504.4,S3,dqn,2,660
0.1538761199844176,5165.150000000001,0,1432.72,1449.6000000000001,S3,dqn,2,661
0.12913026965438662,5354.1,0,1445.7600000000002,1447.8000000000002,S3,dqn,2,662
0.17565649396735272,5586.1,1,1426.1200000000001,1446.8000000000002,S3,dqn,2,663
0.12476007677543186,5331.5,1,1390.12,1415.2,S3,dqn,2,664
0.19328387348691917,5032.700000000001,1,1368.2800000000002,1374.4,S3,dqn,2,665
0.04918653045781309,5665.1,3,1528.4400000000003,1549.0000000000002,S3,dqn,2,666
0.1035814606741573,5889.1,0,1483.3200000000002,1498.6000000000001,S3,dqn,2,667
0.15358361774744028,4707.3,0,1434.5200000000002,1501.8000000000002,S3,dqn,2,668
0.08244994110718493,5318.900000000001,0,1594.96,1642.8000000000002,S3,dqn,2,669
0.09719626168224299,5540.500000000001,0,1437.76,1450.4,S3,dqn,2,670
0.16174686615446826,4928.35,0,1388.92,1418.2,S3,dqn,2,671
0.1073558648111332,5190.5,0,1430.64,1467.2,S3,dqn,2,672
0.11080332409972299,5950.1,1,1657.64,1698.2,S3,dqn,2,673
0.1241880015284677,5415.900000000001,4,1610.0,1660.0,S3,dqn,2,674
0.09818181818181818,5753.500000000001,0,1472.0,1485.2,S3,dqn,2,675
0.12333198544278205,5079.1,1,1422.16,1435.0,S3,dqn,2,676
0.2021018593371059,4825.3,0,1373.0800000000002,1373.2,S3,dqn,2,677
0.1450381679389313,5295.5,0,1380.2800000000002,1386.6000000000001,S3,dqn,2,678
0.11623246492985972,5108.5,0,1262.1200000000001,1273.6000000000001,S3,dqn,2,679
0.14882102821801313,5216.900000000001,0,1333.72,1343.4,S3,dqn,2,680
0.09980806142034548,5438.5,4,1606.5600000000002,1608.2,S3,dqn,2,681
0.08455467869222097,5569.700000000001,1,1429.72,1453.6000000000001,S3,dqn,2,682
0.18716577540106952,5192.1,1,1519.96,1595.2,S3,dqn,2,683
0.21747967479674796,4827.0,3,1384.56,1418.4,S3,dqn,2,684
0.16117080400148204,5383.3,0,1667.4,1743.2000000000003,S3,dqn,2,685
0.16802067946824226,5413.35,1,1584.24,1653.2,S3,dqn,2,686
0.12042230287033982,6237.700000000001,0,1766.8400000000001,1829.4,S3,dqn,2,687
0.20347761746207918,5267.1,1,1407.1200000000001,1407.2,S3,dqn,2,688
0.11242378048780488,5452.3,2,1454.56,1504.0,S3,dqn,2,689
0.1980392156862745,5006.75,0,1375.89,1399.6000000000001,S3,dqn,2,690
0.2000714540907467,5473.3,0,1643.3600000000001,1651.8000000000002,S3,dqn,2,691
0.1259181532004197,5934.8,8,1635.8400000000001,1651.2,S3,dqn,2,692
0.19777058612010068,5458.700000000001,1,1412.16,1429.0,S3,dqn,2,693
0.14174198849630237,4908.3,0,1465.24,1526.8000000000002,S3,dqn,2,694
0.06274768824306473,6416.1,0,1707.72,1742.0,S3,dqn,2,695
0.1633259094283593,5386.3,0,1545.1200000000001,1643.8000000000002,S3,dqn,2,696
0.0503959683225342,5950.1,3,1660.3600000000001,1720.4,S3,dqn,2,697
0.14404033129276198,5596.900000000001,0,1358.0000000000002,1383.0000000000002,S3,dqn,2,698
0.11402027027027027,4876.85,0,1341.6000000000001,1359.2,S3,dqn,2,699
0.14826175869120656,5930.3,0,1642.0,1690.4,S3,dqn,2,700
0.1250446588067167,5715.3,0,1602.76,1654.6000000000001,S3,dqn,2,701
0.08603031544448997,5105.700000000001,0,1406.8000000000002,1458.8000000000002,S3,dqn,2,702
0.07069913589945012,5352.700000000001,0,1500.7200000000003,1501.8000000000002,S3,dqn,2,703
0.12830333205668326,5342.700000000001,1,1402.3200000000002,1407.4,S3,dqn,2,704
0.1430374421539756,4806.900000000001,1,1300.44,1340.4,S3,dqn,2,705
0.0728862973760933,5779.3,0,1504.7200000000003,1509.2000000000003,S3,dqn,2,706
0.13275862068965516,5947.5,4,1595.6,1599.0,S3,dqn,2,707
0.14336917562724014,5074.700000000001,0,1582.96,1625.2,S3,dqn,2,708
0.1054162122864413,5839.700000000001,11,1587.48,1617.4,S3,dqn,2,709
0.10462555066079295,5661.3,1,1571.48,1577.2,S3,dqn,2,710
0.08534322820037106,5648.500000000001,1,1466.8400000000001,1480.6000000000001,S3,dqn,2,711
0.16310461192350956,5338.900000000001,2,1527.5200000000002,1584.8000000000002,S3,dqn,2,712
0.109794353433252,5901.3,0,1660.7600000000002,1662.8000000000002,S3,dqn,2,713
0.09394171779141104,5424.1,1,1532.96,1565.4,S3,dqn,2,714
0.10750909692358585,6228.1,0,1877.8400000000001,1914.6000000000001,S3,dqn,2,715
0.08959875340864823,5358.900000000001,0,1341.64,1357.2,S3,dqn,2,716
0.13528336380255943,5614.0,4,1626.7,1713.6000000000001,S3,dqn,2,717
0.11518937914877002,5267.700000000001,0,1490.5200000000002,1548.0000000000002,S3,dqn,2,718
0.14764565043894654,5036.700000000001,0,1448.1200000000001,1485.2,S3,dqn,2,719
0.11004401760704281,5205.3,3,1328.24,1330.4,S3,dqn,2,720
0.11872323861424679,5278.3,0,1434.0400000000002,1455.0000000000002,S3,dqn,2,721
0.08311784263021796,5736.900000000001,4,1646.0400000000002,1687.8000000000002,S3,dqn,2,722
0.0823045267489712,6156.700000000001,4,1748.88,1800.6000000000001,S3,dqn,2,723
0.08443465491923642,5714.3,0,1653.04,1692.2,S3,dqn,2,724
0.09910610182666149,5345.1,1,1516.48,1581.0,S3,dqn,2,725
0.14059120403749098,5677.3,4,1523.2400000000002,1550.8000000000002,S3,dqn,2,726
0.09072978303747535,5278.5,0,1407.88,1423.6000000000001,S3,dqn,2,727
0.08073601201652272,5581.1,1,1550.7200000000003,1570.8000000000002,S3,dqn,2,728
0.05890753302392003,5941.700000000001,0,1585.76,1610.4,S3,dqn,2,729
0.17089305402425578,5395.700000000001,0,1489.72,1490.6000000000001,S3,dqn,2,730
0.15762170790103752,5006.950000000001,0,1372.64,1379.4,S3,dqn,2,731
0.14933837429111532,5325.5,1,1339.24,1345.0,S3,dqn,2,732
0.10317157050057317,5475.900000000001,5,1573.6000000000004,1599.2000000000003,S3,dqn,2,733
0.10662177328843996,5546.1,0,1676.32,1769.2,S3,dqn,2,734
0.1645306546588154,5758.900000000001,0,1413.0,1419.2,S3,dqn,2,735
0.14275388507408746,5593.900000000001,1,1486.16,1515.2,S3,dqn,2,736
0.07476993865030675,5519.1,3,1474.1200000000001,1494.2,S3,dqn,2,737
0.18313620755436857,5157.700000000001,0,1566.48,1611.8000000000002,S3,dqn,2,738
0.12242518460940537,5260.1,0,1462.6000000000001,1478.4,S3,dqn,2,739
0.1592356687898089,5032.900000000001,0,1392.8400000000001,1434.6000000000001,S3,dqn,2,740
0.08355488036460311,5511.1,0,1564.7600000000002,1580.8000000000002,S3,dqn,2,741
0.0586756077116513,5076.700000000001,1,1407.88,1447.4,S3,dqn,2,742
0.07851534618129907,5871.900000000001,0,1601.16,1643.4,S3,dqn,2,743
0.14939136849870896,5498.700000000001,1,1532.8000000000002,1586.6000000000001,S3,dqn,2,744
0.10341074020319303,5711.700000000001,1,1645.8400000000001,1648.2000000000003,S3,dqn,2,745
0.14845831747240198,5301.900000000001,1,1427.48,1463.4,S3,dqn,2,746
0.11227816008692502,5674.700000000001,0,1512.84,1535.0,S3,dqn,2,747
0.12759170653907495,5150.1,2,1392.52,1399.2,S3,dqn,2,748
0.10476878612716763,5768.1,3,1618.3600000000001,1656.6000000000001,S3,dqn,2,749
0.14405762304921968,5057.3,0,1337.44,1348.4,S3,dqn,2,750
0.22180451127819548,5151.5,0,1409.4,1451.2000000000003,S3,dqn,2,751
0.1463607594936709,5085.1,0,1550.1200000000001,1566.0,S3,dqn,2,752
0.10625501202886929,5151.3,0,1479.7600000000002,1484.6000000000001,S3,dqn,2,753
0.1058299294467137,5583.1,1,1610.2800000000002,1665.2000000000003,S3,dqn,2,754
0.11913767019667171,5410.3,0,1415.0800000000002,1425.4,S3,dqn,2,755
0.15664160401002505,4794.3,0,1224.84,1232.0,S3,dqn,2,756
0.16459253311922922,5042.700000000001,6,1358.24,1405.4,S3,dqn,2,757
0.03431570448122729,5314.900000000001,0,1331.68,1344.2,S3,dqn,2,758
0.17624521072796934,5196.5,2,1362.0,1364.2,S3,dqn,2,759
0.10875137312339803,5651.8,0,1413.72,1429.7,S3,dqn,2,760
0.15284677111196027,5272.900000000001,1,1462.16,1489.6000000000001,S3,dqn,2,761
0.13836948391922213,5536.3,8,1622.2,1691.6000000000001,S3,dqn,2,762
0.11413043478260869,5688.5,1,1612.5600000000002,1627.4,S3,dqn,2,763
0.04704554008280015,5662.900000000001,0,1530.1200000000001,1548.0000000000002,S3,dqn,2,764
0.09765625,5862.700000000001,0,1503.1200000000001,1518.4,S3,dqn,2,765
0.17196261682242991,5300.5,0,1368.4800000000002,1378.8000000000002,S3,dqn,2,766
0.09145129224652088,5229.5,0,1447.8000000000002,1453.4,S3,dqn,2,767
0.1329243353783231,5970.05,0,1600.52,1611.4,S3,dqn,2,768
0.12870514820592824,5251.3,3,1419.0800000000002,1421.6000000000001,S3,dqn,2,769
0.062232594321275765,5459.700000000001,1,1618.8400000000001,1651.8000000000002,S3,dqn,2,770
0.16117478510028654,5569.900000000001,0,1542.0800000000002,1559.2,S3,dqn,2,771
0.17094017094017094,4635.5,0,1267.0800000000002,1287.2,S3,dqn,2,772
0.10296242774566473,5715.1,0,1551.2800000000002,1569.8000000000002,S3,dqn,2,773
0.2204724409448819,4889.0,0,1360.8400000000001,1414.6000000000001,S3,dqn,2,774
0.12694202349374764,5371.3,0,1344.0800000000002,1351.6000000000001,S3,dqn,2,775
0.058351568198395334,5837.900000000001,0,1539.68,1555.0,S3,dqn,2,776
0.12569832402234637,5859.3,1,1691.32,1735.4,S3,dqn,2,777
0.09538344143456697,5467.950000000001,0,1548.6000000000001,1581.6000000000001,S3,dqn,2,778
0.14745308310991956,5254.700000000001,0,1411.32,1414.2,S3,dqn,2,779
0.09566575556423272,5367.700000000001,4,1509.88,1544.6000000000001,S3,dqn,2,780
0.08454907161803714,6329.700000000001,1,1872.7200000000003,1921.0000000000002,S3,dqn,2,781
0.06700470843897138,6008.700000000001,13,1714.0000000000002,1760.8000000000002,S3,dqn,2,782
0.18871753246753248,4850.3,0,1305.64,1319.4,S3,dqn,2,783
0.13071895424836602,6054.900000000001,10,1584.44,1595.0,S3,dqn,2,784
0.12248123271434215,5173.700000000001,0,1462.2,1466.6000000000001,S3,dqn,2,785
0.11411992263056092,5305.5,0,1365.4800000000002,1370.8000000000002,S3,dqn,2,786
0.126883425852498,5146.900000000001,0,1379.16,1399.2,S3,dqn,2,787
0.1409313725490196,5027.1,5,1369.64,1400.4,S3,dqn,2,788
0.17365269461077845,4966.5,0,1362.24,1396.0,S3,dqn,2,789
0.17060367454068243,5301.900000000001,1,1517.68,1588.8000000000002,S3,dqn,2,790
0.15959517321915143,5204.3,1,1303.64,1336.8000000000002,S3,dqn,2,791
0.09055397727272728,5871.700000000001,0,1633.72,1709.2,S3,dqn,2,792
0.07208872458410351,5700.75,1,1526.6000000000001,1534.2,S3,dqn,2,793
0.14584763212079616,5896.3,1,1542.8400000000001,1552.6000000000001,S3,dqn,2,794
0.13794338946614118,5664.700000000001,0,1574.5200000000002,1588.6000000000001,S3,dqn,2,795
0.11009174311926606,5645.5,3,1591.2,1607.2,S3,dqn,2,796
0.09579955784819455,5698.3,4,1740.96,1814.0,S3,dqn,2,797
0.1659098847362906,5706.1,0,1583.16,1587.6000000000001,S3,dqn,2,798
0.13659099653712967,5269.3,0,1470.6000000000001,1512.4,S3,dqn,2,799
0.08909479686386315,5873.700000000001,1,1484.3600000000001,1491.6000000000001,S3,dqn,2,800
0.15521064301552107,5505.700000000001,3,1511.72,1532.4,S3,dqn,2,801
0.1393917451122375,5581.900000000001,0,1621.96,1704.0000000000002,S3,dqn,2,802
0.11307014181678804,5356.05,0,1459.75,1489.4,S3,dqn,2,803
0.09859689040576412,5490.400000000001,1,1554.3600000000001,1612.4,S3,dqn,2,804
0.1609403254972875,5585.500000000001,5,1623.5200000000002,1666.8000000000002,S3,dqn,2,805
0.13086150490730644,5607.700000000001,0,1468.0000000000002,1490.8000000000002,S3,dqn,2,806
0.1532258064516129,5023.5,2,1491.8400000000001,1606.0000000000002,S3,dqn,2,807
0.0905861456483126,5923.500000000001,5,1669.8400000000001,1692.0000000000002,S3,dqn,2,808
0.14285714285714285,5657.0,0,1716.52,1764.2,S3,dqn,2,809
0.08023340627279359,5788.900000000001,1,1489.68,1519.0000000000002,S3,dqn,2,810
0.0728066982162359,5874.900000000001,8,1669.2,1705.4,S3,dqn,2,811
0.2225819506272764,4758.700000000001,0,1347.24,1402.0,S3,dqn,2,812
0.14255167498218105,5660.700000000001,0,1496.88,1504.4,S3,dqn,2,813
0.1374246987951807,5431.700000000001,3,1489.84,1493.0,S3,dqn,2,814
0.09490333919156414,5919.5,1,1655.3600000000001,1714.6000000000001,S3,dqn,2,815
0.08795411089866156,5459.5,0,1496.5600000000002,1510.0000000000002,S3,dqn,2,816
0.17266448564158487,5532.700000000001,4,1667.6,1732.0,S3,dqn,2,817
0.14181678804139516,5311.3,2,1409.5200000000002,1413.6000000000001,S3,dqn,2,818
0.1600143833153542,5551.700000000001,0,1478.0800000000002,1517.4,S3,dqn,2,819
0.1038961038961039,5560.5,0,1408.04,1409.8,S3,dqn,2,820
0.12009149828440717,5410.1,0,1443.88,1445.2,S3,dqn,2,821
0.16050244242847173,5748.700000000001,1,1627.72,1638.6000000000001,S3,dqn,2,822
0.07028112449799197,6302.1,1,1624.3200000000002,1650.0000000000002,S3,dqn,2,823
0.12260127931769722,5759.3,0,1647.1200000000001,1651.4,S3,dqn,2,824
0.13168238993710693,5182.3,0,1435.48,1449.0,S3,dqn,2,825
0.1638396299151889,5204.3,0,1348.4,1353.8000000000002,S3,dqn,2,826
0.15489913544668588,5558.700000000001,0,1371.2,1374.4,S3,dqn,2,827
0.1323685139428168,5805.1,3,1562.0800000000002,1587.4,S3,dqn,2,828
0.14301430143014301,5511.900000000001,1,1501.0400000000002,1507.4,S3,dqn,2,829
0.17460894870862131,5443.3,0,1325.16,1330.0,S3,dqn,2,830
0.09900990099009901,5449.700000000001,1,1543.0400000000002,1570.6000000000001,S3,dqn,2,831
0.11276891047883414,5986.900000000001,5,1676.7600000000002,1724.8000000000002,S3,dqn,2,832
0.1289502361060661,5625.1,1,1562.56,1592.4,S3,dqn,2,833
0.14637629418064976,5723.700000000001,2,1609.8,1661.0,S3,dqn,2,834
0.1304009342156481,5222.05,0,1590.92,1616.0000000000002,S3,dqn,2,835
0.08416905444126074,5937.900000000001,7,1553.64,1580.6000000000001,S3,dqn,2,836
0.11477230655312846,5570.700000000001,1,1498.6000000000001,1524.4,S3,dqn,2,837
0.10965756060023085,5369.3,2,1545.08,1590.0,S3,dqn,2,838
0.11437908496732026,5064.1,3,1380.96,1425.4,S3,dqn,2,839
0.1627384960718294,5331.1,0,1464.44,1490.8000000000002,S3,dqn,2,840
0.13559322033898305,5376.5,0,1411.96,1412.4,S3,dqn,2,841
0.1100196463654224,5290.5,4,1434.48,1457.6000000000001,S3,dqn,2,842
0.12408759124087591,5607.500000000001,0,1480.88,1490.2,S3,dqn,2,843
0.1913214990138067,4966.75,0,1344.2800000000002,1352.6000000000001,S3,dqn,2,844
0.08202833706189411,5636.900000000001,1,1503.16,1503.2,S3,dqn,2,845
0.10245078344716754,5147.3,0,1510.1200000000001,1597.6000000000001,S3,dqn,2,846
0.12568306010928962,5592.5,0,1547.16,1587.0000000000002,S3,dqn,2,847
0.1568627450980392,5117.5,0,1429.64,1429.8000000000002,S3,dqn,2,848
0.14885496183206107,5263.5,0,1459.68,1470.8000000000002,S3,dqn,2,849
0.1256544502617801,5838.5,0,1638.6,1709.4,S3,dqn,2,850
0.13555787278415016,5869.900000000001,2,1559.8400000000001,1567.2,S3,dqn,2,851
0.12631169840652934,5279.1,2,1505.92,1543.0000000000002,S3,dqn,2,852
0.1388888888888889,5457.500000000001,0,1509.1600000000003,1529.0000000000002,S3,dqn,2,853
0.13594562175129948,5121.700000000001,3,1303.48,1343.2,S3,dqn,2,854
0.0970873786407767,5562.1,0,1516.7600000000002,1555.8000000000002,S3,dqn,2,855
0.06981740064446831,5878.1,0,1595.72,1610.4,S3,dqn,2,856
0.10396233817183209,5271.3,0,1539.08,1599.2,S3,dqn,2,857
0.17660463349791114,5202.1,0,1456.8400000000001,1518.8000000000002,S3,dqn,2,858
0.16632722335369993,5881.700000000001,1,1651.0800000000002,1661.6000000000001,S3,dqn,2,859
0.12,5374.5,0,1444.68,1468.0,S3,dqn,2,860
0.1720912832023943,5326.1,0,1536.76,1559.2,S3,dqn,2,861
0.1491395793499044,5293.5,2,1471.48,1503.6000000000001,S3,dqn,2,862
0.08107088989441931,5543.900000000001,0,1440.5600000000002,1460.4,S3,dqn,2,863
0.19092627599243855,5217.5,1,1368.96,1377.6000000000001,S3,dqn,2,864
0.17235252309879176,5590.3,0,1577.92,1593.8000000000002,S3,dqn,2,865
0.076103500761035,5519.1,0,1438.7200000000003,1473.0000000000002,S3,dqn,2,866
0.12528047868362005,5478.3,0,1478.64,1510.2,S3,dqn,2,867
0.14081862561021405,5420.1,1,1529.2000000000003,1538.8000000000002,S3,dqn,2,868
0.09107468123861566,5825.500000000001,8,1613.16,1653.4,S3,dqn,2,869
0.14694940476190477,5412.1,0,1340.44,1349.0,S3,dqn,2,870
0.16306649724692926,4742.700000000001,3,1274.0400000000002,1274.8000000000002,S3,dqn,2,871
0.22727272727272727,4716.55,0,1410.6000000000001,1434.65,S3,dqn,2,872
0.11180351906158358,5603.1,0,1563.28,1613.2,S3,dqn,2,873
0.031825795644891124,6420.500000000001,0,1676.4,1691.8000000000002,S3,dqn,2,874
0.1017274472168906,5397.5,1,1478.2400000000002,1484.8000000000002,S3,dqn,2,875
0.13956734124214934,5807.700000000001,0,1529.0800000000002,1547.6000000000001,S3,dqn,2,876
0.07138001359619306,6211.900000000001,0,1670.3200000000002,1693.8000000000002,S3,dqn,2,877
0.10021474588403723,5778.3,0,1507.1200000000001,1509.2,S3,dqn,2,878
0.07777777777777778,5688.5,1,1408.4,1421.4,S3,dqn,2,879
0.16879374228077398,4859.3,0,1248.52,1251.2,S3,dqn,2,880
0.13732129420617006,5443.1,4,1490.24,1535.2,S3,dqn,2,881
0.19505600617999228,5107.3,1,1323.92,1354.2,S3,dqn,2,882
0.16237204376985528,5676.1,1,1565.2,1579.4,S3,dqn,2,883
0.21595330739299612,5033.5,6,1463.56,1476.2,S3,dqn,2,884
0.12375323236054674,5560.900000000001,0,1470.3600000000001,1470.4,S3,dqn,2,885
0.15393386545039908,5307.700000000001,1,1435.76,1447.0,S3,dqn,2,886
0.13183034008406572,5373.900000000001,3,1571.24,1582.4,S3,dqn,2,887
0.16142918639690057,4638.1,0,1346.76,1401.4,S3,dqn,2,888
0.15515330624307352,5418.900000000001,0,1434.0400000000002,1454.6000000000001,S3,dqn,2,889
0.16189759036144577,5294.700000000001,0,1398.92,1400.2,S3,dqn,2,890
0.16134946828016136,5453.900000000001,0,1471.8400000000001,1485.6000000000001,S3,dqn,2,891
0.1271186440677966,5081.1,0,1338.6,1347.0,S3,dqn,2,892
0.1380248833592535,5209.900000000001,0,1385.0800000000002,1411.8000000000002,S3,dqn,2,893
0.19183673469387755,4812.5,0,1440.6800000000003,1471.2000000000003,S3,dqn,2,894
0.17155110793423875,5581.1,0,1440.8,1460.2,S3,dqn,2,895
0.12,5387.5,1,1446.28,1475.2,S3,dqn,2,896
0.10211524434719182,5678.900000000001,0,1504.1200000000001,1522.0000000000002,S3,dqn,2,897
0.15532544378698224,5458.3,2,1584.5600000000002,1624.6000000000001,S3,dqn,2,898
0.1598946576373213,5371.1,2,1407.3200000000002,1428.2,S3,dqn,2,899
0.16543402101985208,5119.3,0,1290.96,1302.2,S3,dqn,2,900
0.17068645640074212,5364.5,0,1369.88,1402.4,S3,dqn,2,901
0.08130081300813008,5741.700000000001,5,1633.4000000000003,1649.2000000000003,S3,dqn,2,902
0.14194994396712737,5440.900000000001,0,1396.68,1397.6000000000001,S3,dqn,2,903
0.10476878612716763,5709.1,0,1556.7600000000002,1583.8000000000002,S3,dqn,2,904
0.16432865731462926,5007.5,1,1359.68,1374.6000000000001,S3,dqn,2,905
0.17636363636363636,5481.500000000001,2,1491.2800000000002,1501.0000000000002,S3,dqn,2,906
0.10301953818827708,5835.500000000001,1,1660.2800000000002,1664.2000000000003,S3,dqn,2,907
0.10615329255127744,5758.3,1,1510.1200000000001,1521.8000000000002,S3,dqn,2,908
0.14623172103487064,5366.900000000001,0,1463.3600000000001,1471.4,S3,dqn,2,909
0.10728104115371087,5866.1,0,1439.0800000000002,1440.6000000000001,S3,dqn,2,910
0.13636363636363635,5376.5,1,1556.92,1569.8000000000002,S3,dqn,2,911
0.1598613251155624,5180.700000000001,0,1463.6,1502.2,S3,dqn,2,912
0.10374288039056143,5139.1,4,1274.76,1286.0,S3,dqn,2,913
0.18304431599229287,5109.25,0,1237.8,1248.75,S3,dqn,2,914
0.1658010387534958,5020.85,0,1264.5500000000002,1279.8000000000002,S3,dqn,2,915
0.23260601070399342,4633.3,0,1331.88,1388.4,S3,dqn,2,916
0.16571194762684124,4898.3,0,1370.68,1437.6000000000001,S3,dqn,2,917
0.1720877458396369,5254.55,1,1424.61,1484.2,S3,dqn,2,918
0.18268176835951772,5388.900000000001,0,1566.2,1622.4,S3,dqn,2,919
0.10479645304312778,5124.700000000001,0,1445.88,1464.4,S3,dqn,2,920
0.13230647709320695,5136.900000000001,0,1483.1200000000001,1568.0000000000002,S3,dqn,2,921
0.0965391621129326,5688.5,0,1472.5200000000002,1473.6000000000001,S3,dqn,2,922
0.07291286912139992,5802.1,0,1536.2,1566.6000000000001,S3,dqn,2,923
0.14554794520547945,5904.5,1,1452.56,1477.2,S3,dqn,2,924
0.09803921568627451,5292.3,7,1473.36,1520.2,S3,dqn,2,925
0.16387046429964885,5166.35,4,1454.0,1497.6000000000001,S3,dqn,2,926
0.1466336224700537,4873.700000000001,0,1274.6000000000001,1276.2,S3,dqn,2,927
0.1486697965571205,5155.700000000001,1,1659.24,1747.8000000000002,S3,dqn,2,928
0.0981719702098849,6214.3,4,1851.64,1895.6000000000001,S3,dqn,2,929
0.20756796473181485,5316.400000000001,1,1578.6800000000003,1612.2000000000003,S3,dqn,2,930
0.12949640287769784,5734.5,6,1634.56,1709.0,S3,dqn,2,931
0.1303680981595092,5302.1,0,1558.64,1619.4,S3,dqn,2,932
0.13764880952380953,5481.1,0,1496.9600000000003,1501.8000000000002,S3,dqn,2,933
0.14823261117445838,5339.700000000001,4,1632.52,1773.4,S3,dqn,2,934
0.17850830682219865,5585.3,0,1764.1200000000001,1827.6000000000001,S3,dqn,2,935
0.11603812681309573,4976.1,2,1360.42,1392.6000000000001,S3,dqn,2,936
0.1254681647940075,5487.500000000001,3,1346.0000000000002,1351.0000000000002,S3,dqn,2,937
0.1616499442586399,5385.700000000001,0,1356.64,1362.8000000000002,S3,dqn,2,938
0.1724137931034483,5661.1,6,1631.2000000000003,1638.8000000000002,S3,dqn,2,939
0.15512265512265513,5570.900000000001,1,1589.8400000000001,1635.8000000000002,S3,dqn,2,940
0.16311166875784192,4811.700000000001,4,1265.56,1295.2,S3,dqn,2,941
0.12048192771084337,4776.05,2,1289.72,1300.4,S3,dqn,2,942
0.12296632614453273,5462.1,5,1422.76,1473.2,S3,dqn,2,943
0.11367492365117068,6063.900000000001,0,1591.08,1608.0,S3,dqn,2,944
0.12059724349157734,5366.150000000001,0,1610.44,1634.4,S3,dqn,2,945
0.15467625899280577,5635.5,2,1437.6000000000001,1459.6000000000001,S3,dqn,2,946
0.05319148936170213,5239.3,2,1378.4400000000003,1389.8000000000002,S3,dqn,2,947
0.17671917018824435,5162.1,0,1304.48,1318.0,S3,dqn,2,948
0.15752212389380532,5663.5,0,1648.16,1727.6000000000001,S3,dqn,2,949
0.10618820944708898,5637.700000000001,0,1443.2800000000002,1453.0000000000002,S3,dqn,2,950
0.1249519415609381,5309.700000000001,0,1454.8,1464.0,S3,dqn,2,951
0.11782347900599828,4809.3,1,1374.64,1407.0000000000002,S3,dqn,2,952
0.15296719498709915,5478.1,0,1385.7600000000002,1390.6000000000001,S3,dqn,2,953
0.209140201394268,5045.900000000001,2,1439.56,1475.4,S3,dqn,2,954
0.14568345323741008,5597.5,0,1434.6,1460.0,S3,dqn,2,955
0.1203576341127923,5981.1,2,1540.68,1542.4,S3,dqn,2,956
0.1226656902233614,5577.700000000001,0,1485.96,1506.6000000000001,S3,dqn,2,957
0.13243683781581092,5098.3,6,1345.48,1365.4,S3,dqn,2,958
0.11165783497350493,5448.900000000001,1,1706.5600000000002,1770.8000000000002,S3,dqn,2,959
0.18811881188118812,5010.5,2,1424.48,1481.0,S3,dqn,2,960
0.16026835631755498,5384.1,2,1537.6,1574.0,S3,dqn,2,961
0.13101983002832862,5789.3,3,1690.88,1706.8000000000002,S3,dqn,2,962
0.12253991830672113,5496.1,0,1539.04,1594.4,S3,dqn,2,963
0.1429618768328446,5562.1,1,1626.3600000000001,1656.0000000000002,S3,dqn,2,964
0.1351845085860431,5559.900000000001,0,1469.24,1481.2,S3,dqn,2,965
0.1510738987986895,5562.650000000001,2,1576.0800000000002,1596.8000000000002,S3,dqn,2,966
0.12299465240641712,5724.500000000001,0,1575.76,1615.2,S3,dqn,2,967
0.22345223452234522,4682.8,0,1463.6000000000001,1520.6000000000001,S3,dqn,2,968
0.21124031007751937,5015.5,2,1391.0800000000002,1411.4,S3,dqn,2,969
0.14227642276422764,5458.700000000001,0,1759.76,1915.8000000000002,S3,dqn,2,970
0.14176489327811406,6350.05,0,1877.4400000000003,1898.2000000000003,S3,dqn,2,971
0.14406454091432963,5259.1,0,1479.8400000000001,1507.6000000000001,S3,dqn,2,972
0.14306949089557786,5429.700000000001,0,1439.2,1449.2,S3,dqn,2,973
0.10818608005769924,5833.1,9,1712.5200000000002,1764.8000000000002,S3,dqn,2,974
0.16045548654244307,5802.1,1,1528.0000000000002,1540.0000000000002,S3,dqn,2,975
0.15186028853454822,5350.55,4,1533.44,1606.4,S3,dqn,2,976
0.0814111261872456,6170.1,0,1616.8000000000002,1654.2000000000003,S3,dqn,2,977
0.15562065177590625,5480.700000000001,0,1465.04,1473.2,S3,dqn,2,978
0.16841317365269462,5320.900000000001,0,1333.72,1346.4,S3,dqn,2,979
0.13066557778685178,5001.3,2,1373.7200000000003,1421.0000000000002,S3,dqn,2,980
0.0764748725418791,5835.700000000001,3,1590.2800000000002,1596.0000000000002,S3,dqn,2,981
0.19914096056228037,5042.700000000001,1,1317.4,1325.4,S3,dqn,2,982
0.14938488576449913,5716.5,0,1459.0400000000002,1464.8000000000002,S3,dqn,2,983
0.0844205679201842,5514.700000000001,6,1428.4,1440.2,S3,dqn,2,984
0.1668355285376562,5902.650000000001,0,1826.68,1884.6000000000001,S3,dqn,2,985
0.16566265060240964,5329.700000000001,3,1459.96,1500.2,S3,dqn,2,986
0.17594254937163376,5528.5,1,1534.28,1572.4,S3,dqn,2,987
0.1227364185110664,5088.5,0,1431.56,1469.2,S3,dqn,2,988
0.13138948884089272,5663.1,1,1437.08,1486.2,S3,dqn,2,989
0.08716323296354993,5266.3,0,1503.16,1524.4,S3,dqn,2,990
0.10934744268077601,5847.5,0,1615.56,1631.2,S3,dqn,2,991
0.19305019305019305,5065.5,0,1290.52,1301.4,S3,dqn,2,992
0.09537265983751325,5881.700000000001,0,1582.8000000000002,1583.0000000000002,S3,dqn,2,993
0.12553802008608322,5741.1,4,1573.5600000000002,1625.0000000000002,S3,dqn,2,994
0.15996878657822863,5127.1,1,1435.96,1497.4,S3,dqn,2,995
0.1426056338028169,5744.5,0,1464.64,1469.2,S3,dqn,2,996
0.14303482587064675,4882.900000000001,1,1225.2400000000002,1228.0000000000002,S3,dqn,2,997
0.17469109501491265,4689.900000000001,1,1295.92,1302.8000000000002,S3,dqn,2,998
0.12765121759622938,5198.700000000001,0,1494.28,1531.4,S3,dqn,2,999
