scenario,seed,episode,service_level,total_cost,scri_viol
S1,0,0,0.1236418134132634,5030.0,2
S1,0,1,0.12871646120377084,5188.0,4
S1,0,2,0.12248628884826325,5092.0,0
S1,0,3,0.11346444780635401,5015.0,3
S1,0,4,0.12932482364796774,5541.0,0
S1,0,5,0.11641221374045801,4927.0,1
S1,0,6,0.11662347278785636,5104.0,0
S1,0,7,0.14479799785484448,5186.0,1
S1,0,8,0.11197068403908794,4594.0,0
S1,0,9,0.12815948736205054,5245.0,2
S1,0,10,0.10695187165775401,5297.0,2
S1,0,11,0.11997405966277562,5825.0,4
S1,0,12,0.11659541391371939,4813.0,0
S1,0,13,0.13188518231186966,4898.0,6
S1,0,14,0.1305785123966942,5687.0,4
S1,0,15,0.1435152374202693,5246.0,3
S1,0,16,0.10409993593850096,5896.1,0
S1,0,17,0.1036653091447612,5189.0,5
S1,0,18,0.10642009769713887,5384.0,0
S1,0,19,0.12725344644750794,5290.0,1
S1,0,20,0.11428571428571428,5024.1,2
S1,0,21,0.1282051282051282,4825.0,1
S1,0,22,0.12313562261533126,5388.0,0
S1,0,23,0.1089866156787763,4987.0,3
S1,0,24,0.10200296735905044,5189.0,6
S1,0,25,0.11826086956521739,5467.0,5
S1,0,26,0.1077726975832789,5861.0,7
S1,0,27,0.14325163962720056,5371.0,2
S1,0,28,0.11083743842364532,5336.0,0
S1,0,29,0.11150614091790563,5895.0,3
S1,0,30,0.10877581120943952,5136.0,2
S1,0,31,0.1159047005795235,5889.0,2
S1,0,32,0.12674683132921677,5756.0,2
S1,0,33,0.12539184952978055,4756.0,0
S1,0,34,0.08675078864353312,6092.0,2
S1,0,35,0.11913357400722022,5217.0,1
S1,0,36,0.12939358825801467,4830.0,0
S1,0,37,0.1310592459605027,5187.0,0
S1,0,38,0.12773722627737227,5107.0,0
S1,0,39,0.12208067940552017,5284.0,0
S1,0,40,0.11286277319957004,5314.0,4
S1,0,41,0.12577532736044109,5476.0,4
S1,0,42,0.13259668508287292,5052.0,0
S1,0,43,0.13335837716003004,4966.0,1
S1,0,44,0.13279445727482678,4843.0,1
S1,0,45,0.10956521739130434,5447.0,2
S1,0,46,0.12307692307692308,4937.0,4
S1,0,47,0.11604439959636731,5558.0,0
S1,0,48,0.10838150289017341,5228.0,0
S1,0,49,0.12369540007730963,4831.0,0
S1,0,50,0.09935897435897435,5907.0,0
S1,0,51,0.13260795647738866,5549.0,4
S1,0,52,0.10385259631490787,5697.0,4
S1,0,53,0.12888418079096045,5316.0,2
S1,0,54,0.14912654452492544,4301.0,0
S1,0,55,0.1445643793369314,4830.0,3
S1,0,56,0.11171171171171171,5232.7,2
S1,0,57,0.13212079615648592,5425.0,0
S1,0,58,0.1256544502617801,5377.0,2
S1,0,59,0.14295676429567644,5358.0,4
S1,0,60,0.13932496075353218,4778.0,3
S1,0,61,0.15012815818381545,5029.0,0
S1,0,62,0.15705902657921988,5326.0,0
S1,0,63,0.1446280991735537,4926.1,0
S1,0,64,0.15308004426410918,5059.0,4
S1,0,65,0.1616499442586399,4909.0,0
S1,0,66,0.1164079822616408,5084.0,0
S1,0,67,0.10998307952622674,5582.0,1
S1,0,68,0.10456885456885456,5848.0,0
S1,0,69,0.15689204333208817,4946.0,3
S1,0,70,0.15331544653123802,4790.0,0
S1,0,71,0.17543859649122806,4271.0,0
S1,0,72,0.12727272727272726,5182.0,2
S1,0,73,0.131175468483816,5542.0,3
S1,0,74,0.10881198715661791,5328.0,3
S1,0,75,0.12751436781609196,5205.0,1
S1,0,76,0.14145810663764963,5106.0,0
S1,0,77,0.12913223140495866,5460.0,3
S1,0,78,0.15020576131687244,4482.9,0
S1,0,79,0.155420773313116,4838.0,0
S1,0,80,0.14480111653872993,5299.0,1
S1,0,81,0.13855213023900242,5381.0,2
S1,0,82,0.14556533513879485,5450.0,0
S1,0,83,0.11174116077384923,5638.0,0
S1,0,84,0.11932707355242567,4794.0,0
S1,0,85,0.1412639405204461,4987.0,0
S1,0,86,0.1687289088863892,4888.1,1
S1,0,87,0.12956419316843346,4796.0,3
S1,0,88,0.13370749422251568,5630.0,0
S1,0,89,0.11425462459194777,5171.0,0
S1,0,90,0.13083451202263083,5263.0,0
S1,0,91,0.13410656034795215,5150.0,2
S1,0,92,0.1184990125082291,5713.0,0
S1,0,93,0.15223408461842625,4686.9,2
S1,0,94,0.1489435400069276,5336.0,0
S1,0,95,0.11823719097097814,5254.0,1
S1,0,96,0.15328223925358214,5499.0,0
S1,0,97,0.15996718621821165,4488.0,2
S1,0,98,0.12755102040816327,5175.0,4
S1,0,99,0.11714770797962648,5512.0,0
S1,0,100,0.13859649122807016,5357.0,4
S1,0,101,0.13345195729537365,5257.0,2
S1,0,102,0.14484781811514486,5091.0,3
S1,0,103,0.18097014925373134,4862.0,2
S1,0,104,0.12643678160919541,5757.0,5
S1,0,105,0.15496971856074102,5171.0,0
S1,0,106,0.13972809667673716,4898.0,0
S1,0,107,0.14412053717654766,5648.0,0
S1,0,108,0.13235806339254616,5444.0,5
S1,0,109,0.13657325292656972,5275.0,3
S1,0,110,0.14573587621446563,5215.0,5
S1,0,111,0.15498154981549817,4992.0,1
S1,0,112,0.15863689776733256,4673.0,0
S1,0,113,0.1309408341416101,5748.0,0
S1,0,114,0.15664160401002505,4385.0,0
S1,0,115,0.1550120564932828,5353.0,2
S1,0,116,0.08833333333333333,5767.0,2
S1,0,117,0.12470508931580722,5546.0,0
S1,0,118,0.1429532458795829,5523.0,1
S1,0,119,0.13763007720711648,5560.0,1
S1,0,120,0.13473606496862311,5070.0,2
S1,0,121,0.17081400253057782,4330.3,0
S1,0,122,0.16549295774647887,5222.0,2
S1,0,123,0.15539305301645337,5027.0,1
S1,0,124,0.15031098825155495,5360.0,0
S1,0,125,0.12334315169366716,5145.7,3
S1,0,126,0.15172654342518313,5299.3,0
S1,0,127,0.1511627906976744,4837.0,1
S1,0,128,0.12271973466003316,5667.0,2
S1,0,129,0.13672616786935055,4903.0,2
S1,0,130,0.16821345707656613,4759.0,2
S1,0,131,0.14801999231064975,4799.0,0
S1,0,132,0.1609150833656456,4775.0,3
S1,0,133,0.16568241469816272,5558.0,0
S1,0,134,0.0942521631644005,6254.0,5
S1,0,135,0.1551355206847361,5150.0,0
S1,0,136,0.14780100937274693,5095.0,0
S1,0,137,0.13167259786476868,5227.0,1
S1,0,138,0.11268629589240277,5169.0,0
S1,0,139,0.11965811965811966,5532.0,3
S1,0,140,0.15063168124392615,5686.0,0
S1,0,141,0.13856032443393038,5485.0,0
S1,0,142,0.15134736064968624,4970.0,0
S1,0,143,0.12918184829413712,5655.0,0
S1,0,144,0.1786492374727669,4142.0,0
S1,0,145,0.1271186440677966,4855.5,0
S1,0,146,0.1524822695035461,5192.6,0
S1,0,147,0.13367991088005943,5023.0,1
S1,0,148,0.1262039189637994,5704.0,5
S1,0,149,0.1411722659042173,5193.0,0
S1,0,150,0.18159306644655385,4373.0,0
S1,0,151,0.14958734525447043,5363.0,0
S1,0,152,0.13803123864874683,5088.0,0
S1,0,153,0.10479573712255773,5332.0,2
S1,0,154,0.10929974064468322,5115.0,2
S1,0,155,0.0993831391363948,5553.0,2
S1,0,156,0.14636608344549126,5501.0,1
S1,0,157,0.1187980433263452,5381.0,2
S1,0,158,0.15206372194062273,5116.0,1
S1,0,159,0.11949099937926753,6051.3,2
S1,0,160,0.12705798138869004,5261.3,2
S1,0,161,0.14105985512771635,4873.0,0
S1,0,162,0.15785157851578516,4505.0,1
S1,0,163,0.148479427549195,5202.0,2
S1,0,164,0.13639387890884896,5599.0,0
S1,0,165,0.12380323539121822,5700.0,3
S1,0,166,0.12151067323481117,5712.0,2
S1,0,167,0.1465856274579907,5151.0,0
S1,0,168,0.13302589570769777,5265.0,0
S1,0,169,0.13000597728631202,6329.0,4
S1,0,170,0.15376641326883206,5495.7,8
S1,0,171,0.19372336303758234,4649.0,0
S1,0,172,0.1312803889789303,5782.0,1
S1,0,173,0.14516129032258066,5182.0,2
S1,0,174,0.12704174228675136,5217.0,4
S1,0,175,0.1546572934973638,5227.0,0
S1,0,176,0.14919941775836973,5103.0,2
S1,0,177,0.17401861594496154,4529.0,0
S1,0,178,0.15560875512995895,5385.0,1
S1,0,179,0.16339869281045752,5617.0,0
S1,0,180,0.1257029440952696,5678.0,0
S1,0,181,0.15706806282722513,5242.0,0
S1,0,182,0.14874141876430205,4971.0,6
S1,0,183,0.13126491646778043,4703.6,1
S1,0,184,0.1529370872436566,5291.0,0
S1,0,185,0.17783149171270718,5274.0,0
S1,0,186,0.17178658043654002,4559.8,2
S1,0,187,0.12907608695652173,5555.0,4
S1,0,188,0.12905360688285902,5716.0,3
S1,0,189,0.16764132553606237,4687.0,0
S1,0,190,0.14461315979754158,5134.0,2
S1,0,191,0.12429565793834936,5646.0,0
S1,0,192,0.17903767251025737,4874.9,0
S1,0,193,0.14767932489451477,5260.0,2
S1,0,194,0.10825688073394496,5137.0,1
S1,0,195,0.14139827179890024,4719.0,0
S1,0,196,0.1511879049676026,5093.0,0
S1,0,197,0.1508209240168003,4865.0,3
S1,0,198,0.14611546685673557,5194.0,0
S1,0,199,0.1530221882172915,4805.5,1
S1,0,200,0.14094955489614244,5039.0,3
S1,0,201,0.16762060506950122,4479.0,1
S1,0,202,0.095413458319384,5831.0,9
S1,0,203,0.1342281879194631,5011.0,3
S1,0,204,0.11351728955640936,5493.0,8
S1,0,205,0.12186629526462396,5471.0,6
S1,0,206,0.1615326821938392,4961.0,5
S1,0,207,0.15304347826086956,5317.0,2
S1,0,208,0.11982570806100218,5285.0,9
S1,0,209,0.1445877295818679,4725.0,0
S1,0,210,0.11259118300031716,6053.0,4
S1,0,211,0.15245009074410162,5177.0,5
S1,0,212,0.16786570743405277,5310.0,0
S1,0,213,0.13759889920880633,5441.0,3
S1,0,214,0.16264619883040934,5044.0,0
S1,0,215,0.17298735861610112,5514.0,2
S1,0,216,0.17446633825944172,4449.0,0
S1,0,217,0.1645940014630578,4995.0,0
S1,0,218,0.1377952755905512,5160.0,0
S1,0,219,0.1598946576373213,4943.0,6
S1,0,220,0.15103056147832267,5285.0,7
S1,0,221,0.14905597880092747,5550.0,0
S1,0,222,0.10671798460461862,5433.0,2
S1,0,223,0.18181818181818182,4482.0,0
S1,0,224,0.1391941391941392,5177.2,7
S1,0,225,0.14564713670969878,5559.0,0
S1,0,226,0.13204853675945752,5266.0,0
S1,0,227,0.15873015873015872,4713.0,0
S1,0,228,0.18844735764031134,4380.0,0
S1,0,229,0.10578512396694215,5742.0,2
S1,0,230,0.1524798927613941,5520.0,2
S1,0,231,0.12984702952685878,5299.0,4
S1,0,232,0.1326111318640269,5056.0,3
S1,0,233,0.1369625520110957,5376.7,1
S1,0,234,0.15922401171303074,5011.0,1
S1,0,235,0.14751286449399656,5362.0,0
S1,0,236,0.15311909262759923,4898.7,1
S1,0,237,0.15594221930400526,5659.0,4
S1,0,238,0.17567057045712126,4786.0,0
S1,0,239,0.1676946800308404,4750.0,2
S1,0,240,0.16333589546502691,4861.0,5
S1,0,241,0.151018922852984,5139.1,3
S1,0,242,0.1841049945315348,4978.5,0
S1,0,243,0.16602316602316602,4722.0,0
S1,0,244,0.18290406868234416,4885.1,3
S1,0,245,0.18155927376290495,5065.0,0
S1,0,246,0.1293867422899681,5399.0,9
S1,0,247,0.16618497109826588,5073.0,0
S1,0,248,0.18763796909492272,4943.0,3
S1,0,249,0.16544117647058823,5546.0,5
S1,0,250,0.1722860318636532,4930.0,2
S1,0,251,0.1419841840402588,5206.0,3
S1,0,252,0.1746031746031746,4647.0,4
S1,0,253,0.15204003079291764,4778.0,0
S1,0,254,0.16722408026755853,4904.0,0
S1,0,255,0.16106922549691569,5373.0,2
S1,0,256,0.1526566217287867,4726.0,5
S1,0,257,0.16405667412378822,4921.0,0
S1,0,258,0.15421521590130227,5413.0,2
S1,0,259,0.15555555555555556,4937.0,0
S1,0,260,0.12312633832976445,5276.0,0
S1,0,261,0.15604249667994688,5511.0,0
S1,0,262,0.1284758887715593,5319.0,0
S1,0,263,0.12272727272727273,6187.0,0
S1,0,264,0.17097264437689969,4791.0,0
S1,0,265,0.1726568005637773,5163.0,1
S1,0,266,0.16375545851528384,5058.0,1
S1,0,267,0.15311510031678988,5244.0,0
S1,0,268,0.1516812865497076,5114.0,4
S1,0,269,0.17965204236006052,4780.0,0
S1,0,270,0.1566757493188011,5374.0,0
S1,0,271,0.13358133243151843,5556.0,4
S1,0,272,0.13866231647634583,5682.0,0
S1,0,273,0.15881326352530542,5238.0,0
S1,0,274,0.1706422018348624,4962.0,0
S1,0,275,0.150278293135436,5072.0,6
S1,0,276,0.11036468330134357,5969.0,5
S1,0,277,0.1501937984496124,5754.0,3
S1,0,278,0.16556291390728478,5300.0,4
S1,0,279,0.1948288419519301,4969.0,3
S1,0,280,0.1618009145269082,5218.6,0
S1,0,281,0.20058888479941112,4848.8,0
S1,0,282,0.16734972677595628,5328.0,0
S1,0,283,0.16636528028933092,5047.0,0
S1,0,284,0.1908114116339385,4895.0,2
S1,0,285,0.21835826930853214,4388.0,1
S1,0,286,0.15428002654280026,5550.0,0
S1,0,287,0.16417910447761194,4937.0,0
S1,0,288,0.1934790397706915,5069.7,3
S1,0,289,0.17857142857142858,5438.0,2
S1,0,290,0.14845024469820556,5752.0,5
S1,0,291,0.1662667123757285,5326.8,0
S1,0,292,0.14645072363886974,5421.3,4
S1,0,293,0.17344274524431183,4879.0,0
S1,0,294,0.1501766784452297,5217.2,0
S1,0,295,0.14912581419266369,5396.0,0
S1,0,296,0.12800620636152055,4813.0,2
S1,0,297,0.09440947797112181,5194.0,4
S1,0,298,0.20447696943607405,4178.0,0
S1,0,299,0.166015625,4692.0,0
S1,0,300,0.16927083333333334,4918.0,1
S1,0,301,0.18729641693811075,4509.0,5
S1,0,302,0.16566795911173776,5286.0,6
S1,0,303,0.16666666666666666,4552.0,2
S1,0,304,0.17089305402425578,4954.0,0
S1,0,305,0.13879128601546029,5309.0,0
S1,0,306,0.15241882041086813,5533.5,0
S1,0,307,0.15135135135135136,5127.0,0
S1,0,308,0.12308184143222506,5838.0,0
S1,0,309,0.11864406779661017,5527.0,0
S1,0,310,0.11254019292604502,5897.0,4
S1,0,311,0.14446793516560957,5303.0,4
S1,0,312,0.14528703047484054,5231.0,1
S1,0,313,0.1674468851278358,5151.0,3
S1,0,314,0.1504957507082153,5195.0,0
S1,0,315,0.13764747944225955,5211.0,3
S1,0,316,0.12867647058823528,5112.0,4
S1,0,317,0.12855209742895804,5544.0,2
S1,0,318,0.11007462686567164,5027.0,0
S1,0,319,0.14138326327856324,4851.0,0
S1,0,320,0.13099630996309963,5112.0,4
S1,0,321,0.1633215269578906,4624.0,0
S1,0,322,0.15076209410205435,5553.0,0
S1,0,323,0.1243432574430823,5312.0,0
S1,0,324,0.11300481659874027,5125.0,2
S1,0,325,0.12358049432197729,5585.0,0
S1,0,326,0.15771028037383178,4763.0,2
S1,0,327,0.17058377558756635,4853.0,3
S1,0,328,0.1638747268754552,5050.5,2
S1,0,329,0.18786127167630057,5053.6,1
S1,0,330,0.17964071856287425,5469.0,0
S1,0,331,0.19513137557959814,4693.2,4
S1,0,332,0.16192875134940626,5145.0,4
S1,0,333,0.15953716690042075,5261.0,1
S1,0,334,0.16296296296296298,4937.0,0
S1,0,335,0.15985130111524162,4948.5,0
S1,0,336,0.15875980575270826,4887.4,0
S1,0,337,0.157642220699109,5373.0,1
S1,0,338,0.16608729239088452,4745.0,0
S1,0,339,0.15995483628152052,4886.0,0
S1,0,340,0.1717687074829932,5377.0,3
S1,0,341,0.09615384615384616,5225.0,6
S1,0,342,0.166073546856465,4695.0,3
S1,0,343,0.18655266226195102,4643.0,0
S1,0,344,0.18324607329842932,5292.0,6
S1,0,345,0.18113342898134863,5064.7,2
S1,0,346,0.18384879725085912,5247.0,0
S1,0,347,0.16463189049204588,4978.0,0
S1,0,348,0.16481547832318166,5164.3,3
S1,0,349,0.17870036101083034,5032.0,0
S1,0,350,0.22347454333462885,4548.0,0
S1,0,351,0.16199490353112486,5151.0,4
S1,0,352,0.17759562841530055,5378.5,4
S1,0,353,0.18449419568822553,4436.0,4
S1,0,354,0.1712583767684289,4974.0,1
S1,0,355,0.19152542372881357,5307.0,0
S1,0,356,0.17810273715785527,4876.0,1
S1,0,357,0.17534899557371467,5356.0,2
S1,0,358,0.15453296703296704,5391.0,3
S1,0,359,0.19194580353782462,4761.0,0
S1,0,360,0.17083480098626277,5200.0,3
S1,0,361,0.14371446620341125,5944.0,2
S1,0,362,0.19607843137254902,5037.0,1
S1,0,363,0.15924719507781396,5098.0,2
S1,0,364,0.14566181127295758,5853.0,1
S1,0,365,0.16204477113264285,5543.0,4
S1,0,366,0.1835564053537285,4757.0,1
S1,0,367,0.17332452954770552,5545.0,2
S1,0,368,0.15475430759412892,5765.0,0
S1,0,369,0.14157228514323783,5556.0,0
S1,0,370,0.1451310861423221,5900.0,0
S1,0,371,0.13468013468013468,4998.0,3
S1,0,372,0.18449496831904585,4843.0,0
S1,0,373,0.15654118524040253,4958.0,2
S1,0,374,0.13462267728479332,4896.1,0
S1,0,375,0.1356050069541029,5339.0,0
S1,0,376,0.14430960970810103,5695.0,5
S1,0,377,0.11522890065400186,6089.0,3
S1,0,378,0.13561113067981684,5270.0,0
S1,0,379,0.10769774011299435,5326.0,0
S1,0,380,0.11144377910844977,5649.0,1
S1,0,381,0.06882440476190477,5298.0,8
S1,0,382,0.09344012204424104,5076.0,7
S1,0,383,0.14479799785484448,5146.0,0
S1,0,384,0.10402455661664393,5596.0,2
S1,0,385,0.11746143057503507,5401.0,3
S1,0,386,0.114162806088683,5741.0,2
S1,0,387,0.1425925925925926,4997.0,1
S1,0,388,0.1373262739907346,5606.0,0
S1,0,389,0.19184168012924072,4513.0,3
S1,0,390,0.17132867132867133,5217.7,0
S1,0,391,0.178382197103497,5149.0,2
S1,0,392,0.1592099959693672,4559.0,0
S1,0,393,0.16929133858267717,4692.0,2
S1,0,394,0.15280135823429541,5417.0,0
S1,0,395,0.11066027296200664,5184.0,3
S1,0,396,0.12351778656126482,5674.0,0
S1,0,397,0.12083049693669162,5513.0,0
S1,0,398,0.1596767987687572,4827.3,4
S1,0,399,0.13078089461713419,4933.2,0
S1,0,400,0.1928374655647383,4580.9,1
S1,0,401,0.15498652291105122,5473.0,0
S1,0,402,0.20008250825082508,4330.0,0
S1,0,403,0.13141426783479349,6089.0,6
S1,0,404,0.16298239040839266,4860.2,0
S1,0,405,0.13075506445672191,5132.0,3
S1,0,406,0.13326226012793177,5300.0,5
S1,0,407,0.12157534246575342,5527.0,3
S1,0,408,0.1595744680851064,5004.0,2
S1,0,409,0.13967468175388967,5228.0,0
S1,0,410,0.1252884932410155,5763.0,6
S1,0,411,0.16531832571227575,5193.0,0
S1,0,412,0.1560737119217751,4945.0,3
S1,0,413,0.15654118524040253,5058.0,7
S1,0,414,0.15297353042282572,5485.0,5
S1,0,415,0.18082080455099553,4469.0,0
S1,0,416,0.13523131672597866,5247.0,2
S1,0,417,0.19649805447470817,4647.0,2
S1,0,418,0.18525115781973636,5111.0,0
S1,0,419,0.18923933209647495,4897.0,1
S1,0,420,0.18110530246452577,4903.0,3
S1,0,421,0.2144469525959368,4738.0,2
S1,0,422,0.1918819188191882,4952.0,3
S1,0,423,0.18679724338048603,5036.0,2
S1,0,424,0.19328034682080925,4993.0,0
S1,0,425,0.17996289424860853,4972.0,4
S1,0,426,0.19118718135469775,4964.0,0
S1,0,427,0.1932740626207963,4641.0,0
S1,0,428,0.14781491002570693,5796.0,1
S1,0,429,0.2157456472369417,4691.0,0
S1,0,430,0.15332834704562454,4985.0,2
S1,0,431,0.18675123326286117,5125.6,0
S1,0,432,0.18256772673733804,4676.0,3
S1,0,433,0.16274238227146814,5358.0,3
S1,0,434,0.17489375612945407,5580.0,0
S1,0,435,0.21066208082545143,4149.1,1
S1,0,436,0.18532670997325182,4726.0,0
S1,0,437,0.15491452991452992,5159.0,0
S1,0,438,0.15762463343108504,5118.0,5
S1,0,439,0.13063063063063063,6297.0,4
S1,0,440,0.1609442060085837,5209.0,4
S1,0,441,0.16233766233766234,4257.0,1
S1,0,442,0.16088666428316054,5156.0,1
S1,0,443,0.1755669348939283,4950.0,0
S1,0,444,0.15833033465275279,5120.0,1
S1,0,445,0.15215968586387435,5669.1,3
S1,0,446,0.1645234493192133,4840.0,0
S1,0,447,0.16274572993876893,5678.0,0
S1,0,448,0.13274336283185842,5925.0,1
S1,0,449,0.1691948658109685,4684.0,0
S1,0,450,0.16346477923828784,5466.0,1
S1,0,451,0.16278272789581905,5423.0,5
S1,0,452,0.1610978520286396,4795.0,9
S1,0,453,0.1457614115841964,4801.0,0
S1,0,454,0.17304189435336975,4972.0,0
S1,0,455,0.13088189467123715,5975.0,0
S1,0,456,0.18925056775170326,4861.0,4
S1,0,457,0.155956407365652,4939.0,1
S1,0,458,0.16614200769499826,5250.0,2
S1,0,459,0.14906146485093855,5121.0,5
S1,0,460,0.14870538838348496,5343.0,3
S1,0,461,0.16430300933932895,5399.0,5
S1,0,462,0.1532033426183844,5336.0,1
S1,0,463,0.1699298115995567,4926.0,0
S1,0,464,0.16445066480055984,5253.0,2
S1,0,465,0.13565272901372485,5818.0,1
S1,0,466,0.12533232054690469,4983.0,4
S1,0,467,0.14884979702300405,5520.8,3
S1,0,468,0.15765765765765766,4905.0,0
S1,0,469,0.16253351206434316,5515.0,3
S1,0,470,0.1994036526276556,4833.3,3
S1,0,471,0.17258064516129032,5637.0,0
S1,0,472,0.15879017013232513,4922.0,3
S1,0,473,0.18255188316679477,4706.0,0
S1,0,474,0.21401515151515152,4692.0,1
S1,0,475,0.17784552845528456,5336.0,0
S1,0,476,0.18754552075746542,4959.0,1
S1,0,477,0.16946251283806915,5349.0,0
S1,0,478,0.16520566419420094,5425.6,0
S1,0,479,0.15115489130434784,5430.0,0
S1,0,480,0.15557762330354188,5544.0,0
S1,0,481,0.17984263769201947,4880.0,4
S1,0,482,0.1022090339597758,5893.0,8
S1,0,483,0.0918979744936234,5174.0,5
S1,0,484,0.1275601868487244,5228.0,3
S1,0,485,0.15881913303437967,4964.0,1
S1,0,486,0.1827956989247312,4222.0,0
S1,0,487,0.15934250251593424,5529.0,3
S1,0,488,0.18118594436310395,4946.0,0
S1,0,489,0.14840182648401826,5694.0,2
S1,0,490,0.16847826086956522,5137.0,7
S1,0,491,0.12642450142450143,5343.0,4
S1,0,492,0.1414280786478096,5420.0,1
S1,0,493,0.12920353982300886,5247.0,0
S1,0,494,0.15423242467718795,5118.0,1
S1,0,495,0.16233766233766234,5156.0,6
S1,0,496,0.16408902301018483,4979.0,6
S1,0,497,0.15827338129496402,5077.0,0
S1,0,498,0.1295255930087391,5970.0,0
S1,0,499,0.15331010452961671,5337.0,2
S1,0,500,0.18730489073881373,5203.0,0
S1,0,501,0.1734620886981402,5169.5,4
S1,0,502,0.1816160118606375,4963.0,3
S1,0,503,0.15533310321021745,5481.5,9
S1,0,504,0.1481851481851482,5628.0,3
S1,0,505,0.17231861198738171,4755.8,7
S1,0,506,0.16888045540796964,4952.0,9
S1,0,507,0.17532252729077075,5533.0,0
S1,0,508,0.17595307917888564,4988.0,0
S1,0,509,0.18340125972582438,4900.0,0
S1,0,510,0.1835334476843911,5322.0,1
S1,0,511,0.2161327672713238,4636.9,2
S1,0,512,0.16269390843738177,4914.2,3
S1,0,513,0.18452803406671398,5108.0,1
S1,0,514,0.162748643761302,5087.0,0
S1,0,515,0.17235314808301092,5238.0,3
S1,0,516,0.16442451420029897,4954.0,2
S1,0,517,0.19230769230769232,4764.0,1
S1,0,518,0.1625560538116592,4989.0,5
S1,0,519,0.18431514275388508,5021.0,0
S1,0,520,0.19080068143100512,5287.0,0
S1,0,521,0.1688951442646024,5211.0,2
S1,0,522,0.17625899280575538,5048.0,0
S1,0,523,0.1341350601295097,6128.0,2
S1,0,524,0.1907453196750265,5124.0,2
S1,0,525,0.17420435510887772,5427.0,0
S1,0,526,0.12870933142652843,5336.0,8
S1,0,527,0.17611026033690658,4761.2,0
S1,0,528,0.14173497267759563,5538.0,7
S1,0,529,0.12457337883959044,5482.0,1
S1,0,530,0.12797404470079307,5170.0,0
S1,0,531,0.17461964038727523,5256.0,0
S1,0,532,0.14752791068580542,4648.0,2
S1,0,533,0.19082633053221287,5144.0,0
S1,0,534,0.16161616161616163,5458.8,0
S1,0,535,0.19128787878787878,4787.0,0
S1,0,536,0.1355807988274093,5080.0,0
S1,0,537,0.1694915254237288,4601.0,0
S1,0,538,0.17793594306049823,5112.0,1
S1,0,539,0.12699446434386194,5739.0,1
S1,0,540,0.1429605501266739,5093.0,0
S1,0,541,0.09567126725219574,6028.0,0
S1,0,542,0.10107197549770292,6242.0,4
S1,0,543,0.16836197825324448,5194.0,1
S1,0,544,0.13462976813762154,4970.0,0
S1,0,545,0.15017956252040482,5653.0,0
S1,0,546,0.16867897727272727,5174.0,2
S1,0,547,0.11672529581068117,5926.0,3
S1,0,548,0.17537313432835822,4877.0,0
S1,0,549,0.16062884483937115,5389.0,2
S1,0,550,0.1843817787418655,5059.0,2
S1,0,551,0.15318845742785892,5196.0,3
S1,0,552,0.10103011093502377,4840.0,4
S1,0,553,0.12297962052002812,5339.0,2
S1,0,554,0.11070110701107011,5157.0,3
S1,0,555,0.11989630589760207,5799.0,0
S1,0,556,0.18827639751552794,4686.0,0
S1,0,557,0.16037420648179085,5508.0,1
S1,0,558,0.1554498902706657,5080.0,0
S1,0,559,0.1617161716171617,5637.0,3
S1,0,560,0.18362533692722371,5358.0,0
S1,0,561,0.18225331369661266,4994.0,3
S1,0,562,0.1820431247790739,5150.0,1
S1,0,563,0.1494107744107744,4417.3,3
S1,0,564,0.14384920634920634,5595.0,1
S1,0,565,0.11631612492033142,5953.0,2
S1,0,566,0.1744186046511628,5452.0,0
S1,0,567,0.13700947225981056,5544.0,4
S1,0,568,0.1266268026732325,5388.0,4
S1,0,569,0.1520387007601935,5320.0,0
S1,0,570,0.14285714285714285,5157.0,2
S1,0,571,0.16853932584269662,5130.0,7
S1,0,572,0.17188103514870606,4740.8,0
S1,0,573,0.16545454545454547,5022.0,1
S1,0,574,0.1503078594712061,5194.2,7
S1,0,575,0.15558698727015557,5208.7,1
S1,0,576,0.16903313049357674,5483.0,6
S1,0,577,0.17696629213483145,4630.9,7
S1,0,578,0.2012504884720594,4620.0,1
S1,0,579,0.17027863777089783,4725.0,0
S1,0,580,0.16224188790560473,5047.0,3
S1,0,581,0.15855855855855855,5082.0,0
S1,0,582,0.1621808143547274,5303.0,1
S1,0,583,0.16356028908330164,4808.6,0
S1,0,584,0.1374680306905371,5813.0,1
S1,0,585,0.16811484699659993,4911.0,3
S1,0,586,0.18185157972079352,4956.0,1
S1,0,587,0.16375545851528384,5063.0,0
S1,0,588,0.12806439809732895,5198.0,6
S1,0,589,0.20254169976171565,4493.0,0
S1,0,590,0.1382488479262673,5284.0,3
S1,0,591,0.13368983957219252,5571.0,1
S1,0,592,0.12626262626262627,5562.0,0
S1,0,593,0.16277423920736023,5149.0,0
S1,0,594,0.11658518239939827,5000.0,1
S1,0,595,0.15389652914210872,5651.3,2
S1,0,596,0.20262446931686606,4659.3,0
S1,0,597,0.1827485380116959,5099.0,7
S1,0,598,0.17745302713987474,5235.0,0
S1,0,599,0.13693940431359122,5579.0,8
S1,0,600,0.19779383796120198,4762.4,2
S1,0,601,0.1675213675213675,5377.0,3
S1,0,602,0.19424460431654678,4998.3,0
S1,0,603,0.19520680324700426,4716.0,4
S1,0,604,0.16933207902163688,5835.0,0
S1,0,605,0.17053701015965167,5039.0,1
S1,0,606,0.14505417686123734,5289.0,0
S1,0,607,0.12770485987938984,5245.0,0
S1,0,608,0.15443241075010028,4563.0,0
S1,0,609,0.1347068145800317,4680.4,0
S1,0,610,0.10311020960108182,5628.0,0
S1,0,611,0.13861055444221776,5645.0,3
S1,0,612,0.13262599469496023,5659.0,2
S1,0,613,0.10634588563458856,5468.0,5
S1,0,614,0.1052819414703783,5326.0,3
S1,0,615,0.09291338582677165,6037.0,0
S1,0,616,0.12741172187841282,5126.0,0
S1,0,617,0.1250845165652468,5603.0,6
S1,0,618,0.13357400722021662,5212.0,4
S1,0,619,0.09681654085986216,5906.0,8
S1,0,620,0.10509440684004275,5296.0,1
S1,0,621,0.07689735874289536,5724.0,0
S1,0,622,0.1266255989048597,5571.0,8
S1,0,623,0.1056338028169014,5392.0,1
S1,0,624,0.17517704062616474,4983.0,5
S1,0,625,0.12746858168761221,5203.2,1
S1,0,626,0.1974826388888889,4185.8,4
S1,0,627,0.15444015444015444,5265.0,0
S1,0,628,0.16660283416315588,4886.9,4
S1,0,629,0.18394648829431437,4919.0,1
S1,0,630,0.18368846436443792,4941.0,0
S1,0,631,0.19687964338781574,4892.0,3
S1,0,632,0.16610738255033558,5468.7,1
S1,0,633,0.17457627118644067,5402.0,0
S1,0,634,0.17990737442109014,5196.0,5
S1,0,635,0.17764746464298034,5275.0,2
S1,0,636,0.18243785084202085,4590.0,3
S1,0,637,0.18917896329928113,4823.0,3
S1,0,638,0.17074047447879223,5106.0,0
S1,0,639,0.18696397941680962,5282.0,1
S1,0,640,0.1719986240110079,5396.0,4
S1,0,641,0.16338655774229485,5033.0,4
S1,0,642,0.1908256880733945,4927.0,0
S1,0,643,0.20202020202020202,4547.0,6
S1,0,644,0.18053097345132743,5137.4,1
S1,0,645,0.15195137555982086,5854.0,5
S1,0,646,0.1491786791820315,5598.0,5
S1,0,647,0.16607142857142856,5172.0,0
S1,0,648,0.1820054945054945,5301.1,1
S1,0,649,0.1623134328358209,4942.5,2
S1,0,650,0.18468770987239758,5383.0,0
S1,0,651,0.17895109851169383,5211.0,4
S1,0,652,0.1304631441617743,5729.0,1
S1,0,653,0.16321516321516322,5190.0,0
S1,0,654,0.14747191011235955,5303.0,3
S1,0,655,0.1250446588067167,5235.0,1
S1,0,656,0.09837177747625508,5598.0,1
S1,0,657,0.08196721311475409,5678.0,7
S1,0,658,0.1349911190053286,5222.0,0
S1,0,659,0.13737231419513912,5395.0,8
S1,0,660,0.10432190760059612,5235.0,12
S1,0,661,0.07720588235294118,5207.0,1
S1,0,662,0.10796221322537113,5575.0,0
S1,0,663,0.11488340192043896,5529.0,3
S1,0,664,0.1669484361792054,4334.0,2
S1,0,665,0.1545253863134658,4993.8,0
S1,0,666,0.14523556500177118,5258.0,3
S1,0,667,0.14988897113249444,4996.2,1
S1,0,668,0.15972720746590094,5094.0,0
S1,0,669,0.11196524064171123,5676.0,4
S1,0,670,0.14243614931237722,5635.0,0
S1,0,671,0.14300482425913164,5366.4,0
S1,0,672,0.19426289034132171,4931.7,0
S1,0,673,0.1921641791044776,4822.0,0
S1,0,674,0.1790586630286494,5342.4,0
S1,0,675,0.16334808259587022,4980.7,1
S1,0,676,0.1818805765271105,5300.0,0
S1,0,677,0.16378012048192772,4949.0,5
S1,0,678,0.16936936936936936,5124.0,2
S1,0,679,0.14581869290231905,5359.0,5
S1,0,680,0.1498422712933754,4704.0,2
S1,0,681,0.17944843218738193,4841.0,0
S1,0,682,0.15050752537626882,5281.0,0
S1,0,683,0.1856946354883081,5364.6,6
S1,0,684,0.16709988860007427,4983.0,2
S1,0,685,0.20461309523809523,4818.8,0
S1,0,686,0.14470548178413348,5546.0,6
S1,0,687,0.20618556701030927,4715.0,2
S1,0,688,0.20695040999609526,4679.0,3
S1,0,689,0.19147398843930635,5098.0,5
S1,0,690,0.17253904831093353,5063.0,2
S1,0,691,0.17676767676767677,5372.8,0
S1,0,692,0.20849571317225254,4609.7,0
S1,0,693,0.16921575008135373,5703.0,3
S1,0,694,0.17363344051446947,5732.0,3
S1,0,695,0.1811175337186898,4832.0,8
S1,0,696,0.16450822541127055,5276.0,0
S1,0,697,0.1601791250430589,5438.0,8
S1,0,698,0.1458397298127111,6061.0,2
S1,0,699,0.18724279835390947,4392.1,0
S1,0,700,0.1723543605653223,5319.0,0
S1,0,701,0.17253044654939106,5439.0,1
S1,0,702,0.17804154302670624,4954.0,3
S1,0,703,0.19536903039073805,5026.1,2
S1,0,704,0.15171948752528658,5439.0,0
S1,0,705,0.18695014662756598,5024.1,5
S1,0,706,0.10040160642570281,6126.0,0
S1,0,707,0.1596732268845154,4953.0,1
S1,0,708,0.17506252232940336,5136.3,3
S1,0,709,0.15277316506144137,5619.0,4
S1,0,710,0.18086816720257234,4533.0,0
S1,0,711,0.16556291390728478,5168.0,9
S1,0,712,0.17066085693536673,5010.0,0
S1,0,713,0.15274949083503056,5429.0,0
S1,0,714,0.17355982274741508,4983.0,3
S1,0,715,0.16277128547579298,4394.0,0
S1,0,716,0.13737231419513912,5320.0,2
S1,0,717,0.1676261429055198,5393.0,0
S1,0,718,0.15669014084507044,5277.0,3
S1,0,719,0.161177295024527,5295.0,3
S1,0,720,0.11631562401760452,6084.0,6
S1,0,721,0.13564560439560439,5476.0,4
S1,0,722,0.1458670988654781,4553.0,0
S1,0,723,0.13071895424836602,5601.0,7
S1,0,724,0.14690632561354994,5393.0,2
S1,0,725,0.15587114651887773,5352.7,2
S1,0,726,0.155570424891268,5540.0,2
S1,0,727,0.15526802218114602,5047.0,3
S1,0,728,0.17633674630261661,4826.0,2
S1,0,729,0.1635079895949461,4964.0,0
S1,0,730,0.15821708063967335,5380.0,0
S1,0,731,0.15294561933534742,4848.0,0
S1,0,732,0.11686443725278677,5314.5,8
S1,0,733,0.10533469249065579,5568.0,0
S1,0,734,0.15907447577729572,5119.0,1
S1,0,735,0.16089965397923875,5292.0,0
S1,0,736,0.1609322974472808,4948.0,0
S1,0,737,0.15090543259557343,5471.0,0
S1,0,738,0.1424821897262842,4941.0,0
S1,0,739,0.12143611404435058,5364.8,2
S1,0,740,0.1404386302424009,4810.1,0
S1,0,741,0.12727272727272726,5692.0,2
S1,0,742,0.1314368023046453,5191.8,1
S1,0,743,0.14344970618734879,5433.0,5
S1,0,744,0.1490066225165563,5043.0,2
S1,0,745,0.15954244431065623,6156.0,4
S1,0,746,0.17299107142857142,4888.0,0
S1,0,747,0.15218126479540076,5501.0,0
S1,0,748,0.18315709969788518,4808.1,0
S1,0,749,0.16112266112266113,5294.0,2
S1,0,750,0.12372634643377002,5163.0,0
S1,0,751,0.20973486347447567,4481.0,0
S1,0,752,0.15204473960153791,5284.0,0
S1,0,753,0.14520443255636226,4886.0,1
S1,0,754,0.15269765863590093,5486.0,3
S1,0,755,0.18994413407821228,4897.0,3
S1,0,756,0.16920152091254753,4922.2,5
S1,0,757,0.1175680214981525,5656.0,4
S1,0,758,0.17194875252865813,5424.0,2
S1,0,759,0.11888586956521739,5535.0,0
S1,0,760,0.1547319179560993,5145.0,2
S1,0,761,0.1637835848362164,5106.0,8
S1,0,762,0.15532544378698224,5086.3,5
S1,0,763,0.17763649962602843,4900.0,2
S1,0,764,0.18930957683741648,4890.0,1
S1,0,765,0.13988399863527806,5509.0,4
S1,0,766,0.12780656303972365,5452.0,3
S1,0,767,0.11143210895583987,4548.0,0
S1,0,768,0.15670553935860057,5135.0,3
S1,0,769,0.14633219308247813,4959.0,2
S1,0,770,0.15608371763036538,5270.0,3
S1,0,771,0.18314296967309965,4590.0,0
S1,0,772,0.1281085154483798,4990.0,3
S1,0,773,0.16378689704823615,5088.0,0
S1,0,774,0.15370018975332067,4932.0,4
S1,0,775,0.16587677725118483,4676.0,3
S1,0,776,0.15387400434467777,5071.0,0
S1,0,777,0.15843270868824533,5452.0,4
S1,0,778,0.14596062457569586,5484.0,1
S1,0,779,0.1854043392504931,4577.2,0
S1,0,780,0.18735806207418623,4846.0,2
S1,0,781,0.1478318002628121,5730.0,5
S1,0,782,0.16614542611415167,4828.0,5
S1,0,783,0.1949813496100373,5295.0,1
S1,0,784,0.20241477272727273,5061.3,0
S1,0,785,0.18931351733899504,5199.0,7
S1,0,786,0.18531228551818807,5265.0,0
S1,0,787,0.1889168765743073,5030.0,1
S1,0,788,0.20930232558139536,4627.0,2
S1,0,789,0.199695701787752,4750.0,0
S1,0,790,0.19010043041606886,5088.0,2
S1,0,791,0.18117295480014942,4886.0,0
S1,0,792,0.14218009478672985,5610.0,7
S1,0,793,0.16827724091969343,5539.0,2
S1,0,794,0.17303297420829253,5578.0,0
S1,0,795,0.17364657814096016,5361.0,1
S1,0,796,0.17533490937746257,4698.0,3
S1,0,797,0.17647058823529413,5267.0,0
S1,0,798,0.19499105545617174,5052.0,1
S1,0,799,0.15558698727015557,5293.0,5
S1,0,800,0.22028104823395367,4663.0,0
S1,0,801,0.18518518518518517,5182.0,5
S1,0,802,0.18768521567336188,5501.0,2
S1,0,803,0.20290394638868206,4799.5,0
S1,0,804,0.20270270270270271,4765.0,0
S1,0,805,0.18724508713385243,4901.0,1
S1,0,806,0.20567375886524822,5047.0,0
S1,0,807,0.16981132075471697,5372.0,3
S1,0,808,0.19430950728660654,5196.0,0
S1,0,809,0.19508913555331314,5403.0,4
S1,0,810,0.2123625331816458,4696.0,0
S1,0,811,0.20050125313283207,5023.0,0
S1,0,812,0.20871475649945076,4889.0,0
S1,0,813,0.18634622082897945,5244.0,5
S1,0,814,0.20118964310706788,5118.0,1
S1,0,815,0.1579466929911155,5640.0,1
S1,0,816,0.17195767195767195,5515.0,1
S1,0,817,0.17599436818021824,5199.0,2
S1,0,818,0.16957689724647415,5423.0,0
S1,0,819,0.1514629948364888,5382.0,1
S1,0,820,0.20352035203520352,4876.0,0
S1,0,821,0.18241517694272164,4989.0,3
S1,0,822,0.15479298769116,4944.2,0
S1,0,823,0.1977726574500768,4690.0,0
S1,0,824,0.13112491373360938,5478.0,3
S1,0,825,0.1814516129032258,5409.0,0
S1,0,826,0.18805309734513273,4926.0,1
S1,0,827,0.14652014652014653,5648.0,3
S1,0,828,0.18298881735005082,5319.0,0
S1,0,829,0.1660696841419733,5609.0,0
S1,0,830,0.1837837837837838,5017.0,0
S1,0,831,0.19010705057216684,4970.0,3
S1,0,832,0.18392857142857144,5052.0,0
S1,0,833,0.1790586630286494,5321.0,1
S1,0,834,0.2007749207467418,5078.6,0
S1,0,835,0.19035532994923857,4983.0,0
S1,0,836,0.1724137931034483,5322.0,0
S1,0,837,0.1538207079060536,5538.0,0
S1,0,838,0.18434055492208287,4814.0,2
S1,0,839,0.1791988756148981,5174.0,0
S1,0,840,0.19458858413639732,4843.0,0
S1,0,841,0.1832262939176426,4876.0,5
S1,0,842,0.17635270541082165,4632.0,5
S1,0,843,0.16777408637873753,5532.0,0
S1,0,844,0.17503302509907528,5578.0,2
S1,0,845,0.16803953871499178,5577.0,0
S1,0,846,0.1741731175228712,5226.0,4
S1,0,847,0.19424460431654678,5037.0,2
S1,0,848,0.19967400162999185,4440.0,1
S1,0,849,0.20267824828085415,4923.0,0
S1,0,850,0.18511301636788777,4679.0,1
S1,0,851,0.15392781316348195,5199.0,0
S1,0,852,0.13780197346036066,5545.0,3
S1,0,853,0.1694915254237288,5231.0,5
S1,0,854,0.1695230998509687,4940.0,2
S1,0,855,0.14290407358738502,5665.0,2
S1,0,856,0.15691402419091205,5625.0,0
S1,0,857,0.1735862562634216,5080.0,0
S1,0,858,0.13451327433628318,5362.1,7
S1,0,859,0.13948497854077252,5184.0,0
S1,0,860,0.1544256120527307,4937.0,4
S1,0,861,0.12050426399703375,5086.0,2
S1,0,862,0.17153996101364521,4762.0,5
S1,0,863,0.14968045745038683,5478.0,0
S1,0,864,0.14705882352941177,5609.0,0
S1,0,865,0.15131360159627535,5606.0,2
S1,0,866,0.13884007029876977,5267.0,0
S1,0,867,0.13781055900621117,4919.0,7
S1,0,868,0.13587891296869625,5416.0,1
S1,0,869,0.19161243673174258,4999.0,1
S1,0,870,0.18365817091454273,4913.0,5
S1,0,871,0.1694008559201141,5165.0,2
S1,0,872,0.17664023071377072,5030.4,0
S1,0,873,0.16047601875225387,5058.0,0
S1,0,874,0.13105639396346305,4743.0,4
S1,0,875,0.12296564195298372,5177.0,0
S1,0,876,0.14882032667876588,5092.0,1
S1,0,877,0.12466307277628032,5618.0,4
S1,0,878,0.12260665099093046,5646.0,2
S1,0,879,0.16475893166840097,5268.0,0
S1,0,880,0.15025906735751296,5332.0,0
S1,0,881,0.18443378827001106,4939.0,3
S1,0,882,0.16001506024096385,4979.1,6
S1,0,883,0.1528460997891778,5351.0,5
S1,0,884,0.16733357584576208,5025.0,0
S1,0,885,0.1652452025586354,5182.2,1
S1,0,886,0.17066085693536673,5030.0,0
S1,0,887,0.17356475300400534,4231.0,11
S1,0,888,0.16779721528025704,5179.1,4
S1,0,889,0.1335940045617465,5740.0,2
S1,0,890,0.1379066478076379,5233.0,0
S1,0,891,0.12306610407876231,5405.0,6
S1,0,892,0.1567509796936231,5191.1,1
S1,0,893,0.16936936936936936,5057.8,0
S1,0,894,0.14166981488477523,4992.8,5
S1,0,895,0.147005444646098,5242.0,10
S1,0,896,0.21517553793884484,4685.0,0
S1,0,897,0.18681318681318682,4942.0,0
S1,0,898,0.14461436170212766,5598.0,0
S1,0,899,0.15378982057854265,5149.0,4
S1,0,900,0.15197060788243152,5530.0,0
S1,0,901,0.1507032819825854,5634.0,8
S1,0,902,0.14597369265319218,5856.0,5
S1,0,903,0.15931766977792083,5731.0,0
S1,0,904,0.15179677819083023,5949.4,1
S1,0,905,0.13061074319352464,5098.0,2
S1,0,906,0.1549243821468093,5114.0,7
S1,0,907,0.13047680412371135,5780.0,0
S1,0,908,0.19935344827586207,5000.0,0
S1,0,909,0.15344827586206897,5377.3,1
S1,0,910,0.17167381974248927,5134.0,3
S1,0,911,0.16748942172073342,5154.0,0
S1,0,912,0.08351101634683725,5355.0,0
S1,0,913,0.13747454175152748,5454.0,0
S1,0,914,0.1421636615811373,5370.0,3
S1,0,915,0.132486388384755,5177.0,2
S1,0,916,0.18188432157148055,4990.0,1
S1,0,917,0.15162860351928117,5035.0,7
S1,0,918,0.15625,5410.0,0
S1,0,919,0.1305627068775285,5205.0,9
S1,0,920,0.11013986013986014,5367.0,0
S1,0,921,0.12385670731707317,4950.5,3
S1,0,922,0.12187195320116997,5836.0,6
S1,0,923,0.13658176448874124,5030.0,0
S1,0,924,0.17384731670445955,4814.0,0
S1,0,925,0.15019905899384728,5143.0,1
S1,0,926,0.1655147326300473,5095.0,3
S1,0,927,0.18653846153846154,4677.0,0
S1,0,928,0.14800952705001702,5490.0,3
S1,0,929,0.14458641560188298,5505.0,0
S1,0,930,0.16962220508866616,4720.0,1
S1,0,931,0.12100677637947725,5795.0,0
S1,0,932,0.15547703180212014,5232.0,3
S1,0,933,0.11969904240766074,5505.0,2
S1,0,934,0.10197027307293467,5468.0,0
S1,0,935,0.1504035216434336,5189.0,10
S1,0,936,0.14573587621446563,5130.0,0
S1,0,937,0.14768683274021352,5162.0,0
S1,0,938,0.07789317507418397,5164.0,0
S1,0,939,0.13485477178423236,4507.0,1
S1,0,940,0.11367942402425162,4960.0,1
S1,0,941,0.14472290857747971,5238.0,0
S1,0,942,0.13939838591342626,5044.0,0
S1,0,943,0.14558058925476602,5417.0,5
S1,0,944,0.16073478760045926,4858.0,4
S1,0,945,0.14149335151721787,5483.0,0
S1,0,946,0.15767230169050714,5634.0,0
S1,0,947,0.13049223653782624,5626.0,0
S1,0,948,0.15756302521008403,5320.2,4
S1,0,949,0.13904134650567143,5058.0,0
S1,0,950,0.1497566454511419,4914.0,0
S1,0,951,0.15733626051957555,5013.0,0
S1,0,952,0.12824675324675325,5782.0,3
S1,0,953,0.1672661870503597,5082.0,1
S1,0,954,0.1455026455026455,4911.0,2
S1,0,955,0.13651877133105803,5434.3,0
S1,0,956,0.12266928361138371,5781.0,5
S1,0,957,0.13929859062602426,5654.0,0
S1,0,958,0.09769713886950454,5499.0,4
S1,0,959,0.1315265045834994,4695.0,2
S1,0,960,0.11389521640091116,5015.0,5
S1,0,961,0.10340226817878585,5728.0,3
S1,0,962,0.12111352133044107,5179.0,0
S1,0,963,0.11065006915629322,5436.0,0
S1,0,964,0.1176948051948052,4765.0,9
S1,0,965,0.1129842180774749,5238.0,0
S1,0,966,0.1286231884057971,5222.0,3
S1,0,967,0.16042780748663102,5179.1,1
S1,0,968,0.20589346429920666,4826.0,5
S1,0,969,0.17937944408532644,5650.0,1
S1,0,970,0.16945925361766945,4804.0,0
S1,0,971,0.16734972677595628,5413.5,2
S1,0,972,0.16560958421423538,5264.2,3
S1,0,973,0.18921813637986434,5044.2,0
S1,0,974,0.18731454005934717,4874.0,0
S1,0,975,0.1996370235934664,4938.3,0
S1,0,976,0.19470404984423675,4598.0,0
S1,0,977,0.18575851393188855,4655.0,0
S1,0,978,0.1906701221769715,4854.0,0
S1,0,979,0.178752107925801,5427.0,2
S1,0,980,0.18126346015793252,5124.0,4
S1,0,981,0.16157670454545456,5239.0,4
S1,0,982,0.19040644452581473,4904.0,0
S1,0,983,0.19874065328610782,4574.0,0
S1,0,984,0.18090452261306533,5427.0,0
S1,0,985,0.18958979662185454,5209.0,0
S1,0,986,0.1556420233463035,5676.2,0
S1,0,987,0.12997181334168492,5928.0,0
S1,0,988,0.17398648648648649,5382.0,0
S1,0,989,0.16224188790560473,5016.0,3
S1,0,990,0.14912581419266369,5431.0,2
S1,0,991,0.15895953757225434,5118.0,2
S1,0,992,0.15920223932820154,5238.0,0
S1,0,993,0.19498069498069498,4667.0,0
S1,0,994,0.17824990997479295,5046.0,0
S1,0,995,0.13655462184873948,5359.0,1
S1,0,996,0.14607812003810733,5885.0,4
S1,0,997,0.10793871866295264,5431.0,0
S1,0,998,0.17421602787456447,5248.7,2
S1,0,999,0.14871116986120292,5579.0,0
S1,0,1000,0.1843774781919112,4576.0,0
S1,0,1001,0.1679771265189421,5183.0,2
S1,0,1002,0.15854472630173566,5625.0,8
S1,0,1003,0.1820633850303439,5489.0,8
S1,0,1004,0.18178264268960126,4723.0,6
S1,0,1005,0.22084463386284386,4589.0,0
S1,0,1006,0.176759410801964,5582.0,3
S1,0,1007,0.1989051094890511,4937.0,1
S1,0,1008,0.18076644974692696,5075.0,3
S1,0,1009,0.1868170602749383,5136.0,1
S1,0,1010,0.19250253292806485,5359.0,3
S1,0,1011,0.15804098645362974,5435.0,9
S1,0,1012,0.18877911079745943,5190.0,3
S1,0,1013,0.18363636363636363,5042.0,4
S1,0,1014,0.18884268884268884,5224.0,0
S1,0,1015,0.16300731869594146,5542.9,0
S1,0,1016,0.18670777663583418,5290.0,0
S1,0,1017,0.15898535191139693,5240.0,6
S1,0,1018,0.19526849417949682,4859.8,2
S1,0,1019,0.17857142857142858,5653.0,1
S1,0,1020,0.20049607275733775,4415.7,3
S1,0,1021,0.21050737675422815,4950.0,0
S1,0,1022,0.14204545454545456,6033.0,7
S1,0,1023,0.19026120606256047,5599.0,0
S1,0,1024,0.19762087490406754,4764.0,4
S1,0,1025,0.18103770063456515,4885.0,1
S1,0,1026,0.18227529855436833,5756.0,1
S1,0,1027,0.1837270341207349,4881.0,2
S1,0,1028,0.2002245508982036,4787.2,0
S1,0,1029,0.20872508461827755,4755.0,1
S1,0,1030,0.20542920029347028,4889.6,0
S1,0,1031,0.2082572159298502,4913.4,2
S1,0,1032,0.16734972677595628,5403.0,2
S1,0,1033,0.1847051198963059,5610.9,2
S1,0,1034,0.16815374056280027,5425.0,4
S1,0,1035,0.20961329960245753,4941.0,0
S1,0,1036,0.197613721103654,4871.0,2
S1,0,1037,0.18053645116918846,5283.3,1
S1,0,1038,0.19169890960253252,5118.0,0
S1,0,1039,0.20714285714285716,5017.0,0
S1,0,1040,0.20781527531083482,5022.0,0
S1,0,1041,0.1865671641791045,5353.0,2
S1,0,1042,0.20137693631669534,5202.0,0
S1,0,1043,0.20743145743145744,4941.0,1
S1,0,1044,0.18488745980707397,4571.2,3
S1,0,1045,0.17734346724574737,5108.0,5
S1,0,1046,0.20109689213893966,4898.2,0
S1,0,1047,0.1724770642201835,4962.0,0
S1,0,1048,0.17388218594748048,5138.0,0
S1,0,1049,0.16095890410958905,5432.0,4
S1,0,1050,0.13102119460500963,4890.2,4
S1,0,1051,0.11567285760834148,5780.0,0
S1,0,1052,0.1629802095459837,4755.0,2
S1,0,1053,0.1623119556611243,4704.0,4
S1,0,1054,0.15160987808690216,5990.0,5
S1,0,1055,0.16382699868938402,5616.0,2
S1,0,1056,0.18411552346570398,4987.0,0
S1,0,1057,0.15764889061891788,4820.0,6
S1,0,1058,0.17556966753828912,4921.1,2
S1,0,1059,0.16623085543518865,4966.0,3
S1,0,1060,0.17908827785817655,5065.0,2
S1,0,1061,0.17943409247757075,5383.0,7
S1,0,1062,0.19340974212034384,5021.0,0
S1,0,1063,0.17422192151556157,5494.0,5
S1,0,1064,0.15196232339089483,5949.1,4
S1,0,1065,0.15001595914458984,5808.0,0
S1,0,1066,0.18398268398268397,5066.0,1
S1,0,1067,0.16342027071640805,5610.0,3
S1,0,1068,0.18739352640545145,5317.0,0
S1,0,1069,0.18647166361974407,4972.0,3
S1,0,1070,0.16427822439706397,5264.0,1
S1,0,1071,0.1928116810183452,4874.0,3
S1,0,1072,0.1862673484295106,4983.3,0
S1,0,1073,0.17060810810810811,5483.7,5
S1,0,1074,0.197178002894356,4985.0,1
S1,0,1075,0.18282166264229044,5265.0,0
S1,0,1076,0.1740341106856944,5268.0,3
S1,0,1077,0.16991924629878868,5476.0,3
S1,0,1078,0.17266715650257164,4971.5,0
S1,0,1079,0.16275167785234898,5452.0,0
S1,0,1080,0.17018989609458976,5174.0,4
S1,0,1081,0.16846361185983827,5503.0,2
S1,0,1082,0.1755548194766479,5520.0,0
S1,0,1083,0.18197278911564627,5367.0,3
S1,0,1084,0.17994858611825193,4978.0,3
S1,0,1085,0.17010309278350516,5407.0,5
S1,0,1086,0.1836734693877551,5372.0,2
S1,0,1087,0.18246869409660108,5117.0,3
S1,0,1088,0.1906260930395243,5160.0,0
S1,0,1089,0.17918893429739075,5789.0,0
S1,0,1090,0.2031063321385902,4491.4,0
S1,0,1091,0.15189476980895708,5884.1,1
S1,0,1092,0.17229254571026723,5230.0,1
S1,0,1093,0.17883755588673622,4920.0,4
S1,0,1094,0.19709929341762736,4822.3,0
S1,0,1095,0.15911643579183826,5034.0,6
S1,0,1096,0.1866913123844732,4922.0,2
S1,0,1097,0.2316831683168317,4437.0,0
S1,0,1098,0.1639035418236624,4900.0,2
S1,0,1099,0.21206225680933852,4567.3,0
S1,0,1100,0.15707671957671956,5575.0,1
S1,0,1101,0.1134020618556701,5522.0,2
S1,0,1102,0.18194301407483693,5273.0,0
S1,0,1103,0.14265335235378032,5300.0,5
S1,0,1104,0.21912350597609562,4427.0,0
S1,0,1105,0.1897117840204305,4969.0,2
S1,0,1106,0.14584763212079616,5440.0,3
S1,0,1107,0.1602460343153124,5655.0,0
S1,0,1108,0.1678832116788321,5077.0,4
S1,0,1109,0.14928057553956833,5192.0,4
S1,0,1110,0.14869222500895737,5144.0,1
S1,0,1111,0.1801215277777778,4175.8,0
S1,0,1112,0.14979142965491088,4941.0,3
S1,0,1113,0.15519820493642483,4985.0,5
S1,0,1114,0.1417139046348783,5620.0,3
S1,0,1115,0.16709988860007427,4933.0,1
S1,0,1116,0.16810007818608289,4688.0,0
S1,0,1117,0.1621319418561312,4973.0,3
S1,0,1118,0.1814280140460398,4628.1,0
S1,0,1119,0.15202702702702703,5512.0,2
S1,0,1120,0.13199027440083363,5595.0,15
S1,0,1121,0.17794970986460348,4772.0,7
S1,0,1122,0.15985130111524162,5007.0,4
S1,0,1123,0.1694915254237288,4882.0,3
S1,0,1124,0.166854143232096,4921.0,2
S1,0,1125,0.16329428470003549,5171.0,1
S1,0,1126,0.16929588303193535,4760.0,0
S1,0,1127,0.16605166051660517,5057.3,7
S1,0,1128,0.16565656565656567,4557.2,2
S1,0,1129,0.13855213023900242,5361.0,1
S1,0,1130,0.14516721793458287,5099.0,3
S1,0,1131,0.145007342143906,5020.0,0
S1,0,1132,0.13837638376383765,5067.0,3
S1,0,1133,0.1520064856100527,4516.0,0
S1,0,1134,0.15935508061492312,4956.0,4
S1,0,1135,0.1291378683157512,5165.0,2
S1,0,1136,0.13157894736842105,5098.0,3
S1,0,1137,0.1494793416190796,5546.0,3
S1,0,1138,0.1022090339597758,5818.0,3
S1,0,1139,0.18047051240734774,5603.0,0
S1,0,1140,0.16044645971398674,5236.0,0
S1,0,1141,0.11916922029281579,5506.0,0
S1,0,1142,0.19322782480677217,4951.0,4
S1,0,1143,0.21673168617251842,4141.0,0
S1,0,1144,0.19148174659985684,5065.0,3
S1,0,1145,0.170196671709531,4875.0,2
S1,0,1146,0.2173105497771174,4776.0,0
S1,0,1147,0.16518424396442186,5808.0,1
S1,0,1148,0.17716535433070865,5155.0,3
S1,0,1149,0.18205892088712347,5464.0,0
S1,0,1150,0.1269130272489735,5080.0,5
S1,0,1151,0.1149025069637883,5371.0,0
S1,0,1152,0.11596638655462185,5632.0,3
S1,0,1153,0.09824198552223372,5505.4,0
S1,0,1154,0.17958412098298676,4870.0,2
S1,0,1155,0.1795142555438226,5174.0,0
S1,0,1156,0.19155030433225922,5048.0,0
S1,0,1157,0.13994471319972357,5525.0,7
S1,0,1158,0.14534883720930233,5450.0,4
S1,0,1159,0.1601489757914339,4982.0,3
S1,0,1160,0.1931407942238267,4972.0,0
S1,0,1161,0.19516728624535315,4822.0,0
S1,0,1162,0.19498607242339833,5181.0,0
S1,0,1163,0.19118153634171547,5228.0,0
S1,0,1164,0.16819571865443425,5378.0,0
S1,0,1165,0.1883308714918759,4927.2,0
S1,0,1166,0.20794652803564798,4809.0,0
S1,0,1167,0.18633540372670807,5253.0,0
S1,0,1168,0.20873228648027575,4674.0,0
S1,0,1169,0.19800332778702162,5397.0,0
S1,0,1170,0.1808066759388039,5249.0,1
S1,0,1171,0.1565726083964212,5494.0,6
S1,0,1172,0.18330308529945555,5032.0,2
S1,0,1173,0.19631410256410256,4589.0,6
S1,0,1174,0.18243243243243243,5397.0,2
S1,0,1175,0.1963400686237133,4753.0,3
S1,0,1176,0.1943145016192875,5065.0,3
S1,0,1177,0.1600943714189417,5556.0,5
S1,0,1178,0.16091572660915726,5565.0,2
S1,0,1179,0.20094134685010862,4986.0,1
S1,0,1180,0.20014169323414807,5078.0,0
S1,0,1181,0.2130003672420125,4865.6,0
S1,0,1182,0.18544935805991442,5190.0,5
S1,0,1183,0.17259414225941422,5238.0,0
S1,0,1184,0.17493271818531334,4829.0,4
S1,0,1185,0.1741630030436253,5376.0,0
S1,0,1186,0.18382352941176472,5032.0,5
S1,0,1187,0.1998572448251249,5031.0,0
S1,0,1188,0.17023346303501946,5640.0,0
S1,0,1189,0.19955654101995565,4884.0,1
S1,0,1190,0.1733477789815818,5195.0,8
S1,0,1191,0.2073170731707317,4432.0,2
S1,0,1192,0.14490543014032947,6183.0,6
S1,0,1193,0.2027276078142278,4883.0,2
S1,0,1194,0.19468704512372634,4974.3,1
S1,0,1195,0.19406810692054194,4949.0,0
S1,0,1196,0.20810107766629507,4821.2,0
S1,0,1197,0.19112874143526867,5033.0,2
S1,0,1198,0.1854864952814839,5583.0,1
S1,0,1199,0.18686868686868688,5397.0,2
S1,0,1200,0.2066115702479339,4443.5,7
S1,0,1201,0.2003577817531306,5073.2,3
S1,0,1202,0.1702200825309491,5388.0,2
S1,0,1203,0.20057306590257878,5016.0,1
S1,0,1204,0.17779993353273513,5495.0,1
S1,0,1205,0.19601216627238932,5340.0,2
S1,0,1206,0.20856201975850713,4893.0,0
S1,0,1207,0.18083756345177665,5691.0,0
S1,0,1208,0.1617490223960185,5168.0,1
S1,0,1209,0.13807069219440354,5034.0,0
S1,0,1210,0.13051470588235295,5062.0,0
S1,0,1211,0.15338504936530326,5314.0,5
S1,0,1212,0.20371117386042759,4505.9,5
S1,0,1213,0.1457725947521866,5045.0,0
S1,0,1214,0.17073987278205557,5571.0,6
S1,0,1215,0.2174721189591078,4757.0,0
S1,0,1216,0.1838629061049625,5084.1,0
S1,0,1217,0.16467607672819398,5103.0,2
S1,0,1218,0.20652173913043478,4927.0,0
S1,0,1219,0.21196063588190764,4724.6,0
S1,0,1220,0.17876106194690267,5172.0,0
S1,0,1221,0.19130434782608696,5192.4,0
S1,0,1222,0.17726971504307487,5498.0,0
S1,0,1223,0.1875442321302194,5179.0,4
S1,0,1224,0.22449783379283184,4551.7,3
S1,0,1225,0.15081206496519722,5556.0,0
S1,0,1226,0.14818880351262348,5058.0,0
S1,0,1227,0.14914772727272727,5224.0,2
S1,0,1228,0.1774322169059011,4783.3,13
S1,0,1229,0.18658197697499007,4565.0,0
S1,0,1230,0.17816279830009807,5570.0,0
S1,0,1231,0.1889483065953654,5077.0,0
S1,0,1232,0.17316017316017315,5051.0,0
S1,0,1233,0.17894298793175198,4333.0,0
S1,0,1234,0.12111907198908223,5479.0,0
S1,0,1235,0.13959822948586995,5436.0,0
S1,0,1236,0.18532246108228317,4873.0,0
S1,0,1237,0.14242115971515767,5445.0,0
S1,0,1238,0.12688488414858404,5135.0,4
S1,0,1239,0.11185682326621924,5875.0,0
S1,0,1240,0.17668562144597888,4556.0,3
S1,0,1241,0.11232011232011233,5475.3,8
S1,0,1242,0.1652589056188028,5048.0,2
S1,0,1243,0.14260249554367202,5307.0,8
S1,0,1244,0.16778523489932887,4733.3,3
S1,0,1245,0.14576802507836992,6042.0,9
S1,0,1246,0.17537171178040412,4918.0,9
S1,0,1247,0.1913786696395392,4894.7,4
S1,0,1248,0.19690835480309166,4906.0,1
S1,0,1249,0.19683519876495562,4704.0,3
S1,0,1250,0.16085336945479173,5463.0,3
S1,0,1251,0.1674641148325359,4971.1,0
S1,0,1252,0.12640449438202248,5308.0,1
S1,0,1253,0.1843065693430657,5082.0,7
S1,0,1254,0.09815705128205128,4724.0,0
S1,0,1255,0.1965642550379914,5501.0,2
S1,0,1256,0.20803443328550933,5036.1,2
S1,0,1257,0.1962457337883959,5294.9,1
S1,0,1258,0.21559805024371953,4786.4,1
S1,0,1259,0.19808984789529538,5161.0,6
S1,0,1260,0.189268651231165,5004.0,6
S1,0,1261,0.15619047619047619,4797.0,0
S1,0,1262,0.18948182521268367,4752.9,6
S1,0,1263,0.16332470892626133,5696.0,0
S1,0,1264,0.15766521301576653,5449.0,0
S1,0,1265,0.08677542519958348,5489.0,0
S1,0,1266,0.13262599469496023,5624.0,0
S1,0,1267,0.15581717451523547,5308.0,1
S1,0,1268,0.17754662840746055,5058.0,0
S1,0,1269,0.1703940362087327,5131.0,0
S1,0,1270,0.16701101928374656,5330.0,1
S1,0,1271,0.1743606775157755,5579.0,5
S1,0,1272,0.15014530190506942,5766.0,2
S1,0,1273,0.17190388170055454,4977.0,1
S1,0,1274,0.16978516978516978,5334.0,4
S1,0,1275,0.18545192653943104,5016.0,0
S1,0,1276,0.18978605935127674,5268.0,2
S1,0,1277,0.17486338797814208,5069.8,4
S1,0,1278,0.20389419544452608,4851.0,0
S1,0,1279,0.17323369565217392,5385.0,1
S1,0,1280,0.15808170515097691,5237.7,5
S1,0,1281,0.15702479338842976,4522.0,4
S1,0,1282,0.14669051878354203,5262.0,5
S1,0,1283,0.20411985018726592,4752.0,0
S1,0,1284,0.16156176371592057,5464.0,0
S1,0,1285,0.174504041146216,5016.0,4
S1,0,1286,0.18743305962156373,5144.0,4
S1,0,1287,0.1706657654613045,5430.0,1
S1,0,1288,0.18061516452074391,5084.0,0
S1,0,1289,0.15955601803676725,5293.0,0
S1,0,1290,0.16157053509381514,5358.0,6
S1,0,1291,0.16492763379333558,5449.0,0
S1,0,1292,0.18059638807223855,4344.0,0
S1,0,1293,0.17072284780239738,5088.0,3
S1,0,1294,0.14227642276422764,5572.6,6
S1,0,1295,0.18038331454340473,4904.0,3
S1,0,1296,0.1574669827294277,5473.0,0
S1,0,1297,0.15379685998077539,5784.0,1
S1,0,1298,0.18181818181818182,5157.0,0
S1,0,1299,0.18117295480014942,4856.0,0
S1,0,1300,0.15813788201847903,5170.0,0
S1,0,1301,0.15234948604992657,5155.0,10
S1,0,1302,0.14661274014155712,5511.0,1
S1,0,1303,0.1685621445978879,4566.0,4
S1,0,1304,0.15574067366896052,5179.0,7
S1,0,1305,0.1808972503617945,4987.7,0
S1,0,1306,0.09550938337801608,5750.0,5
S1,0,1307,0.1500176491351924,5278.0,2
S1,0,1308,0.14870606411741985,4880.0,6
S1,0,1309,0.18153727307840864,4735.0,3
S1,0,1310,0.21958098307816276,4416.0,1
S1,0,1311,0.14551333872271624,4730.0,12
S1,0,1312,0.1552346570397112,5087.0,0
S1,0,1313,0.1415899010576595,5424.0,0
S1,0,1314,0.14166666666666666,4477.0,1
S1,0,1315,0.15347052668294384,5391.0,8
S1,0,1316,0.13662112629123627,5559.0,0
S1,0,1317,0.09216589861751152,5414.0,3
S1,0,1318,0.14514328247115743,4991.0,2
S1,0,1319,0.16678752719361856,5033.6,0
S1,0,1320,0.12921164540399083,5736.0,2
S1,0,1321,0.1386388188692834,5185.1,2
S1,0,1322,0.17659279778393353,5294.2,2
S1,0,1323,0.17633674630261661,4816.0,1
S1,0,1324,0.12806637806637808,5241.0,4
S1,0,1325,0.15565548253199585,5319.0,0
S1,0,1326,0.1513364779874214,4705.0,1
S1,0,1327,0.1466508125247721,4755.8,7
S1,0,1328,0.14505730659025787,5211.0,3
S1,0,1329,0.12398157987956075,5298.0,0
S1,0,1330,0.1619047619047619,4802.0,0
S1,0,1331,0.13883677298311445,5002.0,4
S1,0,1332,0.09878419452887538,5006.0,0
S1,0,1333,0.10978670012547051,6113.0,5
S1,0,1334,0.14836795252225518,4969.0,0
S1,0,1335,0.11456628477905073,5747.0,0
S1,0,1336,0.12072072072072072,5192.0,0
S1,0,1337,0.11128775834658187,5897.0,0
S1,0,1338,0.12975778546712802,5502.0,9
S1,0,1339,0.08695652173913043,5747.0,4
S1,0,1340,0.10638297872340426,4882.0,0
S1,0,1341,0.1645101663585952,4957.0,1
S1,0,1342,0.1303181295515523,4950.0,5
S1,0,1343,0.1169906407487401,5233.0,3
S1,0,1344,0.13807069219440354,5014.0,0
S1,0,1345,0.14516129032258066,5202.0,2
S1,0,1346,0.13471901462663588,4953.0,10
S1,0,1347,0.16135155656795747,4905.0,4
S1,0,1348,0.12004175365344467,5385.0,0
S1,0,1349,0.16634429400386846,4732.0,0
S1,0,1350,0.16483516483516483,5042.0,4
S1,0,1351,0.13043478260869565,5227.0,3
S1,0,1352,0.16621569385388482,4721.0,0
S1,0,1353,0.14077340569877883,5438.0,0
S1,0,1354,0.0755521115846571,4924.6,0
S1,0,1355,0.12306610407876231,5370.0,3
S1,0,1356,0.1416636396658191,5318.0,14
S1,0,1357,0.11825449700199867,5637.4,0
S1,0,1358,0.14251781472684086,4699.0,0
S1,0,1359,0.1405152224824356,5585.0,1
S1,0,1360,0.14629948364888123,5342.0,0
S1,0,1361,0.1346027577150361,5764.0,4
S1,0,1362,0.16743038420867112,5236.0,3
S1,0,1363,0.19286007386130488,4377.2,0
S1,0,1364,0.18453768453768454,4700.2,3
S1,0,1365,0.13857557202707058,5833.0,3
S1,0,1366,0.16129032258064516,5417.0,0
S1,0,1367,0.1610369206598586,4639.0,0
S1,0,1368,0.15365595196043802,5299.0,4
S1,0,1369,0.16853932584269662,5050.0,0
S1,0,1370,0.1842485549132948,5028.0,1
S1,0,1371,0.17938797045374605,5203.0,3
S1,0,1372,0.14382102272727273,5224.0,0
S1,0,1373,0.1726814124951494,4686.0,0
S1,0,1374,0.163062743707905,5164.0,0
S1,0,1375,0.15025906735751296,5357.0,1
S1,0,1376,0.17518770110833035,5121.0,0
S1,0,1377,0.16684229012996135,5261.0,2
S1,0,1378,0.1772793053545586,5035.0,0
S1,0,1379,0.1818502824858757,5166.0,0
S1,0,1380,0.17120765832106039,5039.0,7
S1,0,1381,0.18871753246753248,4495.0,2
S1,0,1382,0.1961150541651102,4861.0,2
S1,0,1383,0.18806073153899242,5274.3,2
S1,0,1384,0.1913075780089153,4871.0,1
S1,0,1385,0.16350555918901244,5623.0,1
S1,0,1386,0.18283852280955828,5016.0,0
S1,0,1387,0.16568864342423195,5361.0,3
S1,0,1388,0.21011528449237635,4790.0,0
S1,0,1389,0.18280433909200483,4495.0,0
S1,0,1390,0.18606224627875506,5319.7,0
S1,0,1391,0.24207369323050557,4111.3,0
S1,0,1392,0.1787819253438114,4722.0,6
S1,0,1393,0.1742627345844504,4799.0,3
S1,0,1394,0.1247327156094084,5369.0,6
S1,0,1395,0.16934357541899442,5220.0,0
S1,0,1396,0.1541392448908902,5306.0,0
S1,0,1397,0.14271813168991243,5743.0,2
S1,0,1398,0.14442231075697212,5591.0,0
S1,0,1399,0.15302613480055022,5403.0,2
S1,0,1400,0.1480156148340924,5755.0,3
S1,0,1401,0.1839405730456314,5111.0,0
S1,0,1402,0.17930519237952933,4852.2,0
S1,0,1403,0.15104166666666666,5377.0,4
S1,0,1404,0.1680327868852459,4542.6,3
S1,0,1405,0.1353666895133653,5398.0,0
S1,0,1406,0.12217470983506414,6170.0,0
S1,0,1407,0.17007983339118363,5324.0,3
S1,0,1408,0.18963574915508824,4853.0,2
S1,0,1409,0.18162393162393162,5153.0,4
S1,0,1410,0.1835022719328906,5229.0,1
S1,0,1411,0.21919431279620852,4531.0,1
S1,0,1412,0.18292682926829268,5222.0,3
S1,0,1413,0.2431865828092243,4163.9,0
S1,0,1414,0.18342151675485008,5112.0,0
S1,0,1415,0.18067846607669616,4931.5,1
S1,0,1416,0.196683378326263,4708.0,1
S1,0,1417,0.18575851393188855,5251.0,0
S1,0,1418,0.17586079229914847,4974.0,5
S1,0,1419,0.19375470278404816,4798.0,0
S1,0,1420,0.1820830298616169,4999.0,2
S1,0,1421,0.19438444924406048,5033.0,0
S1,0,1422,0.17715858273133814,5291.0,0
S1,0,1423,0.16585911293328365,4918.0,0
S1,0,1424,0.1814725198755617,5298.0,3
S1,0,1425,0.17981843575418993,5285.0,4
S1,0,1426,0.17160404624277456,5153.0,5
S1,0,1427,0.22089182493806772,4321.3,1
S1,0,1428,0.22029102667744543,4445.0,3
S1,0,1429,0.19771998574991093,5126.0,4
S1,0,1430,0.17076502732240437,5478.0,7
S1,0,1431,0.1544467073998642,5529.0,8
S1,0,1432,0.16979129819596744,5231.0,2
S1,0,1433,0.191131498470948,4784.0,6
S1,0,1434,0.18738404452690166,4912.0,1
S1,0,1435,0.16789087093389296,5275.0,2
S1,0,1436,0.1906158357771261,5023.0,5
S1,0,1437,0.16850291639662995,5609.0,0
S1,0,1438,0.17498138495904692,4959.0,4
S1,0,1439,0.18358935931060322,4805.0,0
S1,0,1440,0.20917135961383748,4444.0,0
S1,0,1441,0.17583239805462028,4833.0,0
S1,0,1442,0.10709269662921349,5443.0,5
S1,0,1443,0.11160714285714286,5516.0,2
S1,0,1444,0.17253904831093353,5098.0,5
S1,0,1445,0.13135735938026272,5505.0,0
S1,0,1446,0.13043478260869565,5137.0,0
S1,0,1447,0.12477064220183487,5162.0,4
S1,0,1448,0.1340282948622487,5024.0,2
S1,0,1449,0.12527233115468409,5120.0,0
S1,0,1450,0.14902560183416125,4891.0,6
S1,0,1451,0.13370749422251568,5610.0,0
S1,0,1452,0.20596312279325227,4585.0,2
S1,0,1453,0.17953321364452424,5107.0,3
S1,0,1454,0.17819336626676077,5120.0,0
S1,0,1455,0.15369836695485112,5803.0,4
S1,0,1456,0.1527538726333907,4270.0,0
S1,0,1457,0.10923725565350709,4985.0,2
S1,0,1458,0.1237044466733534,5599.0,1
S1,0,1459,0.10246613407433136,5425.0,0
S1,0,1460,0.12989457831325302,4944.0,0
S1,0,1461,0.1439232409381663,5355.4,10
S1,0,1462,0.1196249595861623,5793.0,0
S1,0,1463,0.1414768806073154,5383.0,0
S1,0,1464,0.17271458478715981,5214.0,0
S1,0,1465,0.16376663254861823,5369.4,0
S1,0,1466,0.1848652384243262,5210.0,0
S1,0,1467,0.11402902557014513,5425.0,0
S1,0,1468,0.12137823022709475,4825.0,4
S1,0,1469,0.14140085498191385,5609.0,0
S1,0,1470,0.14264813460131676,5075.0,0
S1,0,1471,0.14137437365783823,5320.0,7
S1,0,1472,0.1437932289770659,5207.3,6
S1,0,1473,0.15482695810564662,5072.0,0
S1,0,1474,0.16252390057361377,4867.0,4
S1,0,1475,0.16246177370030582,4840.8,2
S1,0,1476,0.1984732824427481,4717.0,2
S1,0,1477,0.1751412429378531,4872.0,1
S1,0,1478,0.15479298769116,4959.0,0
S1,0,1479,0.16963385959019148,5456.4,1
S1,0,1480,0.16751269035532995,5417.0,1
S1,0,1481,0.15358993338267948,4981.0,0
S1,0,1482,0.13631597343586158,5369.0,3
S1,0,1483,0.2054794520547945,4501.0,4
S1,0,1484,0.13789581205311544,5476.0,1
S1,0,1485,0.14270424545130217,5183.0,0
S1,0,1486,0.11560693641618497,5534.0,1
S1,0,1487,0.11482939632545931,5763.0,2
S1,0,1488,0.1327116212338594,5188.0,0
S1,0,1489,0.13303315595579207,4578.0,0
S1,0,1490,0.14176663031624864,5164.0,5
S1,0,1491,0.14337568058076225,5142.0,3
S1,0,1492,0.1370757180156658,5760.0,6
S1,0,1493,0.11969904240766074,5485.0,0
S1,0,1494,0.13436044428520244,5219.0,2
S1,0,1495,0.11594719942918302,5353.0,6
S1,0,1496,0.10554561717352415,5327.0,3
S1,0,1497,0.10696920583468396,5942.0,8
S1,0,1498,0.10698762955533267,5629.4,0
S1,0,1499,0.11470281543274244,5486.0,6
S1,1,0,0.14252245216712223,4754.0,1
S1,1,1,0.1341381623071764,5546.0,0
S1,1,2,0.13590033975084936,4900.0,0
S1,1,3,0.1348747591522158,4827.0,2
S1,1,4,0.11500171644352901,5463.0,0
S1,1,5,0.09480337078651685,5413.0,0
S1,1,6,0.11725024092515259,5868.0,2
S1,1,7,0.12041884816753927,5372.0,2
S1,1,8,0.09887553315238465,4960.0,3
S1,1,9,0.12450378924575965,5179.1,1
S1,1,10,0.12839059674502712,5257.0,6
S1,1,11,0.10478519035976248,5418.0,1
S1,1,12,0.13584905660377358,4922.0,0
S1,1,13,0.10929909784871616,5426.0,0
S1,1,14,0.11581834806461444,6149.0,0
S1,1,15,0.12830333205668326,4874.0,1
S1,1,16,0.12285012285012285,5340.0,2
S1,1,17,0.11771747805267359,4714.0,0
S1,1,18,0.1278409090909091,4606.0,1
S1,1,19,0.1119278316070832,5663.0,2
S1,1,20,0.10168302945301542,5426.0,2
S1,1,21,0.09278711484593838,5444.0,0
S1,1,22,0.13936682725395733,5399.0,1
S1,1,23,0.1275115919629057,4893.0,5
S1,1,24,0.10170056685561854,5785.0,6
S1,1,25,0.12143407864302236,4855.0,0
S1,1,26,0.12402551381998582,5266.0,0
S1,1,27,0.10608203677510608,5353.4,2
S1,1,28,0.11632200886262925,5073.0,1
S1,1,29,0.09281540048126503,5525.0,0
S1,1,30,0.11023622047244094,4767.0,0
S1,1,31,0.11095204008589836,5315.0,4
S1,1,32,0.11372110365398956,5056.0,2
S1,1,33,0.13577981651376148,5052.0,0
S1,1,34,0.10413276928083307,5873.0,5
S1,1,35,0.12084592145015106,5560.0,0
S1,1,36,0.10200492437565951,5363.0,0
S1,1,37,0.11831088460138332,5156.0,0
S1,1,38,0.13728323699421965,5178.0,3
S1,1,39,0.12486023108460678,4993.0,0
S1,1,40,0.12550756736803248,5135.0,3
S1,1,41,0.15870307167235495,5397.0,2
S1,1,42,0.12550988390335738,5981.6,1
S1,1,43,0.10784313725490197,5772.0,0
S1,1,44,0.10692279811525915,5335.0,7
S1,1,45,0.14480408858603067,5412.0,0
S1,1,46,0.11784511784511785,5073.0,3
S1,1,47,0.13565891472868216,4822.0,1
S1,1,48,0.15375153751537515,4490.0,2
S1,1,49,0.12133072407045009,4807.0,0
S1,1,50,0.1256586947709769,4641.0,2
S1,1,51,0.14990512333965844,4832.0,0
S1,1,52,0.15384615384615385,5057.0,3
S1,1,53,0.15026296018031554,4906.0,0
S1,1,54,0.12140131807145335,5463.0,3
S1,1,55,0.10387323943661972,5397.0,1
S1,1,56,0.12720488466757124,5513.0,2
S1,1,57,0.12660485021398002,5270.0,3
S1,1,58,0.10972316002700878,5576.0,0
S1,1,59,0.10102865540044086,5181.0,3
S1,1,60,0.10363636363636364,5327.0,8
S1,1,61,0.12644105615470436,5015.0,0
S1,1,62,0.12209302325581395,4812.0,0
S1,1,63,0.14297221103503827,4598.0,1
S1,1,64,0.1016327890703099,5689.0,2
S1,1,65,0.10823909531502424,5842.0,0
S1,1,66,0.14818880351262348,5058.0,2
S1,1,67,0.14789533560864618,4901.0,3
S1,1,68,0.13293158454448778,5324.0,4
S1,1,69,0.14716312056737588,5187.0,0
S1,1,70,0.09936908517350158,6002.0,0
S1,1,71,0.1405241169768325,4888.0,1
S1,1,72,0.12406526172671652,5486.0,0
S1,1,73,0.12547926106657373,5355.0,0
S1,1,74,0.12544100352802823,4774.0,1
S1,1,75,0.11015490533562823,5497.0,1
S1,1,76,0.1321353065539112,5358.0,3
S1,1,77,0.14029180695847362,5033.0,4
S1,1,78,0.17871649065800163,4486.0,0
S1,1,79,0.11994516792323509,5518.0,3
S1,1,80,0.1398112548060119,5299.0,1
S1,1,81,0.16199490353112486,5036.0,1
S1,1,82,0.14518413597733712,5235.0,0
S1,1,83,0.11760513186029936,5274.0,2
S1,1,84,0.13359528487229863,4752.0,3
S1,1,85,0.13497179693795328,4626.1,0
S1,1,86,0.11470281543274244,5496.0,6
S1,1,87,0.14788732394366197,5302.0,3
S1,1,88,0.13222849083215796,5304.0,0
S1,1,89,0.13162639740353407,5183.0,0
S1,1,90,0.13395963813500347,5350.0,2
S1,1,91,0.13302589570769777,5220.0,0
S1,1,92,0.14993261455525606,5463.0,0
S1,1,93,0.09821115398105927,5534.0,7
S1,1,94,0.12900065316786413,5736.0,1
S1,1,95,0.15063520871143377,5102.0,2
S1,1,96,0.14936519790888722,4943.0,0
S1,1,97,0.16514806378132119,4860.0,3
S1,1,98,0.13333333333333333,5382.0,4
S1,1,99,0.15648567119155354,4876.0,0
S1,1,100,0.1221264367816092,5295.0,6
S1,1,101,0.13330829891100263,5018.0,2
S1,1,102,0.11538461538461539,5112.0,0
S1,1,103,0.15217391304347827,5117.0,2
S1,1,104,0.10846372688477951,5341.0,1
S1,1,105,0.12649332396345747,5324.0,0
S1,1,106,0.13063357282821686,5681.0,0
S1,1,107,0.13895216400911162,4943.4,4
S1,1,108,0.16524105754276827,4766.0,4
S1,1,109,0.11072261072261072,4955.0,7
S1,1,110,0.14983351831298558,4998.0,0
S1,1,111,0.13984863441921686,5665.0,2
S1,1,112,0.13001605136436598,5892.0,5
S1,1,113,0.14314115308151093,4772.0,6
S1,1,114,0.15262515262515264,4566.0,3
S1,1,115,0.1491395793499044,4947.0,9
S1,1,116,0.1149047931713723,5709.0,0
S1,1,117,0.14685556323427781,5380.0,2
S1,1,118,0.12960180315552217,4976.0,0
S1,1,119,0.1718494271685761,4450.0,0
S1,1,120,0.15827612509534705,4816.0,0
S1,1,121,0.13465346534653466,4757.0,5
S1,1,122,0.1484294097342078,5366.0,0
S1,1,123,0.13909774436090225,4927.0,0
S1,1,124,0.11932255581216321,4898.0,1
S1,1,125,0.15793251974156497,5179.0,4
S1,1,126,0.13089970501474926,5076.0,3
S1,1,127,0.14599793885262796,5389.0,0
S1,1,128,0.14077509108976483,5630.0,3
S1,1,129,0.16393442622950818,4677.1,0
S1,1,130,0.14799154334038056,5253.0,0
S1,1,131,0.13611020006559527,5650.0,0
S1,1,132,0.13983506633201864,5165.0,0
S1,1,133,0.121875,6112.0,7
S1,1,134,0.13126893301918546,5524.0,1
S1,1,135,0.1767337807606264,4112.0,3
S1,1,136,0.11359404096834265,5062.0,1
S1,1,137,0.13138686131386862,5082.0,0
S1,1,138,0.13180714533472077,5388.0,1
S1,1,139,0.11764705882352941,5492.0,5
S1,1,140,0.09944751381215469,5192.0,2
S1,1,141,0.13568949195329758,5925.0,1
S1,1,142,0.1504424778761062,5202.0,0
S1,1,143,0.15596988167802078,5250.0,6
S1,1,144,0.1709712622771917,5005.0,0
S1,1,145,0.1405071967100754,5440.6,2
S1,1,146,0.17084282460136674,4790.0,0
S1,1,147,0.16826923076923078,4624.0,4
S1,1,148,0.13290113452188007,5792.0,4
S1,1,149,0.10983440351470092,5556.2,0
S1,1,150,0.13466850828729282,5444.0,1
S1,1,151,0.12037037037037036,5162.0,5
S1,1,152,0.143646408839779,5027.0,0
S1,1,153,0.12838306731436502,5381.0,0
S1,1,154,0.13130615065653076,5405.0,1
S1,1,155,0.1276796973518285,5926.0,0
S1,1,156,0.15015533310321022,5316.0,0
S1,1,157,0.13513513513513514,5306.0,5
S1,1,158,0.15495867768595042,5380.0,1
S1,1,159,0.13859649122807016,5342.0,2
S1,1,160,0.11969904240766074,5520.0,2
S1,1,161,0.15239011870388194,5746.4,1
S1,1,162,0.14944649446494465,4987.0,0
S1,1,163,0.14716312056737588,5192.0,0
S1,1,164,0.1744186046511628,4692.0,0
S1,1,165,0.13513513513513514,5591.0,0
S1,1,166,0.15823935976718806,5075.0,1
S1,1,167,0.16152450090744103,5057.0,1
S1,1,168,0.14908256880733944,5686.0,3
S1,1,169,0.13344316309719934,5627.0,0
S1,1,170,0.14455151964418086,5018.0,0
S1,1,171,0.10272819131020546,5650.0,2
S1,1,172,0.15381542149420696,4608.0,0
S1,1,173,0.12190992211310532,5598.0,2
S1,1,174,0.16921397379912664,5028.0,0
S1,1,175,0.1681127982646421,5024.6,0
S1,1,176,0.128068303094984,5339.0,4
S1,1,177,0.14490282986703035,5474.1,1
S1,1,178,0.14807162534435261,5360.0,0
S1,1,179,0.17412023460410558,4993.0,2
S1,1,180,0.15120274914089346,5472.0,5
S1,1,181,0.13426240652617266,5516.0,3
S1,1,182,0.1322845906328209,5201.0,0
S1,1,183,0.15001704739174906,5433.0,0
S1,1,184,0.1436679673643136,5230.0,0
S1,1,185,0.1686656671664168,4908.0,2
S1,1,186,0.1423841059602649,5637.0,3
S1,1,187,0.11827219746314707,5481.0,0
S1,1,188,0.14942099364960776,5046.0,6
S1,1,189,0.1440922190201729,5149.0,0
S1,1,190,0.1931063122923588,4328.0,0
S1,1,191,0.13562091503267973,5682.0,0
S1,1,192,0.15357142857142858,5202.0,4
S1,1,193,0.1448583253740847,5794.0,0
S1,1,194,0.14960346070656091,5135.0,0
S1,1,195,0.1552227903579255,5043.0,1
S1,1,196,0.17292126563649743,5018.3,5
S1,1,197,0.19032513877874702,4521.0,0
S1,1,198,0.12347767253044654,5594.0,2
S1,1,199,0.14799865455768585,5473.5,0
S1,1,200,0.13576935970499499,5543.0,0
S1,1,201,0.15913200723327306,5087.0,2
S1,1,202,0.17993874425727413,4786.9,5
S1,1,203,0.18857356235997014,4828.0,0
S1,1,204,0.15947467166979362,4927.0,3
S1,1,205,0.18518518518518517,4693.1,3
S1,1,206,0.17620376831821355,5204.0,0
S1,1,207,0.15979976896418946,4796.0,0
S1,1,208,0.1419812842852533,5745.0,2
S1,1,209,0.14275885792913656,5446.0,3
S1,1,210,0.15767477203647418,4836.0,0
S1,1,211,0.12333333333333334,5707.0,4
S1,1,212,0.15749456915278784,5126.0,4
S1,1,213,0.1617757712565839,4863.6,0
S1,1,214,0.1276440554339898,5236.0,5
S1,1,215,0.18037518037518038,5021.2,0
S1,1,216,0.17844136926438456,4999.0,0
S1,1,217,0.10153077163386441,6104.0,0
S1,1,218,0.18283294842186298,4733.9,2
S1,1,219,0.16691394658753708,4954.0,2
S1,1,220,0.1836734693877551,5297.0,0
S1,1,221,0.15286843009275164,5334.0,0
S1,1,222,0.16817838246409675,4824.0,0
S1,1,223,0.1749416861046318,5444.0,0
S1,1,224,0.14864864864864866,5527.0,4
S1,1,225,0.15251745681734658,5044.0,2
S1,1,226,0.14188422247446084,4978.0,4
S1,1,227,0.17772511848341233,4646.0,3
S1,1,228,0.13389830508474576,5522.0,3
S1,1,229,0.14270976616231087,5463.9,5
S1,1,230,0.17676767676767677,5011.0,0
S1,1,231,0.20507084265473527,4813.6,1
S1,1,232,0.17141826055575604,5090.2,2
S1,1,233,0.15946137491141035,5151.0,0
S1,1,234,0.16853932584269662,5366.0,0
S1,1,235,0.19294605809128632,4352.0,1
S1,1,236,0.13140385894876913,5694.0,5
S1,1,237,0.1441501843781428,5513.0,0
S1,1,238,0.1520051746442432,5751.0,4
S1,1,239,0.13026052104208416,5630.0,2
S1,1,240,0.165045170257123,5273.0,1
S1,1,241,0.1702371843917368,4775.6,1
S1,1,242,0.15316901408450703,5222.0,0
S1,1,243,0.20066889632107024,4814.0,1
S1,1,244,0.17556966753828912,4861.0,0
S1,1,245,0.16215185043876382,4859.0,3
S1,1,246,0.1377266387726639,5333.0,1
S1,1,247,0.15567765567765568,5052.3,2
S1,1,248,0.15793010752688172,5439.0,0
S1,1,249,0.1543770432255721,5058.0,0
S1,1,250,0.16877637130801687,4861.0,5
S1,1,251,0.18035714285714285,5078.2,0
S1,1,252,0.16483516483516483,5254.0,6
S1,1,253,0.17749378771742988,5111.0,0
S1,1,254,0.16563523844193667,5076.0,2
S1,1,255,0.1637835848362164,5002.9,1
S1,1,256,0.17153284671532848,5047.0,3
S1,1,257,0.14592933947772657,4890.0,5
S1,1,258,0.14544164597374956,5260.0,0
S1,1,259,0.15865063460253842,5510.0,0
S1,1,260,0.1712707182320442,5022.0,2
S1,1,261,0.14988211519029976,5545.0,2
S1,1,262,0.1736806947227789,5460.1,0
S1,1,263,0.1312106368089573,5443.0,7
S1,1,264,0.14469453376205788,5762.1,0
S1,1,265,0.11505273250239693,5960.0,3
S1,1,266,0.1612355736591989,5374.0,0
S1,1,267,0.12850019179133104,4952.9,3
S1,1,268,0.11363636363636363,5455.0,0
S1,1,269,0.15034965034965034,5257.0,0
S1,1,270,0.13904982618771727,4926.1,9
S1,1,271,0.11807304785894207,5944.0,0
S1,1,272,0.11709192590003495,5384.0,1
S1,1,273,0.13040238450074515,5015.0,0
S1,1,274,0.15182531559194815,5466.1,2
S1,1,275,0.16802067946824226,4958.0,0
S1,1,276,0.1474872541879097,5089.0,0
S1,1,277,0.18952715904650255,4610.0,0
S1,1,278,0.1686069851465275,4574.0,1
S1,1,279,0.16620498614958448,5308.0,1
S1,1,280,0.13643659711075443,5802.0,0
S1,1,281,0.17495395948434622,4942.0,2
S1,1,282,0.14919941775836973,5083.0,0
S1,1,283,0.1513747296879827,5971.0,1
S1,1,284,0.12966252220248667,5247.0,0
S1,1,285,0.14837712519319937,6057.0,4
S1,1,286,0.1529051987767584,5394.1,0
S1,1,287,0.15487504399859203,5269.0,2
S1,1,288,0.1606071302506177,5273.0,3
S1,1,289,0.15517241379310345,4902.0,3
S1,1,290,0.18672199170124482,4829.9,2
S1,1,291,0.16117478510028654,5221.0,4
S1,1,292,0.1578393546124167,5319.1,5
S1,1,293,0.1707234617985125,5393.0,0
S1,1,294,0.16155419222903886,4512.0,1
S1,1,295,0.12255713812520702,5725.0,2
S1,1,296,0.14631502890173412,5123.0,0
S1,1,297,0.15951161874753841,4700.0,0
S1,1,298,0.1914725621792341,4538.0,0
S1,1,299,0.13806087229369313,5941.0,2
S1,1,300,0.18350515463917524,4407.0,2
S1,1,301,0.16782407407407407,4726.0,0
S1,1,302,0.17609391675560299,5099.0,1
S1,1,303,0.18101933216168717,5152.0,0
S1,1,304,0.11272141706924316,5817.0,0
S1,1,305,0.1380738695201933,5566.0,11
S1,1,306,0.13846737481031868,4914.0,2
S1,1,307,0.13680659670164919,4983.9,1
S1,1,308,0.15,5147.0,0
S1,1,309,0.09680889207601291,5370.0,5
S1,1,310,0.13659099653712967,4840.0,0
S1,1,311,0.19678714859437751,4472.0,0
S1,1,312,0.16069635085369938,5521.0,2
S1,1,313,0.1732755748083972,5474.0,0
S1,1,314,0.17430278884462153,5521.0,3
S1,1,315,0.14397440455030217,5298.0,6
S1,1,316,0.1608439986163957,5314.0,0
S1,1,317,0.14872994652406418,5631.0,6
S1,1,318,0.18377253814147018,5235.0,0
S1,1,319,0.16700404858299595,5420.0,0
S1,1,320,0.16777350576721425,5199.0,0
S1,1,321,0.1319118178532707,5171.0,0
S1,1,322,0.15037593984962405,4977.0,4
S1,1,323,0.13556903317873706,5298.0,5
S1,1,324,0.14802631578947367,5109.0,4
S1,1,325,0.14553014553014554,5354.0,3
S1,1,326,0.17676767676767677,4354.4,2
S1,1,327,0.16660355925785686,4839.0,0
S1,1,328,0.1601791250430589,5448.0,6
S1,1,329,0.1485148514851485,5415.0,0
S1,1,330,0.1850438763830599,4746.2,0
S1,1,331,0.1478743068391867,5067.0,3
S1,1,332,0.1630971993410214,5552.0,0
S1,1,333,0.12931034482758622,4587.7,1
S1,1,334,0.12707377338510412,5333.0,3
S1,1,335,0.14008277618592804,5824.0,0
S1,1,336,0.16712009327633112,4708.0,0
S1,1,337,0.16885553470919323,4857.0,1
S1,1,338,0.1392150285139215,5554.0,2
S1,1,339,0.1310930576070901,5048.0,1
S1,1,340,0.1718927087268606,4816.0,0
S1,1,341,0.15077989601386482,5367.0,2
S1,1,342,0.1402200922967696,5216.0,0
S1,1,343,0.166044776119403,4927.0,0
S1,1,344,0.20185185185185187,4852.0,0
S1,1,345,0.16263100831225152,5081.6,0
S1,1,346,0.18137621540762902,4820.0,0
S1,1,347,0.1815893563466379,5043.4,0
S1,1,348,0.15608740894901144,5283.0,0
S1,1,349,0.1504188880426504,4881.0,2
S1,1,350,0.15648286140089418,5015.0,3
S1,1,351,0.16751638747268754,5049.0,2
S1,1,352,0.16226162596186017,5470.0,0
S1,1,353,0.1506657323055361,5300.0,4
S1,1,354,0.10852713178294573,6112.0,0
S1,1,355,0.18421052631578946,4442.0,0
S1,1,356,0.17065446868402534,5186.0,0
S1,1,357,0.16101979201610198,5439.9,0
S1,1,358,0.12798634812286688,5607.0,5
S1,1,359,0.16937191249117856,5165.0,0
S1,1,360,0.1623502126014689,4721.0,0
S1,1,361,0.16140865737344093,5104.0,6
S1,1,362,0.14150943396226415,5528.0,2
S1,1,363,0.18982229402261713,4514.0,4
S1,1,364,0.13354144987859867,5408.0,1
S1,1,365,0.12199434229137199,5378.2,3
S1,1,366,0.15787585217079297,5151.0,0
S1,1,367,0.141081625797783,5537.2,0
S1,1,368,0.15524625267665954,5241.0,5
S1,1,369,0.15517241379310345,5327.0,0
S1,1,370,0.15557163531114326,5150.0,2
S1,1,371,0.14824304538799415,5091.0,3
S1,1,372,0.14330653617616218,5339.0,0
S1,1,373,0.15005359056806003,5210.0,3
S1,1,374,0.07596218771100607,5736.0,4
S1,1,375,0.1140495867768595,5692.0,0
S1,1,376,0.17098835024426906,4889.0,3
S1,1,377,0.18680899733130005,4798.0,2
S1,1,378,0.19466853735531392,5124.0,0
S1,1,379,0.1964820359281437,4796.0,0
S1,1,380,0.1488970588235294,5062.0,3
S1,1,381,0.152384367156687,5235.0,7
S1,1,382,0.17759562841530055,4666.0,0
S1,1,383,0.12448132780082988,5019.0,4
S1,1,384,0.17880577427821523,5563.0,3
S1,1,385,0.16860043509789702,5043.0,1
S1,1,386,0.20833333333333334,4595.0,4
S1,1,387,0.19217914438502673,5376.3,0
S1,1,388,0.16531961792799413,4996.0,0
S1,1,389,0.15327695560253699,5273.0,3
S1,1,390,0.19313304721030042,5049.0,0
S1,1,391,0.13595649392194498,5849.0,1
S1,1,392,0.1283855082659163,5313.0,0
S1,1,393,0.1639067252450152,5400.0,0
S1,1,394,0.16542155816435433,5199.0,5
S1,1,395,0.17073170731707318,5005.8,3
S1,1,396,0.16335814722911496,4433.0,1
S1,1,397,0.14762269938650308,4878.0,3
S1,1,398,0.1777859237536657,5003.0,1
S1,1,399,0.17851128326035703,5415.0,0
S1,1,400,0.1847246891651865,5184.6,3
S1,1,401,0.20249221183800623,4618.0,0
S1,1,402,0.16895282703245232,5471.7,1
S1,1,403,0.15586690017513136,5287.0,2
S1,1,404,0.12791991101223582,5026.0,0
S1,1,405,0.09682804674457429,5702.0,0
S1,1,406,0.12265978050355068,5918.0,6
S1,1,407,0.1285760205721633,5804.0,0
S1,1,408,0.12224108658743633,5567.0,2
S1,1,409,0.1254416961130742,5342.0,4
S1,1,410,0.13335642535503983,5356.2,0
S1,1,411,0.14164827078734363,5038.0,0
S1,1,412,0.14661274014155712,5522.0,1
S1,1,413,0.16087751371115175,5107.0,5
S1,1,414,0.16638078902229847,5357.4,1
S1,1,415,0.14402003757044457,5920.0,2
S1,1,416,0.16531961792799413,4971.0,0
S1,1,417,0.14890800794176043,5571.0,0
S1,1,418,0.16793893129770993,4792.0,0
S1,1,419,0.12011473646468268,5275.0,1
S1,1,420,0.13859275053304904,5245.0,1
S1,1,421,0.15517936316001613,4579.0,1
S1,1,422,0.15594917212167886,4836.0,4
S1,1,423,0.1701388888888889,5267.0,0
S1,1,424,0.17637271214642264,5472.0,0
S1,1,425,0.1334668001334668,5651.0,4
S1,1,426,0.137398024903392,4355.7,2
S1,1,427,0.10846745976207138,5403.0,0
S1,1,428,0.09852525886413555,6210.1,9
S1,1,429,0.1560798548094374,5147.0,6
S1,1,430,0.14129282938890853,5389.0,8
S1,1,431,0.1430781129156999,4834.0,2
S1,1,432,0.14443651925820256,5225.0,4
S1,1,433,0.14005092761004,5121.4,2
S1,1,434,0.12016718913270637,5402.8,1
S1,1,435,0.10795065113091158,5688.0,10
S1,1,436,0.16047950502706884,4819.0,5
S1,1,437,0.15572232645403378,4942.0,3
S1,1,438,0.14189693801344286,5128.0,11
S1,1,439,0.14539856312008212,5413.0,1
S1,1,440,0.12850467289719625,5584.0,0
S1,1,441,0.14656144306651633,4999.0,4
S1,1,442,0.17704280155642024,4662.0,0
S1,1,443,0.158496129745669,4983.0,0
S1,1,444,0.14569763455605073,5396.0,0
S1,1,445,0.14162782359268555,5150.0,0
S1,1,446,0.13961280714817573,4954.0,0
S1,1,447,0.11944818304172275,5578.7,1
S1,1,448,0.1012216404886562,5477.0,4
S1,1,449,0.10010537407797682,5386.0,0
S1,1,450,0.16434648105181748,4824.0,5
S1,1,451,0.15904572564612326,4607.0,0
S1,1,452,0.16278209396966334,4923.0,0
S1,1,453,0.14961211673439231,4966.0,0
S1,1,454,0.10967966573816156,5421.0,2
S1,1,455,0.19189765458422176,4257.0,0
S1,1,456,0.19139628144367482,5005.9,2
S1,1,457,0.17138859741168241,5220.0,0
S1,1,458,0.199921599372795,4595.0,0
S1,1,459,0.17013544763792535,5561.0,2
S1,1,460,0.16803840877914952,5339.0,0
S1,1,461,0.18531717747683535,5109.0,0
S1,1,462,0.17518248175182483,5007.0,3
S1,1,463,0.17024174327545114,5371.0,0
S1,1,464,0.15918958031837915,5150.0,4
S1,1,465,0.16279875303082786,5301.0,0
S1,1,466,0.1606638418079096,5296.0,4
S1,1,467,0.20408163265306123,4749.0,0
S1,1,468,0.18299656881433474,4773.0,0
S1,1,469,0.1828761429758936,4389.0,0
S1,1,470,0.1664378860672615,5420.0,4
S1,1,471,0.14916096954630206,5948.0,1
S1,1,472,0.2076923076923077,4657.0,0
S1,1,473,0.15091463414634146,6172.0,6
S1,1,474,0.16326530612244897,5877.0,3
S1,1,475,0.18912963643040764,4908.0,0
S1,1,476,0.18122977346278318,5657.0,5
S1,1,477,0.14735099337748345,5687.0,6
S1,1,478,0.1694619147449336,5256.1,0
S1,1,479,0.16917293233082706,5479.0,8
S1,1,480,0.19392608854738383,4958.0,4
S1,1,481,0.17313546423135465,4913.0,8
S1,1,482,0.20669291338582677,4572.0,1
S1,1,483,0.19805825242718447,4747.0,5
S1,1,484,0.18659295093296477,5280.0,2
S1,1,485,0.17824329290701948,5019.0,4
S1,1,486,0.15838150289017341,4776.4,0
S1,1,487,0.1712946267580238,5068.1,0
S1,1,488,0.15828981723237598,5635.0,0
S1,1,489,0.18332756831546176,5314.0,4
S1,1,490,0.1463082681184076,5505.0,4
S1,1,491,0.20952380952380953,4752.0,5
S1,1,492,0.1743295019157088,4822.0,3
S1,1,493,0.1601993592025632,5155.0,1
S1,1,494,0.15711645101663585,5037.0,4
S1,1,495,0.18975681650700074,4925.0,2
S1,1,496,0.18545994065281898,4869.0,0
S1,1,497,0.16936104695919937,4748.0,1
S1,1,498,0.1614741641337386,4802.3,0
S1,1,499,0.13186813186813187,5097.0,1
S1,1,500,0.13588026782197715,4705.0,0
S1,1,501,0.12913223140495866,5511.4,4
S1,1,502,0.1710261569416499,4627.0,6
S1,1,503,0.15496208374546652,5578.0,0
S1,1,504,0.10089686098654709,5956.0,2
S1,1,505,0.10728104115371087,5443.0,3
S1,1,506,0.11972633979475485,4924.0,0
S1,1,507,0.12888418079096045,5286.0,0
S1,1,508,0.17180788754392814,4674.1,0
S1,1,509,0.1721377101681345,4563.0,2
S1,1,510,0.151673640167364,5368.0,3
S1,1,511,0.161177295024527,5245.0,0
S1,1,512,0.12683101107538405,5335.0,8
S1,1,513,0.10110294117647059,5167.0,2
S1,1,514,0.14700912470429198,5490.0,2
S1,1,515,0.16098121885779992,4780.0,0
S1,1,516,0.12627148368993335,5314.0,0
S1,1,517,0.15275952693823916,5580.0,0
S1,1,518,0.15631183221210923,4641.0,0
S1,1,519,0.14295799505824214,5218.0,0
S1,1,520,0.08486082824168364,5664.0,2
S1,1,521,0.12310606060606061,4947.0,1
S1,1,522,0.13962264150943396,4932.1,1
S1,1,523,0.13579387186629527,5341.0,0
S1,1,524,0.16209476309226933,5116.0,0
S1,1,525,0.13763129300977905,5259.0,9
S1,1,526,0.19314150571541192,4631.0,5
S1,1,527,0.14938488576449913,5237.0,0
S1,1,528,0.1664145234493192,4835.0,0
S1,1,529,0.14906609195402298,5210.0,4
S1,1,530,0.127724795640327,5484.6,0
S1,1,531,0.11566558441558442,4635.0,0
S1,1,532,0.11967545638945233,4632.0,0
S1,1,533,0.13860369609856263,5406.0,0
S1,1,534,0.1697363669194655,5060.0,2
S1,1,535,0.1885245901639344,4422.0,2
S1,1,536,0.1506657323055361,5295.0,3
S1,1,537,0.11418685121107267,5477.0,2
S1,1,538,0.13015873015873017,5997.0,8
S1,1,539,0.1373283395755306,4453.0,0
S1,1,540,0.11363636363636363,5465.0,2
S1,1,541,0.11558887847547641,5989.0,0
S1,1,542,0.08815638175546187,4965.0,0
S1,1,543,0.176056338028169,5202.0,1
S1,1,544,0.1570964247020585,5180.0,5
S1,1,545,0.15428958969142081,5480.0,2
S1,1,546,0.17832647462277093,5274.0,0
S1,1,547,0.15036294503975112,5373.0,2
S1,1,548,0.14927934111187371,5415.0,2
S1,1,549,0.16468253968253968,4672.0,3
S1,1,550,0.11145038167938931,6207.0,1
S1,1,551,0.14413712504869497,4741.0,0
S1,1,552,0.133406432748538,5064.0,0
S1,1,553,0.09007533573534228,5878.0,4
S1,1,554,0.1425891181988743,4957.0,0
S1,1,555,0.13171399247348614,5438.0,0
S1,1,556,0.18574108818011256,4807.0,1
S1,1,557,0.15851137146795313,5391.0,3
S1,1,558,0.16047601875225387,5138.0,2
S1,1,559,0.18033946251768035,5143.0,0
S1,1,560,0.15196078431372548,5702.0,3
S1,1,561,0.19855595667870035,5072.0,5
S1,1,562,0.2150117279124316,4543.0,0
S1,1,563,0.1728024042073629,4911.0,4
S1,1,564,0.1791776688042248,4829.0,1
S1,1,565,0.15218878248974008,5445.0,5
S1,1,566,0.1367837338262477,5122.0,6
S1,1,567,0.12520593080724876,5702.0,2
S1,1,568,0.1302274394717535,5144.0,3
S1,1,569,0.13130968622100955,5491.0,2
S1,1,570,0.15244946899623157,5350.0,0
S1,1,571,0.07994186046511628,5251.0,0
S1,1,572,0.11141583818992115,5541.0,3
S1,1,573,0.11768661735036987,5565.0,0
S1,1,574,0.13741297178453646,5070.0,0
S1,1,575,0.13139931740614336,5442.0,0
S1,1,576,0.18652849740932642,5217.0,0
S1,1,577,0.10573403822692151,4701.8,3
S1,1,578,0.10974393082806784,5746.0,3
S1,1,579,0.1621808143547274,5328.0,1
S1,1,580,0.1730906495360457,5106.0,1
S1,1,581,0.15607580824972128,5034.0,7
S1,1,582,0.1662667123757285,5316.0,0
S1,1,583,0.145,5617.0,4
S1,1,584,0.19216954022988506,5010.0,0
S1,1,585,0.1683748169838946,5106.0,7
S1,1,586,0.18282455551828244,5419.0,1
S1,1,587,0.16752577319587628,5089.0,4
S1,1,588,0.19367588932806323,4567.8,0
S1,1,589,0.20244461420932008,4725.0,0
S1,1,590,0.18242448018830915,4670.0,1
S1,1,591,0.19571639586410636,4983.2,8
S1,1,592,0.19886363636363635,4737.0,1
S1,1,593,0.17017828200972449,5697.0,4
S1,1,594,0.17117425539198905,5489.0,9
S1,1,595,0.1819109146548793,5364.0,0
S1,1,596,0.14210526315789473,5427.0,9
S1,1,597,0.19333096842852074,5073.2,0
S1,1,598,0.20372526193247964,4606.0,0
S1,1,599,0.19978969505783387,5113.0,0
S1,1,600,0.19814814814814816,4862.0,0
S1,1,601,0.18626309662398138,4716.0,4
S1,1,602,0.1810344827586207,5327.0,4
S1,1,603,0.18511730205278593,4968.0,0
S1,1,604,0.19513865114686751,5294.5,2
S1,1,605,0.17371861025111798,5321.0,1
S1,1,606,0.20416333066453163,4616.0,4
S1,1,607,0.19586507072905332,4957.2,0
S1,1,608,0.19197207678883071,5242.0,4
S1,1,609,0.2040030792917629,4668.0,2
S1,1,610,0.19290389252497417,5203.0,0
S1,1,611,0.17894012388162422,5334.0,2
S1,1,612,0.18056887184403964,5670.0,0
S1,1,613,0.19724936663047413,4978.0,1
S1,1,614,0.1759480696959344,5321.0,0
S1,1,615,0.1929419525065963,5436.0,0
S1,1,616,0.1798063623789765,5271.0,0
S1,1,617,0.18027571580063625,5170.0,3
S1,1,618,0.1589448765640852,5441.0,0
S1,1,619,0.19537177541729894,4751.3,1
S1,1,620,0.20724421209858104,4778.0,0
S1,1,621,0.19742143432715553,4471.0,0
S1,1,622,0.18496884735202493,4693.0,0
S1,1,623,0.16064922159655515,5610.0,3
S1,1,624,0.17587939698492464,5452.0,2
S1,1,625,0.17959770114942528,5065.0,0
S1,1,626,0.15216612960973863,5278.0,5
S1,1,627,0.15880812049770793,5640.0,0
S1,1,628,0.15136558078315235,5650.0,1
S1,1,629,0.1814814814814815,4967.0,4
S1,1,630,0.1778342330898698,5730.0,0
S1,1,631,0.18332756831546176,5229.0,0
S1,1,632,0.18867924528301888,5292.0,2
S1,1,633,0.1821938392186326,4851.1,3
S1,1,634,0.19986096628432395,5176.0,0
S1,1,635,0.19749706687524443,4588.2,0
S1,1,636,0.19575557994877424,4978.0,4
S1,1,637,0.18826793499801822,4608.1,0
S1,1,638,0.19776876267748478,5298.0,0
S1,1,639,0.17864003073376872,4739.0,0
S1,1,640,0.18258945038731095,5014.9,5
S1,1,641,0.15321756894790603,5481.0,4
S1,1,642,0.16730568142209828,5336.5,5
S1,1,643,0.16264252179745137,5476.0,0
S1,1,644,0.15705958549222798,5703.0,1
S1,1,645,0.16879886282871356,5190.0,3
S1,1,646,0.15169541939321832,6271.0,5
S1,1,647,0.16748942172073342,5194.0,0
S1,1,648,0.15440666204024983,5316.0,0
S1,1,649,0.18,5012.0,1
S1,1,650,0.1440536013400335,5612.0,4
S1,1,651,0.17336079642979746,5353.0,3
S1,1,652,0.15273876404494383,5398.0,8
S1,1,653,0.18666666666666668,4782.0,4
S1,1,654,0.17461964038727523,5296.0,0
S1,1,655,0.18296973961998592,5146.0,0
S1,1,656,0.16730568142209828,5280.0,3
S1,1,657,0.12165935380933386,4696.0,0
S1,1,658,0.1775486827033219,4750.0,0
S1,1,659,0.1703515766582095,5055.0,1
S1,1,660,0.16040831206707984,5068.0,2
S1,1,661,0.1846703733121525,4543.0,1
S1,1,662,0.16251728907330568,5316.0,0
S1,1,663,0.1504548635409377,5258.0,0
S1,1,664,0.1282514450867052,5158.0,0
S1,1,665,0.12317834836918806,5381.0,0
S1,1,666,0.11046511627906977,4868.9,1
S1,1,667,0.13212079615648592,5400.0,0
S1,1,668,0.13969521044992744,5084.0,0
S1,1,669,0.13856032443393038,5510.0,0
S1,1,670,0.1734304543877905,5263.7,0
S1,1,671,0.15190336749633968,5031.0,0
S1,1,672,0.15229357798165138,5057.0,3
S1,1,673,0.1835192515293271,5065.5,2
S1,1,674,0.14915254237288136,5507.0,5
S1,1,675,0.11595547309833024,6125.0,5
S1,1,676,0.11672473867595819,5402.0,0
S1,1,677,0.15133426966292135,5299.4,0
S1,1,678,0.17591868647380765,4698.0,3
S1,1,679,0.1803776129467296,5414.0,0
S1,1,680,0.19308943089430894,4482.0,1
S1,1,681,0.17153284671532848,5052.5,3
S1,1,682,0.17139295730757245,5880.0,1
S1,1,683,0.18757104964001517,4760.0,0
S1,1,684,0.17506252232940336,5122.1,3
S1,1,685,0.1847662141779789,4791.0,0
S1,1,686,0.15506547208821503,5361.0,0
S1,1,687,0.17595307917888564,5023.0,2
S1,1,688,0.19144532597447395,5295.2,4
S1,1,689,0.2248728979272585,4516.0,0
S1,1,690,0.2066115702479339,4968.0,0
S1,1,691,0.16275813790689533,5331.0,2
S1,1,692,0.173841059602649,5488.8,0
S1,1,693,0.15609264853977844,5475.0,0
S1,1,694,0.1392156862745098,4757.5,3
S1,1,695,0.10140941904434514,5500.0,0
S1,1,696,0.0882232252769799,4651.0,1
S1,1,697,0.13302034428794993,4754.0,0
S1,1,698,0.14094955489614244,5019.0,2
S1,1,699,0.1155527795128045,6006.0,0
S1,1,700,0.13696128560993426,5108.0,1
S1,1,701,0.1288487282463186,5600.3,3
S1,1,702,0.09378843788437885,6176.0,0
S1,1,703,0.12722202858138723,5350.0,0
S1,1,704,0.15151515151515152,5175.0,6
S1,1,705,0.18766257896692679,4894.0,2
S1,1,706,0.1466275659824047,5153.0,5
S1,1,707,0.16672707502718376,5075.0,0
S1,1,708,0.16683690840994211,5361.0,0
S1,1,709,0.16597510373443983,5808.0,5
S1,1,710,0.17177500842034354,5490.0,4
S1,1,711,0.171875,5277.0,1
S1,1,712,0.20930232558139536,4657.0,2
S1,1,713,0.19894894894894896,4795.0,2
S1,1,714,0.20186335403726707,5174.3,0
S1,1,715,0.1991574109536576,4709.0,0
S1,1,716,0.20081814801041278,4811.0,0
S1,1,717,0.1750841750841751,5398.0,0
S1,1,718,0.18305439330543932,5218.0,2
S1,1,719,0.1649098945936756,5414.0,0
S1,1,720,0.16878402903811252,5052.0,1
S1,1,721,0.1871440195280716,4498.0,2
S1,1,722,0.1776165011459129,4798.0,1
S1,1,723,0.17517704062616474,4903.0,0
S1,1,724,0.15693553830577117,5478.0,2
S1,1,725,0.1757306696263411,4988.0,3
S1,1,726,0.21364170913367306,4537.7,0
S1,1,727,0.1997738409347908,4773.0,1
S1,1,728,0.19402985074626866,4852.0,1
S1,1,729,0.15273581738838538,5565.0,5
S1,1,730,0.1907255048616305,4860.0,1
S1,1,731,0.15216672179953689,5658.0,4
S1,1,732,0.18953752843062927,4828.0,4
S1,1,733,0.15048091839900712,6003.0,2
S1,1,734,0.16140732680449765,5122.3,2
S1,1,735,0.1374841972187105,5941.5,2
S1,1,736,0.18271257905832747,5284.0,7
S1,1,737,0.16797488226059654,5862.0,1
S1,1,738,0.15235910878112713,5701.0,1
S1,1,739,0.188212927756654,4897.0,7
S1,1,740,0.1876534549280954,5154.0,0
S1,1,741,0.19928966061562747,4575.0,1
S1,1,742,0.19360902255639098,4782.0,0
S1,1,743,0.16996699669966997,5552.0,2
S1,1,744,0.16118086189345096,5491.0,3
S1,1,745,0.16129032258064516,5286.0,3
S1,1,746,0.18684603886397608,4904.0,3
S1,1,747,0.18335684062059238,5149.0,1
S1,1,748,0.1539708265802269,5727.4,4
S1,1,749,0.18423932871214885,4989.0,2
S1,1,750,0.15924601884952877,5681.0,0
S1,1,751,0.18225584594222832,5268.5,0
S1,1,752,0.136630923555863,5459.0,5
S1,1,753,0.18016472203157172,5285.4,1
S1,1,754,0.19388954171562867,4638.0,2
S1,1,755,0.1926572155579789,5039.7,6
S1,1,756,0.1982142857142857,5022.0,0
S1,1,757,0.17474633596392333,4864.0,1
S1,1,758,0.18897915930766512,5119.0,0
S1,1,759,0.18129079042784627,5013.0,0
S1,1,760,0.15891602542656408,5630.0,6
S1,1,761,0.18070175438596492,5167.0,0
S1,1,762,0.19753086419753085,5102.0,0
S1,1,763,0.1582931865106676,5459.0,8
S1,1,764,0.17490750084090145,5403.0,0
S1,1,765,0.1400607492406345,5488.0,0
S1,1,766,0.16232668244842746,5431.0,0
S1,1,767,0.1574669827294277,5523.0,4
S1,1,768,0.17120765832106039,4969.0,0
S1,1,769,0.17832647462277093,5269.0,0
S1,1,770,0.1735985533453888,5027.0,0
S1,1,771,0.15191297824456115,4924.0,2
S1,1,772,0.14492753623188406,5373.0,0
S1,1,773,0.16157053509381514,5308.0,3
S1,1,774,0.18477457501847747,4889.0,0
S1,1,775,0.10698000701508242,5399.0,1
S1,1,776,0.20935412026726058,4052.2,4
S1,1,777,0.22833723653395785,4506.0,0
S1,1,778,0.16573556797020483,5007.0,6
S1,1,779,0.17391304347826086,5252.9,1
S1,1,780,0.1846435100548446,4963.9,0
S1,1,781,0.12248743718592965,5990.0,0
S1,1,782,0.16080211880438894,4843.0,0
S1,1,783,0.14038128249566725,5427.0,2
S1,1,784,0.15203761755485892,5882.0,0
S1,1,785,0.1551453260015711,4699.0,2
S1,1,786,0.15870307167235495,5362.0,0
S1,1,787,0.16152716593245228,4985.0,0
S1,1,788,0.14267185473411154,5775.0,5
S1,1,789,0.1493880489560835,5218.0,6
S1,1,790,0.16217201166180759,5040.0,2
S1,1,791,0.1316284317412561,4985.0,3
S1,1,792,0.08650519031141868,5527.0,1
S1,1,793,0.13778100072516317,5168.0,3
S1,1,794,0.12144344205412907,5446.0,1
S1,1,795,0.15637371338083927,4749.0,7
S1,1,796,0.0875085792724777,5650.0,6
S1,1,797,0.082319255547602,5330.0,0
S1,1,798,0.15816326530612246,5372.0,0
S1,1,799,0.13400626522798467,5353.0,2
S1,1,800,0.1665375677769171,4771.0,3
S1,1,801,0.1552442256720939,4939.0,6
S1,1,802,0.14086897488119485,5474.0,1
S1,1,803,0.15306122448979592,5472.0,3
S1,1,804,0.17214087851206966,4596.6,0
S1,1,805,0.12037978975924042,5570.0,2
S1,1,806,0.1291248206599713,5253.0,3
S1,1,807,0.17017543859649123,5232.0,2
S1,1,808,0.16472545757071547,5477.0,0
S1,1,809,0.16215185043876382,4949.0,10
S1,1,810,0.150207182320442,5409.0,4
S1,1,811,0.17764618800888232,4986.0,3
S1,1,812,0.17801590044936053,5233.0,0
S1,1,813,0.19478260869565217,5152.2,0
S1,1,814,0.13542033063665143,5353.0,4
S1,1,815,0.10682397959183673,5944.0,1
S1,1,816,0.10599415204678363,5204.0,4
S1,1,817,0.09592729720632784,5639.0,0
S1,1,818,0.14411990776325903,4791.0,0
S1,1,819,0.13200649878147847,4586.0,0
S1,1,820,0.11978097193702943,5541.0,4
S1,1,821,0.12,5462.0,6
S1,1,822,0.11518494484101233,5786.0,0
S1,1,823,0.1301900070372977,5317.6,1
S1,1,824,0.1401018922852984,5148.0,4
S1,1,825,0.15970961887477314,5027.0,0
S1,1,826,0.16420664206642066,5017.0,5
S1,1,827,0.14966740576496673,4964.0,0
S1,1,828,0.14033825116948542,5125.0,0
S1,1,829,0.10492332526230831,4753.0,4
S1,1,830,0.06444275966641395,5078.0,0
S1,1,831,0.1278118609406953,5515.0,1
S1,1,832,0.10420409629895797,5253.0,1
S1,1,833,0.10641949879848953,5553.0,3
S1,1,834,0.1485857500895095,5158.0,1
S1,1,835,0.15425750719868367,4459.0,0
S1,1,836,0.1015572105619499,5665.0,6
S1,1,837,0.12016888600194868,5770.0,0
S1,1,838,0.15372790161414296,4881.0,6
S1,1,839,0.15412844036697249,5007.0,1
S1,1,840,0.06926722566532993,5323.0,4
S1,1,841,0.11925337020394054,5398.0,0
S1,1,842,0.14472290857747971,5233.0,0
S1,1,843,0.16323633782824698,5193.0,3
S1,1,844,0.1301518438177874,5239.0,7
S1,1,845,0.07161703731624576,5133.0,4
S1,1,846,0.1017293997965412,5575.0,0
S1,1,847,0.14644351464435146,5293.0,0
S1,1,848,0.15901060070671377,4716.0,1
S1,1,849,0.15233581584292485,5570.0,6
S1,1,850,0.12875536480686695,6582.0,5
S1,1,851,0.09645061728395062,4926.0,2
S1,1,852,0.09742404227212681,5758.0,2
S1,1,853,0.10027192386131883,5607.8,2
S1,1,854,0.12508934953538242,5313.0,4
S1,1,855,0.16104585070102312,4845.0,0
S1,1,856,0.15252976190476192,5053.0,5
S1,1,857,0.14354894500172952,5419.0,3
S1,1,858,0.20313757039420757,4514.0,2
S1,1,859,0.12924929178470254,5360.0,6
S1,1,860,0.17537313432835822,4867.0,0
S1,1,861,0.17398945518453426,5252.0,1
S1,1,862,0.19526849417949682,4808.7,0
S1,1,863,0.17253398396653885,5245.5,1
S1,1,864,0.17139697751566532,4938.0,0
S1,1,865,0.15542211232779937,5209.0,0
S1,1,866,0.18010291595197256,5303.6,0
S1,1,867,0.20040485829959515,4422.0,0
S1,1,868,0.1789587852494577,5034.0,1
S1,1,869,0.1901686401148188,5021.0,0
S1,1,870,0.15907305577376277,4784.0,4
S1,1,871,0.17964071856287425,5186.0,2
S1,1,872,0.14316174230886383,6153.0,3
S1,1,873,0.1670843776106934,4385.0,0
S1,1,874,0.15969162995594713,5060.0,3
S1,1,875,0.17831149927219797,5038.0,2
S1,1,876,0.141081625797783,5491.0,0
S1,1,877,0.16751269035532995,5392.0,0
S1,1,878,0.15838011226944668,4636.8,5
S1,1,879,0.1312785388127854,4923.0,2
S1,1,880,0.13518197573656845,5347.0,0
S1,1,881,0.1782178217821782,4677.0,5
S1,1,882,0.15179224579370884,5060.0,2
S1,1,883,0.15468059461631178,4665.0,3
S1,1,884,0.13394565633371602,4833.0,0
S1,1,885,0.14002126905352713,5309.0,6
S1,1,886,0.16476552598225602,4396.0,4
S1,1,887,0.12,5452.0,6
S1,1,888,0.13658176448874124,5060.0,2
S1,1,889,0.12860483242400625,4864.0,6
S1,1,890,0.10585065434949961,4898.0,0
S1,1,891,0.13312034078807242,5271.0,2
S1,1,892,0.1357312521208008,5536.0,3
S1,1,893,0.11543535620052771,5721.0,1
S1,1,894,0.11367737278960664,5314.0,4
S1,1,895,0.13634665670526708,5057.0,6
S1,1,896,0.1145631067961165,4848.4,0
S1,1,897,0.18962432915921287,5112.0,2
S1,1,898,0.19652650822669104,3908.0,0
S1,1,899,0.16302462712452306,5358.0,4
S1,1,900,0.18886679920477137,5464.4,0
S1,1,901,0.18420120439249027,5103.0,0
S1,1,902,0.1874090247452693,5018.0,2
S1,1,903,0.20282843319687383,4836.7,0
S1,1,904,0.19630049075122688,4795.0,0
S1,1,905,0.18642929123278468,5386.0,0
S1,1,906,0.18769551616266944,5191.0,0
S1,1,907,0.1738141650422352,5688.0,3
S1,1,908,0.19600591715976332,4920.0,2
S1,1,909,0.21628498727735368,4879.0,0
S1,1,910,0.17507723995880536,5293.0,0
S1,1,911,0.1537958115183246,5634.0,1
S1,1,912,0.1715686274509804,4851.0,1
S1,1,913,0.14609203798392986,5088.0,1
S1,1,914,0.16945925361766945,4872.8,6
S1,1,915,0.1469559132260322,5298.0,1
S1,1,916,0.11293634496919917,5507.7,0
S1,1,917,0.19034536891679749,4588.2,0
S1,1,918,0.13307310149041873,5218.0,0
S1,1,919,0.15453960077269802,5794.0,4
S1,1,920,0.14646464646464646,5607.0,5
S1,1,921,0.09954308093994778,5810.0,0
S1,1,922,0.1808590806330068,4825.0,0
S1,1,923,0.12119226989846053,5738.0,1
S1,1,924,0.1994198694706309,4948.0,0
S1,1,925,0.18899700598802396,4866.0,1
S1,1,926,0.18435561681598897,5321.0,2
S1,1,927,0.17761394101876676,5435.0,0
S1,1,928,0.18592057761732853,5087.0,4
S1,1,929,0.18324607329842932,4568.0,3
S1,1,930,0.1736806947227789,5475.0,0
S1,1,931,0.1670450859552384,5653.0,1
S1,1,932,0.20878721859114016,4910.8,0
S1,1,933,0.1858224363386098,5279.0,0
S1,1,934,0.1518578352180937,5827.0,5
S1,1,935,0.1396545387725101,5209.0,11
S1,1,936,0.1862094395280236,4901.0,0
S1,1,937,0.18835019183815835,5206.0,1
S1,1,938,0.15948701085169353,5604.0,0
S1,1,939,0.16518424396442186,5788.9,2
S1,1,940,0.17109574080815435,5041.0,2
S1,1,941,0.16332982086406744,5246.0,1
S1,1,942,0.16193656093489148,5567.0,7
S1,1,943,0.15597616543988785,5333.0,4
S1,1,944,0.14504563233376794,5798.0,7
S1,1,945,0.18401682439537329,5233.0,2
S1,1,946,0.1692078839717367,5055.0,8
S1,1,947,0.18369489153254023,5243.0,3
S1,1,948,0.18345189067764883,4884.0,3
S1,1,949,0.16920152091254753,4897.0,6
S1,1,950,0.15414599574769666,5181.0,0
S1,1,951,0.17495711835334476,5297.0,0
S1,1,952,0.12423478574000721,5321.0,8
S1,1,953,0.17982944011865035,4936.0,2
S1,1,954,0.15961395694135114,4985.0,4
S1,1,955,0.14423076923076922,5506.0,5
S1,1,956,0.14761414349467902,5448.0,3
S1,1,957,0.21705123191239734,4557.0,0
S1,1,958,0.12478632478632479,5462.0,0
S1,1,959,0.19223520542781755,4793.0,0
S1,1,960,0.14402618657937807,5697.0,3
S1,1,961,0.21006655574043262,4280.8,0
S1,1,962,0.16896802325581395,5126.1,5
S1,1,963,0.16242464835900872,5551.3,7
S1,1,964,0.1600640256102441,4580.0,0
S1,1,965,0.1516258677383997,5096.0,3
S1,1,966,0.1694915254237288,5284.0,0
S1,1,967,0.13248129675810474,5978.0,2
S1,1,968,0.12864493996569468,4386.0,3
S1,1,969,0.10999254287844892,5116.0,3
S1,1,970,0.15408587257617729,5323.0,0
S1,1,971,0.14727272727272728,5087.0,1
S1,1,972,0.14622973925299507,5238.0,0
S1,1,973,0.16600505232767954,5094.0,1
S1,1,974,0.1689051689051689,4541.0,3
S1,1,975,0.19345238095238096,4848.0,2
S1,1,976,0.17269736842105263,5577.0,2
S1,1,977,0.16458396830234684,6059.0,3
S1,1,978,0.20054517133956387,4618.0,0
S1,1,979,0.1778846153846154,5722.0,4
S1,1,980,0.18427518427518427,5191.6,2
S1,1,981,0.1855566700100301,5404.0,0
S1,1,982,0.16885833831440525,6104.0,0
S1,1,983,0.16614745586708204,5345.0,2
S1,1,984,0.19887429643527205,4804.5,1
S1,1,985,0.19978783592644977,5068.0,0
S1,1,986,0.14317531021317212,5903.0,6
S1,1,987,0.20876466528640442,5168.0,0
S1,1,988,0.1394422310756972,5721.0,9
S1,1,989,0.16714082503556188,5151.0,1
S1,1,990,0.18178670360110805,5268.0,0
S1,1,991,0.158702476456226,5396.0,7
S1,1,992,0.1913075780089153,4866.0,0
S1,1,993,0.18763402430307363,5048.0,1
S1,1,994,0.20159680638722555,4482.0,0
S1,1,995,0.1896067415730337,5174.5,3
S1,1,996,0.18783176806859944,4505.0,6
S1,1,997,0.16375198728139906,5737.0,0
S1,1,998,0.16169154228855723,5225.0,2
S1,1,999,0.1953981008035062,5003.1,6
S1,1,1000,0.14505417686123734,5336.3,2
S1,1,1001,0.17501842299189388,4950.0,0
S1,1,1002,0.1535281960436965,6301.0,2
S1,1,1003,0.1825452016689847,5184.0,0
S1,1,1004,0.182052225082751,4922.0,0
S1,1,1005,0.1994036526276556,4808.0,0
S1,1,1006,0.17312758750470456,4851.0,0
S1,1,1007,0.18315645326942828,5284.0,0
S1,1,1008,0.12096774193548387,5223.0,6
S1,1,1009,0.18178339073861463,4818.0,2
S1,1,1010,0.20530523255813954,4916.0,0
S1,1,1011,0.18270197787462286,5393.0,0
S1,1,1012,0.14804202483285578,5809.8,0
S1,1,1013,0.16745540589734256,5026.0,1
S1,1,1014,0.11834319526627218,5383.0,0
S1,1,1015,0.16337232755143202,4656.0,5
S1,1,1016,0.149946447697251,5154.0,1
S1,1,1017,0.14799154334038056,5328.0,5
S1,1,1018,0.129278951201748,5179.0,2
S1,1,1019,0.16345804576825282,5053.0,0
S1,1,1020,0.18425760286225404,5092.0,0
S1,1,1021,0.18612521150592218,5392.0,2
S1,1,1022,0.19223590892123926,4820.0,0
S1,1,1023,0.15688259109311742,5440.0,0
S1,1,1024,0.14683734939759036,4919.0,0
S1,1,1025,0.1652589056188028,5189.7,9
S1,1,1026,0.17229129662522202,5177.5,2
S1,1,1027,0.15157048940832724,5093.0,3
S1,1,1028,0.2138728323699422,4614.0,0
S1,1,1029,0.19891500904159132,4977.0,0
S1,1,1030,0.17995290951900436,5408.0,0
S1,1,1031,0.17039000378644453,4864.0,0
S1,1,1032,0.1678082191780822,5357.0,1
S1,1,1033,0.17369727047146402,5189.0,1
S1,1,1034,0.18814341498047568,5116.0,3
S1,1,1035,0.18781006378454995,5131.0,1
S1,1,1036,0.18217306441119063,5565.0,0
S1,1,1037,0.1474820143884892,5242.0,4
S1,1,1038,0.1970354302241504,5089.2,8
S1,1,1039,0.1903735632183908,5015.8,0
S1,1,1040,0.19042232277526394,4771.0,0
S1,1,1041,0.1835352815395581,5099.0,2
S1,1,1042,0.19049346879535559,4959.0,0
S1,1,1043,0.16319444444444445,5357.0,4
S1,1,1044,0.1754047802621434,4755.0,3
S1,1,1045,0.16083634901487737,4556.0,0
S1,1,1046,0.13663220088626293,5063.0,2
S1,1,1047,0.08328095537397863,6131.0,3
S1,1,1048,0.18610897927858788,4704.0,0
S1,1,1049,0.13613861386138615,5318.0,3
S1,1,1050,0.1662667123757285,5411.0,3
S1,1,1051,0.1724137931034483,5138.0,1
S1,1,1052,0.14223560910307897,5533.0,0
S1,1,1053,0.14001953760989905,5759.0,4
S1,1,1054,0.1609403254972875,5077.0,0
S1,1,1055,0.17342166796570538,4709.0,3
S1,1,1056,0.12031139419674451,5389.0,5
S1,1,1057,0.11100687929956222,6098.0,4
S1,1,1058,0.15714768502872592,5470.0,3
S1,1,1059,0.1705263157894737,4337.0,0
S1,1,1060,0.1338971106412967,5253.0,0
S1,1,1061,0.18445839874411302,4608.3,1
S1,1,1062,0.1880934989043097,4948.0,0
S1,1,1063,0.18283852280955828,5081.0,4
S1,1,1064,0.18660812294182216,4953.0,0
S1,1,1065,0.20224719101123595,4777.0,0
S1,1,1066,0.17315353968740424,6068.0,8
S1,1,1067,0.18573004781169547,5070.0,8
S1,1,1068,0.178335535006605,5508.0,1
S1,1,1069,0.2080856123662307,4553.0,2
S1,1,1070,0.14277035236938032,6166.0,3
S1,1,1071,0.15955660060463553,5551.0,2
S1,1,1072,0.2018025078369906,4588.6,0
S1,1,1073,0.22823168392788645,4581.5,0
S1,1,1074,0.1930080116533139,4994.0,1
S1,1,1075,0.17384731670445955,4884.0,3
S1,1,1076,0.21927920104211898,4098.0,0
S1,1,1077,0.19298245614035087,5158.7,2
S1,1,1078,0.1905459875412239,4935.0,1
S1,1,1079,0.15251572327044025,5907.0,1
S1,1,1080,0.15260043600124573,5974.0,5
S1,1,1081,0.15737256243585357,5423.0,3
S1,1,1082,0.1492262343404569,5045.0,1
S1,1,1083,0.18409714061887975,4653.0,0
S1,1,1084,0.17751479289940827,4925.7,2
S1,1,1085,0.1863468634686347,4892.2,1
S1,1,1086,0.07653969384122464,5380.0,0
S1,1,1087,0.08774780630484239,5866.0,0
S1,1,1088,0.13153513153513152,5648.0,3
S1,1,1089,0.13477975016436555,5641.0,0
S1,1,1090,0.13323730644580484,5206.0,2
S1,1,1091,0.1396551724137931,5412.0,3
S1,1,1092,0.06669006669006669,5530.0,4
S1,1,1093,0.07145773785218457,4785.0,6
S1,1,1094,0.027406646111682084,5750.0,2
S1,1,1095,0.062053403535163594,5125.0,1
S1,1,1096,0.09723643807574207,5544.0,0
S1,1,1097,0.14587332053742802,4812.0,0
S1,1,1098,0.15408587257617729,5288.0,0
S1,1,1099,0.10847457627118644,5652.0,6
S1,1,1100,0.12371134020618557,5527.0,4
S1,1,1101,0.12182566918325326,5500.0,2
S1,1,1102,0.16769959897921982,5038.0,1
S1,1,1103,0.14051094890510948,5162.0,6
S1,1,1104,0.16874541452677916,5014.0,2
S1,1,1105,0.13331024930747923,5503.2,9
S1,1,1106,0.11979358643568006,5088.0,0
S1,1,1107,0.1191596111633741,5995.0,0
S1,1,1108,0.15436241610738255,5507.0,0
S1,1,1109,0.14754703061600885,4989.3,0
S1,1,1110,0.1358148893360161,5516.0,0
S1,1,1111,0.15652792600498044,5194.0,2
S1,1,1112,0.12998901501281582,5124.0,0
S1,1,1113,0.15352407536636428,5314.0,0
S1,1,1114,0.15268515268515268,5240.0,0
S1,1,1115,0.16201959306706856,4835.0,0
S1,1,1116,0.14145810663764963,5206.0,7
S1,1,1117,0.1514617823177175,5290.0,3
S1,1,1118,0.12547926106657373,5430.0,5
S1,1,1119,0.1414458913336327,4106.0,0
S1,1,1120,0.1540460282108389,4950.0,0
S1,1,1121,0.15802129852284438,5339.0,0
S1,1,1122,0.1648758799555391,4931.0,0
S1,1,1123,0.15447991761071062,5418.2,2
S1,1,1124,0.15072765072765074,5326.5,0
S1,1,1125,0.16968762051677594,4773.0,2
S1,1,1126,0.16987179487179488,5697.0,0
S1,1,1127,0.1556420233463035,5262.9,4
S1,1,1128,0.1353637901861252,5642.0,8
S1,1,1129,0.20047570506286103,5293.0,2
S1,1,1130,0.17574511819116137,5370.2,3
S1,1,1131,0.1809598741148702,4622.4,0
S1,1,1132,0.17767348307073416,5483.0,3
S1,1,1133,0.21042830540037244,4764.7,0
S1,1,1134,0.18126346015793252,5044.0,0
S1,1,1135,0.19604250641260534,4900.0,0
S1,1,1136,0.1859504132231405,5225.0,0
S1,1,1137,0.17186882655077046,4624.0,0
S1,1,1138,0.1724274930472785,4574.6,0
S1,1,1139,0.15478260869565216,5412.0,7
S1,1,1140,0.15100671140939598,4916.0,0
S1,1,1141,0.1664355062413315,5335.0,3
S1,1,1142,0.21038665655799849,4698.0,0
S1,1,1143,0.1519434628975265,5317.0,8
S1,1,1144,0.17463235294117646,4982.0,2
S1,1,1145,0.16140229087122526,5314.0,0
S1,1,1146,0.17531044558071585,4998.1,0
S1,1,1147,0.21249076127124908,4800.0,0
S1,1,1148,0.2109375,4577.8,0
S1,1,1149,0.2106847253574116,4753.0,0
S1,1,1150,0.17642642642642642,4890.0,1
S1,1,1151,0.2029742765273312,4473.4,0
S1,1,1152,0.21840542832909246,4198.0,0
S1,1,1153,0.19553072625698323,4862.0,0
S1,1,1154,0.23595023595023595,4114.2,1
S1,1,1155,0.18043844856661045,5412.0,1
S1,1,1156,0.19267624914442164,5284.8,1
S1,1,1157,0.17685439560439561,5362.2,3
S1,1,1158,0.1915991156963891,4950.0,2
S1,1,1159,0.184070796460177,5182.0,2
S1,1,1160,0.2021835826930853,4518.0,5
S1,1,1161,0.19117135905457072,5201.2,0
S1,1,1162,0.1803676725633021,5263.0,0
S1,1,1163,0.1554746940125703,5613.0,0
S1,1,1164,0.1730225988700565,5191.0,0
S1,1,1165,0.1904598490048044,5315.0,3
S1,1,1166,0.17628759073625994,5293.0,0
S1,1,1167,0.2015532544378698,4840.0,0
S1,1,1168,0.21017699115044247,4831.0,1
S1,1,1169,0.20882584712371946,4518.0,0
S1,1,1170,0.2118003025718608,4725.0,0
S1,1,1171,0.1785076758300607,5144.0,4
S1,1,1172,0.18414591371448616,5199.0,3
S1,1,1173,0.15263157894736842,5307.0,2
S1,1,1174,0.18283852280955828,5056.7,0
S1,1,1175,0.1920462270564242,5316.0,0
S1,1,1176,0.16239850093691444,5961.0,5
S1,1,1177,0.20535041446872646,4795.0,2
S1,1,1178,0.1958610495195861,4879.0,0
S1,1,1179,0.2396234488660676,4141.0,3
S1,1,1180,0.17659650374598646,5168.0,5
S1,1,1181,0.1685575364667747,5667.0,0
S1,1,1182,0.19263845889232886,5267.6,2
S1,1,1183,0.20302694721299372,4852.3,0
S1,1,1184,0.16987912446912773,5649.0,3
S1,1,1185,0.16320979258755525,5504.0,4
S1,1,1186,0.1540041067761807,5481.7,5
S1,1,1187,0.14086841233012926,5726.0,6
S1,1,1188,0.20343739038933709,5119.0,1
S1,1,1189,0.15937731653076354,5050.0,6
S1,1,1190,0.1918204849800941,4988.0,0
S1,1,1191,0.1815405497115711,5356.0,0
S1,1,1192,0.15997277059223963,5478.0,3
S1,1,1193,0.18283852280955828,5066.2,0
S1,1,1194,0.1924447612259444,5070.0,0
S1,1,1195,0.17456817346563763,5046.9,4
S1,1,1196,0.17132867132867133,5312.0,3
S1,1,1197,0.19808984789529538,5071.0,0
S1,1,1198,0.20411785587504438,5036.0,0
S1,1,1199,0.19902234636871508,5135.0,0
S1,1,1200,0.1662667123757285,5366.0,0
S1,1,1201,0.16420361247947454,5632.0,1
S1,1,1202,0.19021739130434784,5047.0,2
S1,1,1203,0.194757917728431,4976.0,1
S1,1,1204,0.2048417132216015,4882.8,3
S1,1,1205,0.19614711033274956,5127.0,0
S1,1,1206,0.17999242137173171,4835.9,3
S1,1,1207,0.15481456277645458,5510.0,3
S1,1,1208,0.1831148804934464,4710.6,0
S1,1,1209,0.16382480775660313,5549.0,4
S1,1,1210,0.1884920634920635,5480.3,0
S1,1,1211,0.18691588785046728,5255.0,0
S1,1,1212,0.22632179535945227,4643.9,0
S1,1,1213,0.18945634266886327,5512.0,2
S1,1,1214,0.1977818853974122,4907.0,3
S1,1,1215,0.20570948782535683,4322.1,2
S1,1,1216,0.17653352353780313,5180.0,1
S1,1,1217,0.20162782093969664,4873.2,0
S1,1,1218,0.20744474602559132,4605.0,0
S1,1,1219,0.2,5122.0,4
S1,1,1220,0.18925739005046863,5075.0,1
S1,1,1221,0.18629173989455183,5137.0,0
S1,1,1222,0.16850068775790922,5428.0,7
S1,1,1223,0.17059444249032713,5236.9,2
S1,1,1224,0.178382197103497,5224.0,4
S1,1,1225,0.19244604316546762,5062.0,3
S1,1,1226,0.18427518427518427,5220.6,4
S1,1,1227,0.1601489757914339,5030.5,3
S1,1,1228,0.18383628165105792,5268.0,1
S1,1,1229,0.15943458251150558,5746.9,9
S1,1,1230,0.1922416752488843,5268.0,1
S1,1,1231,0.18968692449355432,4932.0,1
S1,1,1232,0.17045454545454544,5038.0,1
S1,1,1233,0.18920812894183603,5165.1,1
S1,1,1234,0.1682935038707506,5479.0,2
S1,1,1235,0.21960146400976008,4395.0,3
S1,1,1236,0.17806267806267806,5178.0,1
S1,1,1237,0.1947604274388142,5269.0,2
S1,1,1238,0.18569940992710865,5265.8,1
S1,1,1239,0.2164009111617312,4690.7,0
S1,1,1240,0.1942663145982648,4844.0,4
S1,1,1241,0.18705574261129818,4883.1,3
S1,1,1242,0.20293911826452066,5133.0,0
S1,1,1243,0.17702186740715029,5294.0,2
S1,1,1244,0.15472312703583063,5682.0,0
S1,1,1245,0.18041237113402062,5352.0,4
S1,1,1246,0.17410228509249184,5031.0,0
S1,1,1247,0.165860400829302,5305.0,0
S1,1,1248,0.205078125,4592.0,0
S1,1,1249,0.19327129563350035,5060.4,2
S1,1,1250,0.16679160419790104,5068.0,11
S1,1,1251,0.16112789526686808,5565.0,6
S1,1,1252,0.20762551906379767,4710.0,0
S1,1,1253,0.18672199170124482,5201.0,0
S1,1,1254,0.09285213735108619,5475.0,3
S1,1,1255,0.20275750202757503,4409.5,0
S1,1,1256,0.17843438219493477,4814.6,1
S1,1,1257,0.18119842124147828,5156.0,4
S1,1,1258,0.1827302042278753,5129.0,3
S1,1,1259,0.18617021276595744,5157.0,3
S1,1,1260,0.19132217287324907,5286.9,2
S1,1,1261,0.1799660441426146,5357.0,1
S1,1,1262,0.16756548536209553,4834.0,3
S1,1,1263,0.18431514275388508,5086.0,2
S1,1,1264,0.17723880597014927,4934.0,1
S1,1,1265,0.1617490223960185,5213.0,4
S1,1,1266,0.19862766341639582,4990.0,1
S1,1,1267,0.17142857142857143,5478.0,2
S1,1,1268,0.18454639530872716,5250.0,0
S1,1,1269,0.11555989583333333,5821.0,2
S1,1,1270,0.16813858695652173,5445.0,4
S1,1,1271,0.1952362358453729,4744.0,6
S1,1,1272,0.19611436950146627,4938.0,0
S1,1,1273,0.18902643024422883,5425.0,1
S1,1,1274,0.19013360739979446,5285.0,0
S1,1,1275,0.1868170602749383,5151.0,1
S1,1,1276,0.2076923076923077,4659.5,0
S1,1,1277,0.17713083128726761,5194.0,0
S1,1,1278,0.1428102429415627,5799.0,8
S1,1,1279,0.14089121887287026,5761.0,5
S1,1,1280,0.19846796657381616,5211.0,3
S1,1,1281,0.20168361978253244,5104.0,0
S1,1,1282,0.1648148148148148,5002.7,4
S1,1,1283,0.18576456785295267,4636.0,0
S1,1,1284,0.18294849023090587,5127.5,3
S1,1,1285,0.17665396605472808,5341.0,4
S1,1,1286,0.18556280587275692,4521.0,3
S1,1,1287,0.17936316001612254,4529.0,0
S1,1,1288,0.15596988167802078,5295.0,8
S1,1,1289,0.15424610051993068,5322.0,0
S1,1,1290,0.16737081572960677,5666.0,2
S1,1,1291,0.17576664173522813,4945.4,4
S1,1,1292,0.16839378238341968,4997.6,3
S1,1,1293,0.14677103718199608,5754.0,5
S1,1,1294,0.1473647711511789,5395.0,6
S1,1,1295,0.16032811334824756,4936.0,1
S1,1,1296,0.16743038420867112,5346.0,8
S1,1,1297,0.1716321243523316,5638.0,0
S1,1,1298,0.1815055406954528,4850.0,5
S1,1,1299,0.14964216005204944,5742.0,5
S1,1,1300,0.1975016880486158,5316.5,0
S1,1,1301,0.20344287949921752,4579.0,1
S1,1,1302,0.15653775322283608,5082.0,3
S1,1,1303,0.1618705035971223,5158.1,3
S1,1,1304,0.20232371794871795,4444.0,0
S1,1,1305,0.18587360594795538,5365.0,0
S1,1,1306,0.19589893811790554,4911.2,0
S1,1,1307,0.14610888957243925,6044.0,2
S1,1,1308,0.13903743315508021,5177.0,0
S1,1,1309,0.07792678506705328,5335.0,5
S1,1,1310,0.1523809523809524,4872.0,3
S1,1,1311,0.1253397765025672,6179.0,0
S1,1,1312,0.06604506604506605,4990.0,2
S1,1,1313,0.13335704125177808,5256.0,1
S1,1,1314,0.13533834586466165,4972.0,2
S1,1,1315,0.09876543209876543,5392.0,0
S1,1,1316,0.1609985528219971,5085.0,0
S1,1,1317,0.16908212560386474,5303.0,1
S1,1,1318,0.10186160871092378,5516.0,7
S1,1,1319,0.18223637650389243,5109.0,0
S1,1,1320,0.15825169555388094,4921.0,1
S1,1,1321,0.15862524785194976,5584.0,2
S1,1,1322,0.13016845329249618,6137.0,4
S1,1,1323,0.13913663931501963,5203.0,1
S1,1,1324,0.1537037037037037,4962.0,0
S1,1,1325,0.1312869822485207,5010.0,0
S1,1,1326,0.09523809523809523,5592.0,0
S1,1,1327,0.1735569422776911,4690.8,0
S1,1,1328,0.15953716690042075,5221.0,1
S1,1,1329,0.16151685393258428,5318.0,7
S1,1,1330,0.13139453398738613,5315.0,1
S1,1,1331,0.07845934379457917,5435.0,6
S1,1,1332,0.0949367088607595,5495.0,7
S1,1,1333,0.04349176762969866,6255.0,0
S1,1,1334,0.0624331073849447,5428.0,2
S1,1,1335,0.12440354464894342,5475.0,0
S1,1,1336,0.16845612736023696,5074.0,8
S1,1,1337,0.16924362724613456,4378.0,0
S1,1,1338,0.12892561983471074,5742.0,4
S1,1,1339,0.14063534083388485,5611.0,0
S1,1,1340,0.15529071867100036,5150.0,3
S1,1,1341,0.15186915887850466,4794.2,3
S1,1,1342,0.14967105263157895,5632.0,1
S1,1,1343,0.1632208922742111,5226.0,11
S1,1,1344,0.14516661167931375,5669.0,2
S1,1,1345,0.12532252119424991,5143.0,4
S1,1,1346,0.14038128249566725,5352.0,0
S1,1,1347,0.1592356687898089,5503.0,1
S1,1,1348,0.14456981664315938,5259.0,0
S1,1,1349,0.1478102189781022,5072.0,0
S1,1,1350,0.1592356687898089,4975.0,3
S1,1,1351,0.16910935738444194,4874.0,0
S1,1,1352,0.16967126193001061,5195.0,0
S1,1,1353,0.1852559205500382,4728.0,0
S1,1,1354,0.17940437746681018,5101.0,2
S1,1,1355,0.14558232931726908,5623.0,7
S1,1,1356,0.12812089356110382,5685.0,0
S1,1,1357,0.1424409193913888,5725.0,0
S1,1,1358,0.1978486361890127,4648.1,0
S1,1,1359,0.1643535427319211,5023.8,0
S1,1,1360,0.20191055145462442,4183.0,2
S1,1,1361,0.17767408470926058,5079.7,1
S1,1,1362,0.17497147204260174,4905.0,5
S1,1,1363,0.15750562520090003,5789.0,5
S1,1,1364,0.17883211678832117,5014.1,1
S1,1,1365,0.16310066643283058,5254.0,0
S1,1,1366,0.1992173603699751,5044.0,0
S1,1,1367,0.1592356687898089,4966.3,2
S1,1,1368,0.17331345508758852,4903.0,1
S1,1,1369,0.18679724338048603,4986.0,0
S1,1,1370,0.17439891635624788,5383.0,1
S1,1,1371,0.18386714116251482,4600.0,0
S1,1,1372,0.18905872888173772,4574.0,6
S1,1,1373,0.13685789276340457,5021.0,4
S1,1,1374,0.15564882826162993,5250.0,0
S1,1,1375,0.1753393665158371,4906.0,3
S1,1,1376,0.1954771943273285,4760.0,2
S1,1,1377,0.16565728535803348,5126.0,0
S1,1,1378,0.1830065359477124,5607.5,4
S1,1,1379,0.14007910349373764,5640.6,0
S1,1,1380,0.16600920447074294,5556.0,0
S1,1,1381,0.14502307185234015,5700.0,3
S1,1,1382,0.17950635751682872,4885.0,2
S1,1,1383,0.17383177570093458,4892.0,1
S1,1,1384,0.16139993204213388,5428.0,1
S1,1,1385,0.13486176668914363,5579.8,2
S1,1,1386,0.15007062146892655,5306.0,6
S1,1,1387,0.12746234067207415,4925.0,5
S1,1,1388,0.12387791741472172,5222.3,0
S1,1,1389,0.13732394366197184,5322.0,3
S1,1,1390,0.14734774066797643,5635.0,0
S1,1,1391,0.14018691588785046,5564.0,1
S1,1,1392,0.12974051896207583,5619.0,0
S1,1,1393,0.1970260223048327,4360.8,0
S1,1,1394,0.14675414364640885,5424.0,2
S1,1,1395,0.15120625212368333,5488.7,5
S1,1,1396,0.15703069236259815,5221.0,5
S1,1,1397,0.15077138849929875,5281.3,0
S1,1,1398,0.17114464482885536,5056.0,4
S1,1,1399,0.18622628250175685,5139.0,0
S1,1,1400,0.18199608610567514,4667.0,3
S1,1,1401,0.1821074964639321,5173.0,3
S1,1,1402,0.13740982480247338,5474.0,2
S1,1,1403,0.17286796180441225,5601.0,3
S1,1,1404,0.18492176386913228,5071.0,0
S1,1,1405,0.14463566459172464,5119.0,5
S1,1,1406,0.15064562410329985,5198.0,5
S1,1,1407,0.14829732698645184,5149.0,7
S1,1,1408,0.1382569128456423,5287.2,0
S1,1,1409,0.14261744966442952,5497.0,0
S1,1,1410,0.13847305389221556,5001.0,3
S1,1,1411,0.14489953632148378,4873.0,6
S1,1,1412,0.1453697056712132,5134.0,0
S1,1,1413,0.14054813773717498,5279.0,0
S1,1,1414,0.17247267759562843,5328.0,0
S1,1,1415,0.16205389657683905,5034.0,0
S1,1,1416,0.17377284127552847,5069.0,0
S1,1,1417,0.13610586011342155,4992.0,4
S1,1,1418,0.14912280701754385,5286.3,3
S1,1,1419,0.14652014652014653,5027.0,0
S1,1,1420,0.104,5887.0,0
S1,1,1421,0.055666003976143144,4927.0,5
S1,1,1422,0.11920752182672935,5598.0,1
S1,1,1423,0.12412004446091145,5115.0,5
S1,1,1424,0.13721185510428102,5118.0,3
S1,1,1425,0.1112732579350602,5214.0,4
S1,1,1426,0.11172161172161173,5192.0,3
S1,1,1427,0.12281354670636398,5026.0,0
S1,1,1428,0.11544284632853899,5016.0,3
S1,1,1429,0.1511379800853485,5196.0,0
S1,1,1430,0.09637373407383208,5799.0,0
S1,1,1431,0.12182910547396529,5614.0,0
S1,1,1432,0.10386819484240688,5276.5,0
S1,1,1433,0.12816072047107724,5456.0,4
S1,1,1434,0.10734929810074319,4546.0,0
S1,1,1435,0.07198952879581152,5879.0,0
S1,1,1436,0.10506208213944604,5936.1,0
S1,1,1437,0.09237875288683603,5824.0,2
S1,1,1438,0.14531548757170173,4807.4,0
S1,1,1439,0.16424751718869365,4763.0,0
S1,1,1440,0.10514457378895982,5058.0,2
S1,1,1441,0.09433962264150944,5522.0,0
S1,1,1442,0.11186440677966102,5637.0,6
S1,1,1443,0.10172143974960876,4824.0,0
S1,1,1444,0.14825676115998696,5710.2,4
S1,1,1445,0.16187778227438285,4564.0,0
S1,1,1446,0.19824707846410686,4344.7,4
S1,1,1447,0.1592797783933518,5353.0,2
S1,1,1448,0.1362126245847176,5632.0,2
S1,1,1449,0.15806686046511628,5171.0,6
S1,1,1450,0.1326671261199173,5451.0,2
S1,1,1451,0.15179563124768605,5069.0,6
S1,1,1452,0.15326301911667764,5565.0,0
S1,1,1453,0.18312985571587126,4883.0,1
S1,1,1454,0.13758272378962033,5325.4,0
S1,1,1455,0.13193116634799235,4937.0,5
S1,1,1456,0.1579694710685126,5201.0,1
S1,1,1457,0.14918032786885246,5632.0,0
S1,1,1458,0.1488,5747.0,0
S1,1,1459,0.17662532882375048,4904.0,4
S1,1,1460,0.16604540833615725,5379.0,0
S1,1,1461,0.08284432171211598,5541.0,1
S1,1,1462,0.14615662215806569,5099.0,0
S1,1,1463,0.12037037037037036,5152.0,6
S1,1,1464,0.12495119094103865,4854.0,5
S1,1,1465,0.13594562175129948,4649.0,0
S1,1,1466,0.16192733017377567,4636.0,0
S1,1,1467,0.1599568655643422,5151.0,3
S1,1,1468,0.15328223925358214,5514.0,0
S1,1,1469,0.1300631735414344,5049.0,4
S1,1,1470,0.11772620248906829,5633.0,3
S1,1,1471,0.175,5117.0,1
S1,1,1472,0.13863216266173753,4997.0,0
S1,1,1473,0.12861100118717847,4836.0,7
S1,1,1474,0.12919398380254532,4823.0,0
S1,1,1475,0.14199799532241897,5593.0,3
S1,1,1476,0.11802173098538779,5010.0,0
S1,1,1477,0.14094955489614244,5069.0,4
S1,1,1478,0.13731233980227023,5069.0,0
S1,1,1479,0.12426648256817398,5426.0,2
S1,1,1480,0.1822716807367613,4734.0,0
S1,1,1481,0.18399428367274026,5105.0,2
S1,1,1482,0.15339538090313684,5374.0,3
S1,1,1483,0.12595663265306123,5909.0,4
S1,1,1484,0.1588170865279299,5040.0,0
S1,1,1485,0.16857838025721236,5246.0,0
S1,1,1486,0.1664110429447853,4815.1,3
S1,1,1487,0.15603566529492455,5379.0,0
S1,1,1488,0.16972635954277798,5401.0,10
S1,1,1489,0.13831258644536654,5372.4,0
S1,1,1490,0.15308004426410918,5119.3,8
S1,1,1491,0.14925373134328357,5235.0,2
S1,1,1492,0.1394083645018701,5494.0,2
S1,1,1493,0.14705882352941177,5443.0,0
S1,1,1494,0.15293270960777258,5185.0,3
S1,1,1495,0.15273004963726614,4925.0,8
S1,1,1496,0.16412661195779601,4695.1,1
S1,1,1497,0.1473960039305601,5653.0,0
S1,1,1498,0.16196279666452854,5708.0,1
S1,1,1499,0.1468904998092331,4929.0,5
S1,2,0,0.12801755669348938,5090.0,1
S1,2,1,0.1253374469726186,4823.0,0
S1,2,2,0.12167423750811161,5771.0,0
S1,2,3,0.1068840579710145,5242.0,1
S1,2,4,0.12298091042584434,5100.0,1
S1,2,5,0.10955152345087299,5484.0,0
S1,2,6,0.1298219584569733,5014.0,0
S1,2,7,0.1101878612716763,5253.0,4
S1,2,8,0.09978991596638656,5414.0,0
S1,2,9,0.09990331936835321,5868.0,1
S1,2,10,0.13320825515947468,4992.0,2
S1,2,11,0.11380057803468208,5178.0,0
S1,2,12,0.11841227484989994,5618.0,0
S1,2,13,0.12122342409548675,5029.0,0
S1,2,14,0.09017651573292403,4994.0,3
S1,2,15,0.12644508670520233,5168.0,0
S1,2,16,0.13260530421216848,4850.0,4
S1,2,17,0.11791680314444808,5738.0,2
S1,2,18,0.13210278682591386,5208.0,2
S1,2,19,0.11035955856176576,5275.0,0
S1,2,20,0.11099726775956284,5518.0,2
S1,2,21,0.13107305138063613,5369.0,3
S1,2,22,0.10843373493975904,5492.0,1
S1,2,23,0.08999280057595392,5313.0,2
S1,2,24,0.11480042387848817,5319.0,0
S1,2,25,0.12100840336134454,5588.2,1
S1,2,26,0.11741329479768786,5259.2,4
S1,2,27,0.1294390972452705,5608.0,0
S1,2,28,0.11095937179924889,5505.0,0
S1,2,29,0.12438748586505842,4968.0,1
S1,2,30,0.13110632183908047,5210.0,2
S1,2,31,0.11237839651123784,5709.0,6
S1,2,32,0.11710794297352342,5529.0,0
S1,2,33,0.11066398390342053,5611.0,0
S1,2,34,0.11818778726198292,5739.0,2
S1,2,35,0.11462313303230288,5460.0,3
S1,2,36,0.15230312035661217,4956.0,0
S1,2,37,0.11306042884990253,4813.3,0
S1,2,38,0.13856362217017953,4811.0,4
S1,2,39,0.13013013013013014,5651.0,4
S1,2,40,0.10758377425044091,5352.0,1
S1,2,41,0.14784394250513347,4482.0,0
S1,2,42,0.0920778318276581,5478.0,1
S1,2,43,0.1440329218106996,4552.0,2
S1,2,44,0.11085751548744702,5766.0,0
S1,2,45,0.1195609564876519,4829.0,2
S1,2,46,0.1302640970735189,5236.0,0
S1,2,47,0.15381619937694704,4728.1,1
S1,2,48,0.10815047021943573,6022.0,0
S1,2,49,0.13457164518574677,4898.0,0
S1,2,50,0.11512027491408934,5487.0,0
S1,2,51,0.11838697743248243,5078.0,1
S1,2,52,0.1569767441860465,4752.3,1
S1,2,53,0.11408083441981746,5843.0,3
S1,2,54,0.11980033277870217,5692.0,3
S1,2,55,0.1551094890510949,5081.2,3
S1,2,56,0.11580127007844603,5066.3,3
S1,2,57,0.11400071250445315,5251.0,0
S1,2,58,0.12529234881389908,5598.0,1
S1,2,59,0.11949099937926753,6026.0,0
S1,2,60,0.13682564503518374,4738.0,1
S1,2,61,0.10638297872340426,5416.0,1
S1,2,62,0.11836441893830703,5238.0,1
S1,2,63,0.14489795918367346,4507.0,0
S1,2,64,0.11235955056179775,5393.0,2
S1,2,65,0.13153279551034724,5309.0,0
S1,2,66,0.13919016630513376,5134.0,1
S1,2,67,0.15057755775577558,4475.0,1
S1,2,68,0.14365671641791045,4997.0,2
S1,2,69,0.11753494282083862,5928.0,3
S1,2,70,0.12035398230088495,5302.0,0
S1,2,71,0.13696193525435787,5210.6,0
S1,2,72,0.1257396449704142,5050.0,1
S1,2,73,0.10888351192533702,5448.0,0
S1,2,74,0.10966542750929369,5097.0,1
S1,2,75,0.13153340256143994,5390.0,1
S1,2,76,0.14245515300738656,5238.0,0
S1,2,77,0.13717903622933522,5343.0,4
S1,2,78,0.1460849240358395,4756.0,1
S1,2,79,0.13464696223316913,5717.0,2
S1,2,80,0.09950248756218906,5787.0,6
S1,2,81,0.12735519888346128,5399.7,2
S1,2,82,0.12653374233128833,4883.0,2
S1,2,83,0.1323685139428168,5373.0,4
S1,2,84,0.14192139737991266,5098.0,1
S1,2,85,0.15570934256055363,4774.0,0
S1,2,86,0.13986013986013987,5086.0,2
S1,2,87,0.1295064753237662,5376.0,4
S1,2,88,0.1202335967021642,5434.0,0
S1,2,89,0.1056338028169014,5417.0,2
S1,2,90,0.12530455969369997,5428.0,4
S1,2,91,0.13580655846306725,5595.0,0
S1,2,92,0.13952599388379205,4874.0,2
S1,2,93,0.13402061855670103,5492.0,5
S1,2,94,0.15487504399859203,5199.0,0
S1,2,95,0.13523809523809524,4887.0,0
S1,2,96,0.1233644859813084,5067.0,5
S1,2,97,0.15594157125937624,4683.0,3
S1,2,98,0.14705882352941177,5014.0,4
S1,2,99,0.15754233950374164,4660.0,0
S1,2,100,0.13342696629213482,5343.0,2
S1,2,101,0.1344590368980613,5943.0,0
S1,2,102,0.16647748770336737,4813.6,0
S1,2,103,0.1568951279933939,4491.0,3
S1,2,104,0.128112594731144,5204.0,1
S1,2,105,0.15482695810564662,5052.0,0
S1,2,106,0.14958863126402394,4915.0,0
S1,2,107,0.13137316233969346,5956.0,0
S1,2,108,0.11720158672917418,5203.0,0
S1,2,109,0.09670487106017192,5372.3,4
S1,2,110,0.13684570646595964,5438.0,1
S1,2,111,0.1352688881557242,5609.0,0
S1,2,112,0.15812431842966193,5064.0,1
S1,2,113,0.13847305389221556,5021.0,3
S1,2,114,0.1554979637171418,4964.0,1
S1,2,115,0.13226527570789867,5005.0,0
S1,2,116,0.15915593705293277,5154.0,3
S1,2,117,0.11766712141882674,5516.0,2
S1,2,118,0.10906298003072197,6182.0,2
S1,2,119,0.1099476439790576,5427.0,2
S1,2,120,0.12475696694750486,5749.0,0
S1,2,121,0.14143730886850153,4894.0,4
S1,2,122,0.12622720897615708,5301.0,0
S1,2,123,0.12750455373406194,5127.0,1
S1,2,124,0.13026052104208416,5695.0,7
S1,2,125,0.13854351687388988,5232.0,2
S1,2,126,0.15375632541845075,4700.0,0
S1,2,127,0.12668377164849262,5863.0,2
S1,2,128,0.13017565872020076,5928.0,0
S1,2,129,0.13701067615658363,5272.0,4
S1,2,130,0.13532269257460097,5386.0,1
S1,2,131,0.13477975016436555,5631.0,0
S1,2,132,0.09160559626915389,5786.0,5
S1,2,133,0.1323379708177808,5536.0,3
S1,2,134,0.11641221374045801,5082.0,10
S1,2,135,0.14092240117130309,5091.0,0
S1,2,136,0.13263525305410123,5332.0,0
S1,2,137,0.13551566349876804,5374.0,5
S1,2,138,0.11572606214331008,5900.0,0
S1,2,139,0.1590594744121715,5356.0,2
S1,2,140,0.14045968624589567,5094.0,0
S1,2,141,0.14955686853766617,5073.0,5
S1,2,142,0.13305052063247205,4898.7,5
S1,2,143,0.1642194744976816,4793.0,3
S1,2,144,0.1597051597051597,5235.0,0
S1,2,145,0.16423357664233576,4599.0,3
S1,2,146,0.12044161927065908,5665.0,1
S1,2,147,0.13928067700987307,5274.0,0
S1,2,148,0.15802556818181818,5159.0,0
S1,2,149,0.15204473960153791,5324.0,4
S1,2,150,0.12513218188227002,5306.0,0
S1,2,151,0.16332982086406744,5251.0,3
S1,2,152,0.13537906137184116,5157.0,0
S1,2,153,0.14234234234234233,5182.0,0
S1,2,154,0.15174222555264144,4950.0,3
S1,2,155,0.12379110251450677,4937.0,5
S1,2,156,0.15678842177808408,5391.0,2
S1,2,157,0.16010305483989695,4991.0,2
S1,2,158,0.12431880108991826,5579.0,4
S1,2,159,0.1459992415623815,4886.0,0
S1,2,160,0.14330708661417324,5917.0,2
S1,2,161,0.1317614424410541,5405.0,2
S1,2,162,0.1451310861423221,5945.0,1
S1,2,163,0.18789144050104384,4352.0,3
S1,2,164,0.16808346213292116,4698.0,0
S1,2,165,0.15806686046511628,5046.0,0
S1,2,166,0.1691663760027904,5221.0,0
S1,2,167,0.12524719841793014,5670.0,0
S1,2,168,0.11889250814332247,5817.0,5
S1,2,169,0.12084592145015106,5048.0,6
S1,2,170,0.13333333333333333,5172.0,1
S1,2,171,0.12917115177610333,5208.8,0
S1,2,172,0.12449652142072501,5159.0,2
S1,2,173,0.15085423482370047,5069.3,1
S1,2,174,0.19534333070244672,4552.1,0
S1,2,175,0.13561113067981684,5250.0,0
S1,2,176,0.14849692140528795,5119.0,0
S1,2,177,0.14893617021276595,5207.0,0
S1,2,178,0.13740185581727338,5211.0,1
S1,2,179,0.20653654108034497,3913.0,0
S1,2,180,0.16270118964310706,5228.0,0
S1,2,181,0.1501072194424589,5224.9,3
S1,2,182,0.14267185473411154,5791.7,5
S1,2,183,0.14672256097560976,4855.0,1
S1,2,184,0.1624087591240876,5062.0,2
S1,2,185,0.14382102272727273,5274.0,3
S1,2,186,0.14315642458100558,5305.0,0
S1,2,187,0.1399407309845242,5631.0,1
S1,2,188,0.12972453555413196,5851.0,2
S1,2,189,0.13625789298770355,5605.0,0
S1,2,190,0.1484263233190272,5189.0,1
S1,2,191,0.12396694214876033,5258.0,3
S1,2,192,0.12220309810671257,5432.0,0
S1,2,193,0.15869827239855364,4650.0,6
S1,2,194,0.1231437884824339,5179.0,1
S1,2,195,0.09779516358463727,5396.0,3
S1,2,196,0.15298507462686567,4942.0,1
S1,2,197,0.1722282023681378,5156.0,5
S1,2,198,0.18206209275584515,4720.0,0
S1,2,199,0.14626218851570963,5100.0,0
S1,2,200,0.16321656050955413,4676.0,3
S1,2,201,0.15372790161414296,4854.0,4
S1,2,202,0.13709677419354838,4737.0,6
S1,2,203,0.16690856313497823,5079.0,1
S1,2,204,0.1419610432485969,5630.0,1
S1,2,205,0.17102229054573406,4861.0,7
S1,2,206,0.15306122448979592,5085.0,1
S1,2,207,0.12910798122065728,4909.0,10
S1,2,208,0.13383297644539616,5237.2,2
S1,2,209,0.18669985775248932,5096.0,0
S1,2,210,0.12702785430058158,6096.0,0
S1,2,211,0.1425959780621572,5042.0,0
S1,2,212,0.12259774685222001,5663.0,0
S1,2,213,0.1777059773828756,4509.0,1
S1,2,214,0.17572537801389457,4511.0,4
S1,2,215,0.15529071867100036,5105.0,0
S1,2,216,0.13644859813084112,4992.0,0
S1,2,217,0.166854143232096,4856.0,0
S1,2,218,0.17420435510887772,5407.5,0
S1,2,219,0.15768243491015768,5011.0,0
S1,2,220,0.1773711725168036,4843.0,0
S1,2,221,0.13903371567605144,5316.0,0
S1,2,222,0.12458162885831164,5035.0,0
S1,2,223,0.13975155279503104,5368.0,0
S1,2,224,0.15881147540983606,5393.0,2
S1,2,225,0.19113460756405043,4465.0,1
S1,2,226,0.15491452991452992,5218.0,0
S1,2,227,0.16649323621227888,5303.0,4
S1,2,228,0.14545454545454545,5137.0,4
S1,2,229,0.09178321678321678,4418.0,4
S1,2,230,0.12345679012345678,5387.0,4
S1,2,231,0.1251788268955651,5249.0,2
S1,2,232,0.16990291262135923,5253.0,0
S1,2,233,0.14053504910260753,5503.0,1
S1,2,234,0.15482695810564662,5057.0,0
S1,2,235,0.13503514613392525,5093.0,3
S1,2,236,0.16786118445869483,4839.0,0
S1,2,237,0.11265164644714037,5457.0,2
S1,2,238,0.13179042108646738,5839.0,2
S1,2,239,0.16184310738766183,4864.0,2
S1,2,240,0.1825242718446602,4662.0,0
S1,2,241,0.13012361743656473,5755.0,0
S1,2,242,0.13971358714635,5328.3,2
S1,2,243,0.11748445058742225,5440.0,0
S1,2,244,0.11736214605067063,5110.0,6
S1,2,245,0.10409781890284203,5694.0,0
S1,2,246,0.1336728198599618,5821.0,0
S1,2,247,0.17002767892447607,4593.0,0
S1,2,248,0.1423670668953688,5412.0,0
S1,2,249,0.1519971721456345,5250.0,3
S1,2,250,0.1518987341772152,5082.0,0
S1,2,251,0.16907294832826747,4861.0,4
S1,2,252,0.16536273115220484,5157.0,0
S1,2,253,0.16468785905783226,4839.0,3
S1,2,254,0.15773405698778833,5408.0,0
S1,2,255,0.17376681614349776,4869.6,0
S1,2,256,0.14197306152166,5171.0,6
S1,2,257,0.14149209849320102,5099.0,3
S1,2,258,0.13139931740614336,5497.5,2
S1,2,259,0.1511917467093561,5194.0,0
S1,2,260,0.1391304347826087,5387.0,2
S1,2,261,0.15185185185185185,5007.5,1
S1,2,262,0.18532384874578808,4829.5,0
S1,2,263,0.1437932289770659,5136.0,2
S1,2,264,0.1500618811881188,5956.0,0
S1,2,265,0.1920152091254753,4752.4,0
S1,2,266,0.16752577319587628,5030.8,4
S1,2,267,0.1824960753532182,4678.0,3
S1,2,268,0.11409395973154363,5662.0,3
S1,2,269,0.1782006920415225,5287.0,3
S1,2,270,0.16345492085340674,5349.0,1
S1,2,271,0.14305177111716622,5509.0,3
S1,2,272,0.15920029618659756,4999.0,0
S1,2,273,0.16313779937521694,5264.0,0
S1,2,274,0.164021164021164,5262.4,5
S1,2,275,0.1373825018076645,5219.0,4
S1,2,276,0.19022827392871447,4586.8,4
S1,2,277,0.1819164265129683,5034.0,0
S1,2,278,0.14786795048143053,5378.0,0
S1,2,279,0.14840600952729938,5105.0,3
S1,2,280,0.1591375770020534,5376.0,0
S1,2,281,0.13088137839628894,5668.0,2
S1,2,282,0.17253904831093353,5028.8,0
S1,2,283,0.1691988950276243,5364.0,5
S1,2,284,0.1674468851278358,5106.0,0
S1,2,285,0.15764958796130418,5174.3,3
S1,2,286,0.15561569688768606,5429.0,0
S1,2,287,0.16353514265831592,5290.0,2
S1,2,288,0.16292541636495295,5066.0,0
S1,2,289,0.13556338028169015,5282.0,0
S1,2,290,0.15339538090313684,5384.0,1
S1,2,291,0.14444831186912635,5348.0,3
S1,2,292,0.16045548654244307,5387.5,3
S1,2,293,0.1493550577053632,5409.0,0
S1,2,294,0.11546184738955824,5598.0,0
S1,2,295,0.16923076923076924,4742.6,0
S1,2,296,0.1541038525963149,5502.0,1
S1,2,297,0.13460857244066596,5333.0,5
S1,2,298,0.14248280379954142,5668.0,0
S1,2,299,0.1851090086384204,4374.0,0
S1,2,300,0.17518770110833035,5131.0,0
S1,2,301,0.1665095821551995,5838.0,1
S1,2,302,0.15584415584415584,5682.0,0
S1,2,303,0.17900172117039587,5267.0,0
S1,2,304,0.17323995576852194,4988.0,3
S1,2,305,0.1792485349879352,5279.0,0
S1,2,306,0.2017345399698341,4757.1,0
S1,2,307,0.1947565543071161,4827.0,2
S1,2,308,0.18223234624145787,4745.0,0
S1,2,309,0.18503456689711265,4465.0,0
S1,2,310,0.16789667896678967,4992.0,3
S1,2,311,0.19109461966604824,4872.0,0
S1,2,312,0.1602086438152012,5040.0,7
S1,2,313,0.14335664335664336,5372.0,5
S1,2,314,0.16862447896930655,4830.0,0
S1,2,315,0.18919984233346474,4581.8,0
S1,2,316,0.21670606776989756,4489.6,0
S1,2,317,0.17479830964271995,4708.9,0
S1,2,318,0.15757790368271954,5195.0,0
S1,2,319,0.14714898835070508,6076.0,3
S1,2,320,0.16694772344013492,5452.0,2
S1,2,321,0.16433566433566432,5237.0,1
S1,2,322,0.1623962468422952,5114.0,4
S1,2,323,0.12199372603694666,5430.0,3
S1,2,324,0.10353615801210576,6030.0,6
S1,2,325,0.12022630834512023,5283.0,0
S1,2,326,0.13333333333333333,5292.0,0
S1,2,327,0.13295880149812733,4962.0,0
S1,2,328,0.14251781472684086,5536.0,4
S1,2,329,0.16060371517027863,4750.0,0
S1,2,330,0.14404033129276198,5266.7,8
S1,2,331,0.18082282680822828,5485.0,2
S1,2,332,0.14245014245014245,5198.0,1
S1,2,333,0.1565187478500172,5366.0,1
S1,2,334,0.15038809831824063,5686.0,0
S1,2,335,0.09411362080766598,5616.2,5
S1,2,336,0.11439842209072978,4772.0,2
S1,2,337,0.10309278350515463,5159.0,1
S1,2,338,0.17347725520431764,4740.0,0
S1,2,339,0.14126264387861875,5347.3,3
S1,2,340,0.16610675625233295,4900.0,0
S1,2,341,0.15768243491015768,5116.0,7
S1,2,342,0.16638935108153077,5542.0,2
S1,2,343,0.13174404015056462,6048.0,6
S1,2,344,0.16788884600540332,4739.0,2
S1,2,345,0.16818028927009754,5418.0,1
S1,2,346,0.1674641148325359,4996.0,1
S1,2,347,0.18233821952091528,5041.0,0
S1,2,348,0.14195056780227122,5560.0,2
S1,2,349,0.14559528197567267,5053.0,2
S1,2,350,0.14625850340136054,5447.0,1
S1,2,351,0.14275517487508924,5231.0,2
S1,2,352,0.1444043321299639,5127.0,0
S1,2,353,0.14769332890806505,5558.0,0
S1,2,354,0.15982564475118052,5078.0,1
S1,2,355,0.15472586612848974,5503.0,2
S1,2,356,0.1596732268845154,4963.0,2
S1,2,357,0.155734701355808,5090.0,5
S1,2,358,0.14551083591331268,5992.0,0
S1,2,359,0.15503875968992248,5739.0,3
S1,2,360,0.13268156424581007,5315.0,0
S1,2,361,0.13513513513513514,5079.3,3
S1,2,362,0.1417611741160774,5603.0,4
S1,2,363,0.1292077524651479,5509.0,2
S1,2,364,0.10737790093522688,5436.0,0
S1,2,365,0.18086544962812712,5368.0,0
S1,2,366,0.16396532227666794,4858.0,0
S1,2,367,0.14361175305381313,5605.0,0
S1,2,368,0.13830532212885155,5329.0,0
S1,2,369,0.12918994413407822,5415.0,4
S1,2,370,0.13798111837327523,5100.0,0
S1,2,371,0.14095917044718081,5744.0,1
S1,2,372,0.10974822466107166,5893.0,4
S1,2,373,0.12929507616011335,5318.5,3
S1,2,374,0.1809872029250457,4957.0,0
S1,2,375,0.18442622950819673,4865.0,0
S1,2,376,0.16957689724647415,5418.0,0
S1,2,377,0.15426147319706904,4758.0,0
S1,2,378,0.08157211716722285,5216.0,5
S1,2,379,0.1453900709219858,5230.0,2
S1,2,380,0.12261089073205914,5253.0,4
S1,2,381,0.16886187098953057,5439.6,3
S1,2,382,0.17106200997861726,5104.0,0
S1,2,383,0.15131360159627535,5621.0,4
S1,2,384,0.12468827930174564,6128.0,7
S1,2,385,0.1278118609406953,5585.0,7
S1,2,386,0.07981376787495843,5791.0,3
S1,2,387,0.14711359404096835,4977.0,2
S1,2,388,0.1465798045602606,5662.0,0
S1,2,389,0.15625,4997.0,0
S1,2,390,0.16745540589734256,4997.0,0
S1,2,391,0.13838550247116968,5702.0,3
S1,2,392,0.16287878787878787,4954.5,6
S1,2,393,0.1461308535370309,5634.0,5
S1,2,394,0.17926734216679657,4704.0,1
S1,2,395,0.14941302027748132,5294.0,7
S1,2,396,0.14270231213872833,5161.8,1
S1,2,397,0.17087667161961367,4921.1,1
S1,2,398,0.1908713692946058,4387.0,2
S1,2,399,0.178755586112066,5345.8,4
S1,2,400,0.16431095406360424,5247.0,2
S1,2,401,0.18928571428571428,5042.5,0
S1,2,402,0.1925192519251925,4911.1,0
S1,2,403,0.18781006378454995,5071.0,0
S1,2,404,0.16862170087976538,5058.7,3
S1,2,405,0.17107786728039892,4920.9,7
S1,2,406,0.16903914590747332,5122.0,0
S1,2,407,0.2132021320213202,4375.0,2
S1,2,408,0.15094979647218454,5578.0,8
S1,2,409,0.13120899718837864,6009.0,2
S1,2,410,0.17075773745997866,5169.0,3
S1,2,411,0.15151515151515152,5008.0,5
S1,2,412,0.16194331983805668,5425.0,0
S1,2,413,0.11344678011344678,5736.0,5
S1,2,414,0.13005272407732865,5402.0,7
S1,2,415,0.16438802083333334,5616.0,0
S1,2,416,0.15241320914479256,4349.7,0
S1,2,417,0.13070814030443414,5666.0,2
S1,2,418,0.16719118804091268,4616.0,0
S1,2,419,0.1403342794071271,5874.0,0
S1,2,420,0.14791937581274384,5694.0,0
S1,2,421,0.17385257301808066,5209.9,0
S1,2,422,0.1634446397188049,5272.0,2
S1,2,423,0.17550143266475646,5061.0,0
S1,2,424,0.11764705882352941,5557.0,8
S1,2,425,0.14856738592147153,5241.0,0
S1,2,426,0.13680781758957655,5752.0,3
S1,2,427,0.12527751347922614,5888.0,1
S1,2,428,0.14711224119142755,5143.0,4
S1,2,429,0.18801410105757932,4583.0,0
S1,2,430,0.15604890604890606,5743.0,1
S1,2,431,0.14149209849320102,5066.3,2
S1,2,432,0.1379089159717768,5833.0,2
S1,2,433,0.15849056603773584,4847.0,0
S1,2,434,0.14547973675095255,5346.0,2
S1,2,435,0.11787473610133709,5326.0,0
S1,2,436,0.14632405424696646,5206.2,2
S1,2,437,0.14490026345502446,5036.0,8
S1,2,438,0.1932938856015779,4537.0,0
S1,2,439,0.18050541516245489,5032.0,0
S1,2,440,0.17803030303030304,4842.0,2
S1,2,441,0.14168658245134857,5485.0,2
S1,2,442,0.15467171717171718,5883.0,3
S1,2,443,0.1340439276485788,5799.0,2
S1,2,444,0.12316249503377036,4701.0,0
S1,2,445,0.17863930064614214,4779.0,0
S1,2,446,0.12083605486610059,5711.0,0
S1,2,447,0.1547319179560993,5138.9,1
S1,2,448,0.18396390142311697,5189.0,0
S1,2,449,0.1461418550272798,4854.0,5
S1,2,450,0.14484978540772533,5154.0,0
S1,2,451,0.08872651356993737,5480.0,0
S1,2,452,0.14163756305781916,4851.0,5
S1,2,453,0.11808118081180811,5077.0,0
S1,2,454,0.16906335017489313,4813.0,3
S1,2,455,0.15767344078486334,5225.0,0
S1,2,456,0.12926748425588333,5761.0,6
S1,2,457,0.13398692810457516,5777.0,3
S1,2,458,0.16260162601626016,5446.0,2
S1,2,459,0.16582130316035895,4744.8,4
S1,2,460,0.13178294573643412,4817.2,2
S1,2,461,0.1571969696969697,4882.0,3
S1,2,462,0.12190812720848057,5337.0,0
S1,2,463,0.1618905842947525,4991.3,2
S1,2,464,0.16590187080833038,5293.0,5
S1,2,465,0.16311813186813187,5391.0,3
S1,2,466,0.18900945047252363,5156.0,0
S1,2,467,0.14507422402159245,5560.0,4
S1,2,468,0.21237641889417797,4894.0,2
S1,2,469,0.1791713325867861,4940.0,3
S1,2,470,0.18992102294095525,4770.0,0
S1,2,471,0.17543859649122806,5222.0,2
S1,2,472,0.1555793991416309,5250.6,5
S1,2,473,0.17455928102315935,5293.0,1
S1,2,474,0.173850054328142,5084.0,4
S1,2,475,0.1589775561097257,5918.0,0
S1,2,476,0.14539332721150902,6116.0,5
S1,2,477,0.20776166209329675,4589.0,1
S1,2,478,0.1875,4907.0,0
S1,2,479,0.19350127783862722,4949.9,0
S1,2,480,0.16064922159655515,5610.0,4
S1,2,481,0.1791250430589046,5333.0,2
S1,2,482,0.20284327323162274,5180.0,1
S1,2,483,0.21465143757384797,4510.0,0
S1,2,484,0.20475020475020475,4381.0,0
S1,2,485,0.157180675049636,5641.0,5
S1,2,486,0.15296052631578946,5572.0,0
S1,2,487,0.17517517517517517,5546.0,6
S1,2,488,0.16803438843298163,4765.0,5
S1,2,489,0.1928728875826598,4951.0,3
S1,2,490,0.18104149715215623,4573.0,6
S1,2,491,0.14400535833891492,5579.0,4
S1,2,492,0.15682967959527824,5477.0,0
S1,2,493,0.14521333811401937,5200.0,1
S1,2,494,0.15535097813578827,4960.8,9
S1,2,495,0.14532744665194997,5123.0,5
S1,2,496,0.1782042494859493,5328.0,1
S1,2,497,0.16231699554423934,5771.0,0
S1,2,498,0.17435897435897435,5352.0,2
S1,2,499,0.1691073919107392,5303.0,4
S1,2,500,0.1962962962962963,4843.5,0
S1,2,501,0.2210953346855984,4362.4,0
S1,2,502,0.16437861271676302,5113.0,1
S1,2,503,0.1481363491557821,5826.5,2
S1,2,504,0.15713808090939485,5474.0,0
S1,2,505,0.16483516483516483,5588.0,5
S1,2,506,0.17188693659281895,4783.0,0
S1,2,507,0.13977770293027955,5485.0,0
S1,2,508,0.12438682550805887,5310.0,0
S1,2,509,0.11484823625922888,4573.0,0
S1,2,510,0.1946282600233554,4615.0,0
S1,2,511,0.18030244280728966,4716.5,2
S1,2,512,0.13253012048192772,5422.0,0
S1,2,513,0.19628461268839817,5153.0,3
S1,2,514,0.13365963855421686,4934.0,0
S1,2,515,0.17781690140845072,5207.0,2
S1,2,516,0.15734265734265734,5277.0,0
S1,2,517,0.14305177111716622,5434.0,0
S1,2,518,0.14612214312476582,4971.4,2
S1,2,519,0.17323121808898614,4976.0,0
S1,2,520,0.18829231916480238,4906.0,2
S1,2,521,0.16507703595011006,5059.0,4
S1,2,522,0.17492206442674055,5326.0,4
S1,2,523,0.22465208747514911,4470.8,1
S1,2,524,0.1749416861046318,5449.0,0
S1,2,525,0.19230769230769232,4880.0,0
S1,2,526,0.16842929886408148,4693.0,0
S1,2,527,0.18420120439249027,5103.0,0
S1,2,528,0.19546520719311963,4738.0,8
S1,2,529,0.1847063169560399,4981.0,4
S1,2,530,0.17830045523520485,4824.0,1
S1,2,531,0.15750463248919086,5993.0,2
S1,2,532,0.18366549433372412,4715.3,5
S1,2,533,0.16559648529908752,5431.8,0
S1,2,534,0.16979129819596744,5171.0,0
S1,2,535,0.16549295774647887,5177.0,0
S1,2,536,0.21821233738984475,4213.0,0
S1,2,537,0.17146776406035666,5309.0,0
S1,2,538,0.1289906481780071,5769.0,0
S1,2,539,0.13984743915728295,5113.0,0
S1,2,540,0.15297353042282572,5370.0,0
S1,2,541,0.17348429510591673,5108.0,8
S1,2,542,0.14687302590018952,5884.0,1
S1,2,543,0.20314296665389037,4650.0,0
S1,2,544,0.18111518111518113,4506.1,1
S1,2,545,0.18375597206909225,4939.0,0
S1,2,546,0.15068932350112216,5750.0,0
S1,2,547,0.18481182795698925,5399.0,2
S1,2,548,0.15720243824189925,5711.0,0
S1,2,549,0.13291634089132134,4733.0,0
S1,2,550,0.16070245195493704,5548.0,0
S1,2,551,0.1720877458396369,4855.0,2
S1,2,552,0.13843111404087013,5620.0,0
S1,2,553,0.08572428271518544,5503.0,2
S1,2,554,0.17819706498951782,4337.0,0
S1,2,555,0.13644524236983843,5165.5,0
S1,2,556,0.12781701984527413,5598.0,3
S1,2,557,0.17582417582417584,4980.4,0
S1,2,558,0.16803584764749813,4953.0,2
S1,2,559,0.19010705057216684,4960.0,5
S1,2,560,0.14533912462412296,5663.0,8
S1,2,561,0.17499016909162407,4713.0,3
S1,2,562,0.18572469045884923,5054.0,4
S1,2,563,0.19022752704214846,4864.9,2
S1,2,564,0.19490254872563717,4813.0,0
S1,2,565,0.13483502538071065,6041.0,12
S1,2,566,0.177886292291594,5256.1,2
S1,2,567,0.18607856650585802,5281.0,0
S1,2,568,0.17704062616474095,4923.0,1
S1,2,569,0.1510791366906475,5247.0,6
S1,2,570,0.18042226487523993,4783.2,3
S1,2,571,0.18602885345482156,4820.0,3
S1,2,572,0.16884358075820324,5750.0,1
S1,2,573,0.20282843319687383,4822.7,0
S1,2,574,0.19257703081232494,5149.0,1
S1,2,575,0.207532667179093,4656.0,0
S1,2,576,0.20614692653673164,4759.7,0
S1,2,577,0.18158473954512105,4984.9,4
S1,2,578,0.170196671709531,4805.0,0
S1,2,579,0.13596323247797779,4869.0,1
S1,2,580,0.1349014181943964,5414.0,1
S1,2,581,0.13870541611624834,5613.0,0
S1,2,582,0.16188373804267844,4990.6,1
S1,2,583,0.14796366832698507,6293.0,1
S1,2,584,0.14581869290231905,5234.0,0
S1,2,585,0.17265193370165746,5299.0,2
S1,2,586,0.16574585635359115,5037.0,2
S1,2,587,0.15553199010250973,5256.3,2
S1,2,588,0.18324607329842932,4847.0,0
S1,2,589,0.1728673431040962,4889.5,2
S1,2,590,0.17905405405405406,5407.0,2
S1,2,591,0.16603902773022938,5349.0,0
S1,2,592,0.15502662073285312,5928.0,3
S1,2,593,0.1572632944228275,5720.0,2
S1,2,594,0.14303678088651367,5904.0,0
S1,2,595,0.14174454828660435,5947.0,0
S1,2,596,0.1772679874869656,5201.4,0
S1,2,597,0.1256937642833823,5893.0,10
S1,2,598,0.10701350016463615,5741.0,0
S1,2,599,0.14424878231547397,4960.0,2
S1,2,600,0.14058679706601468,4535.0,0
S1,2,601,0.12372881355932204,5607.0,4
S1,2,602,0.1343804537521815,5362.0,3
S1,2,603,0.1460564751703992,5721.4,2
S1,2,604,0.1745339151130504,4659.0,6
S1,2,605,0.18201284796573874,5096.0,2
S1,2,606,0.14950794852384558,4931.6,2
S1,2,607,0.1488095238095238,5008.3,1
S1,2,608,0.18056467498358503,5499.0,0
S1,2,609,0.12664021971315229,6201.0,4
S1,2,610,0.19522365428354815,4753.0,2
S1,2,611,0.18432355046528276,5117.6,4
S1,2,612,0.19306399713979264,5081.0,3
S1,2,613,0.1927927927927928,5002.0,0
S1,2,614,0.1425438596491228,5119.0,3
S1,2,615,0.09612023767913316,5459.0,1
S1,2,616,0.14978601997146934,5180.0,0
S1,2,617,0.15195369030390737,5085.0,0
S1,2,618,0.12076484401207649,5574.0,0
S1,2,619,0.11269722013523667,5036.0,1
S1,2,620,0.1654601861427094,5344.0,1
S1,2,621,0.17703862660944206,5164.0,3
S1,2,622,0.2092130518234165,4667.0,1
S1,2,623,0.17722473604826547,4831.0,0
S1,2,624,0.16635859519408502,5047.0,4
S1,2,625,0.15431063401543108,5524.0,1
S1,2,626,0.17453798767967146,5331.0,0
S1,2,627,0.21521103217718346,4268.4,0
S1,2,628,0.17763649962602843,4856.9,1
S1,2,629,0.14445955132562882,5486.0,1
S1,2,630,0.12429971988795518,5349.0,0
S1,2,631,0.1035653650254669,5587.0,0
S1,2,632,0.164257555847569,4275.1,4
S1,2,633,0.1761252446183953,4662.0,0
S1,2,634,0.16047297297297297,5652.0,13
S1,2,635,0.18437385907265424,5035.0,3
S1,2,636,0.16999260901699925,4989.0,5
S1,2,637,0.17979144192736426,5109.0,2
S1,2,638,0.19575557994877424,4983.0,4
S1,2,639,0.1836053412462908,4925.1,1
S1,2,640,0.20460358056265984,4911.0,2
S1,2,641,0.15568666011143886,5704.0,6
S1,2,642,0.13624955181068482,5180.0,0
S1,2,643,0.1495645588792124,4874.0,1
S1,2,644,0.17723244717109748,5330.0,1
S1,2,645,0.10795622596864833,6459.0,5
S1,2,646,0.11826783114992721,5148.0,0
S1,2,647,0.12323943661971831,5905.7,4
S1,2,648,0.10395010395010396,5534.0,5
S1,2,649,0.15521450994070457,5346.0,5
S1,2,650,0.17505835278426143,5450.0,1
S1,2,651,0.10132645541635962,5150.1,1
S1,2,652,0.13220018885741266,5936.0,2
S1,2,653,0.149812734082397,5426.0,0
S1,2,654,0.17795591182364728,4545.1,0
S1,2,655,0.11727078891257996,5366.8,6
S1,2,656,0.13475673783689185,5396.0,6
S1,2,657,0.1519385260216556,5313.0,2
S1,2,658,0.14484781811514486,5216.2,8
S1,2,659,0.16781083142639205,4796.1,0
S1,2,660,0.1616871704745167,5287.0,5
S1,2,661,0.15336411609498682,5666.0,2
S1,2,662,0.17182779456193353,4833.6,0
S1,2,663,0.19573643410852712,4617.0,0
S1,2,664,0.15349329569513057,5285.0,4
S1,2,665,0.14581213970837573,5540.0,5
S1,2,666,0.17540620384047267,4909.9,0
S1,2,667,0.12421331566743955,5670.0,2
S1,2,668,0.11646981627296588,5773.0,3
S1,2,669,0.1859504132231405,4412.0,4
S1,2,670,0.15434314429289303,5144.0,2
S1,2,671,0.12599681020733652,5882.0,2
S1,2,672,0.129979035639413,4435.3,0
S1,2,673,0.1549942594718714,4831.6,0
S1,2,674,0.16801853997682503,4765.0,0
S1,2,675,0.17069701280227595,5141.0,0
S1,2,676,0.1895734597156398,4199.0,0
S1,2,677,0.17381656804733728,4985.0,4
S1,2,678,0.15910629654705485,5415.0,0
S1,2,679,0.1733102253032929,5272.0,1
S1,2,680,0.1985208252238225,4625.4,0
S1,2,681,0.17955801104972377,5259.9,0
S1,2,682,0.19223923104307583,5090.0,0
S1,2,683,0.16702586206896552,5175.1,5
S1,2,684,0.17316745124411567,5410.0,0
S1,2,685,0.18440905280804695,4364.0,2
S1,2,686,0.17380109430318635,5716.0,4
S1,2,687,0.17320261437908496,5592.0,0
S1,2,688,0.21280749707145646,4554.0,0
S1,2,689,0.20761904761904762,4702.0,1
S1,2,690,0.18485283560660445,5089.0,1
S1,2,691,0.19177126917712692,5208.0,3
S1,2,692,0.18581657006478008,5298.0,0
S1,2,693,0.20457058606708442,4848.0,0
S1,2,694,0.2006172839506173,4659.7,0
S1,2,695,0.21623827009383925,4359.7,0
S1,2,696,0.17739130434782607,5252.0,3
S1,2,697,0.18446943078004216,5199.0,2
S1,2,698,0.20027155465037338,5279.0,0
S1,2,699,0.14899070810637616,5814.0,0
S1,2,700,0.17667844522968199,5137.0,0
S1,2,701,0.1688048615800135,5501.3,6
S1,2,702,0.1754047802621434,4730.9,0
S1,2,703,0.18484288354898337,4952.0,4
S1,2,704,0.17039000378644453,4839.0,1
S1,2,705,0.20351157222665603,4549.0,2
S1,2,706,0.14721163837894008,5384.7,3
S1,2,707,0.19143290371493557,4768.4,0
S1,2,708,0.17992424242424243,4763.5,0
S1,2,709,0.17407790417097552,5319.0,3
S1,2,710,0.14612676056338028,5304.4,3
S1,2,711,0.1497113997113997,5101.0,0
S1,2,712,0.14451827242524917,5552.0,0
S1,2,713,0.13503649635036497,5082.0,0
S1,2,714,0.15054127198917455,5509.0,4
S1,2,715,0.12212389380530973,5277.0,0
S1,2,716,0.17098835024426906,4824.0,0
S1,2,717,0.15911643579183826,4954.0,2
S1,2,718,0.16679447852760737,4808.0,2
S1,2,719,0.13641133263378805,5335.0,0
S1,2,720,0.16881638846737482,4944.0,7
S1,2,721,0.1712707182320442,5102.0,8
S1,2,722,0.195822454308094,4899.0,5
S1,2,723,0.19424460431654678,5017.0,0
S1,2,724,0.22024729520865532,4563.0,0
S1,2,725,0.1846356742499176,5528.0,0
S1,2,726,0.1867151354923992,5509.0,2
S1,2,727,0.15200286123032905,5144.0,0
S1,2,728,0.20741556534508077,4860.0,0
S1,2,729,0.15121951219512195,5744.0,3
S1,2,730,0.20785659801678108,4656.0,0
S1,2,731,0.1628843338213763,5036.0,2
S1,2,732,0.17122103078519543,5354.0,5
S1,2,733,0.2058016464131713,4619.0,3
S1,2,734,0.1782178217821782,5507.0,0
S1,2,735,0.14437951185974562,5395.0,0
S1,2,736,0.17304189435336975,5057.0,3
S1,2,737,0.14035727305869486,5093.1,1
S1,2,738,0.13731233980227023,5049.0,0
S1,2,739,0.16860247283626825,4845.0,0
S1,2,740,0.10142999667442634,5731.0,2
S1,2,741,0.14682539682539683,4657.0,0
S1,2,742,0.17080186983099604,5054.0,0
S1,2,743,0.13997165131112685,5276.0,3
S1,2,744,0.17408123791102514,4762.0,3
S1,2,745,0.19217330538085256,5186.0,1
S1,2,746,0.2002995132909023,4784.0,0
S1,2,747,0.15393386545039908,4840.2,0
S1,2,748,0.1417213964742482,5468.0,6
S1,2,749,0.15607580824972128,4969.0,2
S1,2,750,0.14484978540772533,5199.0,2
S1,2,751,0.19179133103183735,4686.0,0
S1,2,752,0.13392857142857142,4998.0,0
S1,2,753,0.1389904901243599,5080.0,0
S1,2,754,0.12696709585121602,5254.0,3
S1,2,755,0.11279657720731233,4914.0,5
S1,2,756,0.1017274472168906,4977.8,4
S1,2,757,0.12913026965438662,4983.0,6
S1,2,758,0.1143728555089592,4918.0,0
S1,2,759,0.13344051446945338,5857.0,2
S1,2,760,0.14179369018078697,5219.0,0
S1,2,761,0.15971951694585118,4856.4,7
S1,2,762,0.15459882583170254,4692.0,0
S1,2,763,0.17720499395892067,4588.0,3
S1,2,764,0.1793103448275862,5237.7,0
S1,2,765,0.18226428321065544,5185.4,0
S1,2,766,0.18563851489188085,4524.2,3
S1,2,767,0.19588828549262993,4633.0,0
S1,2,768,0.16984402079722705,5307.0,3
S1,2,769,0.19615384615384615,4742.0,3
S1,2,770,0.16787360105332455,5583.0,0
S1,2,771,0.19736842105263158,5026.0,0
S1,2,772,0.13588850174216027,5327.1,0
S1,2,773,0.17169811320754716,4862.0,0
S1,2,774,0.18208455420678107,4305.0,0
S1,2,775,0.1074660633484163,5001.0,0
S1,2,776,0.12495472654835205,5209.0,3
S1,2,777,0.12782204515272244,5641.0,0
S1,2,778,0.1059245960502693,5272.0,1
S1,2,779,0.18159806295399517,5274.0,0
S1,2,780,0.21001926782273603,4644.7,0
S1,2,781,0.14106583072100312,5987.0,5
S1,2,782,0.19462279293739967,4561.0,2
S1,2,783,0.21046178994687373,4421.1,2
S1,2,784,0.18878941222265472,4625.0,1
S1,2,785,0.15065282892534315,5551.0,2
S1,2,786,0.20589279375221867,5041.0,0
S1,2,787,0.21798365122615804,4560.0,0
S1,2,788,0.19894894894894896,4775.0,0
S1,2,789,0.1826722338204593,5215.0,0
S1,2,790,0.14554163596168018,5020.3,0
S1,2,791,0.170018281535649,4977.0,0
S1,2,792,0.13368055555555555,5357.0,0
S1,2,793,0.14089729328883946,4986.0,0
S1,2,794,0.1572539736219141,5491.0,4
S1,2,795,0.17930519237952933,4881.0,0
S1,2,796,0.15776699029126215,5350.0,2
S1,2,797,0.1263952724885095,5679.0,0
S1,2,798,0.13333333333333333,5157.0,0
S1,2,799,0.14316012725344646,5210.0,0
S1,2,800,0.13722957701000968,5816.0,2
S1,2,801,0.16889383815887157,4930.0,2
S1,2,802,0.15601217656012176,4848.0,0
S1,2,803,0.19516728624535315,4852.0,0
S1,2,804,0.13570961412688032,5733.7,2
S1,2,805,0.1500638569604087,5841.0,2
S1,2,806,0.20218579234972678,4952.0,1
S1,2,807,0.1505235602094241,5729.0,6
S1,2,808,0.19083969465648856,4979.3,1
S1,2,809,0.18875502008032127,4517.0,0
S1,2,810,0.16796322489391796,5273.0,4
S1,2,811,0.18248175182481752,4529.0,2
S1,2,812,0.19462279293739967,4501.0,0
S1,2,813,0.21951219512195122,4367.0,1
S1,2,814,0.17945984363894812,5200.0,2
S1,2,815,0.16720604099244876,5165.2,3
S1,2,816,0.1791250430589046,5253.0,0
S1,2,817,0.16164584864070536,5116.2,5
S1,2,818,0.15234508729887025,5429.0,1
S1,2,819,0.17415534656913967,5219.0,0
S1,2,820,0.18723729461215133,4721.0,0
S1,2,821,0.20991675714802752,4943.0,0
S1,2,822,0.17412935323383086,5889.0,3
S1,2,823,0.19209659714599342,4913.0,0
S1,2,824,0.1585887384176764,5199.0,0
S1,2,825,0.1675309134423614,4606.0,0
S1,2,826,0.16818500350385424,5225.0,0
S1,2,827,0.1821074964639321,5133.0,0
S1,2,828,0.16683690840994211,5436.0,2
S1,2,829,0.1697629724535554,5761.0,3
S1,2,830,0.16008537886872998,5219.0,2
S1,2,831,0.16964836520666254,6006.0,6
S1,2,832,0.17676767676767677,5041.0,2
S1,2,833,0.1333827343460541,5195.0,10
S1,2,834,0.163559620119592,5198.0,0
S1,2,835,0.18537590113285274,5288.0,2
S1,2,836,0.14160839160839161,5417.8,7
S1,2,837,0.1718146718146718,4767.0,1
S1,2,838,0.19202363367799113,4891.6,0
S1,2,839,0.1877581674802854,4888.0,4
S1,2,840,0.2020385875500546,4916.0,0
S1,2,841,0.2055306427503737,4801.0,0
S1,2,842,0.2007818052594172,5081.0,2
S1,2,843,0.22281275551921503,4424.0,3
S1,2,844,0.18982808022922637,5101.0,2
S1,2,845,0.16381507098653075,5106.0,3
S1,2,846,0.17467948717948717,5762.0,3
S1,2,847,0.18568147013782543,4737.4,0
S1,2,848,0.183739837398374,5542.0,0
S1,2,849,0.18214936247723132,4997.0,1
S1,2,850,0.1668335001668335,5526.0,0
S1,2,851,0.20867430441898527,4450.0,4
S1,2,852,0.18052335210334547,5550.0,4
S1,2,853,0.19306540583136328,4585.6,0
S1,2,854,0.1801470588235294,5052.0,5
S1,2,855,0.1772928741902489,5323.0,0
S1,2,856,0.14561270801815432,4908.0,0
S1,2,857,0.1677397492375466,5399.7,1
S1,2,858,0.1479394152870729,5330.0,3
S1,2,859,0.14846416382252559,5437.0,2
S1,2,860,0.16759776536312848,5225.0,0
S1,2,861,0.1585179526355997,4808.0,0
S1,2,862,0.18023039762170198,4939.0,2
S1,2,863,0.1796821008984105,5225.0,0
S1,2,864,0.13720861611094717,6350.0,3
S1,2,865,0.17554012345679013,4746.0,0
S1,2,866,0.13202565069784986,4954.0,0
S1,2,867,0.16326530612244897,4927.0,0
S1,2,868,0.1513364779874214,4760.0,5
S1,2,869,0.1440536013400335,5567.0,2
S1,2,870,0.15023818248442652,5085.3,2
S1,2,871,0.13263081395348839,5211.0,6
S1,2,872,0.10550113036925396,4995.0,0
S1,2,873,0.08705114254624592,5241.0,0
S1,2,874,0.1505711318795431,5325.0,0
S1,2,875,0.1573889993373095,5578.0,2
S1,2,876,0.20044960659423006,4785.0,0
S1,2,877,0.1292813969106783,5658.0,6
S1,2,878,0.13976240391334732,5321.0,0
S1,2,879,0.185546875,4607.0,0
S1,2,880,0.16165904637491835,5626.0,0
S1,2,881,0.16642011834319526,5105.4,9
S1,2,882,0.16338721011946591,5259.0,3
S1,2,883,0.16420064958498737,5099.0,1
S1,2,884,0.16009852216748768,5326.0,5
S1,2,885,0.12825017568517216,5304.0,0
S1,2,886,0.15658362989323843,5137.0,0
S1,2,887,0.11286681715575621,5128.0,7
S1,2,888,0.14863896848137537,5166.0,0
S1,2,889,0.11619840443981963,5498.0,5
S1,2,890,0.08226390259953932,5890.0,5
S1,2,891,0.15253565768621236,4655.0,0
S1,2,892,0.09577159378388146,5286.0,2
S1,2,893,0.1639955273947074,4958.0,3
S1,2,894,0.1407884151246983,4754.6,10
S1,2,895,0.13304862023653088,5710.0,4
S1,2,896,0.1389359539139275,5509.0,2
S1,2,897,0.1332398316970547,5301.0,0
S1,2,898,0.15151515151515152,4643.0,1
S1,2,899,0.16055045871559634,5325.0,6
S1,2,900,0.16527424627678897,5113.0,6
S1,2,901,0.17289073305670816,5261.0,0
S1,2,902,0.16546762589928057,5138.1,3
S1,2,903,0.12971290210999653,5424.0,2
S1,2,904,0.09395973154362416,5647.0,0
S1,2,905,0.14760147601476015,5002.0,0
S1,2,906,0.11619328661010697,5144.0,5
S1,2,907,0.11159107271418287,5388.0,7
S1,2,908,0.15368852459016394,5388.0,0
S1,2,909,0.22011308562197093,4404.0,0
S1,2,910,0.16873889875666073,5132.0,0
S1,2,911,0.17902350813743217,5042.0,2
S1,2,912,0.20865237366003062,4676.0,0
S1,2,913,0.23017902813299232,4150.2,0
S1,2,914,0.19304347826086957,5207.0,1
S1,2,915,0.18950995405819296,4761.0,1
S1,2,916,0.21712907117008443,4413.6,0
S1,2,917,0.19172361427486712,4790.6,2
S1,2,918,0.19442262372348781,4574.0,0
S1,2,919,0.17653352353780313,5100.0,0
S1,2,920,0.22235576923076922,4424.0,0
S1,2,921,0.18537243006403775,5376.5,0
S1,2,922,0.17511674449633088,5443.0,0
S1,2,923,0.16233766233766234,4868.0,2
S1,2,924,0.1812130177514793,4930.0,3
S1,2,925,0.11721366376423309,5814.0,10
S1,2,926,0.15172654342518313,5296.0,1
S1,2,927,0.1583629893238434,5217.0,3
S1,2,928,0.15817515817515818,5488.0,0
S1,2,929,0.1520572450805009,5142.0,0
S1,2,930,0.17357222844344905,4975.0,6
S1,2,931,0.1714582611707655,5356.0,6
S1,2,932,0.18014955812372535,5416.0,5
S1,2,933,0.20643112346169115,4495.0,0
S1,2,934,0.1567291311754685,5617.0,12
S1,2,935,0.18834399431414356,5140.0,2
S1,2,936,0.19010043041606886,5003.0,0
S1,2,937,0.17809776430466084,4855.0,4
S1,2,938,0.1648,5732.0,1
S1,2,939,0.16216216216216217,4852.0,5
S1,2,940,0.1644962302947224,5428.5,6
S1,2,941,0.14532098371127436,5819.0,1
S1,2,942,0.14285714285714285,5492.0,11
S1,2,943,0.14065180102915953,5487.0,4
S1,2,944,0.14098045498237743,5854.0,4
S1,2,945,0.14285714285714285,5362.0,0
S1,2,946,0.14633286318758815,5289.0,4
S1,2,947,0.11351728955640936,5403.0,2
S1,2,948,0.11833274461321087,5294.0,0
S1,2,949,0.09196696696696696,5045.0,0
S1,2,950,0.10579064587973273,5080.0,0
S1,2,951,0.109375,4834.8,0
S1,2,952,0.1400560224089636,5369.2,3
S1,2,953,0.1628247347237468,5033.0,0
S1,2,954,0.1660839160839161,5294.5,4
S1,2,955,0.16166666666666665,5509.2,0
S1,2,956,0.14070994563479372,5911.0,5
S1,2,957,0.1615193468228612,5241.0,3
S1,2,958,0.16696914700544466,5072.0,1
S1,2,959,0.15630885122410546,4952.0,3
S1,2,960,0.14719848053181386,5880.0,2
S1,2,961,0.14290354011042547,5830.0,5
S1,2,962,0.17820980153908464,4475.0,0
S1,2,963,0.1550131926121372,5636.0,3
S1,2,964,0.15997277059223963,5458.0,3
S1,2,965,0.13310366426558096,5958.0,1
S1,2,966,0.13915732508697332,4841.0,2
S1,2,967,0.11169284467713787,5402.0,0
S1,2,968,0.18049869743208038,4871.0,1
S1,2,969,0.13392857142857142,5083.0,6
S1,2,970,0.09457364341085271,6167.0,3
S1,2,971,0.10354510354510355,5380.0,0
S1,2,972,0.15088879702356345,4450.0,0
S1,2,973,0.1459478021978022,5396.0,2
S1,2,974,0.09755342211210902,6160.0,2
S1,2,975,0.0907563025210084,5722.0,4
S1,2,976,0.0908467603702434,5686.0,9
S1,2,977,0.09269988412514485,4910.0,0
S1,2,978,0.10022271714922049,5180.0,5
S1,2,979,0.09049773755656108,5463.0,0
S1,2,980,0.12911213300318358,5317.2,2
S1,2,981,0.14451951951951952,5045.0,8
S1,2,982,0.1262538913870633,5444.0,2
S1,2,983,0.12318596017549781,5548.0,0
S1,2,984,0.15140324963072377,4984.6,0
S1,2,985,0.10551395507147719,5623.0,3
S1,2,986,0.11450381679389313,5219.0,3
S1,2,987,0.15873015873015872,5177.0,0
S1,2,988,0.16393442622950818,5241.0,0
S1,2,989,0.1475095785440613,4932.0,7
S1,2,990,0.15089163237311384,5414.0,3
S1,2,991,0.1578165614556257,4988.1,2
S1,2,992,0.2058165548098434,3967.0,0
S1,2,993,0.1475237091675448,5271.0,1
S1,2,994,0.1471606648199446,5403.0,4
S1,2,995,0.14525500322788895,5813.0,6
S1,2,996,0.1610369206598586,4674.0,0
S1,2,997,0.18326693227091634,4652.0,5
S1,2,998,0.14746362563900905,4728.0,2
S1,2,999,0.1453596720089452,5056.7,4
S1,2,1000,0.14305411926921752,5434.0,3
S1,2,1001,0.15569823434991975,5782.0,3
S1,2,1002,0.13612217795484727,5601.0,1
S1,2,1003,0.0798366134422577,5158.0,0
S1,2,1004,0.08747697974217311,6303.0,4
S1,2,1005,0.16195022161609274,5428.0,3
S1,2,1006,0.10930576070901034,6587.0,11
S1,2,1007,0.17076502732240437,5333.0,0
S1,2,1008,0.22039095438865466,4645.0,1
S1,2,1009,0.19397363465160075,4867.0,3
S1,2,1010,0.18208844295800816,4904.0,2
S1,2,1011,0.19663993890798015,4745.0,3
S1,2,1012,0.17319016279875304,5316.0,5
S1,2,1013,0.17876106194690267,5222.0,4
S1,2,1014,0.19805825242718447,4692.0,2
S1,2,1015,0.17927572606669057,5130.0,3
S1,2,1016,0.16979887899769205,5628.0,4
S1,2,1017,0.19093972295020592,4834.0,1
S1,2,1018,0.17667238421955403,5443.9,8
S1,2,1019,0.1446280991735537,5545.0,9
S1,2,1020,0.18288590604026847,5442.0,2
S1,2,1021,0.16730401529636713,5748.0,0
S1,2,1022,0.17121010638297873,5553.0,4
S1,2,1023,0.1889920424403183,5459.0,0
S1,2,1024,0.15304406323578876,5608.0,5
S1,2,1025,0.19838354151359294,4901.5,0
S1,2,1026,0.19101123595505617,4887.2,4
S1,2,1027,0.16979887899769205,5598.5,3
S1,2,1028,0.16205266711681296,5531.0,5
S1,2,1029,0.21636506687647522,4531.0,0
S1,2,1030,0.18256975542542198,5308.0,3
S1,2,1031,0.15176784523015344,5688.0,8
S1,2,1032,0.22413149047441167,4731.0,0
S1,2,1033,0.1932367149758454,5208.0,0
S1,2,1034,0.188470066518847,4920.1,2
S1,2,1035,0.18888096935138987,5079.0,0
S1,2,1036,0.2179631717399474,4759.0,3
S1,2,1037,0.1465856274579907,5336.0,8
S1,2,1038,0.18246869409660108,5122.0,2
S1,2,1039,0.1638747268754552,5064.0,1
S1,2,1040,0.18848526387936942,5263.0,0
S1,2,1041,0.20595807282089004,4875.7,0
S1,2,1042,0.19586894586894588,5038.0,0
S1,2,1043,0.17077175697865354,5612.0,2
S1,2,1044,0.19093504639543182,5053.3,0
S1,2,1045,0.16699092088197146,5645.0,0
S1,2,1046,0.17964071856287425,5180.0,1
S1,2,1047,0.1699298115995567,4946.0,0
S1,2,1048,0.1937984496124031,5148.0,2
S1,2,1049,0.15403682719546744,5305.0,7
S1,2,1050,0.15856601172009652,5359.0,0
S1,2,1051,0.15615141955835962,5842.0,0
S1,2,1052,0.18278100444140757,5281.0,0
S1,2,1053,0.16302400573271228,5104.0,0
S1,2,1054,0.14217252396166133,5827.0,2
S1,2,1055,0.13192612137203166,5641.0,0
S1,2,1056,0.16889383815887157,4990.0,4
S1,2,1057,0.1836734693877551,5302.0,0
S1,2,1058,0.1413119330076762,5329.0,0
S1,2,1059,0.17131755563405157,5184.0,1
S1,2,1060,0.15650741350906094,4493.8,0
S1,2,1061,0.15836230204712243,4755.1,0
S1,2,1062,0.19499178981937604,4419.0,1
S1,2,1063,0.16427822439706397,5244.0,1
S1,2,1064,0.1788124156545209,5375.0,0
S1,2,1065,0.1814814814814815,4977.0,5
S1,2,1066,0.1992604765817584,4450.0,3
S1,2,1067,0.17452006980802792,5237.0,2
S1,2,1068,0.1773049645390071,5389.0,1
S1,2,1069,0.18213058419243985,5362.0,3
S1,2,1070,0.17028380634390652,5552.0,5
S1,2,1071,0.1954152574220218,4799.0,0
S1,2,1072,0.18601446779193936,5253.0,0
S1,2,1073,0.18647612408504705,5180.0,0
S1,2,1074,0.14418455623197693,5840.4,3
S1,2,1075,0.172475106685633,5151.0,2
S1,2,1076,0.18404907975460122,4778.0,2
S1,2,1077,0.18422865013774103,5285.0,1
S1,2,1078,0.18634564643799473,5471.7,1
S1,2,1079,0.167853509664293,5445.0,2
S1,2,1080,0.1668318467129171,5646.0,4
S1,2,1081,0.21941747572815534,4542.0,0
S1,2,1082,0.18171384850803365,4830.0,2
S1,2,1083,0.1815405497115711,5376.0,1
S1,2,1084,0.19049346879535559,4984.0,0
S1,2,1085,0.16985138004246284,5991.0,0
S1,2,1086,0.17334360554699538,4739.0,1
S1,2,1087,0.16829745596868884,4782.0,5
S1,2,1088,0.20713463751438435,4651.0,0
S1,2,1089,0.1593625498007968,5189.0,4
S1,2,1090,0.1995056497175141,5096.0,0
S1,2,1091,0.20378457059679767,4983.0,3
S1,2,1092,0.16969086021505375,5514.0,2
S1,2,1093,0.20865237366003062,4676.0,0
S1,2,1094,0.2116788321167883,4899.5,0
S1,2,1095,0.16279819471308832,5756.0,3
S1,2,1096,0.1865805525654826,5106.0,3
S1,2,1097,0.18412162162162163,5387.0,1
S1,2,1098,0.14024787997390736,5849.0,9
S1,2,1099,0.1743796109993293,5476.0,0
S1,2,1100,0.17812611328820804,5196.0,4
S1,2,1101,0.17394993635977937,4396.7,7
S1,2,1102,0.17814319972593354,5335.0,0
S1,2,1103,0.16644021739130435,5405.0,0
S1,2,1104,0.18434782608695652,5177.0,0
S1,2,1105,0.17160404624277456,5133.0,5
S1,2,1106,0.16325727773406767,4749.6,5
S1,2,1107,0.17464198393293748,5278.0,2
S1,2,1108,0.1881918819188192,4907.3,0
S1,2,1109,0.1625305837119888,5289.0,2
S1,2,1110,0.19297568506368198,4659.0,0
S1,2,1111,0.12026883622214361,5346.0,5
S1,2,1112,0.1752109020116807,5581.0,0
S1,2,1113,0.13755731554814507,4445.0,0
S1,2,1114,0.1496546431312356,4879.0,5
S1,2,1115,0.11023622047244094,4797.0,0
S1,2,1116,0.13995801259622112,5478.0,11
S1,2,1117,0.1795774647887324,5182.0,2
S1,2,1118,0.14700795572466274,5464.0,7
S1,2,1119,0.16108037748128864,5628.0,0
S1,2,1120,0.16157358623112048,5276.7,3
S1,2,1121,0.19718859820382664,4649.0,2
S1,2,1122,0.16246056782334384,5837.0,1
S1,2,1123,0.1678388746803069,5728.0,0
S1,2,1124,0.1625580564487317,5125.0,1
S1,2,1125,0.14466546112115733,5142.0,3
S1,2,1126,0.112005600280014,5351.0,0
S1,2,1127,0.11484401782653411,5461.0,0
S1,2,1128,0.10533707865168539,5413.0,3
S1,2,1129,0.13036303630363036,5732.0,6
S1,2,1130,0.14250089063056645,5237.3,2
S1,2,1131,0.12389680923285812,5639.0,9
S1,2,1132,0.12169312169312169,5502.0,11
S1,2,1133,0.1318986463033669,5429.0,4
S1,2,1134,0.12250161186331399,5791.0,0
S1,2,1135,0.13960703205791106,5429.0,3
S1,2,1136,0.12569832402234637,5335.0,0
S1,2,1137,0.15821501014198783,4562.0,1
S1,2,1138,0.1356907894736842,4591.0,5
S1,2,1139,0.1564673157162726,5324.0,1
S1,2,1140,0.15713808090939485,5514.0,1
S1,2,1141,0.14978601997146934,5150.0,0
S1,2,1142,0.1248378728923476,5755.0,0
S1,2,1143,0.11384502387073081,5153.0,2
S1,2,1144,0.11691022964509394,4537.0,3
S1,2,1145,0.1454849498327759,5532.0,0
S1,2,1146,0.10971223021582734,5287.2,3
S1,2,1147,0.12567934782608695,5640.0,8
S1,2,1148,0.14001953760989905,5704.0,1
S1,2,1149,0.17747440273037543,5317.0,0
S1,2,1150,0.158355795148248,5568.0,9
S1,2,1151,0.17523809523809525,4782.4,0
S1,2,1152,0.163025758069775,5736.0,8
S1,2,1153,0.20592485549132947,4958.0,0
S1,2,1154,0.17027863777089783,4785.0,3
S1,2,1155,0.18288084464555052,4806.0,0
S1,2,1156,0.17976278724981468,4928.0,0
S1,2,1157,0.18676627534685167,5084.0,0
S1,2,1158,0.1744186046511628,5492.0,1
S1,2,1159,0.16456117021276595,5503.0,0
S1,2,1160,0.1528776978417266,5162.0,2
S1,2,1161,0.1487778958554729,5243.0,0
S1,2,1162,0.148263753413968,4743.0,2
S1,2,1163,0.17582049564634963,5424.0,0
S1,2,1164,0.13458528951486698,6062.0,4
S1,2,1165,0.1638760242251514,5151.0,0
S1,2,1166,0.16679021497405486,4948.0,1
S1,2,1167,0.14360313315926893,4954.1,0
S1,2,1168,0.18236472945891782,4572.7,3
S1,2,1169,0.16777286135693215,4946.0,0
S1,2,1170,0.15808344198174706,5648.0,0
S1,2,1171,0.17938000696621387,5284.0,6
S1,2,1172,0.16010802469135801,4752.0,1
S1,2,1173,0.18857758620689655,5060.0,2
S1,2,1174,0.1910828025477707,5119.4,3
S1,2,1175,0.13033175355450238,5545.0,1
S1,2,1176,0.15855855855855855,5142.0,3
S1,2,1177,0.19752130131680867,4741.0,5
S1,2,1178,0.15137029955385595,5913.0,8
S1,2,1179,0.18315018315018314,5478.0,2
S1,2,1180,0.16798418972332016,5604.0,4
S1,2,1181,0.18243461414271875,5606.0,0
S1,2,1182,0.16300617707618395,5385.0,3
S1,2,1183,0.18476190476190477,4827.0,3
S1,2,1184,0.19268197742312185,4750.0,6
S1,2,1185,0.17850830682219865,5151.6,0
S1,2,1186,0.19014849692140529,5005.6,0
S1,2,1187,0.21623672230652505,4671.6,0
S1,2,1188,0.1619014812263176,5423.0,2
S1,2,1189,0.1910828025477707,4541.0,1
S1,2,1190,0.18016472203157172,5375.0,4
S1,2,1191,0.19263845889232886,5286.0,1
S1,2,1192,0.15280972724285244,5728.0,6
S1,2,1193,0.1689432063263839,5141.0,4
S1,2,1194,0.1721998138380391,5888.0,0
S1,2,1195,0.18035714285714285,5097.0,0
S1,2,1196,0.2067539627842867,5161.0,0
S1,2,1197,0.17569021154535677,5085.0,0
S1,2,1198,0.16753022452504318,5302.0,0
S1,2,1199,0.15268456375838926,5607.0,6
S1,2,1200,0.19451962110960758,5294.0,0
S1,2,1201,0.1586452762923351,5237.0,6
S1,2,1202,0.18126346015793252,5069.0,2
S1,2,1203,0.1708132194578537,4969.5,4
S1,2,1204,0.15206372194062273,5166.0,2
S1,2,1205,0.19705277587388623,5238.4,0
S1,2,1206,0.15524625267665954,5146.0,0
S1,2,1207,0.16981792717086835,5234.0,0
S1,2,1208,0.17965204236006052,4820.0,0
S1,2,1209,0.12949174490126256,5735.0,0
S1,2,1210,0.1408695652173913,5302.0,0
S1,2,1211,0.12078220858895705,4898.0,0
S1,2,1212,0.19427001569858712,4638.0,2
S1,2,1213,0.17760487144790257,5344.0,0
S1,2,1214,0.16535137166478767,4964.0,5
S1,2,1215,0.1789587852494577,5064.0,4
S1,2,1216,0.187414030261348,5268.0,1
S1,2,1217,0.14265831593597772,5370.0,5
S1,2,1218,0.11437908496732026,5165.7,0
S1,2,1219,0.1793103448275862,5337.0,3
S1,2,1220,0.18257956448911222,5398.1,0
S1,2,1221,0.2029520295202952,4868.0,0
S1,2,1222,0.1837837837837838,5097.0,4
S1,2,1223,0.1797715053763441,5437.5,1
S1,2,1224,0.17494356659142213,4908.9,3
S1,2,1225,0.2067601582164689,4979.0,1
S1,2,1226,0.16336633663366337,5737.6,10
S1,2,1227,0.15584891822515584,5072.6,4
S1,2,1228,0.17363571934798017,5206.0,2
S1,2,1229,0.17892317793827972,5574.0,2
S1,2,1230,0.17411052233156699,4881.0,3
S1,2,1231,0.18943343760862008,5236.7,4
S1,2,1232,0.19615384615384615,4687.1,0
S1,2,1233,0.21008403361344538,4643.0,0
S1,2,1234,0.17824663514005093,5055.0,3
S1,2,1235,0.1758879781420765,5323.0,0
S1,2,1236,0.17184401850627892,5539.0,1
S1,2,1237,0.15597616543988785,5263.0,0
S1,2,1238,0.1532083633741889,5105.0,0
S1,2,1239,0.1749611197511664,4731.0,2
S1,2,1240,0.1556356487549148,5726.0,6
S1,2,1241,0.19781461944235118,4745.0,0
S1,2,1242,0.15458605290278254,5334.0,0
S1,2,1243,0.1149047931713723,5744.0,0
S1,2,1244,0.13166666666666665,5572.0,0
S1,2,1245,0.10645266950540452,5758.0,0
S1,2,1246,0.15179224579370884,5140.0,7
S1,2,1247,0.14248704663212436,5016.0,1
S1,2,1248,0.14339622641509434,4942.0,3
S1,2,1249,0.14599793885262796,5419.0,2
S1,2,1250,0.1206896551724138,5422.0,0
S1,2,1251,0.1620460757516595,4740.6,3
S1,2,1252,0.10886967659301953,5878.0,0
S1,2,1253,0.1132015306122449,5964.0,3
S1,2,1254,0.10771992818671454,5247.0,0
S1,2,1255,0.13309352517985612,5182.0,0
S1,2,1256,0.12886597938144329,5527.0,5
S1,2,1257,0.1900990099009901,4562.0,1
S1,2,1258,0.15685583362707084,5196.0,0
S1,2,1259,0.19148936170212766,4217.0,0
S1,2,1260,0.1445578231292517,5432.0,0
S1,2,1261,0.14446529080675422,5147.0,11
S1,2,1262,0.14263685427910563,4785.0,0
S1,2,1263,0.12618873445501097,5090.0,0
S1,2,1264,0.10896309314586995,5402.0,2
S1,2,1265,0.1521511017838405,5240.0,0
S1,2,1266,0.13624955181068482,5285.0,4
S1,2,1267,0.14913341394598953,4559.0,0
S1,2,1268,0.14677481653147934,4800.0,0
S1,2,1269,0.15811552113585028,5705.0,0
S1,2,1270,0.18212542245587682,4898.0,5
S1,2,1271,0.18292682926829268,5063.0,0
S1,2,1272,0.14444071212630163,5551.0,2
S1,2,1273,0.1834710743801653,5503.1,3
S1,2,1274,0.1681314482231563,4866.0,3
S1,2,1275,0.18696993060909792,4700.0,0
S1,2,1276,0.17101252963088384,5418.0,0
S1,2,1277,0.20448289421942586,4643.0,5
S1,2,1278,0.17613636363636365,4917.0,7
S1,2,1279,0.19250601581299415,5300.0,4
S1,2,1280,0.20125553914327918,4923.0,3
S1,2,1281,0.1881046219992834,5139.0,4
S1,2,1282,0.17920441118550612,4670.0,2
S1,2,1283,0.1734304543877905,5283.0,0
S1,2,1284,0.19461077844311378,4806.0,0
S1,2,1285,0.17303532804614274,5145.0,3
S1,2,1286,0.20427644138984344,4800.0,6
S1,2,1287,0.16319942611190819,5218.0,4
S1,2,1288,0.1911544227886057,5018.0,11
S1,2,1289,0.1511917467093561,5234.0,0
S1,2,1290,0.166343669250646,5684.0,2
S1,2,1291,0.18014955812372535,5441.0,4
S1,2,1292,0.1687685459940653,5024.0,3
S1,2,1293,0.18333333333333332,4942.0,0
S1,2,1294,0.17712177121771217,4977.0,1
S1,2,1295,0.16101404590613225,5415.0,4
S1,2,1296,0.16615801966768395,5495.0,6
S1,2,1297,0.17327617006073598,5165.0,3
S1,2,1298,0.18812246403541127,4939.3,2
S1,2,1299,0.17587939698492464,5164.0,4
S1,2,1300,0.1789042117033172,5018.0,8
S1,2,1301,0.18257892734880182,4825.0,2
S1,2,1302,0.19750100765820233,4609.0,8
S1,2,1303,0.17764746464298034,5340.0,4
S1,2,1304,0.16934656175162505,5413.0,2
S1,2,1305,0.15862068965517243,5392.0,3
S1,2,1306,0.18453427065026362,5167.0,1
S1,2,1307,0.15931372549019607,6015.0,0
S1,2,1308,0.20191923230707717,4494.0,0
S1,2,1309,0.1897117840204305,4979.0,1
S1,2,1310,0.16568241469816272,5585.0,0
S1,2,1311,0.20550760378133992,4348.0,0
S1,2,1312,0.18682588597842836,4689.0,0
S1,2,1313,0.19110378912685339,5522.0,4
S1,2,1314,0.21084337349397592,4417.2,0
S1,2,1315,0.1888162672476398,5060.0,3
S1,2,1316,0.16295379537953794,4540.7,7
S1,2,1317,0.17288135593220338,5372.0,0
S1,2,1318,0.15479876160990713,4755.0,0
S1,2,1319,0.16472545757071547,5512.0,0
S1,2,1320,0.17343173431734318,4992.0,1
S1,2,1321,0.14659685863874344,5367.0,2
S1,2,1322,0.17500940910801657,4866.7,0
S1,2,1323,0.19788918205804748,4798.0,0
S1,2,1324,0.18851608439986164,5194.0,0
S1,2,1325,0.19281663516068054,4822.0,4
S1,2,1326,0.12526096033402923,5425.0,0
S1,2,1327,0.18765788523998556,5014.0,1
S1,2,1328,0.1822477219034762,5413.0,2
S1,2,1329,0.1695501730103806,5377.0,6
S1,2,1330,0.17630948305374872,5304.0,0
S1,2,1331,0.18385140257771038,4868.0,4
S1,2,1332,0.2085600290170475,5011.0,4
S1,2,1333,0.1907790143084261,4567.7,2
S1,2,1334,0.1797715053763441,5414.0,0
S1,2,1335,0.1875442321302194,5109.0,2
S1,2,1336,0.18016472203157172,5400.0,5
S1,2,1337,0.1810727707550393,5341.0,0
S1,2,1338,0.1882770870337478,5142.5,2
S1,2,1339,0.18638573743922204,5627.0,2
S1,2,1340,0.1806182702327197,5240.0,0
S1,2,1341,0.20543051089674885,5065.0,3
S1,2,1342,0.14636790748102638,5176.0,3
S1,2,1343,0.15818431911966988,5353.0,0
S1,2,1344,0.20223152022315202,5113.1,0
S1,2,1345,0.21005251312828208,4764.0,0
S1,2,1346,0.19378427787934185,4927.0,0
S1,2,1347,0.18933823529411764,4978.9,2
S1,2,1348,0.17798824297844545,5611.0,2
S1,2,1349,0.1914214817440624,5079.0,0
S1,2,1350,0.1934790397706915,5059.0,0
S1,2,1351,0.2231121281464531,4631.0,0
S1,2,1352,0.18532526475037822,4775.2,0
S1,2,1353,0.20108275328692962,4689.0,1
S1,2,1354,0.18524813052345343,5411.0,7
S1,2,1355,0.17378351539225423,5559.0,2
S1,2,1356,0.18640350877192982,4939.0,0
S1,2,1357,0.14811350171499843,5966.0,2
S1,2,1358,0.18511522478277295,4876.0,5
S1,2,1359,0.1774026868756459,5368.0,3
S1,2,1360,0.2085661080074488,4787.0,0
S1,2,1361,0.1908114116339385,4905.0,2
S1,2,1362,0.1596877217885025,5388.0,13
S1,2,1363,0.18783542039355994,5102.0,2
S1,2,1364,0.1884508990318119,5296.0,3
S1,2,1365,0.18604651162790697,5127.6,1
S1,2,1366,0.16566795911173776,5261.0,1
S1,2,1367,0.1716593739481656,5474.0,2
S1,2,1368,0.1590909090909091,5772.0,4
S1,2,1369,0.1740341106856944,5253.4,1
S1,2,1370,0.17332452954770552,5551.2,3
S1,2,1371,0.2000833680700292,4310.0,0
S1,2,1372,0.16904844893691182,5230.0,0
S1,2,1373,0.14960106382978725,5638.0,4
S1,2,1374,0.1502225519287834,5034.0,3
S1,2,1375,0.17450980392156862,4727.0,5
S1,2,1376,0.16952380952380952,4882.0,5
S1,2,1377,0.15309672929714682,5340.0,4
S1,2,1378,0.15881326352530542,5232.0,0
S1,2,1379,0.10760401721664276,5298.0,2
S1,2,1380,0.1310344827586207,5472.0,4
S1,2,1381,0.11286277319957004,5284.0,2
S1,2,1382,0.16424619640387275,5286.0,0
S1,2,1383,0.1722338204592902,5230.0,0
S1,2,1384,0.16186410530060477,5164.0,0
S1,2,1385,0.1952705123611609,5064.0,1
S1,2,1386,0.18242740134028296,4969.0,6
S1,2,1387,0.17599731813610459,5423.0,0
S1,2,1388,0.18146718146718147,4797.0,6
S1,2,1389,0.14945652173913043,5433.9,0
S1,2,1390,0.15614727153188693,5626.0,0
S1,2,1391,0.23227873448137765,4396.9,0
S1,2,1392,0.1962134251290878,5197.0,0
S1,2,1393,0.1643886220908755,5041.3,5
S1,2,1394,0.1616127957347551,5565.7,3
S1,2,1395,0.161231884057971,5067.0,0
S1,2,1396,0.1629231255931667,5779.0,0
S1,2,1397,0.18445839874411302,4603.0,0
S1,2,1398,0.17064280980781976,5478.0,0
S1,2,1399,0.2,4882.0,0
S1,2,1400,0.17505835278426143,5465.0,1
S1,2,1401,0.16197935208259168,5180.0,2
S1,2,1402,0.14252696456086286,4954.0,7
S1,2,1403,0.1874536005939124,4930.1,1
S1,2,1404,0.20085803432137286,4585.7,0
S1,2,1405,0.19036388140161725,5438.0,4
S1,2,1406,0.20759890325107716,4598.0,1
S1,2,1407,0.19760056457304165,5095.2,1
S1,2,1408,0.1848151848151848,5528.0,4
S1,2,1409,0.1797715053763441,5414.0,0
S1,2,1410,0.19362186788154898,4740.0,1
S1,2,1411,0.17538161740824942,5595.0,0
S1,2,1412,0.19128787878787878,4862.3,7
S1,2,1413,0.1922365988909427,4887.0,0
S1,2,1414,0.21936459909228442,4685.0,0
S1,2,1415,0.18639160332971408,5028.0,0
S1,2,1416,0.174287856071964,5008.0,8
S1,2,1417,0.16227912008654885,5094.5,0
S1,2,1418,0.20529016975917883,4568.9,0
S1,2,1419,0.1519971721456345,5265.0,0
S1,2,1420,0.16777350576721425,5259.0,0
S1,2,1421,0.16772598870056496,5266.0,5
S1,2,1422,0.1729849098270151,5076.0,5
S1,2,1423,0.18421052631578946,4822.0,1
S1,2,1424,0.18166383701188454,5442.0,7
S1,2,1425,0.20928462709284626,4723.0,0
S1,2,1426,0.18431635388739948,5415.0,0
S1,2,1427,0.18635724331926865,5210.0,3
S1,2,1428,0.1909017059301381,4486.4,2
S1,2,1429,0.22172115745960166,4689.0,0
S1,2,1430,0.20896656534954408,4706.0,0
S1,2,1431,0.18568082970893277,5420.7,0
S1,2,1432,0.17789291882556132,5297.0,0
S1,2,1433,0.2300488599348534,4354.0,1
S1,2,1434,0.19907571987202274,5048.8,0
S1,2,1435,0.19064124783362218,5237.0,0
S1,2,1436,0.19592163134746102,4564.0,3
S1,2,1437,0.19489981785063754,5027.0,6
S1,2,1438,0.2209737827715356,4759.5,2
S1,2,1439,0.2119362495761275,5235.0,0
S1,2,1440,0.20811099252934898,5069.0,3
S1,2,1441,0.16689143627781525,5434.0,0
S1,2,1442,0.19090305444887118,5481.0,2
S1,2,1443,0.20272830617658205,4802.3,2
S1,2,1444,0.22440652818991097,4745.0,0
S1,2,1445,0.2043544690603514,4728.0,0
S1,2,1446,0.21456692913385828,4557.0,2
S1,2,1447,0.20059992500937382,4796.0,0
S1,2,1448,0.20618556701030927,4760.0,2
S1,2,1449,0.20825372564004585,4706.0,0
S1,2,1450,0.17816527672479152,4938.0,6
S1,2,1451,0.16189502385821405,5500.0,3
S1,2,1452,0.16266841932303647,5678.0,6
S1,2,1453,0.16257465162574652,5550.0,0
S1,2,1454,0.19010705057216684,4940.0,1
S1,2,1455,0.20801526717557253,4717.0,1
S1,2,1456,0.19659735349716445,4767.0,0
S1,2,1457,0.1882693700217234,5141.0,6
S1,2,1458,0.21497120921305182,4657.0,2
S1,2,1459,0.23106796116504855,4553.7,0
S1,2,1460,0.20415738678544915,4835.0,0
S1,2,1461,0.16556291390728478,5315.0,3
S1,2,1462,0.19767441860465115,4734.3,3
S1,2,1463,0.18092105263157895,5019.0,2
S1,2,1464,0.16769781830022795,5644.0,1
S1,2,1465,0.20423319717786856,4838.0,1
S1,2,1466,0.16590187080833038,5303.0,6
S1,2,1467,0.20348837209302326,4638.2,0
S1,2,1468,0.19107075293227394,4833.0,3
S1,2,1469,0.19177608845888044,5230.0,0
S1,2,1470,0.1958568738229755,4792.0,0
S1,2,1471,0.17932148626817448,5687.0,1
S1,2,1472,0.20857034508911643,4796.0,4
S1,2,1473,0.1642641635936976,5563.0,4
S1,2,1474,0.18998272884283246,5267.0,3
S1,2,1475,0.18135593220338983,5362.0,0
S1,2,1476,0.17580144777662876,5274.0,0
S1,2,1477,0.1865805525654826,5051.0,0
S1,2,1478,0.17305107526881722,5509.0,3
S1,2,1479,0.19938650306748465,4728.0,1
S1,2,1480,0.18188567186340016,4915.0,0
S1,2,1481,0.1636904761904762,5731.8,9
S1,2,1482,0.18418201516793067,5076.7,2
S1,2,1483,0.19391507856904044,5364.0,0
S1,2,1484,0.1188118811881188,5697.0,0
S1,2,1485,0.18989487962021023,5330.0,0
S1,2,1486,0.1823185414516684,5262.0,0
S1,2,1487,0.16341030195381884,5127.0,0
S1,2,1488,0.11988011988011989,5630.3,0
S1,2,1489,0.12358757062146893,5291.0,0
S1,2,1490,0.11070780399274047,5182.0,0
S1,2,1491,0.10467289719626169,5122.0,3
S1,2,1492,0.11827546737886303,4964.0,4
S1,2,1493,0.12263099219620958,5074.0,2
S1,2,1494,0.11239901650860555,5376.0,1
S1,2,1495,0.12361160874238625,5249.0,1
S1,2,1496,0.1251646903820817,5674.0,1
S1,2,1497,0.140625,5312.0,0
S1,2,1498,0.09813874788494077,5617.0,2
S1,2,1499,0.13822525597269625,5472.0,3
S2,0,0,0.10246613407433136,8132.71663397493,4
S2,0,1,0.10672703751617077,8723.870021653067,9
S2,0,2,0.09009009009009009,8782.5,0
S2,0,3,0.09854604200323101,8747.121912711187,4
S2,0,4,0.08983111749910169,7910.299999804742,3
S2,0,5,0.10074841681059298,9766.431818019495,2
S2,0,6,0.12443829934324231,7991.0,0
S2,0,7,0.09893679858239811,9503.29999991372,2
S2,0,8,0.13371699390656736,8070.5,0
S2,0,9,0.09568694658668951,9846.0,0
S2,0,10,0.12403913347309574,7900.749999818424,2
S2,0,11,0.1045510455104551,9109.896042995879,3
S2,0,12,0.09436929852154766,8979.31832034462,4
S2,0,13,0.1103988603988604,7919.933216569545,11
S2,0,14,0.09456619633743621,9450.398056695405,8
S2,0,15,0.09803921568627451,9068.386433864534,4
S2,0,16,0.08502386634844869,9501.83491604938,3
S2,0,17,0.10539763653784734,8789.252361255967,5
S2,0,18,0.1287194918087596,8210.0,0
S2,0,19,0.14537264537264538,6684.1499994689075,3
S2,0,20,0.08698677800974251,8141.349999739662,4
S2,0,21,0.0904474769914313,8900.54999994762,1
S2,0,22,0.09294265910522999,8966.607302243725,4
S2,0,23,0.12984822934232715,8161.0,0
S2,0,24,0.07923930269413629,9010.54999996207,1
S2,0,25,0.13206162876008803,7547.288320227865,8
S2,0,26,0.10893854748603352,9966.18875730354,2
S2,0,27,0.14000848536274926,6427.549999902531,1
S2,0,28,0.11312890741292052,9353.74999986345,2
S2,0,29,0.07176332747510251,9789.0,0
S2,0,30,0.08583690987124463,9293.823584504182,5
S2,0,31,0.09215915740198946,9653.27458542863,4
S2,0,32,0.10349088662341674,9055.5,0
S2,0,33,0.10430247718383312,8575.160526260071,1
S2,0,34,0.09905660377358491,8963.049999749555,3
S2,0,35,0.11533665835411472,8911.099999882848,2
S2,0,36,0.1093849080532657,8802.799999884448,2
S2,0,37,0.07331378299120235,9785.109333927792,7
S2,0,38,0.09996924023377422,9152.049999935294,1
S2,0,39,0.10542635658914729,9049.849999949342,1
S2,0,40,0.08945095619987661,9221.516666257954,6
S2,0,41,0.10647870425914817,9378.93951582704,5
S2,0,42,0.08216783216783216,8124.0,0
S2,0,43,0.11854951185495119,7971.74942333658,4
S2,0,44,0.11022657685241886,9127.94635089882,6
S2,0,45,0.1069050122677883,7957.061111037261,1
S2,0,46,0.11103518961393918,8162.049999871667,1
S2,0,47,0.1069050122677883,7968.9742242945895,2
S2,0,48,0.1306497175141243,7774.0,0
S2,0,49,0.1111111111111111,8018.134802543484,3
S2,0,50,0.08928571428571429,10215.291666298539,6
S2,0,51,0.08987417615338526,9455.144711327146,4
S2,0,52,0.09868421052631579,8957.0,0
S2,0,53,0.10521356783919598,8921.895761853646,4
S2,0,54,0.13487099296325253,7009.5,0
S2,0,55,0.11246664125047655,7360.322288646499,6
S2,0,56,0.10887772194304858,8310.143478159755,2
S2,0,57,0.12962322848254407,7966.949999869492,1
S2,0,58,0.13689907672715695,8612.052291318487,4
S2,0,59,0.09476223294279806,8205.070761498793,4
S2,0,60,0.11897001303780964,8509.891610522092,3
S2,0,61,0.13964313421256788,7046.0,0
S2,0,62,0.10786591437105875,8379.0,0
S2,0,63,0.11260443152924082,7630.349992300008,1
S2,0,64,0.11482607227288079,8310.02456109389,4
S2,0,65,0.08313885647607934,9744.513705472156,2
S2,0,66,0.12939358825801467,7136.049999913483,1
S2,0,67,0.0794818957904033,9652.0,0
S2,0,68,0.10704312752094322,8982.0,0
S2,0,69,0.10338037413849688,8556.099999829452,2
S2,0,70,0.1015572105619499,8288.0,0
S2,0,71,0.11583011583011583,8636.0,0
S2,0,72,0.08512688724702859,8931.063140369468,8
S2,0,73,0.09439801918910554,9151.02647029262,4
S2,0,74,0.13785394932935915,7408.699218230891,7
S2,0,75,0.10735198438516591,8607.5,0
S2,0,76,0.13884068031933355,7933.217682196401,8
S2,0,77,0.1025418833044483,9700.749999835698,3
S2,0,78,0.11226541554959786,8323.269107720937,5
S2,0,79,0.10644959298685035,8904.5,0
S2,0,80,0.13268998793727382,6816.9,0
S2,0,81,0.11122015047432122,8496.04999989452,1
S2,0,82,0.09940975458216837,9062.428483113887,4
S2,0,83,0.08477287268074216,8855.599999744461,3
S2,0,84,0.1157830591102986,9118.956201410418,2
S2,0,85,0.08537721204594846,9150.344736543215,5
S2,0,86,0.12902085542594557,7806.0,0
S2,0,87,0.09948748869460355,9331.0,0
S2,0,88,0.08613264427217916,9934.699999640192,4
S2,0,89,0.1019786910197869,9207.549999934745,1
S2,0,90,0.08586323213738117,9327.780234430587,6
S2,0,91,0.15417771883289125,8149.09999938125,2
S2,0,92,0.11866059817945383,8562.049999954166,1
S2,0,93,0.12637179913535085,8297.33712683613,3
S2,0,94,0.09590609791010593,9882.461110718325,5
S2,0,95,0.09699184706213101,9995.9,0
S2,0,96,0.1308562197092084,8508.7,0
S2,0,97,0.10564490696941028,8965.449997652297,9
S2,0,98,0.10451890562557639,9127.6499998478,3
S2,0,99,0.09695290858725762,9161.0,0
S2,0,100,0.0904916261480281,10467.577987335988,4
S2,0,101,0.1271860095389507,8634.7,0
S2,0,102,0.10398359695371998,9615.899999839681,2
S2,0,103,0.11615989067304407,8131.3,0
S2,0,104,0.09919404835709858,9068.54999995305,1
S2,0,105,0.12244897959183673,8870.52943573009,9
S2,0,106,0.11276827937431794,7677.5,0
S2,0,107,0.11833274461321087,7863.6499999533335,1
S2,0,108,0.10873041253597697,8770.677875815818,4
S2,0,109,0.1206518332811031,8880.268583636884,6
S2,0,110,0.10946555054732775,8684.149999820898,3
S2,0,111,0.10685663401602849,9390.553900617306,2
S2,0,112,0.0966657326982348,10075.0,0
S2,0,113,0.13262142611091973,7985.583333028417,4
S2,0,114,0.11952191235059761,7659.849999690824,4
S2,0,115,0.10161836657884833,7418.7,0
S2,0,116,0.06930407161420733,9966.871947322461,5
S2,0,117,0.09339080459770115,9871.965277679592,2
S2,0,118,0.08421353125892092,9986.374561362429,1
S2,0,119,0.10783200908059024,9838.649999752217,3
S2,0,120,0.11199696279422931,7323.549999929358,1
S2,0,121,0.15357766143106458,7796.116666419926,3
S2,0,122,0.13904982618771727,7112.6999996542245,4
S2,0,123,0.10139764318991505,10240.0,0
S2,0,124,0.13540290620871862,8364.800766893573,7
S2,0,125,0.13973063973063973,8156.049999953892,1
S2,0,126,0.11986301369863013,8954.488175293838,6
S2,0,127,0.08487896887771142,9031.349999937398,1
S2,0,128,0.12361270570225794,7225.7,0
S2,0,129,0.15529071867100036,7557.849999033842,6
S2,0,130,0.10838380618425247,8828.72729850353,6
S2,0,131,0.12383345297918162,7691.8,0
S2,0,132,0.15783744557329463,7432.474691123802,3
S2,0,133,0.1363031914893617,8248.678453432485,4
S2,0,134,0.08536905700026268,10801.888059185372,5
S2,0,135,0.12021512179689972,8781.9,0
S2,0,136,0.09896602658788774,9509.0,0
S2,0,137,0.13140161725067384,8197.449999794155,3
S2,0,138,0.13025458851391356,9264.239473647951,1
S2,0,139,0.13853367433930094,6398.9,0
S2,0,140,0.10634869481147277,8766.482566625222,7
S2,0,141,0.14305898975626988,7798.728617492384,5
S2,0,142,0.1279735019572418,9120.4,0
S2,0,143,0.15001829491401392,7417.225316102323,4
S2,0,144,0.13298928146089717,6958.7,0
S2,0,145,0.10064603876232574,8320.606191069886,6
S2,0,146,0.1463963963963964,8426.595652059892,2
S2,0,147,0.1384083044982699,8708.0,0
S2,0,148,0.12843068261787474,7894.380850777675,4
S2,0,149,0.09715725080964376,7853.0,0
S2,0,150,0.11081706913661925,8446.499999872907,2
S2,0,151,0.11107371255469539,8386.175333863519,10
S2,0,152,0.102880658436214,8924.03140984326,6
S2,0,153,0.09474590869939707,9803.0,0
S2,0,154,0.12395413696932135,8900.8,0
S2,0,155,0.11477529906239897,8652.612222912423,6
S2,0,156,0.10876418663303909,8887.699999624872,4
S2,0,157,0.09370579915134371,7965.349999830758,3
S2,0,158,0.13901345291479822,6130.539473419241,3
S2,0,159,0.13714101323007422,8458.0,0
S2,0,160,0.10842237586423632,8942.649999707854,3
S2,0,161,0.13025356026398055,7947.332638761036,2
S2,0,162,0.13828723758747083,8247.50406922864,5
S2,0,163,0.09857446163178647,9294.302126591754,5
S2,0,164,0.1452599388379205,7115.049999888406,1
S2,0,165,0.10541220893643802,8921.0,0
S2,0,166,0.09587449157466589,9777.215701691324,8
S2,0,167,0.09267986176562991,9053.866646907049,11
S2,0,168,0.12030075187969924,9175.04999989,1
S2,0,169,0.10835913312693499,9007.049999786112,1
S2,0,170,0.11226814188089815,8562.783333130676,3
S2,0,171,0.0860479409956976,9203.59999990305,2
S2,0,172,0.16452648475120385,6679.1499999646785,1
S2,0,173,0.10976408912188729,8503.87083322575,2
S2,0,174,0.13731060606060605,8662.5,0
S2,0,175,0.1340722202359671,7659.5499999388885,1
S2,0,176,0.09941720946177579,8226.414117370494,4
S2,0,177,0.11952923869069511,7519.0,0
S2,0,178,0.13591936469150886,8929.2,0
S2,0,179,0.11312217194570136,9869.19310622076,4
S2,0,180,0.13561113067981684,7846.5337047892635,6
S2,0,181,0.15513126491646778,7925.4,0
S2,0,182,0.1236174365647365,8528.344444193524,3
S2,0,183,0.12423312883435583,9023.149999854331,2
S2,0,184,0.129585326953748,6906.01804499857,2
S2,0,185,0.15119916579770595,7771.5499999388885,1
S2,0,186,0.12274076072295657,10307.299414948899,4
S2,0,187,0.14077509108976483,8265.899999870258,2
S2,0,188,0.13005272407732865,7844.5,0
S2,0,189,0.16151202749140894,7805.5,0
S2,0,190,0.10932280595201943,9249.223983448692,4
S2,0,191,0.12115309700038956,7131.4,0
S2,0,192,0.08454106280193237,9413.021052519704,2
S2,0,193,0.13190291945128385,7806.949999901282,1
S2,0,194,0.12106975063245393,7719.349999730608,4
S2,0,195,0.1373346897253306,8069.099999862934,2
S2,0,196,0.14547413793103448,7592.7538458992785,3
S2,0,197,0.10950080515297907,8727.582241914968,8
S2,0,198,0.13846153846153847,8884.234806487735,2
S2,0,199,0.13518966908797417,6879.741530032001,6
S2,0,200,0.1094583216390682,9984.205344613041,6
S2,0,201,0.09843125192248539,9202.477396686361,9
S2,0,202,0.1218650653479336,7950.67988455993,6
S2,0,203,0.12388162422573985,8025.045994699398,4
S2,0,204,0.13562686073436983,8340.013414322017,5
S2,0,205,0.11690363349131122,8923.503484727995,13
S2,0,206,0.18618121638394705,6392.0,0
S2,0,207,0.13884242221478754,8191.372413738169,1
S2,0,208,0.12173290368779091,7749.299999877367,2
S2,0,209,0.13793103448275862,8363.84816062319,4
S2,0,210,0.12488292226038089,8887.249999661552,5
S2,0,211,0.14637391882900866,8169.147058679491,2
S2,0,212,0.12093162137951627,9317.299999780445,3
S2,0,213,0.11884550084889643,8277.099999533675,6
S2,0,214,0.13919645681746282,8684.45833303929,5
S2,0,215,0.14784523435042465,8596.0,0
S2,0,216,0.14404720583130856,7914.849999591775,4
S2,0,217,0.10777385159010601,7990.75800338584,8
S2,0,218,0.139349701393497,8248.049999949342,1
S2,0,219,0.17184035476718404,7272.3,0
S2,0,220,0.1375186846038864,9173.5,0
S2,0,221,0.15047021943573669,8680.899999571366,5
S2,0,222,0.12006578947368421,8442.139999841263,2
S2,0,223,0.13944892473118278,8221.414605942595,7
S2,0,224,0.11467889908256881,9667.0,0
S2,0,225,0.11351052048726468,10042.762280558602,2
S2,0,226,0.068662455369404,10526.251260965453,12
S2,0,227,0.09974667511082964,8896.41895147336,8
S2,0,228,0.12092534174553102,7957.418482090673,7
S2,0,229,0.08100147275405008,9655.54999993125,1
S2,0,230,0.12805061765592046,9134.5,0
S2,0,231,0.12397858551704706,9820.549999908333,1
S2,0,232,0.13221153846153846,9116.5,0
S2,0,233,0.1051939513477975,8578.164426259355,8
S2,0,234,0.12109264995775838,9829.049999946154,1
S2,0,235,0.12109512109512109,8009.2905441119265,10
S2,0,236,0.13738959764474976,8388.64947339585,4
S2,0,237,0.13992537313432835,8745.0,0
S2,0,238,0.16713426853707414,6684.7,0
S2,0,239,0.17629952744456562,7345.6,0
S2,0,240,0.12460156476383658,9563.768749703333,5
S2,0,241,0.13363879343260787,7201.549999759375,1
S2,0,242,0.11959150765923139,10311.829032123667,3
S2,0,243,0.13087354146956795,8764.749999794982,2
S2,0,244,0.13608870967741934,8215.92358440397,5
S2,0,245,0.11783960720130933,8547.784633847983,8
S2,0,246,0.12221534653465346,8940.183333182957,2
S2,0,247,0.16546215290985167,7113.206451365203,4
S2,0,248,0.13050847457627118,8224.895457368792,9
S2,0,249,0.12135126270908494,8543.603243600188,9
S2,0,250,0.13987138263665594,8480.999999878633,2
S2,0,251,0.15833333333333333,8064.808903981215,2
S2,0,252,0.12298091042584434,7523.0499999114945,1
S2,0,253,0.14094432699083861,7793.574663763115,6
S2,0,254,0.12674825174825174,9443.5,0
S2,0,255,0.12173606210303459,7873.946964557959,6
S2,0,256,0.11290322580645161,8620.0,0
S2,0,257,0.17512790240062967,6771.697656140689,2
S2,0,258,0.1704745166959578,7609.5,0
S2,0,259,0.15883977900552487,7890.628772768683,7
S2,0,260,0.16527355623100304,7071.0,0
S2,0,261,0.17131024096385541,7084.2,0
S2,0,262,0.12824956672443674,8004.49999980135,2
S2,0,263,0.14838709677419354,8459.636301277753,2
S2,0,264,0.139608520437536,9546.649999358415,4
S2,0,265,0.10557872784150156,10723.5,0
S2,0,266,0.13575458392101553,7852.087028838121,6
S2,0,267,0.13491005996002664,8210.5,0
S2,0,268,0.11025886864813039,8734.5,0
S2,0,269,0.13755386145177328,8243.9,0
S2,0,270,0.1362957430918596,7314.5,0
S2,0,271,0.14175708785439273,7842.725315521555,6
S2,0,272,0.12696291346475108,8263.104216685837,3
S2,0,273,0.1157994923857868,8814.549999514255,6
S2,0,274,0.12810248198558846,6916.355935723485,3
S2,0,275,0.11861313868613138,9187.28234281615,6
S2,0,276,0.09569377990430622,8837.840131130455,2
S2,0,277,0.1339443073669369,7791.1,0
S2,0,278,0.13137316233969346,8805.5,0
S2,0,279,0.16080901856763927,8144.5,0
S2,0,280,0.12596899224806202,8573.5,0
S2,0,281,0.12721794442584533,8310.592454910211,4
S2,0,282,0.14754641909814323,8171.0,0
S2,0,283,0.1425142514251425,9188.332132733574,8
S2,0,284,0.1343408900083963,9838.290195623653,4
S2,0,285,0.12229102167182662,8920.5,0
S2,0,286,0.10930668332292318,8955.389864723978,3
S2,0,287,0.14495347172512527,7655.149999824813,3
S2,0,288,0.11602383192223267,8995.408386599487,10
S2,0,289,0.1554746940125703,8178.599999905498,2
S2,0,290,0.12113055181695828,8272.0,0
S2,0,291,0.11997600479904019,9265.899999853567,2
S2,0,292,0.08936550491510277,9505.4,0
S2,0,293,0.1310919185687847,8892.5,0
S2,0,294,0.1202435312024353,9117.5,0
S2,0,295,0.1218769043266301,9131.057370892458,5
S2,0,296,0.14082117407533085,8010.0,0
S2,0,297,0.13018867924528302,7269.502380907126,1
S2,0,298,0.13513513513513514,7664.931012696896,4
S2,0,299,0.1485325697924123,7567.5,0
S2,0,300,0.09230769230769231,9229.114959086332,7
S2,0,301,0.12258064516129032,8585.0,0
S2,0,302,0.13444108761329304,9080.5,0
S2,0,303,0.1511703511053316,8318.5,0
S2,0,304,0.1301054018445323,8415.131578489982,7
S2,0,305,0.08095854922279792,8828.087386444979,8
S2,0,306,0.11578947368421053,7964.380850710517,4
S2,0,307,0.15587114651887773,7830.426219209154,3
S2,0,308,0.13162067871868063,8644.5,0
S2,0,309,0.1288323548597521,8505.64088838425,6
S2,0,310,0.1612355736591989,7927.9,0
S2,0,311,0.17412023460410558,7295.3338232485185,4
S2,0,312,0.1672473867595819,7742.099999863643,2
S2,0,313,0.1605361596009975,8671.549999957924,1
S2,0,314,0.16603053435114504,7139.705948364418,7
S2,0,315,0.16266841932303647,8184.5,0
S2,0,316,0.14883873078181223,8363.0499999125,1
S2,0,317,0.11889460154241645,8640.0,0
S2,0,318,0.13871173469387754,8594.699999440338,4
S2,0,319,0.19468621163536418,5776.0,0
S2,0,320,0.1328044153156261,8006.423584740276,2
S2,0,321,0.13726114649681528,8667.855967141575,5
S2,0,322,0.14959349593495935,8391.949841967311,5
S2,0,323,0.16437861271676302,7472.549999898684,1
S2,0,324,0.17298735861610112,8011.0,0
S2,0,325,0.13059701492537312,8872.249999792532,2
S2,0,326,0.1359375,8832.749999488378,4
S2,0,327,0.12096774193548387,8657.1474573573,3
S2,0,328,0.1433915211970075,8724.0,0
S2,0,329,0.14329580348004095,7991.0,0
S2,0,330,0.1228878648233487,9066.699999856619,2
S2,0,331,0.19301848049281314,6386.0,0
S2,0,332,0.17144741180349488,8063.0,0
S2,0,333,0.11912325285895807,8780.46380337141,4
S2,0,334,0.13837638376383765,7424.349596422594,3
S2,0,335,0.13123844731977818,7503.449999928037,1
S2,0,336,0.1682872101720269,7267.595309745999,8
S2,0,337,0.21964856230031948,6464.1,0
S2,0,338,0.14236545682102628,8733.04999992451,1
S2,0,339,0.11543327008222644,8895.886569066168,14
S2,0,340,0.11367080933616247,9200.529645626835,4
S2,0,341,0.13050314465408805,8816.014285292991,6
S2,0,342,0.12528107934468358,8572.0,0
S2,0,343,0.13465160075329566,8733.38518509673,2
S2,0,344,0.13470173187940987,8572.52599973101,3
S2,0,345,0.13830532212885155,7815.0,0
S2,0,346,0.10740621994228919,8791.640295476993,8
S2,0,347,0.08416547788873038,9923.0,0
S2,0,348,0.13322091062394603,8124.0,0
S2,0,349,0.09682299546142209,9365.608946136002,7
S2,0,350,0.12840774397471355,6992.749999487093,5
S2,0,351,0.11229135053110774,9254.716771230871,5
S2,0,352,0.14742451154529307,7698.6947362170695,6
S2,0,353,0.12468030690537084,8644.099999856799,2
S2,0,354,0.14508928571428573,8566.671705737048,5
S2,0,355,0.17460894870862131,7364.0,0
S2,0,356,0.09618416903185115,8980.46228026167,6
S2,0,357,0.13337779259753252,8271.6,0
S2,0,358,0.090595340811044,9855.599999870537,2
S2,0,359,0.121765601217656,9092.595454489707,1
S2,0,360,0.140625,8782.879943411497,2
S2,0,361,0.11274934952298352,9697.686666303165,5
S2,0,362,0.17585931254996004,6644.0,0
S2,0,363,0.11120151885001356,10330.549999940311,1
S2,0,364,0.1388888888888889,8807.520949568108,4
S2,0,365,0.12672811059907835,7164.5,0
S2,0,366,0.10784901138406232,9320.5,0
S2,0,367,0.11478910838227442,10463.295751244643,6
S2,0,368,0.10667775006927127,10153.285591271548,6
S2,0,369,0.13349891338093758,8820.0,0
S2,0,370,0.10576333537706928,9198.61258769911,8
S2,0,371,0.09821753364859949,7775.346596859172,4
S2,0,372,0.10286225402504472,9479.962819847427,9
S2,0,373,0.11356753482737734,9178.5,0
S2,0,374,0.1070695218539161,9613.149999807521,3
S2,0,375,0.1724137931034483,7506.255881984161,5
S2,0,376,0.11821511821511821,8413.765153369082,9
S2,0,377,0.1475237091675448,7747.029032058675,3
S2,0,378,0.16806722689075632,7047.0,0
S2,0,379,0.14163372859025034,8284.249999864402,2
S2,0,380,0.16908212560386474,8313.5,0
S2,0,381,0.16059184409960303,7446.2,0
S2,0,382,0.16002612671456565,8237.5,0
S2,0,383,0.1540478531628974,8250.9,0
S2,0,384,0.11398176291793313,9132.4,0
S2,0,385,0.11920103092783506,8583.0,0
S2,0,386,0.1127709431751611,9484.5,0
S2,0,387,0.08036236119228521,9695.5,0
S2,0,388,0.0830367734282325,9610.749999586238,5
S2,0,389,0.1414451261077028,8036.187704498598,2
S2,0,390,0.10878779316191015,9920.0,0
S2,0,391,0.15036162923486868,7200.674560300185,7
S2,0,392,0.1504297994269341,7648.724999877934,2
S2,0,393,0.14396284829721362,8800.0,0
S2,0,394,0.12918486171761281,7602.129022115647,6
S2,0,395,0.13778220451527223,8310.88684155035,5
S2,0,396,0.12587200485289657,9120.549999934745,1
S2,0,397,0.16805135951661632,7097.099999854802,2
S2,0,398,0.11731044349070101,9703.280487526528,5
S2,0,399,0.1335133513351335,9191.833333067963,5
S2,0,400,0.11783532150130928,9515.5,0
S2,0,401,0.12101017186951947,7973.144116996572,8
S2,0,402,0.11118378024852844,8528.049999923762,1
S2,0,403,0.09360156468287231,10143.843518106365,6
S2,0,404,0.11273209549071618,8440.849999719854,4
S2,0,405,0.10214168039538715,8526.32624948513,2
S2,0,406,0.12527064645839778,8922.799999554398,3
S2,0,407,0.10015408320493066,9091.5,0
S2,0,408,0.051701134089392926,8737.909458876431,6
S2,0,409,0.11300360301342942,8488.5,0
S2,0,410,0.10603345280764635,9360.0,0
S2,0,411,0.12627986348122866,8146.415948868,8
S2,0,412,0.10251798561151079,7798.5499999388885,1
S2,0,413,0.12726694241170855,8689.549999959043,1
S2,0,414,0.11242973141786383,8945.13749964032,6
S2,0,415,0.1013202333435677,9152.579414849672,5
S2,0,416,0.11819116135662898,8085.354913050459,4
S2,0,417,0.10978043912175649,9820.255127990817,3
S2,0,418,0.14701233006639267,8605.965384528738,2
S2,0,419,0.16070245195493704,8159.1266193825195,8
S2,0,420,0.09612303748798462,8845.856011591763,7
S2,0,421,0.12647831800262813,8397.3,0
S2,0,422,0.1543859649122807,7792.492005504202,3
S2,0,423,0.14873417721518986,8620.049999940311,1
S2,0,424,0.1532752500806712,8399.5,0
S2,0,425,0.13034130610051062,10245.549999959043,1
S2,0,426,0.16317843206810925,7619.3,0
S2,0,427,0.13493693165151072,9391.997305041463,6
S2,0,428,0.18442622950819673,7123.136144438027,2
S2,0,429,0.14874915483434753,8094.513955586112,4
S2,0,430,0.19526849417949682,6981.599999782075,2
S2,0,431,0.17857142857142858,8020.0,0
S2,0,432,0.12840346534653466,8982.39999984017,2
S2,0,433,0.13536866359447006,9561.494075711646,4
S2,0,434,0.13797634691195795,8347.0,0
S2,0,435,0.1280286343612335,10008.5,0
S2,0,436,0.1380216891225764,8305.0,0
S2,0,437,0.11248415716096324,8880.842822180697,8
S2,0,438,0.14720476347998676,8254.2,0
S2,0,439,0.13452914798206278,9243.458469537485,6
S2,0,440,0.12946253432718713,7083.799997877651,4
S2,0,441,0.12892202547374962,8873.704777022582,1
S2,0,442,0.1102803738317757,7466.0,0
S2,0,443,0.12281240405280934,9001.5,0
S2,0,444,0.12038523274478331,8684.815438423684,6
S2,0,445,0.12888198757763975,8922.903618740178,11
S2,0,446,0.13955071477195372,8100.668742121378,4
S2,0,447,0.12810991459339027,7436.0,0
S2,0,448,0.1334668001334668,8316.323983301665,4
S2,0,449,0.12228260869565218,9173.249999954971,1
S2,0,450,0.14771556166265887,7944.979884942926,2
S2,0,451,0.15709852598913887,7011.938888776367,1
S2,0,452,0.17670682730923695,6688.41870124984,9
S2,0,453,0.17725517725517725,7605.5,0
S2,0,454,0.15015015015015015,9058.5,0
S2,0,455,0.13801035077630822,9573.910869227648,3
S2,0,456,0.1634683724235963,7603.2,0
S2,0,457,0.13550548112058466,9090.256038219783,7
S2,0,458,0.15719899964272954,7639.349999857407,1
S2,0,459,0.12917719741645606,9871.399999823056,2
S2,0,460,0.16399286987522282,7572.966753940644,4
S2,0,461,0.1241295791704511,9148.0,0
S2,0,462,0.12369337979094076,8015.4499997470075,3
S2,0,463,0.16778523489932887,7664.599999841223,2
S2,0,464,0.12748295286095465,9349.399999888692,2
S2,0,465,0.15289525048796357,8365.249999842124,2
S2,0,466,0.14803149606299212,8722.825316091828,6
S2,0,467,0.1600633914421553,8545.5,0
S2,0,468,0.13990461049284578,8656.599999853,2
S2,0,469,0.11522048364153627,9823.189999598108,7
S2,0,470,0.11825785982117104,9661.039999758468,4
S2,0,471,0.16428571428571428,7556.393492290147,5
S2,0,472,0.15571526351813827,7911.149999947973,1
S2,0,473,0.17165668662674652,6753.299999767438,2
S2,0,474,0.16570605187319884,9313.5,0
S2,0,475,0.2139231327048586,7127.0,0
S2,0,476,0.1715234230911103,7285.6499999125,1
S2,0,477,0.1111111111111111,10146.927637067016,10
S2,0,478,0.11606597434331094,9186.501824328901,7
S2,0,479,0.1378562577447336,8864.3,0
S2,0,480,0.14060568603213844,8909.149999736,3
S2,0,481,0.1396551724137931,8047.7241925102335,10
S2,0,482,0.16146589259796806,7454.039955508258,7
S2,0,483,0.14923076923076922,8844.394339281176,4
S2,0,484,0.15593220338983052,8002.2499997834475,3
S2,0,485,0.14309210526315788,8304.186792383614,1
S2,0,486,0.1326530612244898,8131.338888669225,4
S2,0,487,0.1634683724235963,7582.3,0
S2,0,488,0.12963570725303578,8470.99999954401,4
S2,0,489,0.13559969442322384,7293.866666130809,6
S2,0,490,0.1464035646085296,8616.954207055649,8
S2,0,491,0.1533272002453235,8792.0,0
S2,0,492,0.13689482470784642,8205.207471019581,3
S2,0,493,0.13570961412688032,8415.699999705908,4
S2,0,494,0.09803921568627451,10477.0,0
S2,0,495,0.11671335200746966,8985.962499857249,3
S2,0,496,0.14987639060568603,8767.54999993063,1
S2,0,497,0.14695712309820194,7919.205555262987,4
S2,0,498,0.1464393179538616,8197.24999981847,3
S2,0,499,0.12347515620351086,9454.122281863849,9
S2,0,500,0.1775244299674267,8206.42719079277,6
S2,0,501,0.17257462686567165,8640.549999867242,1
S2,0,502,0.12207192345760474,8462.19999949346,6
S2,0,503,0.13442622950819672,8423.099999793343,2
S2,0,504,0.1652589056188028,7302.9499999189475,1
S2,0,505,0.1329500538986705,7714.526950103065,3
S2,0,506,0.14801657785671996,9255.153413530208,6
S2,0,507,0.13606613847743712,8016.795097971127,1
S2,0,508,0.16731243395561818,7628.5,0
S2,0,509,0.16978516978516978,7788.24999185806,5
S2,0,510,0.16215412079738173,9039.099999876064,2
S2,0,511,0.154250082047916,8314.88930801526,3
S2,0,512,0.14907210222087008,9005.514616890756,9
S2,0,513,0.14794685990338163,9029.149999794652,3
S2,0,514,0.17358490566037735,7073.2,0
S2,0,515,0.16526019690576652,7639.04999993,1
S2,0,516,0.1474117243743572,7994.36111060119,4
S2,0,517,0.14226437462951985,9249.014664415043,5
S2,0,518,0.11818181818181818,9138.5,0
S2,0,519,0.15083990401097017,7941.049999906098,1
S2,0,520,0.12827904295185932,9546.5,0
S2,0,521,0.136986301369863,8258.099999667083,4
S2,0,522,0.1507767286018885,8922.799999809024,2
S2,0,523,0.09801136363636363,9881.2,0
S2,0,524,0.10135135135135136,8721.5,0
S2,0,525,0.12643290627107215,8203.5,0
S2,0,526,0.1282051282051282,8058.5,0
S2,0,527,0.15918958031837915,7441.0,0
S2,0,528,0.16844276383636989,7837.149999544668,3
S2,0,529,0.13149243918474687,8358.64999981021,3
S2,0,530,0.09952465834818776,9527.603473746076,8
S2,0,531,0.12660485021398002,7745.4,0
S2,0,532,0.08472367049009384,10909.599999892578,2
S2,0,533,0.12259466170080695,8933.5,0
S2,0,534,0.11559847819724905,9485.5,0
S2,0,535,0.07475083056478406,10324.5,0
S2,0,536,0.1992604765817584,6366.114942424315,2
S2,0,537,0.12366498032602585,9913.599999878948,2
S2,0,538,0.13961337833691317,8974.533234200759,7
S2,0,539,0.10935992280476037,8677.0,0
S2,0,540,0.12848551120831056,10053.999999915754,2
S2,0,541,0.09128386336866902,9640.349999615166,4
S2,0,542,0.12547051442910917,8871.565214858201,9
S2,0,543,0.12023084321898045,8624.4,0
S2,0,544,0.14079288625416822,7416.549992150963,3
S2,0,545,0.12588271415412958,9006.463636254266,2
S2,0,546,0.1325115562403698,8981.774139746343,6
S2,0,547,0.13902518809290154,8484.105498595805,7
S2,0,548,0.16413695728909283,7665.0499999393705,1
S2,0,549,0.16630736064059132,8693.441880228589,2
S2,0,550,0.1651907356948229,7933.851920939,7
S2,0,551,0.14501697007096576,8794.2,0
S2,0,552,0.12237762237762238,8680.5,0
S2,0,553,0.15306122448979592,8572.075640015344,6
S2,0,554,0.13382779748468235,8523.0,0
S2,0,555,0.1465856274579907,7612.099999868934,2
S2,0,556,0.1293233082706767,9204.0,0
S2,0,557,0.0969743987587277,10980.399999720057,5
S2,0,558,0.12556433408577877,9831.687623472715,3
S2,0,559,0.11472602739726027,8127.549999925242,1
S2,0,560,0.1541095890410959,7145.718987133668,3
S2,0,561,0.18886679920477137,6607.4,0
S2,0,562,0.14724509183027232,8667.713042302286,7
S2,0,563,0.17649135192375573,7534.2,0
S2,0,564,0.149983697424193,8364.358842317031,6
S2,0,565,0.15217391304347827,8781.514942187678,5
S2,0,566,0.15593895155938953,8139.5,0
S2,0,567,0.15136876006441224,8475.93365366705,3
S2,0,568,0.15304406323578876,8130.637707945532,9
S2,0,569,0.17112843104032532,7915.349999553262,5
S2,0,570,0.1856017997750281,7080.399999745783,4
S2,0,571,0.13469021251122418,9198.682608322424,5
S2,0,572,0.08375710439724798,9552.886985330202,4
S2,0,573,0.11764705882352941,8979.699999711598,4
S2,0,574,0.13485477178423236,9253.5,0
S2,0,575,0.11799410029498525,9490.442606221332,8
S2,0,576,0.16545454545454547,7413.704532230629,4
S2,0,577,0.14917325664989217,7634.599999823718,2
S2,0,578,0.15161957270847692,7877.799999882138,2
S2,0,579,0.16001319696469812,8194.599999838703,2
S2,0,580,0.16931582584657912,7790.649999586063,3
S2,0,581,0.12187871581450654,9375.101409328652,4
S2,0,582,0.14553314121037464,9556.780928244663,7
S2,0,583,0.1579925650557621,8783.451529817503,7
S2,0,584,0.14833127317676142,8813.4,0
S2,0,585,0.17185994217796338,8353.649999836953,3
S2,0,586,0.1657634682817979,8441.449999727723,3
S2,0,587,0.16221952698605216,8880.54999994726,1
S2,0,588,0.14101778050275904,8998.441881199247,8
S2,0,589,0.15191114015027768,8296.4,0
S2,0,590,0.13316816351811706,8890.499999865262,2
S2,0,591,0.1,9477.524999299205,8
S2,0,592,0.1487973909498573,6683.118749909766,1
S2,0,593,0.15912636505460218,8694.893377590171,4
S2,0,594,0.1390644753476612,8742.59924389841,8
S2,0,595,0.14927821522309712,8303.5,0
S2,0,596,0.11303191489361702,8387.149999744583,3
S2,0,597,0.11794708320051005,8707.46363623589,2
S2,0,598,0.11846689895470383,8007.4388888326275,1
S2,0,599,0.09922822491730982,7646.2,0
S2,0,600,0.1470160116448326,9363.034387817901,4
S2,0,601,0.16708587854832915,7508.151894349168,5
S2,0,602,0.17096999302163293,7680.0,0
S2,0,603,0.15988372093023256,9289.287167878685,4
S2,0,604,0.1777140809745611,7426.149999948667,1
S2,0,605,0.14607425441265978,8994.637955940174,4
S2,0,606,0.15389652914210872,8255.049999883333,1
S2,0,607,0.1666105688320431,7963.049999951266,1
S2,0,608,0.16382480775660313,8114.349663935781,6
S2,0,609,0.13904338153503892,9904.629844525103,7
S2,0,610,0.15630367571281348,7848.6,0
S2,0,611,0.12333965844402277,8833.278625301096,11
S2,0,612,0.1399190829399865,8129.408332536543,4
S2,0,613,0.11100687929956222,9012.326231808724,9
S2,0,614,0.15886871508379888,7732.946043047678,2
S2,0,615,0.14651449722393584,8863.324999785453,4
S2,0,616,0.12910798122065728,9410.457064377995,2
S2,0,617,0.1266255989048597,8070.685056883256,5
S2,0,618,0.1441079897847501,7441.0,0
S2,0,619,0.08974358974358974,7748.32456106812,5
S2,0,620,0.09994288977727013,9938.73438562972,10
S2,0,621,0.10840108401084012,8222.749999923,1
S2,0,622,0.07960348452988886,9567.360958382229,12
S2,0,623,0.06593820648078372,7613.322548538873,4
S2,0,624,0.05815781200880226,9234.28157872019,3
S2,0,625,0.08601553829078801,10303.165277298049,8
S2,0,626,0.1022685013015991,7567.192552134417,6
S2,0,627,0.07403020432336394,9688.823143610347,5
S2,0,628,0.06951026856240126,9114.920478757136,5
S2,0,629,0.11697979439914924,7878.104600823297,4
S2,0,630,0.13921113689095127,8249.0,0
S2,0,631,0.12279596977329975,8844.519042455584,9
S2,0,632,0.12302839116719243,8748.549999928704,1
S2,0,633,0.09259259259259259,9581.5,0
S2,0,634,0.06445375443119562,8918.049999925961,1
S2,0,635,0.08522727272727272,8514.337499460835,6
S2,0,636,0.11635984716915596,8021.409615216081,3
S2,0,637,0.08666480290746435,10142.013803561153,2
S2,0,638,0.11177844511177845,8391.162961037617,3
S2,0,639,0.14669549104385424,8846.0,0
S2,0,640,0.161651728553137,8431.599999882854,2
S2,0,641,0.1582931865106676,7888.4615380890145,3
S2,0,642,0.14295556321047193,8010.804205764965,10
S2,0,643,0.12007684918347743,8703.744444303156,2
S2,0,644,0.14086640411996365,9024.230132325463,3
S2,0,645,0.14650872817955113,8743.937036760091,3
S2,0,646,0.13580607476635514,9439.559496119084,7
S2,0,647,0.1362616223148445,8606.983595051754,5
S2,0,648,0.15467274503419082,8350.099999888007,2
S2,0,649,0.17752499138228198,7733.749999925243,1
S2,0,650,0.1362105907560453,9092.818917449897,14
S2,0,651,0.18184550646227832,8783.5,0
S2,0,652,0.1519392243102759,6892.254410452603,7
S2,0,653,0.1675094816687737,8538.858143263387,4
S2,0,654,0.1362397820163488,9099.162467275059,6
S2,0,655,0.13431934802293993,9200.339027308044,6
S2,0,656,0.17925247902364608,7030.437499572477,6
S2,0,657,0.1526063100137174,7984.199999631198,3
S2,0,658,0.16350555918901244,8231.0,0
S2,0,659,0.15374592833876222,8423.410425641436,4
S2,0,660,0.16520566419420094,7963.0,0
S2,0,661,0.15442690459849004,7942.1628203396895,3
S2,0,662,0.19146390107698444,6647.699999831634,2
S2,0,663,0.16711833785004518,8904.5,0
S2,0,664,0.16175994823681655,8349.4,0
S2,0,665,0.20632133450395082,5979.130850659186,3
S2,0,666,0.15350877192982457,8608.0,0
S2,0,667,0.18713662790697674,7284.699999842857,1
S2,0,668,0.13958125623130607,8270.397363416516,3
S2,0,669,0.1719662556781311,8272.329999862133,2
S2,0,670,0.16172057352450817,8145.069460806768,4
S2,0,671,0.1834504293520687,6849.244443943297,5
S2,0,672,0.15605095541401273,8507.0,0
S2,0,673,0.1298904538341158,8888.177776976088,11
S2,0,674,0.1329702018583787,8600.54999923,1
S2,0,675,0.1708743842364532,8726.949999814165,3
S2,0,676,0.14569907537125246,9738.260974611527,4
S2,0,677,0.15332197614991483,8000.330131864259,7
S2,0,678,0.14964788732394366,7806.1934636139695,6
S2,0,679,0.12864009047215155,9794.913157505236,3
S2,0,680,0.17025377449405718,8306.0,0
S2,0,681,0.14053504910260753,8131.442384776251,5
S2,0,682,0.15047432122996401,8355.24118928821,3
S2,0,683,0.16801075268817203,8005.199999806015,2
S2,0,684,0.16457100591715976,7292.599999869446,2
S2,0,685,0.1736930860033727,7963.549999766667,1
S2,0,686,0.15332472562943836,8435.549999909412,1
S2,0,687,0.17804698972099853,7296.313043247964,3
S2,0,688,0.1643192488262911,8612.5,0
S2,0,689,0.16032417195207893,7721.6999998830215,2
S2,0,690,0.17301038062283736,7731.699999730831,4
S2,0,691,0.16071428571428573,7527.049999908333,1
S2,0,692,0.138670028364324,8771.907794289285,8
S2,0,693,0.15534312051894844,7943.34999995,1
S2,0,694,0.15610066900286715,8528.549999938889,1
S2,0,695,0.14572722127900395,9616.549999957924,1
S2,0,696,0.13966480446927373,9360.4028863644,6
S2,0,697,0.16354515050167223,8016.8,0
S2,0,698,0.16885553470919323,7172.199991783258,5
S2,0,699,0.18518518518518517,7325.968918555102,5
S2,0,700,0.16102797657774887,8293.499999879497,2
S2,0,701,0.15630367571281348,8025.9397753188405,11
S2,0,702,0.15038670867946147,9493.5,0
S2,0,703,0.15901639344262294,8274.0,0
S2,0,704,0.16970458830923948,8565.54999962266,5
S2,0,705,0.12694145758661887,9276.5,0
S2,0,706,0.14705882352941177,8462.43274829273,4
S2,0,707,0.15407190022010273,7416.985371641587,4
S2,0,708,0.1259150805270864,9482.429715308941,8
S2,0,709,0.15572105619498985,7971.149999794779,3
S2,0,710,0.16225582860743543,8527.099074498263,3
S2,0,711,0.16530394596516174,7590.249999923,1
S2,0,712,0.13078826440438318,7881.117997862211,7
S2,0,713,0.14340678558936693,7855.3994146736595,6
S2,0,714,0.1477832512315271,7757.8,0
S2,0,715,0.14387144992526157,7370.999999880937,2
S2,0,716,0.14098360655737704,8378.999999798525,3
S2,0,717,0.16723036452461482,7146.049999782436,3
S2,0,718,0.14576802507836992,8754.299999393363,6
S2,0,719,0.1407185628742515,9174.008333049796,3
S2,0,720,0.21037581699346405,6355.0,0
S2,0,721,0.19208153665229322,6790.4743553393255,6
S2,0,722,0.16097560975609757,8339.875907666623,11
S2,0,723,0.15654351909830932,8661.0,0
S2,0,724,0.18175582990397804,7751.0,0
S2,0,725,0.14332965821389196,9930.472006145039,6
S2,0,726,0.15754296626352643,8584.64999976845,3
S2,0,727,0.16516998075689546,8349.5,0
S2,0,728,0.13157894736842105,8248.549999605168,4
S2,0,729,0.16999376169681846,8595.322126291161,5
S2,0,730,0.17371861025111798,7750.549999869491,1
S2,0,731,0.1806640625,8186.8,0
S2,0,732,0.13175450300200134,8393.50434573596,10
S2,0,733,0.16193656093489148,8080.592028814869,3
S2,0,734,0.16563146997929606,7819.901612415627,6
S2,0,735,0.16738481935697713,8079.54999994726,1
S2,0,736,0.13565891472868216,9945.20465107257,2
S2,0,737,0.1294942108470445,9106.899999888117,2
S2,0,738,0.15365938258758238,7832.161093755035,3
S2,0,739,0.12853841709994224,9579.049999941666,1
S2,0,740,0.1872934263679765,7218.7,0
S2,0,741,0.19669117647058823,7166.499999782222,2
S2,0,742,0.13813909177516673,8667.929295393707,6
S2,0,743,0.15777395295467583,9404.21315786142,1
S2,0,744,0.13200782268578878,8517.190397107488,4
S2,0,745,0.12442698100851342,8444.442857014246,3
S2,0,746,0.13753327417923691,9282.79999983553,3
S2,0,747,0.14338575393154487,8846.599999849639,2
S2,0,748,0.1769352290679305,8449.9,0
S2,0,749,0.14201914171040445,8891.899999757206,4
S2,0,750,0.15348101265822786,8558.19999989234,2
S2,0,751,0.10616080751827359,8240.579415048258,16
S2,0,752,0.09334537789822343,9393.5,0
S2,0,753,0.15665374677002583,8365.44999996484,1
S2,0,754,0.14561462919065357,8039.951546186555,3
S2,0,755,0.14228987425545997,8237.4,0
S2,0,756,0.15355086372360843,8449.549999920619,1
S2,0,757,0.12635956493921946,8694.092344926574,8
S2,0,758,0.14392143582797157,8049.422221963233,4
S2,0,759,0.11985248924400738,9029.32627842771,5
S2,0,760,0.11787473610133709,7891.362280370133,4
S2,0,761,0.13501483679525222,9264.80465094286,4
S2,0,762,0.10003175611305176,8893.5580641713,4
S2,0,763,0.07531106745252128,8727.374438657109,4
S2,0,764,0.07142857142857142,9278.027934784506,8
S2,0,765,0.13863822805578344,6639.441999940864,1
S2,0,766,0.14204545454545456,7252.50176652187,7
S2,0,767,0.12586532410320955,8822.781521368552,4
S2,0,768,0.0836629145117128,9405.049999315883,5
S2,0,769,0.11585706309324399,9987.374564708936,6
S2,0,770,0.13718528082633957,8547.990707774472,10
S2,0,771,0.1171993911719939,9157.408410568993,3
S2,0,772,0.1039890896692806,8314.042839121968,9
S2,0,773,0.13187520102926986,8573.69999941717,4
S2,0,774,0.10972379871358305,7458.46867864406,8
S2,0,775,0.12221203788573175,9028.9,0
S2,0,776,0.11966701352757544,8046.701135163365,7
S2,0,777,0.11933174224343675,9365.406743470157,7
S2,0,778,0.15126603091088459,8302.486666395273,4
S2,0,779,0.15498043936202227,9008.54999993937,1
S2,0,780,0.17194216490816724,6897.107142083865,5
S2,0,781,0.15640273704789834,8322.649999802117,3
S2,0,782,0.16967621419676215,8620.7,0
S2,0,783,0.13920134983127108,9775.19999988602,2
S2,0,784,0.15168698610717324,9625.874073761846,4
S2,0,785,0.15014075695964968,8698.5,0
S2,0,786,0.12179689971527997,8758.5,0
S2,0,787,0.12191209496310555,8690.298096020531,9
S2,0,788,0.10857956568173727,7924.868576228485,3
S2,0,789,0.14207463197535092,7977.099999468168,2
S2,0,790,0.07736943907156674,10362.049999953892,1
S2,0,791,0.11673151750972763,9297.382084193314,4
S2,0,792,0.13090676883780333,8640.5,0
S2,0,793,0.1521876981610653,8513.0,0
S2,0,794,0.14089595375722544,7594.2337791683985,5
S2,0,795,0.08344370860927153,10728.0,0
S2,0,796,0.14705882352941177,8915.150824527153,4
S2,0,797,0.13398486759142497,8699.04999995,1
S2,0,798,0.10522854324235449,8572.021038037765,3
S2,0,799,0.10045366169799093,8686.354349143341,5
S2,0,800,0.0957107408720312,7954.049999931858,1
S2,0,801,0.12467616580310881,8528.7630433317,2
S2,0,802,0.13218770654329148,8335.599999890503,2
S2,0,803,0.14113597246127366,8010.249984087391,7
S2,0,804,0.1429948586118252,8481.0,0
S2,0,805,0.10207237859573152,9073.7,0
S2,0,806,0.11638733705772812,8971.087212179296,4
S2,0,807,0.14386082301773168,8189.5,0
S2,0,808,0.12735990410548398,9178.599999894876,2
S2,0,809,0.08144946808510638,8576.14999985555,3
S2,0,810,0.12272872170863883,8678.508333125284,3
S2,0,811,0.08012820512820513,8889.04999993937,1
S2,0,812,0.19597457627118645,7437.5,0
S2,0,813,0.10503597122302158,9722.957641807885,2
S2,0,814,0.15894955079474776,7767.0,0
S2,0,815,0.1583198707592892,8385.749999869407,2
S2,0,816,0.12584407612031923,9006.008265920023,4
S2,0,817,0.12246117084826762,9323.844469626656,4
S2,0,818,0.13731596828992074,9648.5,0
S2,0,819,0.11413383364602876,8913.72817314776,5
S2,0,820,0.10910677916787896,9661.30315302161,3
S2,0,821,0.1476608187134503,9289.688757313263,2
S2,0,822,0.14405070584845867,9489.04999986,1
S2,0,823,0.10380622837370242,8068.5,0
S2,0,824,0.11770396646243148,8617.245822144438,3
S2,0,825,0.14311006196518147,9271.599999872831,2
S2,0,826,0.1438507745810939,8606.5999997634,2
S2,0,827,0.14533176746917206,9295.549999940311,1
S2,0,828,0.15727618389215348,7854.5,0
S2,0,829,0.19293865905848787,7396.401265721928,2
S2,0,830,0.15815847165674915,8655.7,0
S2,0,831,0.1674808094905792,7695.630132021632,3
S2,0,832,0.13202333435677002,9038.523957467414,6
S2,0,833,0.16501650165016502,8158.0,0
S2,0,834,0.1401080351114112,8227.072288602829,7
S2,0,835,0.14871016691957512,8965.429943323858,3
S2,0,836,0.132406487917908,8297.549999942963,1
S2,0,837,0.14773776546629733,8840.549999925961,1
S2,0,838,0.1141352063213345,9532.049999930001,1
S2,0,839,0.16775244299674266,8256.549999895946,1
S2,0,840,0.1500280426247897,9677.5,0
S2,0,841,0.1410743353228432,10077.199999958824,1
S2,0,842,0.1236056677720832,9171.2,0
S2,0,843,0.05854474491218288,10408.299999704752,4
S2,0,844,0.12636612021857924,8113.533333110827,3
S2,0,845,0.1455026455026455,7230.9,0
S2,0,846,0.13078826440438318,7815.303009839755,6
S2,0,847,0.16482040953340046,7990.8,0
S2,0,848,0.14072847682119205,8234.549999916304,1
S2,0,849,0.1657552973342447,7867.952941029702,2
S2,0,850,0.1212747123045146,9532.402261169584,12
S2,0,851,0.15043996593812092,9562.902380907126,1
S2,0,852,0.1450358851674641,9166.311110867058,4
S2,0,853,0.14401294498381878,8470.604535342745,3
S2,0,854,0.12602579132473624,9426.136841931922,3
S2,0,855,0.10772766446423442,9800.791749676813,9
S2,0,856,0.11342155009451796,8876.54999995,1
S2,0,857,0.16714593817397555,7458.9,0
S2,0,858,0.15389762462361994,8140.0099433678815,6
S2,0,859,0.1520973422990714,8515.236021146231,3
S2,0,860,0.18556005398110662,7881.099999809065,2
S2,0,861,0.16157723095167506,9119.363043206149,4
S2,0,862,0.1827917282127031,7199.599999428162,2
S2,0,863,0.16661167931375784,8107.5,0
S2,0,864,0.16940789473684212,8213.243420310757,5
S2,0,865,0.20875150541951024,6521.9,0
S2,0,866,0.11639030612244898,8870.270719906222,10
S2,0,867,0.15652687536916715,9169.0,0
S2,0,868,0.16306102680012916,8349.5,0
S2,0,869,0.15001595914458984,8530.034721866194,5
S2,0,870,0.1580135440180587,8431.553344539472,5
S2,0,871,0.16568864342423195,7834.591548362756,7
S2,0,872,0.1371218546791066,9745.649999703688,3
S2,0,873,0.15423031727379555,9248.599999767355,2
S2,0,874,0.1618071131047741,8377.8,0
S2,0,875,0.1611883691529709,8618.349999689932,4
S2,0,876,0.13953488372093023,9427.099999781021,2
S2,0,877,0.1702061211742661,8628.09748073052,8
S2,0,878,0.1435836075381394,9124.0,0
S2,0,879,0.1512812596480395,8797.099999781281,2
S2,0,880,0.15817779183802594,8576.63078868083,4
S2,0,881,0.15032456440040998,7934.127456604177,1
S2,0,882,0.14315538323889054,9136.512658098503,2
S2,0,883,0.1532941943900848,8401.3064509856,6
S2,0,884,0.11231038506417736,9616.049999664669,5
S2,0,885,0.16135155656795747,7101.5,0
S2,0,886,0.12195121951219512,8605.299999422472,6
S2,0,887,0.11771147002463729,10215.482638359132,8
S2,0,888,0.14428215176344852,7713.218581972962,6
S2,0,889,0.12598425196850394,8864.517385297064,10
S2,0,890,0.14563106796116504,8680.5,0
S2,0,891,0.13147410358565736,10362.64999981859,3
S2,0,892,0.11496350364963503,7712.3229144383295,4
S2,0,893,0.15769353297228417,8573.751790304099,8
S2,0,894,0.1412133891213389,7900.399999682484,4
S2,0,895,0.13693560325684678,7393.629884904696,2
S2,0,896,0.1299671347475351,9210.5,0
S2,0,897,0.1662667123757285,7845.834361119726,5
S2,0,898,0.12187299550994227,8695.629497509246,6
S2,0,899,0.1650943396226415,7480.380373334403,6
S2,0,900,0.11188150015757958,8840.5,0
S2,0,901,0.12888198757763975,8934.683358061147,4
S2,0,902,0.15085484411666109,8192.494116942325,8
S2,0,903,0.13999243284146803,7252.049999893055,1
S2,0,904,0.10900745840504876,9726.5,0
S2,0,905,0.11164274322169059,10445.5,0
S2,0,906,0.08132726089785296,8737.5,0
S2,0,907,0.10669730794484569,8568.606916589728,6
S2,0,908,0.10216168196624223,9472.2,0
S2,0,909,0.072277545775779,8919.9,0
S2,0,910,0.1165389527458493,8807.849999293196,7
S2,0,911,0.14369933677229182,7427.9,0
S2,0,912,0.11925337020394054,7994.8,0
S2,0,913,0.1299545159194282,8591.782471850112,11
S2,0,914,0.11024844720496894,9019.397790550034,8
S2,0,915,0.08368837492391966,9331.5,0
S2,0,916,0.11338230597253274,8758.19999988709,2
S2,0,917,0.10625561209218796,9349.701168610958,4
S2,0,918,0.10853568800588669,7627.859404559715,4
S2,0,919,0.11117528154779094,9682.099999853763,2
S2,0,920,0.09815950920245399,9154.049999955492,1
S2,0,921,0.11710323574730354,9028.557692013246,3
S2,0,922,0.09773123909249563,8092.005207829936,5
S2,0,923,0.1349911190053286,7775.187499815521,3
S2,0,924,0.1235370611183355,8493.8,0
S2,0,925,0.09390444810543658,8598.390131430268,3
S2,0,926,0.168008400420021,7676.086842015977,2
S2,0,927,0.10894684714427204,8504.488888734058,2
S2,0,928,0.12870398084405865,9219.021759057185,4
S2,0,929,0.0856989823245849,10610.153762293605,5
S2,0,930,0.055386319579063974,10449.0,0
S2,0,931,0.0939963614311704,9379.588198176687,10
S2,0,932,0.08170871559633028,9934.428513317078,6
S2,0,933,0.10726383138878434,7414.5,0
S2,0,934,0.14180672268907563,7846.937623465559,4
S2,0,935,0.12351190476190477,9304.0,0
S2,0,936,0.16889238020424194,6891.368987021536,4
S2,0,937,0.18622628250175685,7585.375640262326,4
S2,0,938,0.1611432046214655,8916.834523562487,4
S2,0,939,0.1409104986063797,8829.5,0
S2,0,940,0.13998782714546562,9007.5,0
S2,0,941,0.12709137709137708,8632.462622091292,5
S2,0,942,0.12922782386726228,8661.949999825,1
S2,0,943,0.13546056592414207,9150.321117616126,4
S2,0,944,0.12644728823887874,9195.310057684119,12
S2,0,945,0.1317737636955878,9334.468852344038,2
S2,0,946,0.13924050632911392,8660.549999920619,1
S2,0,947,0.14285714285714285,8338.375489835633,4
S2,0,948,0.1583873290136789,7538.499999823302,2
S2,0,949,0.1501937984496124,8373.0,0
S2,0,950,0.11169900058788948,9570.584534886892,8
S2,0,951,0.125250501002004,8336.115375990952,2
S2,0,952,0.14202711426726922,8494.049999745595,3
S2,0,953,0.16012396694214875,7857.149999774674,3
S2,0,954,0.1283965362794864,9337.125279653108,12
S2,0,955,0.1191913095956548,9279.498790646068,6
S2,0,956,0.20932239965472593,6070.499999850881,2
S2,0,957,0.15664386028087865,7531.349999935834,1
S2,0,958,0.14104153750774953,8850.930313657582,7
S2,0,959,0.16492488569562377,8210.049999945775,1
S2,0,960,0.1319974554707379,8650.149999711672,3
S2,0,961,0.13996889580093314,8861.532913446987,8
S2,0,962,0.13318356867779205,8562.943463942727,2
S2,0,963,0.13033561420658196,8443.0,0
S2,0,964,0.11868990384615384,9224.749999930631,1
S2,0,965,0.163302752293578,7354.210967756078,3
S2,0,966,0.12343842950624628,9428.681994675395,11
S2,0,967,0.15253740099735993,9202.0,0
S2,0,968,0.10976639459611595,9980.441574651339,7
S2,0,969,0.1143265451947124,7804.04999994726,1
S2,0,970,0.09816543289346637,8743.0,0
S2,0,971,0.1360141927853341,9328.96898710138,4
S2,0,972,0.12474012474012475,9297.744444316015,2
S2,0,973,0.13335287221570927,9368.599999893793,2
S2,0,974,0.1400064370775668,8452.0,0
S2,0,975,0.10691044313603966,9145.989480141674,13
S2,0,976,0.13578869047619047,7375.776950301936,1
S2,0,977,0.135678391959799,8224.249999774038,2
S2,0,978,0.16112789526686808,8007.0499999358335,1
S2,0,979,0.1544461778471139,8684.97398361103,2
S2,0,980,0.1927353595255745,7140.918918714404,3
S2,0,981,0.15990159901599016,8806.576146549885,3
S2,0,982,0.1607084289931125,8248.799999861909,2
S2,0,983,0.1469678217821782,8867.674802662868,7
S2,0,984,0.13609299688120216,9698.439999889772,2
S2,0,985,0.1683894631543848,8011.5,0
S2,0,986,0.1822759315206445,7940.9499997336,3
S2,0,987,0.16200062912865681,8573.312930876287,3
S2,0,988,0.14784151389710232,9316.563692585532,10
S2,0,989,0.12931034482758622,9069.09579080784,10
S2,0,990,0.17794164796409107,8309.5,0
S2,0,991,0.1413760603204524,8742.356185374188,3
S2,0,992,0.14534883720930233,8493.24999926641,5
S2,0,993,0.15773907328294445,8292.224999628217,4
S2,0,994,0.14385474860335196,9779.5,0
S2,0,995,0.17063081695966908,7802.8,0
S2,0,996,0.16691505216095381,9048.112820415565,2
S2,0,997,0.1782042494859493,7798.4999996424185,4
S2,0,998,0.17435716801690737,7611.039999721317,4
S2,0,999,0.1598976654940838,8449.0,0
S2,0,1000,0.1446708001180986,9256.749999969323,1
S2,0,1001,0.16325112886418897,7783.91999991037,2
S2,0,1002,0.2074601844090528,6213.7,0
S2,0,1003,0.17251725172517252,8882.522602706975,1
S2,0,1004,0.1623652401176086,8304.399999861585,2
S2,0,1005,0.13521914827479017,8872.749991883902,6
S2,0,1006,0.1321718233703815,9273.075308280768,10
S2,0,1007,0.11658795749704841,9498.186063394776,12
S2,0,1008,0.1509705248023005,7574.4,0
S2,0,1009,0.16883985289200937,8061.199999693437,4
S2,0,1010,0.16370106761565836,7667.219182932305,7
S2,0,1011,0.17889087656529518,7438.786991723345,2
S2,0,1012,0.11051693404634581,7855.30376768721,7
S2,0,1013,0.17016224772457458,6804.0,0
S2,0,1014,0.12895460797799174,8036.549999809034,3
S2,0,1015,0.15256588072122051,7843.071357782584,3
S2,0,1016,0.17461802307452448,8576.3,0
S2,0,1017,0.19393241167434716,6862.5,0
S2,0,1018,0.1606425702811245,8098.199999787277,4
S2,0,1019,0.14622500746045958,9126.049999918085,1
S2,0,1020,0.19101521047046338,7473.099999867744,2
S2,0,1021,0.1395281933256617,9560.59999989643,2
S2,0,1022,0.20123839009287925,6822.5,0
S2,0,1023,0.19896193771626297,7568.186206733747,3
S2,0,1024,0.1669064748201439,9319.2,0
S2,0,1025,0.1512812596480395,8827.099999883623,2
S2,0,1026,0.1791044776119403,7993.0,0
S2,0,1027,0.12558139534883722,8948.599999891549,1
S2,0,1028,0.17109634551495018,8090.38947336795,4
S2,0,1029,0.1641695887790883,8425.909352767683,2
S2,0,1030,0.1287922152261019,9615.749999942538,1
S2,0,1031,0.1421957671957672,8294.249999378777,5
S2,0,1032,0.10496794871794872,7010.149999767889,3
S2,0,1033,0.17540322580645162,6653.5,0
S2,0,1034,0.1406297768266585,9002.46111080406,5
S2,0,1035,0.12981062919975564,8994.6,0
S2,0,1036,0.10847844704538967,9859.172139958908,11
S2,0,1037,0.09208937198067634,9380.607271665855,5
S2,0,1038,0.09158097686375322,8858.826213221264,5
S2,0,1039,0.1407337128399747,8666.549999911495,1
S2,0,1040,0.20684736091298145,7289.5,0
S2,0,1041,0.14410621761658032,8475.781436031037,7
S2,0,1042,0.15734265734265734,8530.599999809994,2
S2,0,1043,0.13118664281454978,9244.0,0
S2,0,1044,0.17977928088287648,7504.772042841048,2
S2,0,1045,0.13081837541831456,9108.27302152933,1
S2,0,1046,0.136508858553587,9474.043577616636,6
S2,0,1047,0.13773222293401666,8546.3,0
S2,0,1048,0.16194331983805668,9299.099999871709,2
S2,0,1049,0.15729585006693442,8100.598830374861,1
S2,0,1050,0.15137328339575531,8764.675372618882,6
S2,0,1051,0.16911994989038523,8557.049999825,1
S2,0,1052,0.16634050880626222,8225.0,0
S2,0,1053,0.16179704681118443,8588.5,0
S2,0,1054,0.14873417721518986,8644.19999970548,4
S2,0,1055,0.13913298183948447,9431.94853692026,5
S2,0,1056,0.16188714153561518,8727.5,0
S2,0,1057,0.1543793320730939,8708.762185228128,7
S2,0,1058,0.15542521994134897,9213.5,0
S2,0,1059,0.16223733003708282,8717.34680362102,1
S2,0,1060,0.13094521372667067,9196.44999993362,1
S2,0,1061,0.12173913043478261,9703.265002377326,9
S2,0,1062,0.139218009478673,9312.099999831538,2
S2,0,1063,0.15179224579370884,7431.5,0
S2,0,1064,0.1447562776957164,9288.199999906097,1
S2,0,1065,0.17355982274741508,7238.0,0
S2,0,1066,0.17342095655348666,7400.7,0
S2,0,1067,0.16485275288092188,8411.5,0
S2,0,1068,0.14563106796116504,8793.799887402076,8
S2,0,1069,0.1591207349081365,8226.301887403635,4
S2,0,1070,0.1856594110115237,6269.2,0
S2,0,1071,0.09284216831386642,9533.175027681782,10
S2,0,1072,0.1331798750411049,8367.149999752455,3
S2,0,1073,0.10371019573473561,9655.122646841186,6
S2,0,1074,0.17843583902809415,7051.549999891549,1
S2,0,1075,0.19717102443206172,6284.133328733515,12
S2,0,1076,0.14404514404514404,9257.781446133522,5
S2,0,1077,0.15915915915915915,9001.0,0
S2,0,1078,0.17096882333221589,8041.158064382995,2
S2,0,1079,0.14559068219633944,9876.25107508458,4
S2,0,1080,0.16330785267546907,7833.319999685206,5
S2,0,1081,0.16638078902229847,7940.675422134742,7
S2,0,1082,0.16228497241155468,8327.34999989452,1
S2,0,1083,0.1491389913899139,8943.045211979876,9
S2,0,1084,0.18240343347639484,7399.7,0
S2,0,1085,0.13673415724428084,10461.0,0
S2,0,1086,0.16551071878940732,8514.5,0
S2,0,1087,0.1665095821551995,8586.2,0
S2,0,1088,0.14250309789343246,8920.658451318996,7
S2,0,1089,0.15823720792664892,9175.76110774722,3
S2,0,1090,0.1844331641285956,7849.809999774389,4
S2,0,1091,0.17210787792760823,7549.349999944203,1
S2,0,1092,0.15271493212669685,9610.599999818704,2
S2,0,1093,0.16031746031746033,8536.084729649727,4
S2,0,1094,0.1498371335504886,8401.499998694935,6
S2,0,1095,0.14050387596899225,8542.499999721176,4
S2,0,1096,0.17253774263120059,7469.482969347055,4
S2,0,1097,0.15066469719350073,9221.314717933225,4
S2,0,1098,0.13320013320013321,8335.229818495494,8
S2,0,1099,0.1486650485436893,8966.153100564177,3
S2,0,1100,0.18756336600202772,7805.449999933044,1
S2,0,1101,0.13594688586784698,8723.0,0
S2,0,1102,0.15751867489444624,8371.649999797195,3
S2,0,1103,0.17310789049919484,6703.0,0
S2,0,1104,0.14190051020408162,8594.049999832609,1
S2,0,1105,0.1636904761904762,8166.0,0
S2,0,1106,0.13711151736745886,9024.249999942964,1
S2,0,1107,0.13392857142857142,9334.525349421565,10
S2,0,1108,0.125,9485.290522231968,9
S2,0,1109,0.15070643642072212,8665.41999969103,4
S2,0,1110,0.1512632978723404,8202.299999757333,2
S2,0,1111,0.12809187279151943,9391.599999814458,2
S2,0,1112,0.13803680981595093,8072.847916461827,3
S2,0,1113,0.17333333333333334,7997.64999994726,1
S2,0,1114,0.15260043600124573,8717.349999923763,1
S2,0,1115,0.13417643429981493,8944.95102753928,6
S2,0,1116,0.11255115961800818,8264.669252096302,6
S2,0,1117,0.15337423312883436,8414.745731396344,4
S2,0,1118,0.15332472562943836,8420.5,0
S2,0,1119,0.13530326594090203,8936.382473840535,9
S2,0,1120,0.14267795547193476,8708.04999996385,1
S2,0,1121,0.15656229180546302,8152.749999922222,1
S2,0,1122,0.1839211224876754,7000.94999989,1
S2,0,1123,0.15186915887850466,9356.049999946896,1
S2,0,1124,0.13296317942723554,9431.599999894515,2
S2,0,1125,0.16973125884016974,7641.44999978195,3
S2,0,1126,0.1471550032701112,8406.058333079005,4
S2,0,1127,0.1619496855345912,8604.749999842013,2
S2,0,1128,0.18120590121872995,8254.5,0
S2,0,1129,0.1506563245823389,9137.737499712493,4
S2,0,1130,0.18275862068965518,7701.883489455009,4
S2,0,1131,0.17939993813795235,8590.83229138115,4
S2,0,1132,0.1399825021872266,9420.845353139726,6
S2,0,1133,0.1485148514851485,9152.083720395724,6
S2,0,1134,0.15853224082650516,7651.255214462116,4
S2,0,1135,0.16370869033047736,8786.849999919792,1
S2,0,1136,0.1456752655538695,9087.372288685703,6
S2,0,1137,0.1471529110684581,8577.2095532902,4
S2,0,1138,0.14697406340057637,9431.5,0
S2,0,1139,0.16267763649962602,7206.549999907229,1
S2,0,1140,0.1382488479262673,7234.929942783562,6
S2,0,1141,0.12457044673539519,9681.619108193205,2
S2,0,1142,0.15560095335376234,8016.484823167442,7
S2,0,1143,0.17572463768115942,7389.212652840674,6
S2,0,1144,0.12091233855454796,10083.840025442236,3
S2,0,1145,0.14485344239945466,8012.7333330823785,3
S2,0,1146,0.11502838362712878,9311.0,0
S2,0,1147,0.1777634130575307,8296.199999765773,4
S2,0,1148,0.18890200708382526,6765.587499943854,1
S2,0,1149,0.14705882352941177,8174.8,0
S2,0,1150,0.14767932489451477,8377.1,0
S2,0,1151,0.1358950328022493,8840.299999605713,6
S2,0,1152,0.14583929082070346,9563.099999869537,2
S2,0,1153,0.16244411326378538,9042.0,0
S2,0,1154,0.18136850783182193,6516.749999936886,1
S2,0,1155,0.1572926596758818,8497.726612788014,2
S2,0,1156,0.12562034739454095,8967.449218354817,5
S2,0,1157,0.16155088852988692,8309.0,0
S2,0,1158,0.1494057724957555,8061.227142557391,4
S2,0,1159,0.14812480302552788,8696.816740209675,6
S2,0,1160,0.11280487804878049,9216.941669041697,7
S2,0,1161,0.15309672929714682,7862.939204807348,5
S2,0,1162,0.18187942068036375,7878.4,0
S2,0,1163,0.1259600614439324,9159.473369426814,15
S2,0,1164,0.13341804320203304,8702.00724989374,4
S2,0,1165,0.1430274135876043,9202.494454172944,4
S2,0,1166,0.10323731837879174,11106.99499967189,6
S2,0,1167,0.12917933130699089,7278.899999646809,2
S2,0,1168,0.1558483290488432,8368.8,0
S2,0,1169,0.14075887392900857,8990.149999715952,3
S2,0,1170,0.14582634931277239,8195.5,0
S2,0,1171,0.15809051456912585,8720.04999990375,1
S2,0,1172,0.1653306613226453,8077.5,0
S2,0,1173,0.12627877237851662,8692.549999946896,1
S2,0,1174,0.14660965180207697,8920.649999689329,3
S2,0,1175,0.13858611024602926,8862.956451197504,7
S2,0,1176,0.14799154334038056,7765.349999556362,4
S2,0,1177,0.14138438880706922,9329.849999282302,3
S2,0,1178,0.15483265561463871,8698.95230706686,5
S2,0,1179,0.15436241610738255,8113.599999809226,3
S2,0,1180,0.15834932821497122,8481.797788000016,5
S2,0,1181,0.17305107526881722,7974.399999541554,4
S2,0,1182,0.15038809831824063,8518.443572930022,6
S2,0,1183,0.18064302287040107,8017.199414985846,2
S2,0,1184,0.1695786228160329,7896.44999955642,5
S2,0,1185,0.14714368147720716,9495.673021229772,6
S2,0,1186,0.16704631738800305,7161.503900206437,6
S2,0,1187,0.15309155766944113,9100.870833219495,2
S2,0,1188,0.15962753574991687,8172.099999738398,2
S2,0,1189,0.15267175572519084,9215.0,0
S2,0,1190,0.15208529319535904,8671.54999994122,1
S2,0,1191,0.15355086372360843,8519.599999757407,2
S2,0,1192,0.14729426833173231,8552.89999953919,5
S2,0,1193,0.16598220396988364,7888.149999606952,3
S2,0,1194,0.19434026593931128,7686.0,0
S2,0,1195,0.1537551744529864,9214.090550984612,4
S2,0,1196,0.17023517023517024,7616.0,0
S2,0,1197,0.15434192672998642,8105.085285955535,9
S2,0,1198,0.19314868804664723,7246.160975276629,4
S2,0,1199,0.17090139140955837,8848.302427150717,1
S2,0,1200,0.15129041827350934,9202.437401196614,4
S2,0,1201,0.16198347107438016,8128.599999872673,2
S2,0,1202,0.11673151750972763,9992.8,0
S2,0,1203,0.15723270440251572,8234.458283057125,7
S2,0,1204,0.10919717010150723,9201.546312597638,9
S2,0,1205,0.11413843888070692,7601.508333215695,1
S2,0,1206,0.15417642466822795,6970.449998330285,3
S2,0,1207,0.13804713804713806,8208.140391125506,8
S2,0,1208,0.1288056206088993,8260.5,0
S2,0,1209,0.16513377926421405,6492.754254627944,4
S2,0,1210,0.13199245757385292,8748.149999957923,1
S2,0,1211,0.1224739742804654,9149.715294533702,11
S2,0,1212,0.1524390243902439,8064.567390797799,7
S2,0,1213,0.144555091551558,8529.149992084725,3
S2,0,1214,0.15802781289506954,8583.149999738504,3
S2,0,1215,0.11960326721120186,9536.610734611193,5
S2,0,1216,0.16175936023264267,7482.640543155679,5
S2,0,1217,0.11771461383864484,9769.597114918068,6
S2,0,1218,0.11649214659685864,10695.98260837874,4
S2,0,1219,0.16912669126691268,8737.9451751326,5
S2,0,1220,0.1669973544973545,8180.1224277348065,7
S2,0,1221,0.1518615284128021,8383.522548687783,4
S2,0,1222,0.147775746496039,8957.65431014426,3
S2,0,1223,0.14501510574018128,9041.999999722537,2
S2,0,1224,0.13550548112058466,9010.549999938889,1
S2,0,1225,0.163302752293578,7435.848230572864,8
S2,0,1226,0.12799202127659576,8341.849999758888,3
S2,0,1227,0.15323854660347552,8641.952380607006,5
S2,0,1228,0.1378647002244309,8656.201924616644,10
S2,0,1229,0.1618457300275482,7933.123361581699,6
S2,0,1230,0.16069012178619757,8012.549999828889,1
S2,0,1231,0.14990006662225183,8202.57646978067,8
S2,0,1232,0.16407307171853858,7982.649999925961,1
S2,0,1233,0.21730045967404932,6210.9,0
S2,0,1234,0.16516048613275164,8643.149999634046,3
S2,0,1235,0.13637756665645112,9058.355436242713,11
S2,0,1236,0.1359338061465721,9318.0,0
S2,0,1237,0.18338727076591155,7347.9499999104655,1
S2,0,1238,0.10268562401263823,8995.986898884054,8
S2,0,1239,0.11550632911392406,8801.499999780139,4
S2,0,1240,0.11450381679389313,8853.516204381967,10
S2,0,1241,0.18492176386913228,7455.599999904938,1
S2,0,1242,0.1397081651660975,8879.625104053779,6
S2,0,1243,0.09051856397667997,9238.299999901827,2
S2,0,1244,0.09368694148169501,9797.799999790584,3
S2,0,1245,0.10952902519167579,7659.5,0
S2,0,1246,0.15064562410329985,7584.999999781945,2
S2,0,1247,0.14210178453403832,8268.0,0
S2,0,1248,0.13794277929155313,8023.5,0
S2,0,1249,0.18683484430429642,6710.8,0
S2,0,1250,0.14645776566757493,8002.049999925962,1
S2,0,1251,0.15130434782608695,7772.5,0
S2,0,1252,0.11853756069694373,9760.04999995497,1
S2,0,1253,0.15992970123022848,7749.357758264296,6
S2,0,1254,0.11666666666666667,8369.136701782603,5
S2,0,1255,0.14600908500973395,8387.201905963238,3
S2,0,1256,0.11175898931000972,8706.747046035069,10
S2,0,1257,0.17022696929238984,8069.849999525901,5
S2,0,1258,0.1725521669341894,6711.099999740865,2
S2,0,1259,0.1724137931034483,7047.399999820414,2
S2,0,1260,0.13919645681746282,8662.883920330078,3
S2,0,1261,0.14678899082568808,7471.513635870304,4
S2,0,1262,0.16118200134318333,8086.894648444966,5
S2,0,1263,0.13930789707187222,9372.273346130703,9
S2,0,1264,0.14691478942213515,8456.99804617091,9
S2,0,1265,0.17223910840932116,7888.0,0
S2,0,1266,0.14140451223387354,8686.699999694692,4
S2,0,1267,0.14877967235038447,8210.066941550094,11
S2,0,1268,0.15262321144674085,8595.404838531722,3
S2,0,1269,0.16719464977120732,7626.8,0
S2,0,1270,0.1637060257749913,7744.9,0
S2,0,1271,0.15297047314123088,7634.0,0
S2,0,1272,0.14812480302552788,8667.09999985703,2
S2,0,1273,0.14332247557003258,8419.099999777885,2
S2,0,1274,0.18056089127929312,6975.29999959177,3
S2,0,1275,0.1571927596062242,8573.717537560686,7
S2,0,1276,0.18802762854950114,6935.829615445809,3
S2,0,1277,0.16660426806439535,7200.602380907127,1
S2,0,1278,0.19607843137254902,7917.849999958602,1
S2,0,1279,0.14420062695924765,8756.981094392859,5
S2,0,1280,0.15575833857772184,8646.517566933831,8
S2,0,1281,0.15470111144487833,9048.549999928704,1
S2,0,1282,0.17994409503843467,7659.599999779961,2
S2,0,1283,0.12947570332480818,8762.450859836415,19
S2,0,1284,0.1646090534979424,8485.0,0
S2,0,1285,0.14789915966386555,8143.8999996170105,4
S2,0,1286,0.14278429372768994,10676.0,0
S2,0,1287,0.1566193853427896,9194.149999798676,3
S2,0,1288,0.1288377192982456,10080.249999855923,2
S2,0,1289,0.15065913370998116,8739.262811117525,6
S2,0,1290,0.16678129298486932,7844.898765145135,3
S2,0,1291,0.156113218558506,9252.638757356279,1
S2,0,1292,0.19389155799588195,7686.599999736458,2
S2,0,1293,0.12673506336753168,9330.037403447963,12
S2,0,1294,0.1967830253251198,7691.5,0
S2,0,1295,0.1701492537313433,8946.5,0
S2,0,1296,0.14021571648690292,8888.5,0
S2,0,1297,0.16962843295638125,8353.799998921024,3
S2,0,1298,0.15301085883514315,8286.649999620113,3
S2,0,1299,0.16490765171503957,8211.24999960992,5
S2,0,1300,0.1524298219136734,9023.149999757727,3
S2,0,1301,0.14675767918088736,8047.800108789716,6
S2,0,1302,0.15,7915.799998920093,4
S2,0,1303,0.15483870967741936,8414.9,0
S2,0,1304,0.13954270342972427,8244.50154994411,6
S2,0,1305,0.17472643840451818,7587.672602625922,2
S2,0,1306,0.17590822179732313,7079.938099946178,8
S2,0,1307,0.15810948656919416,8013.290131378673,3
S2,0,1308,0.16467607672819398,7479.399999868773,2
S2,0,1309,0.16016713091922005,7844.772548783108,3
S2,0,1310,0.1216256303767428,9389.389798050226,7
S2,0,1311,0.13677285318559557,7909.5,0
S2,0,1312,0.16883985289200937,8053.7,0
S2,0,1313,0.15460729746444032,8758.049999897334,1
S2,0,1314,0.13258897418004187,7885.749999849398,2
S2,0,1315,0.09342883836810963,9060.549999946896,1
S2,0,1316,0.11880165289256199,8055.9,0
S2,0,1317,0.1849912739965096,7565.7,0
S2,0,1318,0.14414103007258902,7896.949999776226,3
S2,0,1319,0.09803921568627451,7910.5,0
S2,0,1320,0.1764455782312925,6416.670216178266,12
S2,0,1321,0.13575967648757944,9522.199999917204,1
S2,0,1322,0.1398176291793313,9051.049999936364,1
S2,0,1323,0.1471927162367223,9040.722102553353,5
S2,0,1324,0.18205705705705705,7180.343463618838,5
S2,0,1325,0.1395007342143906,9386.018103174314,5
S2,0,1326,0.1806112997838839,8581.1,0
S2,0,1327,0.2185089974293059,6039.1,0
S2,0,1328,0.1453043744264301,8985.773910748698,7
S2,0,1329,0.14825174825174825,9779.799382345656,5
S2,0,1330,0.1441351888667992,8221.8,0
S2,0,1331,0.1529274686862802,9314.0,0
S2,0,1332,0.15248329944815567,9380.685130355005,5
S2,0,1333,0.15634971282705806,8565.336841611394,7
S2,0,1334,0.15619967793880837,8411.5,0
S2,0,1335,0.14953271028037382,8736.8,0
S2,0,1336,0.17631834357813006,8255.912499841592,2
S2,0,1337,0.14472010178117048,8637.957746086342,4
S2,0,1338,0.18442622950819673,6572.549998458783,6
S2,0,1339,0.1752021563342318,7914.549999883333,1
S2,0,1340,0.1825452016689847,7619.1,0
S2,0,1341,0.1736111111111111,7717.549999894521,1
S2,0,1342,0.1362397820163488,8075.949999965315,1
S2,0,1343,0.13580246913580246,7823.54128543994,4
S2,0,1344,0.13721351025331724,9144.14999974063,3
S2,0,1345,0.1425294888597641,8309.0,0
S2,0,1346,0.1721280602636535,7169.680850792955,4
S2,0,1347,0.14791937581274384,8448.166666089151,7
S2,0,1348,0.15445719329214475,9247.858903939974,3
S2,0,1349,0.1829916476841306,7010.699999833656,2
S2,0,1350,0.15384615384615385,8818.0,0
S2,0,1351,0.1650943396226415,8579.599999848788,2
S2,0,1352,0.145985401459854,9348.5,0
S2,0,1353,0.16747181964573268,8323.0,0
S2,0,1354,0.15166501813386085,8358.255621913322,9
S2,0,1355,0.1763409257898604,7267.5,0
S2,0,1356,0.1461038961038961,8477.506414979356,9
S2,0,1357,0.18049932523616735,7894.112658059976,2
S2,0,1358,0.16355904481517827,8225.049999942963,1
S2,0,1359,0.1487603305785124,8285.513043323692,3
S2,0,1360,0.1541251133272892,8937.46097549589,2
S2,0,1361,0.15786082474226804,8455.149999314246,5
S2,0,1362,0.1535735380980508,9177.938888832628,1
S2,0,1363,0.1540325372101073,7908.799999238286,6
S2,0,1364,0.16250944822373395,7100.5,0
S2,0,1365,0.13430805848350902,8098.188145063208,3
S2,0,1366,0.11104256631708821,9113.309082579846,7
S2,0,1367,0.13486842105263158,8379.486144286971,5
S2,0,1368,0.11650485436893204,8582.33762361745,2
S2,0,1369,0.1441031475161168,7217.599999825294,2
S2,0,1370,0.09609517998779744,9223.049999910465,1
S2,0,1371,0.12179689971527997,8805.664266150849,6
S2,0,1372,0.11432706222865413,9624.515384431876,3
S2,0,1373,0.12404287901990811,9027.0,0
S2,0,1374,0.15732546705998032,8261.199999628972,4
S2,0,1375,0.15474759615384615,9077.556305480573,5
S2,0,1376,0.1565187478500172,7835.9,0
S2,0,1377,0.21439224459358688,6927.5,0
S2,0,1378,0.15306436710809979,8816.068583880091,3
S2,0,1379,0.19107551487414187,6893.0,0
S2,0,1380,0.15988823346786712,8733.649999788,3
S2,0,1381,0.13509411050394657,9166.258415935932,7
S2,0,1382,0.16089488201041985,8799.84999993937,1
S2,0,1383,0.19784796945505034,7534.0,0
S2,0,1384,0.15996477839741707,9198.0,0
S2,0,1385,0.17911010558069382,7080.4999998625,1
S2,0,1386,0.1616127957347551,8152.149999723568,5
S2,0,1387,0.12462747222974803,10306.859136595263,10
S2,0,1388,0.15284552845528454,8405.22206614391,7
S2,0,1389,0.17053206002728513,7875.46906463124,2
S2,0,1390,0.1182382500738989,9478.991344353593,7
S2,0,1391,0.14324487334137515,9041.5,0
S2,0,1392,0.1649746192893401,7430.099999893307,2
S2,0,1393,0.1753094680495149,7968.649999881539,1
S2,0,1394,0.15044576523031203,7397.651701314991,4
S2,0,1395,0.15365703749231716,8794.94999994031,1
S2,0,1396,0.17647058823529413,7315.706519156885,7
S2,0,1397,0.14075887392900857,8952.44999979471,3
S2,0,1398,0.1427654796278473,8540.0,0
S2,0,1399,0.18803418803418803,7720.94999993,1
S2,0,1400,0.1382569128456423,7921.822009309956,8
S2,0,1401,0.2255299954894001,5720.6999998339215,2
S2,0,1402,0.18114667604642984,7553.44791663074,1
S2,0,1403,0.18950437317784258,7262.2,0
S2,0,1404,0.1952989975803664,7627.649999920619,1
S2,0,1405,0.1773049645390071,7897.949999776748,3
S2,0,1406,0.15952980688497062,9646.672727175472,2
S2,0,1407,0.16188149053145998,8825.9864629009,5
S2,0,1408,0.13685550604710375,8692.339929839749,10
S2,0,1409,0.14426340801086218,8141.99682982057,5
S2,0,1410,0.12949039264828738,9922.314942298106,4
S2,0,1411,0.15327380952380953,9113.649999787225,3
S2,0,1412,0.1376720901126408,8832.972129828762,5
S2,0,1413,0.15705838876570583,7346.399999851037,2
S2,0,1414,0.15299479166666666,8364.821549982928,5
S2,0,1415,0.13576779026217228,8811.47531641313,1
S2,0,1416,0.1313197636244255,8390.5,0
S2,0,1417,0.1420929455031762,8293.666359722438,9
S2,0,1418,0.13989311537252436,8693.5,0
S2,0,1419,0.1323251417769376,8779.078488038933,5
S2,0,1420,0.1274074074074074,9289.5,0
S2,0,1421,0.1102502979737783,9501.897115584303,11
S2,0,1422,0.12241653418124006,8745.199999585415,5
S2,0,1423,0.11539916761256148,7340.049999935294,1
S2,0,1424,0.08864643709512444,8340.722420441849,3
S2,0,1425,0.10416666666666667,8938.61527748892,5
S2,0,1426,0.1165132336018412,9755.477231261253,7
S2,0,1427,0.11803588290840415,8911.238022040468,6
S2,0,1428,0.12384362876753208,9292.679673211835,5
S2,0,1429,0.15037593984962405,7927.4,0
S2,0,1430,0.11403790555734018,8671.5,0
S2,0,1431,0.13184584178498987,8186.97646998414,6
S2,0,1432,0.13724161301253812,8120.50833182646,4
S2,0,1433,0.09140767824497258,9255.5,0
S2,0,1434,0.09983633387888707,8623.174999337578,7
S2,0,1435,0.11074918566775244,8670.862950317682,8
S2,0,1436,0.1388888888888889,7663.76363591744,5
S2,0,1437,0.06904681711013809,8552.699999692033,4
S2,0,1438,0.09703196347031963,9976.440195450985,9
S2,0,1439,0.10098010098010098,9494.02414808786,6
S2,0,1440,0.08749189889825017,8849.817456827483,11
S2,0,1441,0.11653200745804848,8921.0,0
S2,0,1442,0.1404494382022472,7375.280023872351,5
S2,0,1443,0.13768115942028986,7540.2149998893865,2
S2,0,1444,0.13705945176219295,7704.0,0
S2,0,1445,0.13994910941475827,7539.849590839641,3
S2,0,1446,0.14726507713884993,7755.5,0
S2,0,1447,0.10687612670615504,10823.5,0
S2,0,1448,0.127750177430802,7733.807861588315,1
S2,0,1449,0.13000702740688685,7865.4999996418655,4
S2,0,1450,0.11481683980317113,10172.143478156382,2
S2,0,1451,0.16813450760608487,6700.4,0
S2,0,1452,0.11649874055415617,8874.327036687511,7
S2,0,1453,0.1413427561837456,8563.599999837168,2
S2,0,1454,0.13161830690996112,9274.419068636471,10
S2,0,1455,0.13880685174246898,9263.199999797082,4
S2,0,1456,0.1609517144856543,7711.049999907229,1
S2,0,1457,0.16590013140604468,8185.160975486616,2
S2,0,1458,0.1159678858162355,9402.749999921429,1
S2,0,1459,0.14290517821116341,8144.999999816602,2
S2,0,1460,0.12923351158645277,9269.0,0
S2,0,1461,0.11830635118306351,8948.864285465044,3
S2,0,1462,0.11382658185470372,8354.299999515637,6
S2,0,1463,0.12709137709137708,8649.49851172641,7
S2,0,1464,0.13473545842918172,8389.110659826098,4
S2,0,1465,0.1275016139444803,8587.980434585752,3
S2,0,1466,0.1078699483439684,9297.441250853399,9
S2,0,1467,0.09779571561626824,9044.0,0
S2,0,1468,0.10732323232323232,8873.783325538265,3
S2,0,1469,0.12833333333333333,8294.746042612243,6
S2,0,1470,0.1054421768707483,8235.4262134564,2
S2,0,1471,0.12582268679829656,7165.800768747964,4
S2,0,1472,0.09436701509872242,9801.035557551824,9
S2,0,1473,0.1392451447416636,7511.884822905263,5
S2,0,1474,0.15487504399859203,7804.709602712777,13
S2,0,1475,0.14611546685673557,7702.249999832923,2
S2,0,1476,0.09016624401239785,10060.010002692727,6
S2,0,1477,0.1143740340030912,8971.6,0
S2,0,1478,0.09932713873758411,8862.749999578604,5
S2,0,1479,0.12517630465444288,7910.060251196891,6
S2,0,1480,0.10412926391382406,7895.996300433549,9
S2,0,1481,0.10866612333604998,10258.6,0
S2,0,1482,0.13454423141607805,8202.447367900755,7
S2,0,1483,0.1186887716654107,7353.599999847765,2
S2,0,1484,0.1112732579350602,7659.649999851596,3
S2,0,1485,0.07628294036061026,10310.612718220425,5
S2,0,1486,0.09107142857142857,8007.033885548877,7
S2,0,1487,0.10480664980122877,7756.249999735167,3
S2,0,1488,0.09869419981779533,9249.049999954166,1
S2,0,1489,0.08567415730337079,10193.527439099076,7
S2,0,1490,0.13453624564735675,8710.053278416113,4
S2,0,1491,0.12141603276770041,9560.4249993712,6
S2,0,1492,0.13133781307269396,9032.797916565662,2
S2,0,1493,0.1345585822120118,8375.7,0
S2,0,1494,0.15711947626841244,8240.167808861512,4
S2,0,1495,0.13322091062394603,8159.09041087819,2
S2,0,1496,0.09301089556205155,10712.668582690194,9
S2,0,1497,0.11198738170347003,8883.549999918947,1
S2,0,1498,0.1770687237026648,7621.7,0
S2,0,1499,0.12854317732366513,8379.0,0
S2,1,0,0.09276437847866419,9146.66297438306,3
S2,1,1,0.08687837028160575,9456.049999960513,1
S2,1,2,0.0994733762434172,9601.049999930001,1
S2,1,3,0.1047286575690257,8847.559419954863,5
S2,1,4,0.07953502600183543,9306.049999935294,1
S2,1,5,0.10362694300518134,9201.04999989,1
S2,1,6,0.09866327180140039,8872.462233866041,3
S2,1,7,0.07888923950773115,9071.649999833142,3
S2,1,8,0.1288098693759071,7604.499999868067,2
S2,1,9,0.10338983050847457,8268.842948808622,3
S2,1,10,0.09865005192107996,8124.049999945,1
S2,1,11,0.13394565633371602,7165.299999718512,2
S2,1,12,0.11636363636363636,7640.5499999358335,1
S2,1,13,0.12411942301241194,8208.5,0
S2,1,14,0.08220631132325643,10760.129729556498,3
S2,1,15,0.07954545454545454,8737.5,0
S2,1,16,0.13955892487939353,7923.4,0
S2,1,17,0.11088011088011088,8048.549999944605,1
S2,1,18,0.08444300097434232,8744.5,0
S2,1,19,0.07975638051044083,9857.753100555585,4
S2,1,20,0.10702341137123746,8363.5,0
S2,1,21,0.08471965495995071,9214.04999989,1
S2,1,22,0.11772400261608895,8490.261110569487,5
S2,1,23,0.1326839099764864,8166.059615152599,3
S2,1,24,0.09174311926605505,8678.242262265758,5
S2,1,25,0.11477079796264855,8175.879729632707,1
S2,1,26,0.08559431524547803,8793.0,0
S2,1,27,0.14972273567467653,7320.5,0
S2,1,28,0.1083276912660799,8277.599999883236,2
S2,1,29,0.09174311926605505,8603.5,0
S2,1,30,0.12617702448210924,7317.166442001258,4
S2,1,31,0.10194329404268876,8866.967760101586,7
S2,1,32,0.10944135903299575,8561.166666522164,2
S2,1,33,0.12385476756023074,8127.0,0
S2,1,34,0.10951403148528405,8128.244444322122,2
S2,1,35,0.1326530612244898,8046.049999846,1
S2,1,36,0.10648596321393998,8638.5,0
S2,1,37,0.09598346131128174,9531.0,0
S2,1,38,0.10794353722668143,10124.049999945775,1
S2,1,39,0.09923175416133162,8785.309828785157,4
S2,1,40,0.06684491978609626,9733.35476147304,7
S2,1,41,0.13381078024877496,7243.0,0
S2,1,42,0.09686793671294801,8712.692028534528,5
S2,1,43,0.08455780426947603,10248.918749519007,5
S2,1,44,0.10333628579864186,9503.50232496525,3
S2,1,45,0.08740105540897097,8588.099999876704,2
S2,1,46,0.10721836303231652,9253.287401185118,4
S2,1,47,0.11173184357541899,7943.6,0
S2,1,48,0.10602678571428571,7552.599999840538,2
S2,1,49,0.12603305785123967,6712.729729215623,3
S2,1,50,0.10560146923783287,9108.5,0
S2,1,51,0.10610573343261355,7519.6,0
S2,1,52,0.11923438970818952,8799.249999869491,1
S2,1,53,0.12698412698412698,6956.486206674423,3
S2,1,54,0.11808367071524967,8201.5,0
S2,1,55,0.1028999064546305,8999.549999965315,1
S2,1,56,0.09832841691248771,8648.949660792243,10
S2,1,57,0.09555246699096595,8096.5,0
S2,1,58,0.09615384615384616,8225.64999977967,3
S2,1,59,0.09915014164305949,8972.453152168995,5
S2,1,60,0.10240963855421686,9296.815277641503,2
S2,1,61,0.09062927496580027,8287.784831257764,3
S2,1,62,0.13486842105263158,6646.74999978,1
S2,1,63,0.11410788381742738,8028.5,0
S2,1,64,0.11169900058788948,9467.94999993063,1
S2,1,65,0.09010257831993346,10217.099999872298,2
S2,1,66,0.08309037900874636,9744.099999852371,2
S2,1,67,0.11930983847283406,7652.472355211851,10
S2,1,68,0.09511267193444542,9680.327532179672,10
S2,1,69,0.1178343949044586,8716.085483601375,4
S2,1,70,0.1257029440952696,8350.529929292146,3
S2,1,71,0.08718516468308884,10263.599999888273,2
S2,1,72,0.12308184143222506,8656.60945921686,3
S2,1,73,0.10298661174047374,8175.599999891544,2
S2,1,74,0.10048510048510048,8119.549999955491,1
S2,1,75,0.11401743796109994,8315.199999493765,5
S2,1,76,0.1001727115716753,8097.0,0
S2,1,77,0.11579285944033452,8644.5,0
S2,1,78,0.07787610619469026,8070.045097703297,5
S2,1,79,0.09073233959818536,8724.449999786546,3
S2,1,80,0.0958950201884253,8397.599999798693,2
S2,1,81,0.11037891268533773,8448.0,0
S2,1,82,0.12199312714776632,8046.0,0
S2,1,83,0.11284722222222222,9623.0,0
S2,1,84,0.1289134438305709,7488.5,0
S2,1,85,0.12665198237885464,7538.173683991966,3
S2,1,86,0.09405339805825243,9326.232217798148,6
S2,1,87,0.09900990099009901,8528.996043114057,1
S2,1,88,0.11818181818181818,9127.5,0
S2,1,89,0.10289855072463767,9705.842856882358,4
S2,1,90,0.10531767955801105,8100.0999996537985,2
S2,1,91,0.11552837240910635,8184.5,0
S2,1,92,0.083596214511041,9054.890131372253,3
S2,1,93,0.08512544802867383,9529.817415564985,2
S2,1,94,0.12203389830508475,8193.149999758458,3
S2,1,95,0.11844938980617373,7728.049999808198,2
S2,1,96,0.10177281680892974,8623.903754056304,4
S2,1,97,0.09606445615122405,9071.5,0
S2,1,98,0.11221945137157108,7836.299999772367,3
S2,1,99,0.10258997645475951,8320.09999987893,2
S2,1,100,0.08,9944.149999818954,3
S2,1,101,0.10345997286295794,8296.400999163414,3
S2,1,102,0.09504412763068568,8319.503220993585,5
S2,1,103,0.1192368839427663,8746.362280322814,4
S2,1,104,0.11559063997744573,9861.189073035488,4
S2,1,105,0.1294820717131474,8359.843476999838,7
S2,1,106,0.10224606101240362,8340.549999932457,1
S2,1,107,0.12824728707661953,8350.5,0
S2,1,108,0.15209857527916826,7040.35624993923,1
S2,1,109,0.12133468149646107,8274.645014290625,8
S2,1,110,0.13513513513513514,8002.0499998737705,1
S2,1,111,0.0878003696857671,9265.928419884061,11
S2,1,112,0.08315733896515312,10757.5,0
S2,1,113,0.1331582895723931,7365.499999317241,2
S2,1,114,0.10429638854296389,9025.549999898683,1
S2,1,115,0.11125238397965671,8766.199999887936,2
S2,1,116,0.09521061742642815,9773.599999871381,2
S2,1,117,0.1380897583429229,7158.908333137493,3
S2,1,118,0.16411378555798686,6123.2,0
S2,1,119,0.11701170117011701,9267.14999973619,3
S2,1,120,0.10015408320493066,9096.599999795635,2
S2,1,121,0.11303191489361702,8488.714272287416,9
S2,1,122,0.11799874134675897,8839.54999995497,1
S2,1,123,0.11843790012804098,8696.149999664967,3
S2,1,124,0.13367174280879865,8094.0,0
S2,1,125,0.1179245283018868,8790.1,0
S2,1,126,0.10085092971950835,8912.14999980077,3
S2,1,127,0.11135168574079803,9005.5,0
S2,1,128,0.1215088864708016,7626.4,0
S2,1,129,0.11375387797311272,8143.579837414749,8
S2,1,130,0.11733154542406973,8271.549999954437,1
S2,1,131,0.12005410889414947,8262.94779378414,10
S2,1,132,0.11183597390493942,9039.76645128155,7
S2,1,133,0.10467645459488853,10314.294117516802,2
S2,1,134,0.10501750291715285,7244.697161830313,3
S2,1,135,0.12143290831815422,9183.84708038619,9
S2,1,136,0.12550356368143786,8874.5,0
S2,1,137,0.12651821862348178,8170.0,0
S2,1,138,0.14507422402159245,8123.09999984079,2
S2,1,139,0.10433648516465602,8654.482021352926,4
S2,1,140,0.12921164540399083,8405.5,0
S2,1,141,0.10621680724773508,9009.980088116026,5
S2,1,142,0.13143483023001096,7558.0,0
S2,1,143,0.12372409526755336,8914.0,0
S2,1,144,0.08715300193673338,8777.0,0
S2,1,145,0.1167964404894327,7517.9435968999405,5
S2,1,146,0.09160756501182032,9560.772042894318,2
S2,1,147,0.1367837338262477,7394.749999895903,2
S2,1,148,0.1152832674571805,8501.299999491712,6
S2,1,149,0.13869625520110956,7860.5,0
S2,1,150,0.11937557392102846,9068.761150878816,3
S2,1,151,0.1672171758876961,6535.499999764388,3
S2,1,152,0.13737075332348597,9298.999479083353,2
S2,1,153,0.12477450390859891,9223.261110893836,3
S2,1,154,0.12445095168374817,9436.049999937399,1
S2,1,155,0.11989723094490437,9674.0,0
S2,1,156,0.1575875486381323,6900.549999885075,1
S2,1,157,0.11835184102863823,9481.099999899388,2
S2,1,158,0.0974342318934719,8745.153845981193,3
S2,1,159,0.10831889081455806,9650.049999857407,1
S2,1,160,0.09093533487297921,9792.049999942537,1
S2,1,161,0.10897030953885029,8879.579103613718,6
S2,1,162,0.13946280991735538,7934.099999797842,2
S2,1,163,0.12045813586097946,7038.149999561532,3
S2,1,164,0.11764705882352941,9238.63330737148,5
S2,1,165,0.11290814769606347,9183.199999724482,4
S2,1,166,0.1535769828926905,6954.749999810318,2
S2,1,167,0.13443324167430493,8987.04999995276,1
S2,1,168,0.10017942583732058,9444.71445514867,5
S2,1,169,0.1354679802955665,7776.549999898684,1
S2,1,170,0.13328890369876709,8301.070332776839,8
S2,1,171,0.1498847040737894,7111.552307729069,7
S2,1,172,0.10370575221238938,10141.099999873737,2
S2,1,173,0.1094391244870041,8254.803507592798,9
S2,1,174,0.13225138121546962,7999.799999336765,2
S2,1,175,0.13485477178423236,7914.5,0
S2,1,176,0.14131647452584603,7395.578980140487,6
S2,1,177,0.11313868613138686,7655.1444440910955,4
S2,1,178,0.15810948656919416,7934.249999831634,2
S2,1,179,0.12408526885141584,8697.61363630526,1
S2,1,180,0.136670216542421,7783.699999689085,4
S2,1,181,0.1359927470534905,9084.5,0
S2,1,182,0.14823261117445838,7163.049999901282,1
S2,1,183,0.16793893129770993,7026.281446268274,3
S2,1,184,0.13700838168923277,8467.0,0
S2,1,185,0.14618973561430793,8732.599999845856,2
S2,1,186,0.14761904761904762,8554.171186224568,3
S2,1,187,0.11813265015656134,9795.085099148748,4
S2,1,188,0.15564882826162993,7797.980768769949,6
S2,1,189,0.13032422123331214,8627.5,0
S2,1,190,0.13344425956738767,8274.799999666307,4
S2,1,191,0.13662171753016322,7718.5,0
S2,1,192,0.1347449470644851,8550.099999808333,2
S2,1,193,0.12330456226880394,8991.327657877277,4
S2,1,194,0.10606060606060606,8370.636666403707,4
S2,1,195,0.10657734470158343,9206.5,0
S2,1,196,0.12684989429175475,7868.219597403551,5
S2,1,197,0.11030570438071226,8887.992086123197,3
S2,1,198,0.10426849136526556,8564.9,0
S2,1,199,0.09199888486200167,10115.5,0
S2,1,200,0.1008827238335435,8887.5,0
S2,1,201,0.13612950699043413,7437.990066078832,2
S2,1,202,0.14290633608815426,7981.738499363255,7
S2,1,203,0.12248628884826325,7645.961701759708,5
S2,1,204,0.16104294478527606,7053.54999993,1
S2,1,205,0.12170675830469645,9725.841630984256,3
S2,1,206,0.15181848515181848,8100.5,0
S2,1,207,0.1264400112391121,9825.0,0
S2,1,208,0.14032496307237813,9262.5,0
S2,1,209,0.11019536019536019,9159.76810320914,4
S2,1,210,0.14133627019089573,7441.308593694073,1
S2,1,211,0.15195137555982086,8471.672289027323,2
S2,1,212,0.13242894056847546,8551.549999895946,1
S2,1,213,0.15943012211668928,7948.5,0
S2,1,214,0.12520064205457465,8561.5,0
S2,1,215,0.11492622020431328,9842.602724824344,6
S2,1,216,0.08911211924821776,8787.688812750459,7
S2,1,217,0.09793103448275862,10213.504351555206,6
S2,1,218,0.10168414362885288,8818.0,0
S2,1,219,0.11189044756179024,8372.649999840321,3
S2,1,220,0.15083571137382795,6685.3,0
S2,1,221,0.12648344784509682,8843.181348190254,4
S2,1,222,0.07563901930099114,10965.015555356966,4
S2,1,223,0.12755102040816327,9190.0,0
S2,1,224,0.11124845488257108,9056.7,0
S2,1,225,0.12636012636012636,7899.299999362714,6
S2,1,226,0.14970974641002138,8925.656049495203,5
S2,1,227,0.1514647137150466,8175.099999864255,2
S2,1,228,0.13165769000598443,9212.891610526756,3
S2,1,229,0.15151515151515152,8484.549999944204,1
S2,1,230,0.1472534745201853,8178.0,0
S2,1,231,0.10609632873021219,8315.09999984829,2
S2,1,232,0.1718146718146718,6923.097656148769,2
S2,1,233,0.1151571739807034,8984.645191041993,6
S2,1,234,0.12848984771573604,8709.88661952678,3
S2,1,235,0.14161220043572983,7532.7,0
S2,1,236,0.1397613065326633,8749.071226179423,7
S2,1,237,0.1062215477996965,9216.0,0
S2,1,238,0.12231995601979109,10059.0,0
S2,1,239,0.1263477088948787,8249.9346604664,10
S2,1,240,0.11217948717948718,8785.652777286072,10
S2,1,241,0.1270718232044199,7497.3,0
S2,1,242,0.12184115523465704,9172.1,0
S2,1,243,0.10048808498420901,9769.0,0
S2,1,244,0.14721532458318554,7653.6,0
S2,1,245,0.12012987012987013,8533.0,0
S2,1,246,0.13307416267942584,9246.232542914477,6
S2,1,247,0.13166666666666665,8289.405906413636,7
S2,1,248,0.1447178002894356,9389.0,0
S2,1,249,0.1366120218579235,7052.2,0
S2,1,250,0.10734287492221531,9058.55555525043,4
S2,1,251,0.11164755582377792,9377.675142638042,9
S2,1,252,0.12872208436724566,8906.981307855942,3
S2,1,253,0.1356151113981272,8486.249999864294,2
S2,1,254,0.14250955856795272,7865.256249882292,2
S2,1,255,0.16813858695652173,7854.5,0
S2,1,256,0.1393337604099936,8535.5,0
S2,1,257,0.1540478531628974,8323.649999637548,5
S2,1,258,0.14686468646864687,8246.999999709742,4
S2,1,259,0.13967468175388967,7766.25872675566,5
S2,1,260,0.13848920863309352,7649.737875272732,4
S2,1,261,0.12578616352201258,8848.706185242832,6
S2,1,262,0.1373301831069108,9259.004216825277,1
S2,1,263,0.12689614935822638,9512.012867045785,9
S2,1,264,0.155570424891268,8057.5,0
S2,1,265,0.12483994878361075,8691.32735835528,5
S2,1,266,0.13972055888223553,6873.283675053548,5
S2,1,267,0.16155896069287143,8080.5,0
S2,1,268,0.12032085561497326,8400.879729263128,6
S2,1,269,0.11570005858230814,9528.349999774135,4
S2,1,270,0.10815307820299501,10075.413755360547,2
S2,1,271,0.12628624883068287,8909.124560779454,6
S2,1,272,0.12532133676092544,8580.314285620865,2
S2,1,273,0.09381898454746136,10306.191487520133,7
S2,1,274,0.1143520053032814,8391.5,0
S2,1,275,0.12353304508956146,8954.899999863192,2
S2,1,276,0.12191309784307595,8831.5,0
S2,1,277,0.14104372355430184,7742.549999936885,1
S2,1,278,0.09304453935326419,9275.049999943383,1
S2,1,279,0.10653613590555716,9777.155067044108,9
S2,1,280,0.13157894736842105,8356.53382345282,2
S2,1,281,0.12753534111862325,9033.768529323672,6
S2,1,282,0.12809802283486493,9886.0,0
S2,1,283,0.12785543811796796,8133.229411506842,4
S2,1,284,0.1011137162954279,9634.489515769086,6
S2,1,285,0.0875796178343949,10741.646114613859,9
S2,1,286,0.07491233662735097,8987.96028341756,4
S2,1,287,0.0975375759513911,8812.91249986335,2
S2,1,288,0.13035082072738977,8520.2,0
S2,1,289,0.10366586538461539,9312.049999945,1
S2,1,290,0.12195121951219512,8549.878179865633,8
S2,1,291,0.1396735718769617,8746.368103161569,4
S2,1,292,0.1248513674197384,9290.0,0
S2,1,293,0.147918188458729,7458.5,0
S2,1,294,0.13304455445544555,8893.424999826699,2
S2,1,295,0.16648570394498732,7420.426741177601,4
S2,1,296,0.15077271013946475,7175.7,0
S2,1,297,0.1423948220064725,8448.0,0
S2,1,298,0.14859568909209667,8349.918977763547,4
S2,1,299,0.1354534746760895,6976.0,0
S2,1,300,0.12534818941504178,8965.871920448975,7
S2,1,301,0.16038617253192153,8635.659826550233,1
S2,1,302,0.1622750642673522,8372.5,0
S2,1,303,0.13780197346036066,8081.649999817086,3
S2,1,304,0.16439721022915973,8072.0,0
S2,1,305,0.16891891891891891,8331.400735182633,2
S2,1,306,0.15135878912968695,7900.362593208365,5
S2,1,307,0.15640116091583361,8394.0,0
S2,1,308,0.1309148264984227,8721.8,0
S2,1,309,0.13000597728631202,9218.5,0
S2,1,310,0.10767922924341174,9908.495160872624,6
S2,1,311,0.13480392156862744,8987.549999902532,1
S2,1,312,0.1253317605426128,9407.19531598997,6
S2,1,313,0.1395631067961165,9027.24999995674,1
S2,1,314,0.14356611130804678,7734.949999843108,2
S2,1,315,0.1410459587955626,8717.927245563344,10
S2,1,316,0.1285583103764922,9080.069018114447,5
S2,1,317,0.1511081262592344,8138.44999979554,2
S2,1,318,0.10966810966810966,9760.699999716506,4
S2,1,319,0.14298480786416443,9149.5,0
S2,1,320,0.1583873290136789,7521.4,0
S2,1,321,0.14370664023785926,8330.105009760096,3
S2,1,322,0.13433356594556875,7910.363432656515,3
S2,1,323,0.13043478260869565,8305.563276232073,8
S2,1,324,0.15948701085169353,8215.699999908333,1
S2,1,325,0.14952956989247312,8159.749999647403,4
S2,1,326,0.125,8363.6087834028,5
S2,1,327,0.1526296432511953,7417.607470771209,3
S2,1,328,0.11517615176151762,10342.009788823201,10
S2,1,329,0.17468688200395519,8082.4,0
S2,1,330,0.16774891774891776,7423.0,0
S2,1,331,0.1283600120809423,9251.856672532185,9
S2,1,332,0.19299641862315958,6623.9,0
S2,1,333,0.15180568871844038,8524.549999825,1
S2,1,334,0.12380068090374496,9013.374302111508,6
S2,1,335,0.143107476635514,9352.049999918085,1
S2,1,336,0.1928020565552699,7175.112499917472,1
S2,1,337,0.16320979258755525,7982.6300959407745,9
S2,1,338,0.1487900588620013,8298.549999952174,1
S2,1,339,0.1889168765743073,7331.087620547487,4
S2,1,340,0.1301348385073691,8811.637499853685,2
S2,1,341,0.12259682362775147,9932.549999949673,1
S2,1,342,0.11852776044915783,8875.5,0
S2,1,343,0.1569317382125264,7696.830434662696,2
S2,1,344,0.10602678571428571,10095.257353138097,7
S2,1,345,0.18815052041633307,6580.5,0
S2,1,346,0.1749798873692679,6642.8192862264,2
S2,1,347,0.10590228748940977,9957.942883438272,7
S2,1,348,0.1615675489859058,7850.149999725653,3
S2,1,349,0.12156110044785669,8763.49868986733,9
S2,1,350,0.15215280025898348,8387.793333283711,1
S2,1,351,0.1392150285139215,8280.707028410065,9
S2,1,352,0.17352841102415786,7846.549999802564,1
S2,1,353,0.13024823781795894,9035.886206866224,1
S2,1,354,0.15448927662668122,7510.0499998737705,1
S2,1,355,0.14172998246639393,9362.5,0
S2,1,356,0.136508858553587,9446.13762921179,3
S2,1,357,0.1370757180156658,8370.0,0
S2,1,358,0.13640792465086066,8505.47859302671,7
S2,1,359,0.14705882352941177,7302.059459118309,2
S2,1,360,0.14959202175883954,8956.960256332972,2
S2,1,361,0.12978142076502733,8109.674553537847,4
S2,1,362,0.14370664023785926,8246.7,0
S2,1,363,0.14006514657980457,8390.365277619481,2
S2,1,364,0.11875511875511875,10179.233333182116,3
S2,1,365,0.10338345864661654,8990.111794261937,7
S2,1,366,0.09507042253521127,7995.64999978423,3
S2,1,367,0.11866808359900814,7884.736665930749,5
S2,1,368,0.11482558139534883,9561.13093110451,3
S2,1,369,0.1410488245931284,7591.832608652282,1
S2,1,370,0.09925975773889636,8389.35149110565,3
S2,1,371,0.13578549329666553,8050.325535201158,8
S2,1,372,0.14148009950248755,8793.7,0
S2,1,373,0.1173941798941799,8370.19055104658,2
S2,1,374,0.12260127931769722,7861.416666595371,1
S2,1,375,0.15738117721120554,8533.0,0
S2,1,376,0.11780495079033701,9291.449999946153,1
S2,1,377,0.10828211881767633,9573.50310067759,2
S2,1,378,0.15411503018748013,8533.099999799411,2
S2,1,379,0.1259657373194491,8304.817130507545,5
S2,1,380,0.17657342657342656,7646.5499999114945,1
S2,1,381,0.12862796833773088,8405.30714246569,5
S2,1,382,0.14098837209302326,9401.407941702197,4
S2,1,383,0.1319305277221109,8264.649999906098,1
S2,1,384,0.14969135802469136,8758.549999929357,1
S2,1,385,0.08923076923076922,9215.8077462943,3
S2,1,386,0.11759315821624923,9071.899999842173,2
S2,1,387,0.1375282592313489,7311.371943160742,4
S2,1,388,0.09840515778758059,8297.0,0
S2,1,389,0.1340860973888497,7748.5,0
S2,1,390,0.1071055381400209,10755.670587616456,7
S2,1,391,0.09849184364419822,9138.245376005598,4
S2,1,392,0.098256735340729,8877.399999851868,2
S2,1,393,0.16550202280250093,7305.1,0
S2,1,394,0.12671594508975711,7908.976759039062,6
S2,1,395,0.11711711711711711,9273.23395164766,3
S2,1,396,0.11923196035924435,9074.418234123428,9
S2,1,397,0.11576626240352811,7613.254486870902,4
S2,1,398,0.09510869565217392,10373.549999939843,1
S2,1,399,0.12553683515031383,8416.1,0
S2,1,400,0.09874917709019092,8533.041658657523,4
S2,1,401,0.07201309328968904,8728.9,0
S2,1,402,0.11402902557014513,8116.649999710904,3
S2,1,403,0.1342941369145103,8406.79938263321,2
S2,1,404,0.1366120218579235,9012.0,0
S2,1,405,0.10515701526937482,9748.5,0
S2,1,406,0.14070006863417983,8001.084876556893,6
S2,1,407,0.06662111376836351,8449.260232321261,5
S2,1,408,0.10549777117384844,9422.0,0
S2,1,409,0.10876418663303909,8880.675386049335,7
S2,1,410,0.07646176911544228,9538.5,0
S2,1,411,0.1452960406828914,7496.7,0
S2,1,412,0.17258222077499186,8243.349999956,1
S2,1,413,0.1271186440677966,9134.81644272064,4
S2,1,414,0.13877207737594618,9795.699999446777,4
S2,1,415,0.13212589073634204,9326.952927781565,3
S2,1,416,0.13524264120922833,10325.7,0
S2,1,417,0.1663372859025033,8139.0,0
S2,1,418,0.11594580510682648,10673.64999986167,3
S2,1,419,0.08326394671107411,10260.84107376928,7
S2,1,420,0.1303475935828877,8268.464814364357,5
S2,1,421,0.1506849315068493,7900.549999949342,1
S2,1,422,0.13827781269641734,8710.049999929357,1
S2,1,423,0.11259791122715404,8553.184775675505,4
S2,1,424,0.09327217125382263,9258.160975532717,2
S2,1,425,0.09887936717205009,8552.149999895928,2
S2,1,426,0.11816838995568685,9470.759553813492,5
S2,1,427,0.129557095510696,9218.173343552386,7
S2,1,428,0.13855054811205847,9082.565624908177,2
S2,1,429,0.12921164540399083,8515.498585113894,9
S2,1,430,0.10574018126888217,9312.889633392451,5
S2,1,431,0.10441527446300716,9471.946788520654,7
S2,1,432,0.10448783830078794,8265.500832084079,7
S2,1,433,0.09292468209977177,8863.541216407835,13
S2,1,434,0.10191664131426834,9285.979440487683,10
S2,1,435,0.10009845749917952,8593.427068042893,6
S2,1,436,0.11492392359987051,8633.827059357778,4
S2,1,437,0.08941877794336811,9543.316497111777,4
S2,1,438,0.08986674930275798,9238.435219611569,14
S2,1,439,0.0847457627118644,9696.226470551463,1
S2,1,440,0.12645046117227016,9308.03740636468,4
S2,1,441,0.12237762237762238,8712.049999948667,1
S2,1,442,0.0626118067978533,9702.080570165333,6
S2,1,443,0.1296551724137931,9978.0,0
S2,1,444,0.14403973509933773,8292.062959221963,4
S2,1,445,0.1362309438858255,8528.349999679855,4
S2,1,446,0.15091463414634146,8909.859615255094,2
S2,1,447,0.14184397163120568,8120.79999980425,3
S2,1,448,0.1498549790525298,8460.0,0
S2,1,449,0.14702345159350572,9059.9,0
S2,1,450,0.14826175869120656,8011.5,0
S2,1,451,0.15725288831835688,8431.2,0
S2,1,452,0.16297043010752688,8024.5,0
S2,1,453,0.15369836695485112,8474.316665874017,5
S2,1,454,0.16213389121338911,7748.449999891549,1
S2,1,455,0.15463917525773196,7908.049999944203,1
S2,1,456,0.1644195988161789,8192.099999896342,2
S2,1,457,0.18871381458409675,7219.623333104354,3
S2,1,458,0.15749235474006115,8829.64999981015,3
S2,1,459,0.12652705061082026,9542.006933833783,7
S2,1,460,0.1381639545594105,8912.0,0
S2,1,461,0.17702070808283232,7971.0,0
S2,1,462,0.15220483641536273,9523.049999955232,1
S2,1,463,0.16737774860518542,8198.049999825,1
S2,1,464,0.13200782268578878,8470.009926162153,3
S2,1,465,0.14585556741373176,7745.15103593087,4
S2,1,466,0.14111705288175877,9170.8,0
S2,1,467,0.1532258064516129,8393.5,0
S2,1,468,0.14441591784338895,8579.699999611601,5
S2,1,469,0.11773255813953488,9619.099999910997,2
S2,1,470,0.11769834350479512,9511.0,0
S2,1,471,0.17950963222416813,6063.6,0
S2,1,472,0.08191240387830157,8472.4,0
S2,1,473,0.09845501363223266,9341.849999499373,4
S2,1,474,0.13149022252191503,8205.272967055918,7
S2,1,475,0.15600378190986447,8562.87456134189,1
S2,1,476,0.13460963206700569,9242.938673480878,5
S2,1,477,0.13494567122327375,7916.799999532149,6
S2,1,478,0.13277555474718078,7594.599999845544,2
S2,1,479,0.12407301768397033,9773.562946099943,6
S2,1,480,0.15322874863188618,7496.09999972481,3
S2,1,481,0.17634485215532597,7520.72127621744,6
S2,1,482,0.1511758118701008,7374.56433014005,8
S2,1,483,0.13804611650485438,9078.908332892466,4
S2,1,484,0.11908593498551658,8694.324830240683,5
S2,1,485,0.15946137491141035,7683.250857540777,4
S2,1,486,0.1661190215407083,7377.4,0
S2,1,487,0.14251373626373626,7958.491880281694,1
S2,1,488,0.17025089605734767,7485.7,0
S2,1,489,0.1284432064376354,8977.19699170785,5
S2,1,490,0.16543527144233858,8390.357757052758,3
S2,1,491,0.17543859649122806,7774.449999612904,5
S2,1,492,0.15573026912609617,8905.8,0
S2,1,493,0.17319804058782365,7658.5,0
S2,1,494,0.14253563390847712,7334.386841975965,2
S2,1,495,0.14323962516733602,10169.901123555892,1
S2,1,496,0.15674984005118361,8468.762280567804,2
S2,1,497,0.11052303860523038,9044.124931630864,9
S2,1,498,0.14731369150779897,7978.63472906472,9
S2,1,499,0.13072855464159813,9414.568852128277,5
S2,1,500,0.11480167687842631,8712.199999377153,6
S2,1,501,0.09327701513551566,8024.649999769455,3
S2,1,502,0.1519289860020485,7939.1,0
S2,1,503,0.1540413193185937,7530.899999795854,3
S2,1,504,0.14727815063385533,7310.81505337182,4
S2,1,505,0.13293712855802314,8839.0935059148,5
S2,1,506,0.1159037558685446,9534.459399963038,4
S2,1,507,0.12099776619508563,7438.287499895794,2
S2,1,508,0.07906295754026355,9747.4,0
S2,1,509,0.12480739599383667,9090.749885994232,6
S2,1,510,0.1437371663244353,8126.296159708504,9
S2,1,511,0.15941035310250257,7898.0,0
S2,1,512,0.13684570646595964,8008.7,0
S2,1,513,0.18336964415395787,7347.737499160635,4
S2,1,514,0.1268956979263386,8939.0,0
S2,1,515,0.14573010784027982,9396.256201050688,3
S2,1,516,0.1389776357827476,8559.5,0
S2,1,517,0.14907050157839355,7763.5,0
S2,1,518,0.12779035910708508,8542.74999989452,1
S2,1,519,0.11660578814273673,9916.33875728946,2
S2,1,520,0.15334252239834598,7943.894436291582,7
S2,1,521,0.1348396501457726,7586.876098269856,7
S2,1,522,0.13095671153146599,7603.0,0
S2,1,523,0.17384731670445955,7096.605116215578,4
S2,1,524,0.13535820402773194,8284.0,0
S2,1,525,0.11291348600508906,8797.5,0
S2,1,526,0.14429312581063553,8402.099999867047,2
S2,1,527,0.15527950310559005,7510.176277743447,7
S2,1,528,0.08798543689320389,9360.389473388152,4
S2,1,529,0.11829390203265579,8280.5,0
S2,1,530,0.12321660181582361,8570.58383064874,4
S2,1,531,0.08251936679016504,8448.5,0
S2,1,532,0.1435793731041456,8135.44999983617,1
S2,1,533,0.15255905511811024,8289.5,0
S2,1,534,0.15269655620532813,8415.430373563064,5
S2,1,535,0.1558219178082192,7974.749999456868,5
S2,1,536,0.1501937984496124,8496.544671907126,9
S2,1,537,0.15815085158150852,7844.4187907102005,3
S2,1,538,0.18832391713747645,7172.044546546156,10
S2,1,539,0.15805070793546264,8233.5,0
S2,1,540,0.12558139534883722,9037.151762635598,10
S2,1,541,0.15677118078719146,8111.949999819667,3
S2,1,542,0.19490254872563717,7027.049999888406,1
S2,1,543,0.15843429636533085,8786.463541196794,6
S2,1,544,0.14819205690574985,9239.273584713752,4
S2,1,545,0.17572944297082227,8015.0,0
S2,1,546,0.18138801261829654,6795.9499997815565,3
S2,1,547,0.15867875647668395,8345.5,0
S2,1,548,0.13278388278388278,9049.649999653111,3
S2,1,549,0.15171948752528658,8091.6,0
S2,1,550,0.15724322515891603,8196.335017305459,11
S2,1,551,0.1753155680224404,7632.64999989155,1
S2,1,552,0.17041901188242653,8565.9,0
S2,1,553,0.16377649325626203,8370.24999993937,1
S2,1,554,0.14180374361883152,9667.61275501935,7
S2,1,555,0.11467889908256881,9745.099999486962,6
S2,1,556,0.1409204423831609,7644.4,0
S2,1,557,0.11472868217054263,9113.977277862874,9
S2,1,558,0.15433123133089943,8215.36237206605,8
S2,1,559,0.1475133464456308,9681.0,0
S2,1,560,0.1518542199488491,8472.0,0
S2,1,561,0.10356731875719218,7333.199999953892,1
S2,1,562,0.13221541438245726,8545.530373754389,2
S2,1,563,0.1278409090909091,8795.549999727324,5
S2,1,564,0.14658505154639176,8539.247916187329,7
S2,1,565,0.1477650535648319,7418.905471880849,4
S2,1,566,0.14897260273972604,7986.16054749459,7
S2,1,567,0.13660353927351754,8856.296797354818,4
S2,1,568,0.1481958762886598,8456.0,0
S2,1,569,0.14960629921259844,8666.599999875589,2
S2,1,570,0.13438504236050247,9443.099999812002,2
S2,1,571,0.13941884355738185,9336.5,0
S2,1,572,0.11446886446886446,9098.233796036893,4
S2,1,573,0.09158751696065129,8326.599999815706,2
S2,1,574,0.11273209549071618,8359.5,0
S2,1,575,0.1277139208173691,8645.19999960754,4
S2,1,576,0.09793988517392772,8363.977340075442,2
S2,1,577,0.12071778140293637,8497.847443761564,4
S2,1,578,0.1266025641025641,8628.955171753834,5
S2,1,579,0.1493948562783661,7228.949999934745,1
S2,1,580,0.11100066269052353,8489.744736460361,5
S2,1,581,0.134081696289367,8756.0,0
S2,1,582,0.13101767215112736,9112.814285088098,9
S2,1,583,0.16221374045801526,8464.799999899942,2
S2,1,584,0.12128072445019406,8632.624478619671,8
S2,1,585,0.09827517047733654,6990.2,0
S2,1,586,0.084774499830451,8421.763043259065,2
S2,1,587,0.151183970856102,7499.78678463937,3
S2,1,588,0.1434583014537108,7125.949999869492,1
S2,1,589,0.1435483870967742,8478.0,0
S2,1,590,0.09595512252731031,9565.700875005976,6
S2,1,591,0.07797878976918278,9310.275244933673,12
S2,1,592,0.1431980906921241,9169.049999939843,1
S2,1,593,0.17528635890315863,7753.360796627514,7
S2,1,594,0.10574449842812232,9834.32254873535,4
S2,1,595,0.09492635024549918,8571.5,0
S2,1,596,0.10019710906701708,8526.9,0
S2,1,597,0.09693053311793215,10461.0,0
S2,1,598,0.15813788201847903,7635.806249809267,3
S2,1,599,0.15708451146716934,8667.44032208575,10
S2,1,600,0.1338787653402752,7493.849561144755,9
S2,1,601,0.13773696682464456,9309.349999743157,4
S2,1,602,0.12882908674491841,9687.386619467703,4
S2,1,603,0.1391279403327596,9576.619108195382,2
S2,1,604,0.16360236833904643,8642.6,0
S2,1,605,0.17810880829015543,8253.42999996535,1
S2,1,606,0.15737256243585357,7902.0,0
S2,1,607,0.12867647058823528,8990.0,0
S2,1,608,0.17153996101364521,6864.949999777141,3
S2,1,609,0.12259425257052466,10532.649999831381,3
S2,1,610,0.140361821584529,8854.266046184888,9
S2,1,611,0.13582855418050105,9091.0,0
S2,1,612,0.12867090523766272,9142.295454225121,5
S2,1,613,0.12206874397687119,8591.0,0
S2,1,614,0.16901931649331353,7246.799999630869,4
S2,1,615,0.1572718779196512,8661.5,0
S2,1,616,0.13884068031933355,7859.516666600318,1
S2,1,617,0.16666666666666666,8230.099999871187,2
S2,1,618,0.15593895155938953,8233.916911480266,4
S2,1,619,0.13868177751267521,9164.694117544997,2
S2,1,620,0.1410963347388907,8472.7,0
S2,1,621,0.18721755971594578,8175.049999919792,1
S2,1,622,0.16568241469816272,8180.5,0
S2,1,623,0.1394677781340173,8587.162585603524,4
S2,1,624,0.14470443349753695,8832.0,0
S2,1,625,0.13434218653489807,8893.214942423758,2
S2,1,626,0.1361573373676248,9157.046972785523,8
S2,1,627,0.12079510703363915,9086.888471818205,2
S2,1,628,0.10611050128064398,7678.2,0
S2,1,629,0.12643678160919541,8376.420588116996,2
S2,1,630,0.0939119170984456,8711.290346620402,4
S2,1,631,0.08933889219773675,9544.959614953299,5
S2,1,632,0.12337662337662338,8577.82998937309,9
S2,1,633,0.1409646739130435,8062.59999987037,2
S2,1,634,0.12620754129012154,8906.060975303952,4
S2,1,635,0.1171493654409372,8640.306300881575,12
S2,1,636,0.08424182358771061,8631.46280451826,6
S2,1,637,0.11811023622047244,8501.523983550906,3
S2,1,638,0.1346153846153846,7241.360468359379,10
S2,1,639,0.1155527795128045,8879.9,0
S2,1,640,0.14665286404416839,7871.5,0
S2,1,641,0.12621916236374067,9705.779323998915,9
S2,1,642,0.145997375328084,8332.102426916483,4
S2,1,643,0.11569731081926204,8885.815311096305,2
S2,1,644,0.13074984247006932,8735.2,0
S2,1,645,0.1570048309178744,7918.139687581785,7
S2,1,646,0.13793103448275862,8767.599707429705,3
S2,1,647,0.1380697050938338,8200.515397582525,4
S2,1,648,0.12482168330955777,7790.398114876464,6
S2,1,649,0.10574018126888217,8411.889541867353,7
S2,1,650,0.1083276912660799,8292.309553733265,6
S2,1,651,0.1078125,8896.5,0
S2,1,652,0.16706443914081145,7854.299999885068,2
S2,1,653,0.10254816656308266,9093.295204731603,8
S2,1,654,0.13945578231292516,8031.0999997556755,2
S2,1,655,0.1386540412580318,8067.099999835569,2
S2,1,656,0.13340448239060831,7834.088226232968,11
S2,1,657,0.11234225915666358,9086.199999713806,4
S2,1,658,0.09093971034018188,8446.728674283378,8
S2,1,659,0.09561490273656446,8576.090425277933,4
S2,1,660,0.1490125673249551,7619.66303550474,4
S2,1,661,0.16789667896678967,7296.045287751659,3
S2,1,662,0.14563106796116504,8427.853448099919,3
S2,1,663,0.1319118178532707,7679.861086486055,5
S2,1,664,0.12253436939629408,9252.4,0
S2,1,665,0.1228119706380576,9819.193420505155,4
S2,1,666,0.10826115922718188,8427.212819502976,4
S2,1,667,0.1290547610742937,7868.4,0
S2,1,668,0.1214926236621348,9633.86487991338,7
S2,1,669,0.1239946380697051,8292.649999799864,3
S2,1,670,0.14008993427879626,7910.5,0
S2,1,671,0.175,6974.369527459736,4
S2,1,672,0.14553314121037464,9444.449999916304,1
S2,1,673,0.13671875,9819.7,0
S2,1,674,0.17495711835334476,7744.6,0
S2,1,675,0.15961021505376344,8079.649999942538,1
S2,1,676,0.10189982728842832,8205.477700559673,4
S2,1,677,0.14773776546629733,8883.12455510487,5
S2,1,678,0.1187683284457478,9450.198958192597,2
S2,1,679,0.09717638430509717,7709.9526839687815,3
S2,1,680,0.12077294685990338,9220.43037362918,3
S2,1,681,0.14844209288653734,9221.9,0
S2,1,682,0.1493032514930325,8162.9,0
S2,1,683,0.1745345744680851,7978.5,0
S2,1,684,0.13755598208573255,8605.099999750302,2
S2,1,685,0.12987012987012986,9390.581185333078,4
S2,1,686,0.16728002676480427,8051.099999859104,2
S2,1,687,0.1686746987951807,7826.662499655836,4
S2,1,688,0.1452081316553727,8517.991999436827,8
S2,1,689,0.1912951912951913,7521.099992025008,2
S2,1,690,0.15877516302806918,9543.149999832898,3
S2,1,691,0.14146090534979425,10622.0,0
S2,1,692,0.1371486623772435,8115.5,0
S2,1,693,0.15730717185385656,8029.289473472176,4
S2,1,694,0.14022435897435898,10304.7425546597,4
S2,1,695,0.15020820939916715,9200.888888660009,4
S2,1,696,0.16139240506329114,8529.0,0
S2,1,697,0.11479944674965421,10176.49137902647,5
S2,1,698,0.16297846889952153,9001.868965409021,2
S2,1,699,0.18459915611814345,7541.5,0
S2,1,700,0.15063018751921303,8869.099999828431,2
S2,1,701,0.1509705248023005,7653.22878387536,8
S2,1,702,0.13848817080207732,9563.539473458894,4
S2,1,703,0.14497130776200542,9043.436206746359,2
S2,1,704,0.139683608212723,8174.918583985515,2
S2,1,705,0.14105542648523067,8335.785197809715,7
S2,1,706,0.16589368533713877,7543.2,0
S2,1,707,0.11948790896159317,9781.5,0
S2,1,708,0.16969086021505375,8015.549999937399,1
S2,1,709,0.18032212885154061,7614.5,0
S2,1,710,0.15421303656597773,8573.826319294407,8
S2,1,711,0.15961262553802008,7551.399999816217,2
S2,1,712,0.13372472276581865,8460.099999855016,2
S2,1,713,0.1422963689892051,8346.6,0
S2,1,714,0.13459335624284077,9601.0,0
S2,1,715,0.08880994671403197,9594.302325114762,5
S2,1,716,0.13077445652173914,8144.049999759375,1
S2,1,717,0.17132867132867133,7684.199999663557,4
S2,1,718,0.1480484522207268,8185.258649260657,5
S2,1,719,0.17771701982228297,7764.6,0
S2,1,720,0.1551614946168461,8629.663491103023,10
S2,1,721,0.11325503355704698,10055.529628705774,9
S2,1,722,0.15942536790469516,7684.449999946528,1
S2,1,723,0.1577437858508604,8503.5999998605,2
S2,1,724,0.1590836780146357,8486.0,0
S2,1,725,0.18239939827002632,7098.649415019663,3
S2,1,726,0.1309913664781185,9310.763878179883,8
S2,1,727,0.15862301721228483,7983.549999933043,1
S2,1,728,0.17783857729138167,7781.5,0
S2,1,729,0.12117540139351711,9220.862385834751,9
S2,1,730,0.1421647819063005,8482.749999917205,1
S2,1,731,0.14523449319213314,9095.104216534966,6
S2,1,732,0.12979066022544283,8664.027761416695,7
S2,1,733,0.14450867052023122,9035.196388501357,5
S2,1,734,0.15436863229391787,8750.349999761787,3
S2,1,735,0.19119351100811124,6889.14999914731,4
S2,1,736,0.11569731081926204,8986.54201458424,9
S2,1,737,0.18626309662398138,6824.3222221013075,2
S2,1,738,0.15326868939630903,8725.933192495522,8
S2,1,739,0.16857142857142857,9371.0,0
S2,1,740,0.16186410530060477,7635.2816737896865,5
S2,1,741,0.11770244821092278,8929.5,0
S2,1,742,0.14529658478130617,9160.648789020057,10
S2,1,743,0.13056092843326886,8576.568852245777,4
S2,1,744,0.14538093485461906,7435.9,0
S2,1,745,0.10942463819272856,7996.521462951386,6
S2,1,746,0.1538231780167264,9052.233333084208,3
S2,1,747,0.1668318467129171,8140.9,0
S2,1,748,0.1359463276836158,7775.238921958342,2
S2,1,749,0.125,9439.114419105661,8
S2,1,750,0.11912427559562137,8691.392683100923,7
S2,1,751,0.08774495466510676,9655.7,0
S2,1,752,0.05871886120996441,8144.961878067073,6
S2,1,753,0.13029315960912052,8485.318577576307,6
S2,1,754,0.08109897384971863,8678.810947037882,9
S2,1,755,0.0981896287204664,9181.675999853021,2
S2,1,756,0.12784490025288003,9781.0,0
S2,1,757,0.13666536509176103,7043.56799908851,7
S2,1,758,0.11650485436893204,8538.0,0
S2,1,759,0.1255539143279173,9328.794444268335,3
S2,1,760,0.12033484478549006,8043.949999146421,9
S2,1,761,0.10518731988472622,9712.5,0
S2,1,762,0.11798958014097456,9037.0,0
S2,1,763,0.11396468699839486,8753.053821272875,8
S2,1,764,0.12936221419975932,9135.126639261542,2
S2,1,765,0.10434292160180485,9914.5,0
S2,1,766,0.11813537675606642,8667.0,0
S2,1,767,0.17124448965751102,7873.29999984215,2
S2,1,768,0.1399407309845242,8363.240719089743,7
S2,1,769,0.15930965814802522,8101.049999894521,1
S2,1,770,0.11723329425556858,9506.44509780845,4
S2,1,771,0.1130952380952381,9337.5,0
S2,1,772,0.12666450146151348,8475.5,0
S2,1,773,0.1474872541879097,7539.318770356168,5
S2,1,774,0.13630975898854208,7007.2188919920245,6
S2,1,775,0.12736535662299855,7584.90807238298,3
S2,1,776,0.1236449864498645,8197.24999974079,3
S2,1,777,0.09928595715742945,8251.8,0
S2,1,778,0.09836065573770492,8592.5,0
S2,1,779,0.1266952177016417,7712.6880596504625,1
S2,1,780,0.09676395939086295,8889.4,0
S2,1,781,0.12154861944777912,9257.1,0
S2,1,782,0.1270412399667866,10042.290401559769,9
S2,1,783,0.17218543046357615,8040.5,0
S2,1,784,0.14176489327811406,8584.0,0
S2,1,785,0.13411693791440626,9204.133735127378,6
S2,1,786,0.1323283082077052,8286.193141187494,10
S2,1,787,0.14734774066797643,8344.749999817219,4
S2,1,788,0.14989293361884368,7626.430434659378,2
S2,1,789,0.13020833333333334,9022.9039005853,3
S2,1,790,0.1148338286949473,10278.0,0
S2,1,791,0.14965986394557823,8043.600602324692,1
S2,1,792,0.135001646361541,8408.545134417487,8
S2,1,793,0.1800356506238859,7512.29024070791,6
S2,1,794,0.15047021943573669,8653.599999850647,2
S2,1,795,0.10338037413849688,8533.0,0
S2,1,796,0.117046818727491,9240.0,0
S2,1,797,0.12394101035456542,8834.208807314837,4
S2,1,798,0.15717092337917485,6931.54999952284,3
S2,1,799,0.17477477477477477,7459.947916227561,5
S2,1,800,0.14259981987391174,9208.539311513501,11
S2,1,801,0.167718365991365,8091.5,0
S2,1,802,0.1875246742992499,6751.413043403662,1
S2,1,803,0.1622002820874471,7674.610412046098,6
S2,1,804,0.13375071143995446,9780.772807452226,8
S2,1,805,0.17319016279875304,7789.599999772503,2
S2,1,806,0.12256973795435334,9944.835507806178,11
S2,1,807,0.1649746192893401,8473.049999959474,1
S2,1,808,0.1676076217360621,7612.052380798676,2
S2,1,809,0.15594221930400526,8298.649999830843,3
S2,1,810,0.1487919858573954,9285.599999879396,2
S2,1,811,0.1716171617161716,8140.854432853613,5
S2,1,812,0.18181818181818182,8158.049999925242,1
S2,1,813,0.14768531667140017,9626.249999876025,2
S2,1,814,0.16546762589928057,7551.949999806997,3
S2,1,815,0.15244841392054204,8880.411862871631,5
S2,1,816,0.1378562577447336,8954.305282270912,10
S2,1,817,0.16204477113264285,8158.394444168466,5
S2,1,818,0.17454776261504285,8474.89692895878,5
S2,1,819,0.15260581629714945,9408.0,0
S2,1,820,0.15748031496062992,8307.85384598228,2
S2,1,821,0.18733608092918697,7095.649999077327,3
S2,1,822,0.15733056708160442,7879.7,0
S2,1,823,0.1722900215362527,7515.777272488116,4
S2,1,824,0.15364916773367476,8478.4,0
S2,1,825,0.1748971193415638,7772.4,0
S2,1,826,0.1725327812284334,7831.133332926905,3
S2,1,827,0.14301036825169824,7696.126933612262,4
S2,1,828,0.16456180635285114,7129.602631200554,5
S2,1,829,0.17435897435897435,7875.510605809916,3
S2,1,830,0.16776418940106616,8568.5,0
S2,1,831,0.15749456915278784,7573.837499380611,6
S2,1,832,0.15201685731487055,9045.399999687315,4
S2,1,833,0.1800076599004213,7021.499999736044,3
S2,1,834,0.13682678311499272,9474.17531628225,3
S2,1,835,0.14268180423442775,9008.243269526381,8
S2,1,836,0.17148014440433212,7434.807861545358,7
S2,1,837,0.1700921332388377,7592.307907846284,6
S2,1,838,0.16592541908997605,7881.599999838116,2
S2,1,839,0.18579686209744012,6490.461110546286,2
S2,1,840,0.14450867052023122,8568.501549640485,10
S2,1,841,0.12397991211550534,8881.862443571097,7
S2,1,842,0.17308314461339372,8283.833999725874,3
S2,1,843,0.15556207807455238,9217.224691122314,4
S2,1,844,0.15460631176283074,8613.108332615575,10
S2,1,845,0.14882655981682885,9513.255214511455,4
S2,1,846,0.13100436681222707,8325.881383603828,16
S2,1,847,0.15625,8008.47093004507,3
S2,1,848,0.13017565872020076,8915.677427332708,9
S2,1,849,0.14626391096979333,8601.0,0
S2,1,850,0.16699092088197146,8293.0,0
S2,1,851,0.12042147516307075,11086.36666658654,2
S2,1,852,0.1382488479262673,8319.0,0
S2,1,853,0.1783840503672613,7687.5,0
S2,1,854,0.18167202572347266,8261.44999995,1
S2,1,855,0.12482269503546099,9809.849999730166,4
S2,1,856,0.17464198393293748,7656.649999722237,3
S2,1,857,0.1674641148325359,8431.0,0
S2,1,858,0.17482517482517482,7661.5999994595195,2
S2,1,859,0.15703069236259815,7651.389743318902,4
S2,1,860,0.16233766233766234,8286.0,0
S2,1,861,0.19618430525557956,7295.3,0
S2,1,862,0.17277856135401976,7563.5,0
S2,1,863,0.14941805599245045,8653.4,0
S2,1,864,0.1749375223134595,7476.099999750962,2
S2,1,865,0.19297553275453827,6707.149999937398,1
S2,1,866,0.16937435188385758,7781.049999957692,1
S2,1,867,0.1538987688098495,7993.455049520172,6
S2,1,868,0.164778578784758,7839.949999945775,1
S2,1,869,0.13917374743627306,9370.149999796586,3
S2,1,870,0.15912636505460218,8611.8,0
S2,1,871,0.17052980132450332,8140.843841717706,7
S2,1,872,0.1670604117448532,7995.549999946154,1
S2,1,873,0.13679508654383027,9822.199999942106,1
S2,1,874,0.17017326732673269,8655.049999934745,1
S2,1,875,0.1661631419939577,8109.942865496337,7
S2,1,876,0.16402506450423884,7358.2499991825725,3
S2,1,877,0.16934656175162505,7890.3383331693085,3
S2,1,878,0.13910597061581745,8842.816492709779,4
S2,1,879,0.15916017609210972,7997.149999764527,3
S2,1,880,0.16485507246376813,7452.62621308989,4
S2,1,881,0.14983008958912572,8829.549999959896,1
S2,1,882,0.1683894631543848,8103.668749753882,4
S2,1,883,0.15948422124194095,8019.749999812007,2
S2,1,884,0.19666931007137192,6671.8,0
S2,1,885,0.13828867761452032,9574.151743095354,5
S2,1,886,0.17660401814646792,8207.5,0
S2,1,887,0.1598320955763642,8423.199382434515,4
S2,1,888,0.1815823605706874,8206.149999787454,3
S2,1,889,0.16181229773462782,7510.039867279928,5
S2,1,890,0.1561051004636785,8815.62333306463,3
S2,1,891,0.14582634931277239,8276.893458468385,13
S2,1,892,0.15894039735099338,8218.149999810492,3
S2,1,893,0.14890510948905109,9294.82204293686,1
S2,1,894,0.17937219730941703,7706.479729595662,2
S2,1,895,0.14169381107491857,8442.281521622557,2
S2,1,896,0.14049097900029578,9231.0,0
S2,1,897,0.1416746259153136,8584.5,0
S2,1,898,0.15262694452597594,9261.84999985893,3
S2,1,899,0.15381895332390383,7696.752072503098,1
S2,1,900,0.16802263883975946,7626.599999760774,2
S2,1,901,0.16193707587908698,8746.5,0
S2,1,902,0.13637973786751684,7740.7,0
S2,1,903,0.10847844704538967,9822.88838321146,4
S2,1,904,0.1362179487179487,8674.551423258128,13
S2,1,905,0.11137162954279015,9492.049999948322,1
S2,1,906,0.11316872427983539,6802.64999939254,5
S2,1,907,0.09704104358892778,8823.5,0
S2,1,908,0.16220735785953178,8103.599999893136,2
S2,1,909,0.1632004621606008,9308.5,0
S2,1,910,0.1735985533453888,7389.3499999465275,1
S2,1,911,0.18553578190079514,7096.316658410305,9
S2,1,912,0.1757944557133198,7899.999999833895,2
S2,1,913,0.15751867489444624,8331.9,0
S2,1,914,0.14427701186277653,8606.57941036263,9
S2,1,915,0.16139767054908485,8120.149999917205,1
S2,1,916,0.10466760961810467,9966.67537276398,5
S2,1,917,0.1724137931034483,7237.4,0
S2,1,918,0.1727608185172761,7940.6,0
S2,1,919,0.1569806279225117,8113.99999974971,2
S2,1,920,0.1287922152261019,9720.852265213114,11
S2,1,921,0.17565649396735272,7546.199999643893,4
S2,1,922,0.15846257585974377,7995.5,0
S2,1,923,0.15690714978971207,8386.959259034978,3
S2,1,924,0.12406231967686093,9680.500148515199,9
S2,1,925,0.16170525542080116,7323.0,0
S2,1,926,0.08742331288343558,9313.329629298716,5
S2,1,927,0.13172645739910313,9888.798984523564,5
S2,1,928,0.177734375,6830.012820365736,2
S2,1,929,0.15100671140939598,8951.885620523735,6
S2,1,930,0.15296719498709915,7434.6782460353725,7
S2,1,931,0.16855991205569806,7390.823634943819,7
S2,1,932,0.14991181657848324,9284.399998395294,2
S2,1,933,0.1740222461428059,7513.948247926574,9
S2,1,934,0.14995313964386128,8720.0,0
S2,1,935,0.16436554898093358,8216.0,0
S2,1,936,0.1406297768266585,8965.09999982148,2
S2,1,937,0.16676773802304426,8845.0,0
S2,1,938,0.1782562654429933,7580.04999971786,4
S2,1,939,0.1257948576168095,10040.749999828615,3
S2,1,940,0.14407527197882974,9270.703278421608,3
S2,1,941,0.1368354828562441,8833.288178115276,13
S2,1,942,0.16437918927545483,8430.5,0
S2,1,943,0.1563573883161512,7905.449999897333,1
S2,1,944,0.13774104683195593,9045.356028105592,12
S2,1,945,0.1757188498402556,7536.549999953333,1
S2,1,946,0.11510387422796182,9950.033840843582,8
S2,1,947,0.18336964415395787,7302.6,0
S2,1,948,0.16114180478821363,8819.40207211984,4
S2,1,949,0.10488364470665355,8682.467526688954,13
S2,1,950,0.14667535853976532,8369.799999747656,3
S2,1,951,0.16018662519440124,8670.549999946896,1
S2,1,952,0.1475777991658646,8484.0,0
S2,1,953,0.13079328973557008,9702.0,0
S2,1,954,0.12668463611859837,10281.049999950323,1
S2,1,955,0.1595744680851064,7832.5,0
S2,1,956,0.1822477219034762,7893.549734958287,4
S2,1,957,0.19865200425682866,7442.855214630103,2
S2,1,958,0.15864759427828348,8411.899999577017,5
S2,1,959,0.18374558303886926,7490.0,0
S2,1,960,0.15396113602391628,9119.599999896376,2
S2,1,961,0.16367137355584083,8403.920006651393,5
S2,1,962,0.1597595697564062,8550.69999952329,4
S2,1,963,0.20422535211267606,7436.099999766613,2
S2,1,964,0.16751754945756223,8438.599999729231,2
S2,1,965,0.16769781830022795,8209.4,0
S2,1,966,0.15888147442008263,8516.233333121507,3
S2,1,967,0.16502808988764045,7670.1,0
S2,1,968,0.16853932584269662,8120.049999825,1
S2,1,969,0.18701122067324039,7752.0,0
S2,1,970,0.14396284829721362,8864.89444431017,2
S2,1,971,0.13021562587510502,9934.283840792208,8
S2,1,972,0.1698236446766819,8225.349999753556,3
S2,1,973,0.1552993916106308,8428.549999949006,1
S2,1,974,0.17218760249262052,8123.599999708106,2
S2,1,975,0.19328034682080925,7322.0,0
S2,1,976,0.15337423312883436,8811.314285618379,2
S2,1,977,0.1306762495916367,8445.399999893585,2
S2,1,978,0.0883338409990862,9327.824999890763,2
S2,1,979,0.1325811001410437,9764.566665191047,5
S2,1,980,0.16881522406384286,8745.230021143208,5
S2,1,981,0.15162454873646208,7519.396842387734,4
S2,1,982,0.10836343428730202,10165.437840584453,11
S2,1,983,0.2028985507246377,6310.337499751354,2
S2,1,984,0.15001500150015,9056.0,0
S2,1,985,0.16069788797061524,8861.64509761066,6
S2,1,986,0.14281592613964225,9468.796362943867,4
S2,1,987,0.1363236587510994,9382.684339519517,5
S2,1,988,0.11911852293031566,9304.5,0
S2,1,989,0.12131996117761243,8615.854730942421,4
S2,1,990,0.10975609756097561,9212.518023650147,6
S2,1,991,0.167967424499491,7976.3683405194,5
S2,1,992,0.16695652173913045,7783.5766037892545,7
S2,1,993,0.1660958904109589,7887.049999918085,1
S2,1,994,0.1882078614257162,7906.5,0
S2,1,995,0.18942101501072195,7405.8,0
S2,1,996,0.15457606366697277,8864.005214682484,1
S2,1,997,0.18693162681037387,7828.2,0
S2,1,998,0.1864156515319306,7171.134482556401,2
S2,1,999,0.14806733167082295,8745.499999798212,3
S2,1,1000,0.14261460101867574,8066.1,0
S2,1,1001,0.12357414448669202,8773.724691209667,3
S2,1,1002,0.13209393346379647,8483.482142536961,4
S2,1,1003,0.12532981530343007,8388.69999985137,2
S2,1,1004,0.14082419211384525,9168.5,0
S2,1,1005,0.1606234096692112,8424.5,0
S2,1,1006,0.13949163050216987,8894.162499851092,2
S2,1,1007,0.13393915448439353,7024.068583565284,5
S2,1,1008,0.19179133103183735,6845.8,0
S2,1,1009,0.16055912353607857,7204.544117479374,3
S2,1,1010,0.1535229476405947,8389.309826098875,4
S2,1,1011,0.14362373737373738,8717.522963951944,6
S2,1,1012,0.1548811013767209,8687.199999712058,4
S2,1,1013,0.15705958549222798,8342.4,0
S2,1,1014,0.1617954070981211,7764.0,0
S2,1,1015,0.1566711590296496,8060.549999928704,1
S2,1,1016,0.15433070866141732,8630.29999989452,2
S2,1,1017,0.1786896095301125,8003.7,0
S2,1,1018,0.14268180423442775,8851.0,0
S2,1,1019,0.09994739610731194,10785.466694076891,10
S2,1,1020,0.07515190278221938,8919.099999818374,2
S2,1,1021,0.1314508276533593,8546.673404097928,3
S2,1,1022,0.15102481121898598,7600.5499999453905,1
S2,1,1023,0.16167059616032334,7959.1,0
S2,1,1024,0.13873676524278933,7520.673577646132,3
S2,1,1025,0.1490566037735849,7241.049999717325,3
S2,1,1026,0.17702186740715029,7670.1,0
S2,1,1027,0.11997600479904019,9309.537623277654,6
S2,1,1028,0.1225566242631089,8901.149999949343,1
S2,1,1029,0.12432432432432433,7701.248083727898,4
S2,1,1030,0.15520628683693516,6930.5,0
S2,1,1031,0.15451797111185758,8042.0,0
S2,1,1032,0.12640877246420956,9121.368760366091,8
S2,1,1033,0.1282452299030341,8874.040280955489,6
S2,1,1034,0.12960934647681635,7557.745051832273,4
S2,1,1035,0.11043622308117063,10138.009623626289,8
S2,1,1036,0.11545293072824156,7797.908333215694,1
S2,1,1037,0.07286505392013991,9850.96290668443,6
S2,1,1038,0.0894109396914446,8103.601086452581,5
S2,1,1039,0.07325013564839934,10580.599999844839,2
S2,1,1040,0.14652014652014653,6689.941056872409,2
S2,1,1041,0.13577732518669383,8096.0,0
S2,1,1042,0.09299236134174693,8499.149992177716,3
S2,1,1043,0.13957597173144876,7899.353913456717,11
S2,1,1044,0.11880515953835709,8180.0,0
S2,1,1045,0.13215859030837004,8752.199998840586,4
S2,1,1046,0.12176084920387137,8966.409253690692,11
S2,1,1047,0.11624203821656051,8754.556532231743,6
S2,1,1048,0.1431095406360424,7751.895219901597,5
S2,1,1049,0.09061200237670826,9536.5,0
S2,1,1050,0.10710808179162609,8619.156089073731,5
S2,1,1051,0.09949409780775717,8482.288449682035,16
S2,1,1052,0.14416058394160583,7517.654310201711,3
S2,1,1053,0.08152173913043478,9435.5,0
S2,1,1054,0.1164127622880138,9696.979032130334,2
S2,1,1055,0.1343140390150304,8618.924496485379,3
S2,1,1056,0.13975665899375206,8341.549999917204,1
S2,1,1057,0.11683642899940083,9334.572321220949,4
S2,1,1058,0.18805738658394727,6767.7,0
S2,1,1059,0.16200545702592087,7889.5,0
S2,1,1060,0.16149263091878333,8641.07599986987,2
S2,1,1061,0.14541048167222054,9041.049999401026,5
S2,1,1062,0.16917922948073702,8033.6999997808125,4
S2,1,1063,0.1304726007538417,9544.363043230183,4
S2,1,1064,0.12759643916913946,9318.670036157031,5
S2,1,1065,0.1574539363484087,8072.564285497632,3
S2,1,1066,0.15873015873015872,7679.0,0
S2,1,1067,0.12547528517110265,10923.302461014402,5
S2,1,1068,0.13748854262144822,8961.5,0
S2,1,1069,0.1561963611397185,7951.475064003322,9
S2,1,1070,0.14437951185974562,8026.295789812218,9
S2,1,1071,0.1465576005453306,8053.82374341723,7
S2,1,1072,0.16201475777991659,8487.70986578338,8
S2,1,1073,0.16958424507658643,7423.676685559498,8
S2,1,1074,0.15777488614183474,8361.531701435702,8
S2,1,1075,0.16887626262626262,8468.5,0
S2,1,1076,0.12579525737420474,9618.131419202246,8
S2,1,1077,0.14380530973451328,8676.11774170041,3
S2,1,1078,0.1684027777777778,7801.659502268842,9
S2,1,1079,0.17823343848580442,8449.535099189154,2
S2,1,1080,0.17927572606669057,7450.049999950641,1
S2,1,1081,0.1570048309178744,7849.1,0
S2,1,1082,0.16698172652804033,8486.5,0
S2,1,1083,0.17928286852589642,7375.612499917472,1
S2,1,1084,0.14492753623188406,9105.19791611449,7
S2,1,1085,0.1787109375,8241.299999850955,2
S2,1,1086,0.15297353042282572,8027.805554417868,12
S2,1,1087,0.12640929279125385,8134.399999830919,2
S2,1,1088,0.15857284440039643,8166.549999871667,1
S2,1,1089,0.12841352405721718,8510.701021467585,3
S2,1,1090,0.17857142857142858,7067.149999764873,3
S2,1,1091,0.16050444253367727,9397.549999959896,1
S2,1,1092,0.1529274686862802,9319.5,0
S2,1,1093,0.1368738023542294,10114.57369900879,10
S2,1,1094,0.15837874659400544,7995.925640726958,4
S2,1,1095,0.14472882388787325,9019.263867431662,7
S2,1,1096,0.175054704595186,7364.024999614094,4
S2,1,1097,0.16678012253233493,8007.32578408915,8
S2,1,1098,0.16104056983586248,8684.0,0
S2,1,1099,0.1427712654042681,9194.988059473833,4
S2,1,1100,0.17575558475689881,8102.0,0
S2,1,1101,0.16205266711681296,8072.341052134623,6
S2,1,1102,0.15585642317380352,8645.149999769637,3
S2,1,1103,0.14757969303423848,9218.049999825,1
S2,1,1104,0.1747173689619733,7805.59999989141,2
S2,1,1105,0.13925925925925925,9286.7223750964,3
S2,1,1106,0.15773907328294445,8215.549999942537,1
S2,1,1107,0.13048306496390893,9970.101554232866,4
S2,1,1108,0.1609691337537338,8135.6,0
S2,1,1109,0.14747859181731685,8615.14999977457,3
S2,1,1110,0.1340666895840495,8089.1321590642265,7
S2,1,1111,0.15077023926581448,8319.0,0
S2,1,1112,0.15010832559579076,8868.574725479248,5
S2,1,1113,0.1555261416280609,8241.696077916265,6
S2,1,1114,0.17943409247757075,7709.149999897333,1
S2,1,1115,0.1583710407239819,7755.3,0
S2,1,1116,0.19935561820378575,6487.7,0
S2,1,1117,0.19392608854738383,7188.0,0
S2,1,1118,0.15672550213024955,8957.259826146194,5
S2,1,1119,0.14134877384196184,8057.649999776671,3
S2,1,1120,0.14896600070101648,7887.666777608727,6
S2,1,1121,0.14899211218229624,9312.5,0
S2,1,1122,0.16123778501628663,8352.649999540261,3
S2,1,1123,0.13285714285714287,9749.766329315695,11
S2,1,1124,0.1758198340576847,6737.7,0
S2,1,1125,0.16958041958041958,7654.5,0
S2,1,1126,0.1290824261275272,8919.249999673602,5
S2,1,1127,0.11353711790393013,9565.5,0
S2,1,1128,0.12755958375293722,8249.5,0
S2,1,1129,0.15892002734107996,7920.549999916304,1
S2,1,1130,0.16163035839775122,7705.345097856606,3
S2,1,1131,0.15277316506144137,8201.3,0
S2,1,1132,0.15808170515097691,7633.860622096799,7
S2,1,1133,0.14084507042253522,9401.412902791153,6
S2,1,1134,0.12654120700843607,8534.0,0
S2,1,1135,0.13170731707317074,8491.1920856364,4
S2,1,1136,0.09053367217280814,8936.004309883061,4
S2,1,1137,0.08043758043758044,8909.099999640504,3
S2,1,1138,0.15379975874547647,8973.549999925961,1
S2,1,1139,0.16747301823595087,7257.129411655776,2
S2,1,1140,0.15406162464985995,8760.586841987937,2
S2,1,1141,0.14462081128747795,7765.599999872168,2
S2,1,1142,0.16754270696452037,8151.0,0
S2,1,1143,0.14968152866242038,8537.568965396504,2
S2,1,1144,0.1385243511227763,9463.426130443158,4
S2,1,1145,0.1127141568981064,9286.5,0
S2,1,1146,0.14828390536487837,8215.5,0
S2,1,1147,0.12829284981183717,8096.5,0
S2,1,1148,0.14802631578947367,8284.5,0
S2,1,1149,0.13074204946996468,7856.672806239408,5
S2,1,1150,0.1318181818181818,9092.999999936885,1
S2,1,1151,0.1474164133738602,8955.5,0
S2,1,1152,0.13198757763975155,8938.063924486773,10
S2,1,1153,0.09359790340696368,7621.60999937371,9
S2,1,1154,0.1032889372111987,10311.0,0
S2,1,1155,0.15156299336911905,8628.954777036703,6
S2,1,1156,0.10265903736115786,8478.783649852476,14
S2,1,1157,0.12967329067025934,8211.474018480056,5
S2,1,1158,0.17115804806991988,7335.6,0
S2,1,1159,0.1152611613656259,9560.623680779616,4
S2,1,1160,0.12137359384251035,9345.150029269314,2
S2,1,1161,0.12650602409638553,9152.719291833913,3
S2,1,1162,0.11023176936122103,9896.5,0
S2,1,1163,0.12322274881516587,8885.438709888369,13
S2,1,1164,0.08660303994344291,8057.269593970669,5
S2,1,1165,0.07829181494661921,8139.7037716322775,8
S2,1,1166,0.08448800270361609,8371.4,0
S2,1,1167,0.1539408866995074,8850.885325631582,7
S2,1,1168,0.131225767968983,9191.5,0
S2,1,1169,0.08516213560432362,8768.484175106352,12
S2,1,1170,0.07970773829292593,8614.099999882334,2
S2,1,1171,0.13758693680072573,9161.766066033879,11
S2,1,1172,0.16430300933932895,7829.878050778756,5
S2,1,1173,0.16859344894026976,8322.749999894602,2
S2,1,1174,0.1031223145230593,9836.749999636957,5
S2,1,1175,0.11966861000306843,9086.518325253679,8
S2,1,1176,0.11609907120743033,7211.50769199208,4
S2,1,1177,0.08094645080946451,9182.26786686121,7
S2,1,1178,0.12367491166077739,7839.366666492696,3
S2,1,1179,0.11877504293073841,9738.763913800478,6
S2,1,1180,0.10465116279069768,8483.99999972347,4
S2,1,1181,0.11908593498551658,8641.149999642148,3
S2,1,1182,0.10156971375807941,9150.110713967855,5
S2,1,1183,0.13707363723302518,8573.5,0
S2,1,1184,0.1164620711362921,8824.0,0
S2,1,1185,0.11070110701107011,9838.89523335598,4
S2,1,1186,0.08610271903323263,9447.720394231983,8
S2,1,1187,0.09358752166377816,8199.712429431183,8
S2,1,1188,0.09220985691573927,8936.216666178902,6
S2,1,1189,0.08934592043155766,8407.286021230886,4
S2,1,1190,0.12382075471698113,9431.814891264527,8
S2,1,1191,0.12006861063464837,8180.786205805181,6
S2,1,1192,0.14235444657709534,8577.07621324,5
S2,1,1193,0.13734567901234568,8848.5,0
S2,1,1194,0.11229484595450619,9694.549999936364,1
S2,1,1195,0.10236911377595788,9560.9,0
S2,1,1196,0.12777962163956189,8399.26237032689,9
S2,1,1197,0.09205591544493692,8344.019392870556,8
S2,1,1198,0.07096575131132367,9310.75217842801,4
S2,1,1199,0.10892480674631061,7939.5,0
S2,1,1200,0.12212142358688068,7963.999999849904,2
S2,1,1201,0.12748344370860928,8376.24546961174,4
S2,1,1202,0.11962403873540302,9726.962499865966,2
S2,1,1203,0.05954349983460139,8779.322221875724,5
S2,1,1204,0.1522491349480969,7875.549999925962,1
S2,1,1205,0.15077138849929875,7730.9,0
S2,1,1206,0.12378902045209902,10389.33417880671,10
S2,1,1207,0.13584696423620737,9930.227844146446,3
S2,1,1208,0.14103425117528542,8154.0,0
S2,1,1209,0.17304860088365243,7326.5999998284,2
S2,1,1210,0.15554115359688916,8347.5,0
S2,1,1211,0.15113350125944586,8603.2,0
S2,1,1212,0.1989549839228296,6486.5,0
S2,1,1213,0.18208185626812762,8209.5,0
S2,1,1214,0.13846673421141506,8078.0,0
S2,1,1215,0.1586130579122095,7416.7291705153775,5
S2,1,1216,0.17338177014531045,8049.5,0
S2,1,1217,0.1625885383129427,8373.540410279851,4
S2,1,1218,0.1259311812699539,7894.846042556719,6
S2,1,1219,0.18217191368942343,7509.604657915593,4
S2,1,1220,0.15009041591320071,7550.635296259446,5
S2,1,1221,0.11037527593818984,8848.249999785512,2
S2,1,1222,0.10667584308327598,8140.099999771881,2
S2,1,1223,0.14771347632537435,6762.706032677926,6
S2,1,1224,0.12280701754385964,7974.850157798709,6
S2,1,1225,0.0989010989010989,8964.852936709462,3
S2,1,1226,0.10037427696495406,8364.554650682296,7
S2,1,1227,0.09641056066449125,9491.5,0
S2,1,1228,0.16390728476821192,8102.649999552388,3
S2,1,1229,0.11452513966480447,9983.279991956892,6
S2,1,1230,0.15345699831365936,8050.729943364237,2
S2,1,1231,0.12704174228675136,9151.249985183107,7
S2,1,1232,0.2005103900838498,7204.92751065567,3
S2,1,1233,0.17235314808301092,7628.149999869492,1
S2,1,1234,0.19374333451830786,7385.2,0
S2,1,1235,0.14057507987220447,8626.84999992451,1
S2,1,1236,0.20778652668416447,5996.7,0
S2,1,1237,0.1618457300275482,7869.649999561003,3
S2,1,1238,0.14171287738755392,9033.832400209698,12
S2,1,1239,0.18210197710718,7688.3,0
S2,1,1240,0.1625487646293888,8268.04999994726,1
S2,1,1241,0.16661476175646217,8626.224999943526,1
S2,1,1242,0.173850054328142,7391.149999430046,3
S2,1,1243,0.14705882352941177,9599.056038179322,6
S2,1,1244,0.15138531848043416,9525.0,0
S2,1,1245,0.16999019287348807,8220.55945918033,4
S2,1,1246,0.1795774647887324,7597.670016689224,6
S2,1,1247,0.20833333333333334,6559.6,0
S2,1,1248,0.1961883408071749,7033.5,0
S2,1,1249,0.15574823378291586,8501.303846014978,2
S2,1,1250,0.14521083496230103,9834.899999744055,4
S2,1,1251,0.1480637813211845,8422.999999562646,4
S2,1,1252,0.15018203883495146,8958.599999825945,2
S2,1,1253,0.16194331983805668,8027.49999989031,2
S2,1,1254,0.16625397948355147,7634.88638219961,4
S2,1,1255,0.14467592592592593,9429.049999908333,1
S2,1,1256,0.16277729760875828,9335.5,0
S2,1,1257,0.18014955812372535,7874.099999702223,2
S2,1,1258,0.11546642357945913,9202.0,0
S2,1,1259,0.1423841059602649,8350.970223885213,10
S2,1,1260,0.1921218877740617,7102.349999633512,3
S2,1,1261,0.1798444588464031,8192.586842002493,2
S2,1,1262,0.17178724810042947,8096.0,0
S2,1,1263,0.14261460101867574,8081.249999818628,2
S2,1,1264,0.15488215488215487,8074.799999577404,6
S2,1,1265,0.16070345664038813,8962.919713757607,7
S2,1,1266,0.13357201872762325,10010.449999803566,3
S2,1,1267,0.17882947976878613,7462.526469816895,8
S2,1,1268,0.1678342089900759,9139.1,0
S2,1,1269,0.11986301369863013,8135.905179876285,7
S2,1,1270,0.1085972850678733,9303.199999698883,4
S2,1,1271,0.13397287462785312,8391.934923604802,8
S2,1,1272,0.15663069961712495,7767.4,0
S2,1,1273,0.12888198757763975,8927.738733015536,4
S2,1,1274,0.141014101410141,9191.644871184595,6
S2,1,1275,0.15685583362707084,7681.028873119577,2
S2,1,1276,0.15787705744037622,8016.3,0
S2,1,1277,0.12551079976649154,9554.078440491463,8
S2,1,1278,0.1274706387854483,9731.649999791547,3
S2,1,1279,0.1580952380952381,7191.291384257392,9
S2,1,1280,0.16530278232405893,8233.94999972387,3
S2,1,1281,0.1340931947703654,8313.695579035375,10
S2,1,1282,0.13940520446096655,8885.099999865377,2
S2,1,1283,0.18033946251768035,7526.099999545898,2
S2,1,1284,0.14204545454545456,8674.299999854717,1
S2,1,1285,0.1332312404287902,9070.679999149386,8
S2,1,1286,0.10613598673300166,8423.574585525168,2
S2,1,1287,0.1002393776181927,9487.280705651365,13
S2,1,1288,0.18201754385964913,6075.5,0
S2,1,1289,0.12446220036877689,9076.65629838293,5
S2,1,1290,0.11620887413220646,9181.5,0
S2,1,1291,0.12952507472600466,8376.370701666216,9
S2,1,1292,0.11194029850746269,9396.849999748403,4
S2,1,1293,0.16588419405320814,8604.149999771576,3
S2,1,1294,0.14602053915275995,8493.287623198887,4
S2,1,1295,0.16275813790689533,7684.323333288845,1
S2,1,1296,0.13093575418994413,7901.321949492176,4
S2,1,1297,0.15059275873117592,8467.1,0
S2,1,1298,0.11367380560131796,8474.1,0
S2,1,1299,0.14766592569069545,8538.5,0
S2,1,1300,0.13283280392723074,9533.57260261436,2
S2,1,1301,0.12363519588953115,8689.0959115052,10
S2,1,1302,0.14582611707655005,7885.4,0
S2,1,1303,0.11522233041220382,8642.331578731479,4
S2,1,1304,0.1011137162954279,9703.563529464218,13
S2,1,1305,0.09667330110889963,9938.221281461409,7
S2,1,1306,0.1409707351891506,7629.6,0
S2,1,1307,0.14671941971645236,8260.5,0
S2,1,1308,0.11224826675470452,8437.0,0
S2,1,1309,0.16029143897996356,7395.0,0
S2,1,1310,0.12726694241170855,8708.849999622229,4
S2,1,1311,0.14462138446538836,8438.912368333144,6
S2,1,1312,0.15907005200367086,8823.099999858854,2
S2,1,1313,0.16639741518578352,8287.0,0
S2,1,1314,0.1369642281662907,8594.319852183608,4
S2,1,1315,0.15939015939015938,7851.004853818442,5
S2,1,1316,0.23015873015873015,6479.186686510123,3
S2,1,1317,0.13430805848350902,8105.199999624689,4
S2,1,1318,0.12141280353200883,10015.5,0
S2,1,1319,0.1302250803858521,8644.973795525975,6
S2,1,1320,0.1490747087045922,7935.7,0
S2,1,1321,0.1369216241737488,8764.67917208384,10
S2,1,1322,0.13814756671899528,8737.0,0
S2,1,1323,0.12091280653950953,8252.4272413006,12
S2,1,1324,0.13047530288909598,8885.016942926084,4
S2,1,1325,0.1377245508982036,6896.16868506398,4
S2,1,1326,0.09107749305341155,9231.789291993808,7
S2,1,1327,0.10258997645475951,8351.341999797374,3
S2,1,1328,0.13027704485488126,8319.5,0
S2,1,1329,0.09685230024213075,9311.0,0
S2,1,1330,0.12783053323593865,7660.379796989984,12
S2,1,1331,0.1359463276836158,7845.440878250521,8
S2,1,1332,0.11746143057503507,7958.099999711084,4
S2,1,1333,0.13915857605177995,8461.702070061876,2
S2,1,1334,0.11935073201782304,8757.034126865019,6
S2,1,1335,0.12962962962962962,8289.006119668316,10
S2,1,1336,0.09501557632398754,9109.661878054625,6
S2,1,1337,0.11139401654996817,8853.383315505931,10
S2,1,1338,0.127208480565371,7835.784426103168,2
S2,1,1339,0.11381599747075562,8847.413175579606,5
S2,1,1340,0.12942576614102946,9270.099999887998,2
S2,1,1341,0.10785305021907651,8305.32616899413,2
S2,1,1342,0.11020151133501259,8853.5,0
S2,1,1343,0.13449600945906,9295.77499980939,3
S2,1,1344,0.1302000635122261,8653.0,0
S2,1,1345,0.11332007952286283,7092.608851793131,8
S2,1,1346,0.1038961038961039,8662.149999773184,3
S2,1,1347,0.1072654462242563,9755.2,0
S2,1,1348,0.1098026734563972,8752.312345632949,1
S2,1,1349,0.13744075829383887,8725.0,0
S2,1,1350,0.1210762331838565,9337.02966040135,4
S2,1,1351,0.14467592592592593,9414.0,0
S2,1,1352,0.11576971214017522,8910.049999665218,1
S2,1,1353,0.11881824020552344,8681.599999788215,2
S2,1,1354,0.13052781740370897,7819.704998915446,8
S2,1,1355,0.12158054711246201,9112.599999910059,2
S2,1,1356,0.13711151736745886,9028.099999739354,2
S2,1,1357,0.10115102895012208,8075.4,0
S2,1,1358,0.12398097826086957,8125.6,0
S2,1,1359,0.07155123068116771,10098.456425513716,12
S2,1,1360,0.08350424846176384,9720.320110740022,4
S2,1,1361,0.08142812402129658,9070.0,0
S2,1,1362,0.11326860841423948,8592.799999933182,1
S2,1,1363,0.08394895903290799,8474.294298031216,3
S2,1,1364,0.1146941489361702,8359.1,0
S2,1,1365,0.0803030303030303,9397.294444324647,2
S2,1,1366,0.08704385671242049,8510.673988358129,7
S2,1,1367,0.12070566388115135,8926.0,0
S2,1,1368,0.09836674090571641,7555.049999943382,1
S2,1,1369,0.10285042609462239,9548.251785525465,3
S2,1,1370,0.11611541168191415,7864.102325497066,1
S2,1,1371,0.10838663823738451,7825.5,0
S2,1,1372,0.07459970887918486,7846.1,0
S2,1,1373,0.09839246119733924,10232.756220303916,10
S2,1,1374,0.12207192345760474,8382.26959454784,1
S2,1,1375,0.09217877094972067,10226.41068700017,14
S2,1,1376,0.10012322858903265,9177.51810300498,7
S2,1,1377,0.11639344262295082,8451.5,0
S2,1,1378,0.13256369426751594,6928.1003725267465,5
S2,1,1379,0.12413108242303873,8407.814330744044,5
S2,1,1380,0.13984743915728295,7529.0,0
S2,1,1381,0.09724238026124818,9694.5,0
S2,1,1382,0.1015625,8982.749999953048,1
S2,1,1383,0.09919404835709858,9087.849999748303,3
S2,1,1384,0.10918544194107452,8048.5,0
S2,1,1385,0.09090909090909091,9487.0,0
S2,1,1386,0.13126491646778043,8058.0,0
S2,1,1387,0.10071942446043165,9870.92413535254,12
S2,1,1388,0.09016393442622951,10391.349382381199,6
S2,1,1389,0.1329243353783231,9459.842288158532,4
S2,1,1390,0.1444043321299639,7536.7,0
S2,1,1391,0.10850694444444445,9753.445924088364,12
S2,1,1392,0.1379089159717768,8523.099999859498,2
S2,1,1393,0.11396011396011396,8835.599999495726,2
S2,1,1394,0.10744066709429122,8782.325458620622,9
S2,1,1395,0.14742451154529307,7662.249999925243,1
S2,1,1396,0.14155889549108702,7834.114330510111,5
S2,1,1397,0.08722649319929036,9666.654616580201,10
S2,1,1398,0.09421265141318977,8491.846646031654,9
S2,1,1399,0.12639623750734863,9371.9,0
S2,1,1400,0.10688140556368961,9600.021690497477,5
S2,1,1401,0.10916359163591637,9164.283977661453,8
S2,1,1402,0.14405543398978848,7531.754347495221,5
S2,1,1403,0.11160058737151249,9500.0,0
S2,1,1404,0.12061756191701511,8638.049999934745,1
S2,1,1405,0.16579973992197658,8301.599999820732,2
S2,1,1406,0.1452599388379205,8892.5,0
S2,1,1407,0.13796240145542754,9058.5,0
S2,1,1408,0.13897662665824384,8737.93021983932,7
S2,1,1409,0.15190691661279895,8425.649999719844,3
S2,1,1410,0.11838006230529595,8961.853497341532,6
S2,1,1411,0.10821133036282622,8743.0,0
S2,1,1412,0.09126466753585398,8754.009823390945,7
S2,1,1413,0.15001704739174906,7931.8,0
S2,1,1414,0.11065006915629322,10140.733583647352,10
S2,1,1415,0.13312202852614896,8704.758755205616,6
S2,1,1416,0.11538461538461539,9768.943577800974,3
S2,1,1417,0.13196009011908594,8574.104309979031,2
S2,1,1418,0.11762700306853051,8095.5,0
S2,1,1419,0.12742718446601942,9111.73013216439,5
S2,1,1420,0.04950495049504951,8469.0,0
S2,1,1421,0.10388839418224993,9464.755069744926,6
S2,1,1422,0.089377793056033,8196.0,0
S2,1,1423,0.11363636363636363,8357.814971292368,5
S2,1,1424,0.10013351134846461,8469.036841625086,5
S2,1,1425,0.12976070104482643,8162.669108061108,3
S2,1,1426,0.14265077645359336,7535.599999721959,2
S2,1,1427,0.16390614216701174,7805.6,0
S2,1,1428,0.1734620886981402,7478.649999523523,3
S2,1,1429,0.14537902388369678,7885.1499995800505,5
S2,1,1430,0.10703363914373089,10142.344354388842,8
S2,1,1431,0.170873786407767,6892.0,0
S2,1,1432,0.11558219178082192,9764.599999896296,2
S2,1,1433,0.11883541295306001,9410.607070466713,10
S2,1,1434,0.12195121951219512,8754.890550869106,5
S2,1,1435,0.10572805139186295,10420.5,0
S2,1,1436,0.08984105044920525,8181.049999950956,1
S2,1,1437,0.13226699477083975,8970.317899831723,8
S2,1,1438,0.1034702324100605,8858.081671983233,9
S2,1,1439,0.0708502024291498,8525.096123632717,8
S2,1,1440,0.050910212897253934,9417.315277168256,7
S2,1,1441,0.06572619429304265,8927.54999993063,1
S2,1,1442,0.037267080745341616,7064.983999833328,2
S2,1,1443,0.1319828115408226,8979.09314491264,4
S2,1,1444,0.14644351464435146,8408.5,0
S2,1,1445,0.13581806696146556,8752.001450405938,7
S2,1,1446,0.14250309789343246,8822.099999856111,2
S2,1,1447,0.1561945331913383,7615.349999879688,1
S2,1,1448,0.13680781758957655,8459.04999994539,1
S2,1,1449,0.16672115070284407,8204.0,0
S2,1,1450,0.17130257801899593,7880.5,0
S2,1,1451,0.13414634146341464,9047.969147368503,7
S2,1,1452,0.1820307281229125,7978.80373519637,4
S2,1,1453,0.13686662783925452,9449.0,0
S2,1,1454,0.1235444476001136,9828.930334899149,7
S2,1,1455,0.1466414380321665,8589.1,0
S2,1,1456,0.17024793388429751,8084.6,0
S2,1,1457,0.14020329477742727,7781.633333292956,1
S2,1,1458,0.16820987654320987,8653.0,0
S2,1,1459,0.12788906009244994,8961.464814759891,1
S2,1,1460,0.1362781954887218,8742.429032200975,1
S2,1,1461,0.12914485165794065,7950.549999902531,1
S2,1,1462,0.15998652745031997,7995.649999634333,3
S2,1,1463,0.09130982367758186,9034.646206575047,5
S2,1,1464,0.10763538513286243,8371.43749966608,5
S2,1,1465,0.15261350629530712,7159.149999543793,3
S2,1,1466,0.13838550247116968,8283.282638837274,1
S2,1,1467,0.13984806629834254,7952.971881141534,4
S2,1,1468,0.1461693548387097,8183.96153795827,6
S2,1,1469,0.11270826527278667,8617.677695628812,5
S2,1,1470,0.117628101836932,8606.0,0
S2,1,1471,0.11533463287849252,8645.257062844012,4
S2,1,1472,0.12929623567921442,8420.172602455581,4
S2,1,1473,0.12586949320967208,8434.016853819174,7
S2,1,1474,0.13580655846306725,8326.049999908333,1
S2,1,1475,0.15217391304347827,9364.599999882343,2
S2,1,1476,0.1786929884275017,7871.9862066700825,3
S2,1,1477,0.17649017649017648,8044.495033063278,1
S2,1,1478,0.1349730053989202,9189.19999972714,4
S2,1,1479,0.1403098509207834,9398.434817503754,6
S2,1,1480,0.14547237659365805,8424.64999965715,3
S2,1,1481,0.12462747222974803,10311.702403234573,9
S2,1,1482,0.14912532262689993,9473.049999842857,1
S2,1,1483,0.17043478260869566,7744.883332774568,6
S2,1,1484,0.13652828085817775,9886.943749748129,4
S2,1,1485,0.16783216783216784,7669.786841668776,4
S2,1,1486,0.13953488372093023,7745.350925406171,7
S2,1,1487,0.10539046302695232,8132.909615136419,3
S2,1,1488,0.13323353293413173,9193.2,0
S2,1,1489,0.15997277059223963,8011.905942433661,5
S2,1,1490,0.16727272727272727,7449.691019354414,7
S2,1,1491,0.17744202389318342,7574.9,0
S2,1,1492,0.1450315910396324,9541.599999915938,2
S2,1,1493,0.1458151064450277,9394.319107887752,6
S2,1,1494,0.16068326577880718,9320.0,0
S2,1,1495,0.1654103852596315,6498.099999556077,5
S2,1,1496,0.16390782213567023,8301.5,0
S2,1,1497,0.18729641693811075,8091.5,0
S2,1,1498,0.14705882352941177,8705.832638762517,2
S2,1,1499,0.14424492198999117,9271.901521511249,4
S2,2,0,0.09279307145066502,9114.086842007799,2
S2,2,1,0.12099522835719155,8079.5,0
S2,2,2,0.0785175879396985,9051.0,0
S2,2,3,0.08755472170106317,9125.610181804735,7
S2,2,4,0.10013131976362442,8542.049999901283,1
S2,2,5,0.09939083039435717,8806.682869445862,5
S2,2,6,0.11392811296534018,8667.0,0
S2,2,7,0.13935810810810811,6539.192514173825,3
S2,2,8,0.10285538839422782,9128.154651123228,1
S2,2,9,0.0880071599045346,9498.85465093873,2
S2,2,10,0.11170212765957446,7910.176520680212,4
S2,2,11,0.0966686496133254,9457.699415110306,2
S2,2,12,0.09261939218523878,9747.5,0
S2,2,13,0.08792846497764531,9500.5,0
S2,2,14,0.11297798377752027,9602.749999849042,2
S2,2,15,0.08990719257540604,9804.469922424118,8
S2,2,16,0.09194673430564362,8978.30833298254,5
S2,2,17,0.08435802116099514,9963.799999592327,6
S2,2,18,0.10377942998760843,9099.452380572753,6
S2,2,19,0.11114690721649484,8635.599999869668,2
S2,2,20,0.11728028503562946,9365.76086927794,4
S2,2,21,0.11205976520811099,7831.4,0
S2,2,22,0.12680577849117175,8602.501588595582,6
S2,2,23,0.08341511285574092,8736.283817559968,4
S2,2,24,0.09806973848069739,9006.0,0
S2,2,25,0.10416666666666667,8756.497457428735,3
S2,2,26,0.08828996282527882,9192.720997421995,7
S2,2,27,0.082687338501292,10969.272042914115,2
S2,2,28,0.10697538100820633,9550.59999989742,2
S2,2,29,0.11799929552659387,7928.99999967582,4
S2,2,30,0.09023024268823895,9142.767646255637,6
S2,2,31,0.08471965495995071,9184.0,0
S2,2,32,0.09584145549057829,8638.4,0
S2,2,33,0.08596436386370741,9126.57608679825,2
S2,2,34,0.09098786828422877,9745.4,0
S2,2,35,0.09922041105598867,7957.149999787471,3
S2,2,36,0.12267657992565056,7415.24999846,1
S2,2,37,0.13558614935335836,6547.4,0
S2,2,38,0.09315657470440702,7893.249999521364,5
S2,2,39,0.09180120291231403,8934.543463704367,5
S2,2,40,0.10277324632952692,8606.549999939843,1
S2,2,41,0.09833841980332315,8259.9,0
S2,2,42,0.12706270627062707,8363.649999785901,3
S2,2,43,0.12203166226912929,8356.0,0
S2,2,44,0.09674582233948989,9669.469273748107,5
S2,2,45,0.11542497376705142,7909.0,0
S2,2,46,0.10556621880998081,8760.54999992451,1
S2,2,47,0.1184990125082291,8459.762499805345,3
S2,2,48,0.08303140096618357,9393.0,0
S2,2,49,0.12265758091993186,8119.549999936364,1
S2,2,50,0.10582010582010581,8499.779943304238,3
S2,2,51,0.10204081632653061,8393.099682176708,3
S2,2,52,0.09039900249376559,9086.518894225464,4
S2,2,53,0.10175634234736548,10063.099999898688,2
S2,2,54,0.10158350761876307,9441.364285194199,6
S2,2,55,0.10315533980582524,9224.049999928704,1
S2,2,56,0.11904761904761904,7820.832751608189,5
S2,2,57,0.10529674537332483,8769.549999851923,1
S2,2,58,0.103125,8976.199999918084,1
S2,2,59,0.10049365303244005,7984.5,0
S2,2,60,0.08011772400261609,8731.353845982418,3
S2,2,61,0.11166253101736973,8947.762686511845,1
S2,2,62,0.09276437847866419,9135.326190245347,4
S2,2,63,0.12358757062146893,7847.240186793442,2
S2,2,64,0.11122518822724162,8100.5,0
S2,2,65,0.1135656502800249,8961.9,0
S2,2,66,0.09663445518160613,8532.016655827927,6
S2,2,67,0.11461318051575932,8750.429943262496,3
S2,2,68,0.1309880239520958,7386.941889072184,7
S2,2,69,0.10996807378503015,7877.975315173241,6
S2,2,70,0.12407407407407407,7457.633264403827,4
S2,2,71,0.10747354497354497,8470.51153829243,3
S2,2,72,0.08293838862559241,8381.5,0
S2,2,73,0.11009485094850949,8305.17098994537,5
S2,2,74,0.11880856760374833,8305.564942169613,4
S2,2,75,0.09800718719372754,8594.0,0
S2,2,76,0.12363122571529495,7796.5,0
S2,2,77,0.08436275986742994,9445.56524365945,3
S2,2,78,0.10645604395604395,8126.5,0
S2,2,79,0.1434583014537108,7121.8,0
S2,2,80,0.09399855386840203,7845.6222886645755,5
S2,2,81,0.1060500695410292,8126.0645825083075,9
S2,2,82,0.11248073959938366,9061.0,0
S2,2,83,0.11559696342305038,8085.5,0
S2,2,84,0.12026239067055394,7638.473325084352,5
S2,2,85,0.11384335154826958,9121.5,0
S2,2,86,0.08774373259052924,10176.843985412943,6
S2,2,87,0.10885082084225553,7839.0,0
S2,2,88,0.13489208633093525,7612.549999926667,1
S2,2,89,0.10328775094559209,9624.549999910465,1
S2,2,90,0.11266747868453106,9145.0,0
S2,2,91,0.10462717359269083,9489.5,0
S2,2,92,0.11480466072652502,8132.549999946528,1
S2,2,93,0.09713090257023312,9397.049999956984,1
S2,2,94,0.14045968624589567,7444.3,0
S2,2,95,0.1255748142907676,7820.3,0
S2,2,96,0.0785175879396985,9090.297711369549,4
S2,2,97,0.1131928181108509,7166.006443869644,2
S2,2,98,0.11220996576645112,7429.72688052635,10
S2,2,99,0.11893124796350603,8517.357692106742,3
S2,2,100,0.10086455331412104,8761.0,0
S2,2,101,0.08251748251748252,10168.549999957459,1
S2,2,102,0.11078042328042328,8409.160869509906,1
S2,2,103,0.13993316624895571,6551.935294011073,1
S2,2,104,0.10529891304347826,8267.199999170432,4
S2,2,105,0.11072928598701795,7298.649999926667,1
S2,2,106,0.10416666666666667,9674.5,0
S2,2,107,0.08032128514056225,9243.049999932457,1
S2,2,108,0.13403880070546736,7827.515708365926,8
S2,2,109,0.1,9282.14999983547,3
S2,2,110,0.14411529223378702,6797.1,0
S2,2,111,0.10538261997405966,8675.548894314477,6
S2,2,112,0.11202495745887692,9864.859947829464,8
S2,2,113,0.13893429225237006,8327.0,0
S2,2,114,0.11779184247538678,7960.01495955135,4
S2,2,115,0.13439218081857054,9021.937036836222,3
S2,2,116,0.11599133931333128,9002.056328951807,2
S2,2,117,0.11153000314169023,8886.599999845861,2
S2,2,118,0.1311425987337956,9197.712142566123,8
S2,2,119,0.1286422814631122,8865.0,0
S2,2,120,0.11581614187477379,7681.449999936885,1
S2,2,121,0.10539763653784734,8859.815624543637,7
S2,2,122,0.11434511434511435,8096.870833001624,4
S2,2,123,0.10766961651917405,9472.5,0
S2,2,124,0.11508951406649616,8693.249999848176,2
S2,2,125,0.12577685705830127,9287.0,0
S2,2,126,0.11777301927194861,7750.049999904938,1
S2,2,127,0.1180186170212766,8371.364387430403,4
S2,2,128,0.14559528197567267,7413.299999768662,2
S2,2,129,0.10255601136005049,8973.149999308927,7
S2,2,130,0.1183159188690842,9067.674126430906,5
S2,2,131,0.11557788944723618,8342.818811446561,4
S2,2,132,0.1074793875147232,9496.0,0
S2,2,133,0.14429312581063553,8380.5,0
S2,2,134,0.09065332916536417,9084.66666631431,5
S2,2,135,0.10474631751227496,8558.099999861068,2
S2,2,136,0.11025726695623121,8337.0,0
S2,2,137,0.13694054776219106,8216.799999784585,3
S2,2,138,0.10942515319521447,9646.217070931416,8
S2,2,139,0.1054713249835201,8531.117999529826,4
S2,2,140,0.14525726286314317,7770.049999898684,1
S2,2,141,0.12233375156838143,8849.61478460765,5
S2,2,142,0.1133419689119171,8684.689451053677,10
S2,2,143,0.12910085054678008,9104.612820181648,4
S2,2,144,0.10465901417960838,8319.049999949006,1
S2,2,145,0.1365255243371587,6977.220798872276,5
S2,2,146,0.1319974554707379,8646.5,0
S2,2,147,0.14547237659365805,8316.5,0
S2,2,148,0.14705882352941177,7485.4466659719865,8
S2,2,149,0.13190954773869346,8772.0,0
S2,2,150,0.12682308180088775,8734.743463659885,5
S2,2,151,0.11439466158245949,8851.164999352242,9
S2,2,152,0.12606417812704648,8422.5,0
S2,2,153,0.12729616500161134,8573.888843617378,3
S2,2,154,0.1368319381841597,8582.933439145405,5
S2,2,155,0.15306122448979592,7424.5,0
S2,2,156,0.12020792722547108,8567.74999995674,1
S2,2,157,0.10381679389312977,9264.121004072535,8
S2,2,158,0.1007994438651373,8137.889505847616,6
S2,2,159,0.11225444340505145,8921.799999568873,3
S2,2,160,0.10879284649776454,9418.28620663071,3
S2,2,161,0.1078699483439684,9197.049999934745,1
S2,2,162,0.11499540018399264,9082.799999901283,1
S2,2,163,0.16918789808917198,6746.5,0
S2,2,164,0.10438056125941136,8190.999999615857,4
S2,2,165,0.115,8428.123817750766,8
S2,2,166,0.11868533171028606,9091.0,0
S2,2,167,0.09643201542912247,8830.449332719774,6
S2,2,168,0.10087862024080703,8701.9,0
S2,2,169,0.11237733459955682,8833.122042672525,5
S2,2,170,0.15381460213289583,6650.688561707712,4
S2,2,171,0.11693952555963916,8325.26111071896,5
S2,2,172,0.10892480674631061,7953.898957938291,4
S2,2,173,0.10546378653113088,8819.3,0
S2,2,174,0.15609595793624712,8216.363803497692,2
S2,2,175,0.11942174732872407,8841.365103915057,4
S2,2,176,0.13651877133105803,7988.0,0
S2,2,177,0.11694058154235146,8791.194736601488,2
S2,2,178,0.1504297994269341,7598.799999761354,3
S2,2,179,0.10775168864586684,8690.549999902532,1
S2,2,180,0.12162612462512495,8320.9835812808,4
S2,2,181,0.07954922108054359,8625.554310287032,1
S2,2,182,0.13754045307443366,8458.09999985824,2
S2,2,183,0.12252591894439209,8859.523685872606,8
S2,2,184,0.15413279132791327,8037.881817764836,4
S2,2,185,0.11234177215189874,8845.121401959175,5
S2,2,186,0.10826471485208905,9200.249999727064,3
S2,2,187,0.07678933642422486,9931.404544867297,8
S2,2,188,0.10467233009708737,9336.09828838315,11
S2,2,189,0.1005100510051005,9423.337603359068,5
S2,2,190,0.10715652506697283,7300.949999725,1
S2,2,191,0.08883624518803672,9628.63888856683,5
S2,2,192,0.18406236466002598,6128.927875655883,3
S2,2,193,0.12858192505510654,7524.8,0
S2,2,194,0.12106184364060676,9523.612686061768,4
S2,2,195,0.12588766946417043,8595.802263815176,4
S2,2,196,0.11163522012578617,8896.0,0
S2,2,197,0.11748909029875797,8313.849304152685,5
S2,2,198,0.12928022361984626,7927.59999988254,2
S2,2,199,0.14081931236283834,7469.049999929358,1
S2,2,200,0.14917127071823205,7418.6499998876125,2
S2,2,201,0.15221238938053097,7732.449999785926,3
S2,2,202,0.18155854753161974,6566.0499996868575,3
S2,2,203,0.14304505097007564,8291.080132341925,2
S2,2,204,0.15302491103202848,7631.0,0
S2,2,205,0.15074525745257453,8037.456249872752,2
S2,2,206,0.1347517730496454,7798.9499999384,1
S2,2,207,0.12319316688567675,8483.5,0
S2,2,208,0.1141826923076923,9389.04640367265,6
S2,2,209,0.15285996055226825,8231.449999936363,1
S2,2,210,0.14368743945753956,8443.707746270247,3
S2,2,211,0.14014325755216445,8793.383332385261,5
S2,2,212,0.14633344294639922,8251.5,0
S2,2,213,0.156855151045701,6958.549999923,1
S2,2,214,0.14969029593943564,7891.5,0
S2,2,215,0.15233581584292485,8016.549999894521,1
S2,2,216,0.15806111696522657,7720.5,0
S2,2,217,0.16526138279932545,7955.6,0
S2,2,218,0.1445177505497958,8650.9,0
S2,2,219,0.14143094841930118,8234.09202876365,3
S2,2,220,0.143107476635514,9326.0,0
S2,2,221,0.14772727272727273,8345.9,0
S2,2,222,0.12974051896207583,9641.5,0
S2,2,223,0.13025737602008788,8756.0,0
S2,2,224,0.12161699212058924,8144.091410612517,6
S2,2,225,0.10064824292050495,8271.129319779193,8
S2,2,226,0.1317042208822596,8638.5,0
S2,2,227,0.10852950168144299,9193.903091666896,5
S2,2,228,0.13824057450628366,7588.7,0
S2,2,229,0.13400335008375208,8236.5,0
S2,2,230,0.08149959250203749,10458.0,0
S2,2,231,0.13064516129032258,8561.649999740395,3
S2,2,232,0.1438953488372093,9369.099999861133,2
S2,2,233,0.07127583749109052,8022.599999532735,2
S2,2,234,0.09247648902821316,9048.699999630406,4
S2,2,235,0.13068567549219282,8120.9,0
S2,2,236,0.11685883452789031,8966.6,0
S2,2,237,0.15840916750926862,8027.662213315676,5
S2,2,238,0.09924812030075188,9339.599999797647,2
S2,2,239,0.09642744230161239,8914.003065284005,4
S2,2,240,0.10766580534022395,9760.99404268014,6
S2,2,241,0.10810810810810811,8277.14999972163,3
S2,2,242,0.13568718996206594,9412.549999929357,1
S2,2,243,0.15444733903982136,7259.149415164916,1
S2,2,244,0.13869625520110956,7861.4,0
S2,2,245,0.11533242876526459,8248.762818592024,8
S2,2,246,0.15648567119155354,7153.4,0
S2,2,247,0.15848670756646216,7937.5927478534295,4
S2,2,248,0.1011137162954279,9652.209820732698,6
S2,2,249,0.12138188608776844,8894.0,0
S2,2,250,0.1070460704607046,10359.099999883769,2
S2,2,251,0.1812250815512867,7301.0,0
S2,2,252,0.13176387912860155,7862.014285464783,3
S2,2,253,0.11374876360039565,8568.685697607747,15
S2,2,254,0.1512687052700065,8397.549999731982,3
S2,2,255,0.13920733704552898,8378.849999733884,4
S2,2,256,0.16441359152356594,7358.049999956494,1
S2,2,257,0.1516258677383997,7443.730487662072,2
S2,2,258,0.1598173515981735,8285.2,0
S2,2,259,0.15161957270847692,7859.887110776064,4
S2,2,260,0.13931362555215765,8096.74999984031,2
S2,2,261,0.1445578231292517,8054.479629576817,1
S2,2,262,0.15465669612508498,7964.5,0
S2,2,263,0.11828320378506252,8242.799999870049,2
S2,2,264,0.16134751773049646,7659.021323144616,4
S2,2,265,0.1349279362158847,8955.530132406091,1
S2,2,266,0.148781259892371,8627.307074843418,3
S2,2,267,0.12539184952978055,8874.151549747297,4
S2,2,268,0.15121302758391492,8205.899999862979,2
S2,2,269,0.14927876551492789,8134.08076888216,5
S2,2,270,0.1050964583933199,9834.635476140758,10
S2,2,271,0.12336039975015615,8941.22671151821,5
S2,2,272,0.14387326220497898,8501.823728310012,4
S2,2,273,0.14904679376083188,7817.5,0
S2,2,274,0.1294820717131474,8360.356309231445,6
S2,2,275,0.1464226289517471,8203.2,0
S2,2,276,0.13044861597200128,8746.685818160258,5
S2,2,277,0.13837064676616914,8822.12972954184,3
S2,2,278,0.1305446378439079,9771.0,0
S2,2,279,0.1419812842852533,8584.082076237084,6
S2,2,280,0.1371374527112232,8750.59843708063,4
S2,2,281,0.14617095646647602,8541.0,0
S2,2,282,0.16909932360270558,7574.162812679236,3
S2,2,283,0.12394366197183099,9790.549999960309,1
S2,2,284,0.14354066985645933,8519.4,0
S2,2,285,0.1458198314970836,8435.0,0
S2,2,286,0.13376383763837638,9026.598957751987,7
S2,2,287,0.11340505961035184,9602.149382479194,4
S2,2,288,0.11234225915666358,9066.0,0
S2,2,289,0.13532513181019332,7818.649999828889,1
S2,2,290,0.1493288590604027,8119.408268803591,3
S2,2,291,0.1314523885860853,8626.259826221096,3
S2,2,292,0.13495456974879744,10285.649999827478,3
S2,2,293,0.13051885272317112,8565.09444425432,1
S2,2,294,0.18033946251768035,7518.0,0
S2,2,295,0.13897564022485948,8798.433783521737,4
S2,2,296,0.1509797622871828,8484.599999852831,2
S2,2,297,0.15805070793546264,8225.099999844113,2
S2,2,298,0.12945476698141944,9040.049999922223,1
S2,2,299,0.125,9446.149999828298,3
S2,2,300,0.1536222509702458,8386.541891448138,5
S2,2,301,0.15300738656348928,7775.344117060348,5
S2,2,302,0.09686038744154976,8449.699999563349,4
S2,2,303,0.13503649635036497,7548.8,0
S2,2,304,0.12213976499690786,8961.249999897991,2
S2,2,305,0.14911167512690354,8592.249999786263,2
S2,2,306,0.13423878711307644,8723.02988479594,3
S2,2,307,0.12437074326325141,9340.199999756114,4
S2,2,308,0.13114148503878834,7472.199999630341,4
S2,2,309,0.09771497294046903,9419.981409668882,7
S2,2,310,0.1430084745762712,7750.94999993,1
S2,2,311,0.14736120630568883,7960.5,0
S2,2,312,0.13509316770186336,8891.710975425598,3
S2,2,313,0.1348578129580768,9400.033830683735,3
S2,2,314,0.18889308651303363,6981.549999857408,1
S2,2,315,0.13932427725531174,7918.699999659065,4
S2,2,316,0.19563581640331076,6983.1,0
S2,2,317,0.14996704021094265,8299.388984520787,6
S2,2,318,0.15997156061144685,7657.544603342671,7
S2,2,319,0.12835304297663686,9646.322301850241,10
S2,2,320,0.15269765863590093,7992.382638669167,3
S2,2,321,0.11729790842283776,9838.0,0
S2,2,322,0.1332706177485105,8827.604351546695,5
S2,2,323,0.12884978001257072,8803.599999860402,2
S2,2,324,0.13343328335832083,9260.08995029603,10
S2,2,325,0.16344725111441308,7306.737669230161,6
S2,2,326,0.13833384568090992,8932.002144794385,6
S2,2,327,0.1386001386001386,8022.687685916987,8
S2,2,328,0.16182849516182848,8059.820652050762,2
S2,2,329,0.14951211835064526,8672.549999922223,1
S2,2,330,0.13768564356435645,8899.886797258412,3
S2,2,331,0.14308681672025725,8492.5,0
S2,2,332,0.11730769230769231,7285.644443502018,10
S2,2,333,0.11641971575446024,9221.617350171427,3
S2,2,334,0.12201963534361851,9872.599999888595,2
S2,2,335,0.15350056158742045,7284.418320121018,5
S2,2,336,0.1487778958554729,7689.0,0
S2,2,337,0.1391216895742541,8271.718158547212,6
S2,2,338,0.14933058702368693,8006.770651899865,4
S2,2,339,0.11024468943264318,10470.653356906718,5
S2,2,340,0.14122273864855203,7626.1,0
S2,2,341,0.14293964770430262,9438.599999863674,2
S2,2,342,0.14452644526445266,8868.59999964845,2
S2,2,343,0.1407337128399747,8684.975155857528,7
S2,2,344,0.15011890606420927,9178.795474816769,6
S2,2,345,0.1438825448613377,8414.499999840311,2
S2,2,346,0.16359593392630242,8425.549999925242,1
S2,2,347,0.16829533116178066,7404.9,0
S2,2,348,0.1319305277221109,8231.549999935833,1
S2,2,349,0.10423905489923559,8093.329999780347,2
S2,2,350,0.12836568566061365,8812.624903039361,4
S2,2,351,0.1300887664524028,9001.179213006633,4
S2,2,352,0.10133974579182412,8221.699999691502,4
S2,2,353,0.11722020653084007,9943.622042820823,3
S2,2,354,0.095952023988006,9415.549999875806,1
S2,2,355,0.09792843691148775,7512.906106433573,4
S2,2,356,0.1210762331838565,9247.549999930001,1
S2,2,357,0.1077331759149941,9498.273014697344,5
S2,2,358,0.15258592997108897,8438.049999949342,1
S2,2,359,0.16300731869594146,8094.0,0
S2,2,360,0.1157167530224525,8116.796731422027,8
S2,2,361,0.13250319284802042,8618.549999871666,1
S2,2,362,0.13543307086614173,8718.233640683298,3
S2,2,363,0.11879049676025918,9104.299862315429,9
S2,2,364,0.14377537212449257,8045.5,0
S2,2,365,0.13693940431359122,8041.943112525272,3
S2,2,366,0.14966401954795358,8898.849999777003,3
S2,2,367,0.12093291102792975,9615.549999935833,1
S2,2,368,0.13922310072189756,7929.949999954438,1
S2,2,369,0.1135626216742375,8577.0,0
S2,2,370,0.16033057851239668,8201.649999500642,3
S2,2,371,0.14273719563392107,9753.0,0
S2,2,372,0.11405445180279618,7628.5,0
S2,2,373,0.16260162601626016,8320.933333032974,4
S2,2,374,0.17437845303867403,7724.5,0
S2,2,375,0.10656934306569343,9698.793251801317,5
S2,2,376,0.17804154302670624,7213.3499996576875,4
S2,2,377,0.13986013986013987,7093.815161546373,5
S2,2,378,0.16151685393258428,7702.89999963493,3
S2,2,379,0.15216672179953689,8246.252253839832,8
S2,2,380,0.14831804281345565,8921.905132073056,5
S2,2,381,0.14940239043824702,8277.082805991224,10
S2,2,382,0.13992537313432835,8875.973960280531,4
S2,2,383,0.11637572734829593,10083.676507391048,6
S2,2,384,0.15309672929714682,7820.739472939273,5
S2,2,385,0.16630059617194853,8536.049999908333,1
S2,2,386,0.1401107852720756,8464.138888562502,4
S2,2,387,0.15692977004350528,8734.196114584744,3
S2,2,388,0.10224606101240362,8378.0,0
S2,2,389,0.12677798392084105,9026.632771158671,10
S2,2,390,0.10978670012547051,8907.312345632949,1
S2,2,391,0.11070780399274047,7785.386961232966,9
S2,2,392,0.11349878934624698,9204.688888314762,4
S2,2,393,0.10304521685635189,9224.178974163216,12
S2,2,394,0.13721552878179386,8239.54587373441,4
S2,2,395,0.19813084112149532,6978.4,0
S2,2,396,0.12004628290425225,9600.5,0
S2,2,397,0.11217948717948718,8723.508904009164,2
S2,2,398,0.12627040344933785,9019.59999957923,6
S2,2,399,0.18359375,6834.419230649741,2
S2,2,400,0.15530903328050713,8557.5,0
S2,2,401,0.11941687344913152,9049.575123166587,10
S2,2,402,0.1437103396789847,7366.94999957056,4
S2,2,403,0.1413108839446783,9133.499992206105,2
S2,2,404,0.10866684336072091,10555.308936747946,3
S2,2,405,0.07011686143572621,8693.922649099322,7
S2,2,406,0.12874779541446207,7852.299999736995,3
S2,2,407,0.10258997645475951,8387.549999703846,1
S2,2,408,0.11030478955007257,9673.499382194384,6
S2,2,409,0.18980667838312829,7507.5499998625,1
S2,2,410,0.15483002356109055,8030.5999998534235,2
S2,2,411,0.11502516175413371,7748.174691156559,3
S2,2,412,0.14008277618592804,8601.49528786393,2
S2,2,413,0.17337031900138697,7698.0,0
S2,2,414,0.15858493443122904,8848.5,0
S2,2,415,0.13781512605042018,8134.1,0
S2,2,416,0.16407307171853858,7916.5,0
S2,2,417,0.12891027844620145,8002.6,0
S2,2,418,0.12596899224806202,8557.64999987212,3
S2,2,419,0.12850467289719625,8275.283333122172,3
S2,2,420,0.15081967213114755,8288.354650777672,5
S2,2,421,0.12738853503184713,9082.999390371018,2
S2,2,422,0.1490066225165563,7371.6,0
S2,2,423,0.12848984771573604,8651.7,0
S2,2,424,0.13771186440677965,7759.9,0
S2,2,425,0.15512736773350752,8288.0,0
S2,2,426,0.15783021759117377,8773.5,0
S2,2,427,0.10229276895943562,7951.5,0
S2,2,428,0.13602097672894134,8371.5,0
S2,2,429,0.09875108916642462,9683.666442596696,5
S2,2,430,0.13644859813084112,7346.139904198475,5
S2,2,431,0.13963161021984552,9215.649999734633,3
S2,2,432,0.1056985294117647,6177.413035376637,5
S2,2,433,0.12013910844135314,8763.0,0
S2,2,434,0.16074450084602368,7965.8,0
S2,2,435,0.13663806800127104,8669.333332942313,5
S2,2,436,0.1323685139428168,7786.3569339074475,4
S2,2,437,0.11376404494382023,9971.614170877927,7
S2,2,438,0.1401541695865452,7818.749999884188,2
S2,2,439,0.11410459587955626,8822.799999534021,6
S2,2,440,0.07745010425975574,9578.743187856284,4
S2,2,441,0.1430274135876043,6875.938888776367,1
S2,2,442,0.1104053236539625,9220.5,0
S2,2,443,0.1182628925940287,7222.919117045601,6
S2,2,444,0.10097822656989587,8908.599999827016,2
S2,2,445,0.11251980982567353,8766.0,0
S2,2,446,0.10712217718587146,9693.097059058384,6
S2,2,447,0.11185006045949214,9233.5,0
S2,2,448,0.15304406323578876,8109.149999809764,2
S2,2,449,0.1717967072297781,7482.099999855141,2
S2,2,450,0.13783269961977188,8755.682491547746,8
S2,2,451,0.16427432216905902,8489.024044894435,7
S2,2,452,0.1810477657935285,6948.6499996685125,3
S2,2,453,0.14634146341463414,7404.448829006433,11
S2,2,454,0.16168771173390822,8790.023189741276,2
S2,2,455,0.17540812782216048,7699.149999797369,1
S2,2,456,0.14546684709066307,8073.109291970271,1
S2,2,457,0.1388888888888889,8983.0,0
S2,2,458,0.15881326352530542,7782.362499647078,4
S2,2,459,0.13197360527894422,9230.55776992863,5
S2,2,460,0.10723373318793167,7720.699999523854,4
S2,2,461,0.1632996632996633,8015.0,0
S2,2,462,0.16666666666666666,7071.549999944203,1
S2,2,463,0.06375518010838381,9035.049999929357,1
S2,2,464,0.11560693641618497,9149.674963997148,4
S2,2,465,0.1056338028169014,8727.049999953615,1
S2,2,466,0.11120739456961294,9652.0,0
S2,2,467,0.11706175007316359,9550.510121342897,3
S2,2,468,0.1362862010221465,8114.0888642584805,6
S2,2,469,0.15569027280242492,9848.599999870656,3
S2,2,470,0.1470168427062518,9586.914285465451,4
S2,2,471,0.1524693404043752,8214.099999868115,2
S2,2,472,0.15564826700898587,8453.349999929358,1
S2,2,473,0.18644675510935818,7348.5,0
S2,2,474,0.1082598235765838,10550.952072281649,5
S2,2,475,0.15620167027528611,8760.173333090524,4
S2,2,476,0.15101228011948226,8174.451971218014,4
S2,2,477,0.18109380659181457,7319.549999908333,1
S2,2,478,0.16934656175162505,7791.5,0
S2,2,479,0.13588736083824493,8438.283790501057,8
S2,2,480,0.10854816824966079,8273.003845827616,4
S2,2,481,0.1041046995835812,9450.97649357145,6
S2,2,482,0.10768241722918676,8772.492240417105,8
S2,2,483,0.12694512694512694,6791.249707285964,4
S2,2,484,0.12866449511400652,8470.849382431512,5
S2,2,485,0.1510177281680893,8282.6,0
S2,2,486,0.1555891238670695,8947.5,0
S2,2,487,0.12477718360071301,7847.579769831726,7
S2,2,488,0.1507537688442211,8641.349999799455,3
S2,2,489,0.09922480620155039,9129.026608564904,5
S2,2,490,0.1419610432485969,8268.549999943796,1
S2,2,491,0.1543859649122807,7704.5,0
S2,2,492,0.11147936125338957,9301.315179956524,6
S2,2,493,0.11420059582919563,8521.635726981141,10
S2,2,494,0.12859767299448868,8985.0,0
S2,2,495,0.12261146496815287,8663.6,0
S2,2,496,0.11366948411541825,9538.549999954706,1
S2,2,497,0.08326029798422437,9764.84431294417,6
S2,2,498,0.10466507177033493,9416.573683975981,3
S2,2,499,0.14040561622464898,8808.956451456814,3
S2,2,500,0.16864343958487768,7247.931446370211,2
S2,2,501,0.15465511908444168,8768.499999863981,2
S2,2,502,0.1158894163641441,9950.5,0
S2,2,503,0.15678842177808408,7920.699999285007,4
S2,2,504,0.13802816901408452,9709.5,0
S2,2,505,0.12521588946459414,9664.399998576413,5
S2,2,506,0.12683823529411764,7523.599999613113,2
S2,2,507,0.14246947082767977,8116.911114374916,9
S2,2,508,0.17895644674428632,6186.6874996310835,3
S2,2,509,0.15869905956112854,6946.749999565929,5
S2,2,510,0.11434511434511435,9349.0,0
S2,2,511,0.10326449033977349,8446.4,0
S2,2,512,0.12900217594031707,8862.549999879688,1
S2,2,513,0.09013137794072716,9221.5,0
S2,2,514,0.12667660208643816,7432.987499857891,2
S2,2,515,0.1471529110684581,8582.448147622106,7
S2,2,516,0.10134721371708512,9263.1614579381,6
S2,2,517,0.11973180076628352,8723.056184476276,3
S2,2,518,0.15264586160108548,8007.1,0
S2,2,519,0.13426914861153494,8991.0,0
S2,2,520,0.11920529801324503,8452.0,0
S2,2,521,0.136226034308779,8249.118805076716,7
S2,2,522,0.14983008958912572,8792.549999923,1
S2,2,523,0.12106537530266344,9196.221364709296,6
S2,2,524,0.16729906864436012,7830.549999913483,1
S2,2,525,0.13576779026217228,8816.942571566691,7
S2,2,526,0.145368492224476,8079.7,0
S2,2,527,0.10248901903367497,7727.56885216401,4
S2,2,528,0.16106043329532496,9486.963043300195,3
S2,2,529,0.17562346329469616,7610.3,0
S2,2,530,0.13987043580683156,9248.5,0
S2,2,531,0.09867301803334468,8320.474566213616,7
S2,2,532,0.085995085995086,9263.373728648075,3
S2,2,533,0.10024676125848242,9060.5,0
S2,2,534,0.07673034763545256,9117.784831190498,3
S2,2,535,0.15358361774744028,8802.790835935368,8
S2,2,536,0.14434373950990265,8144.478666823497,5
S2,2,537,0.11887863733144073,7873.149999402656,5
S2,2,538,0.15406664278036547,7582.045651980613,3
S2,2,539,0.13324666883327918,8443.4,0
S2,2,540,0.10977337110481586,7862.5,0
S2,2,541,0.1707872478854912,8231.5,0
S2,2,542,0.17585390598579642,7930.066870842541,5
S2,2,543,0.15271289974847288,7599.099999623684,2
S2,2,544,0.14071294559099437,8748.048601191327,6
S2,2,545,0.08869512928442573,9437.618986899546,7
S2,2,546,0.0943126607602172,9822.0,0
S2,2,547,0.0804953560371517,9214.0,0
S2,2,548,0.11786600496277916,8991.29999987094,2
S2,2,549,0.11642949547218628,8628.16874973279,3
S2,2,550,0.13573938038965186,8588.337704812497,1
S2,2,551,0.12691946098401755,8832.5,0
S2,2,552,0.14905597880092747,8210.447137126079,4
S2,2,553,0.15211378901619912,6971.864941989102,7
S2,2,554,0.14715608465608465,8233.099999848202,2
S2,2,555,0.133630289532294,8670.349999268003,5
S2,2,556,0.11166253101736973,9082.546205799024,12
S2,2,557,0.1283637488400866,8951.235624154791,4
S2,2,558,0.17928286852589642,7391.899999514919,5
S2,2,559,0.15627878415719987,8803.1,0
S2,2,560,0.12916383412644458,8155.091032136848,5
S2,2,561,0.10582010582010581,9015.429411468103,5
S2,2,562,0.08845126835781042,8503.649994119995,6
S2,2,563,0.091324200913242,8664.549999928704,1
S2,2,564,0.11557177615571776,9151.779943341617,3
S2,2,565,0.1206140350877193,8848.800735117662,3
S2,2,566,0.14374090247452692,7556.59999990114,2
S2,2,567,0.1547049441786284,8508.8,0
S2,2,568,0.14267185473411154,8396.907992100676,3
S2,2,569,0.08830022075055188,7782.567038591253,5
S2,2,570,0.15577889447236182,8099.149382337081,5
S2,2,571,0.10267857142857142,9494.014400196642,5
S2,2,572,0.15770840038622466,8369.5,0
S2,2,573,0.18655097613882862,6175.074999755826,3
S2,2,574,0.16666666666666666,7762.149999809532,3
S2,2,575,0.180630284396618,6902.649999791159,3
S2,2,576,0.16364902506963788,7792.320833008427,4
S2,2,577,0.1331893448524118,7651.499999516948,4
S2,2,578,0.1538207079060536,8219.106306181586,2
S2,2,579,0.1608325449385052,8552.1,0
S2,2,580,0.140117994100295,9303.44357780423,3
S2,2,581,0.19340159271899887,6961.789658719274,2
S2,2,582,0.10078387458006718,10117.212820083327,4
S2,2,583,0.15466983938132065,9061.4,0
S2,2,584,0.1558219178082192,7926.499999892636,2
S2,2,585,0.11863334387851945,8842.571127774574,5
S2,2,586,0.12687813021702837,8275.6,0
S2,2,587,0.12146566647432198,9600.4,0
S2,2,588,0.14021774991751898,8248.5,0
S2,2,589,0.07013757755597518,10638.024561090591,4
S2,2,590,0.12841091492776885,8694.018936529563,12
S2,2,591,0.170333569907736,7521.199999816388,2
S2,2,592,0.11996572407883462,9701.0,0
S2,2,593,0.1154068090017311,9707.953167203206,4
S2,2,594,0.14581213970837573,8042.549999877778,1
S2,2,595,0.135,8239.055071469693,3
S2,2,596,0.12206874397687119,8651.049999804576,3
S2,2,597,0.1116584564860427,8594.438169839164,11
S2,2,598,0.11374715632109197,8580.640425493137,1
S2,2,599,0.15047829286239883,7464.01643560621,7
S2,2,600,0.14502094747019015,8466.5,0
S2,2,601,0.138801261829653,8699.0,0
S2,2,602,0.1437371663244353,8082.677673100221,12
S2,2,603,0.1717171717171717,6660.449999747344,2
S2,2,604,0.1141552511415525,9804.94243550963,5
S2,2,605,0.12726638772663879,7968.600424863715,4
S2,2,606,0.09582155199497329,9023.693420819513,4
S2,2,607,0.12099776619508563,7453.0,0
S2,2,608,0.11669658886894076,7755.5,0
S2,2,609,0.10369858278603526,8213.620144850205,13
S2,2,610,0.12459016393442623,8467.29791655351,2
S2,2,611,0.17474879860200962,6150.219999793637,2
S2,2,612,0.18481717011128776,6630.1,0
S2,2,613,0.09801136363636363,9991.232957012333,8
S2,2,614,0.1254355400696864,7944.6,0
S2,2,615,0.1376881203970541,8548.0,0
S2,2,616,0.15151515151515152,8194.358903947343,3
S2,2,617,0.13580655846306725,8274.049999913483,1
S2,2,618,0.13775231860338244,10072.599999841947,2
S2,2,619,0.12132604237867396,8102.853845936846,3
S2,2,620,0.11050560096881623,9206.0,0
S2,2,621,0.13790783720147998,8175.349999916304,1
S2,2,622,0.14540337711069418,8736.945097818667,4
S2,2,623,0.10358688930117502,9051.326995272408,1
S2,2,624,0.14445955132562882,8033.599999865604,2
S2,2,625,0.10912698412698413,8435.14999954805,3
S2,2,626,0.10060007059654077,8004.54999960991,6
S2,2,627,0.123094958968347,9412.924999920046,2
S2,2,628,0.10972222222222222,10162.264092549296,11
S2,2,629,0.07479224376731301,10307.099999898253,2
S2,2,630,0.1092896174863388,7682.299999804984,3
S2,2,631,0.07783543365455893,7679.775246890551,3
S2,2,632,0.08078088185796028,8545.974999559194,6
S2,2,633,0.1595400646784046,7492.6,0
S2,2,634,0.14727540500736377,9261.099999849797,2
S2,2,635,0.16684045881126172,7722.199999906097,1
S2,2,636,0.14910536779324055,8195.0,0
S2,2,637,0.14263803680981596,8886.599999855882,2
S2,2,638,0.14661779406864378,8210.199999918084,1
S2,2,639,0.1277258566978193,8985.88629742209,8
S2,2,640,0.15914655473941938,7773.349999825462,2
S2,2,641,0.15393386545039908,9524.355555393848,4
S2,2,642,0.16046681254558717,7424.449999925243,1
S2,2,643,0.127960794990471,10184.179729513626,4
S2,2,644,0.11935953420669577,9612.451545906946,7
S2,2,645,0.13187429854096522,9908.370698224478,12
S2,2,646,0.16219794769943727,8128.0,0
S2,2,647,0.10845383759733036,10065.0,0
S2,2,648,0.14400743264168472,8870.337499775762,4
S2,2,649,0.13304566702624954,7713.747024450544,9
S2,2,650,0.10862818125387957,8997.2,0
S2,2,651,0.10524710189139719,9192.149999773124,3
S2,2,652,0.12135922330097088,8562.03947343119,4
S2,2,653,0.09978617248752673,7989.924560978117,5
S2,2,654,0.1346027577150361,8390.74999954123,6
S2,2,655,0.15216612960973863,7567.5,0
S2,2,656,0.1468189233278956,8369.13054148971,5
S2,2,657,0.17764471057884232,6710.9954119520835,2
S2,2,658,0.14705882352941177,8809.947169700357,2
S2,2,659,0.15250901935060676,8293.249999941667,1
S2,2,660,0.17402694610778444,7211.13013144787,3
S2,2,661,0.14837712519319937,8807.0,0
S2,2,662,0.16923592493297587,8010.5,0
S2,2,663,0.1551614946168461,8559.5499999,1
S2,2,664,0.1411802030456853,8652.699999706894,4
S2,2,665,0.11859443631039532,9591.603381190846,7
S2,2,666,0.11136171412461235,10012.337024841006,9
S2,2,667,0.11938872970391595,8728.149999832773,3
S2,2,668,0.1654601861427094,7743.0,0
S2,2,669,0.1979828165857303,7029.549999936885,1
S2,2,670,0.14823261117445838,7222.609390935903,7
S2,2,671,0.14041514041514042,9005.74690600733,6
S2,2,672,0.1878662530162013,7641.5,0
S2,2,673,0.1414141414141414,8153.550647131629,6
S2,2,674,0.17413793103448275,7830.136404838133,7
S2,2,675,0.16237204376985528,7621.0,0
S2,2,676,0.16607142857142856,7563.586842025949,2
S2,2,677,0.15976123595505617,7740.085156776831,6
S2,2,678,0.17505098572399727,7835.049999920619,1
S2,2,679,0.1343784994400896,7384.2,0
S2,2,680,0.1276742581090407,8042.883332898346,6
S2,2,681,0.16226162596186017,8057.999999755609,2
S2,2,682,0.12786980528916012,9483.0,0
S2,2,683,0.14514328247115743,7393.807777177291,5
S2,2,684,0.15816655907036797,8326.0,0
S2,2,685,0.09285489455461127,9030.511538106994,5
S2,2,686,0.138763197586727,9097.026994977736,5
S2,2,687,0.15537709497206703,7754.649999778499,3
S2,2,688,0.1668848167539267,8196.149999776631,3
S2,2,689,0.11966987620357634,10058.0,0
S2,2,690,0.13821922211507554,8509.724999896962,2
S2,2,691,0.17393042782886844,6697.449999923,1
S2,2,692,0.14918486619501692,8827.6,0
S2,2,693,0.1263001485884101,9327.5,0
S2,2,694,0.15394282123782596,8651.970085674984,3
S2,2,695,0.15445284258954978,8273.812820265723,3
S2,2,696,0.14920194309507287,7830.5,0
S2,2,697,0.13598673300165837,8364.799999528259,6
S2,2,698,0.1537433155080214,8131.281578533778,3
S2,2,699,0.19556451612903225,6511.149999716415,3
S2,2,700,0.18118594436310395,7264.04346400854,1
S2,2,701,0.1456,8539.5,0
S2,2,702,0.14913143231727302,8306.5,0
S2,2,703,0.09088010204081633,8929.27399324683,7
S2,2,704,0.09733036707452725,10143.549999939843,1
S2,2,705,0.14347202295552366,7659.749999881538,1
S2,2,706,0.1659891598915989,7974.899999664488,2
S2,2,707,0.1763140385894877,8015.049999906098,1
S2,2,708,0.16672010259698622,8354.0,0
S2,2,709,0.14956577677709876,8443.7,0
S2,2,710,0.09715777262180975,9707.756934203047,2
S2,2,711,0.08206505520740077,9538.19999976718,4
S2,2,712,0.0946372239747634,9846.549999947973,1
S2,2,713,0.1288419745420677,8883.0,0
S2,2,714,0.12507817385866166,8810.54999993063,1
S2,2,715,0.14255543822597677,7808.109874862131,7
S2,2,716,0.13726727674345218,8649.966189519184,2
S2,2,717,0.1404310907903331,8383.121186241126,2
S2,2,718,0.13443324167430493,8942.2,0
S2,2,719,0.10705462530881142,10208.239664622955,4
S2,2,720,0.12290884260839877,8062.7,0
S2,2,721,0.1446280991735537,7888.0,0
S2,2,722,0.15847578347578348,7671.780132046708,6
S2,2,723,0.12304574406485234,9630.112499672972,6
S2,2,724,0.11139812721989022,8664.099999894603,2
S2,2,725,0.12828736369467608,8649.257338889103,6
S2,2,726,0.09847148736037625,9735.701161617748,14
S2,2,727,0.13033919597989949,8817.62241348906,3
S2,2,728,0.1474117243743572,7988.431818120812,1
S2,2,729,0.1507293354943274,8418.2,0
S2,2,730,0.13438368860055608,8994.4643226491,5
S2,2,731,0.14705882352941177,8735.449999730852,3
S2,2,732,0.13909670268772514,9898.860686539887,4
S2,2,733,0.14605120807789398,7654.549984231438,7
S2,2,734,0.11723700887198986,8966.450449101061,15
S2,2,735,0.20984665052461662,6486.0899794672205,7
S2,2,736,0.17271765949947127,7634.649992095181,3
S2,2,737,0.18789144050104384,7608.049999608801,3
S2,2,738,0.1471913487533794,9097.799999524292,6
S2,2,739,0.1862123613312203,6691.037499557048,4
S2,2,740,0.15389257694628847,8987.966666557515,2
S2,2,741,0.16806722689075632,8321.83509912071,2
S2,2,742,0.18878299120234604,7273.455622964039,9
S2,2,743,0.1277101277101277,9345.74045635948,9
S2,2,744,0.17129153819801302,7797.099999855229,2
S2,2,745,0.15742642026009582,7914.099999882806,2
S2,2,746,0.12735990410548398,9262.057050892752,6
S2,2,747,0.18294849023090587,7513.5,0
S2,2,748,0.14205853337717855,8402.72621315591,5
S2,2,749,0.15352407536636428,7862.074730726015,7
S2,2,750,0.16611295681063123,7389.662940220389,10
S2,2,751,0.16167664670658682,8968.3,0
S2,2,752,0.15271105010295127,7928.356328751764,5
S2,2,753,0.13932427725531174,7926.724593679514,7
S2,2,754,0.16808346213292116,6961.935923628174,6
S2,2,755,0.15723270440251572,8202.649999741565,3
S2,2,756,0.13464235624123422,9752.4,0
S2,2,757,0.12463343108504399,9481.19999968609,4
S2,2,758,0.14061358655953252,7463.5,0
S2,2,759,0.13689700130378096,8485.343319078553,10
S2,2,760,0.13798449612403102,8862.474561362429,1
S2,2,761,0.12529630883846934,8235.543269010996,9
S2,2,762,0.15441630636195183,8762.599999815031,2
S2,2,763,0.11821764170960897,9190.9,0
S2,2,764,0.15008431703204048,8070.694444348013,2
S2,2,765,0.1453308596165739,8849.0,0
S2,2,766,0.1811949069539667,8097.5,0
S2,2,767,0.1306970509383378,8246.019155661661,7
S2,2,768,0.12455516014234876,9368.30769199807,4
S2,2,769,0.1409104986063797,8848.27302152933,1
S2,2,770,0.15782622844126262,8361.337499755326,2
S2,2,771,0.17596871667259154,7457.5,0
S2,2,772,0.13686131386861314,8994.16524378755,2
S2,2,773,0.13741411617738913,8849.044455668101,7
S2,2,774,0.1622596153846154,8956.754854219156,2
S2,2,775,0.1270594805920134,9905.649999808664,3
S2,2,776,0.15774822146613052,8748.099999069584,2
S2,2,777,0.15526077781127526,8966.0,0
S2,2,778,0.14918759231905465,9191.5,0
S2,2,779,0.1173890608875129,10817.561274152064,5
S2,2,780,0.08887526815813668,9256.0,0
S2,2,781,0.11900983814662013,8736.5,0
S2,2,782,0.12171988618400253,8759.0,0
S2,2,783,0.1680244399185336,7932.0,0
S2,2,784,0.1800356506238859,7451.5,0
S2,2,785,0.12064805239572561,8159.40921468493,7
S2,2,786,0.1429469054351241,8720.9,0
S2,2,787,0.1804711246200608,7011.599999849031,2
S2,2,788,0.1760154738878143,6894.4,0
S2,2,789,0.13691683569979715,8144.5,0
S2,2,790,0.17150395778364116,8115.2,0
S2,2,791,0.14302920806985847,9109.207595151871,4
S2,2,792,0.13747454175152748,8179.899809604576,8
S2,2,793,0.15625,7549.7499919314405,5
S2,2,794,0.16286644951140064,8355.226466105014,6
S2,2,795,0.13003250812703177,11090.3061218002,7
S2,2,796,0.13005371783997738,9748.924853624414,3
S2,2,797,0.15808344198174706,8383.984098658731,6
S2,2,798,0.14680181754631247,7848.367198990732,4
S2,2,799,0.15854854527623408,8295.5,0
S2,2,800,0.1900739176346357,7489.249999883334,1
S2,2,801,0.15696533682145192,8351.399999844429,2
S2,2,802,0.1641949152542373,7636.04999970927,3
S2,2,803,0.13013901212658976,9420.944773284418,4
S2,2,804,0.2017234625930278,6714.599999760462,2
S2,2,805,0.15855221012171686,8436.549999948667,1
S2,2,806,0.15885498584460522,8634.869999693368,5
S2,2,807,0.16981132075471697,7854.049999955232,1
S2,2,808,0.1738241308793456,7814.0,0
S2,2,809,0.1674641148325359,8426.4,0
S2,2,810,0.16753926701570682,7723.5,0
S2,2,811,0.12222946544980444,8540.422366337876,5
S2,2,812,0.1242393509127789,10942.099999925033,2
S2,2,813,0.1686166551961459,7800.449999946896,1
S2,2,814,0.11921458625525946,9974.387623631397,3
S2,2,815,0.17410412440838405,7871.893478054455,3
S2,2,816,0.1393103448275862,9945.599999765791,2
S2,2,817,0.14339364970979857,8027.357304769434,5
S2,2,818,0.09975498774938747,8056.101403183211,3
S2,2,819,0.13691683569979715,8140.54999993,1
S2,2,820,0.13226784238082118,9993.0,0
S2,2,821,0.12064805239572561,8030.32322863012,5
S2,2,822,0.04883427851291745,9228.199999703513,4
S2,2,823,0.08798140770252325,8561.999999464138,7
S2,2,824,0.08265802269043761,8784.099999912156,2
S2,2,825,0.08842443729903537,8860.782875882469,8
S2,2,826,0.10701920050361977,8903.0,0
S2,2,827,0.14648088603072526,7658.799999742759,2
S2,2,828,0.13555250514756348,8019.705276928483,5
S2,2,829,0.12658227848101267,6915.799733274316,9
S2,2,830,0.1565162511833386,8643.795708337431,7
S2,2,831,0.19855595667870035,7268.0499995425125,3
S2,2,832,0.13567073170731708,9059.03031797168,8
S2,2,833,0.12703101920236337,9375.049999943383,1
S2,2,834,0.15211640211640212,8193.484365963342,2
S2,2,835,0.11576276562004441,8756.051458565657,4
S2,2,836,0.13009958239640218,8541.0,0
S2,2,837,0.15100101798439092,8052.016666182847,6
S2,2,838,0.16272189349112426,7331.09999987957,2
S2,2,839,0.11130742049469965,7970.920975460193,7
S2,2,840,0.22356143079315707,6580.0,0
S2,2,841,0.15925680159256803,8215.149999618987,3
S2,2,842,0.13972408914043155,7875.242306603125,8
S2,2,843,0.18327224258580474,7932.0,0
S2,2,844,0.14077509108976483,8336.0499996435,4
S2,2,845,0.18383761011106856,6947.3,0
S2,2,846,0.12340867757859184,10662.5,0
S2,2,847,0.13874253600280997,7826.099999814992,2
S2,2,848,0.13392857142857142,8372.361469012025,3
S2,2,849,0.14930114358322744,8570.4,0
S2,2,850,0.14104153750774953,8890.754650993367,3
S2,2,851,0.14121663563004344,8836.4,0
S2,2,852,0.17254038179148312,7322.1,0
S2,2,853,0.15803336259877085,9251.288203504257,4
S2,2,854,0.15850596359070934,8572.5,0
S2,2,855,0.10933169079149985,9073.19999987143,2
S2,2,856,0.1543942992874109,8056.799999616139,6
S2,2,857,0.13498312710911137,9756.593478218985,1
S2,2,858,0.16229712858926343,8625.699999945775,1
S2,2,859,0.10572139303482588,9081.901639971733,8
S2,2,860,0.13214285714285715,7726.87701289087,4
S2,2,861,0.12492192379762648,8865.491243263554,4
S2,2,862,0.12618296529968454,7902.044536480728,6
S2,2,863,0.09545454545454546,9362.223215183774,7
S2,2,864,0.13950323239197004,8178.286841598101,6
S2,2,865,0.14175257731958762,7493.59999980352,2
S2,2,866,0.1339437097321126,8087.0,0
S2,2,867,0.15526924347538817,8230.199999644698,4
S2,2,868,0.14466245427336216,8224.92812482285,3
S2,2,869,0.1732226632984482,7486.137003475244,8
S2,2,870,0.16996699669966997,8107.5,0
S2,2,871,0.1346641318124208,8764.089664317542,7
S2,2,872,0.15924601884952877,8334.699999860317,2
S2,2,873,0.15606420927467302,9140.340836395468,4
S2,2,874,0.15322347499277247,9402.565431326766,5
S2,2,875,0.1821938392186326,7142.0999998047855,2
S2,2,876,0.16173752310536044,8758.5,0
S2,2,877,0.16553933784264863,7618.439674292165,8
S2,2,878,0.16590187080833038,7613.0,0
S2,2,879,0.14064914992272023,8869.5,0
S2,2,880,0.1694915254237288,7451.149999602059,5
S2,2,881,0.16671812287743132,8667.9,0
S2,2,882,0.17173312277931307,6850.29357769102,2
S2,2,883,0.144993894993895,8937.599999910792,2
S2,2,884,0.17641293694870958,8169.7,0
S2,2,885,0.1708599324070597,7137.599999805301,2
S2,2,886,0.14393939393939395,9008.099999936885,1
S2,2,887,0.12117540139351711,9217.030370927983,5
S2,2,888,0.16515994436717663,7752.249999167826,5
S2,2,889,0.15713808090939485,8156.016399130245,9
S2,2,890,0.15100037750094375,7199.5,0
S2,2,891,0.1739482200647249,6655.609803427829,5
S2,2,892,0.15810276679841898,8198.4,0
S2,2,893,0.13596633214632567,8509.876100332462,5
S2,2,894,0.17343173431734318,7272.7,0
S2,2,895,0.15156062424969988,9064.099999787857,2
S2,2,896,0.13671162960262487,7591.87151640923,8
S2,2,897,0.1488294314381271,8231.992886913904,9
S2,2,898,0.16852094240837695,8256.569211738695,6
S2,2,899,0.1618020304568528,8496.549999802564,1
S2,2,900,0.16183986371379896,7950.9499999125,1
S2,2,901,0.14041514041514042,9102.42420806898,13
S2,2,902,0.1538935056940597,8845.130132245504,3
S2,2,903,0.15604467805519054,8275.6499998625,1
S2,2,904,0.13821138211382114,8478.449999904939,1
S2,2,905,0.12405137186223,9536.799999601153,6
S2,2,906,0.15079365079365079,8555.802427150717,1
S2,2,907,0.14368799178925762,8041.199999674806,4
S2,2,908,0.15764331210191082,8500.0999998663,2
S2,2,909,0.11180679785330948,9394.599999790538,2
S2,2,910,0.10112009956440572,9101.715475159574,7
S2,2,911,0.11378848728246319,8393.574018532889,7
S2,2,912,0.11384903306300687,8912.991688077575,2
S2,2,913,0.1143483709273183,8919.549999935833,1
S2,2,914,0.14500537056928034,7640.8499998845045,2
S2,2,915,0.11073911923770281,10908.923774194163,10
S2,2,916,0.1616499442586399,7290.958903762519,4
S2,2,917,0.16555059523809523,7256.674999922443,1
S2,2,918,0.15040223854494578,7796.435290442117,6
S2,2,919,0.11186340889019723,9443.0,0
S2,2,920,0.07807620237351655,9122.599999871345,2
S2,2,921,0.10127016821146584,8247.831916025036,5
S2,2,922,0.09405940594059406,8588.499999841148,2
S2,2,923,0.13843648208469056,8398.5,0
S2,2,924,0.17162471395881007,7031.1999995190645,4
S2,2,925,0.15757370382921043,8026.049999610646,3
S2,2,926,0.17402694610778444,7172.799999879603,2
S2,2,927,0.12874886398061194,9149.034906894562,6
S2,2,928,0.14218009478672985,9242.099999890012,2
S2,2,929,0.14843986670705847,8979.0,0
S2,2,930,0.14453621346886913,8667.984004913016,11
S2,2,931,0.17556966753828912,7174.185186482489,6
S2,2,932,0.16453995970449967,8060.936143764722,2
S2,2,933,0.18178186176588093,6728.460307283109,5
S2,2,934,0.1435784159040707,8684.938235175785,2
S2,2,935,0.16592214422463306,8440.049999911495,1
S2,2,936,0.17752562225475843,7278.7,0
S2,2,937,0.16117605384342898,7622.9,0
S2,2,938,0.19902697921273774,5988.89999883051,3
S2,2,939,0.160828025477707,8480.093463957206,2
S2,2,940,0.13314840499306518,9965.0,0
S2,2,941,0.15343245808288516,8601.5,0
S2,2,942,0.16042780748663102,8075.099999811494,2
S2,2,943,0.16134289439374186,8385.581565561339,8
S2,2,944,0.18391927083333334,8138.5,0
S2,2,945,0.13402625820568928,10102.39999979747,4
S2,2,946,0.15156154317207593,8929.489664588482,3
S2,2,947,0.17931476144732628,8344.571186383719,1
S2,2,948,0.14176829268292682,9072.799200102701,8
S2,2,949,0.1521357519016969,9284.0,0
S2,2,950,0.1344860710854947,8652.289884318248,9
S2,2,951,0.12484394506866417,8855.0,0
S2,2,952,0.10442429238801869,10307.809341617685,8
S2,2,953,0.12654320987654322,8948.0,0
S2,2,954,0.1197113807805838,8528.187955817963,5
S2,2,955,0.12372154404486968,8415.092515776028,5
S2,2,956,0.11404561824729892,9305.183332848947,5
S2,2,957,0.10967548076923077,9305.59999985068,2
S2,2,958,0.13113754193351632,8979.0,0
S2,2,959,0.1355980588067371,9618.649999794432,3
S2,2,960,0.13157894736842105,7074.221944779514,8
S2,2,961,0.1075744179192455,9495.636666522994,3
S2,2,962,0.1237364935517602,7940.044444080947,2
S2,2,963,0.11285266457680251,8895.549999936364,1
S2,2,964,0.14874141876430205,8353.96858376789,3
S2,2,965,0.1662259161314696,7161.199999158745,4
S2,2,966,0.12138052062006435,9503.085832759,6
S2,2,967,0.12272596015015882,9665.085686750679,8
S2,2,968,0.12782204515272244,8306.124999792506,2
S2,2,969,0.14829030006978366,7854.312812310035,7
S2,2,970,0.11680532445923461,8368.949999950955,1
S2,2,971,0.13358778625954199,9358.649999804235,3
S2,2,972,0.12507534659433395,9301.33508106023,12
S2,2,973,0.10084770534931306,9671.406000475874,7
S2,2,974,0.10893944248638257,8740.5,0
S2,2,975,0.12369791666666667,8596.42571392687,4
S2,2,976,0.14252807371148862,9512.699999711202,4
S2,2,977,0.12235358812207864,10134.500368124767,7
S2,2,978,0.14585764294049008,9313.5,0
S2,2,979,0.11227763196267133,9630.6062011486,6
S2,2,980,0.12073406310367031,8645.34489021828,4
S2,2,981,0.12579617834394904,8724.073996435165,5
S2,2,982,0.11114639568116863,8818.707142768184,2
S2,2,983,0.12828947368421054,8402.099999844,2
S2,2,984,0.138656866020715,8197.5,0
S2,2,985,0.12364760432766615,9001.199999661429,4
S2,2,986,0.1023990637799883,9638.14999983282,3
S2,2,987,0.09426115885777654,10252.597550214981,8
S2,2,988,0.1232876712328767,8090.3,0
S2,2,989,0.15027322404371585,7994.24999918612,5
S2,2,990,0.1375282592313489,7292.0,0
S2,2,991,0.15641476274165203,7695.247457513548,2
S2,2,992,0.12055455093429777,9245.360256198352,3
S2,2,993,0.1162007409902324,8294.812820307436,3
S2,2,994,0.1411674933231591,7186.549999901282,1
S2,2,995,0.12202562538133008,9147.502719576712,8
S2,2,996,0.12156615093148089,8892.040156616626,10
S2,2,997,0.09254218835057158,10499.833767350498,10
S2,2,998,0.12615384615384614,8983.5,0
S2,2,999,0.11357835630423685,10933.736619669813,1
S2,2,1000,0.13903192584963955,8002.149999521218,3
S2,2,1001,0.10943507837917776,9548.369107855005,7
S2,2,1002,0.14298093587521662,9479.461285698704,3
S2,2,1003,0.12105424456022065,9134.057587495476,8
S2,2,1004,0.1397735314932767,7867.920590369324,6
S2,2,1005,0.1092896174863388,8168.0,0
S2,2,1006,0.1216772744290528,7490.566853975249,12
S2,2,1007,0.10217755443886097,8436.068071908841,6
S2,2,1008,0.10776457584968223,10121.784831222372,3
S2,2,1009,0.08338577721837634,9075.865103828684,6
S2,2,1010,0.10051694428489374,9832.915267698423,7
S2,2,1011,0.14526542324246772,7598.824193134904,3
S2,2,1012,0.12759441987070433,8105.4779775816,5
S2,2,1013,0.09522414298271316,9623.988580754278,5
S2,2,1014,0.08358454371060564,10330.5,0
S2,2,1015,0.08333333333333333,9103.6499997334,3
S2,2,1016,0.18808777429467086,6779.349999796599,2
S2,2,1017,0.1057111477210324,10267.399999739308,5
S2,2,1018,0.10437808060307335,9730.805583363015,4
S2,2,1019,0.12319711538461539,9202.981249713484,4
S2,2,1020,0.13026607538802662,9932.5,0
S2,2,1021,0.15335355578024942,8193.941187004948,12
S2,2,1022,0.16699092088197146,8336.731446098465,4
S2,2,1023,0.14705882352941177,8237.347030085713,5
S2,2,1024,0.12025316455696203,8750.2,0
S2,2,1025,0.14994567185802246,7495.0,0
S2,2,1026,0.10462369220384746,8327.96234544194,4
S2,2,1027,0.13714967203339296,9250.28614421494,5
S2,2,1028,0.10520869265263884,8223.33525490804,8
S2,2,1029,0.12756792577866136,8324.049999962981,1
S2,2,1030,0.13351591920575145,8082.403703206732,6
S2,2,1031,0.12848636790974616,8754.4,0
S2,2,1032,0.12293701583024587,8250.149999744342,3
S2,2,1033,0.10427712972781902,7955.099999836587,2
S2,2,1034,0.12619808306709265,8668.756718458782,5
S2,2,1035,0.14271490209093926,8190.5,0
S2,2,1036,0.1399407309845242,8328.756106673683,3
S2,2,1037,0.09006111289803795,8885.667175121402,7
S2,2,1038,0.1102068497795863,8277.30774616863,4
S2,2,1039,0.12785543811796796,8115.937036895055,3
S2,2,1040,0.14684813753581663,7705.95617838754,14
S2,2,1041,0.10161386730424388,9397.549999965,1
S2,2,1042,0.11079845233907844,7944.549999918947,1
S2,2,1043,0.10427177934746047,8326.0,0
S2,2,1044,0.10149253731343283,9361.5,0
S2,2,1045,0.11349306431273644,8869.070106079313,5
S2,2,1046,0.13421783400185128,8890.929729569298,3
S2,2,1047,0.1378579003181336,7742.049999940769,1
S2,2,1048,0.11942675159235669,8749.780768927774,3
S2,2,1049,0.0954747580434214,10733.0,0
S2,2,1050,0.13421617752326415,7714.907470649762,4
S2,2,1051,0.09444928799767509,9718.928947153516,4
S2,2,1052,0.08094645080946451,9196.063106160547,5
S2,2,1053,0.09819967266775777,8616.551149225641,2
S2,2,1054,0.13527758257203093,7794.5,0
S2,2,1055,0.1000883132175449,9559.597457518035,2
S2,2,1056,0.1188881446751507,8294.645454440662,2
S2,2,1057,0.14254781667268135,7546.5,0
S2,2,1058,0.12405609492988134,7706.549999739449,2
S2,2,1059,0.09921313718782074,8237.099999860979,2
S2,2,1060,0.10280915146249638,9673.5,0
S2,2,1061,0.13434579439252337,7092.294942026299,5
S2,2,1062,0.1388888888888889,8115.599999855396,2
S2,2,1063,0.16904844893691182,7751.151073179197,7
S2,2,1064,0.14615907545887152,8051.599999668429,4
S2,2,1065,0.14247150569886022,9232.66153754284,12
S2,2,1066,0.13025458851391356,9381.895401365202,4
S2,2,1067,0.10596213619666572,9991.186585146901,5
S2,2,1068,0.1611328125,8311.439427022298,4
S2,2,1069,0.16512549537648613,8155.23378929696,4
S2,2,1070,0.14916096954630206,8747.786021271271,4
S2,2,1071,0.14819205690574985,9163.1,0
S2,2,1072,0.17708709794000724,7425.533823369893,2
S2,2,1073,0.14465225014611338,9344.9,0
S2,2,1074,0.16187644532540468,8155.194444237027,3
S2,2,1075,0.1797684338817794,8699.0,0
S2,2,1076,0.1665628891656289,8600.5,0
S2,2,1077,0.14349112426035504,9237.881809226197,4
S2,2,1078,0.1132884262094305,9141.890516796142,6
S2,2,1079,0.12911213300318358,7850.599999829003,2
S2,2,1080,0.1117832719621252,10556.0,0
S2,2,1081,0.08719086873811034,8992.699999751314,4
S2,2,1082,0.0943683409436834,9252.535638054156,3
S2,2,1083,0.1001669449081803,10154.251709449169,7
S2,2,1084,0.12286158631415241,8898.671972848426,3
S2,2,1085,0.13115916341722794,7757.1,0
S2,2,1086,0.13624955181068482,7637.0,0
S2,2,1087,0.14505730659025787,7605.049999922222,1
S2,2,1088,0.12923076923076923,9033.86281980967,7
S2,2,1089,0.15085536547433903,8751.714942142404,2
S2,2,1090,0.13137316233969346,8819.349999956741,1
S2,2,1091,0.17108352901710835,7932.2,0
S2,2,1092,0.10724561862411719,10679.98703700469,1
S2,2,1093,0.08998200359928014,9437.845097869811,2
S2,2,1094,0.1397814910025707,8482.5,0
S2,2,1095,0.10780443364713027,9173.0,0
S2,2,1096,0.08414147176269253,9975.965438326453,4
S2,2,1097,0.11679153812252094,6343.199997764035,4
S2,2,1098,0.11706349206349206,7034.71427659006,8
S2,2,1099,0.0755336617405583,8655.5,0
S2,2,1100,0.1084664055438385,9304.628735460961,3
S2,2,1101,0.1124129195693477,8847.976424298595,7
S2,2,1102,0.10666229077781425,8548.997646927954,3
S2,2,1103,0.08907159986296677,8248.0,0
S2,2,1104,0.1332920024798512,8861.249999861704,2
S2,2,1105,0.10424286759326994,7756.986991271766,6
S2,2,1106,0.12792792792792793,7785.221013858957,8
S2,2,1107,0.13751375137513752,7601.812929196431,11
S2,2,1108,0.14938488576449913,7744.2585072112515,4
S2,2,1109,0.136986301369863,9190.5,0
S2,2,1110,0.11414171360806404,9515.15908915224,13
S2,2,1111,0.14093959731543623,8167.049999943795,1
S2,2,1112,0.14464168310322156,8334.440417498565,5
S2,2,1113,0.1436265709156194,7648.618977557725,5
S2,2,1114,0.12829284981183717,8071.599999881286,2
S2,2,1115,0.10947763528307788,8965.90693387964,7
S2,2,1116,0.13940256045519203,9666.099999867221,2
S2,2,1117,0.15512378564713256,8725.949414753868,5
S2,2,1118,0.14347681014347682,8293.23543756181,8
S2,2,1119,0.14177428411005052,9745.599999826965,2
S2,2,1120,0.13408820023837903,9285.95731298045,5
S2,2,1121,0.11615811373092927,8155.768547240716,11
S2,2,1122,0.1400862068965517,8979.969194475005,8
S2,2,1123,0.14762516046213095,8492.0,0
S2,2,1124,0.13141228625712476,8709.0,0
S2,2,1125,0.15945689927376067,8567.549999925961,1
S2,2,1126,0.11869871043376319,9500.599999846016,2
S2,2,1127,0.17279821627647715,7183.5,0
S2,2,1128,0.1541095890410959,8734.299999759778,3
S2,2,1129,0.15442690459849004,7938.024999729265,3
S2,2,1130,0.1597595697564062,8515.856306243186,1
S2,2,1131,0.14870482890949793,8527.249999625477,5
S2,2,1132,0.17805755395683454,7434.901315008761,5
S2,2,1133,0.15914709517923362,8719.59999970288,2
S2,2,1134,0.20945665698880134,6381.51854004285,5
S2,2,1135,0.1642208245981831,7727.3,0
S2,2,1136,0.16085790884718498,8069.0,0
S2,2,1137,0.17529215358931552,7961.5,0
S2,2,1138,0.1348148148148148,9251.118583946589,2
S2,2,1139,0.12361466325660699,9801.4692907955,8
S2,2,1140,0.1519916142557652,7750.0,0
S2,2,1141,0.12304921968787515,9306.418965177772,5
S2,2,1142,0.146948003014318,7244.5499997866245,3
S2,2,1143,0.11853448275862069,9105.32254108201,4
S2,2,1144,0.1408678756476684,8515.551549565773,7
S2,2,1145,0.14084507042253522,8968.49583321023,3
S2,2,1146,0.14674411494955672,8892.5,0
S2,2,1147,0.1280849734457982,8860.649999774547,3
S2,2,1148,0.1166429587482219,9805.544444133955,4
S2,2,1149,0.10336370007007709,7983.549999665217,1
S2,2,1150,0.11402314499659633,8179.049999941221,1
S2,2,1151,0.1333976213436194,8652.501334813767,10
S2,2,1152,0.15077989601386482,7920.043420401026,7
S2,2,1153,0.12082670906200318,8767.69999971681,4
S2,2,1154,0.16916488222698073,6301.94999832224,5
S2,2,1155,0.14175257731958762,7483.29999925144,6
S2,2,1156,0.11715360138848713,9625.96235257576,5
S2,2,1157,0.08675971331572992,7497.0,0
S2,2,1158,0.14898688915375446,9121.04999995305,1
S2,2,1159,0.14494875549048317,9371.948039304672,9
S2,2,1160,0.16959798994974876,8521.25693417874,2
S2,2,1161,0.16726795670711708,8210.78095225663,3
S2,2,1162,0.15938069216757741,8836.5,0
S2,2,1163,0.05543901708121067,9716.375382773766,10
S2,2,1164,0.0705965407695023,8092.599999781294,2
S2,2,1165,0.14426229508196722,8369.485086704195,9
S2,2,1166,0.1256761056315622,8789.863481519362,11
S2,2,1167,0.1721311475409836,8190.2499996082925,5
S2,2,1168,0.09963513892786978,10065.099999897537,2
S2,2,1169,0.15705958549222798,8362.295097971126,1
S2,2,1170,0.09624958513109858,8506.9,0
S2,2,1171,0.14160021996150673,9972.913157748975,3
S2,2,1172,0.17594254937163376,7503.882897163426,7
S2,2,1173,0.18178339073861463,6935.949999914445,1
S2,2,1174,0.1494435612082671,8538.0,0
S2,2,1175,0.17307692307692307,8357.5,0
S2,2,1176,0.14497223935842074,8891.739561419066,5
S2,2,1177,0.1393188854489164,9794.514814418171,6
S2,2,1178,0.14430457476205097,8979.80074542368,7
S2,2,1179,0.1426924185644278,9526.252262047816,6
S2,2,1180,0.14195583596214512,8719.654310177746,3
S2,2,1181,0.15569709837225762,7660.0,0
S2,2,1182,0.194743508549715,8317.649999603404,3
S2,2,1183,0.16349683016349684,8067.0,0
S2,2,1184,0.17774851876234365,8129.0,0
S2,2,1185,0.17157607045247494,8790.5,0
S2,2,1186,0.18300873069173942,7939.999999856306,2
S2,2,1187,0.14663229133097003,8500.756451154515,5
S2,2,1188,0.20215633423180593,6796.4,0
S2,2,1189,0.14684287812041116,9346.80793294164,7
S2,2,1190,0.1652892561983471,8865.449999533303,3
S2,2,1191,0.15382361558745972,9272.699999714154,4
S2,2,1192,0.15798319327731092,8104.599999877247,2
S2,2,1193,0.1606234096692112,8521.699998857957,4
S2,2,1194,0.15441630636195183,8847.073333203289,2
S2,2,1195,0.14199655765920827,9557.5,0
S2,2,1196,0.14796747967479676,8378.5,0
S2,2,1197,0.13244001246494236,8866.3,0
S2,2,1198,0.17183288409703504,7950.749999289687,3
S2,2,1199,0.17497523935292175,8114.149999525806,3
S2,2,1200,0.13975155279503104,8043.010396732221,5
S2,2,1201,0.1727541954590326,8138.6,0
S2,2,1202,0.13854595336076816,10054.92955573431,6
S2,2,1203,0.1656441717791411,8761.0,0
S2,2,1204,0.14842578710644677,9153.606574214287,5
S2,2,1205,0.13679245283018868,8795.03274387574,5
S2,2,1206,0.16986062717770034,9172.5,0
S2,2,1207,0.10769718086791258,8911.762657868003,5
S2,2,1208,0.11587485515643106,9597.5,0
S2,2,1209,0.1436388508891929,8053.034715673779,6
S2,2,1210,0.16089965397923875,7841.906185092088,4
S2,2,1211,0.14329384791746275,7167.5,0
S2,2,1212,0.14740765842087428,8052.212499881259,2
S2,2,1213,0.1508485229415462,8713.299172521058,5
S2,2,1214,0.13709180529882933,8989.949226121194,7
S2,2,1215,0.13902205177372962,8551.0,0
S2,2,1216,0.1677468547464735,7093.643852243726,3
S2,2,1217,0.1397730417935234,9933.89999959896,6
S2,2,1218,0.11801242236024845,9056.262984276234,11
S2,2,1219,0.061092019854906456,7600.921052388489,4
S2,2,1220,0.13232233125185847,9318.749999537613,5
S2,2,1221,0.15261879986125565,7847.099999807391,2
S2,2,1222,0.14623955431754876,7898.549267439444,8
S2,2,1223,0.1537242472266244,8576.94999990375,1
S2,2,1224,0.1896964856230032,6606.4,0
S2,2,1225,0.18489684702218762,6864.599999721944,2
S2,2,1226,0.15491100856954515,8311.136841822312,3
S2,2,1227,0.1618071131047741,8451.5999998625,2
S2,2,1228,0.12610864745011086,10053.699999745024,4
S2,2,1229,0.15724322515891603,8138.825101026754,3
S2,2,1230,0.21774193548387097,6395.2,0
S2,2,1231,0.1608667104399212,8219.8,0
S2,2,1232,0.15038864481243663,8052.948437444544,1
S2,2,1233,0.14043932301044293,7619.253846116188,1
S2,2,1234,0.14120449132357946,8085.602672434592,4
S2,2,1235,0.15600924499229585,7041.4499998625,1
S2,2,1236,0.14015933903806432,9294.571219845786,4
S2,2,1237,0.13082858101308287,8249.536841969635,3
S2,2,1238,0.10238429172510519,10021.399999812898,2
S2,2,1239,0.1360544217687075,10129.92550705305,3
S2,2,1240,0.15323117921385743,8166.0999997921535,2
S2,2,1241,0.16107823800131493,8252.903930961184,4
S2,2,1242,0.16557236654296317,9386.5,0
S2,2,1243,0.17994463242079362,8666.549999935833,1
S2,2,1244,0.1490066225165563,9140.40555530187,4
S2,2,1245,0.16023432115782218,7934.797967332223,3
S2,2,1246,0.15513126491646778,9064.0,0
S2,2,1247,0.14466840052015606,8500.75279015075,4
S2,2,1248,0.18966908797417273,6607.999999895864,2
S2,2,1249,0.13982926111274654,9341.45267259698,5
S2,2,1250,0.1405741343592779,9236.0,0
S2,2,1251,0.16551071878940732,8523.79999987968,2
S2,2,1252,0.14971927635683094,8790.352072305732,3
S2,2,1253,0.16212338593974174,9377.5,0
S2,2,1254,0.1892905866302865,7766.6,0
S2,2,1255,0.14962593516209477,7694.0752630303205,6
S2,2,1256,0.1664490861618799,8226.636144406515,2
S2,2,1257,0.18589132507149667,8311.599999823928,2
S2,2,1258,0.15833817547937246,9286.5,0
S2,2,1259,0.155812324929972,7768.0,0
S2,2,1260,0.15960912052117263,8297.0,0
S2,2,1261,0.15254739336492892,9129.0,0
S2,2,1262,0.16367642429965376,8584.5,0
S2,2,1263,0.1628063108425646,8011.5,0
S2,2,1264,0.12316634375864932,9974.3,0
S2,2,1265,0.14669549104385424,8881.844098436073,7
S2,2,1266,0.16634050880626222,8294.353354981085,7
S2,2,1267,0.1549006168608636,7999.525150289201,6
S2,2,1268,0.14490927419354838,10868.239608446564,7
S2,2,1269,0.1304611650485437,9092.19166646542,3
S2,2,1270,0.14162782359268555,7708.296816908057,10
S2,2,1271,0.14675966288869516,9337.5,0
S2,2,1272,0.11582430806257521,9337.546486056948,7
S2,2,1273,0.1285583103764922,9050.825315732343,6
S2,2,1274,0.1305732484076433,8714.880850825535,3
S2,2,1275,0.17229376957883746,7752.105214351553,5
S2,2,1276,0.1456599286563615,9231.913679360361,8
S2,2,1277,0.14834478450968144,8798.849602872158,9
S2,2,1278,0.15247776365946633,8529.6,0
S2,2,1279,0.14637391882900866,8326.959958913785,17
S2,2,1280,0.15355086372360843,8510.049999942537,1
S2,2,1281,0.15244841392054204,8829.5,0
S2,2,1282,0.15333333333333332,8225.65733296088,6
S2,2,1283,0.171990171990172,7677.134510136958,7
S2,2,1284,0.14454460677649986,8825.680961341153,7
S2,2,1285,0.1582687338501292,8414.63670563131,4
S2,2,1286,0.13335166345889468,10029.44181204833,9
S2,2,1287,0.1666122182293368,8239.399999860494,2
S2,2,1288,0.1638418079096045,7254.619238773365,10
S2,2,1289,0.1721170395869191,7821.503363295014,7
S2,2,1290,0.17086641353123921,7825.381791203689,6
S2,2,1291,0.1729106628242075,7509.998428807146,8
S2,2,1292,0.1624964049467932,9390.599999856515,2
S2,2,1293,0.12456930824277763,10460.873464556846,6
S2,2,1294,0.16295025728987994,7904.118577077396,4
S2,2,1295,0.18297236743838685,7143.0,0
S2,2,1296,0.16712664826740264,8743.5,0
S2,2,1297,0.19244350282485875,7500.5499999384,1
S2,2,1298,0.177017701770177,8913.583720540002,6
S2,2,1299,0.15907568653717347,8109.687499769168,3
S2,2,1300,0.1528249459709787,8750.5,0
S2,2,1301,0.16017316017316016,6237.2,0
S2,2,1302,0.13758599124452783,8808.190322223787,4
S2,2,1303,0.11532125205930807,10206.339864473075,6
S2,2,1304,0.12554927809165098,8835.099999857517,2
S2,2,1305,0.15401036901494358,8873.5,0
S2,2,1306,0.13505402160864347,9203.181817904378,4
S2,2,1307,0.15036294503975112,7826.5,0
S2,2,1308,0.14732630047289924,7572.856177356426,7
S2,2,1309,0.1364877161055505,9040.049999925242,1
S2,2,1310,0.12510910677916787,9512.0,0
S2,2,1311,0.14599855803893294,7615.823117932105,5
S2,2,1312,0.1487603305785124,8217.9,0
S2,2,1313,0.19554165037152912,6746.657691980254,4
S2,2,1314,0.17660401814646792,8252.599999859029,2
S2,2,1315,0.17329255861365953,7911.357264602247,6
S2,2,1316,0.15077881619937694,8742.490195434115,6
S2,2,1317,0.1634086744043983,8845.95587365999,6
S2,2,1318,0.1753523434939364,8172.099999756398,2
S2,2,1319,0.18855656697009102,8130.049999946897,1
S2,2,1320,0.1705132621426111,7821.717869697486,5
S2,2,1321,0.1261682242990654,8929.49999986726,2
S2,2,1322,0.1349206349206349,10349.049999950956,1
S2,2,1323,0.12709137709137708,8613.118072043866,3
S2,2,1324,0.17164653528289892,8438.04999993125,1
S2,2,1325,0.12660113196306225,9374.076923913091,11
S2,2,1326,0.16119663084519315,9317.149999778363,3
S2,2,1327,0.1336675020885547,9881.279389123154,3
S2,2,1328,0.16801075268817203,8018.0,0
S2,2,1329,0.11670203091846014,9213.15142178546,6
S2,2,1330,0.13518024032042725,8211.54999984902,1
S2,2,1331,0.10790273556231003,9191.5,0
S2,2,1332,0.11205432937181664,8182.0,0
S2,2,1333,0.11606313834726091,8994.551554219619,3
S2,2,1334,0.132890365448505,9060.0,0
S2,2,1335,0.10948905109489052,7759.551942834759,10
S2,2,1336,0.08921330089213302,10523.185606123623,7
S2,2,1337,0.1072253381722204,8520.110389820207,8
S2,2,1338,0.09815950920245399,9291.939508806445,11
S2,2,1339,0.14958734525447043,7888.0,0
S2,2,1340,0.11511663132384126,9171.5,0
S2,2,1341,0.15205196338943017,9218.315277004878,7
S2,2,1342,0.15042735042735042,7961.646731792885,3
S2,2,1343,0.18045935107546482,7304.648303173953,4
S2,2,1344,0.1162461015026935,9836.199999892211,2
S2,2,1345,0.20202020202020202,6777.3256407191775,3
S2,2,1346,0.16175528507367073,8403.599999865526,2
S2,2,1347,0.10406660262568043,8794.67469112948,3
S2,2,1348,0.130173564753004,8199.0,0
S2,2,1349,0.11773472429210134,9358.29917111508,3
S2,2,1350,0.15644047135310848,6769.892052208427,10
S2,2,1351,0.16057585825027684,7324.08805909495,5
S2,2,1352,0.1365475387727579,8187.395635191021,4
S2,2,1353,0.12847764926539543,8904.619145571385,8
S2,2,1354,0.16387337057728119,7301.4865735036565,7
S2,2,1355,0.12808041504539558,8578.302418892445,8
S2,2,1356,0.1545253863134658,8588.149999771838,3
S2,2,1357,0.145985401459854,9723.04999994539,1
S2,2,1358,0.13411078717201166,9438.049999961111,1
S2,2,1359,0.1529790660225443,8414.0,0
S2,2,1360,0.12713178294573643,8892.0,0
S2,2,1361,0.13751199232491207,8568.257701964054,4
S2,2,1362,0.12741046831955924,8026.507692176017,2
S2,2,1363,0.1293233082706767,9221.51656782272,4
S2,2,1364,0.11709932279909707,9856.209756136042,5
S2,2,1365,0.13406344410876134,7314.143598229108,6
S2,2,1366,0.11604868383809794,9911.798783205391,9
S2,2,1367,0.17679558011049723,7276.61891849535,5
S2,2,1368,0.15510340226817879,8158.296788783562,3
S2,2,1369,0.15495207667731628,8583.925171513818,11
S2,2,1370,0.1605058365758755,8285.5,0
S2,2,1371,0.18664383561643835,7700.0,0
S2,2,1372,0.1956521739130435,7258.999999782408,2
S2,2,1373,0.12291350531107739,9190.863823292273,4
S2,2,1374,0.14225670869705787,8566.02563243618,7
S2,2,1375,0.11436855670103092,8690.568965325208,2
S2,2,1376,0.13220338983050847,8144.159553988081,3
S2,2,1377,0.12083205873355767,9115.986670554898,6
S2,2,1378,0.11932822628167354,9381.2,0
S2,2,1379,0.16327890703098968,8048.5499999358335,1
S2,2,1380,0.1297634691195795,8411.599999820386,2
S2,2,1381,0.12627986348122866,8132.480349112315,7
S2,2,1382,0.13352073085031624,7873.564172703285,3
S2,2,1383,0.16139341642697347,8460.013956457447,4
S2,2,1384,0.1446350487722839,8099.9,0
S2,2,1385,0.11904761904761904,9533.6,0
S2,2,1386,0.1008174386920981,10264.5,0
S2,2,1387,0.0786593707250342,8309.0,0
S2,2,1388,0.10142857142857142,9860.493081364864,5
S2,2,1389,0.10581174984207202,8922.015162794904,6
S2,2,1390,0.12965964343598055,8522.68749947109,3
S2,2,1391,0.12884978001257072,8767.5,0
S2,2,1392,0.10300429184549356,9849.48298388521,6
S2,2,1393,0.11443661971830986,9548.897229688668,8
S2,2,1394,0.10143570536828964,9127.618813081182,13
S2,2,1395,0.09158009841443411,10339.763704364745,3
S2,2,1396,0.11125238397965671,8821.03855426351,7
S2,2,1397,0.1150497512437811,8960.01497160088,3
S2,2,1398,0.13648468708388814,8288.74999962252,5
S2,2,1399,0.1371051718153419,7883.0,0
S2,2,1400,0.11634935025687519,9233.328240275456,6
S2,2,1401,0.11235955056179775,8659.5,0
S2,2,1402,0.10355029585798817,7576.0,0
S2,2,1403,0.1396457765667575,8099.68157846283,6
S2,2,1404,0.11675824175824176,8060.0,0
S2,2,1405,0.12279125486672657,9254.599999862128,2
S2,2,1406,0.14720314033366044,8274.0,0
S2,2,1407,0.12147078135259357,8466.149991988897,3
S2,2,1408,0.11293920803123257,10053.514285412271,6
S2,2,1409,0.12425290972003775,8807.913636305258,1
S2,2,1410,0.14064015518913675,8416.5,0
S2,2,1411,0.11194029850746269,8639.649999665453,3
S2,2,1412,0.08597285067873303,9514.419443798019,9
S2,2,1413,0.07655665192242259,8341.5,0
S2,2,1414,0.12123096052222568,9001.71149521209,9
S2,2,1415,0.08361204013377926,9329.5,0
S2,2,1416,0.1149592549476135,9609.03333287926,6
S2,2,1417,0.11955855303494789,9035.5,0
S2,2,1418,0.17737969792764313,7558.049999950323,1
S2,2,1419,0.14155394778232147,8689.119460915255,3
S2,2,1420,0.17259414225941422,7691.627374455068,4
S2,2,1421,0.1678219627873039,7364.0499997755605,3
S2,2,1422,0.12606273819994138,9423.0,0
S2,2,1423,0.12227460223924573,9455.349999766322,4
S2,2,1424,0.1375579598145286,8955.32463400833,9
S2,2,1425,0.14791937581274384,8375.31577998361,4
S2,2,1426,0.15669014084507044,7678.9764148614795,2
S2,2,1427,0.11213720316622691,8480.149999953048,1
S2,2,1428,0.1291248206599713,9678.202380638588,5
S2,2,1429,0.12729425695677915,9357.512165458616,5
S2,2,1430,0.14246947082767977,8014.5,0
S2,2,1431,0.13317191283292978,9105.836718708364,6
S2,2,1432,0.14117282035370773,8792.603278660847,1
S2,2,1433,0.09789156626506024,9379.981776410152,5
S2,2,1434,0.15173945225758698,7340.649999728429,3
S2,2,1435,0.14215080346106304,8827.549999879688,1
S2,2,1436,0.0957411687025421,8532.0,0
S2,2,1437,0.09778544722461892,9738.6,0
S2,2,1438,0.1021941689209498,9341.479790100957,5
S2,2,1439,0.12199312714776632,8087.9914840625115,6
S2,2,1440,0.09517335146159075,8280.949999907229,1
S2,2,1441,0.09076175040518639,8708.1,0
S2,2,1442,0.11363636363636363,7073.5,0
S2,2,1443,0.10514752040175769,9030.15020155974,15
S2,2,1444,0.11471990464839094,9331.649999947618,1
S2,2,1445,0.1335133513351335,9176.042028895445,2
S2,2,1446,0.1497695852534562,8247.27857132593,2
S2,2,1447,0.13555624805235275,8838.71153835314,2
S2,2,1448,0.12086513994910941,8747.17735373525,3
S2,2,1449,0.13178057002758198,8962.5,0
S2,2,1450,0.14965741074648395,7588.412550530896,6
S2,2,1451,0.16381766381766383,7563.662657967789,3
S2,2,1452,0.13702801461632155,8985.653092708215,1
S2,2,1453,0.1290646999664767,8201.049999943796,1
S2,2,1454,0.11031696706028589,9080.788888410441,7
S2,2,1455,0.1611831173147225,8112.6,0
S2,2,1456,0.14295676429567644,7914.065491710556,5
S2,2,1457,0.13951250801796022,8567.5,0
S2,2,1458,0.16210739614994935,7978.0,0
S2,2,1459,0.16230366492146597,7729.5,0
S2,2,1460,0.14146000698567937,7854.999218514971,3
S2,2,1461,0.16738873572272547,6794.5,0
S2,2,1462,0.13043478260869565,9178.149999795905,3
S2,2,1463,0.12891077636152956,9643.992532045595,10
S2,2,1464,0.11990034257240735,8965.826480663269,4
S2,2,1465,0.10384850335980451,9185.83602109663,5
S2,2,1466,0.1447811447811448,8091.549999931858,1
S2,2,1467,0.12399355877616747,8691.31823084606,10
S2,2,1468,0.15564882826162993,7822.2516693503785,8
S2,2,1469,0.14084507042253522,9374.650464118666,4
S2,2,1470,0.15032884434700908,8729.224785858243,6
S2,2,1471,0.14871016691957512,8955.5,0
S2,2,1472,0.14004001143183767,9599.049999918085,1
S2,2,1473,0.14751552795031056,8798.840256528061,7
S2,2,1474,0.16043723554301834,7679.5,0
S2,2,1475,0.16302462712452306,7827.1499997688625,3
S2,2,1476,0.17273402674591382,7242.569999961029,1
S2,2,1477,0.14772384684956286,9063.052380716961,4
S2,2,1478,0.16232771822358347,8780.2,0
S2,2,1479,0.15433070866141732,8642.499005428905,5
S2,2,1480,0.1617034902337496,8434.001820017453,5
S2,2,1481,0.1453732177802628,9766.72889272081,7
S2,2,1482,0.15648972077324333,8850.344444277935,3
S2,2,1483,0.17219387755102042,8384.5,0
S2,2,1484,0.1458839874956582,7904.736841723632,5
S2,2,1485,0.09431137724550898,9487.5192807317,9
S2,2,1486,0.14993686868686867,8578.4,0
S2,2,1487,0.08120649651972157,9810.59999987228,2
S2,2,1488,0.10210696920583469,8614.0,0
S2,2,1489,0.15931372549019607,7763.101167901128,8
S2,2,1490,0.1323379708177808,8105.814285558176,2
S2,2,1491,0.16413268832066344,7796.399999761271,3
S2,2,1492,0.0949367088607595,9359.15775177884,3
S2,2,1493,0.12159533073929961,8596.0,0
S2,2,1494,0.06390748630553865,9525.854484654941,10
S2,2,1495,0.15484515484515485,8213.549999751169,3
S2,2,1496,0.11986863711001643,8446.9,0
S2,2,1497,0.1724137931034483,7814.373584827472,2
S2,2,1498,0.1352253756260434,8318.513079830767,11
S2,2,1499,0.1882930822758903,6464.199999561394,4
S3,0,0,0.12845465161541456,5240.3,1
S3,0,1,0.14423076923076922,5298.5,2
S3,0,2,0.16354208216992422,4990.900000000001,0
S3,0,3,0.12956419316843346,5263.900000000001,5
S3,0,4,0.12312633832976445,5722.900000000001,0
S3,0,5,0.11971268954509177,5133.700000000001,1
S3,0,6,0.13274336283185842,5286.3,0
S3,0,7,0.12815680361854503,5462.1,4
S3,0,8,0.15391014975041598,4812.3,0
S3,0,9,0.14125386996904024,5263.3,2
S3,0,10,0.1309390198279087,5441.1,1
S3,0,11,0.15321955003878976,5257.1,4
S3,0,12,0.14582500998801437,5046.1,0
S3,0,13,0.1366877971473851,5232.3,7
S3,0,14,0.12118018967334036,5839.900000000001,1
S3,0,15,0.1163213376953835,5682.700000000001,3
S3,0,16,0.11600136472193791,6022.700000000001,0
S3,0,17,0.13740185581727338,5686.900000000001,1
S3,0,18,0.12761904761904763,5365.5,0
S3,0,19,0.12547528517110265,5397.5,0
S3,0,20,0.1409889660809154,4959.900000000001,1
S3,0,21,0.12442572741194487,5336.900000000001,1
S3,0,22,0.11480042387848817,5857.700000000001,1
S3,0,23,0.12861100118717847,5136.900000000001,0
S3,0,24,0.12226750648388292,5527.3,1
S3,0,25,0.1504890895410083,5356.35,1
S3,0,26,0.13047842087654735,6079.3,0
S3,0,27,0.09172594533882442,5572.700000000001,1
S3,0,28,0.14433752775721687,5483.900000000001,0
S3,0,29,0.13200723327305605,5643.5,2
S3,0,30,0.11865644395764878,5674.3,2
S3,0,31,0.13061650992685475,5881.700000000001,1
S3,0,32,0.1300631735414344,5480.700000000001,1
S3,0,33,0.1207115628970775,4834.700000000001,0
S3,0,34,0.11671177266576455,6061.700000000001,0
S3,0,35,0.14238773274917854,5540.3,0
S3,0,36,0.13419117647058823,5548.5,0
S3,0,37,0.14149209849320102,5532.700000000001,1
S3,0,38,0.13597513597513597,5210.3,0
S3,0,39,0.1261595547309833,5522.75,1
S3,0,40,0.14247720364741642,5333.900000000001,2
S3,0,41,0.11151079136690648,5768.5,3
S3,0,42,0.14045968624589567,5540.700000000001,0
S3,0,43,0.14478381594605316,5120.700000000001,2
S3,0,44,0.13616339607529035,5062.900000000001,0
S3,0,45,0.12240356083086053,5545.700000000001,3
S3,0,46,0.1726078799249531,5282.5,0
S3,0,47,0.1282991202346041,5549.1,0
S3,0,48,0.15959376133478417,5519.900000000001,0
S3,0,49,0.12195121951219512,5524.700000000001,0
S3,0,50,0.14050206069689022,5409.3,0
S3,0,51,0.13489991296779807,4711.1,4
S3,0,52,0.15612952968388588,5231.3,1
S3,0,53,0.10591795561533289,6227.3,5
S3,0,54,0.15478761699064075,5573.1,0
S3,0,55,0.159983799108951,4986.55,2
S3,0,56,0.1506906655504395,4806.3,0
S3,0,57,0.1381118881118881,5785.5,0
S3,0,58,0.15145778114350625,5346.700000000001,3
S3,0,59,0.16393442622950818,5136.900000000001,1
S3,0,60,0.1485148514851485,5087.5,0
S3,0,61,0.14498757249378624,4883.3,0
S3,0,62,0.1563663440059568,5382.700000000001,0
S3,0,63,0.15028901734104047,5223.5,0
S3,0,64,0.12517146776406035,6011.700000000001,3
S3,0,65,0.11194029850746269,5840.3,0
S3,0,66,0.1358321870701513,5914.1,1
S3,0,67,0.14025500910746813,5574.500000000001,0
S3,0,68,0.15511298353121408,5225.700000000001,0
S3,0,69,0.1345943979628956,5571.3,0
S3,0,70,0.1503623188405797,5541.5,0
S3,0,71,0.1415899010576595,5937.700000000001,0
S3,0,72,0.14882102821801313,5322.900000000001,7
S3,0,73,0.16323357947920716,5218.1,4
S3,0,74,0.14821763602251406,5447.5,3
S3,0,75,0.14482259232440262,5578.900000000001,0
S3,0,76,0.17407407407407408,5343.5,0
S3,0,77,0.12095273539263118,5522.150000000001,1
S3,0,78,0.14794007490636704,5410.5,0
S3,0,79,0.18287781350482316,4924.6,0
S3,0,80,0.1589763474214812,5189.3,1
S3,0,81,0.1760154738878143,5128.5,0
S3,0,82,0.14529252227818676,5223.700000000001,1
S3,0,83,0.17154811715481172,4753.5,0
S3,0,84,0.17333333333333334,4757.3,0
S3,0,85,0.15715317919075145,5576.1,2
S3,0,86,0.18162839248434237,4715.750000000001,0
S3,0,87,0.1589825119236884,5037.700000000001,0
S3,0,88,0.12594458438287154,5702.8,0
S3,0,89,0.16289766193944039,5197.3,0
S3,0,90,0.15258652772608858,5436.900000000001,2
S3,0,91,0.1760821716801174,5408.700000000001,0
S3,0,92,0.15662240381341505,5889.900000000001,1
S3,0,93,0.14042867701404288,5513.700000000001,1
S3,0,94,0.1558846453624318,5149.700000000001,1
S3,0,95,0.13745704467353953,5913.5,0
S3,0,96,0.16123054114158636,5391.1,0
S3,0,97,0.13927030207924676,5158.3,0
S3,0,98,0.148975791433892,5434.500000000001,2
S3,0,99,0.11949924127465858,5431.700000000001,3
S3,0,100,0.14872521246458922,5702.3,2
S3,0,101,0.13018867924528302,5433.5,2
S3,0,102,0.12656091798852515,6067.1,2
S3,0,103,0.17280668439042918,5275.6,1
S3,0,104,0.1574939425406715,5837.3,4
S3,0,105,0.20261972984036022,4768.1,0
S3,0,106,0.15987210231814547,5028.900000000001,1
S3,0,107,0.18542475204829667,4556.05,0
S3,0,108,0.17200938232994528,5100.1,1
S3,0,109,0.1752767527675277,5379.5,0
S3,0,110,0.15282131661442006,5123.900000000001,0
S3,0,111,0.12749003984063745,5118.5,1
S3,0,112,0.11909568025837707,5172.900000000001,6
S3,0,113,0.13913663931501963,5671.1,0
S3,0,114,0.13192612137203166,5464.1,4
S3,0,115,0.1881950384944397,4583.1,0
S3,0,116,0.17823988117341255,5405.1,5
S3,0,117,0.12600806451612903,6114.700000000001,0
S3,0,118,0.12008353637312913,5943.1,5
S3,0,119,0.15951386251424232,5261.1,0
S3,0,120,0.13399153737658676,5760.700000000001,0
S3,0,121,0.14855072463768115,5564.75,0
S3,0,122,0.14677481653147934,5227.3,0
S3,0,123,0.1446280991735537,5897.05,3
S3,0,124,0.13313110886417256,6033.900000000001,1
S3,0,125,0.16228748068006182,5177.1,0
S3,0,126,0.1420345489443378,5302.5,1
S3,0,127,0.1507257164123558,5449.900000000001,1
S3,0,128,0.15706806282722513,6142.700000000001,0
S3,0,129,0.17194216490816724,5090.3,1
S3,0,130,0.17393042782886844,4967.700000000001,0
S3,0,131,0.16898608349900596,5010.5,0
S3,0,132,0.1474151857835218,4997.200000000001,0
S3,0,133,0.18023255813953487,5105.5,0
S3,0,134,0.16111898016997167,5675.3,2
S3,0,135,0.13850415512465375,5841.1,0
S3,0,136,0.16685627607129314,5255.900000000001,0
S3,0,137,0.17196261682242991,5300.5,0
S3,0,138,0.15861571737563085,5542.3,0
S3,0,139,0.1947519475194752,4763.3,0
S3,0,140,0.1564093845630738,5943.200000000001,1
S3,0,141,0.19654088050314467,4964.3,0
S3,0,142,0.16110019646365423,5094.75,0
S3,0,143,0.16228430566967955,4893.8,1
S3,0,144,0.20565552699228792,4526.8,0
S3,0,145,0.16023007395234182,4976.3,8
S3,0,146,0.16829745596868884,5072.5,0
S3,0,147,0.15725518227305219,5615.1,0
S3,0,148,0.15929535232383807,5347.1,0
S3,0,149,0.16283185840707964,5630.5,0
S3,0,150,0.173850054328142,5465.700000000001,0
S3,0,151,0.172,5039.25,4
S3,0,152,0.1840607210626186,5233.5,3
S3,0,153,0.16184310738766183,5234.700000000001,0
S3,0,154,0.18067846607669616,5377.900000000001,1
S3,0,155,0.15752625437572929,5141.700000000001,0
S3,0,156,0.13903936439147707,5624.3,1
S3,0,157,0.17960602549246812,5125.3,0
S3,0,158,0.1271914747335854,5954.3,2
S3,0,159,0.16775599128540306,4569.5,0
S3,0,160,0.16168289290681503,5736.700000000001,0
S3,0,161,0.14722325754752144,5416.1,0
S3,0,162,0.16317016317016317,5159.8,2
S3,0,163,0.16808346213292116,5197.1,4
S3,0,164,0.18195896244676732,5111.1,0
S3,0,165,0.16141889198884019,5001.3,0
S3,0,166,0.16757599376461418,5142.700000000001,2
S3,0,167,0.13831258644536654,5955.900000000001,5
S3,0,168,0.14290633608815426,5858.3,0
S3,0,169,0.14343508642883412,5519.3,2
S3,0,170,0.12428977272727272,5755.700000000001,1
S3,0,171,0.14968895800933127,5203.900000000001,0
S3,0,172,0.15392597717052922,5793.700000000001,0
S3,0,173,0.14945138100643207,5325.1,1
S3,0,174,0.1995114006514658,4807.700000000001,0
S3,0,175,0.1922264469792987,4648.900000000001,0
S3,0,176,0.20023557126030625,4978.900000000001,0
S3,0,177,0.1566579634464752,5381.700000000001,0
S3,0,178,0.15480427046263345,5637.5,0
S3,0,179,0.13577981651376148,5569.5,1
S3,0,180,0.15814135103475205,5115.700000000001,0
S3,0,181,0.15654470011316485,5321.700000000001,0
S3,0,182,0.1872871736662883,5197.35,0
S3,0,183,0.1625305837119888,5763.700000000001,4
S3,0,184,0.17996870109546165,5112.700000000001,5
S3,0,185,0.14456836018174307,4910.700000000001,1
S3,0,186,0.15873015873015872,5285.200000000001,0
S3,0,187,0.17692307692307693,5159.5,0
S3,0,188,0.18440261237034192,5143.1,0
S3,0,189,0.18389469608981804,5100.1,0
S3,0,190,0.16030259365994237,5603.700000000001,1
S3,0,191,0.15173945225758698,5459.900000000001,0
S3,0,192,0.15486725663716813,5489.900000000001,0
S3,0,193,0.1776165011459129,5211.6,0
S3,0,194,0.17741320106829456,5217.700000000001,2
S3,0,195,0.17045454545454544,5260.5,0
S3,0,196,0.1631442343344457,5415.900000000001,3
S3,0,197,0.16974726518294983,5357.700000000001,6
S3,0,198,0.12693935119887165,5820.700000000001,2
S3,0,199,0.13705759888965996,5914.900000000001,5
S3,0,200,0.1569159240604417,5239.700000000001,4
S3,0,201,0.15652479774885683,5794.1,5
S3,0,202,0.1659891598915989,5894.900000000001,1
S3,0,203,0.13036502206177297,5147.1,5
S3,0,204,0.17573696145124718,5230.700000000001,0
S3,0,205,0.15467759970182632,5405.1,1
S3,0,206,0.145985401459854,5305.1,3
S3,0,207,0.17192982456140352,5724.5,4
S3,0,208,0.14584154513204572,5160.400000000001,2
S3,0,209,0.18857142857142858,5192.5,0
S3,0,210,0.16927083333333334,5409.1,2
S3,0,211,0.1849139509337239,5369.700000000001,0
S3,0,212,0.16568483063328424,5437.700000000001,2
S3,0,213,0.14945652173913043,5210.700000000001,2
S3,0,214,0.1488970588235294,5465.5,0
S3,0,215,0.14068441064638784,5329.0,0
S3,0,216,0.1500189897455374,5351.1,4
S3,0,217,0.13563730955035302,5564.700000000001,7
S3,0,218,0.1651818856718634,5380.3,0
S3,0,219,0.1569242840329541,5133.3,2
S3,0,220,0.18115942028985507,5229.900000000001,4
S3,0,221,0.15660377358490565,5313.5,0
S3,0,222,0.14366729678638943,5382.5,4
S3,0,223,0.13460857244066596,5728.85,0
S3,0,224,0.11367737278960664,5715.700000000001,2
S3,0,225,0.12575075075075076,5461.3,0
S3,0,226,0.15518546555639667,5354.900000000001,3
S3,0,227,0.1858172165339401,5204.900000000001,0
S3,0,228,0.14055536510113129,6026.900000000001,7
S3,0,229,0.177319587628866,4806.5,0
S3,0,230,0.15870120394016782,5495.700000000001,0
S3,0,231,0.18609022556390978,5225.5,0
S3,0,232,0.208955223880597,4539.75,0
S3,0,233,0.16362960208255858,5383.3,1
S3,0,234,0.1706422018348624,5424.5,0
S3,0,235,0.17942583732057416,4945.1,0
S3,0,236,0.14782608695652175,5782.5,0
S3,0,237,0.15858208955223882,5456.5,7
S3,0,238,0.15761821366024517,5796.500000000001,5
S3,0,239,0.1917277035760448,4539.700000000001,0
S3,0,240,0.17085220255249073,4871.3,2
S3,0,241,0.12240734444066644,6072.700000000001,2
S3,0,242,0.13573000733675716,5548.700000000001,1
S3,0,243,0.17550857598723574,4954.900000000001,0
S3,0,244,0.14150943396226415,4768.900000000001,3
S3,0,245,0.16289766193944039,5228.8,0
S3,0,246,0.18425135764158262,5078.1,0
S3,0,247,0.18488745980707397,4889.1,0
S3,0,248,0.1832262939176426,5208.900000000001,0
S3,0,249,0.16557566422795533,5239.900000000001,3
S3,0,250,0.19193485847227607,5093.3,2
S3,0,251,0.16333589546502691,5201.900000000001,0
S3,0,252,0.18625192012288785,5145.3,1
S3,0,253,0.1811175337186898,5152.5,0
S3,0,254,0.17137809187279152,5642.500000000001,1
S3,0,255,0.18878718535469108,5141.900000000001,0
S3,0,256,0.17450682852807284,5214.700000000001,0
S3,0,257,0.13450502152080343,5666.1,0
S3,0,258,0.18649757553151808,5265.700000000001,0
S3,0,259,0.17159547280029208,5494.3,2
S3,0,260,0.21893491124260356,4879.25,0
S3,0,261,0.19406392694063926,5174.1,1
S3,0,262,0.1479174776177501,5196.3,1
S3,0,263,0.16283524904214558,6245.900000000001,0
S3,0,264,0.1560529634300126,6351.900000000001,0
S3,0,265,0.16408554572271386,5411.650000000001,0
S3,0,266,0.1862348178137652,4900.5,2
S3,0,267,0.1467041800643087,5061.1,2
S3,0,268,0.1532083633741889,5560.3,0
S3,0,269,0.1321900678813862,5763.3,6
S3,0,270,0.12953367875647667,5491.900000000001,0
S3,0,271,0.1287375415282392,4899.35,0
S3,0,272,0.16308671439936356,5021.3,0
S3,0,273,0.14744801512287334,5348.5,0
S3,0,274,0.18708881578947367,4791.900000000001,0
S3,0,275,0.1620806633999246,5339.35,2
S3,0,276,0.19680436477007016,5056.700000000001,2
S3,0,277,0.19765739385065886,5349.900000000001,0
S3,0,278,0.19287833827893175,5306.200000000001,0
S3,0,279,0.17986855759252854,5703.700000000001,0
S3,0,280,0.22093949044585987,4827.900000000001,0
S3,0,281,0.18044027426921688,5496.700000000001,1
S3,0,282,0.1947261663286004,4860.5,2
S3,0,283,0.20314296665389037,5071.3,0
S3,0,284,0.17796289284361985,5233.700000000001,0
S3,0,285,0.17665396605472808,5761.900000000001,3
S3,0,286,0.16576576576576577,5589.500000000001,3
S3,0,287,0.18307567127746135,4906.1,3
S3,0,288,0.16264619883040934,5472.700000000001,0
S3,0,289,0.19721577726218098,5101.450000000001,4
S3,0,290,0.1672119229371138,5487.700000000001,0
S3,0,291,0.2235695339143615,5065.3,0
S3,0,292,0.2088922958988118,5073.3,0
S3,0,293,0.12299465240641712,5848.500000000001,7
S3,0,294,0.1716158889317393,5158.1,0
S3,0,295,0.18470149253731344,5290.5,1
S3,0,296,0.1508697195598154,5701.900000000001,3
S3,0,297,0.17899761336515513,4978.3,0
S3,0,298,0.17316806416332484,5491.1,3
S3,0,299,0.18805309734513273,4469.5,0
S3,0,300,0.1695583596214511,5048.700000000001,1
S3,0,301,0.18369690011481057,5157.1,1
S3,0,302,0.16038791495710555,5398.700000000001,2
S3,0,303,0.15225563909774437,5413.5,5
S3,0,304,0.1854043392504931,5037.5,3
S3,0,305,0.14508928571428573,5418.1,0
S3,0,306,0.17280668439042918,5332.6,6
S3,0,307,0.1706422018348624,5404.5,0
S3,0,308,0.1599443671766342,5788.700000000001,2
S3,0,309,0.18752253876667868,5464.1,0
S3,0,310,0.17991775188485265,5777.1,0
S3,0,311,0.15151515151515152,5528.3,1
S3,0,312,0.15728155339805824,5159.5,1
S3,0,313,0.13488543976348855,5482.700000000001,0
S3,0,314,0.13487841945288753,5352.900000000001,1
S3,0,315,0.16276517922457936,5466.8,0
S3,0,316,0.18221003134796238,5027.900000000001,0
S3,0,317,0.16698656429942418,5236.5,4
S3,0,318,0.19874065328610782,4951.700000000001,0
S3,0,319,0.1609480014149275,5670.900000000001,0
S3,0,320,0.16812865497076024,5434.700000000001,0
S3,0,321,0.10885885885885886,5510.3,0
S3,0,322,0.14357501794687724,5631.700000000001,0
S3,0,323,0.17333333333333334,5196.5,0
S3,0,324,0.12581168831168832,5016.3,0
S3,0,325,0.1480637813211845,5294.3,0
S3,0,326,0.1745635910224439,4777.700000000001,1
S3,0,327,0.16072128577028616,5123.95,1
S3,0,328,0.17965204236006052,5214.3,0
S3,0,329,0.1873536299765808,5047.900000000001,0
S3,0,330,0.18111964873765093,5449.1,3
S3,0,331,0.2018953440461475,4758.900000000001,0
S3,0,332,0.20132916340891321,4977.1,0
S3,0,333,0.1699298115995567,5395.900000000001,1
S3,0,334,0.1814280140460398,5083.1,1
S3,0,335,0.14846235418875928,5707.3,0
S3,0,336,0.1933811802232855,4923.35,0
S3,0,337,0.2028740490278952,4646.700000000001,2
S3,0,338,0.18518518518518517,5479.400000000001,6
S3,0,339,0.17613636363636365,5288.5,3
S3,0,340,0.19049415314975482,5224.7,2
S3,0,341,0.1769591910436981,5519.3,3
S3,0,342,0.19498069498069498,5080.75,0
S3,0,343,0.19699812382739212,5220.5,0
S3,0,344,0.16872427983539096,4845.5,0
S3,0,345,0.17553584626755359,5420.700000000001,2
S3,0,346,0.15130907854471268,5943.700000000001,0
S3,0,347,0.18205705705705705,5266.3,0
S3,0,348,0.14213745951781218,5644.3,1
S3,0,349,0.1725417439703154,5362.5,0
S3,0,350,0.1865955826351866,5194.700000000001,2
S3,0,351,0.21892103205629398,4923.1,0
S3,0,352,0.17037302725968437,5552.1,1
S3,0,353,0.09952082565425728,5622.1,0
S3,0,354,0.13382899628252787,5533.5,3
S3,0,355,0.18290335001925298,5130.900000000001,0
S3,0,356,0.1966392563460851,5535.900000000001,1
S3,0,357,0.2041602465331279,5055.700000000001,1
S3,0,358,0.18780215693566382,5324.3,1
S3,0,359,0.22765246449456975,4586.55,0
S3,0,360,0.20833333333333334,5021.900000000001,0
S3,0,361,0.16375934496262015,5726.3,9
S3,0,362,0.16901408450704225,5639.5,0
S3,0,363,0.13503514613392525,5541.1,4
S3,0,364,0.14053254437869822,5500.3,0
S3,0,365,0.16544117647058823,5411.5,0
S3,0,366,0.132,5091.5,0
S3,0,367,0.18117369042930287,5024.3,0
S3,0,368,0.1788243626062323,5574.3,0
S3,0,369,0.17041694242223693,6034.900000000001,1
S3,0,370,0.1733423089868731,5923.700000000001,2
S3,0,371,0.1457000710732054,5726.05,2
S3,0,372,0.1928216876670485,5135.3,0
S3,0,373,0.1683835182250396,5030.3,0
S3,0,374,0.16739736946990832,5049.55,4
S3,0,375,0.1554979637171418,5446.700000000001,2
S3,0,376,0.14869888475836432,5415.5,0
S3,0,377,0.1197500867754252,5944.950000000001,4
S3,0,378,0.11044880785413745,5868.900000000001,0
S3,0,379,0.136986301369863,5172.0,0
S3,0,380,0.14705882352941177,5914.3,2
S3,0,381,0.13482719331560958,5349.1,0
S3,0,382,0.14647377938517178,5564.5,0
S3,0,383,0.18693427784336875,4987.700000000001,0
S3,0,384,0.09923664122137404,5419.5,0
S3,0,385,0.14107142857142857,5740.5,3
S3,0,386,0.17189835575485798,5342.700000000001,0
S3,0,387,0.17333333333333334,5250.500000000001,2
S3,0,388,0.18639508070714836,5149.900000000001,0
S3,0,389,0.18504946866984243,5395.3,1
S3,0,390,0.19274809160305342,5152.5,1
S3,0,391,0.21511861680739847,4816.900000000001,0
S3,0,392,0.1865955826351866,5202.200000000001,1
S3,0,393,0.20096463022508038,4882.85,0
S3,0,394,0.2122069523039612,4800.3,0
S3,0,395,0.21201413427561838,4926.900000000001,0
S3,0,396,0.18733608092918697,5283.55,0
S3,0,397,0.19985595966870723,5414.900000000001,0
S3,0,398,0.17517704062616474,5346.1,0
S3,0,399,0.18589968432129078,5623.700000000001,0
S3,0,400,0.19607843137254902,5117.700000000001,0
S3,0,401,0.18670649738610903,5343.1,4
S3,0,402,0.16619013581129377,5653.1,4
S3,0,403,0.20590520590520592,5044.3,2
S3,0,404,0.1961883408071749,5272.700000000001,3
S3,0,405,0.22699635184434536,4725.900000000001,0
S3,0,406,0.16505202726946538,5566.900000000001,0
S3,0,407,0.1736370425690814,5321.1,0
S3,0,408,0.18271119842829076,5032.5,0
S3,0,409,0.1879489225857941,4976.75,0
S3,0,410,0.1822017644802455,5203.900000000001,3
S3,0,411,0.22276225192385582,4744.3,0
S3,0,412,0.20292207792207792,4816.05,0
S3,0,413,0.1518942101501072,5668.1,3
S3,0,414,0.19822156354205261,5303.3,0
S3,0,415,0.18703703703703703,5364.5,3
S3,0,416,0.18915510718789408,4746.55,3
S3,0,417,0.20668583752695902,5406.900000000001,0
S3,0,418,0.19847050254916243,5374.700000000001,0
S3,0,419,0.19931662870159453,5149.3,1
S3,0,420,0.1668520578420467,5426.900000000001,3
S3,0,421,0.19538518794194268,5262.900000000001,0
S3,0,422,0.18553223388305848,5263.1,0
S3,0,423,0.16082399710878206,5598.150000000001,2
S3,0,424,0.1635428151414921,5501.700000000001,3
S3,0,425,0.20408163265306123,4877.3,0
S3,0,426,0.15730337078651685,5347.5,0
S3,0,427,0.13314646110721795,5857.3,3
S3,0,428,0.15858208955223882,5392.5,2
S3,0,429,0.11301369863013698,5995.500000000001,0
S3,0,430,0.10656583018219319,5995.3,0
S3,0,431,0.11660635303578609,5090.900000000001,0
S3,0,432,0.17526964560862865,5147.7,0
S3,0,433,0.13424052960647298,5576.3,2
S3,0,434,0.15642051655147327,5549.55,2
S3,0,435,0.16056910569105692,4930.75,0
S3,0,436,0.199836867862969,4794.400000000001,0
S3,0,437,0.18305439330543932,5667.1,0
S3,0,438,0.2189324437030859,4644.1,0
S3,0,439,0.1883308714918759,5346.1,1
S3,0,440,0.18752391886720246,5165.1,1
S3,0,441,0.1757188498402556,5610.900000000001,0
S3,0,442,0.20113774888256805,4807.700000000001,0
S3,0,443,0.22217852929610696,4884.1,0
S3,0,444,0.17727792603888676,5220.1,0
S3,0,445,0.19876495561559243,5095.700000000001,2
S3,0,446,0.19653179190751446,5064.5,0
S3,0,447,0.18645908761766836,5425.900000000001,0
S3,0,448,0.1920985864443639,5421.3,0
S3,0,449,0.16967126193001061,5721.3,5
S3,0,450,0.1720226843100189,5240.5,0
S3,0,451,0.18857758620689655,5505.3,3
S3,0,452,0.143244289585753,5226.1,0
S3,0,453,0.19857029388403494,4977.1,3
S3,0,454,0.1787016776075857,5489.900000000001,2
S3,0,455,0.18567141785446362,5277.700000000001,3
S3,0,456,0.1899171270718232,5678.700000000001,0
S3,0,457,0.18332690081049788,5097.700000000001,0
S3,0,458,0.09426551453260015,5330.700000000001,2
S3,0,459,0.19746646795827125,5236.3,0
S3,0,460,0.12433392539964476,5786.500000000001,2
S3,0,461,0.1575091575091575,5477.5,0
S3,0,462,0.17622797150356206,5323.900000000001,1
S3,0,463,0.21085513471300274,4996.950000000001,1
S3,0,464,0.17958748221906118,5601.900000000001,2
S3,0,465,0.1650860554970144,5688.400000000001,0
S3,0,466,0.17546969159872386,5646.700000000001,2
S3,0,467,0.18232044198895028,5361.5,0
S3,0,468,0.16821760916249104,5570.3,0
S3,0,469,0.1515732924021489,5324.700000000001,6
S3,0,470,0.1810829817158931,5676.3,0
S3,0,471,0.1421623643845866,5402.1,0
S3,0,472,0.13948145717098787,6203.900000000001,2
S3,0,473,0.10295769374766005,5513.700000000001,0
S3,0,474,0.11688835147118097,5147.700000000001,4
S3,0,475,0.18445839874411302,5029.1,0
S3,0,476,0.15286171347316033,5640.1,0
S3,0,477,0.11944138184490996,5573.700000000001,0
S3,0,478,0.11146496815286625,5157.900000000001,0
S3,0,479,0.1357142857142857,5858.5,11
S3,0,480,0.17787953504755197,5629.8,0
S3,0,481,0.1360279828993393,5238.85,0
S3,0,482,0.14193316564858066,5691.1,4
S3,0,483,0.13934726806013933,5638.900000000001,5
S3,0,484,0.1681314482231563,5236.900000000001,2
S3,0,485,0.1862348178137652,4934.5,3
S3,0,486,0.1584377302873987,5439.3,1
S3,0,487,0.1776843714176538,5200.900000000001,2
S3,0,488,0.1754739814441307,4949.3,2
S3,0,489,0.17911585365853658,5176.3,0
S3,0,490,0.19402985074626866,5239.5,0
S3,0,491,0.1681448632668145,5443.700000000001,5
S3,0,492,0.18482490272373542,5071.5,0
S3,0,493,0.18113342898134863,5534.1,2
S3,0,494,0.175054704595186,5423.900000000001,0
S3,0,495,0.11359260685406238,5326.900000000001,0
S3,0,496,0.08938981733385154,5425.1,5
S3,0,497,0.1032234697573343,5720.700000000001,1
S3,0,498,0.18846153846153846,5134.75,1
S3,0,499,0.11051574012056263,6217.700000000001,3
S3,0,500,0.13993174061433447,6011.500000000001,6
S3,0,501,0.14253980007404665,5475.700000000001,1
S3,0,502,0.09336511720301947,5304.900000000001,6
S3,0,503,0.14774774774774774,5660.5,4
S3,0,504,0.1816160118606375,5368.1,1
S3,0,505,0.21200750469043153,5152.5,0
S3,0,506,0.19216954022988506,5480.3,0
S3,0,507,0.18481317798312574,4919.3,0
S3,0,508,0.1870748299319728,5239.950000000001,3
S3,0,509,0.17060876308646764,5211.3,6
S3,0,510,0.1791304347826087,5761.5,3
S3,0,511,0.15965855200758775,6330.1,0
S3,0,512,0.15696649029982362,5712.5,2
S3,0,513,0.19879518072289157,4851.5,0
S3,0,514,0.12898845892735913,6095.700000000001,7
S3,0,515,0.13909495548961423,5500.700000000001,3
S3,0,516,0.11957635804578066,6022.900000000001,2
S3,0,517,0.14688128772635814,5016.5,0
S3,0,518,0.17951625094482238,5238.700000000001,0
S3,0,519,0.1482213438735178,5103.5,0
S3,0,520,0.14886859865025803,5152.3,5
S3,0,521,0.1706827309236948,4946.0,0
S3,0,522,0.18490278307281738,5156.1,0
S3,0,523,0.11734693877551021,6055.5,2
S3,0,524,0.1524163568773234,5409.25,0
S3,0,525,0.11058451816745656,6536.5,2
S3,0,526,0.176,4949.5,0
S3,0,527,0.15422077922077923,4932.3,0
S3,0,528,0.1629367883784845,5082.900000000001,0
S3,0,529,0.14675052410901468,4827.5,1
S3,0,530,0.128099173553719,4939.5,0
S3,0,531,0.17087931648273408,5578.3,0
S3,0,532,0.1517479830964272,5235.1,0
S3,0,533,0.20573108008817045,5283.900000000001,0
S3,0,534,0.20257826887661143,5320.5,0
S3,0,535,0.1446280991735537,5935.3,4
S3,0,536,0.18246802106847254,5273.1,0
S3,0,537,0.18758526603001363,5817.900000000001,0
S3,0,538,0.18907563025210083,5617.700000000001,0
S3,0,539,0.18635809987819732,4849.05,0
S3,0,540,0.16946129147342134,5579.1,0
S3,0,541,0.16467607672819398,5515.1,0
S3,0,542,0.09866102889358704,5895.1,0
S3,0,543,0.1717902350813743,5556.5,4
S3,0,544,0.16695059625212946,5836.5,0
S3,0,545,0.123046875,5228.25,0
S3,0,546,0.1321675477836519,4997.8,0
S3,0,547,0.20068156001514578,5178.700000000001,1
S3,0,548,0.17067223963775688,5715.700000000001,0
S3,0,549,0.19083969465648856,5430.700000000001,1
S3,0,550,0.21351575456053068,4710.650000000001,3
S3,0,551,0.2033535497681056,5450.1,0
S3,0,552,0.17699115044247787,5153.3,0
S3,0,553,0.1874521805661821,5150.3,0
S3,0,554,0.18994855559952512,4997.900000000001,3
S3,0,555,0.2069805194805195,4796.3,0
S3,0,556,0.1719768283852281,5503.900000000001,0
S3,0,557,0.1784997994384276,5018.1,4
S3,0,558,0.1995225102319236,5735.900000000001,0
S3,0,559,0.20007621951219512,5186.3,4
S3,0,560,0.1920263350402341,5372.3,0
S3,0,561,0.17688266199649738,5696.500000000001,2
S3,0,562,0.15458225984541774,5558.900000000001,6
S3,0,563,0.14084507042253522,5337.900000000001,0
S3,0,564,0.21070375052675938,4648.1,4
S3,0,565,0.22336065573770492,4715.5,2
S3,0,566,0.17785843920145192,5440.5,0
S3,0,567,0.13290902283788844,5417.700000000001,0
S3,0,568,0.10146103896103896,5127.05,1
S3,0,569,0.155703289013296,5731.1,0
S3,0,570,0.15384615384615385,5006.500000000001,3
S3,0,571,0.1524390243902439,4694.700000000001,5
S3,0,572,0.10748702742772424,5578.1,1
S3,0,573,0.13991769547325103,4979.5,4
S3,0,574,0.128025254296738,5832.700000000001,1
S3,0,575,0.16403654485049834,4799.6,0
S3,0,576,0.11438992042440319,6216.700000000001,1
S3,0,577,0.07964601769911504,5986.5,5
S3,0,578,0.10583941605839416,5677.500000000001,2
S3,0,579,0.1333606893721789,4966.900000000001,1
S3,0,580,0.164664858581945,5135.700000000001,0
S3,0,581,0.13675533907830648,5402.3,0
S3,0,582,0.13102119460500963,5268.5,0
S3,0,583,0.12550756736803248,5537.3,1
S3,0,584,0.13717156105100464,5235.1,0
S3,0,585,0.14477017734346725,5613.1,3
S3,0,586,0.17596405840509172,5279.700000000001,0
S3,0,587,0.17961733697774307,5049.700000000001,0
S3,0,588,0.1868629671574179,5221.3,0
S3,0,589,0.1428054953000723,5618.700000000001,0
S3,0,590,0.14705882352941177,5629.1,0
S3,0,591,0.21097834204630322,5181.1,0
S3,0,592,0.18752253876667868,5454.1,0
S3,0,593,0.14636790748102638,5635.900000000001,3
S3,0,594,0.15106303618052966,5419.700000000001,0
S3,0,595,0.16468785905783226,5270.700000000001,3
S3,0,596,0.17104789341015483,5537.900000000001,2
S3,0,597,0.14657308009909165,4934.900000000001,3
S3,0,598,0.21263418662262593,4697.900000000001,0
S3,0,599,0.18645357686453576,5249.6,3
S3,0,600,0.1853328019131128,4973.3,0
S3,0,601,0.22394136807817588,4710.700000000001,0
S3,0,602,0.1903735632183908,5461.3,0
S3,0,603,0.20685579196217493,4959.35,0
S3,0,604,0.22441993153290224,5043.3,0
S3,0,605,0.23109243697478993,5021.1,0
S3,0,606,0.21058732612055642,5047.1,0
S3,0,607,0.20359281437125748,4929.5,3
S3,0,608,0.20767888307155322,5556.5,0
S3,0,609,0.20719738276990185,5355.700000000001,0
S3,0,610,0.1958762886597938,4769.75,1
S3,0,611,0.1550543697140556,5015.6,0
S3,0,612,0.1859582542694497,5211.5,0
S3,0,613,0.21748586341887777,4460.3,0
S3,0,614,0.1627384960718294,5439.35,3
S3,0,615,0.1876728565784275,5064.700000000001,4
S3,0,616,0.212882096069869,5311.1,0
S3,0,617,0.1565217391304348,5772.500000000001,0
S3,0,618,0.13686763686763687,5905.700000000001,3
S3,0,619,0.15200286123032905,5628.700000000001,0
S3,0,620,0.1794071762870515,5076.3,0
S3,0,621,0.20048602673147023,4810.3,0
S3,0,622,0.20077220077220076,5065.5,0
S3,0,623,0.1860222531293463,5707.700000000001,3
S3,0,624,0.2141157811260904,4888.650000000001,0
S3,0,625,0.19434628975265017,5589.0,3
S3,0,626,0.17790262172284643,5401.5,6
S3,0,627,0.18518518518518517,5576.25,0
S3,0,628,0.1833976833976834,5235.5,8
S3,0,629,0.18201674554058975,5491.900000000001,5
S3,0,630,0.1812522885389967,5394.950000000001,0
S3,0,631,0.16687790452049006,4791.900000000001,3
S3,0,632,0.21364009860312244,4829.3,6
S3,0,633,0.2100494233937397,4721.35,0
S3,0,634,0.20667425104285173,5135.900000000001,1
S3,0,635,0.18712836656173487,5671.3,3
S3,0,636,0.20444620881302103,4891.3,0
S3,0,637,0.19822940723633564,5112.1,3
S3,0,638,0.20295902883156297,5124.700000000001,0
S3,0,639,0.20416666666666666,4679.5,0
S3,0,640,0.1649928263988522,5652.1,7
S3,0,641,0.17027863777089783,5203.3,3
S3,0,642,0.19525267993874426,5155.900000000001,2
S3,0,643,0.16803718269574544,5629.900000000001,3
S3,0,644,0.18019657808518383,5417.650000000001,0
S3,0,645,0.19529768676526355,5190.900000000001,0
S3,0,646,0.19358407079646017,5315.900000000001,0
S3,0,647,0.14809590973201692,5744.700000000001,2
S3,0,648,0.15574650912996776,5624.1,2
S3,0,649,0.18009295120061966,5109.900000000001,0
S3,0,650,0.21428571428571427,5001.0,0
S3,0,651,0.20375549340791052,4862.1,0
S3,0,652,0.21832358674463936,5004.5,2
S3,0,653,0.21507287593316743,5450.1,0
S3,0,654,0.20252694165737645,5253.700000000001,0
S3,0,655,0.23390643742502998,4767.700000000001,0
S3,0,656,0.18649757553151808,5420.700000000001,8
S3,0,657,0.18250950570342206,5258.5,3
S3,0,658,0.19690835480309166,5348.900000000001,2
S3,0,659,0.19021739130434784,5415.0,0
S3,0,660,0.1397808840196449,5408.900000000001,2
S3,0,661,0.17969295184926729,5687.700000000001,1
S3,0,662,0.21220159151193635,5101.3,0
S3,0,663,0.1906099518459069,4942.900000000001,3
S3,0,664,0.17450980392156862,5043.5,0
S3,0,665,0.1758698940998487,5234.3,0
S3,0,666,0.21042830540037244,5200.0,0
S3,0,667,0.23492560689115113,4883.3,1
S3,0,668,0.23242811501597443,4787.900000000001,0
S3,0,669,0.19054340155257588,5574.3,0
S3,0,670,0.18975681650700074,5360.3,0
S3,0,671,0.16159695817490494,6298.700000000001,0
S3,0,672,0.16855926188786374,5597.1,0
S3,0,673,0.1818900751285093,5017.3,2
S3,0,674,0.20285332144449397,4356.1,0
S3,0,675,0.1798165137614679,5407.5,1
S3,0,676,0.18228217280349981,5406.1,0
S3,0,677,0.17689530685920576,5511.25,1
S3,0,678,0.20677432059866088,4960.3,1
S3,0,679,0.15046296296296297,5283.650000000001,5
S3,0,680,0.1808091657715718,5526.1,0
S3,0,681,0.18958185683912118,5593.900000000001,4
S3,0,682,0.17750299162345431,5007.400000000001,2
S3,0,683,0.21070375052675938,4625.1,1
S3,0,684,0.15672205438066467,5338.1,3
S3,0,685,0.06282335550628233,5736.700000000001,0
S3,0,686,0.16584064048799085,5216.1,0
S3,0,687,0.07370517928286853,5297.5,2
S3,0,688,0.1348314606741573,5413.500000000001,0
S3,0,689,0.19661816751867872,5002.1,0
S3,0,690,0.20938348196975573,5013.3,0
S3,0,691,0.20270270270270271,5180.3,0
S3,0,692,0.12076423936553712,5668.3,0
S3,0,693,0.15145395799676897,4964.700000000001,0
S3,0,694,0.1411930815390046,5740.1,0
S3,0,695,0.19718859820382664,5035.700000000001,0
S3,0,696,0.20535041446872646,5172.3,0
S3,0,697,0.20465640255351109,5213.1,0
S3,0,698,0.17273061374494672,5513.700000000001,7
S3,0,699,0.19646017699115045,5516.5,0
S3,0,700,0.19054340155257588,5574.3,0
S3,0,701,0.19282684149633628,5135.35,0
S3,0,702,0.19832189168573608,5218.400000000001,4
S3,0,703,0.21209885651051272,5281.700000000001,0
S3,0,704,0.2710843373493976,4058.3500000000004,1
S3,0,705,0.23972602739726026,4502.450000000001,3
S3,0,706,0.2187028657616893,5141.900000000001,1
S3,0,707,0.16424038820455394,5422.3,5
S3,0,708,0.20381931692985678,5312.1,0
S3,0,709,0.2034987504462692,5445.700000000001,0
S3,0,710,0.2437473505722764,4516.8,1
S3,0,711,0.24065234685759745,4792.3,0
S3,0,712,0.21712412945514134,4761.700000000001,0
S3,0,713,0.18531845987765383,5565.05,3
S3,0,714,0.20561106840891621,5086.900000000001,1
S3,0,715,0.21164021164021163,4826.900000000001,2
S3,0,716,0.21254355400696864,5549.5,0
S3,0,717,0.1993648553281581,5524.3,0
S3,0,718,0.18722901064249114,4998.900000000001,0
S3,0,719,0.15739385065885797,5602.900000000001,8
S3,0,720,0.19715447154471544,4819.0,0
S3,0,721,0.19076688286913393,5182.700000000001,1
S3,0,722,0.18689925240299038,5541.3,0
S3,0,723,0.15384615384615385,5506.500000000001,1
S3,0,724,0.14973958333333334,4695.3,5
S3,0,725,0.13136942675159236,5097.900000000001,0
S3,0,726,0.12392241379310345,5698.3,0
S3,0,727,0.16209476309226933,5649.900000000001,1
S3,0,728,0.15925925925925927,5500.500000000001,5
S3,0,729,0.1854627201198951,5260.3,0
S3,0,730,0.16660496112550907,5411.700000000001,1
S3,0,731,0.12413108242303873,6197.700000000001,2
S3,0,732,0.17808749516066588,5118.1,0
S3,0,733,0.210546282245827,5120.700000000001,0
S3,0,734,0.19780650215432824,5024.1,2
S3,0,735,0.22823984526112184,4986.5,0
S3,0,736,0.21121200157915515,4980.35,3
S3,0,737,0.19949220166848022,5392.900000000001,0
S3,0,738,0.18377001455604075,5491.1,4
S3,0,739,0.19709146574818218,5138.1,0
S3,0,740,0.2178988326848249,5003.5,2
S3,0,741,0.21050737675422815,5399.3,0
S3,0,742,0.21013354281225452,4946.700000000001,0
S3,0,743,0.17510468214693567,5227.900000000001,1
S3,0,744,0.11977058029689609,6099.3,1
S3,0,745,0.16463189049204588,5417.1,1
S3,0,746,0.16348773841961853,5870.700000000001,0
S3,0,747,0.16051087331722472,5782.900000000001,0
S3,0,748,0.16549844236760125,5137.1,2
S3,0,749,0.1450980392156863,5133.5,0
S3,0,750,0.08572493477450616,5677.1,6
S3,0,751,0.1897018970189702,5122.1,4
S3,0,752,0.15873015873015872,5362.700000000001,6
S3,0,753,0.1,4876.5,1
S3,0,754,0.11128465443186256,5269.700000000001,0
S3,0,755,0.14026402640264027,4947.3,3
S3,0,756,0.12537425149700598,5483.900000000001,2
S3,0,757,0.07809288943690916,5126.1,2
S3,0,758,0.16029143897996356,5498.5,0
S3,0,759,0.1630049610205528,5722.900000000001,4
S3,0,760,0.1593182660244535,5389.3,0
S3,0,761,0.1063410791650256,5277.3,3
S3,0,762,0.12757044935262757,5378.700000000001,2
S3,0,763,0.13217522658610273,5433.1,4
S3,0,764,0.05706921944035346,5795.700000000001,3
S3,0,765,0.05776173285198556,5940.500000000001,4
S3,0,766,0.15691868758915833,5674.3,3
S3,0,767,0.1843944099378882,5074.700000000001,0
S3,0,768,0.12929507616011335,5745.1,0
S3,0,769,0.17573221757322174,4780.5,3
S3,0,770,0.19443307408923455,4801.1,1
S3,0,771,0.1525096525096525,5206.5,0
S3,0,772,0.14673913043478262,5563.5,0
S3,0,773,0.11979575805184603,5274.700000000001,2
S3,0,774,0.18327841845140033,4775.1,0
S3,0,775,0.16641162968630452,5236.3,2
S3,0,776,0.2028985507246377,4760.5,4
S3,0,777,0.1913265306122449,4638.900000000001,1
S3,0,778,0.16357688113413305,5499.700000000001,0
S3,0,779,0.18306636155606407,5221.900000000001,2
S3,0,780,0.17267552182163187,5228.5,0
S3,0,781,0.17590822179732313,5205.5,1
S3,0,782,0.17793594306049823,5097.3,6
S3,0,783,0.17857142857142858,5213.900000000001,0
S3,0,784,0.1599418393311523,5566.700000000001,3
S3,0,785,0.16396396396396395,5546.5,0
S3,0,786,0.15715749914588314,5944.900000000001,3
S3,0,787,0.1972982580874511,5524.1,2
S3,0,788,0.1542366263178446,5127.700000000001,0
S3,0,789,0.14865337530605108,5767.3,0
S3,0,790,0.20656370656370657,5095.5,0
S3,0,791,0.19905040175310446,5377.1,0
S3,0,792,0.1989389920424403,5163.3,0
S3,0,793,0.192090395480226,5238.5,2
S3,0,794,0.1929203539823009,5593.5,3
S3,0,795,0.16577743902439024,5307.3,5
S3,0,796,0.22677395757132407,5271.3,1
S3,0,797,0.22467481277098936,4884.900000000001,0
S3,0,798,0.1947565543071161,5257.5,0
S3,0,799,0.21692362854069558,5397.3,0
S3,0,800,0.1929203539823009,5528.5,0
S3,0,801,0.19651464590285503,5302.900000000001,2
S3,0,802,0.18779342723004694,5475.3,0
S3,0,803,0.21803950801341782,5188.1,0
S3,0,804,0.2060491493383743,5192.75,2
S3,0,805,0.20965189873417722,4939.1,2
S3,0,806,0.2012265235722499,5173.05,7
S3,0,807,0.23118074130683988,5035.900000000001,1
S3,0,808,0.19292604501607716,5498.3,1
S3,0,809,0.18539755351681958,5251.700000000001,7
S3,0,810,0.19655034095467308,4960.1,4
S3,0,811,0.18446943078004216,5618.700000000001,0
S3,0,812,0.17311608961303462,4884.5,2
S3,0,813,0.18304431599229287,5132.5,2
S3,0,814,0.2291749701076126,4802.3,0
S3,0,815,0.17128279883381925,5506.3,3
S3,0,816,0.17558187015108206,4854.3,0
S3,0,817,0.1599568655643422,5613.650000000001,2
S3,0,818,0.166934835076428,4953.700000000001,0
S3,0,819,0.14158262218774242,5238.1,1
S3,0,820,0.14845831747240198,5278.900000000001,0
S3,0,821,0.15328970031002412,5892.1,3
S3,0,822,0.1538746755654431,5439.900000000001,1
S3,0,823,0.15419265419265418,5802.700000000001,0
S3,0,824,0.1954459203036053,5186.5,0
S3,0,825,0.18602885345482156,5194.3,0
S3,0,826,0.18642803877703207,5340.650000000001,3
S3,0,827,0.17596871667259154,5582.1,0
S3,0,828,0.19440406976744187,5384.900000000001,0
S3,0,829,0.20561486753657574,4971.3,4
S3,0,830,0.17247639796659406,5547.3,3
S3,0,831,0.18640776699029127,5056.5,0
S3,0,832,0.16824196597353497,5277.500000000001,0
S3,0,833,0.1309164149043303,6098.05,1
S3,0,834,0.18518518518518517,5307.5,0
S3,0,835,0.18803073190456934,4850.1,0
S3,0,836,0.18767217630853994,5773.3,3
S3,0,837,0.19187779433681074,5274.3,0
S3,0,838,0.15521796565389695,6065.1,0
S3,0,839,0.15157116451016636,5446.5,0
S3,0,840,0.1766304347826087,5155.950000000001,3
S3,0,841,0.19458858413639732,5353.1,4
S3,0,842,0.2099236641221374,5091.5,0
S3,0,843,0.2208611729769859,5180.3,0
S3,0,844,0.17265434251831183,5764.900000000001,4
S3,0,845,0.1959686450167973,5271.3,0
S3,0,846,0.21786100108030249,5350.900000000001,0
S3,0,847,0.19448373408769448,5539.1,0
S3,0,848,0.18819060773480664,5704.700000000001,0
S3,0,849,0.19183673469387755,4858.5,1
S3,0,850,0.1986491855383393,4904.900000000001,0
S3,0,851,0.17889087656529518,5516.5,0
S3,0,852,0.07452871547566857,4832.700000000001,2
S3,0,853,0.10504201680672269,4908.5,0
S3,0,854,0.14716569767441862,5555.900000000001,0
S3,0,855,0.17688330871491875,5358.8,0
S3,0,856,0.13648596693579393,5355.700000000001,6
S3,0,857,0.07489878542510121,5192.75,1
S3,0,858,0.12085137085137085,5683.900000000001,0
S3,0,859,0.20732162868883078,5205.900000000001,0
S3,0,860,0.20320437670965222,5001.8,0
S3,0,861,0.19963369963369965,5319.5,0
S3,0,862,0.1879026485325698,5519.3,0
S3,0,863,0.1767275615567911,5023.1,2
S3,0,864,0.1858172165339401,5200.900000000001,0
S3,0,865,0.2219626168224299,4983.1,2
S3,0,866,0.17559418233416105,5625.3,2
S3,0,867,0.2045028142589118,5235.5,3
S3,0,868,0.18867924528301888,5545.3,2
S3,0,869,0.20903322135125046,5221.3,0
S3,0,870,0.19230769230769232,5312.3,0
S3,0,871,0.19168173598553345,5434.5,0
S3,0,872,0.2128060263653484,5150.75,0
S3,0,873,0.1787709497206704,5323.5,0
S3,0,874,0.189873417721519,5470.5,2
S3,0,875,0.2459016393442623,4150.7,0
S3,0,876,0.20636122680802726,5199.200000000001,3
S3,0,877,0.2111111111111111,5262.5,3
S3,0,878,0.22812111157196185,4611.700000000001,0
S3,0,879,0.20561106840891621,5062.900000000001,1
S3,0,880,0.20640432098765432,5047.900000000001,0
S3,0,881,0.18036444775009297,5349.3,2
S3,0,882,0.17760487144790257,5865.700000000001,0
S3,0,883,0.18197206940330088,4737.1,6
S3,0,884,0.18754833720030936,5114.700000000001,0
S3,0,885,0.21579961464354527,5024.5,0
S3,0,886,0.18117295480014942,5279.900000000001,0
S3,0,887,0.1884522854851644,4915.3,0
S3,0,888,0.16566265060240964,5327.700000000001,2
S3,0,889,0.2025586353944563,4607.5,3
S3,0,890,0.19593613933236576,5402.700000000001,0
S3,0,891,0.18588058580548253,5321.1,1
S3,0,892,0.21123953766440812,4891.3,0
S3,0,893,0.17720131530873218,5521.900000000001,5
S3,0,894,0.19574944071588368,5257.900000000001,0
S3,0,895,0.18776616337591948,5098.1,0
S3,0,896,0.18552875695732837,5340.500000000001,3
S3,0,897,0.1814280140460398,5152.1,4
S3,0,898,0.16432791728212703,5503.1,5
S3,0,899,0.17323121808898614,5429.900000000001,0
S3,0,900,0.2105652013298855,5259.650000000001,1
S3,0,901,0.20211560256894598,5187.650000000001,2
S3,0,902,0.19245003700962252,5361.900000000001,2
S3,0,903,0.20614546868922598,5008.700000000001,0
S3,0,904,0.17976278724981468,5354.1,1
S3,0,905,0.1884996191926885,5150.700000000001,0
S3,0,906,0.1703778677462888,5902.3,0
S3,0,907,0.2041602465331279,5042.700000000001,0
S3,0,908,0.2164416203335981,4883.1,2
S3,0,909,0.19042232277526394,5215.900000000001,0
S3,0,910,0.19682195738533767,5458.3,1
S3,0,911,0.20607375271149675,5368.700000000001,0
S3,0,912,0.16085790884718498,5299.450000000001,4
S3,0,913,0.2000800320128051,4875.3,0
S3,0,914,0.19621583742116327,5614.3,0
S3,0,915,0.18561484918793503,5185.700000000001,5
S3,0,916,0.17534345625451916,5510.700000000001,0
S3,0,917,0.19034536891679749,5024.1,1
S3,0,918,0.15653440116490716,5588.900000000001,2
S3,0,919,0.2008382815228781,5607.1,1
S3,0,920,0.2106847253574116,5205.1,2
S3,0,921,0.22330923011484474,4548.950000000001,2
S3,0,922,0.18953068592057762,5472.5,1
S3,0,923,0.20152505446623092,5426.3,2
S3,0,924,0.17143867090844822,5799.3,10
S3,0,925,0.2249899558055444,4832.3,1
S3,0,926,0.25054466230936817,4384.5,2
S3,0,927,0.2068081991215227,5319.900000000001,0
S3,0,928,0.21763187015861304,5223.700000000001,0
S3,0,929,0.21067925899019252,5348.1,0
S3,0,930,0.20487264673311184,5301.3,0
S3,0,931,0.1810727707550393,5774.900000000001,0
S3,0,932,0.1920838183934808,5062.900000000001,0
S3,0,933,0.19643506729719898,5397.05,0
S3,0,934,0.1995645863570392,5391.450000000001,0
S3,0,935,0.19204389574759945,5730.700000000001,0
S3,0,936,0.19826283987915408,5186.85,0
S3,0,937,0.1759581881533101,5675.500000000001,0
S3,0,938,0.2034341172079134,5257.3,2
S3,0,939,0.20051746442432083,4534.3,0
S3,0,940,0.11742424242424243,5423.5,0
S3,0,941,0.14262756126958617,5038.05,0
S3,0,942,0.13409961685823754,5289.5,0
S3,0,943,0.11169780666125101,5053.900000000001,0
S3,0,944,0.15846994535519127,5517.5,1
S3,0,945,0.17002081887578072,5719.900000000001,0
S3,0,946,0.14660493827160495,5213.900000000001,0
S3,0,947,0.12299664554603057,5494.1,0
S3,0,948,0.09909596662030598,5982.700000000001,0
S3,0,949,0.16248153618906944,5418.1,1
S3,0,950,0.15070583746661578,5326.700000000001,1
S3,0,951,0.12274368231046931,5673.5,0
S3,0,952,0.2106299212598425,4977.5,4
S3,0,953,0.23210831721470018,4934.5,0
S3,0,954,0.23219205037386856,4879.45,0
S3,0,955,0.18191268191268192,5804.700000000001,6
S3,0,956,0.20607375271149675,5443.700000000001,3
S3,0,957,0.20220588235294118,5357.5,2
S3,0,958,0.195902228612509,5535.900000000001,5
S3,0,959,0.2044541803577948,5321.3,0
S3,0,960,0.18234865061998543,5475.900000000001,4
S3,0,961,0.20622725434694703,4820.1,0
S3,0,962,0.1864406779661017,5280.5,2
S3,0,963,0.1967408585055644,4970.700000000001,3
S3,0,964,0.18086816720257234,4951.1,2
S3,0,965,0.15692640692640691,5616.900000000001,4
S3,0,966,0.13226592412112775,5875.1,2
S3,0,967,0.131189948263119,5519.700000000001,0
S3,0,968,0.17929759704251386,5359.25,0
S3,0,969,0.19464720194647203,4887.700000000001,3
S3,0,970,0.2095435684647303,4683.5,0
S3,0,971,0.19460500963391136,5085.5,0
S3,0,972,0.1902713434811383,5945.900000000001,0
S3,0,973,0.1800606520090978,5221.1,0
S3,0,974,0.1672473867595819,5725.5,0
S3,0,975,0.1264907842428623,5732.900000000001,4
S3,0,976,0.16390281527188585,5218.35,2
S3,0,977,0.15546819156540387,5714.1,5
S3,0,978,0.16172506738544473,5176.900000000001,0
S3,0,979,0.17115960633290545,4648.900000000001,0
S3,0,980,0.14105985512771635,5319.1,0
S3,0,981,0.14395782643957827,4991.700000000001,0
S3,0,982,0.1376327172630751,5167.1,0
S3,0,983,0.1961523953225198,5175.700000000001,0
S3,0,984,0.18332690081049788,5162.700000000001,5
S3,0,985,0.2066892145809846,5184.950000000001,0
S3,0,986,0.1760821716801174,5451.700000000001,3
S3,0,987,0.14663287472845765,5596.900000000001,3
S3,0,988,0.14513274336283186,5714.5,0
S3,0,989,0.13625388064849947,5926.3,0
S3,0,990,0.17723880597014927,5298.5,0
S3,0,991,0.11595221363316936,5852.700000000001,0
S3,0,992,0.1696113074204947,5663.5,2
S3,0,993,0.22455706633704162,4652.900000000001,0
S3,0,994,0.18467583497053044,5036.5,2
S3,0,995,0.17629407351837958,5268.700000000001,0
S3,0,996,0.09379785604900459,5424.900000000001,0
S3,0,997,0.08919015340706386,5834.1,0
S3,0,998,0.143496086470369,5459.1,3
S3,0,999,0.15221579961464354,5314.5,8
S3,0,1000,0.14933628318584072,5515.900000000001,4
S3,0,1001,0.06498194945848375,5936.500000000001,7
S3,0,1002,0.060476004682013265,5440.1,0
S3,0,1003,0.1499482936918304,5893.700000000001,3
S3,0,1004,0.13759946949602123,6195.700000000001,4
S3,0,1005,0.19433013260173754,4316.900000000001,3
S3,0,1006,0.2003338898163606,4700.700000000001,2
S3,0,1007,0.1846590909090909,4894.3,3
S3,0,1008,0.16335227272727273,5683.700000000001,5
S3,0,1009,0.16691672918229558,5329.200000000001,2
S3,0,1010,0.1867872591427448,4992.1,0
S3,0,1011,0.1022685013015991,5573.3,0
S3,0,1012,0.12989388949871936,5628.1,2
S3,0,1013,0.19854906452844598,5145.3,0
S3,0,1014,0.201597565614302,5132.3,1
S3,0,1015,0.19014849692140529,5473.700000000001,2
S3,0,1016,0.216796875,4933.5,0
S3,0,1017,0.1808351976137211,5369.900000000001,4
S3,0,1018,0.16945925361766945,5341.700000000001,7
S3,0,1019,0.17437145174371452,4965.700000000001,5
S3,0,1020,0.1882443334613907,5126.85,0
S3,0,1021,0.22195318805488298,4795.1,0
S3,0,1022,0.19886363636363635,4859.3,3
S3,0,1023,0.19171779141104295,5105.1,0
S3,0,1024,0.17419799931010693,5759.3,0
S3,0,1025,0.1671565025716385,5497.900000000001,4
S3,0,1026,0.1850570736769284,5705.700000000001,0
S3,0,1027,0.21101992966002345,4989.3,0
S3,0,1028,0.21239282930631334,4999.700000000001,2
S3,0,1029,0.19023689877961233,5498.700000000001,2
S3,0,1030,0.1988140913847227,5590.900000000001,0
S3,0,1031,0.14807692307692308,5327.5,6
S3,0,1032,0.18906020558002937,5351.3,0
S3,0,1033,0.1881720430107527,5128.3,0
S3,0,1034,0.18385003604902667,5478.3,0
S3,0,1035,0.15949269792467333,5284.900000000001,4
S3,0,1036,0.15328761597418314,4965.3,0
S3,0,1037,0.14695077149155034,5505.900000000001,0
S3,0,1038,0.15408929276965627,5103.200000000001,2
S3,0,1039,0.127301214257736,5209.1,0
S3,0,1040,0.136455525606469,6016.1,0
S3,0,1041,0.10013131976362442,6331.700000000001,1
S3,0,1042,0.15040650406504066,4999.5,4
S3,0,1043,0.14339622641509434,5398.5,2
S3,0,1044,0.1594090202177294,5143.900000000001,0
S3,0,1045,0.13577981651376148,5518.5,0
S3,0,1046,0.047106325706594884,4823.3,6
S3,0,1047,0.0724368499257058,5670.900000000001,0
S3,0,1048,0.1600609756097561,5370.3,6
S3,0,1049,0.16516516516516516,5315.3,0
S3,0,1050,0.13612565445026178,5847.5,2
S3,0,1051,0.1555944055944056,5730.5,0
S3,0,1052,0.10676156583629894,5217.3,0
S3,0,1053,0.16673362796303737,5013.3,2
S3,0,1054,0.18226230740323188,5259.700000000001,0
S3,0,1055,0.1649793775778028,5326.900000000001,0
S3,0,1056,0.16678622668579626,5563.1,0
S3,0,1057,0.24079320113314448,4720.200000000001,1
S3,0,1058,0.16288659793814433,4972.75,9
S3,0,1059,0.2056827820186599,4593.1,0
S3,0,1060,0.19953506392870982,5077.700000000001,2
S3,0,1061,0.1614100185528757,5495.5,7
S3,0,1062,0.2168272794662713,5272.1,3
S3,0,1063,0.17349575489110372,5383.3,0
S3,0,1064,0.18397524071526822,5743.1,0
S3,0,1065,0.18964259664478483,5440.900000000001,5
S3,0,1066,0.19985850725150336,5538.900000000001,2
S3,0,1067,0.19720329867335962,5499.3,4
S3,0,1068,0.1827875095201828,5234.700000000001,3
S3,0,1069,0.21115846571096475,5026.700000000001,0
S3,0,1070,0.1930783242258652,5370.5,0
S3,0,1071,0.18696993060909792,5128.55,1
S3,0,1072,0.17692591227423515,5410.1,1
S3,0,1073,0.1688411358403684,5267.700000000001,4
S3,0,1074,0.22279179810725552,4868.700000000001,0
S3,0,1075,0.2016773162939297,4870.3,0
S3,0,1076,0.17885532591414943,5029.700000000001,3
S3,0,1077,0.16090104585679807,4976.700000000001,0
S3,0,1078,0.15587529976019185,5843.3,0
S3,0,1079,0.18302180685358255,5054.85,0
S3,0,1080,0.16800305460099274,5225.3,0
S3,0,1081,0.17996870109546165,5104.700000000001,4
S3,0,1082,0.18263138278046961,5333.1,3
S3,0,1083,0.20634314100114634,5087.400000000001,0
S3,0,1084,0.16952455183164458,5169.700000000001,5
S3,0,1085,0.18429782528566163,5356.1,0
S3,0,1086,0.19886363636363635,5178.5,1
S3,0,1087,0.19968051118210864,4931.3,3
S3,0,1088,0.198295033358043,5261.1,0
S3,0,1089,0.1687116564417178,5912.3,5
S3,0,1090,0.20566550252231278,5038.900000000001,2
S3,0,1091,0.17690117934119562,4961.3,7
S3,0,1092,0.1893939393939394,5020.1,5
S3,0,1093,0.18518518518518517,5307.500000000001,0
S3,0,1094,0.170196671709531,5329.3,5
S3,0,1095,0.14362057448229792,6081.3,1
S3,0,1096,0.19238095238095237,5178.5,2
S3,0,1097,0.17843583902809415,5208.3,0
S3,0,1098,0.16100178890876565,5591.5,0
S3,0,1099,0.16505636070853463,4940.3,0
S3,0,1100,0.1726078799249531,5295.500000000001,1
S3,0,1101,0.14885807504078302,4943.900000000001,0
S3,0,1102,0.12623677925622653,6006.700000000001,0
S3,0,1103,0.08346273291925466,5477.700000000001,7
S3,0,1104,0.13257575757575757,5934.3,0
S3,0,1105,0.16791044776119404,5879.1,0
S3,0,1106,0.20408163265306123,4967.1,1
S3,0,1107,0.1882930822758903,4805.1,0
S3,0,1108,0.18172004318100035,5510.8,0
S3,0,1109,0.18765788523998556,5504.700000000001,5
S3,0,1110,0.2132701421800948,4902.900000000001,1
S3,0,1111,0.19689306358381503,5443.1,0
S3,0,1112,0.19471239728474454,5471.55,0
S3,0,1113,0.18103770063456515,5350.3,3
S3,0,1114,0.19950124688279303,5470.900000000001,0
S3,0,1115,0.18785578747628084,5180.5,0
S3,0,1116,0.16193595342066958,5489.1,0
S3,0,1117,0.2073820395738204,5115.1,0
S3,0,1118,0.1745014245014245,5597.1,0
S3,0,1119,0.17283448556323708,4951.3,4
S3,0,1120,0.18782870022539444,5281.900000000001,2
S3,0,1121,0.17356241234221598,5661.900000000001,0
S3,0,1122,0.1939574785527788,5241.700000000001,0
S3,0,1123,0.19934906427990237,4834.35,0
S3,0,1124,0.19627279936558287,4972.900000000001,1
S3,0,1125,0.20477815699658702,5120.900000000001,0
S3,0,1126,0.19615535504119264,5001.3,2
S3,0,1127,0.16345804576825282,5531.1,3
S3,0,1128,0.15271105010295127,5933.3,5
S3,0,1129,0.17326732673267325,5239.700000000001,1
S3,0,1130,0.22787028921998248,4403.150000000001,0
S3,0,1131,0.15759312320916904,5660.900000000001,4
S3,0,1132,0.18084260731319554,4991.700000000001,0
S3,0,1133,0.18829231916480238,5291.900000000001,0
S3,0,1134,0.15518546555639667,5347.900000000001,0
S3,0,1135,0.1524163568773234,5417.5,0
S3,0,1136,0.1386388188692834,5720.900000000001,7
S3,0,1137,0.18434055492208287,5188.700000000001,0
S3,0,1138,0.15695915279878972,5326.3,2
S3,0,1139,0.14510927982801863,5636.700000000001,0
S3,0,1140,0.15162454873646208,5572.5,0
S3,0,1141,0.16177017478616587,5371.3,0
S3,0,1142,0.14592933947772657,5336.3,6
S3,0,1143,0.15775298191612158,5223.3,0
S3,0,1144,0.13014421385860006,5827.1,1
S3,0,1145,0.15287403179779863,4974.1,4
S3,0,1146,0.11316155988857939,5895.900000000001,0
S3,0,1147,0.09686168151879117,5385.700000000001,2
S3,0,1148,0.15239197530864199,5205.900000000001,0
S3,0,1149,0.10357815442561205,5540.5,3
S3,0,1150,0.1556264964086193,5027.700000000001,0
S3,0,1151,0.11871013465627214,5783.900000000001,0
S3,0,1152,0.07371913011426465,5739.1,2
S3,0,1153,0.10732538330494037,6098.5,3
S3,0,1154,0.1254930082466834,5703.3,0
S3,0,1155,0.12921751615218952,5664.700000000001,0
S3,0,1156,0.03535541496092296,5787.900000000001,1
S3,0,1157,0.1506849315068493,5196.5,1
S3,0,1158,0.15618661257606492,4968.5,0
S3,0,1159,0.16600505232767954,5551.700000000001,0
S3,0,1160,0.2079284881461329,5019.1,1
S3,0,1161,0.20555555555555555,5266.5,0
S3,0,1162,0.21196063588190764,5147.900000000001,0
S3,0,1163,0.21101573676680974,5456.700000000001,2
S3,0,1164,0.188470066518847,5381.700000000001,1
S3,0,1165,0.21207764198418405,5399.900000000001,0
S3,0,1166,0.19913249211356468,4940.700000000001,0
S3,0,1167,0.22899243329350857,4809.950000000001,0
S3,0,1168,0.19133574007220217,5445.5,0
S3,0,1169,0.21202775636083268,5056.3,2
S3,0,1170,0.21168169345354762,4966.700000000001,0
S3,0,1171,0.20263064344116602,5472.1,0
S3,0,1172,0.19123505976095617,4980.5,3
S3,0,1173,0.19625495138638818,5422.900000000001,0
S3,0,1174,0.2049328980776206,5400.900000000001,2
S3,0,1175,0.21066872825666796,5116.900000000001,8
S3,0,1176,0.22979397781299524,4844.3,0
S3,0,1177,0.2045795795795796,5221.3,3
S3,0,1178,0.13947267863966373,5453.900000000001,11
S3,0,1179,0.1960431654676259,5469.5,0
S3,0,1180,0.21896420411271897,5079.700000000001,0
S3,0,1181,0.15732368896925858,5612.5,4
S3,0,1182,0.19014084507042253,5587.5,0
S3,0,1183,0.21236959761549926,5193.3,0
S3,0,1184,0.18942101501072195,5507.1,0
S3,0,1185,0.21206581352833637,5293.500000000001,0
S3,0,1186,0.16375545851528384,5498.1,0
S3,0,1187,0.16321044546851,5186.3,0
S3,0,1188,0.1583066524368552,5685.700000000001,3
S3,0,1189,0.13961605584642234,5812.5,1
S3,0,1190,0.14336213668499606,5238.700000000001,7
S3,0,1191,0.13706563706563707,5384.5,9
S3,0,1192,0.167104769057454,5318.1,2
S3,0,1193,0.13878743608473337,5575.1,0
S3,0,1194,0.19868827160493827,5080.900000000001,1
S3,0,1195,0.24028834601521826,4760.900000000001,0
S3,0,1196,0.20404411764705882,5285.5,0
S3,0,1197,0.1840833023428784,5386.3,5
S3,0,1198,0.205798138869005,5458.8,1
S3,0,1199,0.21633718761656098,5205.700000000001,1
S3,0,1200,0.2118973561430793,5050.900000000001,3
S3,0,1201,0.2182309772112785,5056.3,3
S3,0,1202,0.22941176470588234,4875.5,0
S3,0,1203,0.17842981760507534,5073.900000000001,6
S3,0,1204,0.1820388349514563,5739.3,1
S3,0,1205,0.20088462956137118,5302.1,0
S3,0,1206,0.2018915969443434,5349.3,0
S3,0,1207,0.1854627201198951,5303.3,2
S3,0,1208,0.21396851029471134,4870.900000000001,6
S3,0,1209,0.21221307925508878,4499.3,0
S3,0,1210,0.22727272727272727,4836.1,0
S3,0,1211,0.19057519057519057,5738.700000000001,6
S3,0,1212,0.19282360831656606,5857.900000000001,0
S3,0,1213,0.1820830298616169,5441.700000000001,1
S3,0,1214,0.1835236541598695,4903.900000000001,2
S3,0,1215,0.21334367726920092,5020.35,1
S3,0,1216,0.18023039762170198,5325.700000000001,0
S3,0,1217,0.21341463414634146,5068.3,0
S3,0,1218,0.21335440537337022,4909.450000000001,0
S3,0,1219,0.20134228187919462,4968.1,0
S3,0,1220,0.21423106350420812,5046.3,0
S3,0,1221,0.19027484143763213,5563.1,0
S3,0,1222,0.1961883408071749,5265.700000000001,1
S3,0,1223,0.17039759438690277,6002.1,2
S3,0,1224,0.2046671767406274,5118.55,0
S3,0,1225,0.1815405497115711,5843.900000000001,0
S3,0,1226,0.20440251572327045,4961.05,0
S3,0,1227,0.1906779661016949,5600.900000000001,3
S3,0,1228,0.19752130131680867,5114.900000000001,5
S3,0,1229,0.21325051759834368,4687.5,0
S3,0,1230,0.19276629570747217,4966.450000000001,0
S3,0,1231,0.192,4962.0,2
S3,0,1232,0.19913249211356468,4960.700000000001,0
S3,0,1233,0.19320214669051877,5546.5,4
S3,0,1234,0.2146690518783542,5396.5,0
S3,0,1235,0.19163081736409857,5071.900000000001,2
S3,0,1236,0.1897117840204305,5440.700000000001,3
S3,0,1237,0.20573108008817045,5283.900000000001,0
S3,0,1238,0.19699812382739212,5215.5,0
S3,0,1239,0.2018025078369906,4964.650000000001,0
S3,0,1240,0.21153846153846154,5059.5,1
S3,0,1241,0.17972681524083392,5533.900000000001,2
S3,0,1242,0.2015825169555388,5201.3,1
S3,0,1243,0.23019898556379242,4898.1,0
S3,0,1244,0.1925845932325414,5500.1,3
S3,0,1245,0.21088957055214724,5049.1,0
S3,0,1246,0.20982986767485823,5139.000000000001,0
S3,0,1247,0.2003610108303249,5399.5,0
S3,0,1248,0.2015810276679842,4950.5,1
S3,0,1249,0.19148936170212766,5182.5,7
S3,0,1250,0.20618556701030927,4906.900000000001,0
S3,0,1251,0.1819505094614265,5521.1,4
S3,0,1252,0.2073306182895224,5237.700000000001,0
S3,0,1253,0.2097902097902098,5004.8,0
S3,0,1254,0.2046671767406274,5076.3,0
S3,0,1255,0.1852566576611347,5132.700000000001,1
S3,0,1256,0.19888623707239458,4918.3,0
S3,0,1257,0.19453004622496148,5134.700000000001,2
S3,0,1258,0.20099540581929556,5154.150000000001,5
S3,0,1259,0.1855253490080823,5369.900000000001,0
S3,0,1260,0.17795637198622274,5178.1,0
S3,0,1261,0.16432791728212703,5411.1,0
S3,0,1262,0.1878453038674033,5328.5,0
S3,0,1263,0.15875980575270826,5346.900000000001,0
S3,0,1264,0.08269230769230769,5450.5,0
S3,0,1265,0.125,5297.500000000001,0
S3,0,1266,0.15366022099447513,5819.700000000001,0
S3,0,1267,0.1370113262696383,5553.900000000001,0
S3,0,1268,0.161231884057971,5505.5,0
S3,0,1269,0.07045009784735812,5392.500000000001,0
S3,0,1270,0.17796030116358658,5826.900000000001,3
S3,0,1271,0.20973782771535582,5194.0,0
S3,0,1272,0.17530487804878048,5228.3,0
S3,0,1273,0.17717269675494218,5325.700000000001,0
S3,0,1274,0.18382352941176472,5404.5,1
S3,0,1275,0.19729425028184894,5287.700000000001,4
S3,0,1276,0.20696324951644102,5032.5,0
S3,0,1277,0.22617124394184168,4762.700000000001,0
S3,0,1278,0.19419237749546278,5386.5,0
S3,0,1279,0.1927927927927928,5443.5,1
S3,0,1280,0.20175104682146935,5190.900000000001,4
S3,0,1281,0.20351157222665603,4946.700000000001,5
S3,0,1282,0.1883495145631068,5139.5,5
S3,0,1283,0.1972624798711755,4856.05,0
S3,0,1284,0.16047297297297297,5939.500000000001,0
S3,0,1285,0.21272518206209276,5065.3,0
S3,0,1286,0.18292682926829268,5713.5,2
S3,0,1287,0.22044849866970734,5059.700000000001,0
S3,0,1288,0.18591347872720773,5536.900000000001,0
S3,0,1289,0.20779698418536227,5281.3,0
S3,0,1290,0.15101289134438306,5511.5,3
S3,0,1291,0.15850722311396467,4985.900000000001,0
S3,0,1292,0.1638438880706922,5428.700000000001,0
S3,0,1293,0.1715234230911103,5459.700000000001,2
S3,0,1294,0.13487841945288753,5361.900000000001,2
S3,0,1295,0.20368946963873943,5092.900000000001,1
S3,0,1296,0.19529956967891426,5925.700000000001,0
S3,0,1297,0.2242246437552389,4641.200000000001,3
S3,0,1298,0.22924901185770752,4890.5,1
S3,0,1299,0.18531347419466573,5736.900000000001,0
S3,0,1300,0.2182913059841927,5116.900000000001,0
S3,0,1301,0.14927876551492789,6124.700000000001,7
S3,0,1302,0.11877394636015326,5372.5,0
S3,0,1303,0.17486149584487534,5762.1,3
S3,0,1304,0.18547442405310427,5041.700000000001,0
S3,0,1305,0.174573055028463,5243.5,1
S3,0,1306,0.16717909300538047,5222.900000000001,1
S3,0,1307,0.20275919732441472,4769.900000000001,8
S3,0,1308,0.17970797454137027,5313.700000000001,2
S3,0,1309,0.11648745519713262,5725.500000000001,0
S3,0,1310,0.14914243102162567,5450.900000000001,3
S3,0,1311,0.185580204778157,4649.3,3
S3,0,1312,0.16222062004325882,5564.3,2
S3,0,1313,0.1651376146788991,5457.5,0
S3,0,1314,0.21395528141865844,5034.3,2
S3,0,1315,0.15483002356109055,6022.700000000001,3
S3,0,1316,0.18,4969.5,1
S3,0,1317,0.14642857142857144,5674.5,1
S3,0,1318,0.14217134416543575,5516.1,3
S3,0,1319,0.1211453744493392,5644.3,5
S3,0,1320,0.13323464100666174,5533.900000000001,2
S3,0,1321,0.11061946902654868,6538.3,0
S3,0,1322,0.1545095220984549,5631.1,1
S3,0,1323,0.1439232409381663,5672.3,0
S3,0,1324,0.17966101694915254,5854.5,2
S3,0,1325,0.19222819346837536,4761.3,2
S3,0,1326,0.20357291233901123,4674.900000000001,0
S3,0,1327,0.1712946267580238,5498.1,0
S3,0,1328,0.15806686046511628,5522.900000000001,1
S3,0,1329,0.17198508081226688,4788.1,0
S3,0,1330,0.19280682239525399,5341.900000000001,3
S3,0,1331,0.12900065316786413,6249.900000000001,0
S3,0,1332,0.15870120394016782,5485.700000000001,0
S3,0,1333,0.17942583732057416,5018.1,4
S3,0,1334,0.20711297071129708,4670.5,0
S3,0,1335,0.2033898305084746,5200.5,0
S3,0,1336,0.20571827057182707,5618.1,1
S3,0,1337,0.2007233273056058,5394.5,0
S3,0,1338,0.21986353297952996,5080.1,0
S3,0,1339,0.14833333333333334,6073.5,0
S3,0,1340,0.1910569105691057,4856.5,1
S3,0,1341,0.19428571428571428,5134.5,0
S3,0,1342,0.19288389513108614,5282.5,1
S3,0,1343,0.19244868035190615,5383.6,1
S3,0,1344,0.1932740626207963,5149.900000000001,3
S3,0,1345,0.1706924315619968,6182.5,0
S3,0,1346,0.19528071602929212,4849.1,2
S3,0,1347,0.18940787054063993,5382.3,3
S3,0,1348,0.20946470131885184,5011.1,0
S3,0,1349,0.2133279154815116,4792.700000000001,1
S3,0,1350,0.20058888479941112,5310.900000000001,0
S3,0,1351,0.16961929890689786,5376.1,4
S3,0,1352,0.18321729571271528,5411.3,0
S3,0,1353,0.19543343653250775,5051.3,0
S3,0,1354,0.1674468851278358,5559.400000000001,0
S3,0,1355,0.22304111714507371,4949.1,0
S3,0,1356,0.19157088122605365,5178.0,3
S3,0,1357,0.17567057045712126,5337.900000000001,5
S3,0,1358,0.18703241895261846,5599.900000000001,3
S3,0,1359,0.21833117163856464,4490.85,0
S3,0,1360,0.2063301282051282,4885.700000000001,1
S3,0,1361,0.21788556271314893,5115.3,0
S3,0,1362,0.17305107526881722,6025.700000000001,5
S3,0,1363,0.19637978142076504,5732.1,1
S3,0,1364,0.1706596652445028,6071.900000000001,0
S3,0,1365,0.15184381778741865,5552.700000000001,0
S3,0,1366,0.16470109800732005,5067.3,12
S3,0,1367,0.16747237569060774,5816.700000000001,0
S3,0,1368,0.1836514223982715,5530.900000000001,1
S3,0,1369,0.18200910045502275,5631.900000000001,0
S3,0,1370,0.20530048525569242,5221.3,0
S3,0,1371,0.1847662141779789,5233.900000000001,0
S3,0,1372,0.2186761229314421,4915.1,0
S3,0,1373,0.2046671767406274,5086.3,0
S3,0,1374,0.19976949673453706,5132.1,2
S3,0,1375,0.1844106463878327,5201.5,0
S3,0,1376,0.20380434782608695,5051.700000000001,0
S3,0,1377,0.21869639794168097,4569.400000000001,2
S3,0,1378,0.21519968980224893,4975.3,0
S3,0,1379,0.22234678624813153,5184.700000000001,1
S3,0,1380,0.18464880521361332,5451.900000000001,0
S3,0,1381,0.16474184782608695,6020.3,6
S3,0,1382,0.21107668474051122,5013.900000000001,0
S3,0,1383,0.20667425104285173,5134.900000000001,0
S3,0,1384,0.201597565614302,5185.3,2
S3,0,1385,0.20558572536850273,5087.1,4
S3,0,1386,0.19193857965451055,5115.25,0
S3,0,1387,0.19035532994923857,5420.1,0
S3,0,1388,0.21772639691714837,5056.5,2
S3,0,1389,0.20872508461827755,5242.3,3
S3,0,1390,0.18771929824561404,5635.5,0
S3,0,1391,0.2334710743801653,4656.5,0
S3,0,1392,0.20833333333333334,5022.1,2
S3,0,1393,0.2032967032967033,5371.5,1
S3,0,1394,0.17192982456140352,5731.5,2
S3,0,1395,0.22662311147407105,4689.3,0
S3,0,1396,0.20076481835564053,5110.5,0
S3,0,1397,0.22234678624813153,5157.700000000001,1
S3,0,1398,0.20662768031189083,5014.5,0
S3,0,1399,0.18663348738002133,5546.1,0
S3,0,1400,0.18768768768768768,5261.3,1
S3,0,1401,0.21450265755504935,5099.3,0
S3,0,1402,0.1296426068675543,5802.3,0
S3,0,1403,0.11468738438771735,5592.1,2
S3,0,1404,0.1206384558277654,5583.3,3
S3,0,1405,0.12208258527827648,5701.500000000001,0
S3,0,1406,0.16856134849078794,5088.700000000001,0
S3,0,1407,0.15643802647412755,5061.1,4
S3,0,1408,0.1793478260869565,5455.5,0
S3,0,1409,0.15914137675795706,5453.900000000001,2
S3,0,1410,0.15350877192982457,5063.35,0
S3,0,1411,0.19538518794194268,5299.900000000001,3
S3,0,1412,0.18470149253731344,5289.5,0
S3,0,1413,0.18072289156626506,6120.700000000001,3
S3,0,1414,0.19012797074954296,5380.500000000001,0
S3,0,1415,0.19007603041216486,4946.3,3
S3,0,1416,0.1965230536659108,5198.700000000001,2
S3,0,1417,0.2000769526741054,5098.05,0
S3,0,1418,0.23030303030303031,4799.5,3
S3,0,1419,0.23029045643153526,4648.5,0
S3,0,1420,0.19964028776978418,5479.0,0
S3,0,1421,0.21971723347344288,5034.900000000001,0
S3,0,1422,0.20334059549745825,5389.3,0
S3,0,1423,0.19625825385179752,5342.700000000001,0
S3,0,1424,0.20688392530208716,5363.700000000001,2
S3,0,1425,0.23455119530897608,4270.900000000001,2
S3,0,1426,0.18636847710330137,5712.900000000001,10
S3,0,1427,0.21518987341772153,5356.5,0
S3,0,1428,0.22642910170749814,5166.55,0
S3,0,1429,0.2332695984703633,5013.0,0
S3,0,1430,0.24236252545824846,4696.5,2
S3,0,1431,0.19910605444941082,4873.7,4
S3,0,1432,0.20597127739984883,5193.700000000001,3
S3,0,1433,0.2127659574468085,5138.900000000001,1
S3,0,1434,0.2217741935483871,4805.75,0
S3,0,1435,0.1774026868756459,5811.1,5
S3,0,1436,0.20642201834862386,5087.700000000001,1
S3,0,1437,0.21002210759027265,5256.8,0
S3,0,1438,0.22253408179631115,4829.3,1
S3,0,1439,0.20864661654135339,5193.5,0
S3,0,1440,0.1955403087478559,5716.5,0
S3,0,1441,0.20270270270270271,5365.1,0
S3,0,1442,0.20209310718152293,5462.700000000001,3
S3,0,1443,0.2,4965.5,6
S3,0,1444,0.21643286573146292,4876.5,4
S3,0,1445,0.20404411764705882,5305.5,0
S3,0,1446,0.1987662782727896,5731.1,0
S3,0,1447,0.20841603811036125,4916.3,1
S3,0,1448,0.20229144289294665,5458.1,0
S3,0,1449,0.1935127165499447,5326.1,0
S3,0,1450,0.1272857655073503,5731.3,1
S3,0,1451,0.1311787072243346,5341.0,0
S3,0,1452,0.15950920245398773,4949.25,4
S3,0,1453,0.1554498902706657,5527.3,3
S3,0,1454,0.1583457526080477,5362.3,0
S3,0,1455,0.15407190022010273,5510.700000000001,2
S3,0,1456,0.14757969303423848,5132.700000000001,0
S3,0,1457,0.15459882583170254,5147.5,1
S3,0,1458,0.1620288834096513,5755.3,2
S3,0,1459,0.19671504965622613,5129.1,0
S3,0,1460,0.16921837228041903,4945.900000000001,0
S3,0,1461,0.1828410689170183,5723.3,7
S3,0,1462,0.20120345994734862,5195.3,0
S3,0,1463,0.19687964338781574,5293.900000000001,0
S3,0,1464,0.1787030213706706,5369.3,1
S3,0,1465,0.1552259399793032,5825.3,0
S3,0,1466,0.10314685314685315,5925.5,0
S3,0,1467,0.12848353239232718,5645.1,0
S3,0,1468,0.1651705565529623,5593.5,3
S3,0,1469,0.20703125,4963.5,0
S3,0,1470,0.1868583162217659,4821.5,2
S3,0,1471,0.20685799478196049,5204.1,0
S3,0,1472,0.1828410689170183,5669.3,5
S3,0,1473,0.18299246501614638,5566.900000000001,4
S3,0,1474,0.1949740034662045,4529.85,0
S3,0,1475,0.20024271844660194,4831.900000000001,0
S3,0,1476,0.17569546120058566,5421.150000000001,1
S3,0,1477,0.17058377558756635,5256.1,0
S3,0,1478,0.17115384615384616,5153.5,0
S3,0,1479,0.19191506737443856,4848.3,3
S3,0,1480,0.17595307917888564,5393.1,0
S3,0,1481,0.20177711958533875,5255.700000000001,0
S3,0,1482,0.17234468937875752,4940.5,0
S3,0,1483,0.06621263715474839,5572.1,0
S3,0,1484,0.11523226503420958,5712.900000000001,0
S3,0,1485,0.19448640483383686,5209.35,0
S3,0,1486,0.18584070796460178,5603.5,3
S3,0,1487,0.1989389920424403,5163.3,0
S3,0,1488,0.2435841670291431,4373.3,0
S3,0,1489,0.2122114668652271,5225.700000000001,1
S3,0,1490,0.18845700824499412,5022.900000000001,0
S3,0,1491,0.20237653174897882,5259.1,1
S3,0,1492,0.18383761011106856,5217.200000000001,2
S3,0,1493,0.18162766329025498,5700.85,2
S3,0,1494,0.21359223300970873,4989.5,1
S3,0,1495,0.21080139372822299,5588.500000000001,1
S3,0,1496,0.20306513409961685,5147.5,2
S3,0,1497,0.20524515393386544,5201.700000000001,6
S3,0,1498,0.20736434108527133,5021.5,0
S3,0,1499,0.21491550330639236,5253.900000000001,0
S3,1,0,0.13911290322580644,5022.5,1
S3,1,1,0.11139517896274653,5640.1,0
S3,1,2,0.11993708218639403,5216.1,0
S3,1,3,0.13206162876008803,5595.700000000001,3
S3,1,4,0.13356562137049943,5251.1,0
S3,1,5,0.1528776978417266,5625.5,1
S3,1,6,0.08928571428571429,6104.900000000001,1
S3,1,7,0.09963768115942029,5729.5,0
S3,1,8,0.14250309789343246,4990.700000000001,7
S3,1,9,0.12556221889055472,5455.1,0
S3,1,10,0.13055339049103662,5236.700000000001,2
S3,1,11,0.12667946257197696,5372.5,4
S3,1,12,0.1308485329103886,5129.900000000001,0
S3,1,13,0.10329829648423342,5705.3,0
S3,1,14,0.11764705882352941,5927.5,0
S3,1,15,0.16219463356027233,5015.150000000001,0
S3,1,16,0.11757902852737086,5352.3,3
S3,1,17,0.14529252227818676,5205.700000000001,0
S3,1,18,0.14836795252225518,4752.3,0
S3,1,19,0.1322845906328209,5733.900000000001,3
S3,1,20,0.13636363636363635,5580.5,1
S3,1,21,0.14484781811514486,5497.900000000001,0
S3,1,22,0.13738551207327226,4881.900000000001,2
S3,1,23,0.12009890498057224,5830.700000000001,3
S3,1,24,0.11355174981384959,5551.700000000001,2
S3,1,25,0.15283842794759825,5079.55,0
S3,1,26,0.1305025321386833,5212.900000000001,0
S3,1,27,0.11251758087201125,5880.3,0
S3,1,28,0.1203099510603589,5017.900000000001,0
S3,1,29,0.15129151291512916,5447.5,0
S3,1,30,0.11929677689409796,4882.05,0
S3,1,31,0.11557610241820768,5777.400000000001,1
S3,1,32,0.13004146249528836,5403.1,1
S3,1,33,0.1266294227188082,5466.5,0
S3,1,34,0.15495867768595042,4855.75,1
S3,1,35,0.13038324772817067,5149.700000000001,0
S3,1,36,0.1661951909476662,5625.1,0
S3,1,37,0.1363803907113896,5502.1,0
S3,1,38,0.15247524752475247,5127.5,3
S3,1,39,0.11661807580174927,5625.3,0
S3,1,40,0.12054896142433234,5535.700000000001,1
S3,1,41,0.13445050662509742,5208.700000000001,0
S3,1,42,0.15405096995055154,5312.8,2
S3,1,43,0.12671594508975711,5848.700000000001,3
S3,1,44,0.1344364012409514,5891.700000000001,0
S3,1,45,0.11371841155234658,5683.5,0
S3,1,46,0.1609322974472808,5425.1,1
S3,1,47,0.1430274135876043,5072.900000000001,0
S3,1,48,0.13729977116704806,5313.900000000001,0
S3,1,49,0.1471861471861472,4656.5,0
S3,1,50,0.16955684007707128,5163.5,0
S3,1,51,0.18197573656845753,4561.1,0
S3,1,52,0.13122017723244717,5980.3,0
S3,1,53,0.1522744795682344,5210.3,0
S3,1,54,0.1551267499054105,5320.1,0
S3,1,55,0.11727078891257996,5788.3,2
S3,1,56,0.14955537590945836,5057.3,7
S3,1,57,0.1308485329103886,5164.900000000001,0
S3,1,58,0.1542089985486212,5541.700000000001,1
S3,1,59,0.10524301569077689,5386.1,0
S3,1,60,0.16378012048192772,5353.700000000001,5
S3,1,61,0.14236244709503657,5254.3,1
S3,1,62,0.15381542149420696,5032.1,0
S3,1,63,0.14111365369946605,5321.900000000001,2
S3,1,64,0.16380343587694765,5002.1,0
S3,1,65,0.08946657663740716,6215.900000000001,2
S3,1,66,0.17974487823734056,5113.900000000001,1
S3,1,67,0.144318597004019,5564.900000000001,2
S3,1,68,0.1434108527131783,5199.5,0
S3,1,69,0.15876052027543994,5295.3,4
S3,1,70,0.15636363636363637,5501.5,0
S3,1,71,0.14157973174366617,5447.3,2
S3,1,72,0.09401709401709402,6141.500000000001,5
S3,1,73,0.15469613259668508,5451.5,0
S3,1,74,0.14495481927710843,5363.700000000001,0
S3,1,75,0.13040371561271882,5707.3,0
S3,1,76,0.16518650088809947,5622.500000000001,0
S3,1,77,0.15706806282722513,5361.3,0
S3,1,78,0.15209857527916826,5216.400000000001,0
S3,1,79,0.12966601178781925,5170.5,0
S3,1,80,0.1623740201567749,5339.3,0
S3,1,81,0.14055472263868066,5402.1,0
S3,1,82,0.18964836033188462,4959.700000000001,0
S3,1,83,0.151018922852984,5535.1,0
S3,1,84,0.16153846153846155,5208.5,1
S3,1,85,0.16491754122938532,5347.1,2
S3,1,86,0.1318165402672445,5636.3,0
S3,1,87,0.18414731785428343,4916.1,0
S3,1,88,0.1322463768115942,5621.5,0
S3,1,89,0.14417942328230687,5707.3,2
S3,1,90,0.1767870868562644,5143.900000000001,0
S3,1,91,0.17323995576852194,5372.1,0
S3,1,92,0.1596806387225549,5004.75,0
S3,1,93,0.17543859649122806,4880.950000000001,2
S3,1,94,0.14208909370199693,5297.3,1
S3,1,95,0.1686046511627907,5144.0,0
S3,1,96,0.16735537190082644,4864.5,3
S3,1,97,0.1687177451369591,4999.3,0
S3,1,98,0.14980544747081712,5179.5,0
S3,1,99,0.17608359133126936,5106.3,0
S3,1,100,0.1279673590504451,5512.700000000001,1
S3,1,101,0.1493680582152432,5369.7,8
S3,1,102,0.13597941933112825,5509.700000000001,0
S3,1,103,0.1423342822285482,4982.3,0
S3,1,104,0.16154766653370561,5029.900000000001,1
S3,1,105,0.1814595660749507,5018.5,1
S3,1,106,0.16963528413910092,4680.1,0
S3,1,107,0.18533604887983707,4822.5,0
S3,1,108,0.15841584158415842,5062.5,0
S3,1,109,0.18628616726119698,5011.1,4
S3,1,110,0.1184402332361516,5614.3,0
S3,1,111,0.10702818408847663,5895.1,9
S3,1,112,0.12572205232755693,6055.1,3
S3,1,113,0.13937282229965156,5251.1,1
S3,1,114,0.18082080455099553,4875.700000000001,1
S3,1,115,0.17183570829840739,4744.700000000001,0
S3,1,116,0.1570048309178744,5024.3,2
S3,1,117,0.14894419306184012,5396.900000000001,4
S3,1,118,0.18727345952476843,4902.1,0
S3,1,119,0.1485148514851485,5092.5,0
S3,1,120,0.140117994100295,5517.900000000001,0
S3,1,121,0.19653423499577347,4627.700000000001,1
S3,1,122,0.13759889920880633,5907.900000000001,0
S3,1,123,0.1608679386457164,5412.1,4
S3,1,124,0.16641162968630452,5211.3,0
S3,1,125,0.148864905098623,5413.900000000001,0
S3,1,126,0.191415313225058,5079.700000000001,1
S3,1,127,0.15991902834008098,4942.500000000001,0
S3,1,128,0.16630513376717282,5520.700000000001,0
S3,1,129,0.15475313190862197,5515.3,5
S3,1,130,0.16916570549788543,5192.450000000001,0
S3,1,131,0.13556903317873706,5737.1,3
S3,1,132,0.16522423288749016,5108.900000000001,1
S3,1,133,0.17630948305374872,5799.700000000001,0
S3,1,134,0.15412186379928317,5609.5,0
S3,1,135,0.16129032258064516,5474.1,1
S3,1,136,0.12278308321964529,6049.900000000001,2
S3,1,137,0.15145985401459855,5500.0,0
S3,1,138,0.16473569876900795,5545.900000000001,1
S3,1,139,0.1519815313582147,5211.3,0
S3,1,140,0.1704745166959578,5664.5,0
S3,1,141,0.14207650273224043,5594.5,4
S3,1,142,0.17753763025858743,5130.700000000001,0
S3,1,143,0.13435003631082063,5602.3,0
S3,1,144,0.146163215590743,4994.1,0
S3,1,145,0.1474382602285293,5497.1,2
S3,1,146,0.15793528505392912,5221.700000000001,2
S3,1,147,0.15851272015655576,5102.5,0
S3,1,148,0.136986301369863,5640.05,1
S3,1,149,0.13978494623655913,5642.5,0
S3,1,150,0.14840182648401826,5341.1,4
S3,1,151,0.16945773524720892,4985.85,0
S3,1,152,0.1468904998092331,5348.700000000001,5
S3,1,153,0.16820702402957485,5398.5,1
S3,1,154,0.1424963924963925,5601.900000000001,0
S3,1,155,0.10575016523463318,6270.700000000001,0
S3,1,156,0.15585811537083483,5620.700000000001,0
S3,1,157,0.14979905005480454,5546.900000000001,2
S3,1,158,0.155959896026736,5448.1,2
S3,1,159,0.13842746400885936,5497.3,0
S3,1,160,0.146392471244336,5859.3,5
S3,1,161,0.1530993278566094,5416.35,2
S3,1,162,0.1858172165339401,5218.900000000001,2
S3,1,163,0.18504240555127216,5154.3,2
S3,1,164,0.1889365017530191,5032.900000000001,0
S3,1,165,0.14652014652014653,5554.5,3
S3,1,166,0.17389678384442783,5307.3,0
S3,1,167,0.16975917883932096,5064.1,2
S3,1,168,0.140327430671567,6078.1,2
S3,1,169,0.14766483516483517,5897.900000000001,0
S3,1,170,0.2019150707743547,4714.400000000001,3
S3,1,171,0.12815680361854503,5502.1,6
S3,1,172,0.19401778496362165,4874.3,0
S3,1,173,0.12413108242303873,6283.700000000001,7
S3,1,174,0.17798690671031098,4881.3,3
S3,1,175,0.19435975609756098,5133.3,0
S3,1,176,0.20874359984245766,4954.3,1
S3,1,177,0.17830045523520485,5207.700000000001,0
S3,1,178,0.14258555133079848,5418.5,7
S3,1,179,0.15420200462606015,5214.3,0
S3,1,180,0.18297533810660302,4981.3,0
S3,1,181,0.1724137931034483,5342.900000000001,0
S3,1,182,0.1639035418236624,5304.3,0
S3,1,183,0.1879547291835085,4912.3,2
S3,1,184,0.1617391304347826,5738.750000000001,0
S3,1,185,0.1649443561208267,5044.700000000001,0
S3,1,186,0.19230769230769232,4443.400000000001,0
S3,1,187,0.1553672316384181,5744.900000000001,3
S3,1,188,0.17995910020449898,4850.5,1
S3,1,189,0.17053973013493254,5335.1,0
S3,1,190,0.17247774480712166,5373.700000000001,1
S3,1,191,0.17071320182094082,5290.700000000001,3
S3,1,192,0.17283097131005876,5732.1,0
S3,1,193,0.13723365836041893,5648.3,0
S3,1,194,0.1586130579122095,5466.700000000001,2
S3,1,195,0.19104592821304517,5108.700000000001,2
S3,1,196,0.14931087289433384,5265.900000000001,0
S3,1,197,0.20607375271149675,4492.5,0
S3,1,198,0.17850502045370026,5307.3,0
S3,1,199,0.14939136849870896,5475.700000000001,0
S3,1,200,0.16129032258064516,5192.3,0
S3,1,201,0.1867762420620097,5276.900000000001,0
S3,1,202,0.1524054351817848,5500.1,0
S3,1,203,0.1679031628270207,5133.700000000001,1
S3,1,204,0.16350423899878885,5005.900000000001,3
S3,1,205,0.19358623386781385,4998.900000000001,0
S3,1,206,0.1753686727779992,5032.05,2
S3,1,207,0.17267552182163187,5255.5,1
S3,1,208,0.15483383685800603,5321.1,0
S3,1,209,0.19657454262358895,5016.55,0
S3,1,210,0.22144039735099338,4660.700000000001,0
S3,1,211,0.18628616726119698,5007.1,1
S3,1,212,0.18649757553151808,5325.700000000001,2
S3,1,213,0.18992403038784486,4922.7,1
S3,1,214,0.1887152115897827,5164.1,0
S3,1,215,0.15100671140939598,5415.900000000001,2
S3,1,216,0.1574642126789366,4959.5,3
S3,1,217,0.15827338129496402,5598.500000000001,2
S3,1,218,0.15636774679728713,5328.3,0
S3,1,219,0.140607424071991,5404.900000000001,0
S3,1,220,0.1936619718309859,5042.700000000001,2
S3,1,221,0.15731140507686808,5701.900000000001,5
S3,1,222,0.18060463290145268,5038.900000000001,0
S3,1,223,0.16313488059199463,5926.1,0
S3,1,224,0.15106303618052966,5402.700000000001,0
S3,1,225,0.1522744795682344,5225.3,0
S3,1,226,0.18353941267387944,5111.1,0
S3,1,227,0.15665236051502146,4693.5,2
S3,1,228,0.19306540583136328,4963.1,0
S3,1,229,0.16306563391765186,4916.85,1
S3,1,230,0.16549844236760125,5127.1,0
S3,1,231,0.14937424303593055,5063.900000000001,6
S3,1,232,0.14018691588785046,5442.5,0
S3,1,233,0.125,5449.5,4
S3,1,234,0.15625,5699.1,0
S3,1,235,0.14207650273224043,5542.5,0
S3,1,236,0.1584377302873987,5459.3,1
S3,1,237,0.16660426806439535,5309.700000000001,0
S3,1,238,0.20478507704785076,4790.700000000001,0
S3,1,239,0.15969162995594713,5451.3,1
S3,1,240,0.08867173362287369,5795.1,3
S3,1,241,0.19854132901134522,4829.1,0
S3,1,242,0.1595744680851064,5651.5,0
S3,1,243,0.15524193548387097,5034.5,3
S3,1,244,0.17261671243624951,5052.3,0
S3,1,245,0.16085790884718498,5227.700000000001,0
S3,1,246,0.12690355329949238,5640.1,0
S3,1,247,0.13258897418004187,5816.700000000001,0
S3,1,248,0.11102886750555144,5566.900000000001,0
S3,1,249,0.15213358070500926,5424.5,0
S3,1,250,0.1621727237202032,5119.3,0
S3,1,251,0.2127659574468085,4923.1,0
S3,1,252,0.17348429510591673,5473.1,4
S3,1,253,0.148186889818689,5860.1,5
S3,1,254,0.18805738658394727,5099.3,0
S3,1,255,0.17984263769201947,5293.3,0
S3,1,256,0.1815893563466379,5503.200000000001,0
S3,1,257,0.16446124763705103,5292.5,0
S3,1,258,0.15175718849840256,5050.3,2
S3,1,259,0.13320013320013321,6124.1,0
S3,1,260,0.18680899733130005,5196.1,2
S3,1,261,0.1728826728826729,5162.3,3
S3,1,262,0.162292817679558,5794.700000000001,0
S3,1,263,0.18254837531945967,5393.3,0
S3,1,264,0.14369806094182824,5870.1,3
S3,1,265,0.15568862275449102,5025.5,0
S3,1,266,0.17283519553072627,5722.3,2
S3,1,267,0.19128787878787878,5189.5,0
S3,1,268,0.19164430816404754,5127.3,0
S3,1,269,0.20883054892601433,4917.3,1
S3,1,270,0.17027314650585315,5618.3,0
S3,1,271,0.17019798541160125,5713.3,0
S3,1,272,0.14622973925299507,5750.1,1
S3,1,273,0.16777214202106905,5147.35,2
S3,1,274,0.20042643923240938,4586.5,0
S3,1,275,0.187094310805651,5181.3,0
S3,1,276,0.1855123674911661,5603.5,0
S3,1,277,0.17745709828393136,5168.3,6
S3,1,278,0.21854575163398693,4726.1,0
S3,1,279,0.17661603673613563,5620.700000000001,0
S3,1,280,0.18102824040550325,5463.900000000001,0
S3,1,281,0.1853211009174312,5371.5,0
S3,1,282,0.21362586605080833,5027.1,0
S3,1,283,0.14846235418875928,5687.3,0
S3,1,284,0.18323586744639375,5112.5,3
S3,1,285,0.11818778726198292,6236.700000000001,0
S3,1,286,0.1226656902233614,5593.700000000001,0
S3,1,287,0.1606944957517547,5436.900000000001,0
S3,1,288,0.16257088846880907,5337.5,3
S3,1,289,0.20066197765825403,4702.900000000001,0
S3,1,290,0.19122609673790777,5242.900000000001,0
S3,1,291,0.20523708421797593,5507.700000000001,0
S3,1,292,0.21268057784911718,4877.400000000001,2
S3,1,293,0.1808834729626809,5195.700000000001,1
S3,1,294,0.15779092702169625,5115.5,3
S3,1,295,0.13811048839071258,5093.1,2
S3,1,296,0.10496850944716585,5928.1,1
S3,1,297,0.16520700636942676,5048.900000000001,1
S3,1,298,0.14919941775836973,5541.1,0
S3,1,299,0.1973943939992104,4960.1,0
S3,1,300,0.1851192595229619,5564.3,0
S3,1,301,0.22488440521227407,4559.3,0
S3,1,302,0.18192048012003,5287.700000000001,1
S3,1,303,0.1819560272934041,5261.1,2
S3,1,304,0.16260162601626016,5412.700000000001,0
S3,1,305,0.17473607571896616,5451.900000000001,1
S3,1,306,0.16806722689075632,4961.3,0
S3,1,307,0.18562874251497005,4945.5,0
S3,1,308,0.13664149586479685,5756.700000000001,7
S3,1,309,0.16079370509750257,5891.1,1
S3,1,310,0.15374103177314657,5939.900000000001,3
S3,1,311,0.13008427995602784,5575.3,0
S3,1,312,0.16475379489078118,5395.700000000001,0
S3,1,313,0.15913200723327306,5522.5,0
S3,1,314,0.11326860841423948,5707.700000000001,0
S3,1,315,0.14522821576763487,5855.900000000001,2
S3,1,316,0.1944990176817289,4992.5,0
S3,1,317,0.1989945538332635,4762.900000000001,6
S3,1,318,0.17946877243359655,5542.700000000001,2
S3,1,319,0.17439769866954333,5503.700000000001,0
S3,1,320,0.17401861594496154,4946.700000000001,3
S3,1,321,0.1461100569259962,5332.5,0
S3,1,322,0.1808590806330068,5250.3,0
S3,1,323,0.20712349980642664,5008.1,0
S3,1,324,0.17777777777777778,5808.5,0
S3,1,325,0.1515748031496063,5140.5,3
S3,1,326,0.15016233766233766,5020.3,3
S3,1,327,0.15168539325842698,5433.5,5
S3,1,328,0.14637629418064976,5672.700000000001,2
S3,1,329,0.15120274914089346,5894.5,1
S3,1,330,0.1467430207587688,5642.3,0
S3,1,331,0.15561319007039645,5499.3,6
S3,1,332,0.12233009708737864,5294.5,0
S3,1,333,0.2016773162939297,4895.8,0
S3,1,334,0.16134689582602596,5758.700000000001,3
S3,1,335,0.1728955640936081,5677.1,0
S3,1,336,0.14477017734346725,5580.1,0
S3,1,337,0.12815533980582525,5256.500000000001,0
S3,1,338,0.14835164835164835,5497.5,0
S3,1,339,0.15914585012087026,4973.900000000001,0
S3,1,340,0.18386961972419558,4770.6,3
S3,1,341,0.16910935738444194,5339.700000000001,2
S3,1,342,0.17455391776570986,5139.1,0
S3,1,343,0.16911764705882354,5468.5,3
S3,1,344,0.18319763138415987,5394.900000000001,2
S3,1,345,0.2079086832450061,4757.1,0
S3,1,346,0.22310756972111553,4817.5,0
S3,1,347,0.2037677816224529,5053.700000000001,0
S3,1,348,0.21124031007751937,5009.5,0
S3,1,349,0.20943472956486375,4764.3,0
S3,1,350,0.13761467889908258,5569.500000000001,4
S3,1,351,0.1790681502086231,5696.700000000001,0
S3,1,352,0.17433234421364985,5415.200000000001,2
S3,1,353,0.19237952932387,5258.900000000001,0
S3,1,354,0.1143265451947124,5835.3,6
S3,1,355,0.16152989231340512,5403.1,1
S3,1,356,0.17924135056273446,4791.3,3
S3,1,357,0.16934046345811052,5635.0,2
S3,1,358,0.17763649962602843,5305.3,1
S3,1,359,0.1646811492641906,5702.3,0
S3,1,360,0.19073083778966132,5516.5,0
S3,1,361,0.18713662790697674,5424.900000000001,1
S3,1,362,0.2203525641025641,4803.200000000001,0
S3,1,363,0.18928715263793797,4946.1,4
S3,1,364,0.1895734597156398,5398.1,0
S3,1,365,0.16475644699140402,5599.900000000001,0
S3,1,366,0.17610748002904866,5474.3,0
S3,1,367,0.1890669954788327,4824.85,1
S3,1,368,0.18930957683741648,5315.3,1
S3,1,369,0.16752577319587628,5448.700000000001,3
S3,1,370,0.20238095238095238,4919.5,0
S3,1,371,0.1983377408386853,5180.900000000001,0
S3,1,372,0.17510402219140084,5726.3,0
S3,1,373,0.1940359477124183,4841.35,2
S3,1,374,0.16898608349900596,5069.25,3
S3,1,375,0.16038791495710555,5425.700000000001,2
S3,1,376,0.16464799394398183,5337.900000000001,4
S3,1,377,0.1684967815221507,5266.700000000001,1
S3,1,378,0.18440261237034192,5118.1,0
S3,1,379,0.16454352441613587,5626.700000000001,0
S3,1,380,0.15359595229490422,5606.900000000001,1
S3,1,381,0.1678082191780822,5888.5,4
S3,1,382,0.17520723436322533,5319.3,3
S3,1,383,0.15993907083015993,5293.700000000001,2
S3,1,384,0.16592920353982302,5454.900000000001,2
S3,1,385,0.16202203499675957,6232.700000000001,4
S3,1,386,0.17991004497751126,5275.1,0
S3,1,387,0.21788990825688073,5038.700000000001,0
S3,1,388,0.16135155656795747,5329.3,2
S3,1,389,0.18401682439537329,5614.1,0
S3,1,390,0.1387738193869097,4977.55,4
S3,1,391,0.15196441808747221,5421.1,0
S3,1,392,0.15608740894901144,5770.1,0
S3,1,393,0.1434887459807074,5016.450000000001,0
S3,1,394,0.1642672572905131,5398.3,0
S3,1,395,0.11420828493999226,5343.1,3
S3,1,396,0.12363788767812238,4892.700000000001,2
S3,1,397,0.13717693836978131,5106.5,0
S3,1,398,0.16454352441613587,5716.700000000001,3
S3,1,399,0.16592920353982302,5400.900000000001,0
S3,1,400,0.15875980575270826,5346.900000000001,0
S3,1,401,0.08095605242868158,5452.3,2
S3,1,402,0.17671917018824435,5186.1,3
S3,1,403,0.1167654234925061,5957.3,4
S3,1,404,0.11739799846035412,5376.1,3
S3,1,405,0.20313757039420757,4868.200000000001,1
S3,1,406,0.18499660556687034,5794.700000000001,0
S3,1,407,0.2250206440957886,4644.150000000001,0
S3,1,408,0.21050670640834576,5194.3,0
S3,1,409,0.17713659605551496,5409.1,0
S3,1,410,0.1307531380753138,5842.1,0
S3,1,411,0.1496896677619569,5521.3,0
S3,1,412,0.12199563000728332,5653.700000000001,3
S3,1,413,0.11098130841121495,5275.1,0
S3,1,414,0.158496129745669,5490.1,3
S3,1,415,0.15007598784194529,5345.900000000001,3
S3,1,416,0.15892857142857142,5670.5,3
S3,1,417,0.16647961092405536,5434.1,8
S3,1,418,0.19014357780364766,5065.150000000001,0
S3,1,419,0.12451085023123444,5751.700000000001,0
S3,1,420,0.14969029593943564,5880.700000000001,2
S3,1,421,0.20031421838177532,4956.700000000001,0
S3,1,422,0.20681265206812652,4780.700000000001,0
S3,1,423,0.191699604743083,4971.5,0
S3,1,424,0.1625,4819.5,0
S3,1,425,0.14752932811944544,5756.1,5
S3,1,426,0.17481128327373857,5021.650000000001,1
S3,1,427,0.1845509893455099,5190.35,0
S3,1,428,0.1682600382409178,5200.500000000001,0
S3,1,429,0.18118466898954705,5675.5,1
S3,1,430,0.16345804576825282,5544.1,3
S3,1,431,0.12229922543823889,5004.1,0
S3,1,432,0.16796267496111975,5195.5,6
S3,1,433,0.15811801002699577,5185.35,0
S3,1,434,0.15183994283672742,5636.3,1
S3,1,435,0.15037593984962405,5150.900000000001,4
S3,1,436,0.18610834164174145,5915.3,0
S3,1,437,0.17748091603053434,5213.5,1
S3,1,438,0.18252212389380532,5380.900000000001,1
S3,1,439,0.2045188936501753,4984.900000000001,0
S3,1,440,0.1681503461918892,6115.1,3
S3,1,441,0.21115846571096475,4991.700000000001,0
S3,1,442,0.17979144192736426,5513.700000000001,0
S3,1,443,0.1707891637220259,5225.900000000001,10
S3,1,444,0.15963107484923733,5714.3,3
S3,1,445,0.1896551724137931,5115.5,0
S3,1,446,0.19022827392871447,4938.900000000001,2
S3,1,447,0.17869907076483202,5564.1,1
S3,1,448,0.18635855385762207,5290.1,0
S3,1,449,0.19954819277108435,5221.700000000001,3
S3,1,450,0.19336008755928494,5398.700000000001,1
S3,1,451,0.22040302267002518,4645.900000000001,4
S3,1,452,0.1832262939176426,5248.150000000001,1
S3,1,453,0.19550173010380623,5667.5,0
S3,1,454,0.2351164797238999,4433.1,0
S3,1,455,0.17513134851138354,5668.5,0
S3,1,456,0.1851179673321234,5435.0,0
S3,1,457,0.1986116467412264,5074.1,0
S3,1,458,0.172168974085907,5602.900000000001,0
S3,1,459,0.1855533465871438,5975.1,0
S3,1,460,0.19882179675994108,5294.700000000001,0
S3,1,461,0.16776075857038658,5479.150000000001,1
S3,1,462,0.14110657259561826,5449.1,1
S3,1,463,0.12350163458045768,5658.1,1
S3,1,464,0.1388888888888889,5397.3,1
S3,1,465,0.13644859813084112,5414.5,0
S3,1,466,0.1518178186176588,5018.1,0
S3,1,467,0.1504188880426504,5280.700000000001,0
S3,1,468,0.14723438121766813,5063.85,0
S3,1,469,0.1264524948735475,5975.700000000001,0
S3,1,470,0.15527950310559005,5198.700000000001,3
S3,1,471,0.14207862981704944,5194.3,1
S3,1,472,0.15914137675795706,5420.900000000001,0
S3,1,473,0.13092029264536004,5292.900000000001,0
S3,1,474,0.1540041067761807,4902.5,0
S3,1,475,0.1733677609738104,5367.700000000001,0
S3,1,476,0.13432835820895522,5451.5,0
S3,1,477,0.1928116810183452,5225.700000000001,0
S3,1,478,0.17190388170055454,5370.5,0
S3,1,479,0.16152989231340512,5439.1,3
S3,1,480,0.18533123028391169,5027.700000000001,1
S3,1,481,0.23051815585475316,4681.700000000001,0
S3,1,482,0.22556390977443608,4846.900000000001,0
S3,1,483,0.18290406868234416,5382.3,5
S3,1,484,0.17700665965650192,5658.1,0
S3,1,485,0.1442672741078208,5434.3,5
S3,1,486,0.16415261756876665,4524.55,1
S3,1,487,0.15481651376146788,5318.700000000001,5
S3,1,488,0.1670904467853251,5477.1,0
S3,1,489,0.1629601226993865,5232.1,1
S3,1,490,0.17884322678843226,5259.1,2
S3,1,491,0.22045201926639496,5257.3,2
S3,1,492,0.227950575202386,4528.900000000001,0
S3,1,493,0.19711902956785443,5187.1,0
S3,1,494,0.20902700702922677,5236.1,0
S3,1,495,0.22058823529411764,4880.700000000001,0
S3,1,496,0.15491452991452992,5788.1,10
S3,1,497,0.17053973013493254,5395.1,4
S3,1,498,0.1909307875894988,4997.3,3
S3,1,499,0.22753792298716452,4930.700000000001,0
S3,1,500,0.22684310018903592,5066.5,0
S3,1,501,0.219435736677116,4941.650000000001,0
S3,1,502,0.222177742193755,4817.1,0
S3,1,503,0.21335440537337022,4904.700000000001,1
S3,1,504,0.1834362513621504,5484.6,2
S3,1,505,0.20063920454545456,5484.700000000001,0
S3,1,506,0.19204389574759945,5751.700000000001,1
S3,1,507,0.22988505747126436,4541.3,2
S3,1,508,0.1918204849800941,5430.1,0
S3,1,509,0.27002700270027,4157.400000000001,0
S3,1,510,0.20099608680184988,5510.700000000001,1
S3,1,511,0.22176591375770022,4696.75,0
S3,1,512,0.2571795970852979,4439.1,3
S3,1,513,0.19365547768351163,5321.700000000001,0
S3,1,514,0.2084972462627852,5018.900000000001,3
S3,1,515,0.1721014492753623,5558.5,5
S3,1,516,0.1965845909451946,4943.1,0
S3,1,517,0.20353025936599423,5396.700000000001,0
S3,1,518,0.189520624303233,5295.700000000001,0
S3,1,519,0.213449187759728,5177.900000000001,5
S3,1,520,0.19445514054678475,5127.900000000001,1
S3,1,521,0.20052473763118442,5223.1,0
S3,1,522,0.20816967792615867,4994.700000000001,2
S3,1,523,0.2193151212004617,5001.3,0
S3,1,524,0.16111314536799706,5447.700000000001,0
S3,1,525,0.17120280948200176,4547.1,1
S3,1,526,0.18949181739879414,4551.900000000001,0
S3,1,527,0.15715317919075145,5652.1,6
S3,1,528,0.17359709325797335,4920.900000000001,0
S3,1,529,0.14548238897396631,5327.900000000001,4
S3,1,530,0.15416047548291234,5415.150000000001,0
S3,1,531,0.1703547593958553,5653.900000000001,0
S3,1,532,0.14364423455332545,5139.700000000001,0
S3,1,533,0.20910973084886128,4760.5,6
S3,1,534,0.19926873857404023,5330.5,0
S3,1,535,0.21031746031746032,4895.5,0
S3,1,536,0.1919422272900038,5214.700000000001,2
S3,1,537,0.21364009860312244,4718.3,0
S3,1,538,0.16755793226381463,5589.5,0
S3,1,539,0.1421623643845866,5405.1,1
S3,1,540,0.21402364451691805,4794.1,4
S3,1,541,0.1739439119630813,5638.900000000001,2
S3,1,542,0.149812734082397,5396.5,0
S3,1,543,0.1771793054571226,5575.900000000001,0
S3,1,544,0.17302889760970389,5619.35,1
S3,1,545,0.1958568738229755,5184.5,0
S3,1,546,0.21079881656804733,5285.3,1
S3,1,547,0.18741159830268742,5660.1,4
S3,1,548,0.16635859519408502,5474.5,4
S3,1,549,0.2383053839364519,4333.450000000001,2
S3,1,550,0.17531044558071585,5435.1,0
S3,1,551,0.17963027554935473,5696.900000000001,0
S3,1,552,0.18081461743433574,5277.150000000001,3
S3,1,553,0.17919750681729646,5092.900000000001,2
S3,1,554,0.18929254302103252,5180.5,2
S3,1,555,0.17684887459807075,4933.1,0
S3,1,556,0.16753926701570682,5741.5,3
S3,1,557,0.19671504965622613,5158.1,2
S3,1,558,0.17136070580251103,5844.900000000001,0
S3,1,559,0.15761488796050133,5262.1,0
S3,1,560,0.12020093290276283,5765.900000000001,5
S3,1,561,0.1368113827070412,5616.700000000001,2
S3,1,562,0.1889763779527559,4979.5,0
S3,1,563,0.1642628205128205,4966.700000000001,0
S3,1,564,0.09868421052631579,5688.700000000001,0
S3,1,565,0.13282387190684133,5688.1,7
S3,1,566,0.143496086470369,5480.1,4
S3,1,567,0.1295816364309515,5522.700000000001,1
S3,1,568,0.17714968152866242,5032.900000000001,5
S3,1,569,0.1838091513492374,5028.900000000001,0
S3,1,570,0.11627906976744186,5494.700000000001,2
S3,1,571,0.18497330282227306,5153.900000000001,0
S3,1,572,0.1355421686746988,5449.700000000001,4
S3,1,573,0.15832106038291605,5426.700000000001,0
S3,1,574,0.15876052027543994,5220.3,0
S3,1,575,0.10885082084225553,5770.900000000001,0
S3,1,576,0.14737754659731253,4634.900000000001,0
S3,1,577,0.1823226317875545,4966.1,0
S3,1,578,0.1694915254237288,4797.3,0
S3,1,579,0.18992102294095525,5257.3,2
S3,1,580,0.18110236220472442,5045.5,2
S3,1,581,0.17810273715785527,5307.900000000001,3
S3,1,582,0.20856820744081173,5155.7,0
S3,1,583,0.16974726518294983,5270.700000000001,0
S3,1,584,0.15413533834586465,5350.0,1
S3,1,585,0.15367316341829085,5386.1,1
S3,1,586,0.19827908716797607,5212.1,0
S3,1,587,0.15602055800293685,5493.3,3
S3,1,588,0.18839487565938207,5206.3,0
S3,1,589,0.14329384791746275,5389.900000000001,7
S3,1,590,0.14433752775721687,5448.900000000001,0
S3,1,591,0.13786008230452676,4975.5,4
S3,1,592,0.1733038348082596,5453.900000000001,4
S3,1,593,0.16984402079722705,5812.500000000001,3
S3,1,594,0.14757554462403374,5741.700000000001,1
S3,1,595,0.15222906850308082,5608.3,4
S3,1,596,0.12508934953538242,5744.1,1
S3,1,597,0.1379712397979013,5242.1,0
S3,1,598,0.21487603305785125,4730.5,3
S3,1,599,0.20437956204379562,5375.5,1
S3,1,600,0.18651362984218078,5545.1,2
S3,1,601,0.1758698940998487,5231.3,0
S3,1,602,0.1290732120186204,4883.1,6
S3,1,603,0.09274594236502152,6273.3,0
S3,1,604,0.15676266861100985,5547.1,1
S3,1,605,0.19535569480280132,5340.35,0
S3,1,606,0.20305589063128268,4852.900000000001,0
S3,1,607,0.1720912832023943,5359.1,3
S3,1,608,0.2032520325203252,5272.700000000001,0
S3,1,609,0.16958841463414634,5307.3,4
S3,1,610,0.2060555088309504,4664.1,1
S3,1,611,0.1686401148188016,5601.900000000001,3
S3,1,612,0.16387845681119836,5912.3,5
S3,1,613,0.20585048754062837,5395.3,0
S3,1,614,0.21054702872884692,4976.700000000001,1
S3,1,615,0.21397220190197513,5326.8,1
S3,1,616,0.210546282245827,5107.200000000001,0
S3,1,617,0.18968692449355432,5362.5,0
S3,1,618,0.19365547768351163,5341.700000000001,0
S3,1,619,0.17627616599338963,5443.1,1
S3,1,620,0.20080321285140562,4866.5,1
S3,1,621,0.2082529888160432,5059.1,0
S3,1,622,0.21518473406414942,4770.1,0
S3,1,623,0.19844213649851633,5281.700000000001,0
S3,1,624,0.19926873857404023,5350.5,0
S3,1,625,0.1667291120269764,5338.3,1
S3,1,626,0.16983199415631847,5453.1,0
S3,1,627,0.15265736901620808,5406.1,4
S3,1,628,0.15407344871253695,4741.3,0
S3,1,629,0.14682220434432824,5018.700000000001,0
S3,1,630,0.22147147147147148,5120.3,0
S3,1,631,0.1783166904422254,5573.3,1
S3,1,632,0.1875689591761677,5377.3,0
S3,1,633,0.17968463513017968,5402.900000000001,0
S3,1,634,0.18874773139745918,5404.5,0
S3,1,635,0.18505463517800494,5598.900000000001,0
S3,1,636,0.16352443247402848,5195.3,0
S3,1,637,0.2104642014162077,4937.900000000001,0
S3,1,638,0.1810477657935285,5134.700000000001,0
S3,1,639,0.13323182337266845,5417.900000000001,3
S3,1,640,0.18510984540276648,4829.1,0
S3,1,641,0.18109035455585207,5240.1,2
S3,1,642,0.183206106870229,5167.25,0
S3,1,643,0.18442622950819673,5323.3,1
S3,1,644,0.21153126169973793,5169.950000000001,0
S3,1,645,0.18478260869565216,5502.5,4
S3,1,646,0.19726858877086495,5162.700000000001,0
S3,1,647,0.18141742963716515,5868.3,1
S3,1,648,0.21675084175084175,4600.700000000001,0
S3,1,649,0.200529701097238,5241.1,6
S3,1,650,0.20132916340891321,5001.6,0
S3,1,651,0.20404197434900895,5038.1,0
S3,1,652,0.17653352353780313,5600.3,2
S3,1,653,0.17473118279569894,5948.700000000001,2
S3,1,654,0.19858156028368795,5529.500000000001,2
S3,1,655,0.17993456924754633,5504.950000000001,5
S3,1,656,0.17355982274741508,5413.1,3
S3,1,657,0.1863468634686347,5377.5,2
S3,1,658,0.1970260223048327,5308.5,3
S3,1,659,0.20108923334729786,4662.900000000001,0
S3,1,660,0.1813186813186813,5379.500000000001,0
S3,1,661,0.1993923281428029,5150.1,0
S3,1,662,0.2046899841017488,4904.700000000001,0
S3,1,663,0.19049346879535559,5438.700000000001,2
S3,1,664,0.16464799394398183,5257.900000000001,0
S3,1,665,0.15242754986827248,5346.900000000001,0
S3,1,666,0.181651376146789,5389.0,0
S3,1,667,0.16358737490377212,5193.1,0
S3,1,668,0.16055990119390695,4843.3,0
S3,1,669,0.1310930576070901,5534.1,0
S3,1,670,0.1915572898190848,5545.3,0
S3,1,671,0.1920062695924765,5019.900000000001,2
S3,1,672,0.20159680638722555,4892.5,0
S3,1,673,0.21214480342545738,4965.3,0
S3,1,674,0.20463320463320464,5069.5,0
S3,1,675,0.18625192012288785,5187.3,1
S3,1,676,0.19169890960253252,5588.1,0
S3,1,677,0.19043588658484978,4716.1,6
S3,1,678,0.20516717325227962,5134.150000000001,1
S3,1,679,0.19411986430456088,5228.1,2
S3,1,680,0.21327967806841047,4815.5,0
S3,1,681,0.2534768954688201,4219.8,1
S3,1,682,0.20479134466769705,5114.1,1
S3,1,683,0.17959046659953004,5905.3,2
S3,1,684,0.15702795863653773,5249.700000000001,2
S3,1,685,0.18081180811808117,5361.5,0
S3,1,686,0.181210415200563,5601.900000000001,0
S3,1,687,0.17823284034888132,5204.900000000001,0
S3,1,688,0.132317562149158,5108.3,2
S3,1,689,0.20265291083271925,5298.3,0
S3,1,690,0.1916868442292171,4867.1,1
S3,1,691,0.18045935107546482,5460.35,2
S3,1,692,0.1958844479620103,4971.900000000001,0
S3,1,693,0.19808984789529538,5514.900000000001,0
S3,1,694,0.17667844522968199,5593.5,0
S3,1,695,0.17720499395892067,4917.1,0
S3,1,696,0.11085180863477247,5296.700000000001,0
S3,1,697,0.11217948717948718,5122.700000000001,0
S3,1,698,0.18415178571428573,5292.1,0
S3,1,699,0.1874521805661821,5132.8,0
S3,1,700,0.13351393188854488,5322.3,4
S3,1,701,0.193756727664155,5470.900000000001,0
S3,1,702,0.1781818181818182,5449.500000000001,0
S3,1,703,0.19718859820382664,4995.700000000001,0
S3,1,704,0.19196900317013033,5614.3,3
S3,1,705,0.17418844022169439,5081.700000000001,5
S3,1,706,0.19245426829268292,5154.3,0
S3,1,707,0.17863587152652471,5522.700000000001,1
S3,1,708,0.25296964364276286,4325.1,3
S3,1,709,0.22014925373134328,5182.5,1
S3,1,710,0.14865844815083393,5683.1,9
S3,1,711,0.14879885263535317,5663.3,2
S3,1,712,0.20930232558139536,4995.5,0
S3,1,713,0.2100350058343057,5009.7,2
S3,1,714,0.19264448336252188,5611.75,0
S3,1,715,0.13916500994035785,6188.6,5
S3,1,716,0.1911976911976912,5489.900000000001,0
S3,1,717,0.19455252918287938,5088.5,3
S3,1,718,0.17687819110138586,5502.900000000001,1
S3,1,719,0.21606118546845124,5062.5,0
S3,1,720,0.19656897784131522,5503.1,0
S3,1,721,0.22379495026778884,5016.3,0
S3,1,722,0.2079284881461329,5026.1,0
S3,1,723,0.1986754966887417,5003.400000000001,0
S3,1,724,0.19931008049060944,5090.55,0
S3,1,725,0.1908713692946058,4760.5,3
S3,1,726,0.19847050254916243,5354.700000000001,0
S3,1,727,0.18238261544431508,5125.900000000001,1
S3,1,728,0.2126821583300512,4907.8,0
S3,1,729,0.2152831652443755,5001.1,0
S3,1,730,0.18238261544431508,5112.900000000001,0
S3,1,731,0.13938669852648347,5117.450000000001,0
S3,1,732,0.17464890169247388,5570.900000000001,4
S3,1,733,0.18540202966432476,5083.900000000001,2
S3,1,734,0.18296973961998592,5657.900000000001,2
S3,1,735,0.1934124856376867,5181.700000000001,4
S3,1,736,0.19179133103183735,5102.900000000001,0
S3,1,737,0.19201807228915663,5218.700000000001,0
S3,1,738,0.1717490361023484,5785.1,6
S3,1,739,0.17022817819630567,5510.700000000001,1
S3,1,740,0.206,4849.5,0
S3,1,741,0.15540296349837368,5594.900000000001,4
S3,1,742,0.15992647058823528,5449.5,0
S3,1,743,0.15508441303494308,5141.900000000001,0
S3,1,744,0.1694915254237288,5664.900000000001,3
S3,1,745,0.15544041450777202,5796.5,0
S3,1,746,0.19177540529853698,4969.3,0
S3,1,747,0.19167353668590273,4798.7,3
S3,1,748,0.20047169811320756,4990.3,2
S3,1,749,0.1947819871336669,5473.1,0
S3,1,750,0.17567567567567569,5145.5,1
S3,1,751,0.20595807282089004,5324.3,2
S3,1,752,0.14722975590856258,5199.700000000001,0
S3,1,753,0.12459150326797386,4987.1,0
S3,1,754,0.11610762992996683,5558.1,0
S3,1,755,0.07612328258447827,5712.1,3
S3,1,756,0.16463414634146342,4898.5,0
S3,1,757,0.13068181818181818,5361.5,0
S3,1,758,0.12304250559284116,5491.900000000001,0
S3,1,759,0.1529229578010066,5269.1,5
S3,1,760,0.16890664729386123,5504.1,2
S3,1,761,0.1570779712339137,5338.900000000001,1
S3,1,762,0.14361175305381313,6109.3,0
S3,1,763,0.16064981949458484,5625.500000000001,6
S3,1,764,0.13770003721622628,5457.900000000001,1
S3,1,765,0.1495194019223923,5686.3,3
S3,1,766,0.12658227848101267,5468.700000000001,0
S3,1,767,0.15338504936530326,5704.700000000001,0
S3,1,768,0.1383327266108482,5629.900000000001,5
S3,1,769,0.18297533810660302,4966.3,0
S3,1,770,0.19202087994034303,5252.900000000001,0
S3,1,771,0.14711575687185444,5194.1,0
S3,1,772,0.18051242236024845,5114.700000000001,2
S3,1,773,0.17930519237952933,5290.900000000001,0
S3,1,774,0.15291607396870555,5642.900000000001,0
S3,1,775,0.08264462809917356,5819.1,0
S3,1,776,0.11192589733693555,5334.700000000001,0
S3,1,777,0.1795429815016322,5532.150000000001,2
S3,1,778,0.20726338958180485,5290.700000000001,0
S3,1,779,0.19934162399414776,5368.3,0
S3,1,780,0.1569584931984653,5739.900000000001,0
S3,1,781,0.12422360248447205,5250.700000000001,0
S3,1,782,0.13916500994035785,5100.5,0
S3,1,783,0.15600624024961,5148.3,0
S3,1,784,0.1872805306281701,5063.1,1
S3,1,785,0.1976284584980237,4953.5,0
S3,1,786,0.17405063291139242,5006.1,0
S3,1,787,0.16327247191011235,5705.1,0
S3,1,788,0.13720109760878088,5236.700000000001,5
S3,1,789,0.14144271570014144,5709.1,0
S3,1,790,0.19138755980861244,4954.1,1
S3,1,791,0.1989953632148377,5043.1,0
S3,1,792,0.12353179424868367,5043.3,0
S3,1,793,0.13089970501474926,5516.650000000001,0
S3,1,794,0.11363636363636363,5143.1,0
S3,1,795,0.10136452241715399,5481.5,11
S3,1,796,0.14268960125097732,5236.1,5
S3,1,797,0.07393715341959335,5688.5,0
S3,1,798,0.12009472259810555,6105.700000000001,3
S3,1,799,0.151033386327504,5102.700000000001,2
S3,1,800,0.12631578947368421,5831.5,2
S3,1,801,0.14423076923076922,5298.5,3
S3,1,802,0.12878168438266557,5030.700000000001,2
S3,1,803,0.1252336448598131,5458.5,0
S3,1,804,0.09423897581792319,5835.900000000001,0
S3,1,805,0.19118718135469775,5395.700000000001,1
S3,1,806,0.15195369030390737,5675.3,7
S3,1,807,0.18645908761766836,5442.900000000001,1
S3,1,808,0.1784426820475847,5525.3,2
S3,1,809,0.16565728535803348,5626.900000000001,2
S3,1,810,0.1869857890800299,5250.3,0
S3,1,811,0.14223982715160244,5602.900000000001,0
S3,1,812,0.15906680805938495,5664.3,1
S3,1,813,0.14160839160839161,5899.5,7
S3,1,814,0.18795620437956204,5392.5,0
S3,1,815,0.17387944358578053,5246.1,5
S3,1,816,0.18934316353887398,5887.3,1
S3,1,817,0.1954771943273285,5126.05,0
S3,1,818,0.1978277734678045,5099.1,3
S3,1,819,0.19319938176197837,5081.1,0
S3,1,820,0.18271792919680244,5180.900000000001,0
S3,1,821,0.13970588235294118,5552.500000000001,3
S3,1,822,0.15478260869565216,5823.5,3
S3,1,823,0.13805721889554226,6148.700000000001,4
S3,1,824,0.19031857674803476,4762.900000000001,2
S3,1,825,0.20252197172334735,5133.900000000001,1
S3,1,826,0.1809872029250457,5455.5,1
S3,1,827,0.22718594883543336,5015.3,0
S3,1,828,0.17073170731707318,5429.5,9
S3,1,829,0.21814671814671815,5027.5,0
S3,1,830,0.22166538164996144,5021.3,1
S3,1,831,0.22799365582870737,4845.900000000001,0
S3,1,832,0.20516448532012735,5520.900000000001,2
S3,1,833,0.203890759446315,5260.1,3
S3,1,834,0.19652173913043477,5614.5,0
S3,1,835,0.20664349169563537,5041.3,0
S3,1,836,0.21379588543767647,4870.55,2
S3,1,837,0.1694915254237288,5559.35,3
S3,1,838,0.17900590893291624,5815.900000000001,9
S3,1,839,0.19706336939721794,5069.1,0
S3,1,840,0.1910828025477707,5259.55,0
S3,1,841,0.2199528672427337,4921.700000000001,0
S3,1,842,0.1909017059301381,4852.150000000001,0
S3,1,843,0.18181818181818182,4796.25,0
S3,1,844,0.16048910966755828,5287.900000000001,3
S3,1,845,0.174573055028463,5226.5,0
S3,1,846,0.16968325791855204,5301.900000000001,0
S3,1,847,0.14804370814240395,5774.900000000001,4
S3,1,848,0.1638349514563107,4968.900000000001,1
S3,1,849,0.1728247914183552,5002.900000000001,0
S3,1,850,0.1919422272900038,5189.200000000001,0
S3,1,851,0.15984015984015984,6008.1,0
S3,1,852,0.15376065209336792,5448.3,1
S3,1,853,0.12448903753251579,5522.700000000001,1
S3,1,854,0.16001376462491398,5819.700000000001,1
S3,1,855,0.045941807044410414,5594.900000000001,0
S3,1,856,0.1250480954213159,5383.3,4
S3,1,857,0.10961538461538461,5391.5,2
S3,1,858,0.15920029618659756,5431.700000000001,2
S3,1,859,0.19290724863600936,5033.700000000001,0
S3,1,860,0.19635065450218167,4939.700000000001,0
S3,1,861,0.19765166340508805,4993.75,0
S3,1,862,0.1832276250880902,5607.1,0
S3,1,863,0.1844345358735306,4925.900000000001,2
S3,1,864,0.17435524881946968,5495.1,1
S3,1,865,0.16328828828828829,5480.3,7
S3,1,866,0.189520624303233,5275.700000000001,0
S3,1,867,0.16071428571428573,5602.5,0
S3,1,868,0.1872163388804841,5190.3,0
S3,1,869,0.17721036585365854,5207.3,1
S3,1,870,0.15959376133478417,5504.900000000001,0
S3,1,871,0.09323064450749899,5138.900000000001,0
S3,1,872,0.20031421838177532,5004.700000000001,1
S3,1,873,0.18600682593856654,5779.5,0
S3,1,874,0.223911257189811,4743.3,3
S3,1,875,0.21484375,4959.5,0
S3,1,876,0.20280811232449297,5041.3,2
S3,1,877,0.15750787539376968,5764.900000000001,2
S3,1,878,0.13211009174311927,5582.5,2
S3,1,879,0.15706806282722513,4977.1,0
S3,1,880,0.18092725216735772,5281.1,2
S3,1,881,0.19745649263721554,5833.1,0
S3,1,882,0.18837018837018837,4820.900000000001,1
S3,1,883,0.19480519480519481,4852.3,0
S3,1,884,0.1968951154865581,5153.700000000001,0
S3,1,885,0.2032823573293547,5291.700000000001,4
S3,1,886,0.20657995409334354,5090.3,0
S3,1,887,0.20738282870178348,4726.700000000001,3
S3,1,888,0.19307109346806206,5423.450000000001,0
S3,1,889,0.18658122879758765,5230.1,0
S3,1,890,0.2054794520547945,4569.200000000001,0
S3,1,891,0.18539755351681958,5239.200000000001,6
S3,1,892,0.19506084466714388,5505.3,1
S3,1,893,0.16201117318435754,5430.5,6
S3,1,894,0.20184544405997693,5080.700000000001,1
S3,1,895,0.17702758336764102,4937.3,10
S3,1,896,0.17381032737090787,5868.1,0
S3,1,897,0.18199608610567514,5126.0,4
S3,1,898,0.16891891891891891,5603.900000000001,0
S3,1,899,0.19766034691407824,4875.3,2
S3,1,900,0.1870041556479033,5239.900000000001,3
S3,1,901,0.17001020061203673,5901.700000000001,4
S3,1,902,0.16262975778546712,5761.500000000001,0
S3,1,903,0.07722701149425287,5889.3,3
S3,1,904,0.12104283054003724,4428.6,2
S3,1,905,0.1890359168241966,5234.5,2
S3,1,906,0.1864156515319306,5361.3,0
S3,1,907,0.18814139110604333,5161.700000000001,0
S3,1,908,0.1892744479495268,5609.1,1
S3,1,909,0.2281226626776365,5118.3,0
S3,1,910,0.23173277661795408,4590.5,0
S3,1,911,0.21747076023391812,5294.950000000001,0
S3,1,912,0.14915019077349984,5814.1,0
S3,1,913,0.19054878048780488,5150.3,0
S3,1,914,0.2042450941129355,4888.900000000001,0
S3,1,915,0.1785063752276867,5483.5,3
S3,1,916,0.19970685232685967,5359.3,2
S3,1,917,0.21851410409217323,4857.900000000001,0
S3,1,918,0.19984326018808776,5015.900000000001,2
S3,1,919,0.2037791774731382,5298.3,1
S3,1,920,0.1960015680125441,5018.700000000001,1
S3,1,921,0.1862611073137389,5788.700000000001,2
S3,1,922,0.1847246891651865,5642.5,6
S3,1,923,0.20947176684881602,5357.0,0
S3,1,924,0.1987369985141159,5287.900000000001,0
S3,1,925,0.19778481012658228,4997.1,3
S3,1,926,0.2044392523364486,5033.35,1
S3,1,927,0.20076150917272412,5640.3,1
S3,1,928,0.19489479130734735,5687.3,0
S3,1,929,0.18689925240299038,5537.3,0
S3,1,930,0.19131714495952906,5372.1,1
S3,1,931,0.1838098774600817,5416.1,6
S3,1,932,0.18117295480014942,5394.900000000001,4
S3,1,933,0.18634564643799473,6043.900000000001,4
S3,1,934,0.20959214501510573,5176.1,2
S3,1,935,0.18316308559351885,5589.3,0
S3,1,936,0.20637898686679174,5190.5,0
S3,1,937,0.19042010208087948,5083.900000000001,3
S3,1,938,0.19169890960253252,5618.1,2
S3,1,939,0.18343991921911815,5889.700000000001,0
S3,1,940,0.1906857352401907,5417.900000000001,3
S3,1,941,0.22058823529411764,4741.1,2
S3,1,942,0.190267105744603,5431.1,3
S3,1,943,0.16043723554301834,5749.7,5
S3,1,944,0.17435524881946968,5554.1,6
S3,1,945,0.15991074748977316,5430.3,3
S3,1,946,0.14145810663764963,5635.900000000001,3
S3,1,947,0.16855926188786374,5617.1,0
S3,1,948,0.1884996191926885,5170.700000000001,0
S3,1,949,0.18645908761766836,5435.900000000001,0
S3,1,950,0.1592797783933518,5806.1,1
S3,1,951,0.16832440703902066,5210.3,0
S3,1,952,0.14181678804139516,5334.3,3
S3,1,953,0.17186882655077046,5077.700000000001,4
S3,1,954,0.12207882804325078,5884.900000000001,0
S3,1,955,0.17784137367130007,4826.700000000001,0
S3,1,956,0.17749244712990936,5307.1,6
S3,1,957,0.16095534787123572,5765.3,0
S3,1,958,0.14865996649916247,4857.1,2
S3,1,959,0.12799674928890695,5003.700000000001,0
S3,1,960,0.09983633387888707,6322.500000000001,0
S3,1,961,0.11694915254237288,6089.500000000001,1
S3,1,962,0.15722120658135283,5566.5,6
S3,1,963,0.19435276861019435,5343.900000000001,1
S3,1,964,0.1986116467412264,5054.1,0
S3,1,965,0.19619741100323623,4823.900000000001,0
S3,1,966,0.16873889875666073,5590.5,0
S3,1,967,0.17430845017051913,5241.3,0
S3,1,968,0.17756680731364274,5715.3,4
S3,1,969,0.16987542468856173,5302.3,3
S3,1,970,0.14280200694712467,5356.700000000001,9
S3,1,971,0.10944466963923793,5166.900000000001,4
S3,1,972,0.140625,5187.5,0
S3,1,973,0.17341040462427745,5553.1,3
S3,1,974,0.19603356216628529,5207.1,3
S3,1,975,0.208161582852432,4762.700000000001,2
S3,1,976,0.21296645307199397,5129.85,0
S3,1,977,0.18851303735024666,5603.1,2
S3,1,978,0.21514273893256103,4690.900000000001,0
S3,1,979,0.18662838392124692,4805.1,0
S3,1,980,0.19014849692140529,5424.700000000001,1
S3,1,981,0.15591397849462366,5633.5,2
S3,1,982,0.16327247191011235,5680.1,0
S3,1,983,0.12409513960703206,5989.700000000001,3
S3,1,984,0.1293867422899681,5760.700000000001,0
S3,1,985,0.13317665491578534,5201.1,0
S3,1,986,0.14200298953662183,5418.700000000001,0
S3,1,987,0.17288801571709234,5063.5,0
S3,1,988,0.13830195927775643,5277.1,0
S3,1,989,0.17314487632508835,5605.5,0
S3,1,990,0.05442942942942943,5712.3,3
S3,1,991,0.09022556390977443,5551.5,0
S3,1,992,0.18533123028391169,5035.700000000001,1
S3,1,993,0.22697795071335927,4426.1,0
S3,1,994,0.14679231605654222,5704.3,9
S3,1,995,0.19675925925925927,5096.900000000001,2
S3,1,996,0.17435320584926883,5296.900000000001,0
S3,1,997,0.20996860282574567,4944.1,0
S3,1,998,0.19230769230769232,4922.700000000001,0
S3,1,999,0.21638330757341576,4989.1,0
S3,1,1000,0.19529768676526355,5150.900000000001,0
S3,1,1001,0.18444119795471148,5454.85,3
S3,1,1002,0.16526019690576652,5735.3,3
S3,1,1003,0.1765375854214123,5229.3,1
S3,1,1004,0.1398112548060119,5801.700000000001,0
S3,1,1005,0.21507352941176472,5295.5,2
S3,1,1006,0.16134751773049646,5732.500000000001,7
S3,1,1007,0.13137254901960785,5195.5,0
S3,1,1008,0.15547703180212014,5714.5,2
S3,1,1009,0.14694656488549618,5269.5,0
S3,1,1010,0.20346646571213264,5158.3,0
S3,1,1011,0.1281040599132834,5225.900000000001,3
S3,1,1012,0.10954616588419405,5274.700000000001,0
S3,1,1013,0.15585509688289806,4780.3,2
S3,1,1014,0.10932944606413994,5664.3,0
S3,1,1015,0.14857142857142858,5294.500000000001,0
S3,1,1016,0.11909487892020643,5159.3,0
S3,1,1017,0.1589763474214812,5154.3,0
S3,1,1018,0.1165456629728697,5363.900000000001,0
S3,1,1019,0.10003923107100823,5289.3,0
S3,1,1020,0.15521450994070457,5821.900000000001,5
S3,1,1021,0.1579925650557621,5385.5,0
S3,1,1022,0.13513513513513514,5739.900000000001,2
S3,1,1023,0.18875344081793158,5044.1,2
S3,1,1024,0.17036450079239301,5127.05,6
S3,1,1025,0.16967126193001061,5723.3,5
S3,1,1026,0.16814843448009278,5178.900000000001,1
S3,1,1027,0.18265682656826568,5340.5,0
S3,1,1028,0.17458384084449857,4870.1,0
S3,1,1029,0.13424052960647298,5511.3,0
S3,1,1030,0.16833148353681096,5368.1,0
S3,1,1031,0.13399153737658676,5750.700000000001,0
S3,1,1032,0.05350553505535055,5785.500000000001,2
S3,1,1033,0.1696969696969697,4943.5,0
S3,1,1034,0.15768958185683912,5700.400000000001,2
S3,1,1035,0.15953307392996108,5159.5,0
S3,1,1036,0.15873015873015872,5567.900000000001,0
S3,1,1037,0.11920313520574788,6300.900000000001,0
S3,1,1038,0.18136693394425354,5179.3,0
S3,1,1039,0.18318068276436303,4743.900000000001,0
S3,1,1040,0.20208083233293317,4906.8,2
S3,1,1041,0.19849146486701072,4946.3,1
S3,1,1042,0.17824663514005093,5492.3,1
S3,1,1043,0.1834341906202723,5315.3,5
S3,1,1044,0.1971326164874552,4932.700000000001,0
S3,1,1045,0.18549747048903878,4756.900000000001,3
S3,1,1046,0.18994627782041443,5129.200000000001,0
S3,1,1047,0.18836255128683327,5292.700000000001,1
S3,1,1048,0.19881085098476403,5245.700000000001,0
S3,1,1049,0.19865200425682866,5517.3,0
S3,1,1050,0.20008250825082508,4759.3,1
S3,1,1051,0.18592057761732853,5494.5,3
S3,1,1052,0.19008572493477452,5278.1,0
S3,1,1053,0.19177126917712692,5664.1,2
S3,1,1054,0.1791530944625407,5492.1,0
S3,1,1055,0.19568397951719094,5370.3,2
S3,1,1056,0.20167151162790697,5405.900000000001,2
S3,1,1057,0.1783033033033033,5298.3,0
S3,1,1058,0.21094029317125493,5412.900000000001,0
S3,1,1059,0.12439807383627609,5119.900000000001,2
S3,1,1060,0.0985663082437276,5780.5,0
S3,1,1061,0.11940298507462686,5486.25,0
S3,1,1062,0.11019283746556474,4527.1,4
S3,1,1063,0.11147069399496584,5713.700000000001,0
S3,1,1064,0.06710044733631558,5257.3,2
S3,1,1065,0.18632416787264833,5545.3,7
S3,1,1066,0.18708730741012472,5436.700000000001,4
S3,1,1067,0.20924308588064047,5343.1,0
S3,1,1068,0.183585313174946,5515.1,3
S3,1,1069,0.20540540540540542,5457.5,3
S3,1,1070,0.22681653954235248,4792.200000000001,0
S3,1,1071,0.184645286686103,6114.900000000001,0
S3,1,1072,0.13754912468738836,5693.3,0
S3,1,1073,0.1522633744855967,4889.5,0
S3,1,1074,0.15096618357487923,5125.3,10
S3,1,1075,0.14231499051233396,5383.5,5
S3,1,1076,0.16446124763705103,5328.5,4
S3,1,1077,0.16796875,5103.5,0
S3,1,1078,0.1670337738619677,5549.3,8
S3,1,1079,0.16380952380952382,5328.500000000001,6
S3,1,1080,0.15179224579370884,5542.3,2
S3,1,1081,0.13600816048962938,5977.700000000001,0
S3,1,1082,0.16628873771730915,5270.700000000001,0
S3,1,1083,0.1331582895723931,5410.700000000001,0
S3,1,1084,0.06925207756232687,5362.900000000001,2
S3,1,1085,0.1725997842502697,5635.700000000001,7
S3,1,1086,0.15597305919886564,5721.700000000001,4
S3,1,1087,0.20442930153321975,4577.35,0
S3,1,1088,0.16229029905178702,5489.900000000001,0
S3,1,1089,0.1643835616438356,5892.5,5
S3,1,1090,0.1717408274785324,5075.900000000001,0
S3,1,1091,0.1611047180667434,5267.900000000001,2
S3,1,1092,0.1533135509396637,6142.1,0
S3,1,1093,0.1836210062431142,5378.1,0
S3,1,1094,0.19776268477826608,4900.1,0
S3,1,1095,0.18601446779193936,5726.1,0
S3,1,1096,0.22544283413848631,4760.3,0
S3,1,1097,0.19188993482983346,5465.900000000001,2
S3,1,1098,0.22786701531565184,5124.900000000001,0
S3,1,1099,0.16100178890876565,5593.5,1
S3,1,1100,0.2187853640135798,5173.200000000001,2
S3,1,1101,0.2239082161361954,5276.900000000001,3
S3,1,1102,0.18946228798267772,5483.700000000001,2
S3,1,1103,0.21446746637586334,5351.700000000001,0
S3,1,1104,0.19971469329529243,5484.3,0
S3,1,1105,0.20306376914855717,5478.900000000001,0
S3,1,1106,0.2003577817531306,5444.5,0
S3,1,1107,0.21214480342545738,4980.3,0
S3,1,1108,0.18113342898134863,5582.1,4
S3,1,1109,0.16943042537851477,5590.3,5
S3,1,1110,0.19223985890652556,5623.5,5
S3,1,1111,0.1835192515293271,5529.3,0
S3,1,1112,0.20241477272727273,5511.700000000001,1
S3,1,1113,0.19723865877712032,5022.5,2
S3,1,1114,0.19845857418111754,5108.5,2
S3,1,1115,0.20014825796886582,5275.1,0
S3,1,1116,0.23150062009094668,4619.05,0
S3,1,1117,0.22673501577287067,4878.700000000001,0
S3,1,1118,0.19027484143763213,5583.1,0
S3,1,1119,0.189465706707086,5256.3,5
S3,1,1120,0.2201761409127302,4823.1,0
S3,1,1121,0.2147124719940254,5197.35,1
S3,1,1122,0.18270622286541244,5522.3,4
S3,1,1123,0.18696397941680962,5746.5,0
S3,1,1124,0.22529971062422488,4677.05,0
S3,1,1125,0.19390060240963855,5257.700000000001,1
S3,1,1126,0.1872163388804841,5247.3,3
S3,1,1127,0.2106054907860098,5158.3,1
S3,1,1128,0.2049483013293944,5279.1,0
S3,1,1129,0.19845451352300666,5572.900000000001,0
S3,1,1130,0.1748971193415638,5810.700000000001,0
S3,1,1131,0.21253206302674973,5275.3,0
S3,1,1132,0.1855123674911661,5583.5,0
S3,1,1133,0.19158527422990232,5211.900000000001,0
S3,1,1134,0.19035532994923857,5491.1,2
S3,1,1135,0.17482517482517482,5465.400000000001,5
S3,1,1136,0.18072289156626506,5788.500000000001,0
S3,1,1137,0.21040550879877581,5083.3,0
S3,1,1138,0.18272425249169436,5377.3,0
S3,1,1139,0.21464162514373322,5037.3,0
S3,1,1140,0.20614692653673164,5217.1,0
S3,1,1141,0.19785502958579881,5341.3,3
S3,1,1142,0.20542920029347028,5353.950000000001,0
S3,1,1143,0.1884159106769016,5644.700000000001,0
S3,1,1144,0.20632472040107983,5070.1,0
S3,1,1145,0.21170130869899922,5109.1,2
S3,1,1146,0.1812741992256248,5599.700000000001,0
S3,1,1147,0.2014519056261343,5379.5,1
S3,1,1148,0.2057538237436271,5387.700000000001,1
S3,1,1149,0.2084108671380722,5226.900000000001,0
S3,1,1150,0.20408163265306123,5127.900000000001,3
S3,1,1151,0.20973486347447567,4934.900000000001,0
S3,1,1152,0.20086083213773315,5446.1,1
S3,1,1153,0.20054517133956387,5004.1,0
S3,1,1154,0.21084337349397592,5158.700000000001,0
S3,1,1155,0.19272334293948126,5472.700000000001,0
S3,1,1156,0.19708846584546472,5262.700000000001,0
S3,1,1157,0.19710669077757687,5396.5,0
S3,1,1158,0.17745302713987474,5682.3,0
S3,1,1159,0.20072992700729927,5335.5,0
S3,1,1160,0.17996289424860853,5314.5,0
S3,1,1161,0.16881638846737482,5242.700000000001,0
S3,1,1162,0.1999158249158249,4644.700000000001,0
S3,1,1163,0.15845070422535212,5685.5,0
S3,1,1164,0.16899338721528287,5412.900000000001,0
S3,1,1165,0.10342368045649072,5788.3,0
S3,1,1166,0.16679021497405486,5410.1,3
S3,1,1167,0.13943569553805774,6197.1,2
S3,1,1168,0.0954896383583909,5112.700000000001,1
S3,1,1169,0.11760094080752646,5239.700000000001,0
S3,1,1170,0.18725868725868725,5083.5,0
S3,1,1171,0.1554979637171418,5445.700000000001,0
S3,1,1172,0.18754552075746542,5430.700000000001,0
S3,1,1173,0.2158799853640688,5274.35,0
S3,1,1174,0.17920511000709724,5612.6,1
S3,1,1175,0.19320214669051877,5488.500000000001,0
S3,1,1176,0.19863563402889245,4856.900000000001,0
S3,1,1177,0.2064026958719461,4626.3,0
S3,1,1178,0.18766257896692679,5301.700000000001,0
S3,1,1179,0.19795918367346937,4833.25,0
S3,1,1180,0.17976278724981468,5395.1,3
S3,1,1181,0.2268083367388639,4684.900000000001,0
S3,1,1182,0.20879940343027592,5230.900000000001,0
S3,1,1183,0.2292663476874003,4797.85,0
S3,1,1184,0.2104642014162077,4957.900000000001,0
S3,1,1185,0.22312766783081103,4972.900000000001,1
S3,1,1186,0.1598946576373213,5386.6,4
S3,1,1187,0.18028385116992712,5158.900000000001,0
S3,1,1188,0.17272400143936667,5525.3,0
S3,1,1189,0.19315673289183222,5377.1,4
S3,1,1190,0.19496204278812976,5685.1,0
S3,1,1191,0.20006898930665748,5686.3,1
S3,1,1192,0.19941456275155506,5346.1,0
S3,1,1193,0.14803204458376873,5811.700000000001,2
S3,1,1194,0.14700968927497493,6057.1,1
S3,1,1195,0.1755754974639095,5165.1,7
S3,1,1196,0.16432791728212703,5437.1,2
S3,1,1197,0.22360703812316715,5304.35,2
S3,1,1198,0.20453624949372215,4888.8,4
S3,1,1199,0.20707831325301204,5190.700000000001,0
S3,1,1200,0.24748085449415558,4694.650000000001,0
S3,1,1201,0.23800234100663284,4874.1,0
S3,1,1202,0.2161214953271028,4984.1,1
S3,1,1203,0.21297770700636942,4918.900000000001,3
S3,1,1204,0.22611089264648054,4896.1,0
S3,1,1205,0.2098717450446949,5106.1,6
S3,1,1206,0.20648398301813972,5095.200000000001,1
S3,1,1207,0.21684134441633537,5359.900000000001,1
S3,1,1208,0.21448663853727146,5512.3,0
S3,1,1209,0.19344719414430114,5613.3,0
S3,1,1210,0.22424017790956263,5177.1,0
S3,1,1211,0.1625415589213151,5408.650000000001,0
S3,1,1212,0.15755161173487867,5534.700000000001,0
S3,1,1213,0.19528371407516582,5384.3,2
S3,1,1214,0.2190827190827191,4707.900000000001,0
S3,1,1215,0.2095347943098808,5106.700000000001,3
S3,1,1216,0.22440944881889763,4910.75,2
S3,1,1217,0.24358974358974358,4431.5,0
S3,1,1218,0.18706157443491817,5141.700000000001,5
S3,1,1219,0.1702127659574468,5723.5,8
S3,1,1220,0.09191880505553428,5474.700000000001,3
S3,1,1221,0.1729849098270151,5400.900000000001,0
S3,1,1222,0.2209838585703305,5001.900000000001,0
S3,1,1223,0.22364217252396165,4829.3,1
S3,1,1224,0.1880766501064585,5551.1,0
S3,1,1225,0.16072059342988343,5725.700000000001,4
S3,1,1226,0.15510630881840362,5765.3,0
S3,1,1227,0.13710223425863236,5985.3,0
S3,1,1228,0.08781362007168458,5816.500000000001,0
S3,1,1229,0.13315322269394056,5341.700000000001,5
S3,1,1230,0.08296460176991151,5683.900000000001,0
S3,1,1231,0.18330733229329174,5130.3,3
S3,1,1232,0.2013693113169553,4897.1,3
S3,1,1233,0.18791166214645486,5158.700000000001,3
S3,1,1234,0.20721412125863392,5103.700000000001,2
S3,1,1235,0.19683590875643855,5355.1,2
S3,1,1236,0.15044939429464635,5202.3,3
S3,1,1237,0.16129032258064516,5476.900000000001,6
S3,1,1238,0.144076840981857,5775.700000000001,6
S3,1,1239,0.17737617135207498,5972.1,3
S3,1,1240,0.1926782273603083,5131.5,3
S3,1,1241,0.18398706025070763,4917.1,1
S3,1,1242,0.1819620253164557,5070.6,5
S3,1,1243,0.1743295019157088,5235.5,4
S3,1,1244,0.17207278481012658,5027.1,0
S3,1,1245,0.17010703363914373,5225.700000000001,1
S3,1,1246,0.16327247191011235,5728.1,1
S3,1,1247,0.1747173689619733,5826.3,0
S3,1,1248,0.19283276450511946,5788.5,1
S3,1,1249,0.17749378771742988,5642.900000000001,6
S3,1,1250,0.20336605890603085,5565.900000000001,0
S3,1,1251,0.1852537977028529,5340.3,0
S3,1,1252,0.2230971128608924,5151.900000000001,2
S3,1,1253,0.18899700598802396,5239.900000000001,0
S3,1,1254,0.17510402219140084,5806.3,4
S3,1,1255,0.16104585070102312,5273.3,0
S3,1,1256,0.1855507303592578,4976.1,0
S3,1,1257,0.15889830508474576,4709.5,0
S3,1,1258,0.1705012325390304,4877.3,1
S3,1,1259,0.19411986430456088,5269.1,3
S3,1,1260,0.1779483600837404,5765.450000000001,6
S3,1,1261,0.1882693700217234,5439.900000000001,0
S3,1,1262,0.16526019690576652,5675.3,0
S3,1,1263,0.18839487565938207,5230.3,0
S3,1,1264,0.20833333333333334,4827.900000000001,0
S3,1,1265,0.19588828549262993,5076.35,0
S3,1,1266,0.21174590491410308,4882.1,0
S3,1,1267,0.20453624949372215,4826.3,1
S3,1,1268,0.19731800766283525,5129.5,2
S3,1,1269,0.22568093385214008,4935.5,0
S3,1,1270,0.22135416666666666,5187.1,0
S3,1,1271,0.20171367368796858,5497.700000000001,2
S3,1,1272,0.20991603358656538,4899.700000000001,4
S3,1,1273,0.21087680355160932,5250.1,0
S3,1,1274,0.16872427983539096,4964.25,10
S3,1,1275,0.19357195032870708,5395.1,0
S3,1,1276,0.20490156689433509,4899.05,3
S3,1,1277,0.2326051779935275,4741.150000000001,0
S3,1,1278,0.2190923317683881,4940.700000000001,0
S3,1,1279,0.16232607920085623,5733.1,9
S3,1,1280,0.21685761047463176,4728.3,0
S3,1,1281,0.13508645533141211,5819.700000000001,11
S3,1,1282,0.1952662721893491,5024.5,5
S3,1,1283,0.19508670520231214,5433.1,0
S3,1,1284,0.23014256619144602,4752.75,2
S3,1,1285,0.19736842105263158,4766.400000000001,0
S3,1,1286,0.19169890960253252,5613.1,0
S3,1,1287,0.19938650306748465,5136.1,2
S3,1,1288,0.22281275551921503,4697.200000000001,0
S3,1,1289,0.17887276409044886,5953.1,3
S3,1,1290,0.2026098901098901,5685.900000000001,0
S3,1,1291,0.19984744469870327,5129.1,0
S3,1,1292,0.19667170953101362,5198.3,2
S3,1,1293,0.18377001455604075,5443.1,0
S3,1,1294,0.1487138263665595,5064.1,3
S3,1,1295,0.19389587073608616,5481.0,2
S3,1,1296,0.1993230537796164,5234.3,1
S3,1,1297,0.24565217391304348,4397.25,2
S3,1,1298,0.17625899280575538,5637.5,6
S3,1,1299,0.2051473330846699,5227.700000000001,0
S3,1,1300,0.19666048237476808,5344.5,4
S3,1,1301,0.21412471825694968,5139.900000000001,0
S3,1,1302,0.2138157894736842,5309.700000000001,1
S3,1,1303,0.14835164835164835,5527.5,0
S3,1,1304,0.20865533230293662,5053.1,0
S3,1,1305,0.21623827009383925,4840.200000000001,6
S3,1,1306,0.1998546511627907,5381.900000000001,0
S3,1,1307,0.1964820359281437,5356.900000000001,6
S3,1,1308,0.22871917263325378,4808.3,0
S3,1,1309,0.19421172886519422,5270.700000000001,6
S3,1,1310,0.20702402957486138,5303.5,1
S3,1,1311,0.23395445134575568,4643.5,0
S3,1,1312,0.1822283929191253,5770.700000000001,3
S3,1,1313,0.22271714922049,5194.3,0
S3,1,1314,0.2043132803632236,5206.35,3
S3,1,1315,0.20848985725018782,5177.900000000001,0
S3,1,1316,0.2104524728165556,5539.700000000001,0
S3,1,1317,0.20103282921431206,5277.700000000001,0
S3,1,1318,0.21454112038140644,4896.900000000001,0
S3,1,1319,0.1994036526276556,5310.1,2
S3,1,1320,0.20500725689404933,5389.700000000001,1
S3,1,1321,0.18899700598802396,5317.900000000001,2
S3,1,1322,0.1965065502183406,5503.1,6
S3,1,1323,0.21829916476841307,5129.3,1
S3,1,1324,0.18565708045140153,5438.900000000001,0
S3,1,1325,0.20120345994734862,5235.3,0
S3,1,1326,0.23789473684210527,4534.5,0
S3,1,1327,0.23761980830670926,4784.05,0
S3,1,1328,0.20781893004115226,4798.5,3
S3,1,1329,0.22953328232593725,5023.8,0
S3,1,1330,0.16957523872242344,6070.900000000001,0
S3,1,1331,0.20298736116430485,5095.700000000001,0
S3,1,1332,0.2000727537286286,5402.3,3
S3,1,1333,0.21235521235521235,5062.5,1
S3,1,1334,0.1948529411764706,5433.5,6
S3,1,1335,0.21461716937354988,5010.700000000001,0
S3,1,1336,0.21206581352833637,5308.5,0
S3,1,1337,0.20372526193247964,5029.150000000001,0
S3,1,1338,0.1567109144542773,5423.900000000001,0
S3,1,1339,0.23638666103841283,4588.3,5
S3,1,1340,0.20007846214201647,5003.3,0
S3,1,1341,0.18226230740323188,5376.700000000001,9
S3,1,1342,0.19209659714599342,5437.1,3
S3,1,1343,0.19851116625310175,5534.700000000001,1
S3,1,1344,0.20434462444771723,5348.950000000001,2
S3,1,1345,0.2163280662151994,5176.85,3
S3,1,1346,0.21651376146788992,5274.5,0
S3,1,1347,0.24586860137041516,4713.700000000001,0
S3,1,1348,0.192382432957637,5127.1,5
S3,1,1349,0.20444763271162122,5451.1,2
S3,1,1350,0.21837659662134323,4779.900000000001,5
S3,1,1351,0.18930957683741648,5315.3,1
S3,1,1352,0.21272518206209276,5090.3,2
S3,1,1353,0.21140418929402638,5023.1,2
S3,1,1354,0.22452167122217884,4951.700000000001,0
S3,1,1355,0.2051702913418137,4839.900000000001,7
S3,1,1356,0.2189922480620155,5006.5,1
S3,1,1357,0.2153846153846154,5052.5,1
S3,1,1358,0.21469127040454222,5441.1,0
S3,1,1359,0.21677471636953,4822.85,2
S3,1,1360,0.2,5475.5,0
S3,1,1361,0.18670649738610903,5312.35,0
S3,1,1362,0.21443298969072164,4738.75,4
S3,1,1363,0.26501766784452296,4228.3,0
S3,1,1364,0.19218025182239895,5926.1,0
S3,1,1365,0.21479267837131116,5166.900000000001,0
S3,1,1366,0.19947308995107263,5209.900000000001,1
S3,1,1367,0.16241704505763185,5809.1,7
S3,1,1368,0.18100428182172051,5064.3,0
S3,1,1369,0.20648967551622419,4630.1,0
S3,1,1370,0.17611336032388664,4899.5,0
S3,1,1371,0.1680972818311874,5574.700000000001,0
S3,1,1372,0.19266394961096703,5321.3,2
S3,1,1373,0.204900718208703,4592.900000000001,0
S3,1,1374,0.2042840142800476,4926.700000000001,1
S3,1,1375,0.18975681650700074,5363.3,2
S3,1,1376,0.1709712622771917,5485.3,2
S3,1,1377,0.09630818619582665,5184.900000000001,1
S3,1,1378,0.14400291651476485,5528.1,0
S3,1,1379,0.14828209764918626,5578.5,0
S3,1,1380,0.1631578947368421,5737.500000000001,2
S3,1,1381,0.18897915930766512,5563.700000000001,0
S3,1,1382,0.1460711887172599,6014.1,1
S3,1,1383,0.20375045077533357,5390.1,0
S3,1,1384,0.0841009211053264,5286.900000000001,6
S3,1,1385,0.17116774438950172,5211.3,0
S3,1,1386,0.17184643510054845,5421.5,0
S3,1,1387,0.04171011470281543,6211.900000000001,3
S3,1,1388,0.06735950731331794,5493.1,0
S3,1,1389,0.10386297376093294,5686.3,0
S3,1,1390,0.16250944822373395,5272.700000000001,0
S3,1,1391,0.08125247720967102,5285.1,1
S3,1,1392,0.07569875776397515,5439.700000000001,3
S3,1,1393,0.05725190839694656,5577.5,1
S3,1,1394,0.1437043795620438,4458.900000000001,3
S3,1,1395,0.1498589562764457,5716.700000000001,0
S3,1,1396,0.15373864430468204,5782.900000000001,1
S3,1,1397,0.1507257164123558,5392.900000000001,0
S3,1,1398,0.15145705521472394,5236.1,0
S3,1,1399,0.12965050732807215,5412.700000000001,0
S3,1,1400,0.12317167051578137,5299.1,0
S3,1,1401,0.14723438121766813,5062.35,0
S3,1,1402,0.13620689655172413,5893.5,0
S3,1,1403,0.18185373484552209,5039.900000000001,0
S3,1,1404,0.11325028312570781,5455.3,0
S3,1,1405,0.1563067975281716,5542.700000000001,3
S3,1,1406,0.1724137931034483,5263.3,1
S3,1,1407,0.13647642679900746,5806.700000000001,7
S3,1,1408,0.16698292220113853,5367.5,7
S3,1,1409,0.14149209849320102,5491.700000000001,0
S3,1,1410,0.1647704982346018,5117.3,2
S3,1,1411,0.06466337010270065,5567.3,0
S3,1,1412,0.16646610509426393,4993.1,2
S3,1,1413,0.15271105010295127,5881.3,1
S3,1,1414,0.17981438515081208,5136.700000000001,2
S3,1,1415,0.13971358714635,5839.1,1
S3,1,1416,0.17478397486252945,5034.700000000001,0
S3,1,1417,0.17121969988457098,5168.3,1
S3,1,1418,0.19118220834959032,5077.1,3
S3,1,1419,0.15479360852197072,6092.05,3
S3,1,1420,0.19419547588561673,4590.35,0
S3,1,1421,0.1791907514450867,5139.0,0
S3,1,1422,0.18079800498753118,4856.450000000001,7
S3,1,1423,0.16700201207243462,5017.5,4
S3,1,1424,0.13784461152882205,5665.1,0
S3,1,1425,0.1567453328636844,5704.3,0
S3,1,1426,0.18257892734880182,5246.05,3
S3,1,1427,0.18612215395735454,5436.900000000001,0
S3,1,1428,0.2139364303178484,4736.3,0
S3,1,1429,0.17655897821187078,5289.900000000001,0
S3,1,1430,0.15069967707212056,5594.900000000001,0
S3,1,1431,0.15090172984909828,5524.900000000001,2
S3,1,1432,0.15101289134438306,5468.5,0
S3,1,1433,0.17842981760507534,5053.400000000001,5
S3,1,1434,0.13059701492537312,5463.5,0
S3,1,1435,0.15806322529011604,5087.3,5
S3,1,1436,0.1401323472168159,5207.3,0
S3,1,1437,0.1380813953488372,5585.900000000001,0
S3,1,1438,0.12834616795012835,5566.900000000001,0
S3,1,1439,0.20081135902636918,4796.5,0
S3,1,1440,0.18837675350701402,4892.5,0
S3,1,1441,0.1906857352401907,5362.900000000001,0
S3,1,1442,0.19402405898331393,5056.900000000001,0
S3,1,1443,0.18278100444140757,5777.900000000001,1
S3,1,1444,0.14727011494252873,5630.3,0
S3,1,1445,0.17746595130004128,4829.1,3
S3,1,1446,0.17140631086871835,5126.900000000001,0
S3,1,1447,0.2026744671959883,4670.1,0
S3,1,1448,0.18992102294095525,5261.3,0
S3,1,1449,0.17074117190531626,5148.900000000001,0
S3,1,1450,0.19191085431283533,4760.1,0
S3,1,1451,0.1516258677383997,5540.900000000001,0
S3,1,1452,0.19508388607101054,5068.1,2
S3,1,1453,0.19101123595505617,5263.5,2
S3,1,1454,0.19801980198019803,5120.700000000001,0
S3,1,1455,0.1715592832634388,5251.1,1
S3,1,1456,0.20607375271149675,5368.700000000001,0
S3,1,1457,0.2041213063763608,4995.900000000001,0
S3,1,1458,0.14526542324246772,5739.1,4
S3,1,1459,0.16887186629526463,5831.400000000001,9
S3,1,1460,0.16999649491763055,5784.1,6
S3,1,1461,0.20973486347447567,4938.650000000001,0
S3,1,1462,0.2191780821917808,4931.5,0
S3,1,1463,0.18476190476190477,5256.75,5
S3,1,1464,0.1815893563466379,5531.700000000001,1
S3,1,1465,0.15550239234449761,5878.700000000001,0
S3,1,1466,0.19363496932515337,5099.1,0
S3,1,1467,0.2201870615744349,4972.700000000001,2
S3,1,1468,0.19586507072905332,5389.900000000001,0
S3,1,1469,0.1783166904422254,5571.3,0
S3,1,1470,0.16548042704626334,5611.5,0
S3,1,1471,0.18032212885154061,5647.700000000001,0
S3,1,1472,0.19056603773584907,5192.0,0
S3,1,1473,0.1731049562682216,5491.3,2
S3,1,1474,0.19574306347396428,5157.700000000001,0
S3,1,1475,0.1729106628242075,4901.8,5
S3,1,1476,0.1444866920152091,5379.5,3
S3,1,1477,0.20380434782608695,5025.950000000001,0
S3,1,1478,0.19529837251356238,5402.5,0
S3,1,1479,0.20758483033932135,4912.5,2
S3,1,1480,0.18387815750371472,5330.900000000001,0
S3,1,1481,0.22642293311175737,4638.900000000001,2
S3,1,1482,0.1903311762466692,5169.400000000001,0
S3,1,1483,0.1999272991639404,5395.700000000001,1
S3,1,1484,0.19828926905132194,5037.900000000001,0
S3,1,1485,0.16678885630498533,5495.1,4
S3,1,1486,0.19743863393810032,5505.700000000001,0
S3,1,1487,0.19117647058823528,5389.5,2
S3,1,1488,0.19188596491228072,5376.700000000001,0
S3,1,1489,0.17965204236006052,5283.05,3
S3,1,1490,0.17304189435336975,5528.5,4
S3,1,1491,0.18068102849200834,5690.1,0
S3,1,1492,0.1506136110078096,5457.3,2
S3,1,1493,0.16635514018691588,5403.5,3
S3,1,1494,0.17589820359281438,5367.900000000001,4
S3,1,1495,0.1797842588893328,4964.1,0
S3,1,1496,0.17885852090032153,4937.1,0
S3,1,1497,0.1779935275080906,5538.700000000001,3
S3,1,1498,0.20175789053136237,4951.1,4
S3,1,1499,0.16195022161609274,5855.1,0
S3,2,0,0.1360794409709452,5505.3,0
S3,2,1,0.1423785594639866,4818.1,0
S3,2,2,0.13338891204668613,4871.3,0
S3,2,3,0.12280058651026393,5585.1,1
S3,2,4,0.14665623777864686,5193.900000000001,2
S3,2,5,0.1076187222412026,6054.900000000001,2
S3,2,6,0.1115896632732968,5264.3,0
S3,2,7,0.12026883622214361,5830.900000000001,4
S3,2,8,0.11769172361427487,5416.55,0
S3,2,9,0.12606599925843529,5493.650000000001,0
S3,2,10,0.15034836817015035,5502.900000000001,1
S3,2,11,0.11724137931034483,5949.500000000001,0
S3,2,12,0.1424172440338722,5254.1,0
S3,2,13,0.1148705096073517,4904.3,0
S3,2,14,0.12484897301651228,5090.1,1
S3,2,15,0.1304801670146138,5840.3,0
S3,2,16,0.1203416149068323,5318.700000000001,3
S3,2,17,0.09670851713607058,6128.900000000001,0
S3,2,18,0.13513513513513514,5608.1,3
S3,2,19,0.10503369005152596,5200.1,0
S3,2,20,0.1306497175141243,5773.900000000001,0
S3,2,21,0.14817629179331307,5335.900000000001,2
S3,2,22,0.1267019667170953,5403.3,1
S3,2,23,0.14169254658385094,5220.700000000001,0
S3,2,24,0.12603461249059444,5413.1,0
S3,2,25,0.1169906407487401,5707.1,0
S3,2,26,0.12537993920972645,5393.900000000001,1
S3,2,27,0.1477920227920228,5647.1,0
S3,2,28,0.15718562874251496,5356.900000000001,0
S3,2,29,0.15259611573523582,5056.1,0
S3,2,30,0.12235208181154127,5599.1,0
S3,2,31,0.10823278921220723,5879.1,5
S3,2,32,0.1106816584680253,5870.700000000001,0
S3,2,33,0.1539855072463768,4432.1,0
S3,2,34,0.13857677902621723,5430.75,1
S3,2,35,0.14136904761904762,5455.1,0
S3,2,36,0.12327773749093546,5627.1,0
S3,2,37,0.1913477537437604,4704.3,0
S3,2,38,0.1698933227973133,5026.450000000001,0
S3,2,39,0.10664335664335664,5974.5,4
S3,2,40,0.13899184581171237,5453.1,0
S3,2,41,0.13253012048192772,5052.0,0
S3,2,42,0.14376400298730396,5449.1,3
S3,2,43,0.13157894736842105,5104.1,0
S3,2,44,0.15625,4875.900000000001,0
S3,2,45,0.1524730383042023,5411.3,0
S3,2,46,0.11998426435877262,5213.900000000001,0
S3,2,47,0.1372696502444528,5399.3,0
S3,2,48,0.13013698630136986,5940.500000000001,0
S3,2,49,0.14167862266857964,5657.1,0
S3,2,50,0.121464829586657,5643.1,0
S3,2,51,0.15822784810126583,5059.1,0
S3,2,52,0.1614142966948501,5220.900000000001,1
S3,2,53,0.1429081814933905,5678.3,1
S3,2,54,0.11342506507995537,5602.3,5
S3,2,55,0.16652960526315788,4890.150000000001,3
S3,2,56,0.1366877971473851,5151.3,2
S3,2,57,0.14364423455332545,5119.700000000001,0
S3,2,58,0.12785543811796796,5990.1,0
S3,2,59,0.14084507042253522,5625.3,0
S3,2,60,0.1497504159733777,4824.3,0
S3,2,61,0.15029709891646278,5760.700000000001,0
S3,2,62,0.13652482269503546,5729.5,0
S3,2,63,0.1705290773939659,4551.900000000001,0
S3,2,64,0.15643332029722332,5142.900000000001,2
S3,2,65,0.1284758887715593,5799.700000000001,0
S3,2,66,0.173053152039555,4817.900000000001,0
S3,2,67,0.14269406392694065,5327.1,0
S3,2,68,0.14522821576763487,4862.5,1
S3,2,69,0.12593984962406016,5443.5,2
S3,2,70,0.17722023098367184,4957.700000000001,0
S3,2,71,0.155902004454343,5390.3,0
S3,2,72,0.13074204946996468,5766.500000000001,1
S3,2,73,0.14644351464435146,5294.3,0
S3,2,74,0.13403263403263405,5221.3,0
S3,2,75,0.14456089627755692,5589.900000000001,0
S3,2,76,0.15318146111547526,5139.700000000001,0
S3,2,77,0.13138686131386862,5586.5,1
S3,2,78,0.15345765345765347,5169.3,1
S3,2,79,0.12330235882773409,5774.1,2
S3,2,80,0.13995398773006135,5328.1,1
S3,2,81,0.13830195927775643,5350.1,5
S3,2,82,0.17660910518053374,5046.1,1
S3,2,83,0.14239218877135884,5003.1,3
S3,2,84,0.16853932584269662,4647.3,3
S3,2,85,0.12726571538758194,5296.1,0
S3,2,86,0.14015289406625409,5590.900000000001,2
S3,2,87,0.12427184466019417,5317.5,4
S3,2,88,0.15755161173487867,5524.700000000001,0
S3,2,89,0.15093618647306076,5265.900000000001,0
S3,2,90,0.11292564280750521,6012.1,6
S3,2,91,0.1401541695865452,5766.3,0
S3,2,92,0.14678899082568808,5532.5,2
S3,2,93,0.16308243727598568,5643.5,3
S3,2,94,0.16991218022145857,5205.3,0
S3,2,95,0.1419841840402588,5653.900000000001,0
S3,2,96,0.19312475859405176,5106.55,2
S3,2,97,0.13627254509018036,5092.5,0
S3,2,98,0.11350949013770004,5609.900000000001,5
S3,2,99,0.16234887737478412,5861.500000000001,5
S3,2,100,0.16037063435495366,5620.700000000001,0
S3,2,101,0.14568158168574402,5826.1,0
S3,2,102,0.17344274524431183,5327.700000000001,0
S3,2,103,0.17647058823529413,4918.5,2
S3,2,104,0.1426962072850169,5411.1,1
S3,2,105,0.19569471624266144,4998.5,0
S3,2,106,0.1414027149321267,5356.900000000001,0
S3,2,107,0.16601907453196751,5646.700000000001,0
S3,2,108,0.12467913458012468,5583.900000000001,0
S3,2,109,0.17255892255892255,4728.950000000001,1
S3,2,110,0.15685583362707084,5691.900000000001,1
S3,2,111,0.1683800070896845,5623.700000000001,0
S3,2,112,0.16051364365971107,5011.900000000001,1
S3,2,113,0.15436746987951808,5393.700000000001,5
S3,2,114,0.17014694508894046,5161.700000000001,1
S3,2,115,0.14169254658385094,5216.700000000001,0
S3,2,116,0.18666666666666668,5154.500000000001,0
S3,2,117,0.16326530612244897,5393.5,1
S3,2,118,0.13997395833333334,6209.900000000001,0
S3,2,119,0.16082474226804125,4873.5,3
S3,2,120,0.11806797853309481,5740.5,0
S3,2,121,0.17398181099248716,5066.3,3
S3,2,122,0.18710633567988144,5299.3,0
S3,2,123,0.17543859649122806,4993.1,2
S3,2,124,0.12798922196025597,6127.3,2
S3,2,125,0.16079039132119333,5180.700000000001,1
S3,2,126,0.18,4962.5,0
S3,2,127,0.14196165191740412,5554.900000000001,6
S3,2,128,0.17599110781771027,5335.3,0
S3,2,129,0.13791763791763792,5250.3,2
S3,2,130,0.1767478397486253,5065.700000000001,1
S3,2,131,0.17087931648273408,5608.3,1
S3,2,132,0.18771998435666798,5059.900000000001,3
S3,2,133,0.13972408914043155,5730.900000000001,1
S3,2,134,0.15802556818181818,5675.700000000001,3
S3,2,135,0.15934065934065933,5451.500000000001,0
S3,2,136,0.13039117352056168,6079.700000000001,0
S3,2,137,0.18864255153636716,5061.700000000001,0
S3,2,138,0.15324305060584462,5642.700000000001,1
S3,2,139,0.1510892480674631,5752.700000000001,0
S3,2,140,0.15894293374186136,5213.700000000001,0
S3,2,141,0.1207464324917673,5729.1,9
S3,2,142,0.1843774781919112,4982.900000000001,1
S3,2,143,0.1625415589213151,5394.900000000001,0
S3,2,144,0.14751552795031056,5211.700000000001,1
S3,2,145,0.17471535139379663,5062.900000000001,1
S3,2,146,0.15525626636737747,5388.1,1
S3,2,147,0.16822429906542055,5332.5,0
S3,2,148,0.17163334590720483,5277.700000000001,0
S3,2,149,0.16894457099468488,5266.05,1
S3,2,150,0.15018315018315018,5501.5,0
S3,2,151,0.1740627390971691,5185.3,1
S3,2,152,0.15916575192096596,5478.1,0
S3,2,153,0.1583873290136789,5588.1,1
S3,2,154,0.14925373134328357,5976.1,3
S3,2,155,0.15228426395939088,5619.1,6
S3,2,156,0.16574585635359115,5457.5,1
S3,2,157,0.19477828429341068,4745.1,1
S3,2,158,0.16884531590413943,5502.3,2
S3,2,159,0.1985981308411215,5025.1,0
S3,2,160,0.15724447772369898,5369.700000000001,2
S3,2,161,0.16594032852832719,5956.1,0
S3,2,162,0.16524701873935263,5881.5,3
S3,2,163,0.1423994304022784,5687.3,0
S3,2,164,0.1674364896073903,5181.1,0
S3,2,165,0.14204545454545456,5702.700000000001,0
S3,2,166,0.17814726840855108,4984.700000000001,0
S3,2,167,0.16390423572744015,5426.5,0
S3,2,168,0.13040238450074515,5511.3,3
S3,2,169,0.18092105263157895,4826.900000000001,1
S3,2,170,0.16889238020424194,5097.700000000001,0
S3,2,171,0.13070692194403535,5584.700000000001,3
S3,2,172,0.1950426655830963,4817.450000000001,0
S3,2,173,0.17049666419570053,5356.1,0
S3,2,174,0.15521523178807947,4847.700000000001,0
S3,2,175,0.21437078205637158,4871.3,0
S3,2,176,0.17424242424242425,5224.25,0
S3,2,177,0.15419265419265418,5792.700000000001,0
S3,2,178,0.176056338028169,5367.1,2
S3,2,179,0.15074525745257453,5937.900000000001,0
S3,2,180,0.11827219746314707,6029.900000000001,3
S3,2,181,0.18437385907265424,5387.3,0
S3,2,182,0.15452930728241562,5671.5,1
S3,2,183,0.1926070038910506,5027.5,0
S3,2,184,0.1904570970328789,4926.3,2
S3,2,185,0.16877637130801687,5248.900000000001,4
S3,2,186,0.1481358189081225,6042.3,0
S3,2,187,0.17927501970055162,5005.1,0
S3,2,188,0.15657620041753653,5770.3,0
S3,2,189,0.11959198030249736,5844.1,0
S3,2,190,0.17368205966489578,4873.900000000001,1
S3,2,191,0.17508293402137856,5416.1,2
S3,2,192,0.19117647058823528,4711.0,1
S3,2,193,0.16988416988416988,5174.5,1
S3,2,194,0.1567453328636844,5759.3,4
S3,2,195,0.15151515151515152,5728.1,1
S3,2,196,0.15322874863188618,5540.700000000001,3
S3,2,197,0.1919191919191919,4842.75,0
S3,2,198,0.14457378895981976,5384.1,0
S3,2,199,0.17460969597370585,4899.3,3
S3,2,200,0.15168539325842698,5396.5,1
S3,2,201,0.17774989544123798,4792.7,3
S3,2,202,0.18711018711018712,4743.5,1
S3,2,203,0.2066115702479339,4931.45,0
S3,2,204,0.16085790884718498,5980.3,0
S3,2,205,0.20416333066453163,4881.1,0
S3,2,206,0.1838091513492374,5081.900000000001,1
S3,2,207,0.19230769230769232,4855.3,3
S3,2,208,0.16097750193948798,5154.1,1
S3,2,209,0.1543100390209294,5680.3,1
S3,2,210,0.1719768283852281,5500.650000000001,0
S3,2,211,0.1586433260393873,5505.900000000001,1
S3,2,212,0.1673469387755102,4865.5,0
S3,2,213,0.16940272441494936,5712.1,1
S3,2,214,0.17423014586709887,4930.85,3
S3,2,215,0.16585760517799353,4938.900000000001,0
S3,2,216,0.1688073394495413,5465.5,0
S3,2,217,0.16011955593509822,4684.900000000001,0
S3,2,218,0.15538290788013318,5445.1,0
S3,2,219,0.16905737704918034,5835.1,0
S3,2,220,0.2140159462861939,4598.1,0
S3,2,221,0.14196165191740412,5506.900000000001,0
S3,2,222,0.14928266770065918,5179.3,0
S3,2,223,0.1358515573227303,6140.1,0
S3,2,224,0.15355086372360843,5218.5,0
S3,2,225,0.18119842124147828,5492.900000000001,0
S3,2,226,0.1660377358490566,5323.5,2
S3,2,227,0.11294370742201507,5817.3,6
S3,2,228,0.15649762282091917,5089.3,3
S3,2,229,0.16117080400148204,5383.3,0
S3,2,230,0.16845329249617153,5228.900000000001,2
S3,2,231,0.19495864513588027,4981.3,0
S3,2,232,0.17979144192736426,5515.700000000001,0
S3,2,233,0.1564673157162726,5769.700000000001,0
S3,2,234,0.16786118445869483,5265.700000000001,0
S3,2,235,0.16343390804597702,5563.3,1
S3,2,236,0.1934465061192262,5014.1,2
S3,2,237,0.18172004318100035,5488.3,1
S3,2,238,0.18689710610932475,4917.1,2
S3,2,239,0.17857142857142858,5051.5,4
S3,2,240,0.128025254296738,5814.700000000001,1
S3,2,241,0.1483924154987634,4877.700000000001,0
S3,2,242,0.15173674588665448,5506.5,0
S3,2,243,0.14794889038332212,6017.3,0
S3,2,244,0.16215185043876382,5244.700000000001,1
S3,2,245,0.16987542468856173,5275.3,0
S3,2,246,0.18225039619651348,5008.3,0
S3,2,247,0.1906318082788671,5416.3,0
S3,2,248,0.21340162185232608,4562.1,0
S3,2,249,0.17049533381191673,5584.700000000001,2
S3,2,250,0.1920838183934808,5042.900000000001,0
S3,2,251,0.11376352107422603,5576.700000000001,5
S3,2,252,0.17195261750095528,5204.900000000001,0
S3,2,253,0.1591144932549291,5852.700000000001,1
S3,2,254,0.16212232866617537,5450.3,0
S3,2,255,0.17721036585365854,5222.3,0
S3,2,256,0.14575645756457564,5559.5,6
S3,2,257,0.17657657657657658,5537.5,1
S3,2,258,0.18587360594795538,5285.5,0
S3,2,259,0.1714498695490123,5338.1,0
S3,2,260,0.20408163265306123,4815.25,1
S3,2,261,0.16043723554301834,5755.700000000001,4
S3,2,262,0.13142408787759907,5244.3,3
S3,2,263,0.18154872174879585,5391.3,2
S3,2,264,0.1774076755973932,5475.900000000001,0
S3,2,265,0.16342269555637165,5444.1,0
S3,2,266,0.14993261455525606,6041.1,2
S3,2,267,0.16214177978883862,5373.400000000001,4
S3,2,268,0.18210609659540775,5072.700000000001,4
S3,2,269,0.17622797150356206,5323.900000000001,3
S3,2,270,0.1812522885389967,5421.700000000001,2
S3,2,271,0.14787752261656228,5827.3,3
S3,2,272,0.2229038854805726,4704.5,0
S3,2,273,0.19736842105263158,5094.05,0
S3,2,274,0.16771488469601678,5733.900000000001,2
S3,2,275,0.13961892247043364,6258.55,3
S3,2,276,0.18511146496815287,4963.900000000001,1
S3,2,277,0.21123872026251025,4713.1,0
S3,2,278,0.19762087490406754,5112.700000000001,0
S3,2,279,0.15625,5397.700000000001,4
S3,2,280,0.19142419601837674,5118.900000000001,0
S3,2,281,0.18489684702218762,5103.3,2
S3,2,282,0.16704204204204204,5314.3,0
S3,2,283,0.17306960821605172,5269.3,4
S3,2,284,0.1795236402417348,5550.1,0
S3,2,285,0.16300078554595443,5104.700000000001,2
S3,2,286,0.21535181236673773,4525.75,0
S3,2,287,0.14301230992034758,5636.900000000001,1
S3,2,288,0.1429618768328446,5570.1,2
S3,2,289,0.17779533781114185,5015.7,0
S3,2,290,0.13801130695044894,6117.900000000001,1
S3,2,291,0.15428776462145677,5684.900000000001,6
S3,2,292,0.1748777735990974,5297.3,1
S3,2,293,0.18271792919680244,5193.150000000001,0
S3,2,294,0.19411986430456088,5201.1,0
S3,2,295,0.1649148242116709,5491.3,0
S3,2,296,0.15630614444843693,5568.1,0
S3,2,297,0.19029126213592232,5114.0,4
S3,2,298,0.14796971782518925,5864.700000000001,0
S3,2,299,0.2058590657165479,4920.700000000001,0
S3,2,300,0.16632016632016633,5740.700000000001,0
S3,2,301,0.17125706214689265,5726.900000000001,7
S3,2,302,0.16251354279523295,5549.3,0
S3,2,303,0.1732226632984482,5487.700000000001,0
S3,2,304,0.15680056377730797,5775.1,6
S3,2,305,0.15822784810126583,5371.950000000001,0
S3,2,306,0.14061358655953252,5593.1,4
S3,2,307,0.16446048937023666,4980.1,0
S3,2,308,0.17972001513431707,5227.1,0
S3,2,309,0.160650535501785,5027.700000000001,0
S3,2,310,0.10957324106113034,5347.700000000001,0
S3,2,311,0.12780180888714118,5219.1,3
S3,2,312,0.14338235294117646,5529.500000000001,2
S3,2,313,0.18655266226195102,5127.1,3
S3,2,314,0.18665607625099284,4983.1,0
S3,2,315,0.19259818731117825,5181.1,0
S3,2,316,0.213657310431504,4633.900000000001,0
S3,2,317,0.20893076607947564,4760.700000000001,0
S3,2,318,0.17562346329469616,5686.900000000001,3
S3,2,319,0.12929507616011335,5800.1,4
S3,2,320,0.11153712094806553,5895.3,0
S3,2,321,0.1593625498007968,5517.700000000001,0
S3,2,322,0.15251745681734658,5489.700000000001,2
S3,2,323,0.10953112990007687,5379.900000000001,2
S3,2,324,0.11092715231788079,6321.500000000001,7
S3,2,325,0.1284370477568741,5642.3,0
S3,2,326,0.1981833195706028,4739.900000000001,0
S3,2,327,0.1695539992628087,5441.1,2
S3,2,328,0.18518518518518517,5147.3,0
S3,2,329,0.18063314711359404,5377.5,4
S3,2,330,0.16149461684610514,6346.1,3
S3,2,331,0.16104294478527606,5267.1,2
S3,2,332,0.18787878787878787,4905.25,2
S3,2,333,0.21280907985407377,4764.900000000001,0
S3,2,334,0.1884278644842025,5157.900000000001,0
S3,2,335,0.13090785447126826,6060.700000000001,4
S3,2,336,0.19549763033175355,4989.900000000001,2
S3,2,337,0.17891130567186905,5224.650000000001,1
S3,2,338,0.20388719512195122,5118.3,0
S3,2,339,0.19351055512118842,5046.1,1
S3,2,340,0.16153846153846155,5233.5,2
S3,2,341,0.15172654342518313,5815.900000000001,2
S3,2,342,0.15373078365204348,5392.900000000001,2
S3,2,343,0.2097750865051903,4479.150000000001,0
S3,2,344,0.1674468851278358,5572.900000000001,2
S3,2,345,0.18456375838926176,5339.900000000001,2
S3,2,346,0.17503536067892503,5595.1,0
S3,2,347,0.18055555555555555,4995.25,0
S3,2,348,0.1791776688042248,5246.700000000001,1
S3,2,349,0.15641476274165203,5779.5,3
S3,2,350,0.16135458167330677,5040.75,2
S3,2,351,0.1511042231693142,5177.700000000001,0
S3,2,352,0.1657559198542805,5500.5,0
S3,2,353,0.18001469507714915,5387.900000000001,0
S3,2,354,0.18674698795180722,4924.5,0
S3,2,355,0.1773049645390071,5311.3,0
S3,2,356,0.15783744557329463,5565.7,3
S3,2,357,0.16976411722659043,5592.35,2
S3,2,358,0.20108275328692962,5078.700000000001,2
S3,2,359,0.1772421127259837,5573.700000000001,0
S3,2,360,0.15315315315315314,5628.5,3
S3,2,361,0.18599129402453501,4963.150000000001,0
S3,2,362,0.1351858805858055,5444.1,2
S3,2,363,0.1560379918588874,5943.1,2
S3,2,364,0.16030259365994237,5553.700000000001,1
S3,2,365,0.10102865540044086,5635.900000000001,0
S3,2,366,0.09992862241256245,5815.900000000001,0
S3,2,367,0.1710066070734551,5120.1,0
S3,2,368,0.16678370786516855,5757.1,6
S3,2,369,0.18966158423205653,5292.3,0
S3,2,370,0.20425177157148813,4694.3,1
S3,2,371,0.18518518518518517,5420.900000000001,4
S3,2,372,0.20463001240181894,4695.3,0
S3,2,373,0.17104789341015483,5526.900000000001,0
S3,2,374,0.18044027426921688,5483.950000000001,0
S3,2,375,0.1631516116195782,5044.1,0
S3,2,376,0.17189835575485798,5359.950000000001,1
S3,2,377,0.17309205350118018,5102.900000000001,4
S3,2,378,0.167507204610951,5536.700000000001,0
S3,2,379,0.21446700507614214,4563.650000000001,0
S3,2,380,0.17902350813743217,5515.5,2
S3,2,381,0.16197935208259168,5644.3,3
S3,2,382,0.12125805229253506,5419.3,0
S3,2,383,0.20165646380986677,5424.900000000001,0
S3,2,384,0.1862094395280236,5385.900000000001,2
S3,2,385,0.1736111111111111,5429.700000000001,0
S3,2,386,0.1756007393715342,5432.5,4
S3,2,387,0.1878453038674033,5353.5,0
S3,2,388,0.20321931589537223,4828.75,0
S3,2,389,0.19303688383316098,5697.700000000001,0
S3,2,390,0.1917562724014337,5516.5,1
S3,2,391,0.19110764430577223,5091.3,3
S3,2,392,0.1855253490080823,5406.900000000001,2
S3,2,393,0.21114864864864866,4668.6,3
S3,2,394,0.1901651940069151,5189.1,5
S3,2,395,0.21919431279620852,4871.900000000001,0
S3,2,396,0.1926040061633282,5111.700000000001,1
S3,2,397,0.1746880570409982,5565.5,0
S3,2,398,0.21906693711967545,4762.5,0
S3,2,399,0.19097853765005457,5395.3,0
S3,2,400,0.13990905911157747,5857.3,4
S3,2,401,0.17003188097768332,5622.1,0
S3,2,402,0.20305514157973176,5218.3,0
S3,2,403,0.14625585023400936,5158.3,0
S3,2,404,0.1406601650412603,5446.700000000001,4
S3,2,405,0.1898027540007443,5281.900000000001,0
S3,2,406,0.14794007490636704,5367.5,0
S3,2,407,0.14376996805111822,5165.3,6
S3,2,408,0.13038079470198677,4974.700000000001,3
S3,2,409,0.12646627565982405,5636.1,3
S3,2,410,0.1459478021978022,5940.900000000001,3
S3,2,411,0.16029143897996356,5526.5,2
S3,2,412,0.13257575757575757,5412.5,3
S3,2,413,0.11790714812085483,5611.3,4
S3,2,414,0.15018315018315018,5501.5,0
S3,2,415,0.15982564475118052,5516.1,0
S3,2,416,0.2080989876265467,5178.900000000001,0
S3,2,417,0.2294141745186399,4675.700000000001,0
S3,2,418,0.1862014896119169,5029.700000000001,0
S3,2,419,0.1908548707753479,4959.5,0
S3,2,420,0.17472240365774003,6091.900000000001,0
S3,2,421,0.20132916340891321,4977.1,0
S3,2,422,0.15098722415795587,5208.1,2
S3,2,423,0.1682018422106528,5021.400000000001,3
S3,2,424,0.14695077149155034,5516.900000000001,1
S3,2,425,0.1829498302527348,5237.700000000001,0
S3,2,426,0.173433188805676,5040.900000000001,0
S3,2,427,0.15469613259668508,5516.5,3
S3,2,428,0.13854787793756576,5802.700000000001,1
S3,2,429,0.16086298258894777,5406.900000000001,7
S3,2,430,0.13176895306859207,5663.500000000001,0
S3,2,431,0.2096569250317662,4588.700000000001,0
S3,2,432,0.18763796909492272,5401.1,2
S3,2,433,0.1819505094614265,5421.6,0
S3,2,434,0.20875150541951024,4865.7,2
S3,2,435,0.19545793000744602,5266.700000000001,0
S3,2,436,0.16716754320060107,5376.900000000001,3
S3,2,437,0.17871326449563146,5055.1,4
S3,2,438,0.19122609673790777,5242.900000000001,0
S3,2,439,0.2118973561430793,4991.900000000001,0
S3,2,440,0.17673048600883653,5423.700000000001,1
S3,2,441,0.2089489235964542,4610.8,1
S3,2,442,0.17445917655268667,5716.700000000001,3
S3,2,443,0.16265452179570591,6187.3,3
S3,2,444,0.19402405898331393,5056.900000000001,0
S3,2,445,0.17363571934798017,5649.900000000001,2
S3,2,446,0.20809023726176584,5001.700000000001,0
S3,2,447,0.20589422688736375,4819.900000000001,0
S3,2,448,0.19622931896883417,5093.3,0
S3,2,449,0.20007479431563202,5243.3,0
S3,2,450,0.22899159663865545,4560.0,0
S3,2,451,0.17415730337078653,5339.5,3
S3,2,452,0.1500732064421669,5490.900000000001,0
S3,2,453,0.14570552147239263,5320.1,3
S3,2,454,0.2157311951126384,5051.3,0
S3,2,455,0.2017234625930278,4999.1,1
S3,2,456,0.178117048346056,5486.700000000001,2
S3,2,457,0.16224188790560473,5515.900000000001,6
S3,2,458,0.18761726078799248,5266.75,2
S3,2,459,0.18538516918646508,5503.1,2
S3,2,460,0.20874359984245766,4957.3,0
S3,2,461,0.18984889577683067,5079.200000000001,0
S3,2,462,0.2135523613963039,4737.5,1
S3,2,463,0.17266187050359713,5551.5,0
S3,2,464,0.1744406522563519,5281.900000000001,1
S3,2,465,0.17989614243323443,5426.700000000001,5
S3,2,466,0.1912568306010929,5737.1,0
S3,2,467,0.19430051813471502,5298.900000000001,1
S3,2,468,0.18915969443433975,5455.3,4
S3,2,469,0.1787538304392237,5798.900000000001,0
S3,2,470,0.17757009345794392,5302.5,0
S3,2,471,0.21394611727416799,4872.3,0
S3,2,472,0.14025777103866566,5393.1,2
S3,2,473,0.1870748299319728,5779.5,0
S3,2,474,0.2141109298531811,4827.900000000001,4
S3,2,475,0.18310369833212473,5466.1,1
S3,2,476,0.20566037735849058,5143.5,0
S3,2,477,0.18914473684210525,4840.900000000001,3
S3,2,478,0.17970401691331925,5619.1,0
S3,2,479,0.18815201192250372,5286.3,0
S3,2,480,0.15365952284674483,5036.1,4
S3,2,481,0.14559780746831105,5920.3,1
S3,2,482,0.14568546880836758,5485.900000000001,5
S3,2,483,0.16169154228855723,4805.900000000001,0
S3,2,484,0.10703918722786647,5701.700000000001,0
S3,2,485,0.1511969760604788,4905.450000000001,8
S3,2,486,0.1382937280872614,5241.900000000001,3
S3,2,487,0.12721238938053098,5625.900000000001,6
S3,2,488,0.10968229954614221,5436.3,0
S3,2,489,0.1617149304249718,5386.8,4
S3,2,490,0.18482864844050828,5149.150000000001,1
S3,2,491,0.17266448564158487,5593.700000000001,9
S3,2,492,0.17745302713987474,5749.3,3
S3,2,493,0.17817781043350478,5403.900000000001,0
S3,2,494,0.16563523844193667,5613.900000000001,9
S3,2,495,0.16704204204204204,5378.3,4
S3,2,496,0.1862123613312203,4997.55,1
S3,2,497,0.18686502177068215,5457.700000000001,1
S3,2,498,0.17303889255108768,6032.3,0
S3,2,499,0.19744264761188415,5268.3,5
S3,2,500,0.17988252569750368,5417.05,0
S3,2,501,0.19604111153406928,5168.900000000001,0
S3,2,502,0.16399162595952546,5733.700000000001,0
S3,2,503,0.1855507303592578,4996.1,0
S3,2,504,0.141643059490085,5750.3,0
S3,2,505,0.15477057538237438,5587.700000000001,5
S3,2,506,0.12755958375293722,6085.3,0
S3,2,507,0.18912963643040764,5355.1,0
S3,2,508,0.19070105339629495,5394.1,0
S3,2,509,0.1422610015174507,5321.700000000001,0
S3,2,510,0.14518695306284804,5080.3,0
S3,2,511,0.18055555555555555,4269.5,1
S3,2,512,0.13674884437596302,5292.700000000001,0
S3,2,513,0.16602316602316602,5174.5,0
S3,2,514,0.17773788150807898,5585.500000000001,5
S3,2,515,0.18141742963716515,5813.3,0
S3,2,516,0.19454545454545455,5395.5,0
S3,2,517,0.15157722244981564,4913.700000000001,0
S3,2,518,0.10453579021970234,5870.900000000001,2
S3,2,519,0.11389096340552651,5544.1,3
S3,2,520,0.15052593398621691,5544.900000000001,0
S3,2,521,0.18366549433372412,5068.55,2
S3,2,522,0.14673105497771174,5525.150000000001,6
S3,2,523,0.1449814126394052,5417.5,0
S3,2,524,0.12962256957682045,5365.35,0
S3,2,525,0.1418194396402629,5835.700000000001,0
S3,2,526,0.10702215546376267,5494.1,0
S3,2,527,0.13703570140641905,5627.1,0
S3,2,528,0.15410323059784628,5481.1,6
S3,2,529,0.11976047904191617,5157.5,3
S3,2,530,0.14831369362047947,5077.700000000001,8
S3,2,531,0.1049204052098408,5725.3,0
S3,2,532,0.13303769401330376,5548.700000000001,3
S3,2,533,0.13172751223184043,5392.900000000001,0
S3,2,534,0.16910069177555725,5225.900000000001,4
S3,2,535,0.18395234758234058,5637.3,1
S3,2,536,0.17989614243323443,5362.700000000001,2
S3,2,537,0.21800565199838515,4775.150000000001,0
S3,2,538,0.19223859144807762,5468.1,0
S3,2,539,0.20888219796763266,5166.900000000001,0
S3,2,540,0.1592851592851593,5198.3,2
S3,2,541,0.1460546282245827,5309.700000000001,0
S3,2,542,0.12655906089508437,5643.700000000001,5
S3,2,543,0.1594896331738437,5080.1,3
S3,2,544,0.1917808219178082,5018.000000000001,0
S3,2,545,0.20408163265306123,4394.3,0
S3,2,546,0.17483846446218168,5223.700000000001,0
S3,2,547,0.14689265536723164,5350.5,0
S3,2,548,0.16500383729854182,5184.700000000001,0
S3,2,549,0.1724137931034483,4996.1,0
S3,2,550,0.11669303797468354,5185.1,0
S3,2,551,0.159985935302391,5683.3,0
S3,2,552,0.15783744557329463,5513.700000000001,0
S3,2,553,0.13368055555555555,5861.5,0
S3,2,554,0.20833333333333334,5021.900000000001,0
S3,2,555,0.22997620935765264,4821.150000000001,0
S3,2,556,0.18211920529801323,5439.1,3
S3,2,557,0.19667477696674776,4810.700000000001,0
S3,2,558,0.1907032181168057,5021.900000000001,4
S3,2,559,0.1904570970328789,4927.3,3
S3,2,560,0.14743356388787768,5577.900000000001,3
S3,2,561,0.17591868647380765,5055.1,0
S3,2,562,0.18096787311915413,4909.8,4
S3,2,563,0.2089783281733746,5080.3,4
S3,2,564,0.2025931928687196,4837.1,0
S3,2,565,0.17304860088365243,5527.700000000001,9
S3,2,566,0.1864883884588318,5616.900000000001,1
S3,2,567,0.1762114537444934,5439.3,0
S3,2,568,0.18049155145929338,5198.3,2
S3,2,569,0.17932896259159276,5163.1,1
S3,2,570,0.1887152115897827,5197.1,1
S3,2,571,0.19794140934283452,4964.7,0
S3,2,572,0.19343065693430658,5379.5,0
S3,2,573,0.20552799433026223,5499.900000000001,0
S3,2,574,0.2029664324746292,4996.900000000001,1
S3,2,575,0.19230769230769232,5151.700000000001,1
S3,2,576,0.20097670924117206,5194.900000000001,1
S3,2,577,0.18925056775170326,5240.400000000001,0
S3,2,578,0.19775036284470246,5396.700000000001,0
S3,2,579,0.1944954128440367,5352.250000000001,1
S3,2,580,0.22271714922049,5174.3,0
S3,2,581,0.2181271154569387,5141.3,0
S3,2,582,0.2105666156202144,5106.900000000001,1
S3,2,583,0.2118030412744388,5361.900000000001,0
S3,2,584,0.18205892088712347,5974.450000000001,0
S3,2,585,0.20156774916013437,5254.3,1
S3,2,586,0.20182034032449545,4960.900000000001,2
S3,2,587,0.19954819277108435,5215.700000000001,1
S3,2,588,0.19523986612123467,5273.3,0
S3,2,589,0.1906318082788671,5413.3,1
S3,2,590,0.1869328493647913,5447.5,1
S3,2,591,0.17550274223034734,5448.5,0
S3,2,592,0.17006802721088435,5024.8,3
S3,2,593,0.19128586609989373,5591.1,1
S3,2,594,0.18603885413236748,5970.900000000001,0
S3,2,595,0.1782242384964355,6116.700000000001,0
S3,2,596,0.18925518925518925,4834.900000000001,0
S3,2,597,0.15971439308530627,5431.700000000001,4
S3,2,598,0.19143290371493557,5187.1,0
S3,2,599,0.18231046931407943,5489.5,2
S3,2,600,0.2042840142800476,4915.700000000001,0
S3,2,601,0.18665607625099284,5016.1,2
S3,2,602,0.17536534446764093,4850.5,6
S3,2,603,0.14617691154422788,5402.1,1
S3,2,604,0.13518659558263518,5385.700000000001,3
S3,2,605,0.15708812260536398,5260.5,2
S3,2,606,0.1380198748619801,5531.900000000001,1
S3,2,607,0.19188596491228072,5361.700000000001,0
S3,2,608,0.12026813880126183,5215.700000000001,0
S3,2,609,0.15829046299960428,5046.900000000001,0
S3,2,610,0.08247800586510264,5768.1,5
S3,2,611,0.16402506450423884,5407.1,0
S3,2,612,0.11420413990007137,5798.900000000001,2
S3,2,613,0.1444972288202692,5096.700000000001,0
S3,2,614,0.10698762955533267,6233.700000000001,2
S3,2,615,0.1787819253438114,5062.5,2
S3,2,616,0.19968366943455912,4945.3,0
S3,2,617,0.18448079117535185,5193.3,0
S3,2,618,0.2002164502164502,5419.900000000001,0
S3,2,619,0.19962686567164178,5238.500000000001,1
S3,2,620,0.2055052790346908,5185.900000000001,2
S3,2,621,0.16964285714285715,5627.5,2
S3,2,622,0.21702838063439064,4634.700000000001,0
S3,2,623,0.18689859363434494,5325.900000000001,0
S3,2,624,0.20766129032258066,4855.5,2
S3,2,625,0.21790341578327443,4924.900000000001,0
S3,2,626,0.19596429957314707,5050.900000000001,0
S3,2,627,0.19751280175566935,5354.3,0
S3,2,628,0.1825452016689847,5705.950000000001,1
S3,2,629,0.19923371647509577,5138.5,1
S3,2,630,0.19720767888307156,5592.5,0
S3,2,631,0.21085513471300274,5018.200000000001,0
S3,2,632,0.20291568163908588,4970.1,1
S3,2,633,0.19528228924980665,5096.700000000001,2
S3,2,634,0.1866368047779022,5358.3,6
S3,2,635,0.17123287671232876,5811.500000000001,0
S3,2,636,0.197178002894356,5443.3,2
S3,2,637,0.21601489757914338,5240.5,2
S3,2,638,0.20682148040638607,5379.700000000001,1
S3,2,639,0.19751280175566935,5389.3,0
S3,2,640,0.19711902956785443,5171.1,0
S3,2,641,0.23265142398716407,4806.1,2
S3,2,642,0.20092460881934565,5495.900000000001,0
S3,2,643,0.204241948153967,4985.950000000001,0
S3,2,644,0.2206783816918676,4722.900000000001,0
S3,2,645,0.15899864682002707,6071.700000000001,10
S3,2,646,0.22118742724097787,4952.900000000001,0
S3,2,647,0.18972059330803726,5710.3,1
S3,2,648,0.22252855454903506,4933.3,2
S3,2,649,0.20694493160294633,5571.700000000001,0
S3,2,650,0.2100371747211896,5212.5,0
S3,2,651,0.1845216768183447,5510.700000000001,1
S3,2,652,0.13285024154589373,5911.1,2
S3,2,653,0.13565891472868216,5749.1,0
S3,2,654,0.11448948948948949,5514.3,3
S3,2,655,0.15658362989323843,5661.5,2
S3,2,656,0.10115102895012208,6069.900000000001,11
S3,2,657,0.09312320916905444,5797.900000000001,0
S3,2,658,0.17965280581348406,4999.900000000001,6
S3,2,659,0.11395511921458626,5856.900000000001,0
S3,2,660,0.12951477562933236,5611.700000000001,0
S3,2,661,0.20646669263731982,5008.150000000001,0
S3,2,662,0.23357387011014052,5022.1,0
S3,2,663,0.19339957416607523,5558.1,1
S3,2,664,0.1785028790786948,5198.5,2
S3,2,665,0.23233112065599376,4917.700000000001,2
S3,2,666,0.1835035944003027,5328.1,8
S3,2,667,0.19487359550561797,5587.1,0
S3,2,668,0.12798634812286688,4784.3,0
S3,2,669,0.18649391440910876,5000.900000000001,0
S3,2,670,0.22803738317757008,5140.5,0
S3,2,671,0.20622725434694703,4806.35,0
S3,2,672,0.15308151093439365,5067.5,0
S3,2,673,0.1281163434903047,5928.1,3
S3,2,674,0.14520443255636226,5382.900000000001,6
S3,2,675,0.11818181818181818,5687.500000000001,0
S3,2,676,0.16376870198139912,4988.1,3
S3,2,677,0.14955537590945836,4971.3,0
S3,2,678,0.18129770992366412,5182.0,0
S3,2,679,0.22444889779559118,4784.5,0
S3,2,680,0.21260146888287593,4998.900000000001,0
S3,2,681,0.19001919385796545,5133.5,1
S3,2,682,0.18789928598271327,5255.700000000001,2
S3,2,683,0.17570664629488159,5217.1,1
S3,2,684,0.16463414634146342,4983.5,5
S3,2,685,0.20192663949610967,5251.3,0
S3,2,686,0.19940915805022155,5306.35,1
S3,2,687,0.14516661167931375,6112.700000000001,0
S3,2,688,0.09988901220865705,5664.1,4
S3,2,689,0.08384146341463415,5525.3,3
S3,2,690,0.10784313725490197,5312.5,3
S3,2,691,0.11254019292604502,5767.3,0
S3,2,692,0.13816019587268275,5903.3,8
S3,2,693,0.18338727076591155,5533.700000000001,4
S3,2,694,0.22801972062448644,4691.3,0
S3,2,695,0.14861294583883752,6144.1,0
S3,2,696,0.11878247958426132,5525.3,0
S3,2,697,0.12958963282937366,5685.1,2
S3,2,698,0.1026287360460929,5749.900000000001,0
S3,2,699,0.19636824324324326,4647.85,0
S3,2,700,0.13462849352419903,5983.3,0
S3,2,701,0.14469453376205788,5649.3,0
S3,2,702,0.15772224498156492,4875.700000000001,0
S3,2,703,0.192458758837392,5020.700000000001,0
S3,2,704,0.18383761011106856,5179.700000000001,2
S3,2,705,0.2145561632309634,4654.900000000001,2
S3,2,706,0.20043731778425655,5364.3,0
S3,2,707,0.16896551724137931,5878.5,5
S3,2,708,0.19514137793707687,4923.700000000001,0
S3,2,709,0.1817520901490367,5496.700000000001,5
S3,2,710,0.1486784140969163,5539.3,1
S3,2,711,0.14285714285714285,5524.5,4
S3,2,712,0.15185601799775028,5423.900000000001,5
S3,2,713,0.1603346113628442,5747.3,0
S3,2,714,0.2089723926380368,5082.1,1
S3,2,715,0.18193847171683758,5958.1,0
S3,2,716,0.17919750681729646,5102.900000000001,0
S3,2,717,0.18281535648994515,5441.5,3
S3,2,718,0.15618898867629832,5141.700000000001,0
S3,2,719,0.19353551476456504,4941.950000000001,0
S3,2,720,0.20408163265306123,4962.3,5
S3,2,721,0.1946282600233554,5079.3,0
S3,2,722,0.1791651274473587,5366.900000000001,0
S3,2,723,0.14574759945130317,5942.700000000001,2
S3,2,724,0.17437591776798825,5430.3,0
S3,2,725,0.22153128643606684,4995.1,3
S3,2,726,0.2054794520547945,5416.3,2
S3,2,727,0.20118343195266272,4952.5,0
S3,2,728,0.19339091250469395,5286.1,2
S3,2,729,0.19992859692966797,5477.700000000001,0
S3,2,730,0.1874310915104741,5361.700000000001,0
S3,2,731,0.19752593774940144,4906.700000000001,0
S3,2,732,0.19281663516068054,5207.5,1
S3,2,733,0.19679021780664885,5144.900000000001,2
S3,2,734,0.16835016835016836,5348.1,0
S3,2,735,0.16626255628680292,5782.900000000001,0
S3,2,736,0.13733285146367907,5691.900000000001,5
S3,2,737,0.1495398773006135,5291.1,2
S3,2,738,0.12209080503624571,5364.700000000001,0
S3,2,739,0.13991449669646328,5216.1,0
S3,2,740,0.1592356687898089,5082.150000000001,3
S3,2,741,0.19179642992783896,5169.1,0
S3,2,742,0.2032690695725063,4687.950000000001,1
S3,2,743,0.18201284796573874,5585.900000000001,3
S3,2,744,0.20472150497971228,5337.700000000001,3
S3,2,745,0.15965166908563136,5525.700000000001,1
S3,2,746,0.15607156452226875,5271.900000000001,1
S3,2,747,0.14849692140528795,5549.700000000001,0
S3,2,748,0.20135566188197768,4912.1,1
S3,2,749,0.2041184971098266,5383.1,0
S3,2,750,0.19807923169267708,4929.3,2
S3,2,751,0.19548872180451127,5216.75,0
S3,2,752,0.20965189873417722,4893.1,0
S3,2,753,0.19446672012830793,4912.3,0
S3,2,754,0.1726698848867434,5406.85,1
S3,2,755,0.21369137670196672,5161.3,3
S3,2,756,0.23182957393483708,4598.3,0
S3,2,757,0.18265756724207147,5028.700000000001,7
S3,2,758,0.18368994751715786,4870.900000000001,0
S3,2,759,0.18007662835249041,5199.5,2
S3,2,760,0.17649212742585133,5446.05,0
S3,2,761,0.1834161253343523,5206.900000000001,2
S3,2,762,0.18511593118922962,5435.3,11
S3,2,763,0.19927536231884058,5416.5,1
S3,2,764,0.22581859239744073,5132.900000000001,0
S3,2,765,0.20063920454545456,5524.700000000001,0
S3,2,766,0.22429906542056074,5132.5,0
S3,2,767,0.1988071570576541,4940.5,0
S3,2,768,0.19938650306748465,5740.3,0
S3,2,769,0.17745709828393136,5171.3,5
S3,2,770,0.19253208868144692,5091.700000000001,2
S3,2,771,0.1826647564469914,5497.900000000001,0
S3,2,772,0.20726495726495728,4573.5,0
S3,2,773,0.21856936416184972,5331.1,0
S3,2,774,0.22244094488188976,4918.0,0
S3,2,775,0.2235695339143615,5105.3,0
S3,2,776,0.187819110138585,5421.900000000001,0
S3,2,777,0.20251396648044692,5601.8,1
S3,2,778,0.21365890881343,5090.950000000001,0
S3,2,779,0.21256223669092303,5065.7,0
S3,2,780,0.2167122217883639,4968.700000000001,1
S3,2,781,0.19230769230769232,5959.700000000001,1
S3,2,782,0.17022817819630567,5606.700000000001,5
S3,2,783,0.22321428571428573,4728.3,0
S3,2,784,0.19263845889232886,5752.900000000001,2
S3,2,785,0.22915843540102726,4859.7,0
S3,2,786,0.2263056092843327,4972.5,0
S3,2,787,0.22204599524187152,4866.900000000001,0
S3,2,788,0.21650326797385622,4797.1,4
S3,2,789,0.2275449101796407,4799.75,0
S3,2,790,0.20434945631796025,5240.900000000001,4
S3,2,791,0.19268197742312185,5131.3,3
S3,2,792,0.1846590909090909,5538.700000000001,0
S3,2,793,0.17744916820702403,5391.5,3
S3,2,794,0.14927934111187371,5873.3,1
S3,2,795,0.14331780723754928,5646.700000000001,0
S3,2,796,0.1853211009174312,5384.5,1
S3,2,797,0.15106853352984526,5504.3,2
S3,2,798,0.1379671673070206,5792.1,0
S3,2,799,0.16160061562139286,5201.3,0
S3,2,800,0.16037063435495366,5637.700000000001,1
S3,2,801,0.1681448632668145,5465.700000000001,3
S3,2,802,0.2045619116582187,5366.900000000001,0
S3,2,803,0.1954771943273285,5115.3,0
S3,2,804,0.180128934395146,5261.150000000001,2
S3,2,805,0.1609403254972875,5604.500000000001,4
S3,2,806,0.16902944383860413,5481.700000000001,0
S3,2,807,0.1532258064516129,5032.500000000001,2
S3,2,808,0.17939609236234458,5575.5,1
S3,2,809,0.18035714285714285,5541.5,0
S3,2,810,0.15317286652078774,5543.900000000001,2
S3,2,811,0.18019657808518383,5440.900000000001,0
S3,2,812,0.2104411169566977,4779.700000000001,0
S3,2,813,0.15680684248039914,5612.700000000001,0
S3,2,814,0.1844879518072289,5272.7,2
S3,2,815,0.14586994727592267,5807.5,4
S3,2,816,0.1586998087954111,5227.5,0
S3,2,817,0.09632860777898945,5744.700000000001,3
S3,2,818,0.15139900344959756,5280.3,3
S3,2,819,0.1474289823804387,5598.700000000001,0
S3,2,820,0.11131725417439703,5537.25,0
S3,2,821,0.12771635531833778,5346.1,0
S3,2,822,0.08199581297976273,6037.700000000001,3
S3,2,823,0.09872824631860777,6205.1,1
S3,2,824,0.10127931769722814,5821.3,0
S3,2,825,0.12971698113207547,5168.3,0
S3,2,826,0.10215882806476484,5401.3,0
S3,2,827,0.1440922190201729,5614.700000000001,0
S3,2,828,0.1200141193081539,5873.1,5
S3,2,829,0.1705170517051705,5483.900000000001,3
S3,2,830,0.19097853765005457,5428.3,3
S3,2,831,0.19801980198019803,5216.700000000001,4
S3,2,832,0.19083969465648856,5671.900000000001,0
S3,2,833,0.16345804576825282,5562.1,2
S3,2,834,0.19100321313816493,5533.700000000001,2
S3,2,835,0.22187621642662514,4935.3,0
S3,2,836,0.17371060171919772,5620.900000000001,5
S3,2,837,0.2054794520547945,5301.700000000001,2
S3,2,838,0.20200076952674106,5097.3,2
S3,2,839,0.21241830065359477,4804.85,3
S3,2,840,0.19079685746352412,5256.1,0
S3,2,841,0.1977401129943503,5199.5,0
S3,2,842,0.18467583497053044,5062.5,4
S3,2,843,0.15875912408759124,5493.5,0
S3,2,844,0.17357001972386588,5040.5,0
S3,2,845,0.11931394481730052,5545.900000000001,2
S3,2,846,0.176777822418642,4940.3,0
S3,2,847,0.1384335154826958,5550.5,0
S3,2,848,0.1843137254901961,5056.5,0
S3,2,849,0.1851145038167939,5189.5,0
S3,2,850,0.16230366492146597,5752.5,0
S3,2,851,0.17900590893291624,5772.150000000001,6
S3,2,852,0.16323357947920716,5218.6,5
S3,2,853,0.2111111111111111,5243.5,0
S3,2,854,0.19992003198720512,4927.7,2
S3,2,855,0.1941747572815534,5255.1,0
S3,2,856,0.20229144289294665,5434.1,0
S3,2,857,0.18242448018830915,5054.3,1
S3,2,858,0.2164830991264717,5076.1,0
S3,2,859,0.16632722335369993,5886.700000000001,2
S3,2,860,0.16380952380952382,5251.5,0
S3,2,861,0.2244668911335578,5129.1,0
S3,2,862,0.14149139579349904,5321.5,2
S3,2,863,0.1715686274509804,5255.900000000001,0
S3,2,864,0.17391304347826086,5264.5,2
S3,2,865,0.15280739161336176,5683.3,2
S3,2,866,0.15601217656012176,5292.1,0
S3,2,867,0.16080777860882572,5344.55,0
S3,2,868,0.06947052196770559,5621.1,1
S3,2,869,0.04918032786885246,5913.500000000001,3
S3,2,870,0.16183035714285715,5379.1,0
S3,2,871,0.18212621770436255,4774.700000000001,9
S3,2,872,0.24756493506493507,4661.8,0
S3,2,873,0.20711143695014664,5291.1,0
S3,2,874,0.1708542713567839,5942.5,0
S3,2,875,0.20153550863723607,5089.5,1
S3,2,876,0.1884159106769016,5639.700000000001,0
S3,2,877,0.16655336505778381,5922.900000000001,3
S3,2,878,0.1879026485325698,5484.3,0
S3,2,879,0.18888888888888888,5332.5,1
S3,2,880,0.20584602717167558,4731.3,0
S3,2,881,0.19751693002257337,5224.1,3
S3,2,882,0.18153727307840864,5166.3,3
S3,2,883,0.18708083303918108,5585.1,1
S3,2,884,0.20428015564202334,5069.5,6
S3,2,885,0.19394163280384188,5332.900000000001,0
S3,2,886,0.19954389965792474,5178.7,1
S3,2,887,0.21207489491784487,5092.900000000001,2
S3,2,888,0.23891519586741283,4434.1,0
S3,2,889,0.21795345400812707,5214.900000000001,0
S3,2,890,0.21084337349397592,5153.700000000001,0
S3,2,891,0.20902090209020902,5322.900000000001,0
S3,2,892,0.2158999192897498,4817.1,0
S3,2,893,0.23522550544323484,4899.900000000001,0
S3,2,894,0.23877551020408164,4707.5,3
S3,2,895,0.18048606147248034,5590.1,1
S3,2,896,0.21333333333333335,5103.5,1
S3,2,897,0.17323121808898614,5449.900000000001,0
S3,2,898,0.1904585798816568,5332.3,2
S3,2,899,0.19187358916478556,5248.1,1
S3,2,900,0.21409108602569094,4999.3,0
S3,2,901,0.20964749536178107,5238.5,0
S3,2,902,0.20509977827050999,5300.700000000001,2
S3,2,903,0.19051176690324992,5279.900000000001,0
S3,2,904,0.20773121387283236,5367.1,0
S3,2,905,0.21442885771543085,4831.5,1
S3,2,906,0.19272727272727272,5467.5,6
S3,2,907,0.17761989342806395,5655.500000000001,3
S3,2,908,0.19971212666426771,5464.3,1
S3,2,909,0.20059992500937382,5192.900000000001,0
S3,2,910,0.1846640872317974,5632.1,0
S3,2,911,0.20454545454545456,5164.5,1
S3,2,912,0.211864406779661,5058.700000000001,0
S3,2,913,0.21358828315703823,4798.1,1
S3,2,914,0.19845857418111754,5068.5,0
S3,2,915,0.20175789053136237,4875.1,0
S3,2,916,0.23878139151914368,4615.3,0
S3,2,917,0.22913256955810146,4712.3,0
S3,2,918,0.1985627836611195,5205.3,3
S3,2,919,0.2082572159298502,5304.900000000001,0
S3,2,920,0.2015316404675534,4913.7,2
S3,2,921,0.2033965244865719,4964.650000000001,0
S3,2,922,0.20218579234972678,5340.5,0
S3,2,923,0.2005103900838498,5382.1,0
S3,2,924,0.17465753424657535,5827.5,1
S3,2,925,0.20408163265306123,4980.3,7
S3,2,926,0.222395630120952,4983.35,2
S3,2,927,0.23543990086741015,4650.700000000001,0
S3,2,928,0.23082942097026604,4944.7,2
S3,2,929,0.1912660798916723,5866.3,2
S3,2,930,0.20756796473181485,5325.900000000001,1
S3,2,931,0.18525179856115107,5545.5,4
S3,2,932,0.24539877300613497,4937.1,0
S3,2,933,0.18415178571428573,5362.1,3
S3,2,934,0.2071455720258457,5126.700000000001,1
S3,2,935,0.2191587133262637,5447.3,0
S3,2,936,0.23207625362619147,4631.35,2
S3,2,937,0.2209737827715356,5150.5,1
S3,2,938,0.20252694165737645,5273.700000000001,0
S3,2,939,0.1457518663348738,5826.1,6
S3,2,940,0.18037518037518038,5550.900000000001,5
S3,2,941,0.24884985361773318,4574.200000000001,3
S3,2,942,0.21729776247848537,4563.3,5
S3,2,943,0.2024214907302308,5207.1,3
S3,2,944,0.1849338310145911,5836.900000000001,0
S3,2,945,0.2029096477794793,5097.900000000001,0
S3,2,946,0.17985611510791366,5570.5,3
S3,2,947,0.19639934533551553,4852.3,4
S3,2,948,0.2228198232808298,5018.1,0
S3,2,949,0.19469026548672566,5562.5,0
S3,2,950,0.1849139509337239,5389.700000000001,0
S3,2,951,0.2306805074971165,4989.700000000001,0
S3,2,952,0.22279348757497858,4568.3,4
S3,2,953,0.2137854773313675,5280.1,0
S3,2,954,0.2168861347792409,5063.900000000001,4
S3,2,955,0.21223021582733814,5375.500000000001,0
S3,2,956,0.1856946354883081,5741.1,0
S3,2,957,0.21786891248626877,5305.700000000001,2
S3,2,958,0.22208638956805216,4796.3,4
S3,2,959,0.2157456472369417,5132.900000000001,1
S3,2,960,0.22574257425742575,4871.5,1
S3,2,961,0.1807677972418934,5358.1,2
S3,2,962,0.19652974504249293,5539.3,1
S3,2,963,0.21722985518009655,5210.1,0
S3,2,964,0.17045454545454544,5471.1,2
S3,2,965,0.16989404457435148,5440.900000000001,0
S3,2,966,0.15471423370950127,5517.900000000001,1
S3,2,967,0.1800356506238859,5532.500000000001,0
S3,2,968,0.21935219352193522,4691.3,0
S3,2,969,0.19573643410852712,5133.5,4
S3,2,970,0.17184035476718404,5372.700000000001,0
S3,2,971,0.14495062121694807,6367.3,0
S3,2,972,0.15751056473300037,5217.1,0
S3,2,973,0.19509476031215162,5321.700000000001,4
S3,2,974,0.18211323476379374,5496.1,2
S3,2,975,0.1777087646652864,5742.1,1
S3,2,976,0.1252847380410023,5488.3,6
S3,2,977,0.10685210312075984,6075.1,0
S3,2,978,0.1226656902233614,5613.700000000001,0
S3,2,979,0.17589820359281438,5301.900000000001,0
S3,2,980,0.22662311147407105,4710.3,1
S3,2,981,0.18754552075746542,5479.700000000001,5
S3,2,982,0.18547442405310427,5088.700000000001,1
S3,2,983,0.20035149384885764,5582.5,0
S3,2,984,0.1995395241749808,5174.700000000001,6
S3,2,985,0.20263424518743667,5762.950000000001,0
S3,2,986,0.16189759036144577,5328.700000000001,2
S3,2,987,0.1741472172351885,5575.500000000001,3
S3,2,988,0.19718309859154928,4866.5,0
S3,2,989,0.19078473722102232,5510.1,3
S3,2,990,0.2198890649762282,4874.3,0
S3,2,991,0.20105820105820105,5540.5,0
S3,2,992,0.21814671814671815,4987.5,0
S3,2,993,0.15188979159307664,5699.700000000001,0
S3,2,994,0.1918938307030129,5510.1,3
S3,2,995,0.19118220834959032,5056.1,2
S3,2,996,0.18485915492957747,5595.5,0
S3,2,997,0.16583747927031509,4858.900000000001,3
S3,2,998,0.1278227524499361,4883.900000000001,5
S3,2,999,0.1237234878240377,5200.700000000001,0
S3,2,1000,0.12055837563451777,4846.3,0
S3,2,1001,0.11648745519713262,5776.5,3
S3,2,1002,0.11900595029751487,5844.900000000001,0
S3,2,1003,0.06279701289884589,6307.700000000001,3
S3,2,1004,0.1807465618860511,5051.5,1
S3,2,1005,0.1566265060240964,5832.5,0
S3,2,1006,0.15460295151089248,5840.700000000001,8
S3,2,1007,0.19317005864091066,5673.3,0
S3,2,1008,0.173850054328142,5535.700000000001,2
S3,2,1009,0.2043369474562135,4735.1,3
S3,2,1010,0.18654114365411437,5655.1,0
S3,2,1011,0.19136036377415688,5256.3,6
S3,2,1012,0.20275162925416365,5447.900000000001,4
S3,2,1013,0.20393299344501092,5360.700000000001,0
S3,2,1014,0.19820751465012065,5701.200000000001,0
S3,2,1015,0.22226753670473084,4757.900000000001,2
S3,2,1016,0.2099737532808399,5212.900000000001,2
S3,2,1017,0.19375857338820301,5743.700000000001,2
S3,2,1018,0.1979315263908702,5547.55,4
S3,2,1019,0.16552716804605974,5626.3,5
S3,2,1020,0.2231237322515213,4779.0,1
S3,2,1021,0.19237684286227977,5538.7,3
S3,2,1022,0.187743535246192,5618.1,3
S3,2,1023,0.18459915611814345,5656.3,2
S3,2,1024,0.1772928741902489,5842.1,1
S3,2,1025,0.18930957683741648,5302.3,0
S3,2,1026,0.18525115781973636,5588.900000000001,2
S3,2,1027,0.18945634266886327,4873.1,7
S3,2,1028,0.20053475935828877,5105.1,0
S3,2,1029,0.18686502177068215,5432.700000000001,0
S3,2,1030,0.14625228519195613,5531.5,1
S3,2,1031,0.13691128148959475,5619.3,3
S3,2,1032,0.1453900709219858,5714.500000000001,0
S3,2,1033,0.20463320463320464,5049.5,0
S3,2,1034,0.13789581205311544,5957.900000000001,0
S3,2,1035,0.18994413407821228,5262.5,0
S3,2,1036,0.18875344081793158,4996.6,0
S3,2,1037,0.17288801571709234,5099.0,3
S3,2,1038,0.18338727076591155,5477.700000000001,0
S3,2,1039,0.1313355530891602,5525.1,1
S3,2,1040,0.14689265536723164,5340.5,0
S3,2,1041,0.16875981161695447,5072.1,0
S3,2,1042,0.192458758837392,4985.700000000001,0
S3,2,1043,0.12237762237762238,5862.500000000001,1
S3,2,1044,0.07942811755361398,5267.1,0
S3,2,1045,0.0979740949850548,6237.700000000001,0
S3,2,1046,0.13094798967170787,5566.700000000001,1
S3,2,1047,0.1571201272871917,5047.8,0
S3,2,1048,0.21783387622149838,4771.700000000001,3
S3,2,1049,0.16323024054982818,5860.5,2
S3,2,1050,0.20315581854043394,4961.25,1
S3,2,1051,0.2013942680092951,5073.900000000001,2
S3,2,1052,0.1990811638591118,5113.900000000001,0
S3,2,1053,0.18511730205278593,5363.1,0
S3,2,1054,0.1846590909090909,5594.700000000001,3
S3,2,1055,0.21664766248574688,5071.700000000001,0
S3,2,1056,0.1600943714189417,6008.900000000001,5
S3,2,1057,0.11210762331838565,6025.3,5
S3,2,1058,0.11661211129296235,5002.3,0
S3,2,1059,0.14410187667560323,6052.3,2
S3,2,1060,0.122568093385214,5243.500000000001,0
S3,2,1061,0.12395118230358505,5370.900000000001,0
S3,2,1062,0.14670896114195084,5155.900000000001,4
S3,2,1063,0.1888375996642887,4740.1,2
S3,2,1064,0.18871381458409675,5353.3,0
S3,2,1065,0.19719378081152825,5191.900000000001,3
S3,2,1066,0.1794871794871795,5405.5,0
S3,2,1067,0.23385300668151449,4296.5,0
S3,2,1068,0.19801980198019803,5351.900000000001,1
S3,2,1069,0.18905080740448996,4988.3,0
S3,2,1070,0.1510842516885887,5775.1,5
S3,2,1071,0.17640954686959529,5715.700000000001,0
S3,2,1072,0.21297006907137375,5034.700000000001,0
S3,2,1073,0.20437956204379562,5323.5,0
S3,2,1074,0.20971688220901782,5587.700000000001,2
S3,2,1075,0.2016285381930981,5038.3,1
S3,2,1076,0.12379896526237989,5555.700000000001,1
S3,2,1077,0.11927300265051118,5477.700000000001,6
S3,2,1078,0.1794214573416331,5404.700000000001,1
S3,2,1079,0.1938610662358643,4895.700000000001,3
S3,2,1080,0.1514629948364888,5840.5,0
S3,2,1081,0.18226428321065544,5640.1,0
S3,2,1082,0.17964071856287425,5330.900000000001,1
S3,2,1083,0.19637462235649547,5169.1,0
S3,2,1084,0.2271788517141677,4659.7,2
S3,2,1085,0.20295902883156297,5124.700000000001,0
S3,2,1086,0.21611001964636542,4933.5,1
S3,2,1087,0.21850393700787402,4889.5,0
S3,2,1088,0.20817120622568094,5033.5,2
S3,2,1089,0.19372336303758234,5070.700000000001,1
S3,2,1090,0.21380933699489996,4941.3,0
S3,2,1091,0.22379495026778884,5036.3,0
S3,2,1092,0.20328102710413695,5472.3,0
S3,2,1093,0.18449496831904585,5298.1,1
S3,2,1094,0.2007374027038099,4803.700000000001,2
S3,2,1095,0.2172241445597847,5016.700000000001,0
S3,2,1096,0.1634320735444331,5943.900000000001,3
S3,2,1097,0.19712601326455417,5296.3,0
S3,2,1098,0.18619084561675717,5225.1,10
S3,2,1099,0.19312475859405176,5130.3,3
S3,2,1100,0.1858600583090379,5434.3,2
S3,2,1101,0.17089305402425578,5467.700000000001,4
S3,2,1102,0.20624749699639566,4862.900000000001,0
S3,2,1103,0.17509727626459143,4688.1,6
S3,2,1104,0.19509251810136766,4874.700000000001,0
S3,2,1105,0.189873417721519,5887.900000000001,0
S3,2,1106,0.19739161085653859,5540.900000000001,0
S3,2,1107,0.1671784373933811,5894.700000000001,3
S3,2,1108,0.17750373692077728,5314.700000000001,1
S3,2,1109,0.17849898580121704,4882.5,0
S3,2,1110,0.1895551257253385,5177.5,7
S3,2,1111,0.19884169884169883,5052.5,0
S3,2,1112,0.19505600617999228,5155.55,6
S3,2,1113,0.1836210062431142,5429.1,3
S3,2,1114,0.20857699805068225,4968.5,0
S3,2,1115,0.1908843007401636,5095.900000000001,4
S3,2,1116,0.19458544839255498,4626.3,0
S3,2,1117,0.17696044413601666,5720.900000000001,1
S3,2,1118,0.15276145710928318,5134.1,1
S3,2,1119,0.1650227617602428,5269.700000000001,0
S3,2,1120,0.17961876832844575,5406.1,0
S3,2,1121,0.1602775941837409,6131.700000000001,5
S3,2,1122,0.14253563390847712,5391.700000000001,0
S3,2,1123,0.12707377338510412,5824.1,3
S3,2,1124,0.1585887384176764,5706.200000000001,5
S3,2,1125,0.14186977082575483,5567.3,0
S3,2,1126,0.1375770020533881,4952.5,2
S3,2,1127,0.17253646389185343,5574.700000000001,0
S3,2,1128,0.13693560325684678,5472.900000000001,0
S3,2,1129,0.10082023239917977,6050.700000000001,0
S3,2,1130,0.17785111844517784,5399.900000000001,0
S3,2,1131,0.1631516116195782,5004.1,0
S3,2,1132,0.16331658291457288,5645.700000000001,4
S3,2,1133,0.14969029593943564,5887.700000000001,2
S3,2,1134,0.14533786334465837,5338.3,0
S3,2,1135,0.09087791495198902,6064.700000000001,0
S3,2,1136,0.10539478385137549,5806.3,0
S3,2,1137,0.15946137491141035,5655.900000000001,0
S3,2,1138,0.18966158423205653,5299.55,0
S3,2,1139,0.22342733188720174,4420.5,0
S3,2,1140,0.22708674304418985,4678.3,0
S3,2,1141,0.2001510574018127,5161.1,0
S3,2,1142,0.16748212269476853,5328.900000000001,0
S3,2,1143,0.16308518802762856,5231.700000000001,1
S3,2,1144,0.1637233259749816,5478.1,2
S3,2,1145,0.19164430816404754,5137.3,2
S3,2,1146,0.1892744479495268,5596.1,0
S3,2,1147,0.14164827078734363,5490.1,0
S3,2,1148,0.14450867052023122,5937.700000000001,0
S3,2,1149,0.18222768222768224,4826.150000000001,0
S3,2,1150,0.16016981860285603,5189.700000000001,0
S3,2,1151,0.15467759970182632,5422.1,2
S3,2,1152,0.16010802469135801,5191.900000000001,0
S3,2,1153,0.17965204236006052,5288.55,3
S3,2,1154,0.18025078369905956,5034.900000000001,0
S3,2,1155,0.15823935976718806,5533.3,2
S3,2,1156,0.15,5489.5,4
S3,2,1157,0.12529630883846934,6040.1,0
S3,2,1158,0.15815548780487804,5293.3,3
S3,2,1159,0.16641162968630452,5226.3,0
S3,2,1160,0.18625678119349007,5471.5,2
S3,2,1161,0.15553869499241274,5279.700000000001,0
S3,2,1162,0.17934568387859676,5081.900000000001,3
S3,2,1163,0.13561741613133477,5778.900000000001,4
S3,2,1164,0.16815235008103727,4929.1,0
S3,2,1165,0.16828591256072173,5740.900000000001,0
S3,2,1166,0.1466859833393698,5570.700000000001,0
S3,2,1167,0.1326530612244898,5987.5,0
S3,2,1168,0.2136006974716652,4426.3,0
S3,2,1169,0.17560422960725075,5278.1,3
S3,2,1170,0.11429678419217358,5301.700000000001,0
S3,2,1171,0.1626482969766552,5246.1,0
S3,2,1172,0.14998314796090326,6049.900000000001,2
S3,2,1173,0.1906701221769715,5324.700000000001,1
S3,2,1174,0.18531976744186046,5485.900000000001,4
S3,2,1175,0.18828451882845187,5265.3,8
S3,2,1176,0.18188432157148055,5435.3,0
S3,2,1177,0.1777694610778443,5349.900000000001,2
S3,2,1178,0.20347688660608454,4917.700000000001,0
S3,2,1179,0.15625,5660.700000000001,2
S3,2,1180,0.1838810641627543,5066.700000000001,0
S3,2,1181,0.17491626349088202,5388.900000000001,2
S3,2,1182,0.20283199387677,5080.1,0
S3,2,1183,0.18602885345482156,5194.3,0
S3,2,1184,0.22083805209513024,5101.8,0
S3,2,1185,0.21289537712895376,4767.700000000001,0
S3,2,1186,0.21131936787945607,5278.700000000001,0
S3,2,1187,0.18531717747683535,5552.700000000001,1
S3,2,1188,0.20848985725018782,5187.900000000001,2
S3,2,1189,0.1695205479452055,5814.5,0
S3,2,1190,0.16095534787123572,5785.3,0
S3,2,1191,0.18614891913530823,4905.1,0
S3,2,1192,0.172147001934236,5140.5,0
S3,2,1193,0.1875,5201.5,0
S3,2,1194,0.16989404457435148,5477.900000000001,1
S3,2,1195,0.1715592832634388,5223.1,0
S3,2,1196,0.17714285714285713,5194.5,0
S3,2,1197,0.20485584218512898,5159.700000000001,0
S3,2,1198,0.2080856123662307,4893.1,0
S3,2,1199,0.22393822393822393,4974.5,0
S3,2,1200,0.20054517133956387,5019.1,0
S3,2,1201,0.21124239169351952,5417.1,1
S3,2,1202,0.20300751879699247,5191.5,0
S3,2,1203,0.17582417582417584,5455.5,2
S3,2,1204,0.17737969792764313,5704.900000000001,3
S3,2,1205,0.17524644030668127,5505.3,4
S3,2,1206,0.20657995409334354,5100.3,0
S3,2,1207,0.19007965242577843,5433.900000000001,0
S3,2,1208,0.18767217630853994,5740.3,1
S3,2,1209,0.19443385436523064,5186.1,0
S3,2,1210,0.24210526315789474,4532.25,0
S3,2,1211,0.21062271062271062,5286.25,0
S3,2,1212,0.18861080885019949,5433.900000000001,0
S3,2,1213,0.2109375,4951.5,0
S3,2,1214,0.1857194374323837,5487.1,1
S3,2,1215,0.1851192595229619,5563.3,0
S3,2,1216,0.19731800766283525,5170.5,3
S3,2,1217,0.16632373113854595,5840.700000000001,0
S3,2,1218,0.16720604099244876,5582.700000000001,0
S3,2,1219,0.1907703488372093,5411.900000000001,0
S3,2,1220,0.18056089127929312,5130.1,0
S3,2,1221,0.16723036452461482,5307.700000000001,0
S3,2,1222,0.16157053509381514,5763.35,0
S3,2,1223,0.2315369261477046,4828.5,2
S3,2,1224,0.2170418006430868,4825.35,0
S3,2,1225,0.187592867756315,5303.900000000001,0
S3,2,1226,0.2045075125208681,4681.450000000001,2
S3,2,1227,0.21012006861063465,4565.900000000001,2
S3,2,1228,0.17885852090032153,4945.1,2
S3,2,1229,0.17611026033690658,5232.900000000001,3
S3,2,1230,0.17069701280227595,5653.900000000001,4
S3,2,1231,0.17825934987766515,5669.700000000001,0
S3,2,1232,0.16683690840994211,5949.900000000001,5
S3,2,1233,0.18457602339181287,5401.700000000001,1
S3,2,1234,0.2075542258788332,5184.3,0
S3,2,1235,0.1862673484295106,5434.1,3
S3,2,1236,0.1790989660265879,5410.1,3
S3,2,1237,0.18850987432675045,5555.5,3
S3,2,1238,0.2200488997555012,4758.3,0
S3,2,1239,0.22123893805309736,4841.7,3
S3,2,1240,0.2093279471171502,5294.6,0
S3,2,1241,0.22338204592901878,4634.5,0
S3,2,1242,0.21755027422303475,5270.5,0
S3,2,1243,0.18552200800291016,5423.3,0
S3,2,1244,0.19501625135427952,5431.3,0
S3,2,1245,0.20685997171145687,5527.1,0
S3,2,1246,0.2204553668232743,5367.900000000001,1
S3,2,1247,0.2089975203684024,5470.1,0
S3,2,1248,0.18889308651303363,5281.900000000001,3
S3,2,1249,0.2204447912602419,5018.1,6
S3,2,1250,0.21808088818398097,4906.900000000001,3
S3,2,1251,0.20218579234972678,5380.5,0
S3,2,1252,0.18321513002364065,5031.6,1
S3,2,1253,0.2015472312703583,4860.700000000001,4
S3,2,1254,0.16298811544991512,5900.500000000001,0
S3,2,1255,0.1599229287090559,5262.5,4
S3,2,1256,0.18272425249169436,5353.3,0
S3,2,1257,0.1830621301775148,5342.3,0
S3,2,1258,0.16750096264921063,5158.900000000001,0
S3,2,1259,0.16773464003015454,5280.1,0
S3,2,1260,0.1423754215061821,5398.3,0
S3,2,1261,0.19238476953907815,4881.25,0
S3,2,1262,0.18897915930766512,5553.700000000001,0
S3,2,1263,0.11182649949169773,6173.700000000001,6
S3,2,1264,0.16581129095933675,5079.35,0
S3,2,1265,0.1807955002008839,4964.3,1
S3,2,1266,0.1967028849756463,5249.3,0
S3,2,1267,0.2102803738317757,4989.1,0
S3,2,1268,0.19680851063829788,5525.5,0
S3,2,1269,0.20077220077220076,5089.0,2
S3,2,1270,0.17782822550132427,5278.1,0
S3,2,1271,0.21209740769835037,4957.700000000001,1
S3,2,1272,0.2185792349726776,4617.3,0
S3,2,1273,0.17127592708988057,6384.900000000001,3
S3,2,1274,0.20651310563939634,4962.1,3
S3,2,1275,0.2167357708254806,5148.1,2
S3,2,1276,0.18480492813141683,5787.900000000001,0
S3,2,1277,0.22227017695295642,4512.900000000001,2
S3,2,1278,0.2059153874953201,5193.700000000001,0
S3,2,1279,0.17443930224279103,5626.3,3
S3,2,1280,0.19480519480519481,5306.5,0
S3,2,1281,0.20260492040520983,5434.3,2
S3,2,1282,0.19492131616595135,5522.700000000001,2
S3,2,1283,0.2267530487804878,5026.3,0
S3,2,1284,0.19838354151359294,5348.900000000001,1
S3,2,1285,0.22718052738336714,4748.5,2
S3,2,1286,0.18546845124282982,5203.5,5
S3,2,1287,0.1954459203036053,5255.5,5
S3,2,1288,0.20872865275142316,5124.5,0
S3,2,1289,0.19571639586410636,5289.1,0
S3,2,1290,0.1697363669194655,5603.3,4
S3,2,1291,0.19439579684763572,5638.5,4
S3,2,1292,0.1875,5544.1,0
S3,2,1293,0.16787485692483786,5301.700000000001,6
S3,2,1294,0.17115804806991988,5444.700000000001,0
S3,2,1295,0.15003489183531055,5822.700000000001,2
S3,2,1296,0.1579961464354528,5264.5,4
S3,2,1297,0.20104244229337304,5316.7,4
S3,2,1298,0.18473895582329317,4933.5,0
S3,2,1299,0.16257465162574652,6050.3,0
S3,2,1300,0.20426287744227353,5505.5,0
S3,2,1301,0.18225039619651348,4988.3,0
S3,2,1302,0.16978922716627634,5172.900000000001,4
S3,2,1303,0.14528301886792452,5381.5,1
S3,2,1304,0.16879219804951237,5401.700000000001,5
S3,2,1305,0.12999246420497362,5412.3,0
S3,2,1306,0.14525368248772505,4918.3,0
S3,2,1307,0.1994828223125231,5289.900000000001,0
S3,2,1308,0.18181818181818182,5000.75,0
S3,2,1309,0.18548387096774194,4900.5,1
S3,2,1310,0.1880752300920368,4901.3,0
S3,2,1311,0.129278951201748,5597.700000000001,0
S3,2,1312,0.06805614632071459,4994.700000000001,3
S3,2,1313,0.06056018168054504,5627.900000000001,0
S3,2,1314,0.17822549399457574,5114.700000000001,0
S3,2,1315,0.17623546511627908,5459.900000000001,0
S3,2,1316,0.15969162995594713,5490.3,4
S3,2,1317,0.11780610274237158,5359.3,2
S3,2,1318,0.11610486891385768,5527.5,2
S3,2,1319,0.16934433347807207,4632.1,2
S3,2,1320,0.11802575107296137,5732.700000000001,0
S3,2,1321,0.1584193663225347,5613.3,0
S3,2,1322,0.18822587104525432,4953.900000000001,1
S3,2,1323,0.19171779141104295,5113.1,0
S3,2,1324,0.1918693009118541,5177.900000000001,1
S3,2,1325,0.19514137793707687,4924.200000000001,0
S3,2,1326,0.18456995201181248,5327.3,0
S3,2,1327,0.18808777429467086,5025.900000000001,0
S3,2,1328,0.201949860724234,5645.900000000001,3
S3,2,1329,0.19889502762430938,5312.5,0
S3,2,1330,0.20129130269654386,5144.1,0
S3,2,1331,0.21339220014716703,5255.1,0
S3,2,1332,0.17027863777089783,5788.900000000001,0
S3,2,1333,0.19625825385179752,5388.700000000001,2
S3,2,1334,0.19978969505783387,5570.1,0
S3,2,1335,0.11978361669242658,5402.1,8
S3,2,1336,0.09210526315789473,6369.5,0
S3,2,1337,0.1839264294282287,4957.700000000001,0
S3,2,1338,0.1991492652745553,5068.950000000001,0
S3,2,1339,0.19838056680161945,4878.5,2
S3,2,1340,0.19522776572668113,5469.700000000001,4
S3,2,1341,0.19293775027302512,5394.900000000001,0
S3,2,1342,0.18821889159986058,5651.3,0
S3,2,1343,0.2208515718265022,4855.35,0
S3,2,1344,0.22396856581532418,4933.5,3
S3,2,1345,0.17897513187641295,5256.3,0
S3,2,1346,0.18019726858877086,5260.700000000001,2
S3,2,1347,0.20091848450057406,5148.1,2
S3,2,1348,0.18982229402261713,4890.700000000001,0
S3,2,1349,0.20119521912350596,4923.5,0
S3,2,1350,0.2135306553911205,4584.5,0
S3,2,1351,0.1789437109103544,5748.1,3
S3,2,1352,0.20057824358511023,5393.900000000001,0
S3,2,1353,0.2126865671641791,4745.3,3
S3,2,1354,0.23517786561264822,4824.5,0
S3,2,1355,0.20545158665581773,4815.1,2
S3,2,1356,0.2047970479704797,5263.5,0
S3,2,1357,0.18991964937910885,5438.1,3
S3,2,1358,0.1659671880961465,5338.700000000001,6
S3,2,1359,0.14338235294117646,5503.5,0
S3,2,1360,0.15211378901619912,5128.700000000001,2
S3,2,1361,0.13979318268862506,5273.700000000001,0
S3,2,1362,0.15826278984173722,5591.900000000001,11
S3,2,1363,0.15065913370998116,5336.5,0
S3,2,1364,0.154,5100.5,5
S3,2,1365,0.18009985734664766,5573.3,1
S3,2,1366,0.16403654485049834,4868.1,3
S3,2,1367,0.15157116451016636,5446.5,0
S3,2,1368,0.15,5679.500000000001,2
S3,2,1369,0.11844331641285956,6058.5,0
S3,2,1370,0.1658270361041142,4779.900000000001,2
S3,2,1371,0.15869827239855364,4969.3,0
S3,2,1372,0.18930041152263374,4771.5,0
S3,2,1373,0.16402714932126697,5299.900000000001,0
S3,2,1374,0.1762114537444934,5498.3,6
S3,2,1375,0.22185551888522184,5240.900000000001,0
S3,2,1376,0.18627812615271117,5325.700000000001,0
S3,2,1377,0.18553940321346596,5192.3,1
S3,2,1378,0.20088462956137118,5320.1,2
S3,2,1379,0.14200561009817672,5769.900000000001,0
S3,2,1380,0.12723129510064565,5395.1,1
S3,2,1381,0.13973268529769137,4995.3,0
S3,2,1382,0.14189693801344286,5433.1,0
S3,2,1383,0.10288808664259928,5769.5,2
S3,2,1384,0.10533962949509626,5716.1,0
S3,2,1385,0.19534184823441023,5255.150000000001,1
S3,2,1386,0.1910067648229208,4960.1,0
S3,2,1387,0.222,4831.75,2
S3,2,1388,0.17869780608634112,5578.700000000001,0
S3,2,1389,0.1394774011299435,5843.900000000001,7
S3,2,1390,0.13348588863463004,5325.900000000001,0
S3,2,1391,0.10091145833333333,6393.900000000001,0
S3,2,1392,0.16927083333333334,5400.1,3
S3,2,1393,0.16205389657683905,5479.700000000001,0
S3,2,1394,0.137291280148423,5452.500000000001,0
S3,2,1395,0.09060022650056625,5549.3,2
S3,2,1396,0.15682967959527824,5932.500000000001,0
S3,2,1397,0.18747656542932134,5239.900000000001,0
S3,2,1398,0.15768463073852296,5173.5,12
S3,2,1399,0.1646234676007005,5753.5,2
S3,2,1400,0.17857142857142858,5330.1,0
S3,2,1401,0.15228426395939088,5585.1,2
S3,2,1402,0.08471584892340275,5912.1,0
S3,2,1403,0.0661875945537065,5579.3,0
S3,2,1404,0.1743730407523511,5089.900000000001,2
S3,2,1405,0.1464361326746648,5714.3,0
S3,2,1406,0.13444767441860464,5582.900000000001,0
S3,2,1407,0.09581540868204928,5316.900000000001,1
S3,2,1408,0.09145129224652088,5228.25,0
S3,2,1409,0.07664233576642336,5807.5,4
S3,2,1410,0.07473309608540925,5961.5,4
S3,2,1411,0.06154842889536767,6564.900000000001,2
S3,2,1412,0.07651245551601424,5891.500000000001,0
S3,2,1413,0.10974702380952381,5651.1,8
S3,2,1414,0.08898144642180993,5587.700000000001,4
S3,2,1415,0.14090019569471623,5156.5,0
S3,2,1416,0.18667642752562225,5382.900000000001,1
S3,2,1417,0.193560751245688,5156.3,3
S3,2,1418,0.17945780832378772,5180.3,0
S3,2,1419,0.18032144257154056,5087.700000000001,4
S3,2,1420,0.1728673431040962,5416.700000000001,11
S3,2,1421,0.1744186046511628,5445.900000000001,0
S3,2,1422,0.17182779456193353,5256.1,0
S3,2,1423,0.1405384006334125,5105.700000000001,0
S3,2,1424,0.09884974838245866,5762.900000000001,0
S3,2,1425,0.1281055900621118,5295.700000000001,3
S3,2,1426,0.10300279329608938,5947.3,1
S3,2,1427,0.16759776536312848,4996.700000000001,0
S3,2,1428,0.13333333333333333,5484.5,10
S3,2,1429,0.15211879753712423,5542.700000000001,0
S3,2,1430,0.1561951561951562,5755.3,2
S3,2,1431,0.19443385436523064,5139.1,1
S3,2,1432,0.11221945137157108,5831.900000000001,3
S3,2,1433,0.13226649248856956,6243.900000000001,2
S3,2,1434,0.1528709917971663,5405.900000000001,2
S3,2,1435,0.14883346741753822,5002.700000000001,0
S3,2,1436,0.13115343154868847,5691.1,1
S3,2,1437,0.17135862913096694,4855.700000000001,0
S3,2,1438,0.16631578947368422,4733.5,0
S3,2,1439,0.19102990033222592,4770.1,2
S3,2,1440,0.20481927710843373,4892.5,2
S3,2,1441,0.18312387791741472,5554.5,2
S3,2,1442,0.1867145421903052,5523.5,1
S3,2,1443,0.17276770441327402,5792.1,0
S3,2,1444,0.18887083671811536,4855.900000000001,0
S3,2,1445,0.1841305998481397,5180.3,0
S3,2,1446,0.18394648829431437,5313.700000000001,0
S3,2,1447,0.17092411720510894,5343.900000000001,3
S3,2,1448,0.19104592821304517,5135.700000000001,2
S3,2,1449,0.18638265500190188,5178.3,0
S3,2,1450,0.18992102294095525,5289.3,3
S3,2,1451,0.1990811638591118,5136.900000000001,3
S3,2,1452,0.1687177451369591,5019.3,0
S3,2,1453,0.19014849692140529,5411.700000000001,0
S3,2,1454,0.18158783783783783,4673.6,0
S3,2,1455,0.18995929443690637,4327.700000000001,0
S3,2,1456,0.18028385116992712,5254.400000000001,5
S3,2,1457,0.1820340324495449,5014.900000000001,0
S3,2,1458,0.1827875095201828,5183.700000000001,0
S3,2,1459,0.2045188936501753,4984.900000000001,0
S3,2,1460,0.18603759110088225,5140.900000000001,0
S3,2,1461,0.1830931047915855,5254.400000000001,12
S3,2,1462,0.1889644746787604,5188.700000000001,0
S3,2,1463,0.17729158807996984,5250.700000000001,0
S3,2,1464,0.18695154521175125,5225.700000000001,4
S3,2,1465,0.18178186176588093,5023.1,3
S3,2,1466,0.19035054655107425,5246.1,2
S3,2,1467,0.19088213491475167,5325.1,0
S3,2,1468,0.17655624317437205,5534.900000000001,4
S3,2,1469,0.20569620253164558,4905.1,0
S3,2,1470,0.19887429643527205,5228.5,2
S3,2,1471,0.17744916820702403,5403.5,0
S3,2,1472,0.17802450229709035,5219.900000000001,2
S3,2,1473,0.21591363454618154,4837.200000000001,0
S3,2,1474,0.1981015270326042,4789.1,3
S3,2,1475,0.1741731175228712,5640.900000000001,0
S3,2,1476,0.1532229658330398,5706.3,0
S3,2,1477,0.1785043216835776,5311.700000000001,0
S3,2,1478,0.17386722866174922,5681.650000000001,1
S3,2,1479,0.1668335001668335,6000.900000000001,0
S3,2,1480,0.20373191165270374,5122.700000000001,0
S3,2,1481,0.18299656881433474,5264.1,6
S3,2,1482,0.17215845982969272,5486.700000000001,8
S3,2,1483,0.16923076923076924,5234.5,3
S3,2,1484,0.18198874296435272,5312.75,3
S3,2,1485,0.1743350107836089,5583.900000000001,3
S3,2,1486,0.16930022573363432,5303.1,1
S3,2,1487,0.1369185087429891,6260.700000000001,5
S3,2,1488,0.1441973592772759,5911.1,6
S3,2,1489,0.1930732484076433,4926.900000000001,0
S3,2,1490,0.12491444216290212,5989.900000000001,1
S3,2,1491,0.1685621445978879,4969.900000000001,5
S3,2,1492,0.16908212560386474,5406.700000000001,3
S3,2,1493,0.17717269675494218,5295.700000000001,0
S3,2,1494,0.16821760916249104,5571.3,1
S3,2,1495,0.09426393902928198,5190.1,0
S3,2,1496,0.1786378861183476,5322.900000000001,0
S3,2,1497,0.22373909745923398,5080.900000000001,0
S3,2,1498,0.20138089758342922,5072.900000000001,0
S3,2,1499,0.1996124031007752,5065.5,0
