scenario,method,seed,episode,service_level,total_cost,scri_viol,VaR95,TVaR95
S2,qlearning,2,0,0.1175378905041757,10457.363043273741,3,3254.1799999189475,3469.5999998986845
S2,qlearning,2,1,0.10906612133605999,9034.25,0,2934.9999999999995,3226.75
S2,qlearning,2,2,0.12876884422110552,11214.25,0,3471.65,3551.0
S2,qlearning,2,3,0.07973733583489681,10193.695456716514,3,2826.029091353368,2848.5
S2,qlearning,2,4,0.1165462902166776,10854.401922516076,5,3885.6153844878845,4278.574999911848
S2,qlearning,2,5,0.12664315485732608,10719.899999711593,3,3598.5299999615686,3682.0
S2,qlearning,2,6,0.08183568677792041,10369.35,0,3245.95,3418.5
S2,qlearning,2,7,0.13935810810810811,8045.368121039681,6,2629.9486242164216,2798.5499998884056
S2,qlearning,2,8,0.10899600859686828,10194.376162319453,2,3044.3,3054.5
S2,qlearning,2,9,0.07458233890214797,10775.059302077836,3,3432.7,3678.0
S2,qlearning,2,10,0.11524822695035461,8461.6362065878,3,2151.9,2153.5
S2,qlearning,2,11,0.0966686496133254,11481.699561285304,2,2840.9,2921.0
S2,qlearning,2,12,0.07814761215629522,11026.25,0,2774.1,2786.0
S2,qlearning,2,13,0.09239940387481371,11481.25,0,3092.4,3114.0
S2,qlearning,2,14,0.08980301274623406,10863.571276410366,2,2968.414255282073,3100.0
S2,qlearning,2,15,0.095707656612529,11495.599999825281,2,2935.6,3048.0
S2,qlearning,2,16,0.09511731135066583,10345.899999728703,4,3423.35,3675.0
S2,qlearning,2,17,0.07006005147269088,10625.912686275056,4,3152.559999918671,3344.0499999433823
S2,qlearning,2,18,0.10532837670384139,10835.157746219104,4,3583.339999957517,3809.0499999468966
S2,qlearning,2,19,0.08537371134020619,10068.549999929357,1,2785.7999999999997,2900.0
S2,qlearning,2,20,0.08907363420427554,11039.020504205151,5,3542.0141008702053,3660.0
S2,qlearning,2,21,0.128068303094984,9031.1,0,2218.58,2236.6
S2,qlearning,2,22,0.11556982343499198,9631.299999794337,3,2878.919999970108,2908.5
S2,qlearning,2,23,0.08505070330389271,10208.910658506587,6,2256.756666456121,2305.508333070151
S2,qlearning,2,24,0.11052303860523038,11587.0,0,4245.2,4729.5
S2,qlearning,2,25,0.09294871794871795,12365.69745750214,1,3664.7999999999997,3734.75
S2,qlearning,2,26,0.09913258983890955,10194.83795484314,6,2924.2099999893053,3023.0
S2,qlearning,2,27,0.08397932816537468,13543.799999940311,1,4198.739999952248,4338.29999994031
S2,qlearning,2,28,0.08645955451348183,11082.683333198733,2,3356.8366666397465,3545.0
S2,qlearning,2,29,0.1039098274040155,8654.849999573153,5,2935.3599998800523,3211.0499999206186
S2,qlearning,2,30,0.0731176104542626,11473.649999745669,3,3433.6499999999996,3587.25
S2,qlearning,2,31,0.08471965495995071,10815.25,0,3012.55,3017.5
S2,qlearning,2,32,0.099090318388564,10817.4,0,3523.0,3685.5
S2,qlearning,2,33,0.08283838699593624,10839.489130285609,2,3007.5978260571214,3077.5
S2,qlearning,2,34,0.08954361640670133,12702.8,0,4625.5,5055.0
S2,qlearning,2,35,0.09744861800141744,8452.89999978747,3,2331.1099999886765,2341.75
S2,qlearning,2,36,0.11524163568773234,8000.5,0,2731.2999999999997,3040.0
S2,qlearning,2,37,0.16478931998331248,7662.65,0,2142.23,2234.5
S2,qlearning,2,38,0.11644571838050878,9534.474999422899,6,3569.819999618187,3855.874999556013
S2,qlearning,2,39,0.09971509971509972,11562.809459162318,4,4103.309999979188,4534.5
S2,qlearning,2,40,0.11745513866231648,10800.0,0,3259.7,3375.5
S2,qlearning,2,41,0.11359782977280435,9303.5,0,3046.8999999999996,3237.0
S2,qlearning,2,42,0.11716171617161716,10859.299999413235,5,3518.1599999692,3630.75
S2,qlearning,2,43,0.11543535620052771,9968.0,0,3243.9,3344.0
S2,qlearning,2,44,0.10260920551158018,11968.341666331817,5,3601.826666582452,3620.0749999375676
S2,qlearning,2,45,0.10318293109478839,9440.943616968603,1,3121.7333333333336,3361.666666666667
S2,qlearning,2,46,0.10556621880998081,10152.099999870285,2,3119.519999974057,3143.0
S2,qlearning,2,47,0.1184990125082291,9369.044444299645,2,2367.905555480966,2412.494444368395
S2,qlearning,2,48,0.09510869565217392,10688.25,0,3039.85,3072.5
S2,qlearning,2,49,0.10732538330494037,10569.349999872727,1,3816.279999898182,4122.8499998727275
S2,qlearning,2,50,0.09755291005291006,10282.874999884745,2,2965.0649999869493,3062.0
S2,qlearning,2,51,0.10371361659417866,8411.104902493744,6,2075.1288752675455,2095.0
S2,qlearning,2,52,0.10754364089775562,10605.268973001408,6,2902.3399999407693,3043.549999925962
S2,qlearning,2,53,0.1115137998327293,11942.299999940311,1,3181.0099999880617,3351.0
S2,qlearning,2,54,0.09859575739468181,11255.799999819556,2,4061.479999917866,4431.099999897333
S2,qlearning,2,55,0.10467233009708737,12954.799999928704,1,4752.109999985741,4917.75
S2,qlearning,2,56,0.1261549395877754,9970.512402995428,2,2588.209922396342,2622.7624029954272
S2,qlearning,2,57,0.097319719208679,9401.099999796126,2,2760.179999836901,2861.599999796126
S2,qlearning,2,58,0.08125,10340.29999978794,3,3067.159999934468,3076.6999999180853
S2,qlearning,2,59,0.11636107193229901,9913.2,0,3050.2,3057.5
S2,qlearning,2,60,0.1079136690647482,10331.04999993937,1,3259.7099999878737,3450.5
S2,qlearning,2,61,0.10235732009925558,10595.688059650462,1,3388.3376119300924,3556.0
S2,qlearning,2,62,0.11286332714904143,10064.143131447636,7,3108.824120705323,3162.3258240263267
S2,qlearning,2,63,0.1306497175141243,8967.649999681691,3,2963.5199999748384,3043.5
S2,qlearning,2,64,0.15058179329226556,8438.5,0,2120.7,2126.0
S2,qlearning,2,65,0.09489732420659615,10601.15,0,3351.0,3570.75
S2,qlearning,2,66,0.08830389870043319,9660.625999804495,3,2957.7099999857405,3097.25
S2,qlearning,2,67,0.1273479783508437,10039.349999685024,2,3139.41,3194.0
S2,qlearning,2,68,0.11976047904191617,9233.903288441968,4,2788.043846141886,2861.0
S2,qlearning,2,69,0.11351543100390209,10161.43133251883,4,3992.8499999846,4339.5
S2,qlearning,2,70,0.10555555555555556,9286.548147836485,3,2398.8295061021745,2409.2996913371935
S2,qlearning,2,71,0.10416666666666667,9828.9,0,2895.98,3034.5
S2,qlearning,2,72,0.1049424509140149,9395.0,0,3500.7,3902.0
S2,qlearning,2,73,0.130420054200542,9387.949992004316,4,3238.16999996938,3295.5
S2,qlearning,2,74,0.11378848728246319,10240.957471015083,3,2919.98,2944.6
S2,qlearning,2,75,0.14047696831100948,9363.2999999,1,2732.2,2825.5
S2,qlearning,2,76,0.1218650653479336,9753.25,0,3366.2999999999997,3564.25
S2,qlearning,2,77,0.08737571557698103,10605.346866223845,6,3095.312448064526,3202.1405600806575
S2,qlearning,2,78,0.13392857142857142,8677.5,0,2228.0,2272.0
S2,qlearning,2,79,0.11285386381025249,8674.75,0,2585.3999999999996,2797.0
S2,qlearning,2,80,0.14099783080260303,7562.949999698778,3,2112.1,2211.0
S2,qlearning,2,81,0.09040333796940195,10022.420728337225,10,2780.925635824543,2883.902483595163
S2,qlearning,2,82,0.1016949152542373,10610.57499992914,1,3000.159999943313,3021.074999929141
S2,qlearning,2,83,0.11559696342305038,9830.04999987377,1,3906.209999974754,4362.0
S2,qlearning,2,84,0.13119533527696792,9400.130997218366,4,2885.7508652006622,3064.0885815008282
S2,qlearning,2,85,0.11687917425622343,9130.0,0,2431.7999999999997,2498.5
S2,qlearning,2,86,0.116991643454039,12560.77395140912,6,4181.244298918207,4328.18037364776
S2,qlearning,2,87,0.10706638115631692,9352.0,0,2436.1,2446.0
S2,qlearning,2,88,0.13489208633093525,8901.0,0,2572.2999999999997,2630.5
S2,qlearning,2,89,0.08001163805644457,11873.129431324822,5,3842.0,4105.5
S2,qlearning,2,90,0.10809987819732034,10601.5,0,2834.2,2901.0
S2,qlearning,2,91,0.09431181844974948,10559.5,0,2985.7,3149.5
S2,qlearning,2,92,0.12508567511994517,9781.674999759374,2,2855.0249998235417,2918.149999786111
S2,qlearning,2,93,0.10609683203825464,11037.626161202215,5,3711.860929014422,4046.0761612680276
S2,qlearning,2,94,0.14045968624589567,9087.5,0,3363.9999999999995,3703.0
S2,qlearning,2,95,0.11142553944110364,9744.3,0,4112.599999999999,4673.5
S2,qlearning,2,96,0.10364321608040201,10836.010869382671,3,2909.9,2973.5
S2,qlearning,2,97,0.12685402029664325,7983.8,0,2618.88,2744.5
S2,qlearning,2,98,0.12362114872575124,7808.3999998493355,2,2174.8599999344683,2232.6999999180853
S2,qlearning,2,99,0.10426849136526556,10596.428845966986,3,3651.2,4026.5
S2,qlearning,2,100,0.11367275056035862,9705.75,0,2712.5,2753.25
S2,qlearning,2,101,0.08811188811188811,11974.549999957459,1,3632.0399999659667,3720.5499999574586
S2,qlearning,2,102,0.12400793650793651,8328.160869509906,1,2356.0,2434.0
S2,qlearning,2,103,0.11695906432748537,8107.669064262226,4,2587.753812852445,2628.5
S2,qlearning,2,104,0.11379076086956522,10714.400933593726,9,4140.202102323817,4440.780021751297
S2,qlearning,2,105,0.14509354715540282,7977.7499999266665,1,2486.4399999999996,2675.5
S2,qlearning,2,106,0.10561342592592593,11772.4,0,3793.6,3945.5
S2,qlearning,2,107,0.1282051282051282,10483.074999864912,2,3040.2999999999997,3146.5
S2,qlearning,2,108,0.11816578483245149,8901.895796106452,11,2412.4097067903645,2439.014387597568
S2,qlearning,2,109,0.10151515151515152,12093.049999941666,1,3557.239999953333,3686.0499999416666
S2,qlearning,2,110,0.1521216973578863,8039.288171418013,4,2838.75053713441,3093.6881714180126
S2,qlearning,2,111,0.12159533073929961,10287.294117320127,4,3090.455293856102,3095.194117320127
S2,qlearning,2,112,0.11769710720363018,10432.528260679397,4,2960.5643477681283,3057.549999951266
S2,qlearning,2,113,0.13239620791108206,9247.0,0,2682.1,2732.0
S2,qlearning,2,114,0.10021097046413502,9985.739960389072,3,3052.3999998527693,3129.3749998159615
S2,qlearning,2,115,0.12217470983506414,10586.54999993937,1,2831.2,2870.0
S2,qlearning,2,116,0.09279307145066502,10388.746312624542,4,3031.5,3140.0
S2,qlearning,2,117,0.08482563619227144,10666.262499713974,4,2954.732499968543,3005.0
S2,qlearning,2,118,0.10129635212541453,11895.544934224252,9,4228.942443214438,4621.7030540432115
S2,qlearning,2,119,0.1162430254184749,11947.84999987377,1,4112.25,4375.0
S2,qlearning,2,120,0.13029315960912052,9892.037704673567,3,2816.38,2947.5
S2,qlearning,2,121,0.08144362823379112,10511.343797344138,12,4128.416110666157,4618.406451220878
S2,qlearning,2,122,0.12127512127512127,8516.455820187743,5,2370.4546563796293,2410.305820493981
S2,qlearning,2,123,0.13274336283185842,11815.75,0,4768.599999999999,5172.25
S2,qlearning,2,124,0.11828644501278772,9759.991666421582,3,2969.7983332843164,3171.0
S2,qlearning,2,125,0.13169576797869192,10465.0,0,3061.4,3111.5
S2,qlearning,2,126,0.13561741613133477,9045.59999980227,2,2466.0,2644.5
S2,qlearning,2,127,0.10970744680851063,9765.444407032188,7,3040.4755257080383,3355.469407135048
S2,qlearning,2,128,0.12532252119424991,8416.799999768662,2,2689.13999989193,2789.5499998649125
S2,qlearning,2,129,0.07731145471757653,11455.749999629506,4,3088.239999944,3185.04999993
S2,qlearning,2,130,0.10909649661954518,11662.879411469181,4,3432.8558823275025,3551.5
S2,qlearning,2,131,0.10217755443886097,9356.506305887719,4,2536.385044994549,2574.3563062431863
S2,qlearning,2,132,0.10453474676089516,11239.5,0,2926.9,3033.5
S2,qlearning,2,133,0.14753566796368353,9431.75,0,3104.5,3377.75
S2,qlearning,2,134,0.10628321350422007,11164.259518273704,7,3335.534948272753,3423.356185340941
S2,qlearning,2,135,0.10801963993453355,10157.449415071012,2,2658.159532056811,2790.1994150710134
S2,qlearning,2,136,0.138656866020715,10282.25,0,3014.75,3294.5
S2,qlearning,2,137,0.11356045424181696,9663.049999492132,6,3102.4199998984263,3303.75
S2,qlearning,2,138,0.0904581266413773,11285.149999741428,3,4086.579999879904,4553.59999984988
S2,qlearning,2,139,0.11535926170072512,9607.675999266892,7,3302.929999931755,3591.1499999273583
S2,qlearning,2,140,0.13650682534126707,8741.049999898683,1,2449.6,2495.0
S2,qlearning,2,141,0.1191969887076537,10330.59999986632,2,2808.4,2823.5
S2,qlearning,2,142,0.1133419689119171,11398.055881794173,6,3495.94470565877,3696.905882140893
S2,qlearning,2,143,0.11087484811664641,11464.609459327947,2,3372.3218918655894,3505.0
S2,qlearning,2,144,0.13166779203241052,10866.374999872516,1,3888.9349999133115,3923.5999998980133
S2,qlearning,2,145,0.15631183221210923,7787.419051630222,5,2170.7999999999997,2253.0
S2,qlearning,2,146,0.14631043256997456,9530.5,0,2808.2,2998.5
S2,qlearning,2,147,0.12585812356979406,9975.5,0,2805.0,2826.5
S2,qlearning,2,148,0.13051470588235295,9201.97944739653,11,2491.539999667464,2545.6499996130615
S2,qlearning,2,149,0.12248743718592965,9695.5,0,3143.3999999999996,3385.5
S2,qlearning,2,150,0.10145846544071022,11845.362213141108,5,4013.9697707346268,4328.712213418284
S2,qlearning,2,151,0.14140451223387354,9714.832819926896,8,3301.0259997389107,3550.9699997063503
S2,qlearning,2,152,0.12278978388998035,9578.549999943383,1,3269.8999999999996,3534.5
S2,qlearning,2,153,0.11923944569771189,10411.74444433063,2,2787.048888866126,2811.0
S2,qlearning,2,154,0.09819703799098518,9286.599999817263,3,3097.7999999999997,3357.5
S2,qlearning,2,155,0.1184402332361516,8939.0,0,2698.2999999999997,2799.0
S2,qlearning,2,156,0.11695906432748537,9150.56741529743,3,3157.553932447236,3390.1674156462504
S2,qlearning,2,157,0.09465648854961832,11009.35344809494,3,3258.1527585240774,3412.303448175149
S2,qlearning,2,158,0.12165450121654502,9079.399851825381,9,2821.7635316887954,3026.972602206199
S2,qlearning,2,159,0.11381353289678828,10909.599614581866,5,3052.9810869518874,3112.5
S2,qlearning,2,160,0.10879284649776454,11957.668583333178,7,3865.179999982093,4138.5
S2,qlearning,2,161,0.11850501367365543,11133.549206041042,4,3801.3999999999996,4123.0
S2,qlearning,2,162,0.09812940815700705,11928.705402783395,4,3499.5610805921365,3799.0
S2,qlearning,2,163,0.1532643312101911,7310.049999940769,1,2291.9399999526154,2447.5499999407693
S2,qlearning,2,164,0.12491444216290212,9875.37093300938,5,2896.2046152976263,2984.7999999163044
S2,qlearning,2,165,0.13366666666666666,9387.669854687245,8,2805.742480493982,2995.053100617478
S2,qlearning,2,166,0.13846622032866707,10611.75,0,2827.2,2944.0
S2,qlearning,2,167,0.11893281902925104,9566.095102856023,7,2992.3660825425,3068.445103198388
S2,qlearning,2,168,0.11226814188089815,10697.963635955259,2,3162.2309090442072,3395.4136363052594
S2,qlearning,2,169,0.10604621715732827,11374.293749873694,2,3422.3349998989556,3445.2937498736947
S2,qlearning,2,170,0.13740771123872025,8734.145097589428,5,2772.2699998121766,2895.649999795299
S2,qlearning,2,171,0.11359839625793518,9480.602529818805,2,3252.6,3530.5
S2,qlearning,2,172,0.14054813773717498,9250.897915893192,4,3318.039999949508,3415.5499999368853
S2,qlearning,2,173,0.09053367217280814,10743.5,0,3138.9,3259.5
S2,qlearning,2,174,0.1248767663489977,9400.792056457143,5,3065.4484113189283,3276.0
S2,qlearning,2,175,0.13199245757385292,10296.369610593283,2,3536.512275399894,3807.563922135396
S2,qlearning,2,176,0.13993174061433447,9638.5,0,3074.7,3235.0
S2,qlearning,2,177,0.12168141592920353,10471.54999983617,1,3092.6099999672338,3199.0
S2,qlearning,2,178,0.12535816618911175,8775.98815877702,6,2386.8505270853398,2445.563158856675
S2,qlearning,2,179,0.13348343518816339,9048.549999902532,1,2260.839999922025,2270.0499999025315
S2,qlearning,2,180,0.11162945684771743,8944.661538409142,1,2721.6323076818285,2776.5
S2,qlearning,2,181,0.10772290354656944,9825.849999872727,1,3004.679999898182,3119.8499998727275
S2,qlearning,2,182,0.11003236245954692,9132.299999943796,1,2241.75,2251.5
S2,qlearning,2,183,0.10367577756833177,10070.119485080682,4,3193.9238970161364,3323.5
S2,qlearning,2,184,0.130420054200542,10089.249999464655,5,2839.919999964126,2925.5
S2,qlearning,2,185,0.12183544303797468,11576.147498989234,4,3590.369499808926,3688.0
S2,qlearning,2,186,0.08844159804818542,9987.853431009156,5,2579.1066665433304,2582.008333179163
S2,qlearning,2,187,0.09852216748768473,10827.326578425078,8,3163.2329104899177,3251.6126580081705
S2,qlearning,2,188,0.0970873786407767,11162.967336206455,12,4493.5655642597685,4886.115883946596
S2,qlearning,2,189,0.09750975097509751,10919.615939353502,6,3303.072908996344,3437.84113624543
S2,qlearning,2,190,0.1549942594718714,8073.049999725,1,2070.509999945,2094.5
S2,qlearning,2,191,0.1036422860527095,10558.808580415058,7,2682.6697930692944,2701.0
S2,qlearning,2,192,0.1494153313122564,7354.899999836796,2,2366.219999967359,2541.0
S2,qlearning,2,193,0.11756061719324026,8514.0,0,2227.0,2257.5
S2,qlearning,2,194,0.09772462077012835,12055.799999814273,3,3914.4399998514177,4108.299999814272
S2,qlearning,2,195,0.10813428018076178,11258.747366319329,8,3814.2252647647656,4129.04917117626
S2,qlearning,2,196,0.1069182389937107,9368.863930324407,5,2446.2189904552743,2470.5
S2,qlearning,2,197,0.13763007720711648,10101.13264041504,6,2940.979999857846,3082.549999851923
S2,qlearning,2,198,0.16771488469601678,9751.168749589406,5,3257.4399998399626,3349.0499997999536
S2,qlearning,2,199,0.13350402340892464,8806.849999689468,4,2888.1699999378934,2953.5
S2,qlearning,2,200,0.11602209944751381,9312.684876939722,7,2369.41999995662,2473.0499999457747
S2,qlearning,2,201,0.11858407079646018,10431.962955845922,4,3210.8199999741173,3527.25
S2,qlearning,2,202,0.138718890248878,8255.913121451205,8,2692.213084093972,2786.1340971062214
S2,qlearning,2,203,0.09207497533706017,10504.99999988484,2,2508.359999907872,2543.59999988484
S2,qlearning,2,204,0.12455516014234876,9634.25,0,2972.3999999999996,3194.75
S2,qlearning,2,205,0.130420054200542,8710.118749804516,3,2496.794999843613,2553.1187498045165
S2,qlearning,2,206,0.09929078014184398,9324.824999253093,6,2574.0599994024747,2666.324999253093
S2,qlearning,2,207,0.06077529566360053,10163.5,0,3099.6,3235.5
S2,qlearning,2,208,0.09314903846153846,10457.421051828496,11,2693.279999911716,2754.5999999218275
S2,qlearning,2,209,0.11834319526627218,9536.549999936364,1,2789.5,2793.0
S2,qlearning,2,210,0.12269938650306748,9588.970522794752,5,2607.401780630262,2723.27499997363
S2,qlearning,2,211,0.10900031142946123,9720.210888763364,8,2883.6121778017114,2983.5
S2,qlearning,2,212,0.12167050312397237,10071.5,0,3409.6,3633.0
S2,qlearning,2,213,0.1374903175832688,8594.096324882225,5,2630.4992650175527,2643.0
S2,qlearning,2,214,0.08258774948382656,10243.932246196977,3,3346.0457969575805,3692.932246196976
S2,qlearning,2,215,0.12694651320243738,10375.049664336579,1,3539.8397314692634,3698.0496643365796
S2,qlearning,2,216,0.10010537407797682,9052.5,0,2205.7,2265.5
S2,qlearning,2,217,0.12984822934232715,10271.5,0,3213.2,3292.5
S2,qlearning,2,218,0.12566760917373546,10648.9,0,3034.7,3233.0
S2,qlearning,2,219,0.1314475873544093,10174.172289069444,1,3303.937831255555,3546.672289069444
S2,qlearning,2,220,0.09929906542056074,11687.75,0,3545.35,3710.5
S2,qlearning,2,221,0.12012987012987013,11211.9,0,3728.0999999999995,4079.5
S2,qlearning,2,222,0.09837467921300257,12099.5,0,3685.3999999999996,3883.5
S2,qlearning,2,223,0.10671688637790333,10757.5,0,3733.7999999999997,3896.5
S2,qlearning,2,224,0.11819116135662898,9758.491410804194,4,2736.3099999903143,2741.0
S2,qlearning,2,225,0.10747185261003071,8796.740702309318,8,2340.883770480215,2378.0
S2,qlearning,2,226,0.09838146620120597,10348.5,0,3127.6,3161.0
S2,qlearning,2,227,0.10547233261999389,11740.05421581256,4,4303.103373460221,4462.504216825276
S2,qlearning,2,228,0.13644524236983843,9241.38653798201,5,2196.2492307036214,2211.4365383795266
S2,qlearning,2,229,0.1273031825795645,9774.109293103485,1,2915.6949737931154,2938.621858620697
S2,qlearning,2,230,0.11274110296115186,13465.0,0,4510.099999999999,4905.0
S2,qlearning,2,231,0.12096774193548387,9663.299999923,1,2847.2899999384,2879.549999923
S2,qlearning,2,232,0.1438953488372093,10520.149999819736,2,3102.1899999142697,3210.5999999172045
S2,qlearning,2,233,0.16037063435495366,8681.649999755205,2,2719.9199998041636,2840.6499997552046
S2,qlearning,2,234,0.10815047021943573,11391.242307457891,3,3905.2199999999993,4304.9
S2,qlearning,2,235,0.12389680923285812,10618.4,0,3528.58,3735.0
S2,qlearning,2,236,0.1106263633530695,11870.5,0,4341.9,4705.0
S2,qlearning,2,237,0.14492753623188406,9066.299999658231,4,2756.7899999857405,2947.5
S2,qlearning,2,238,0.11127819548872181,10904.099999797647,2,3637.7,3952.0
S2,qlearning,2,239,0.14226999683844452,9387.487967151395,6,3688.718013198843,4087.5
S2,qlearning,2,240,0.11915015790984783,12149.378845923122,4,3248.0249999750154,3257.5
S2,qlearning,2,241,0.14020270270270271,10065.424999697865,3,3618.2849999395726,3946.0
S2,qlearning,2,242,0.1269331777064488,11069.98399967781,2,3186.2999999999997,3242.5
S2,qlearning,2,243,0.11537030145143283,9140.649561339915,1,2338.3,2359.5
S2,qlearning,2,244,0.16816920943134536,9081.75,0,2561.65,2650.0
S2,qlearning,2,245,0.12381275440976934,10214.384408184185,4,3925.079999929195,4226.599999911494
S2,qlearning,2,246,0.16214177978883862,7695.8,0,2468.2999999999997,2611.5
S2,qlearning,2,247,0.16530334014996592,9824.743298717014,9,3207.9988885643406,3461.5499996556373
S2,qlearning,2,248,0.1201641266119578,12005.25,0,4568.15,4970.0
S2,qlearning,2,249,0.16806722689075632,10563.25,0,2715.1,2799.5
S2,qlearning,2,250,0.12872628726287264,12813.945097818349,3,4076.1,4366.0
S2,qlearning,2,251,0.16672707502718376,8220.0,0,2264.5,2325.0
S2,qlearning,2,252,0.1493323963457484,9927.123131801256,4,3283.574626360251,3425.5
S2,qlearning,2,253,0.1351796900758325,8956.481962054635,11,2403.7614939457926,2439.5
S2,qlearning,2,254,0.14313597918022122,10297.799999742803,3,3338.45,3421.0
S2,qlearning,2,255,0.12119226989846053,10354.467646619869,6,2697.616078274893,2733.395097843616
S2,qlearning,2,256,0.13883814395323346,9581.0,0,2425.5,2487.25
S2,qlearning,2,257,0.1461454146876142,9744.649999901281,1,2364.95,2453.0
S2,qlearning,2,258,0.11741682974559686,9765.506185199916,5,2977.8812370598544,3077.5
S2,qlearning,2,259,0.13094417643004824,7966.049999922222,1,1969.4099999844445,1972.0
S2,qlearning,2,260,0.14780835881753313,10571.387402721428,3,3241.6024805187885,3360.2999999490066
S2,qlearning,2,261,0.1292517006802721,9898.5,0,2890.2999999999997,2996.5
S2,qlearning,2,262,0.14276002719238612,10003.828108433509,4,2791.9624867468074,2891.3281084335094
S2,qlearning,2,263,0.13518080432578575,9537.24999987005,2,2516.779999896039,2523.599999870049
S2,qlearning,2,264,0.1276595744680851,9334.765979940565,5,2879.747195896924,3080.8899998480188
S2,qlearning,2,265,0.10732904017172647,10541.070097600375,5,2646.864999770462,2651.1999997194516
S2,qlearning,2,266,0.12662234884457108,10543.07948675798,6,3322.383589440862,3419.7794868154433
S2,qlearning,2,267,0.1206896551724138,9996.219321318415,3,3562.7438642636826,3852.5
S2,qlearning,2,268,0.10634762379528083,9035.992307507087,3,2344.2938460056707,2352.4923075070883
S2,qlearning,2,269,0.11741026501174102,9557.749999835176,2,2824.649999967035,3015.0
S2,qlearning,2,270,0.13245033112582782,11730.358124065473,5,4059.2864992523773,4270.858124065472
S2,qlearning,2,271,0.1405371642723298,9423.099999721131,2,3548.6,3841.5
S2,qlearning,2,272,0.12609117361784675,9253.797457077959,5,2670.509999977049,2702.8
S2,qlearning,2,273,0.1317157712305026,10447.75,0,2763.8,2802.0
S2,qlearning,2,274,0.10458167330677291,10887.901351195476,2,3950.480270239095,4311.5
S2,qlearning,2,275,0.11980033277870217,9517.1,0,2950.62,3117.5
S2,qlearning,2,276,0.11613108495068405,10167.068627022349,5,2548.3952940428226,2553.5720588035465
S2,qlearning,2,277,0.12126865671641791,11949.799999728993,2,4163.779999914582,4370.5499999479725
S2,qlearning,2,278,0.10106681639528355,12121.0,0,4273.9,4518.0
S2,qlearning,2,279,0.09196515004840271,10199.191416683225,8,3156.4532524031188,3369.4682812410238
S2,qlearning,2,280,0.06935687263556116,10224.187715759834,5,3279.020698994044,3500.650873742555
S2,qlearning,2,281,0.14458214172227518,9927.4,0,3561.7999999999997,3908.5
S2,qlearning,2,282,0.13171947312210752,9824.830173462691,3,3004.45520717426,3079.599999904938
S2,qlearning,2,283,0.10704225352112676,13173.874999853946,2,4029.7999999999997,4250.0
S2,qlearning,2,284,0.1419457735247209,11147.0,0,3862.4,3937.5
S2,qlearning,2,285,0.10369410239792612,11002.06636027208,4,3345.899999877264,3581.62499984658
S2,qlearning,2,286,0.10762607626076261,9663.518918450844,6,2857.735134926652,2995.4189186583153
S2,qlearning,2,287,0.10613550450712417,11670.49999958562,6,3755.149999709746,4079.0499996543704
S2,qlearning,2,288,0.13388734995383195,9739.0,0,2621.0,2624.0
S2,qlearning,2,289,0.16695957820738136,8273.799999828889,1,2645.2099999657776,2896.25
S2,qlearning,2,290,0.12751677852348994,9492.649999786112,1,3116.3999999999996,3298.0
S2,qlearning,2,291,0.1394677781340173,10245.549999442528,4,2677.319999976124,2678.0
S2,qlearning,2,292,0.11892036344200962,13544.514814398646,5,4862.082962915348,5221.0
S2,qlearning,2,293,0.12890750886239125,10615.374999910047,1,3555.57999994243,3851.5999999280375
S2,qlearning,2,294,0.13613861386138615,8727.149999720858,3,2680.9199999625043,2846.5
S2,qlearning,2,295,0.12336039975015615,11452.16249963144,4,4016.769999933844,4113.299999958379
S2,qlearning,2,296,0.1509797622871828,9321.099999852831,2,2556.7,2638.5
S2,qlearning,2,297,0.1333552848205466,10726.200197739343,4,3141.5601581914734,3388.200197739342
S2,qlearning,2,298,0.1187937861711849,9728.049999922223,1,2785.9,2904.0
S2,qlearning,2,299,0.1264705882352941,11621.274999849235,3,3669.3999999999996,3945.0
S2,qlearning,2,300,0.10672703751617077,9791.074999237933,5,2335.83999988656,2345.0
S2,qlearning,2,301,0.1266268026732325,7868.099999635433,2,2080.9099999841237,2130.0
S2,qlearning,2,302,0.12859051436205746,10173.454651024485,2,2585.6,2619.25
S2,qlearning,2,303,0.1478102189781022,9208.7,0,3051.7,3181.0
S2,qlearning,2,304,0.08812615955473098,11929.761538286642,3,3480.3099999871665,3585.0
S2,qlearning,2,305,0.13642131979695432,11199.949999722627,3,3525.6199999063433,3740.0499999363637
S2,qlearning,2,306,0.14371446620341125,9242.357470987577,3,2640.2,2717.5
S2,qlearning,2,307,0.14361859638732602,9192.049999949006,1,2932.0,3111.5
S2,qlearning,2,308,0.1754710011082379,8105.249999473199,5,2632.7099999812194,2857.0
S2,qlearning,2,309,0.10072158749248346,10585.912820038817,5,2987.7799997932425,3031.599999741553
S2,qlearning,2,310,0.1483050847457627,10361.337819929977,6,3037.2302559999816,3040.287819999977
S2,qlearning,2,311,0.15592871830020563,10080.25,0,3602.6,3922.75
S2,qlearning,2,312,0.12577639751552794,10015.099999848202,2,3220.0499999349036,3452.5499999421054
S2,qlearning,2,313,0.11140428026971562,11277.084809505157,5,2980.507847652757,2998.009809565946
S2,qlearning,2,314,0.13789195315451455,8217.049999857407,1,2688.5399998859257,2852.0499998574073
S2,qlearning,2,315,0.1584813653779171,8865.69938244845,3,2457.3298765133823,2494.5
S2,qlearning,2,316,0.18246802106847254,8769.0,0,2622.5,2799.0
S2,qlearning,2,317,0.14667106130520766,8804.38105486011,5,2744.775861978678,2865.844827473348
S2,qlearning,2,318,0.13864201919658728,9428.149351547254,5,2414.2312571539874,2437.768978048037
S2,qlearning,2,319,0.1009518315546582,10471.180132076815,6,3027.7360264454683,3133.25
S2,qlearning,2,320,0.15778758059043094,10280.099999819877,2,3146.249999909622,3365.549999909412
S2,qlearning,2,321,0.12295081967213115,12512.5,0,4484.8,4626.5
S2,qlearning,2,322,0.10818438381937912,10835.908433349887,4,3456.2616866699773,3483.5
S2,qlearning,2,323,0.10999371464487744,9480.599999860402,2,2637.509999986609,2686.0
S2,qlearning,2,324,0.11244377811094453,9430.77582484009,8,2368.1599998802317,2404.399999860161
S2,qlearning,2,325,0.13187221396731055,8819.989999666432,4,2280.851999816389,2355.9399997704863
S2,qlearning,2,326,0.1291115893021826,10457.996544678766,2,3448.8157794728327,3744.1941175617994
S2,qlearning,2,327,0.1437976437976438,8505.659615071925,3,2057.1499999039993,2110.549999929358
S2,qlearning,2,328,0.13013013013013014,9292.249999845008,2,2810.8,2830.0
S2,qlearning,2,329,0.14951211835064526,9204.74999979362,3,2730.3999999999996,2869.5
S2,qlearning,2,330,0.12376237623762376,8977.03429844669,4,2828.027438757352,2947.0342984466897
S2,qlearning,2,331,0.13183279742765272,9408.5,0,2507.7,2571.0
S2,qlearning,2,332,0.16923076923076924,8340.799999535278,4,2355.259999885948,2386.549999919792
S2,qlearning,2,333,0.11037193831267009,10352.296691667856,7,3327.0431613272444,3526.1397049894554
S2,qlearning,2,334,0.10238429172510519,12347.549999935833,1,3266.259999987167,3295.0
S2,qlearning,2,335,0.11980531636091352,9085.598136335282,7,2906.26194417374,3009.3230185025814
S2,qlearning,2,336,0.13460857244066596,8765.3,0,2166.1,2172.5
S2,qlearning,2,337,0.1290646999664767,9550.091647353063,10,2859.1729824267627,3045.0
S2,qlearning,2,338,0.14074836937864743,9586.493873234976,10,3281.3586738098265,3534.8233422732415
S2,qlearning,2,339,0.11293358429685399,12404.314102357926,4,4003.3999999999996,4216.75
S2,qlearning,2,340,0.16267429388630675,9469.6,0,3209.68,3398.1
S2,qlearning,2,341,0.1357204735778227,11674.79999993063,1,3027.5399999445044,3097.5499999306307
S2,qlearning,2,342,0.12146371463714638,10580.36281990959,5,3381.039999855238,3436.6499998467457
S2,qlearning,2,343,0.12017710309930424,10838.995206584968,5,2679.5499998308032,2728.2999998079486
S2,qlearning,2,344,0.10404280618311534,11931.897748566933,8,3664.0883220983765,3885.0
S2,qlearning,2,345,0.14192495921696574,9268.041612775318,5,2810.7999999999997,2874.5
S2,qlearning,2,346,0.13024142312579415,10477.340186441728,4,3294.6,3499.5
S2,qlearning,2,347,0.1375316684762939,8470.15,0,2614.45,2711.5
S2,qlearning,2,348,0.11690046760187041,8782.549999935833,1,2615.2099999871666,2645.5
S2,qlearning,2,349,0.13377345378735234,10121.598437150158,4,3115.2,3169.5
S2,qlearning,2,350,0.13619286161552913,11672.555621964782,5,3624.9761244063866,3625.5
S2,qlearning,2,351,0.1147842056932966,11101.83985647376,6,3205.0468358298062,3301.871044787258
S2,qlearning,2,352,0.14084507042253522,9387.149999706611,3,3156.329999941322,3465.5
S2,qlearning,2,353,0.12419759977672341,13470.458064213984,3,4798.819999925333,5343.54999993
S2,qlearning,2,354,0.11544227886056972,10651.599999791191,2,2898.1399999323075,3035.5499999153844
S2,qlearning,2,355,0.15065913370998116,7712.565799263323,4,2506.07415212456,2714.2683204531595
S2,qlearning,2,356,0.1210762331838565,10793.088888647999,4,3450.8999999999996,3696.5
S2,qlearning,2,357,0.09149940968122787,11699.207358434345,6,2963.1458868078726,3020.557358509841
S2,qlearning,2,358,0.12849341471249598,9642.00769220236,2,2964.1399999594737,3129.5499999493422
S2,qlearning,2,359,0.12142381902860945,10038.0,0,2918.1,3027.0
S2,qlearning,2,360,0.1226252158894646,9544.109553999146,2,3195.147643275365,3455.0595540942068
S2,qlearning,2,361,0.11813537675606642,11830.744306918963,4,4263.099999999999,4525.0
S2,qlearning,2,362,0.12440944881889764,11124.29999993063,1,3519.0,3637.25
S2,qlearning,2,363,0.0910212897253934,10366.222873955485,7,3258.54876838438,3505.5
S2,qlearning,2,364,0.10487144790257104,9930.25,0,3145.5,3355.0
S2,qlearning,2,365,0.1437863745292708,10611.199999851922,1,3625.7599998815385,3857.699999851923
S2,qlearning,2,366,0.14508246792913868,8955.949999580456,5,2226.339999926786,2273.5
S2,qlearning,2,367,0.11949323351569248,11145.549999935833,1,3754.6399999486666,3988.5499999358335
S2,qlearning,2,368,0.14953592299759366,10527.174999725677,2,2991.0199997987675,3050.1499997484593
S2,qlearning,2,369,0.16223231667748214,9361.5,0,2744.7999999999997,2912.5
S2,qlearning,2,370,0.12231404958677686,10796.854512405827,6,3448.8999999999996,3614.25
S2,qlearning,2,371,0.10775258886090121,11545.188668933723,5,3274.6,3380.5
S2,qlearning,2,372,0.13612950699043413,8521.202940599782,6,2359.1999998765896,2491.624999845737
S2,qlearning,2,373,0.13170731707317074,9993.299999748026,3,3156.439999957517,3352.5499999468966
S2,qlearning,2,374,0.10704419889502763,8697.8,0,2783.0,2968.0
S2,qlearning,2,375,0.09197080291970802,12710.815738797062,8,3236.5537475937854,3241.325999717165
S2,qlearning,2,376,0.14836795252225518,8545.056905131234,5,2431.1094735629135,2471.886841953642
S2,qlearning,2,377,0.14957264957264957,8259.587036429813,6,2586.3996292489023,2727.9870365781635
S2,qlearning,2,378,0.08953651685393259,9822.224999613718,3,3484.4599998820163,3640.224999932121
S2,qlearning,2,379,0.11081706913661925,9986.039912981256,12,2754.5266836894493,2784.2084699078773
S2,qlearning,2,380,0.10397553516819572,9723.835099234784,2,2899.8099999885926,2989.0
S2,qlearning,2,381,0.13280212483399734,8861.715685260744,7,2954.995108852265,3110.7866196022687
S2,qlearning,2,382,0.13992537313432835,9913.999999757942,3,3388.3599998931145,3576.4499998663932
S2,qlearning,2,383,0.10667775006927127,11582.89999965695,3,3976.2999999999997,4317.25
S2,qlearning,2,384,0.12526096033402923,8575.482137360397,7,2753.3578946383172,2899.947368297897
S2,qlearning,2,385,0.15531848133040477,10037.649999705385,3,2575.8,2605.5
S2,qlearning,2,386,0.15803193222548062,10244.42691085487,5,3702.5048621611572,4068.7435777424043
S2,qlearning,2,387,0.11963952765692977,10518.646731800356,3,2940.2,3040.5
S2,qlearning,2,388,0.15588333892054979,8603.386144397797,2,2282.6489155182376,2366.1861443977973
S2,qlearning,2,389,0.11595547309833024,10254.153254778368,9,3010.2640326413843,3038.8889693819783
S2,qlearning,2,390,0.13017565872020076,10228.454650925161,2,2967.5409301850323,3008.75
S2,qlearning,2,391,0.13611615245009073,10079.474999237262,7,3156.979999695871,3320.1749996963204
S2,qlearning,2,392,0.13922518159806296,10753.599999885373,2,3402.0399999526153,3529.5499999407693
S2,qlearning,2,393,0.10919717010150723,9787.537232430603,10,3284.6644442117454,3585.783333094695
S2,qlearning,2,394,0.11880856760374833,9423.07921648802,4,2801.0083733053157,2819.504216637443
S2,qlearning,2,395,0.18130841121495328,7930.9,0,2603.45,2713.25
S2,qlearning,2,396,0.13017066820943013,12157.5,0,3168.9,3198.5
S2,qlearning,2,397,0.125,11303.549999894158,2,3681.869999989379,3891.7
S2,qlearning,2,398,0.12935016938712657,10388.016666402866,4,2983.123333325131,3133.25
S2,qlearning,2,399,0.140625,8351.39095682138,4,2926.836201052359,2985.763349480138
S2,qlearning,2,400,0.12361331220285261,11090.0,0,3081.7,3142.5
S2,qlearning,2,401,0.10856079404466501,10699.9611626904,11,3204.502351553255,3357.0966895625215
S2,qlearning,2,402,0.10638297872340426,9499.235988840184,6,2573.3656624475775,2676.4445780771325
S2,qlearning,2,403,0.10673481659651232,10282.799999942963,1,3225.1,3484.75
S2,qlearning,2,404,0.10601643254704479,11690.378124902161,2,3332.2,3481.5
S2,qlearning,2,405,0.11185308848080133,10435.924999801418,2,3116.2349999037497,3280.0999998867646
S2,qlearning,2,406,0.10229276895943562,9397.68614412655,5,2695.819999922025,2731.0499999025315
S2,qlearning,2,407,0.06895391860073999,8572.349999189362,7,2028.4199995961394,2030.2499995971111
S2,qlearning,2,408,0.08708272859216255,11778.1404686143,11,3279.1865856238996,3311.1457320901723
S2,qlearning,2,409,0.1195079086115993,10161.5,0,3529.4999999999995,3819.5
S2,qlearning,2,410,0.1127566475934029,9710.549999949673,1,2729.5,2763.5
S2,qlearning,2,411,0.15276779295470885,9062.059459311964,2,2904.9475674495716,3104.5594593119645
S2,qlearning,2,412,0.10824578159821713,10636.773214490377,4,3209.654642898075,3374.5
S2,qlearning,2,413,0.1664355062413315,7714.0,0,2137.1,2176.0
S2,qlearning,2,414,0.12656297651723086,10065.0,0,3088.2999999999997,3344.0
S2,qlearning,2,415,0.11428571428571428,9754.1,0,2521.1,2539.0
S2,qlearning,2,416,0.09133964817320704,10572.75,0,2899.9,2985.0
S2,qlearning,2,417,0.11859745617050532,9998.85,0,3367.2999999999997,3798.5
S2,qlearning,2,418,0.10497416020671835,11627.745287637628,5,4805.896230110102,5392.245287637628
S2,qlearning,2,419,0.09012016021361816,9901.799999919791,1,3355.6,3585.75
S2,qlearning,2,420,0.10163934426229508,9801.749999584677,5,2406.43999992,2480.0499999
S2,qlearning,2,421,0.11677282377919321,10487.229977426754,3,3156.400506299997,3192.000632874996
S2,qlearning,2,422,0.15084621044885946,9187.6,0,3150.54,3250.0
S2,qlearning,2,423,0.13642131979695432,9125.2,0,2698.7,2764.5
S2,qlearning,2,424,0.10063559322033898,9366.44999993,1,3732.5099999859995,4135.5
S2,qlearning,2,425,0.11103853690398433,10097.649999578634,3,3211.2,3406.5
S2,qlearning,2,426,0.11798958014097456,11388.25,0,3377.2999999999997,3523.5
S2,qlearning,2,427,0.10934744268077601,9858.5,0,3567.2,3961.5
S2,qlearning,2,428,0.13110455588331696,10463.5,0,3100.0,3221.0
S2,qlearning,2,429,0.07696776067383096,11603.659434634801,6,4219.391886943002,4711.5
S2,qlearning,2,430,0.05420560747663551,9622.449999810691,2,3247.739999920667,3348.399999906667
S2,qlearning,2,431,0.07724301841948901,11805.553278298434,5,3093.4,3112.0
S2,qlearning,2,432,0.14705882352941177,7059.220472564906,8,2066.9488108114983,2120.561013514373
S2,qlearning,2,433,0.12330066392665191,9858.5,0,3286.1,3545.0
S2,qlearning,2,434,0.12859560067681894,10105.552380848794,2,3115.6,3189.0
S2,qlearning,2,435,0.11916110581506197,10304.581316567303,9,3392.952263246567,3664.909999861775
S2,qlearning,2,436,0.13060360042357924,8369.854650662346,5,2694.0137207620096,2774.7546510091297
S2,qlearning,2,437,0.09550561797752809,13319.980538282394,9,3544.9867385735456,3622.1709232169324
S2,qlearning,2,438,0.1296426068675543,9476.21695809174,7,3360.0735664733916,3528.21695809174
S2,qlearning,2,439,0.15055467511885895,9827.68684184854,4,3404.8694736056364,3697.0868420070456
S2,qlearning,2,440,0.14596365802800118,11200.749707425897,2,3571.754765980775,3819.1747074926598
S2,qlearning,2,441,0.1946762018275725,7485.5,0,2441.2,2544.0
S2,qlearning,2,442,0.14065335753176045,10703.25,0,3089.15,3098.5
S2,qlearning,2,443,0.16246607212097713,8654.39999957816,4,2584.8699998751576,2789.8999998833333
S2,qlearning,2,444,0.14042284632376145,10291.0499998625,1,2989.63999989,3028.5499998625
S2,qlearning,2,445,0.16323296354992076,9787.1,0,2662.7,2728.5
S2,qlearning,2,446,0.13173132599884194,13117.286370141113,8,4539.281270257918,4792.923326965265
S2,qlearning,2,447,0.13905683192261184,11080.5,0,3674.8999999999996,3891.0
S2,qlearning,2,448,0.15472586612848974,10607.299999886765,1,3098.559999977353,3225.0
S2,qlearning,2,449,0.1467430207587688,9866.649999785772,2,2531.929999957154,2543.0
S2,qlearning,2,450,0.13624841571609633,9293.799999674939,6,2580.0299999208087,2585.199999937903
S2,qlearning,2,451,0.13556618819776714,9561.670613636552,6,3251.3399999444337,3506.5
S2,qlearning,2,452,0.16756548536209553,7394.847916410518,3,1933.0,1962.0
S2,qlearning,2,453,0.150093808630394,7794.394117337652,3,2379.7,2562.5
S2,qlearning,2,454,0.16168771173390822,10689.5,0,3043.4,3104.0
S2,qlearning,2,455,0.16151441472733588,9329.949999712753,2,2630.4599997702026,2701.449999712753
S2,qlearning,2,456,0.16069012178619757,9736.249999931859,1,3120.7,3314.0
S2,qlearning,2,457,0.14041514041514042,10023.849999883334,1,3312.04,3653.8
S2,qlearning,2,458,0.1849912739965096,9985.873881943826,5,2919.0291055715606,2953.323881971326
S2,qlearning,2,459,0.13947210557888423,10863.389738714297,3,3675.1,3859.5
S2,qlearning,2,460,0.17993456924754633,9135.30384602967,2,2676.8430768237363,2822.3038460296707
S2,qlearning,2,461,0.13973063973063973,10778.0,0,2685.0,2737.5
S2,qlearning,2,462,0.1856060606060606,7834.849999944203,1,2124.949999988841,2160.8
S2,qlearning,2,463,0.13707363723302518,11094.285197025154,4,2901.3381577849905,2995.3851972999328
S2,qlearning,2,464,0.1414663827198053,10881.621798907632,3,3289.5124391384084,3292.3134655948033
S2,qlearning,2,465,0.16645326504481434,10642.0,0,2774.5,2882.5
S2,qlearning,2,466,0.1415366839976892,10625.0,0,2884.8,2897.0
S2,qlearning,2,467,0.09364940005853087,12545.699999734421,3,4294.2199999020295,4394.099999925243
S2,qlearning,2,468,0.14821124361158433,8963.548021233762,4,2381.6546042518858,2394.2749999743332
S2,qlearning,2,469,0.10471204188481675,12544.67421845904,4,4317.699374809661,4765.249218512076
S2,qlearning,2,470,0.10134170710819297,14176.518616704008,7,4502.8593380383,4820.324172547876
S2,qlearning,2,471,0.16572754391779915,9443.06644282807,2,2564.413288565614,2579.0
S2,qlearning,2,472,0.16046213093709885,10201.091766281319,3,3288.5583532562637,3404.5
S2,qlearning,2,473,0.1846539978486913,9259.5,0,2684.7999999999997,2790.0
S2,qlearning,2,474,0.10157711841753542,12456.049999772438,3,3331.0999999266883,3415.3499999270703
S2,qlearning,2,475,0.12527064645839778,8950.949999929358,1,2557.5399999434862,2671.049999929358
S2,qlearning,2,476,0.15433123133089943,8771.71874988843,2,2378.674999910744,2426.7187498884305
S2,qlearning,2,477,0.1829047446577327,7958.549999908333,1,2293.6,2416.0
S2,qlearning,2,478,0.16592541908997605,10010.25,0,2974.35,3108.0
S2,qlearning,2,479,0.14571054354944335,10344.894432889532,12,3038.3784789580436,3157.7499997334257
S2,qlearning,2,480,0.1560379918588874,9159.632691965693,4,2564.5399999674073,2650.2749999796297
S2,qlearning,2,481,0.12046400951814396,12245.74643355994,6,3931.6,4191.5
S2,qlearning,2,482,0.12696882031501125,10457.04916167031,7,2962.5198323819404,3003.0
S2,qlearning,2,483,0.17813267813267813,7909.549999923,1,2677.0099999845997,2947.0
S2,qlearning,2,484,0.15146579804560262,9982.98810361207,5,2702.119736133054,2709.0
S2,qlearning,2,485,0.12967826657912015,10850.0,0,2938.0,2971.0
S2,qlearning,2,486,0.0891238670694864,11863.0,0,3549.1,3780.0
S2,qlearning,2,487,0.13903743315508021,8694.54999971324,3,2941.2599999426475,3173.75
S2,qlearning,2,488,0.09579145728643217,9567.424999658824,5,2934.359999841865,3136.3249998023316
S2,qlearning,2,489,0.10852713178294573,10120.813488162561,7,2561.6399999486666,2578.5499999358335
S2,qlearning,2,490,0.12050181578078574,9871.049999943796,1,2742.1099999887592,2759.5
S2,qlearning,2,491,0.12456140350877193,8934.5,0,2422.0,2423.5
S2,qlearning,2,492,0.11901175052726724,10581.123076635402,4,3584.794615241495,3928.4499998573583
S2,qlearning,2,493,0.14564713670969878,10981.462612238314,5,2895.040089819346,2914.6626122861394
S2,qlearning,2,494,0.14084507042253522,9938.5,0,2542.7999999999997,2652.5
S2,qlearning,2,495,0.15445859872611464,10449.1,0,3264.7,3308.0
S2,qlearning,2,496,0.12824249489944622,11509.335252937608,2,3177.730849447277,3235.439664766259
S2,qlearning,2,497,0.11247443762781185,10290.649999725661,3,2815.3999999999996,2978.5
S2,qlearning,2,498,0.09270334928229665,11504.9090223128,3,4216.639999980749,4720.0
S2,qlearning,2,499,0.10764430577223089,9907.65714278258,1,2840.031428556516,2940.5
S2,qlearning,2,500,0.12601927353595255,8072.473326780238,2,2024.4,2034.5
S2,qlearning,2,501,0.08042066192390968,9776.0,0,2694.7,2793.5
S2,qlearning,2,502,0.07120915945266686,10843.75,0,3121.7999999999997,3200.75
S2,qlearning,2,503,0.11026878015161957,8780.049999907229,1,2591.1,2714.5
S2,qlearning,2,504,0.12112676056338029,9807.0,0,2766.9,2882.5
S2,qlearning,2,505,0.10506620610247554,11935.374046950245,9,3410.804117478524,3446.8749998350595
S2,qlearning,2,506,0.14154411764705882,9055.79999977353,1,2546.5,2614.25
S2,qlearning,2,507,0.1255088195386703,10193.351121760465,11,2846.36329231119,2848.026053379232
S2,qlearning,2,508,0.1595515308322553,7778.408333274514,1,2401.1,2505.5
S2,qlearning,2,509,0.15282131661442006,7412.199999658085,4,1985.7,2010.0
S2,qlearning,2,510,0.13959013959013958,11153.5,0,3487.1,3597.0
S2,qlearning,2,511,0.14990006662225183,9129.9,0,3249.8999999999996,3513.0
S2,qlearning,2,512,0.14920733602735467,9649.549999879688,1,3195.7999999999997,3447.0
S2,qlearning,2,513,0.13137794072716164,11362.5,0,3073.7,3257.0
S2,qlearning,2,514,0.18442622950819673,7956.6499999,1,2855.05999992,3147.9499999
S2,qlearning,2,515,0.14875239923224567,9128.379658962349,7,2383.5,2427.0
S2,qlearning,2,516,0.11665646050214329,11502.187861512994,9,3173.4256158653534,3281.2967391094926
S2,qlearning,2,517,0.14367816091954022,10229.016462308065,3,3241.0892682648328,3291.7432926655206
S2,qlearning,2,518,0.15264586160108548,8625.1,0,2529.3,2573.5
S2,qlearning,2,519,0.14800122062862375,9929.5,0,2880.7999999999997,2976.0
S2,qlearning,2,520,0.1390728476821192,9652.04999983576,2,3111.5399998686084,3221.5499998357604
S2,qlearning,2,521,0.136226034308779,10306.306478962022,7,3745.220591124885,4087.615231672668
S2,qlearning,2,522,0.14365152919369786,11214.220198399697,3,3243.976158719757,3260.7201983996965
S2,qlearning,2,523,0.11652542372881355,10963.370038594829,10,3180.809292611799,3283.069064483504
S2,qlearning,2,524,0.1517764746464298,9523.049999913483,1,2805.8,2811.0
S2,qlearning,2,525,0.11860174781523096,11574.332634783123,8,3542.1892854424705,3591.749999700196
S2,qlearning,2,526,0.13353617308992563,10431.2,0,2962.2,2981.5
S2,qlearning,2,527,0.1171303074670571,9073.991357980094,1,2340.4,2404.75
S2,qlearning,2,528,0.09122006841505131,9956.162827336517,3,2531.9957692032895,2583.994711504112
S2,qlearning,2,529,0.15454864769933263,9722.8,0,3198.7,3305.5
S2,qlearning,2,530,0.11778563015312132,10466.0,0,2921.2,3028.0
S2,qlearning,2,531,0.0952705001701259,8814.220597629654,10,2230.295713893316,2262.3571423807994
S2,qlearning,2,532,0.07524570024570025,10602.949999706461,4,3227.5799997651684,3476.849999706461
S2,qlearning,2,533,0.07248611967921037,10380.5,0,3048.7999999999997,3302.5
S2,qlearning,2,534,0.11431255872220482,9960.77473612601,7,2772.7939323133437,2843.24241539168
S2,qlearning,2,535,0.08377288240769469,11759.145271190831,9,3324.1065142383804,3392.883447797452
S2,qlearning,2,536,0.14770057066129574,9007.849999915385,1,2981.909999983077,3105.0
S2,qlearning,2,537,0.12242725337118524,9807.699999227922,5,3295.8599998122677,3465.6999997653347
S2,qlearning,2,538,0.16839842350412038,8794.9,0,2967.7999999999997,3117.0
S2,qlearning,2,539,0.11569710757231069,10579.733333333334,0,3124.2,3155.5
S2,qlearning,2,540,0.15757790368271954,9601.5,0,3367.4999999999995,3701.0
S2,qlearning,2,541,0.13662979830839297,10235.0,0,3462.2,3805.0
S2,qlearning,2,542,0.15387216773757187,8588.446395809928,8,2372.140093477742,2380.5205879401524
S2,qlearning,2,543,0.16888250089831117,9757.949999898685,1,4234.909999979736,4804.0
S2,qlearning,2,544,0.1485303314571607,10269.974999846308,2,2918.9749999692617,2922.0
S2,qlearning,2,545,0.13980757666867108,10817.699999717317,4,3669.1299999613702,3813.0
S2,qlearning,2,546,0.16433266647613604,11010.25,0,3446.8999999999996,3598.25
S2,qlearning,2,547,0.14705882352941177,10492.75,0,3299.0,3511.75
S2,qlearning,2,548,0.14733250620347393,9773.5,0,2756.5,2802.0
S2,qlearning,2,549,0.08247089262613196,11433.530850542007,5,3742.6061701084013,3984.0
S2,qlearning,2,550,0.12136697540721814,9362.909615124547,2,2335.2200000000003,2342.9
S2,qlearning,2,551,0.14258853024130366,11473.0,0,3107.2,3109.5
S2,qlearning,2,552,0.15402451142762505,9276.80716221983,4,3238.845729775864,3445.8071622198304
S2,qlearning,2,553,0.18569735282497038,7213.749999659916,4,2129.699999891772,2225.0999998973334
S2,qlearning,2,554,0.1736111111111111,8572.849999848202,2,2524.0199999696406,2641.75
S2,qlearning,2,555,0.15272033089405027,10337.824999799193,3,2796.4649999598387,2876.5
S2,qlearning,2,556,0.15508684863523572,11407.958309216863,5,3213.145949793975,3279.5720588035465
S2,qlearning,2,557,0.13609650479430868,10447.092086106124,3,3408.1284172381474,3617.0
S2,qlearning,2,558,0.16841724013038753,10301.57499947638,5,3064.9299998042834,3205.8749998170456
S2,qlearning,2,559,0.14553269880257905,10914.35,0,3433.5,3666.0
S2,qlearning,2,560,0.13256288239293,9099.862499937388,1,2776.6899999499105,2858.8624999373883
S2,qlearning,2,561,0.12138188608776844,10156.650308560904,7,3315.000061683124,3579.6999999515724
S2,qlearning,2,562,0.09012016021361816,10097.18498165694,7,3012.8008288988503,3083.751036123563
S2,qlearning,2,563,0.14840182648401826,9927.949999928704,1,2919.88,3065.5
S2,qlearning,2,564,0.12925790754257907,11190.099999898684,1,3713.619999979737,3988.0
S2,qlearning,2,565,0.14411027568922305,9351.326922783059,5,2758.5553845683676,2798.0
S2,qlearning,2,566,0.16011644832605532,8649.624999898684,1,2828.084999931105,2828.599999918947
S2,qlearning,2,567,0.10845295055821372,11152.0,0,4243.7,4713.0
S2,qlearning,2,568,0.1297016861219196,9473.571525040332,3,2690.7,2703.75
S2,qlearning,2,569,0.1177336276674025,9341.233814950567,4,3198.2037186690723,3323.5615927982653
S2,qlearning,2,570,0.12227805695142378,8973.7746909626,5,2342.33493822414,2434.5
S2,qlearning,2,571,0.10863095238095238,11531.196716120192,3,3316.883954736588,3391.229943420735
S2,qlearning,2,572,0.12069520437721275,9947.75,0,2681.1,2808.5
S2,qlearning,2,573,0.1301518438177874,7907.768749909766,1,2433.3,2488.5
S2,qlearning,2,574,0.1579861111111111,9168.294444252606,2,2817.6199999768423,2829.0
S2,qlearning,2,575,0.15949269792467333,8868.499999875774,2,2854.2199999511113,3011.549999938889
S2,qlearning,2,576,0.17061281337047354,8154.5999998393045,2,2213.3499999176433,2323.0499999163044
S2,qlearning,2,577,0.17818574514038876,9768.897916487313,3,3512.1383332468868,3618.5479165586084
S2,qlearning,2,578,0.14389679126695334,10573.79999992451,1,3903.04,4268.55
S2,qlearning,2,579,0.14191106906338694,10838.4,0,3740.9,3823.0
S2,qlearning,2,580,0.12831858407079647,9358.599999886741,2,2686.879999909392,2720.09999988674
S2,qlearning,2,581,0.15168752370117558,8048.314285638119,1,2522.2,2671.5
S2,qlearning,2,582,0.10638297872340426,12099.0,0,3564.8,3572.5
S2,qlearning,2,583,0.11451516954193933,11206.75,0,3177.2999999999997,3233.75
S2,qlearning,2,584,0.13013698630136986,8594.30705712873,8,2334.6099999080698,2351.999999899346
S2,qlearning,2,585,0.11230623220499841,10596.334830971437,4,2998.7,3004.0
S2,qlearning,2,586,0.1335559265442404,10841.1,0,3916.7999999999997,4147.5
S2,qlearning,2,587,0.11973456433929602,12237.0,0,3764.7999999999997,3841.5
S2,qlearning,2,588,0.1352688881557242,9332.25,0,2710.45,2741.5
S2,qlearning,2,589,0.11464796331265174,13597.940435988226,8,4244.662349044218,4311.640436370851
S2,qlearning,2,590,0.12648475120385233,10347.616950260723,10,2917.5733899790807,2971.639473506108
S2,qlearning,2,591,0.17920511000709724,8474.89999986949,1,2313.88,2352.85
S2,qlearning,2,592,0.11282490716938018,11318.5,0,3428.9,3523.0
S2,qlearning,2,593,0.12550490478938256,10779.183041289032,4,3886.426433031225,4220.283041289032
S2,qlearning,2,594,0.12037978975924042,9184.399999822383,2,2751.9399998579056,2942.599999822382
S2,qlearning,2,595,0.14,9349.799998995815,3,2512.6,2541.0
S2,qlearning,2,596,0.13652425313202698,11089.799999936886,1,4389.309999987377,4638.25
S2,qlearning,2,597,0.13464696223316913,10846.557265583893,11,4196.560204898735,4642.4502561234185
S2,qlearning,2,598,0.13649658758531036,11221.42499982057,3,3562.899999908659,3732.8749998858243
S2,qlearning,2,599,0.16887417218543047,8625.129053674298,4,2585.543243069122,2712.429053836403
S2,qlearning,2,600,0.14340960360941024,9483.0,0,2771.6,2806.0
S2,qlearning,2,601,0.1167192429022082,9968.849999817694,2,2994.0,3048.75
S2,qlearning,2,602,0.13175906913073238,10195.008922806812,6,3038.039999951111,3201.049999938889
S2,qlearning,2,603,0.17777777777777778,8536.24999965711,2,2514.139999951875,2526.949999969922
S2,qlearning,2,604,0.1284246575342466,11348.229943376738,2,3813.0459886753474,3919.5
S2,qlearning,2,605,0.12587168758716877,9548.837167835849,4,3091.3874335671694,3281.0
S2,qlearning,2,606,0.10838831291234684,10110.374999844871,3,3066.159999949231,3084.0749999365385
S2,qlearning,2,607,0.1712583767684289,9667.75,0,3412.15,3437.0
S2,qlearning,2,608,0.15798922800718132,8062.0,0,2295.0,2347.5
S2,qlearning,2,609,0.16418942274455584,9774.500968794535,8,2804.0927815077607,2810.1043102402787
S2,qlearning,2,610,0.1180327868852459,10300.371221624126,6,3194.2569773515042,3393.3212216893808
S2,qlearning,2,611,0.15508955875928354,7941.523983452333,2,2471.579186895779,2528.9739836197236
S2,qlearning,2,612,0.17090620031796502,8164.85,0,2774.1499999999996,3007.0
S2,qlearning,2,613,0.09517045454545454,9986.57692282784,4,2822.2615382622726,2881.076922827841
S2,qlearning,2,614,0.156794425087108,8274.0,0,2548.6,2669.5
S2,qlearning,2,615,0.12007684918347743,10835.5,0,3851.8999999999996,4216.5
S2,qlearning,2,616,0.15984015984015984,9940.592237092376,5,3855.37844734952,4254.099999885075
S2,qlearning,2,617,0.16561775422325273,9674.549999913483,1,2901.3,2940.0
S2,qlearning,2,618,0.11865793780687398,11457.065277595895,3,2650.013055519179,2662.0
S2,qlearning,2,619,0.1760082023239918,9940.649999893056,1,3214.7599999999998,3383.5
S2,qlearning,2,620,0.13926733272782318,10861.0,0,2944.2999999999997,3028.0
S2,qlearning,2,621,0.1446350487722839,10003.3,0,2759.24,2932.3
S2,qlearning,2,622,0.12664165103189493,11216.793737933416,7,3356.658657035832,3491.5588233953613
S2,qlearning,2,623,0.12523191094619665,10865.874999881069,2,3272.599999904855,3372.374999881069
S2,qlearning,2,624,0.14276002719238612,8138.921014243953,4,2189.866811490333,2242.3210143823608
S2,qlearning,2,625,0.15542328042328044,8774.849999923763,1,2469.34,2571.3
S2,qlearning,2,626,0.1606071302506177,9608.699999709646,5,3553.2199998299384,3890.6499997874234
S2,qlearning,2,627,0.15386869871043377,11846.024999837693,2,3621.924999898977,3672.2749998788686
S2,qlearning,2,628,0.14583333333333334,10785.874690969105,6,2977.579999897615,3099.599999872019
S2,qlearning,2,629,0.1371191135734072,11163.74028417854,3,2914.4399999597385,2959.5499999496733
S2,qlearning,2,630,0.17486338797814208,7947.551350921333,5,2619.161080813116,2826.201351016395
S2,qlearning,2,631,0.18902891030392885,9322.775246890551,3,2398.6,2405.0
S2,qlearning,2,632,0.15146415348367553,10053.314285182476,7,3181.579999898963,3445.349999873704
S2,qlearning,2,633,0.19008264462809918,7815.1,0,2466.5,2534.5
S2,qlearning,2,634,0.14580265095729014,10973.699999738397,3,2908.2199999826967,2954.0
S2,qlearning,2,635,0.14250955856795272,9407.699999612125,5,3285.6,3604.0
S2,qlearning,2,636,0.16070245195493704,8652.5,0,2395.0,2459.0
S2,qlearning,2,637,0.1579754601226994,9403.849999855882,2,2108.5,2151.0
S2,qlearning,2,638,0.15161612795734755,10555.829028239987,5,2714.223222591989,2736.929028239986
S2,qlearning,2,639,0.14330218068535824,10515.322587591832,9,2766.678070639113,2808.8225883710784
S2,qlearning,2,640,0.1608954179783141,8724.926789544956,4,3026.8999999999996,3300.0
S2,qlearning,2,641,0.11545039908779932,11474.68358250828,10,3104.7031109881927,3186.0
S2,qlearning,2,642,0.13129102844638948,8541.049999956493,1,2156.4099999912987,2192.0
S2,qlearning,2,643,0.12932208004356113,10769.411538150829,5,3383.709230665404,3560.761538331755
S2,qlearning,2,644,0.12081513828238719,10718.58337404363,10,3161.906674773604,3328.54999986
S2,qlearning,2,645,0.12906846240179573,13912.389037869803,8,4477.346230492212,4635.514038177034
S2,qlearning,2,646,0.17874875868917578,8011.0,0,2253.1,2304.5
S2,qlearning,2,647,0.13487208008898777,11823.0,0,3078.2999999999997,3251.0
S2,qlearning,2,648,0.1486528336946423,10420.324999750874,4,2393.109999961498,2411.1
S2,qlearning,2,649,0.14023732470334413,9146.747368002845,5,2931.3999998820373,3024.29999993
S2,qlearning,2,650,0.15207945375543142,10730.5,0,3576.3999999999996,3895.0
S2,qlearning,2,651,0.10982306284319707,10677.095205307864,2,2953.6090410762395,3122.5
S2,qlearning,2,652,0.14724919093851133,9802.699999713946,4,2997.9599997711575,3178.6999997139474
S2,qlearning,2,653,0.1407697790449038,9143.924560996054,5,2404.82,2476.9
S2,qlearning,2,654,0.13952724885095208,10551.107308893665,8,3372.9614618415853,3512.0
S2,qlearning,2,655,0.17722878625134264,10357.25,0,3165.5499999999997,3335.5
S2,qlearning,2,656,0.16639477977161501,10186.04999994762,1,3428.2999999999997,3696.5
S2,qlearning,2,657,0.18163672654690619,8254.332608602404,1,3251.466086881923,3654.5326086024043
S2,qlearning,2,658,0.15325077399380804,10289.199999947972,1,3347.7999999999997,3493.0
S2,qlearning,2,659,0.1639881928501148,9606.65833327721,1,2599.7,2618.0
S2,qlearning,2,660,0.19835329341317365,8772.649998919556,3,2652.8099999794667,2661.0
S2,qlearning,2,661,0.14528593508500773,10675.049999934745,1,3341.0,3577.5
S2,qlearning,2,662,0.15750670241286863,9199.0,0,2997.1,3255.0
S2,qlearning,2,663,0.14724509183027232,10672.662820249478,3,3487.1,3651.5
S2,qlearning,2,664,0.15228426395939088,10781.531306065044,3,2814.3212611998088,2915.024999978
S2,qlearning,2,665,0.09077598828696926,13674.51189492041,8,4509.637058950736,4840.902175796917
S2,qlearning,2,666,0.10995207217366788,11373.510459014144,12,3657.0690242989813,3921.0717390855793
S2,qlearning,2,667,0.11302133078637376,10373.749999832773,3,3807.8299999665546,3894.5
S2,qlearning,2,668,0.16718372974836263,9308.25,0,3410.2999999999997,3748.75
S2,qlearning,2,669,0.16623085543518865,9094.099999858314,2,3137.7999999999997,3369.5
S2,qlearning,2,670,0.17863930064614214,9829.246591228415,5,3039.6504213694875,3099.2910359938874
S2,qlearning,2,671,0.1343101343101343,9625.716602883445,6,2983.276690089401,3148.0222824856437
S2,qlearning,2,672,0.17407790417097552,8627.0,0,2902.3999999999996,3178.5
S2,qlearning,2,673,0.17003367003367004,9437.914582755651,7,2342.1199999761225,2373.0
S2,qlearning,2,674,0.16206896551724137,9093.67696364989,6,2840.6331541897766,3073.166442737221
S2,qlearning,2,675,0.1941404871161313,8046.2,0,2499.4,2604.0
S2,qlearning,2,676,0.1767857142857143,9497.368420952325,2,3644.4947367618597,3981.868420952325
S2,qlearning,2,677,0.1738061797752809,8682.593577662716,3,2379.4087155741645,2433.0
S2,qlearning,2,678,0.16825288919102652,8506.549999920619,1,2304.9,2353.0
S2,qlearning,2,679,0.1511758118701008,7350.3860206603385,6,2464.25720416986,2663.5
S2,qlearning,2,680,0.1725327812284334,8847.05344760406,5,2517.370689613395,2539.0
S2,qlearning,2,681,0.16728002676480427,9063.449999710047,3,2605.0999999384,2777.549999923
S2,qlearning,2,682,0.14821272885789014,10006.8,0,3157.6,3361.0
S2,qlearning,2,683,0.17491626349088202,8713.423983401193,3,2420.6,2470.5
S2,qlearning,2,684,0.17914783731439637,9149.5,0,2589.4,2670.0
S2,qlearning,2,685,0.1558073654390935,9179.342307389323,4,2637.8,2690.5
S2,qlearning,2,686,0.10105580693815988,11802.283551095006,5,3709.736066386978,3852.498926884849
S2,qlearning,2,687,0.11871508379888268,9695.724999827382,2,2792.7449999654764,2795.5
S2,qlearning,2,688,0.10798429319371727,9545.149999776631,3,2884.779999891305,3041.099999864132
S2,qlearning,2,689,0.08253094910591471,12169.0,0,3405.4,3408.0
S2,qlearning,2,690,0.13179042108646738,9469.049999948667,1,2940.539999958933,3175.0499999486665
S2,qlearning,2,691,0.16993202718912434,7870.15,0,2439.9,2516.25
S2,qlearning,2,692,0.10458320516764072,9626.0,0,2515.7,2549.0
S2,qlearning,2,693,0.12035661218424963,12128.25,0,3755.2999999999997,3977.5
S2,qlearning,2,694,0.117813383600377,10702.566846616364,4,3144.9934773504824,3231.466846712016
S2,qlearning,2,695,0.07394019060138021,10418.759999465427,5,2847.1779996273417,2869.709999557094
S2,qlearning,2,696,0.04510756419153366,9333.5,0,2538.2,2564.5
S2,qlearning,2,697,0.08955223880597014,9496.95449369594,5,2608.402194913541,2694.599999753229
S2,qlearning,2,698,0.1270053475935829,10152.799382158619,5,2414.1199996307664,2481.1499995384584
S2,qlearning,2,699,0.15725806451612903,8162.34999983134,2,2662.689999924878,2708.0499999060976
S2,qlearning,2,700,0.1061493411420205,8613.149999847668,2,2467.9199998781346,2530.1499998476684
S2,qlearning,2,701,0.104,9378.0,0,2420.4,2470.5
S2,qlearning,2,702,0.16224188790560473,9898.0,0,2877.4,2939.5
S2,qlearning,2,703,0.1371173469387755,9797.579835771861,8,3210.31999988985,3433.6499998623126
S2,qlearning,2,704,0.13626251390433816,11468.049999906098,1,3606.8999999999996,3883.0
S2,qlearning,2,705,0.16319942611190819,7569.0499998815385,1,2040.1999999999998,2112.0
S2,qlearning,2,706,0.15074525745257453,8581.899999664489,2,2563.8199999328976,2737.5
S2,qlearning,2,707,0.17797737857618098,10089.549999906098,1,3076.2999999999997,3217.0
S2,qlearning,2,708,0.1426739339531901,10772.8,0,3524.7,3852.0
S2,qlearning,2,709,0.13991637182373753,9738.6,0,2619.06,2661.7
S2,qlearning,2,710,0.11745939675174014,11098.087956045334,2,3252.5975912304552,3330.0
S2,qlearning,2,711,0.09997015816174276,11199.477671997996,6,3625.364491477495,3685.5
S2,qlearning,2,712,0.11757958130197878,12293.049999947973,1,3474.3399999583785,3553.549999947973
S2,qlearning,2,713,0.10245265445513815,10560.62517133032,4,2914.325034266064,3102.0
S2,qlearning,2,714,0.07817385866166354,11983.910947577251,4,3769.7574068384442,4008.542028871657
S2,qlearning,2,715,0.08799718409010912,8848.199567526139,5,2303.9599135052276,2306.5
S2,qlearning,2,716,0.09151151782896813,9922.161585075875,6,2759.529268060701,2869.6615850758762
S2,qlearning,2,717,0.11267145656433704,10281.049999857407,1,3547.7,3892.5
S2,qlearning,2,718,0.09929728078215705,10556.2,0,3464.74,3785.5
S2,qlearning,2,719,0.12215207246774636,13029.07222202952,3,3827.15999999061,3934.0
S2,qlearning,2,720,0.16046432229429838,8539.7,0,2267.1,2291.5
S2,qlearning,2,721,0.13601928374655647,8926.25,0,2543.9,2658.25
S2,qlearning,2,722,0.1388888888888889,9879.549999275894,7,3162.5599996836972,3205.2499997141977
S2,qlearning,2,723,0.10856977417486971,11650.145032654487,7,4228.6490064057225,4682.699999791376
S2,qlearning,2,724,0.10816919599612529,11393.274999695612,4,3248.9999997743957,3293.749999717995
S2,qlearning,2,725,0.10904425914047466,11402.149991907632,6,3190.7199983272826,3193.5999999031446
S2,qlearning,2,726,0.1146384479717813,11216.449215506951,12,4166.223720718228,4666.904650897785
S2,qlearning,2,727,0.1507537688442211,8723.199999825,1,2128.05999986,2130.199999825
S2,qlearning,2,728,0.1336990058279054,8541.309430419235,6,2386.600110861427,2426.5001385767837
S2,qlearning,2,729,0.12965964343598055,9752.799999854848,2,2358.979999883878,2428.0999998548477
S2,qlearning,2,730,0.14365152919369786,10677.64322915885,5,3113.013658372456,3227.421951019504
S2,qlearning,2,731,0.13610763454317898,11310.574999600907,4,2587.899999726696,2601.99999965837
S2,qlearning,2,732,0.1349404267110003,10492.265384526238,2,3059.5723076209892,3183.465384526237
S2,qlearning,2,733,0.16047601875225387,8697.512812559129,5,2379.439999986,2379.5
S2,qlearning,2,734,0.10456273764258556,10062.51364259751,10,3006.0532285472177,3040.634166639961
S2,qlearning,2,735,0.19975786924939468,8528.159920063488,6,2520.2428569170847,2525.428571146356
S2,qlearning,2,736,0.16038068382093762,8244.442292021848,5,2316.8838383582583,2435.842299872821
S2,qlearning,2,737,0.16353514265831592,8261.123403046775,9,2690.8399999133244,2814.1999999273585
S2,qlearning,2,738,0.1336737759086813,11552.576676287374,8,3003.2699999634883,3045.5
S2,qlearning,2,739,0.19809825673534073,8368.173749560381,4,2851.083999726117,2966.229999657646
S2,qlearning,2,740,0.14333132166566084,11274.847457335156,4,3307.84,3490.3
S2,qlearning,2,741,0.1389786683904331,9060.580132234982,2,2439.6,2490.5
S2,qlearning,2,742,0.18511730205278593,9365.689673038201,7,3482.0809038053944,3683.5598868237134
S2,qlearning,2,743,0.14256014256014257,11654.571555100967,10,2937.692368333892,2995.0
S2,qlearning,2,744,0.14559780746831105,10002.249998610458,3,2984.0,3101.0
S2,qlearning,2,745,0.1676933607118412,9339.59999971704,3,2570.3399998817026,2666.0499998521286
S2,qlearning,2,746,0.1483368294875637,10199.449358814052,3,2799.5773076688524,2879.5
S2,qlearning,2,747,0.17939609236234458,9411.5,0,2847.1,2943.5
S2,qlearning,2,748,0.15784281486353174,8814.805032400252,6,2488.7,2528.0
S2,qlearning,2,749,0.16922540125610608,9017.658064185795,4,2849.311612731807,2955.649999798747
S2,qlearning,2,750,0.14950166112956811,8760.513290891142,3,2939.2830378361164,3056.200632763147
S2,qlearning,2,751,0.17365269461077845,9987.5,0,2496.2,2530.5
S2,qlearning,2,752,0.1664378860672615,9640.993970634428,7,3122.720465099413,3337.0
S2,qlearning,2,753,0.14803204458376873,10171.185412381918,9,2786.2152172497385,2797.6499998566146
S2,qlearning,2,754,0.19319938176197837,8600.649999678657,2,2474.42,2500.4
S2,qlearning,2,755,0.14564713670969878,10501.483332561906,6,3137.9266664581965,3141.233333208341
S2,qlearning,2,756,0.11781206171107994,11736.0,0,3797.2999999999997,4002.0
S2,qlearning,2,757,0.1436950146627566,9356.229234791088,3,2374.14338786932,2399.6792348366503
S2,qlearning,2,758,0.13148283418553688,10393.05,0,3440.1,3627.25
S2,qlearning,2,759,0.12385919165580182,10195.977318652134,13,3618.331578666876,3990.039473333595
S2,qlearning,2,760,0.14728682170542637,10389.674415001813,3,3020.434883000363,3065.5
S2,qlearning,2,761,0.17270572299356587,8946.675529290042,10,2864.570332794055,3052.444230452028
S2,qlearning,2,762,0.14515132798023472,10583.616558707532,3,2919.4007801316966,3013.5
S2,qlearning,2,763,0.13943619278569264,10628.518965230145,3,3420.7999999999997,3678.5
S2,qlearning,2,764,0.10623946037099494,9704.049999842595,2,3357.0199998740754,3623.1499998425948
S2,qlearning,2,765,0.11750154607297464,11367.25,0,3608.35,3828.5
S2,qlearning,2,766,0.15344433561867452,9515.75,0,2735.2999999999997,2810.75
S2,qlearning,2,767,0.1457774798927614,10952.999999680953,3,3459.9799998967037,3465.7999999341882
S2,qlearning,2,768,0.10676156583629894,11562.086878173635,4,3282.8873756785506,3315.5
S2,qlearning,2,769,0.12078042737689687,10927.599999924138,1,2788.159999954483,2825.5749999431036
S2,qlearning,2,770,0.13179303612105434,10501.031817852074,3,3096.7999999999997,3158.5
S2,qlearning,2,771,0.15286171347316033,8974.59999980915,2,3021.1799998473193,3257.5999998091493
S2,qlearning,2,772,0.12621654501216545,10222.64573166466,1,2586.46,2608.5
S2,qlearning,2,773,0.09837601499063085,10048.32499930012,6,2448.68499991342,2449.5
S2,qlearning,2,774,0.12620192307692307,11270.187942903067,3,3634.462912570263,3781.078640712829
S2,qlearning,2,775,0.1117006422786931,11654.199999768973,3,3379.984999918073,3463.574999940464
S2,qlearning,2,776,0.15001546551190845,10546.549999904939,1,2984.909999980988,3093.5
S2,qlearning,2,777,0.11606873681037082,10681.5,0,3324.5,3442.0
S2,qlearning,2,778,0.1447562776957164,10251.5,0,3199.0,3404.5
S2,qlearning,2,779,0.1173890608875129,14090.548015590979,6,4411.314094659194,4573.557485855184
S2,qlearning,2,780,0.1225865767698437,11641.5,0,3196.3999999999996,3347.5
S2,qlearning,2,781,0.12694382735639478,9330.5,0,2724.6,2766.0
S2,qlearning,2,782,0.11065444198545685,11456.0,0,3466.2,3545.0
S2,qlearning,2,783,0.13408010862186015,10139.5,0,3196.0,3411.0
S2,qlearning,2,784,0.15151515151515152,10100.0,0,3608.8999999999996,3887.5
S2,qlearning,2,785,0.1120303343674595,9615.393635100205,7,2887.9756488828702,2986.7195611035877
S2,qlearning,2,786,0.12880929940307886,9408.9,0,2698.6,2813.0
S2,qlearning,2,787,0.12348024316109422,8285.674999557139,3,2016.8999999999999,2058.5
S2,qlearning,2,788,0.11992263056092843,8267.4,0,2180.8599999999997,2251.2
S2,qlearning,2,789,0.06592292089249494,10274.5,0,3317.6,3522.0
S2,qlearning,2,790,0.10554089709762533,11427.4,0,3467.2,3518.0
S2,qlearning,2,791,0.13851249623607348,11465.21554302605,5,3779.1499999999996,4013.0
S2,qlearning,2,792,0.13068567549219282,9824.874311389653,6,3488.259449161399,3774.824311451749
S2,qlearning,2,793,0.16715116279069767,9672.69999968897,2,3378.349999925474,3589.0249999692
S2,qlearning,2,794,0.14006514657980457,9966.098882445876,4,2707.679999899517,2752.5999998743964
S2,qlearning,2,795,0.10877719429857464,13114.03182140938,10,4083.704497099014,4289.213554617808
S2,qlearning,2,796,0.1441899915182358,11938.505893423238,3,3791.2964911693784,3796.8255208078845
S2,qlearning,2,797,0.1483050847457627,9533.606944157153,4,3174.331388859564,3354.0
S2,qlearning,2,798,0.13456833275078645,8461.12763779356,4,2442.2293984508156,2557.50645148684
S2,qlearning,2,799,0.14710689767898005,9792.5,0,2731.7,2782.5
S2,qlearning,2,800,0.16367476240760295,8130.9499998833335,1,2551.4299999766667,2728.4
S2,qlearning,2,801,0.13734466971877043,9021.95714256003,4,2610.439999949091,2741.5499999363637
S2,qlearning,2,802,0.16596045197740114,9280.597602328357,4,2806.7249999530914,2932.5
S2,qlearning,2,803,0.1271813073055309,11575.435713842464,6,3502.6714283567517,3686.8071426470988
S2,qlearning,2,804,0.17038777908343125,8569.790131105545,4,2839.6980262060442,3034.5999998875914
S2,qlearning,2,805,0.16335682254964767,10372.09999990516,2,2927.539999958933,3057.5499999486665
S2,qlearning,2,806,0.15570934256055363,12050.816619192936,7,3185.9299999631257,3197.5
S2,qlearning,2,807,0.12006861063464837,10376.795097737506,4,3283.0199998749454,3542.399999843682
S2,qlearning,2,808,0.12099522835719155,9747.329999863743,2,2965.52399994456,3036.7799999307
S2,qlearning,2,809,0.11004784688995216,11219.4,0,3866.8799999999997,4111.0
S2,qlearning,2,810,0.13612565445026178,9715.9,0,3007.9,3087.0
S2,qlearning,2,811,0.16460234680573663,8840.023076721482,3,2390.9246153022964,2400.69999993
S2,qlearning,2,812,0.1394523326572008,12155.817588141335,4,4385.311731774666,4808.264664718334
S2,qlearning,2,813,0.16345492085340674,8954.57960109044,7,2437.674105239551,2487.0926315494385
S2,qlearning,2,814,0.12482468443197756,12076.21494243719,2,3760.9729884560093,3929.049999947619
S2,qlearning,2,815,0.17748478701825557,9288.19999983547,2,2852.6499999276066,3112.5499999341882
S2,qlearning,2,816,0.14620689655172414,11517.149999664476,3,2911.2799998126334,2918.099999765792
S2,qlearning,2,817,0.1689996585865483,8400.135354634429,6,2341.5476009148906,2429.9
S2,qlearning,2,818,0.15225761288064404,9970.726564965402,4,3013.6874059472393,3131.478488250177
S2,qlearning,2,819,0.1555104800540906,8514.79685025922,2,2457.859370051844,2534.5
S2,qlearning,2,820,0.15569027280242492,11450.5,0,3570.2999999999997,3793.0
S2,qlearning,2,821,0.16718372974836263,10049.356867471643,4,3040.510031941718,3111.1475608213
S2,qlearning,2,822,0.14965343415248897,11029.612241179815,9,3281.360535793796,3559.170705500026
S2,qlearning,2,823,0.14442231075697212,10402.458332935283,5,4470.616666435373,5167.474999747195
S2,qlearning,2,824,0.16045380875202594,8911.933999943329,1,2261.547199954662,2336.4339999433278
S2,qlearning,2,825,0.1607717041800643,10316.508620006678,6,3602.1268962494178,3965.4086203117727
S2,qlearning,2,826,0.15265974189486936,9122.7,0,2372.6,2377.5
S2,qlearning,2,827,0.15005359056806003,9373.719999632593,3,3614.1059999507197,3872.3199999384
S2,qlearning,2,828,0.16986959505833904,11133.894914985274,2,3477.5789829970545,3625.0
S2,qlearning,2,829,0.18170681910984074,7620.049992151876,3,2697.9599938103793,2972.0499923000075
S2,qlearning,2,830,0.15304512464499842,10726.195985237151,5,3495.3948835740184,3540.7436044675233
S2,qlearning,2,831,0.17870036101083034,7386.173332992691,2,1920.0,1922.0
S2,qlearning,2,832,0.13871951219512196,10217.099884743566,11,2884.580434569697,3007.7130432248696
S2,qlearning,2,833,0.15214180206794684,10831.149999871082,2,3690.9199998968656,3731.149999871082
S2,qlearning,2,834,0.1736111111111111,9091.249999837983,2,2913.2399999866084,3118.5
S2,qlearning,2,835,0.16967967015540755,9743.549999946154,1,3224.3099999892306,3429.5
S2,qlearning,2,836,0.16704143912624478,9490.4,0,2515.9,2572.5
S2,qlearning,2,837,0.17136070580251103,9843.877418751772,7,3964.1419351343384,4488.677418917923
S2,qlearning,2,838,0.1904585798816568,7571.5499999379035,1,2105.4099999875807,2142.5
S2,qlearning,2,839,0.1607773851590106,9316.493555718578,5,2663.424948282922,2696.628092765706
S2,qlearning,2,840,0.21578538102643857,8254.7,0,2044.02,2047.0
S2,qlearning,2,841,0.15096217650962176,9832.249999357915,5,2695.879999791142,2701.5999997389276
S2,qlearning,2,842,0.1574106827025115,9219.94655903571,7,3085.859999951321,3204.5
S2,qlearning,2,843,0.19160279906697766,9047.5,0,2717.4,2790.5
S2,qlearning,2,844,0.17389864193441537,10360.666666317946,4,2694.739999987377,2706.5
S2,qlearning,2,845,0.15319800842589046,8108.549999593139,5,2139.6399999397236,2165.0
S2,qlearning,2,846,0.13510002598077422,13431.5,0,4496.099999999999,4739.5
S2,qlearning,2,847,0.15454864769933263,9185.29999994122,1,3071.45,3229.5
S2,qlearning,2,848,0.1703042328042328,10468.136754188788,5,3676.0,3961.0
S2,qlearning,2,849,0.15406607369758576,9496.6,0,3183.58,3397.5
S2,qlearning,2,850,0.16119032858028517,9714.299999938889,1,3053.9899999511113,3183.049999938889
S2,qlearning,2,851,0.14121663563004344,12332.4,0,4126.7,4393.5
S2,qlearning,2,852,0.15234948604992657,8721.1,0,2775.04,2872.8
S2,qlearning,2,853,0.15071700321919812,10411.155282676718,5,3275.9070716727697,3469.5080644314085
S2,qlearning,2,854,0.14595103578154425,10300.0,0,3042.5,3102.0
S2,qlearning,2,855,0.1416692331382815,10339.98333294181,5,3287.7866663534487,3539.983332941811
S2,qlearning,2,856,0.1493043773328809,10045.09999986858,2,2684.6,2693.5
S2,qlearning,2,857,0.1546681664791901,9647.599999889058,2,2792.6099999904345,2852.5
S2,qlearning,2,858,0.16073657927590512,10186.699999945775,1,3230.2999999999997,3535.0
S2,qlearning,2,859,0.14148009950248755,10738.46755984765,6,2937.6232885042728,3038.5499999358335
S2,qlearning,2,860,0.18928571428571428,9255.49999980739,2,2521.0,2533.5
S2,qlearning,2,861,0.1452217364147408,10334.249999865311,2,3444.2,3531.0
S2,qlearning,2,862,0.17350157728706625,9041.8,0,2463.4,2581.0
S2,qlearning,2,863,0.13333333333333333,9694.437499717265,2,2423.149999773813,2454.937499717266
S2,qlearning,2,864,0.1105818305546104,8921.36892490171,14,2313.97047238291,2374.4608693595465
S2,qlearning,2,865,0.16752577319587628,8677.799999818799,2,3233.439999926666,3597.549999908333
S2,qlearning,2,866,0.15428958969142081,8588.9,0,2733.52,2908.4
S2,qlearning,2,867,0.17509084902543773,9820.649999696376,3,3615.3999999999996,3933.0
S2,qlearning,2,868,0.13967409378117726,10110.699999675746,4,2960.9,3005.0
S2,qlearning,2,869,0.14615662215806569,8734.922114905165,7,2752.659999961346,2895.5
S2,qlearning,2,870,0.18316831683168316,8959.0,0,2542.5,2543.5
S2,qlearning,2,871,0.1552598225602028,9265.389664282973,6,2935.109999988244,3196.5
S2,qlearning,2,872,0.16899577510562236,9843.599999860318,2,2937.9199999720636,3047.5
S2,qlearning,2,873,0.1516052318668252,11565.282495150406,4,3095.1115384088666,3106.2144230267336
S2,qlearning,2,874,0.15611448395490027,10327.346929977042,5,2892.339999799788,2988.1749997497354
S2,qlearning,2,875,0.17843726521412473,8730.599999804786,2,2712.04,2732.0
S2,qlearning,2,876,0.1463339494762785,11489.7,0,3603.6,3631.5
S2,qlearning,2,877,0.17443930224279103,9345.699999834722,2,2723.279999867778,2799.0999998347224
S2,qlearning,2,878,0.17296152488528063,7995.5,0,2077.5,2118.5
S2,qlearning,2,879,0.13292117465224113,10428.5,0,3208.7,3324.5
S2,qlearning,2,880,0.14965741074648395,8013.412820196698,4,2203.870256343532,2261.5628204697896
S2,qlearning,2,881,0.16671812287743132,11443.9,0,3335.3999999999996,3527.0
S2,qlearning,2,882,0.15594157125937624,8896.673648239044,3,2465.7075675315705,2574.2547297072315
S2,qlearning,2,883,0.15262515262515264,12032.974999932121,1,3917.9999999999995,4212.0
S2,qlearning,2,884,0.15191114015027768,9860.45,0,3247.0,3376.25
S2,qlearning,2,885,0.1633496057078483,7654.5499998815385,1,2283.6699999763073,2351.2
S2,qlearning,2,886,0.1606060606060606,10081.149999849385,2,3303.2,3441.5
S2,qlearning,2,887,0.125719478945774,10915.462499677957,3,3404.2,3504.5
S2,qlearning,2,888,0.16342141863699583,8769.756249839258,2,2586.5512499678516,2599.5
S2,qlearning,2,889,0.15880976262119692,9612.445676185424,6,2832.779135236168,2908.549999945
S2,qlearning,2,890,0.17365043412608533,9079.05,0,2890.06,3090.75
S2,qlearning,2,891,0.16990291262135923,7450.818234871044,5,2864.8999999999996,3227.0
S2,qlearning,2,892,0.1383399209486166,8905.5,0,2396.6,2458.0
S2,qlearning,2,893,0.15377144707024928,9479.342919197616,4,2920.634335570506,3091.792919463133
S2,qlearning,2,894,0.17712177121771217,9898.7,0,2360.3,2390.0
S2,qlearning,2,895,0.12755102040816327,10725.062658136549,1,3364.0,3493.5
S2,qlearning,2,896,0.14218009478672985,8804.655882134308,3,2344.7,2379.5
S2,qlearning,2,897,0.1488294314381271,8738.24060461358,11,2306.034146996651,2355.5
S2,qlearning,2,898,0.13743455497382198,10897.848878875062,10,3786.4478489677567,4182.297311225347
S2,qlearning,2,899,0.14276649746192893,10169.149999631767,3,2685.879999769581,2741.099999711976
S2,qlearning,2,900,0.16183986371379896,10363.05,0,3752.3999999999996,4051.5
S2,qlearning,2,901,0.1221001221001221,10501.608573599313,12,2844.0630563453424,2900.1880596504625
S2,qlearning,2,902,0.12619267466912895,11907.87424975224,4,3775.416026467218,3822.0
S2,qlearning,2,903,0.12155059132720106,10210.0,0,2797.3,2816.5
S2,qlearning,2,904,0.12845528455284552,9948.449999672803,4,2656.5099999809877,2791.5
S2,qlearning,2,905,0.11091652072387624,10334.229807063595,10,2667.0138459630043,2712.892307453755
S2,qlearning,2,906,0.12380952380952381,10939.099999925242,1,3429.9199999850484,3442.0
S2,qlearning,2,907,0.1488197057817311,8926.757470966442,4,3099.9199999765924,3229.5
S2,qlearning,2,908,0.13535031847133758,10030.86268636624,3,2880.7,2979.5
S2,qlearning,2,909,0.1282051282051282,9836.549999839583,1,2506.6,2510.5
S2,qlearning,2,910,0.13690105787181084,10347.21685637419,6,3039.8126111936886,3041.25327863317
S2,qlearning,2,911,0.16566265060240964,8731.099999799206,2,2860.8999999999996,3095.5
S2,qlearning,2,912,0.17467248908296942,10025.099382674387,1,2765.9,2893.0
S2,qlearning,2,913,0.15664160401002505,11127.049999935833,1,3105.7,3197.0
S2,qlearning,2,914,0.15932688865019692,9155.697319944707,5,3125.6978559557665,3380.7973199447083
S2,qlearning,2,915,0.1274787535410765,15180.334697425651,10,4726.670323809607,4942.79444420222
S2,qlearning,2,916,0.18023039762170198,7676.749999888029,2,2603.3799999420676,2713.0499999407693
S2,qlearning,2,917,0.19717261904761904,8039.46428527077,5,2191.1128570452697,2214.5499999358335
S2,qlearning,2,918,0.18188177684505072,10418.649999733305,2,3651.039999852644,3930.6499998433055
S2,qlearning,2,919,0.1280541654400942,10610.0,0,3507.8999999999996,3831.5
S2,qlearning,2,920,0.14209868831980013,12458.680399508326,8,3759.3574299482784,4029.328570977266
S2,qlearning,2,921,0.1510470305526948,9823.049999909412,1,3018.2,3315.0
S2,qlearning,2,922,0.14026402640264027,9909.910975458539,2,2713.9221951109575,2757.25
S2,qlearning,2,923,0.16286644951140064,10960.333333333334,0,2663.7999999999997,2727.0
S2,qlearning,2,924,0.14492753623188406,8938.37499928741,6,2418.7649997759986,2525.199999726636
S2,qlearning,2,925,0.14910199932226365,9873.49791621024,4,3465.7,3876.5
S2,qlearning,2,926,0.17028443113772454,8501.249999802563,1,2532.809999960513,2555.0
S2,qlearning,2,927,0.09391093607997576,12540.258409474372,8,4199.923824595089,4342.303571138185
S2,qlearning,2,928,0.14069905213270142,10847.94999981301,3,2913.8,2915.5
S2,qlearning,2,929,0.13632232656770676,10769.25,0,3546.5499999999997,3703.0
S2,qlearning,2,930,0.16200762388818296,9895.194088372215,8,3010.2159885064157,3118.6094593859443
S2,qlearning,2,931,0.17930519237952933,8789.159498163779,6,2541.9713114093156,2640.5
S2,qlearning,2,932,0.16118200134318333,9486.2,0,3042.7999999999997,3239.0
S2,qlearning,2,933,0.18178186176588093,8090.8257686802945,6,2374.5178460741613,2407.3211538279056
S2,qlearning,2,934,0.16093404859577154,10457.092575333138,4,3230.649103326181,3340.0
S2,qlearning,2,935,0.16273133375877472,10010.6,0,3533.7,3798.5
S2,qlearning,2,936,0.19765739385065886,8641.835148447672,1,2433.9681187581373,2494.8351484476716
S2,qlearning,2,937,0.17357421183138505,10746.24750360974,4,3504.5948853717996,3716.5
S2,qlearning,2,938,0.20566121185316233,8353.849999243012,3,2975.99999989,3157.5
S2,qlearning,2,939,0.16560509554140126,9529.829999865295,2,2835.6659999730587,2970.5
S2,qlearning,2,940,0.13730929264909847,12349.5,0,3683.6,3841.0
S2,qlearning,2,941,0.13761467889908258,10337.5,0,3015.4,3017.0
S2,qlearning,2,942,0.17546791443850268,10004.0499999,1,3422.0,3627.0
S2,qlearning,2,943,0.1303780964797914,9524.099999866885,2,2808.2,2860.0
S2,qlearning,2,944,0.07161458333333333,9729.5,0,3106.6,3345.5
S2,qlearning,2,945,0.12582056892778992,11843.229650948047,4,3190.6637208490456,3209.4546510613072
S2,qlearning,2,946,0.12094304960195959,10245.049999922223,1,3247.7999999999997,3438.0
S2,qlearning,2,947,0.13288504642971502,9597.129411634118,2,2980.5,3130.5
S2,qlearning,2,948,0.11585365853658537,10389.799998092609,5,3292.479998551087,3465.6999982209427
S2,qlearning,2,949,0.11702750146284377,12060.5,0,4066.3999999999996,4398.0
S2,qlearning,2,950,0.1440922190201729,10837.715324463661,7,2884.8476944972476,3078.784618154192
S2,qlearning,2,951,0.10299625468164794,10003.414583664346,5,2772.0,2850.5
S2,qlearning,2,952,0.108546303929651,12582.946421689965,9,3852.209862211238,4040.49357777986
S2,qlearning,2,953,0.09567901234567901,10977.5,0,3576.0,3846.5
S2,qlearning,2,954,0.14430960970810103,9805.870989139828,5,2912.479999924878,3064.0999999060978
S2,qlearning,2,955,0.13361926756845927,11542.89999978904,1,4851.799999999999,5468.0
S2,qlearning,2,956,0.13205282112845138,10267.835099041542,4,3219.7080793747896,3367.385099218487
S2,qlearning,2,957,0.13371394230769232,11886.22692239166,8,3895.8815383369233,4040.926922994632
S2,qlearning,2,958,0.14181152790484905,10757.0,0,3659.1,3910.5
S2,qlearning,2,959,0.09135027119611762,12502.874999841984,2,3792.974999968397,3931.5
S2,qlearning,2,960,0.13550667714061274,8566.603198796432,7,2802.4676921729833,2813.5846152162294
S2,qlearning,2,961,0.12673150604185088,12169.254651021241,2,3529.6537208169934,3793.254651021242
S2,qlearning,2,962,0.17427675148135238,8731.849999714816,1,2592.599999771852,2647.549999714815
S2,qlearning,2,963,0.15047021943573669,10878.930434657837,2,3510.3999999999996,3675.0
S2,qlearning,2,964,0.13729977116704806,9440.951549948571,5,2817.2999999999997,2976.5
S2,qlearning,2,965,0.1832262939176426,7998.0,0,2846.3999999999996,3143.5
S2,qlearning,2,966,0.1506288388417666,11238.149999840633,2,4056.879999931173,4423.599999913967
S2,qlearning,2,967,0.12128212532486284,10358.257321702651,9,2755.505857491593,2864.507321864491
S2,qlearning,2,968,0.14276228419654716,11120.754761289254,3,3332.8538092414024,3528.0547616392532
S2,qlearning,2,969,0.15875785066294487,9483.918962274196,6,2602.0719183343845,2641.0596152507765
S2,qlearning,2,970,0.1151414309484193,10106.453253089048,4,3579.890650646413,3873.0
S2,qlearning,2,971,0.11009982384028186,10913.52962951666,2,2972.023703613329,2999.0296295166613
S2,qlearning,2,972,0.1160337552742616,9812.485730892597,8,2589.4671460855416,2597.0999998223233
S2,qlearning,2,973,0.0935399006138556,13263.822793524052,5,3354.447499916717,3519.0
S2,qlearning,2,974,0.12816404998397948,9622.75,0,2737.95,2741.0
S2,qlearning,2,975,0.13834635416666666,11334.988496250327,4,4111.4932599488,4546.325934497892
S2,qlearning,2,976,0.11805355600345523,12161.514942378102,2,3686.0299999421595,3832.0999999276996
S2,qlearning,2,977,0.11135551278526258,12987.440908531435,7,3527.0481816338565,3531.649999816295
S2,qlearning,2,978,0.12252042007001167,10950.5,0,2771.2,2803.0
S2,qlearning,2,979,0.12248468941382328,11242.316395139083,7,3477.474999880734,3492.149999856148
S2,qlearning,2,980,0.12234385061171925,10296.96158491894,7,3132.8064774440663,3156.456934058533
S2,qlearning,2,981,0.14331210191082802,11364.316025446968,2,3535.182564084086,3880.853205105108
S2,qlearning,2,982,0.13813909177516673,10663.441071374153,1,3735.252857099322,3917.9410713741527
S2,qlearning,2,983,0.14473684210526316,9774.57173897241,3,3175.289999909465,3252.5499998868318
S2,qlearning,2,984,0.15870364183093885,9504.75,0,2645.35,2761.5
S2,qlearning,2,985,0.13446676970633695,10409.2973532359,6,2645.4540859959084,2666.507692224115
S2,qlearning,2,986,0.11995318899941486,11674.899999563671,6,3457.809999899332,3548.0999999185187
S2,qlearning,2,987,0.11228167452176324,12225.258586232201,7,3643.074656397234,3727.468320496542
S2,qlearning,2,988,0.18664383561643835,9067.8,0,2716.94,2842.3
S2,qlearning,2,989,0.1758879781420765,8497.19999952425,4,2589.419999975061,2671.0
S2,qlearning,2,990,0.1808590806330068,7533.75,0,2253.7,2363.75
S2,qlearning,2,991,0.1687170474516696,8638.3999998809,2,2757.5,2948.5
S2,qlearning,2,992,0.1416515973477999,9788.423076653798,4,2656.4823074981473,2752.6628202789793
S2,qlearning,2,993,0.16840687100033683,9176.564102349186,4,2649.4,2771.0
S2,qlearning,2,994,0.20221289584128196,8351.549999928038,1,2787.5099999856075,3009.5
S2,qlearning,2,995,0.12660158633312996,10916.873695756194,10,2930.8199998752375,2964.6499998440468
S2,qlearning,2,996,0.14682664982633406,11647.678152579592,7,3880.7425222887136,4008.1281529259786
S2,qlearning,2,997,0.12384322264561785,13032.549273510123,9,4154.4474222168865,4277.762612495268
S2,qlearning,2,998,0.1676923076923077,8732.5,0,2479.4,2572.5
S2,qlearning,2,999,0.09698825931597754,12449.18333324453,2,3363.6,3473.5
S2,qlearning,2,1000,0.14074836937864743,10723.049999925961,1,4344.599999999999,4628.5
S2,qlearning,2,1001,0.14344868382135462,11029.881185087352,6,3641.526236862657,3757.2499997419777
S2,qlearning,2,1002,0.14586943963027152,11109.165216922649,7,3359.559999950851,3534.574999938564
S2,qlearning,2,1003,0.15783021759117377,11159.33124859182,7,3292.2399996225363,3379.7499998334097
S2,qlearning,2,1004,0.16100495399858458,8275.680487340132,5,2487.084389928106,2596.2304874101324
S2,qlearning,2,1005,0.14685792349726776,9646.731379880011,4,2725.3462759760023,2815.0
S2,qlearning,2,1006,0.16286035192811682,8958.826549408139,6,3274.235309597201,3417.649999432222
S2,qlearning,2,1007,0.1507537688442211,8924.879216315843,9,2583.574999967458,2682.5
S2,qlearning,2,1008,0.1340149212489638,11548.599999921025,1,3352.1799999368204,3548.5999999210258
S2,qlearning,2,1009,0.14159848961611077,9710.372647622022,10,2650.6995310314223,2680.42499978786
S2,qlearning,2,1010,0.12205628948879954,11352.450734973729,4,3741.160588111141,3972.300735162692
S2,qlearning,2,1011,0.11836441893830703,10240.497169212418,4,3032.969999995276,3229.0
S2,qlearning,2,1012,0.09016672337529771,10473.099999839167,2,3059.7,3127.0
S2,qlearning,2,1013,0.14356870788162907,10516.490591095668,4,3057.749999896304,3258.5499998850746
S2,qlearning,2,1014,0.0959166895039737,11368.5,0,3265.5,3402.0
S2,qlearning,2,1015,0.07547169811320754,10216.372042670258,4,3071.7099999755555,3129.0
S2,qlearning,2,1016,0.15673981191222572,8873.4499997966,2,2395.759999973448,2456.0
S2,qlearning,2,1017,0.11394838001098298,12414.74143008132,9,3785.8333331037975,4044.166666379747
S2,qlearning,2,1018,0.1188750362423891,12181.210518777872,4,3401.7437704705244,3423.9
S2,qlearning,2,1019,0.13371394230769232,9759.599999812195,2,2682.2999999999997,2749.0
S2,qlearning,2,1020,0.11225055432372505,10652.5,0,3060.8999999999996,3251.0
S2,qlearning,2,1021,0.14155712841253792,9130.018975866938,12,2613.265950311567,2730.552660846136
S2,qlearning,2,1022,0.1264591439688716,10041.549999951572,1,2609.2,2641.0
S2,qlearning,2,1023,0.15862524785194976,10401.799999878212,2,2823.879999902571,2834.8499998782136
S2,qlearning,2,1024,0.15031645569620253,9227.2,0,3222.5,3466.0
S2,qlearning,2,1025,0.17022817819630567,7435.349999929358,1,2116.7,2201.0
S2,qlearning,2,1026,0.14174822814714816,8557.181578896003,1,2565.9452631168024,2708.181578896003
S2,qlearning,2,1027,0.13118664281454978,10963.722288983441,3,3433.4778311867535,3546.722288983442
S2,qlearning,2,1028,0.12418075198344257,9848.317582715099,9,2779.0395312983783,2894.409677314038
S2,qlearning,2,1029,0.1656726308813784,9734.099999925962,1,2673.419999985192,2731.0
S2,qlearning,2,1030,0.15919205751454982,8703.741527335189,5,2480.209999988062,2573.5
S2,qlearning,2,1031,0.13945471638984644,9835.9,0,2933.4,2982.5
S2,qlearning,2,1032,0.14146177164028292,9435.599999859267,2,3028.1099999885923,3198.0
S2,qlearning,2,1033,0.17497348886532343,8874.883333240563,1,2583.9666666666662,2604.333333333333
S2,qlearning,2,1034,0.1389776357827476,8630.847655929058,5,2194.188124868409,2215.1976561376623
S2,qlearning,2,1035,0.15599070693660802,9225.25,0,2994.6,3252.75
S2,qlearning,2,1036,0.11359894632861377,9196.09999985999,2,2587.809999981446,2664.5
S2,qlearning,2,1037,0.11579285944033452,10774.371850139034,3,2899.4999998428602,3003.6249998035755
S2,qlearning,2,1038,0.13224821973550355,9186.756187618508,5,2729.164950104553,2733.6895209680856
S2,qlearning,2,1039,0.10910330719399931,9375.64999986019,2,3056.0899999228886,3274.599999918085
S2,qlearning,2,1040,0.11998567335243553,9752.299999392191,6,3092.1699997764185,3223.499999726428
S2,qlearning,2,1041,0.13448894202032277,9873.699999936363,1,2975.3599999490907,3074.6999999363634
S2,qlearning,2,1042,0.11079845233907844,7904.549999918947,1,2272.4099999837895,2342.5
S2,qlearning,2,1043,0.04036326942482341,10550.333333333334,0,3200.9999999999995,3495.0
S2,qlearning,2,1044,0.12388059701492538,11699.166666666666,0,3194.5,3357.0
S2,qlearning,2,1045,0.06935687263556116,10777.286903058928,5,3705.519522458989,3936.9369030786725
S2,qlearning,2,1046,0.0771366862079605,11356.649999812718,3,3400.6799998917963,3630.5999998647458
S2,qlearning,2,1047,0.1325556733828208,8672.624999851923,1,2479.8399999526155,2554.0249999703847
S2,qlearning,2,1048,0.10191082802547771,9822.975846259733,5,2980.084886219464,3015.282861612529
S2,qlearning,2,1049,0.11770860580695788,11233.0,0,2864.8,2893.5
S2,qlearning,2,1050,0.1324266284896206,8236.18521724181,9,2206.6302818293047,2261.0
S2,qlearning,2,1051,0.11188607962801511,13117.574999753308,3,3574.6399999156165,3705.0499998945206
S2,qlearning,2,1052,0.13231631382316314,10559.953640726075,1,3200.4,3294.0
S2,qlearning,2,1053,0.1718494271685761,9233.66232644829,3,2775.4,2882.0
S2,qlearning,2,1054,0.18271257905832747,9373.5,0,3237.2999999999997,3374.0
S2,qlearning,2,1055,0.1074477480129526,10043.367955049955,5,2716.6066270766028,2779.0082838457533
S2,qlearning,2,1056,0.16242464835900872,9518.330132106867,4,3824.5041058464017,4232.130132308002
S2,qlearning,2,1057,0.14976542764345002,9052.174999824663,2,2696.2199998597307,2836.2749998246636
S2,qlearning,2,1058,0.10787486515641856,8842.599999802564,1,2711.22,2817.4
S2,qlearning,2,1059,0.11289770783441669,9518.873584773493,2,3052.2688678586214,3260.8235848398717
S2,qlearning,2,1060,0.12887344338256587,10661.5,0,3244.02,3477.0
S2,qlearning,2,1061,0.18496884735202493,7831.174999768109,3,2262.824999966784,2293.0
S2,qlearning,2,1062,0.12025745257452575,10968.599999855396,2,3032.019999971079,3096.0
S2,qlearning,2,1063,0.17079121645172535,10420.762426946463,6,3171.5124853496927,3295.9999999083334
S2,qlearning,2,1064,0.11556764106050306,8745.717415357936,5,2636.4,2640.0
S2,qlearning,2,1065,0.07348530293941212,11362.092635691673,15,3568.923327118248,3609.149999786696
S2,qlearning,2,1066,0.08584961515689757,11622.341588272891,7,3635.3616136520704,3823.0
S2,qlearning,2,1067,0.10737496467928793,13230.07988475437,4,5150.723907851999,5813.029884815
S2,qlearning,2,1068,0.15625,9789.710754138501,5,3145.1825675258483,3257.5
S2,qlearning,2,1069,0.15852047556142668,10458.641833146448,6,3798.253466581574,4247.941833226968
S2,qlearning,2,1070,0.13983840894965818,10738.367646472736,11,3222.574117878848,3233.4176474011115
S2,qlearning,2,1071,0.15263781861292236,11292.0,0,3846.9999999999995,4185.5
S2,qlearning,2,1072,0.19877123238164077,8562.09999989265,2,2302.01999997853,2307.0
S2,qlearning,2,1073,0.13442431326709525,11597.9,0,3590.0,3639.5
S2,qlearning,2,1074,0.18169805087545424,9870.849999790937,2,2508.339999922025,2520.7999999025315
S2,qlearning,2,1075,0.17824497257769653,8708.5,0,2308.4,2349.0
S2,qlearning,2,1076,0.1432129514321295,11795.5,0,3155.0,3261.0
S2,qlearning,2,1077,0.14940828402366865,10598.24999955963,3,3238.7999999999997,3369.5
S2,qlearning,2,1078,0.1393141457440294,10174.69999983242,3,2587.3399999664844,2588.0
S2,qlearning,2,1079,0.14856738592147153,9794.249999632371,4,3877.0999998979987,4253.099999910465
S2,qlearning,2,1080,0.11572856391372961,12940.5,0,3262.0,3270.0
S2,qlearning,2,1081,0.12365250475586556,9917.199999751314,4,2731.369999910089,2848.5499999330436
S2,qlearning,2,1082,0.1506849315068493,11632.50044557507,2,3473.900089115014,3592.5
S2,qlearning,2,1083,0.13633834168057873,9862.299999719182,3,2437.409999990375,2459.0
S2,qlearning,2,1084,0.14307931570762053,11466.349999945774,1,3768.2599999999998,3949.5
S2,qlearning,2,1085,0.1772421127259837,8726.5,0,2443.0,2482.5
S2,qlearning,2,1086,0.17748296880602366,9148.99999993889,1,2482.5,2532.5
S2,qlearning,2,1087,0.17371060171919772,8715.049999922223,1,2457.7099999844445,2464.0
S2,qlearning,2,1088,0.1123076923076923,10290.359614757645,8,2635.639999884945,2692.799999856182
S2,qlearning,2,1089,0.15241057542768274,9160.533197497316,5,2720.786558045978,2870.4831975574725
S2,qlearning,2,1090,0.14544885830466062,10816.149999870224,1,3439.3849999264603,3511.099999913483
S2,qlearning,2,1091,0.14760147601476015,9495.1,0,2780.92,2893.9
S2,qlearning,2,1092,0.09809050483913158,13546.799999946528,1,3179.9,3258.0
S2,qlearning,2,1093,0.11697660467906419,12958.551347725308,4,4121.511078241037,4135.501347826625
S2,qlearning,2,1094,0.10122107969151671,11435.5,0,3872.1,4133.5
S2,qlearning,2,1095,0.09565745520801701,10572.0,0,3388.2,3599.5
S2,qlearning,2,1096,0.1226468910439247,11776.640980095057,4,3587.6281960190113,3711.5
S2,qlearning,2,1097,0.17628911414720141,6118.189540249209,8,1676.021199301813,1723.2764991272666
S2,qlearning,2,1098,0.15476190476190477,9102.779835873833,8,2845.2402976922394,2971.040550862455
S2,qlearning,2,1099,0.13136288998357964,10292.0,0,2959.2999999999997,3201.5
S2,qlearning,2,1100,0.1431153962036758,10743.607471222658,1,3559.0,3729.5
S2,qlearning,2,1101,0.1519949335022166,11452.10867631349,6,3638.0876818729866,3639.6099110171476
S2,qlearning,2,1102,0.15753199868723333,12332.148338634139,3,3279.8461971644633,3329.0
S2,qlearning,2,1103,0.16615279205207262,10020.3,0,3869.3999999999996,4284.5
S2,qlearning,2,1104,0.15654060756354618,9609.749999861704,2,2744.4,2837.0
S2,qlearning,2,1105,0.1737381126554499,8465.620277314789,6,2631.65622198872,2805.5702774859005
S2,qlearning,2,1106,0.17477477477477477,9549.617661070337,7,4369.724128995917,4948.867661303084
S2,qlearning,2,1107,0.16134946828016136,9001.774999559268,4,2825.5449997355554,2855.549999675614
S2,qlearning,2,1108,0.18980667838312829,7541.568320363964,3,1849.473664085626,1861.0
S2,qlearning,2,1109,0.16974389517569982,9990.0,0,3104.6,3325.5
S2,qlearning,2,1110,0.11710643344203973,11487.91269760898,14,3516.4688905497514,3703.4094968650516
S2,qlearning,2,1111,0.14597315436241612,9126.2,0,3544.4999999999995,3956.0
S2,qlearning,2,1112,0.14792899408284024,9505.099999815418,2,3501.3399999999992,3968.7
S2,qlearning,2,1113,0.17055655296229802,8903.535648984871,7,2704.7159320497567,2895.394915062196
S2,qlearning,2,1114,0.16250427642832707,10229.599999571237,2,3668.7,3921.0
S2,qlearning,2,1115,0.1673443853612762,10492.649999694026,4,3244.399999879193,3536.624999848991
S2,qlearning,2,1116,0.12802275960170698,11278.649999803585,3,3920.2,4276.5
S2,qlearning,2,1117,0.11281729865246004,10746.615728351231,5,4041.8873828792666,4413.273728681701
S2,qlearning,2,1118,0.14514514514514515,8252.785816466294,8,2472.5194927730995,2546.2220429738063
S2,qlearning,2,1119,0.154407636159461,11521.549999913483,1,3974.5,4128.0
S2,qlearning,2,1120,0.13408820023837903,10960.149878676948,7,3598.37984708128,3798.360747503724
S2,qlearning,2,1121,0.1369625520110957,9767.860987914852,8,4123.205714074216,4708.257142592771
S2,qlearning,2,1122,0.12623152709359606,10608.156897362871,7,2830.0655179926407,2864.406897507254
S2,qlearning,2,1123,0.16367137355584083,10922.25,0,3192.6,3223.25
S2,qlearning,2,1124,0.15674477517416086,9133.0,0,2861.0,3068.0
S2,qlearning,2,1125,0.16892958635933059,9086.049999925961,1,2822.209999985192,2980.0
S2,qlearning,2,1126,0.15240328253223914,10344.604310202416,2,3390.1434482296254,3677.054310287032
S2,qlearning,2,1127,0.18208844295800816,8245.5,0,2838.2,3071.0
S2,qlearning,2,1128,0.16500622665006226,9745.623683915992,4,2644.1,2708.0
S2,qlearning,2,1129,0.15442690459849004,9164.87499972597,3,2662.5999998770258,2664.124999846282
S2,qlearning,2,1130,0.16134134767478647,10977.6,0,3445.2799999999997,3710.1
S2,qlearning,2,1131,0.13751199232491207,10041.89674163965,5,2995.475060170214,3029.025075218783
S2,qlearning,2,1132,0.18345323741007194,8371.62499974593,2,2712.414999985,2749.0
S2,qlearning,2,1133,0.16223733003708282,8691.5,0,2183.3,2208.0
S2,qlearning,2,1134,0.1721277478224803,8159.8080774019045,10,2569.0426591924384,2674.053323990548
S2,qlearning,2,1135,0.176450034940601,7668.4,0,2121.92,2178.4
S2,qlearning,2,1136,0.1457774798927614,11371.4,0,3279.2,3332.0
S2,qlearning,2,1137,0.1986644407345576,8329.25,0,2262.65,2279.0
S2,qlearning,2,1138,0.14814814814814814,11300.556185374253,3,4357.0612370938625,4810.0
S2,qlearning,2,1139,0.1534526854219949,11766.28749960144,5,4403.449999749602,4876.187499687003
S2,qlearning,2,1140,0.19741439552760306,9188.5,0,2661.7,2693.0
S2,qlearning,2,1141,0.11854741896758704,10546.078305620415,13,2617.4247883148514,2626.98758036001
S2,qlearning,2,1142,0.18839487565938207,8389.949999812196,1,2630.109999962439,2676.5
S2,qlearning,2,1143,0.1308497536945813,12866.317837359818,7,3697.756269936145,3728.487837440302
S2,qlearning,2,1144,0.14572538860103626,10596.299999235955,6,3610.8699998713605,3818.5499999490066
S2,qlearning,2,1145,0.11941212492345377,10159.832097892717,2,2698.58,2855.6
S2,qlearning,2,1146,0.14521553041883217,10979.5,0,2743.0,2762.5
S2,qlearning,2,1147,0.13901905654482974,10917.849999881539,1,3559.2999999999997,3727.0
S2,qlearning,2,1148,0.06543385490753911,11231.5,0,3288.4,3357.0
S2,qlearning,2,1149,0.09810791871058164,8531.649999502937,3,2954.419999923234,3238.5
S2,qlearning,2,1150,0.09019741320626276,8971.949999941222,1,2302.8,2327.0
S2,qlearning,2,1151,0.12696882031501125,10005.496960547021,8,3364.3788872497057,3662.1470587356052
S2,qlearning,2,1152,0.08838821490467938,9354.443420582369,5,2924.03999995403,2984.0499999425374
S2,qlearning,2,1153,0.0985691573926868,9388.799999553712,6,2635.1199998273423,2696.099999861
S2,qlearning,2,1154,0.139186295503212,8551.571495215096,4,2544.5642991022496,2583.0
S2,qlearning,2,1155,0.13622974963181148,7459.299999290491,6,2116.619999767501,2195.099999849005
S2,qlearning,2,1156,0.11715360138848713,10749.080850663988,5,2906.7999999999997,3085.0
S2,qlearning,2,1157,0.17729158807996984,8492.049999893055,1,3323.8999999999996,3689.5
S2,qlearning,2,1158,0.150476758045292,9893.449999953049,1,2853.22999999061,2937.9
S2,qlearning,2,1159,0.13030746705710103,11151.75561072879,8,3238.9210859481627,3493.2332729649142
S2,qlearning,2,1160,0.10678391959798995,10889.499999691352,3,3141.8499999382702,3216.0
S2,qlearning,2,1161,0.11151197113807806,10611.297916451373,2,3369.4983332950114,3559.7479166187645
S2,qlearning,2,1162,0.16545233758348513,9795.0,0,3304.7,3606.0
S2,qlearning,2,1163,0.1198681450404555,10384.852590388391,4,3032.2105181277693,3189.5
S2,qlearning,2,1164,0.15354747617366749,9026.5,0,3025.0,3235.0
S2,qlearning,2,1165,0.10327868852459017,9948.623844364447,9,2595.547017483849,2617.5
S2,qlearning,2,1166,0.13840279987273305,10120.095590753845,12,3374.01760028607,3659.3954540477766
S2,qlearning,2,1167,0.10327868852459017,9973.55942611969,2,2766.5475408957523,2881.55942611969
S2,qlearning,2,1168,0.10103845074375527,12508.549999953333,1,4113.9,4244.5
S2,qlearning,2,1169,0.09715025906735751,9653.5,0,2654.9,2713.5
S2,qlearning,2,1170,0.14271490209093926,9263.4,0,3046.3999999999996,3343.0
S2,qlearning,2,1171,0.1319769040417927,12516.66166652665,2,3289.5473332942775,3299.0249999815787
S2,qlearning,2,1172,0.12746858168761221,10852.415822137065,6,3180.5026579477753,3286.8158225271477
S2,qlearning,2,1173,0.17795637198622274,8954.018556420173,3,2892.39551526415,3157.1123708887617
S2,qlearning,2,1174,0.14626391096979333,10858.25,0,3105.25,3168.0
S2,qlearning,2,1175,0.14262820512820512,9823.5,0,3743.2,4188.5
S2,qlearning,2,1176,0.13726095003084515,12081.97499926786,6,4371.67999991841,4884.57499992351
S2,qlearning,2,1177,0.12243174781874472,12625.79999949479,6,4486.479999765637,4900.974999707047
S2,qlearning,2,1178,0.1381639545594105,11207.466927447364,8,3120.0665384147646,3224.5
S2,qlearning,2,1179,0.13548573075814355,11272.372799089575,6,3441.4945598466998,3574.0
S2,qlearning,2,1180,0.13564668769716087,9955.14999979362,2,3030.5199998348967,3167.1499997936207
S2,qlearning,2,1181,0.15392781316348195,8172.5,0,2543.3999999999996,2735.5
S2,qlearning,2,1182,0.12982900569981,11096.587041966124,6,2668.850485290232,2700.5999998556745
S2,qlearning,2,1183,0.15849182515849183,9047.0,0,2570.5,2653.5
S2,qlearning,2,1184,0.11356155365371955,9798.5,0,2966.6,2995.5
S2,qlearning,2,1185,0.15183723048891587,10163.2,0,3613.2599999999998,3830.2
S2,qlearning,2,1186,0.13599731363331094,9417.049999908333,1,2384.5,2397.5
S2,qlearning,2,1187,0.10957138253303254,9762.049999942104,1,2870.2,2940.0
S2,qlearning,2,1188,0.15594917212167886,9686.566666666666,0,3401.0799999999995,3822.0
S2,qlearning,2,1189,0.11013215859030837,11590.11466819423,12,3255.448592181701,3299.4064896880536
S2,qlearning,2,1190,0.11937557392102846,9765.576283547634,5,2868.9508122980787,2979.5
S2,qlearning,2,1191,0.12305889246996778,11333.74999948232,6,3043.3299998451275,3093.649999841409
S2,qlearning,2,1192,0.10756302521008404,10870.43333322174,1,3180.786666666667,3323.7333333333336
S2,qlearning,2,1193,0.12563613231552162,11386.970650577865,7,3266.3249991538955,3394.1499989479653
S2,qlearning,2,1194,0.13897467572575664,11221.374999880323,2,3452.3749999760644,3566.5
S2,qlearning,2,1195,0.13052208835341367,11981.0,0,3767.6,3842.0
S2,qlearning,2,1196,0.15121951219512195,10574.9,0,3705.62,4029.4
S2,qlearning,2,1197,0.12932377687753194,10690.8,0,3258.34,3456.3
S2,qlearning,2,1198,0.14487870619946092,8541.549999925961,1,2733.339999940769,2831.0499999259614
S2,qlearning,2,1199,0.13535820402773194,11710.25,0,4641.5,5199.5
S2,qlearning,2,1200,0.1363008971704624,9908.392582445998,6,3292.7851305500344,3553.5837245629777
S2,qlearning,2,1201,0.10858835143139191,9627.0,0,3008.7,3208.0
S2,qlearning,2,1202,0.09053497942386832,13310.873756590003,4,3536.959005331809,3552.573756664761
S2,qlearning,2,1203,0.13957055214723926,10003.5,0,2936.6,2973.0
S2,qlearning,2,1204,0.13343328335832083,9721.399999909412,1,2436.279999981882,2465.5
S2,qlearning,2,1205,0.12264150943396226,11297.970551212857,5,3420.096440986756,3526.370551233445
S2,qlearning,2,1206,0.12775842044134728,9949.0,0,2485.5,2499.5
S2,qlearning,2,1207,0.09027557808045612,10912.51265778473,5,3185.0225316100064,3421.5
S2,qlearning,2,1208,0.0984936268829664,11922.5,0,3712.2,3904.0
S2,qlearning,2,1209,0.15560875512995895,8848.209614754483,6,2728.219999822235,2828.3999997777937
S2,qlearning,2,1210,0.15051903114186851,8901.447711881685,8,3014.9395423112564,3173.099999836923
S2,qlearning,2,1211,0.17195261750095528,7944.0,0,2304.56,2426.7
S2,qlearning,2,1212,0.16435106743476788,9756.13333315539,2,2497.116666618965,2497.816666646478
S2,qlearning,2,1213,0.11942174732872407,10765.62592824965,7,3892.250975148757,4268.049999952761
S2,qlearning,2,1214,0.11244608749229822,10948.29829801019,7,2707.5161512361324,2724.4935586150455
S2,qlearning,2,1215,0.15659955257270694,9905.7,0,2574.4,2594.0
S2,qlearning,2,1216,0.16202821197102554,8937.324999275914,4,2516.049999936558,2580.024999978125
S2,qlearning,2,1217,0.14669249930805425,12055.049999957693,1,3552.4099999915384,3842.0
S2,qlearning,2,1218,0.12888198757763975,11903.19999934381,5,3666.7299999022225,3672.599999877778
S2,qlearning,2,1219,0.09163802978235967,8371.674999673447,4,2166.3349999103425,2178.099999894521
S2,qlearning,2,1220,0.07731192387749034,10721.562499562251,5,3458.3724999916517,3672.0
S2,qlearning,2,1221,0.16302462712452306,9236.675999819563,2,2767.1,2777.5
S2,qlearning,2,1222,0.1392757660167131,8848.176678912023,8,2819.7553357422307,2874.1999999330437
S2,qlearning,2,1223,0.13629160063391443,9730.199999332965,3,2369.0,2408.0
S2,qlearning,2,1224,0.13777955271565495,7833.4,0,2794.0,2974.5
S2,qlearning,2,1225,0.13234721681588166,9410.999999721944,2,2831.809999978611,3003.0
S2,qlearning,2,1226,0.16479894528675015,10053.557747668054,7,3278.5762551831262,3342.4411760825265
S2,qlearning,2,1227,0.15059275873117592,10154.29728890333,3,2752.2644577831657,2771.524999975
S2,qlearning,2,1228,0.11917960088691797,10736.304650918226,4,3088.6,3274.0
S2,qlearning,2,1229,0.15055202408832385,10734.42564085937,2,2936.840512687497,3059.175640859371
S2,qlearning,2,1230,0.13911290322580644,7251.9,0,1981.3999999999999,2043.0
S2,qlearning,2,1231,0.14773473407747867,10031.0,0,4284.2,4677.0
S2,qlearning,2,1232,0.14531936465021966,9068.0,0,2463.8,2476.0
S2,qlearning,2,1233,0.1386388188692834,8980.199999936538,1,1996.1599999873076,2001.5
S2,qlearning,2,1234,0.14800952705001702,9717.942919661678,5,3038.3541718371303,3146.755214796413
S2,qlearning,2,1235,0.1810477657935285,7793.2,0,2202.48,2291.5
S2,qlearning,2,1236,0.15491295367365004,10427.31644273813,3,3487.0632885079694,3725.0999999339056
S2,qlearning,2,1237,0.13250587051325058,10507.739844919744,7,3954.9518760940446,4404.839845183494
S2,qlearning,2,1238,0.1570827489481066,11246.12022001618,3,3374.4399999465895,3402.299999933237
S2,qlearning,2,1239,0.1360544217687075,11765.434898908778,5,3355.6661800722763,3524.582725090346
S2,qlearning,2,1240,0.15822784810126583,9139.837036907647,1,2629.8674073815296,2700.0
S2,qlearning,2,1241,0.15450361604207757,10354.663744041933,4,3064.959999988545,3356.0
S2,qlearning,2,1242,0.1470168427062518,10619.5,0,2851.9,2915.0
S2,qlearning,2,1243,0.1707167025530606,9816.362686307679,3,3579.8099999871665,3963.5
S2,qlearning,2,1244,0.12793497892835642,11676.47933018603,5,3694.1,3917.75
S2,qlearning,2,1245,0.14645072363886974,8539.89796709889,4,2114.6495932227604,2120.949999671637
S2,qlearning,2,1246,0.14021479713603818,11558.3,0,4453.2,4928.0
S2,qlearning,2,1247,0.13491547464239273,9768.149997873845,4,3012.6799999396076,3158.5999999245096
S2,qlearning,2,1248,0.16747376916868442,7678.168420519172,5,1968.4186841723463,1991.0
S2,qlearning,2,1249,0.1413011480718281,11386.801905910022,4,3801.357653853928,4046.645454425001
S2,qlearning,2,1250,0.14945250073986385,11186.75,0,3054.4,3068.5
S2,qlearning,2,1251,0.16866330390920556,9705.59999993937,1,3219.159999987874,3474.9
S2,qlearning,2,1252,0.14192139737991266,10931.474999633056,3,3266.21499972036,3331.1999996562486
S2,qlearning,2,1253,0.15208034433285508,11662.5,0,3520.7,3624.0
S2,qlearning,2,1254,0.1858799454297408,9688.5,0,3355.6,3672.0
S2,qlearning,2,1255,0.1834698966868543,8671.9,0,2681.4,2809.0
S2,qlearning,2,1256,0.16318537859007834,10203.15,0,2926.12,3122.4
S2,qlearning,2,1257,0.1811248808388942,10483.099999823928,2,2784.2799998591413,2822.0999998239267
S2,qlearning,2,1258,0.16705403834979662,10608.0,0,2984.2,3093.5
S2,qlearning,2,1259,0.16631652661064425,10152.5,0,2898.9,2973.0
S2,qlearning,2,1260,0.16612377850162866,11582.0,0,3150.6,3255.0
S2,qlearning,2,1261,0.14514218009478674,10896.0,0,2957.0,2975.0
S2,qlearning,2,1262,0.13849543594586086,9846.66572298047,3,3072.609999981882,3238.0
S2,qlearning,2,1263,0.18798254447801277,10353.7,0,4358.0,4932.0
S2,qlearning,2,1264,0.1480763908109604,10861.3,0,3047.1,3132.0
S2,qlearning,2,1265,0.1528721432983323,10112.525802139255,6,2839.9097328577523,2958.51216607219
S2,qlearning,2,1266,0.13209393346379647,9055.460122900078,8,3132.2673075778193,3262.049999942963
S2,qlearning,2,1267,0.12337217272104181,8704.208943001384,2,2544.367154401107,2632.7089430013843
S2,qlearning,2,1268,0.0907258064516129,12570.746551278871,8,3654.3999999999996,3863.0
S2,qlearning,2,1269,0.12439320388349515,10778.349999839167,2,3642.1,3766.75
S2,qlearning,2,1270,0.16851918250268913,8937.737207314549,8,2655.334838520805,2663.4185481510062
S2,qlearning,2,1271,0.14675966288869516,10583.0,0,2922.7999999999997,3053.0
S2,qlearning,2,1272,0.13086642599277978,11697.47207170545,5,3121.0744143612205,3192.0
S2,qlearning,2,1273,0.1147842056932966,10240.699999426477,4,3116.2999999999997,3225.5
S2,qlearning,2,1274,0.10191082802547771,11113.84255294641,3,3567.8199999418866,3733.8999999273587
S2,qlearning,2,1275,0.17055342847198052,8359.8552144761,3,2441.461042909479,2496.0
S2,qlearning,2,1276,0.1545778834720571,10282.104650806084,5,3335.1737207747415,3433.7546510225416
S2,qlearning,2,1277,0.16239850093691444,9900.624848328767,7,3249.924969705445,3501.5
S2,qlearning,2,1278,0.14135959339263024,9185.8,0,2694.2,2809.5
S2,qlearning,2,1279,0.1497005988023952,9547.49160740529,15,3167.245382155382,3417.464470380786
S2,qlearning,2,1280,0.16154830454254637,10164.549999942537,1,2854.73999995403,2904.5499999425374
S2,qlearning,2,1281,0.15244841392054204,10055.0,0,2897.9,3020.5
S2,qlearning,2,1282,0.15833333333333333,9029.052995124497,9,2714.6029297210184,2817.253662151273
S2,qlearning,2,1283,0.1667251667251667,9511.560293708613,5,3084.328235082719,3253.660293853399
S2,qlearning,2,1284,0.16474976686353746,11310.299999831706,2,3630.8199999808694,3893.5
S2,qlearning,2,1285,0.15503875968992248,10545.182986213042,4,3733.096597260108,4063.0
S2,qlearning,2,1286,0.14160021996150673,11495.982122750378,9,3215.3111626332934,3307.263953291617
S2,qlearning,2,1287,0.13230970271153217,11465.399999856218,2,3302.4799998849744,3476.0999998562183
S2,qlearning,2,1288,0.1713747645951036,8587.52894304901,6,2543.023154495895,2560.5289431434885
S2,qlearning,2,1289,0.17728055077452667,9490.044117217301,5,3329.749999963807,3642.0
S2,qlearning,2,1290,0.17431826026924405,10405.22058614135,7,2962.3650630426064,3047.9249997287066
S2,qlearning,2,1291,0.1729106628242075,9209.874122085565,8,2465.7799998326914,2568.149999790864
S2,qlearning,2,1292,0.1366120218579235,11263.424999789364,2,3042.4749998449206,3069.649999811747
S2,qlearning,2,1293,0.12324410283593958,12780.493933899694,6,3849.515147253797,3866.893934067246
S2,qlearning,2,1294,0.15608919382504288,9773.274999848541,3,2888.479999909855,3020.599999887319
S2,qlearning,2,1295,0.1960418222554145,7989.3,0,2027.3999999999999,2082.5
S2,qlearning,2,1296,0.15026065624041704,10699.0,0,3175.0499999999997,3352.0
S2,qlearning,2,1297,0.1606638418079096,8978.066666355138,4,2658.2933333005253,2717.6166666256568
S2,qlearning,2,1298,0.12001200120012001,9888.364099867857,14,3214.622248352774,3444.8191859323724
S2,qlearning,2,1299,0.11051574012056263,8818.049999699084,3,2496.14,2528.5
S2,qlearning,2,1300,0.13584439641864773,9537.0,0,2461.4,2484.0
S2,qlearning,2,1301,0.2012987012987013,7651.2,0,2310.1,2330.5
S2,qlearning,2,1302,0.13133208255159476,10656.047873804551,7,3695.068299301283,3890.697874166708
S2,qlearning,2,1303,0.13042284459088413,11824.435424069408,7,3208.55304339398,3278.049999923
S2,qlearning,2,1304,0.15379786566227244,10990.54999974259,3,3419.0199997940726,3466.149999742591
S2,qlearning,2,1305,0.15401036901494358,9455.5,0,2814.0,2947.0
S2,qlearning,2,1306,0.15456182472989197,10922.537930935601,1,3212.0303447484803,3354.0379309356003
S2,qlearning,2,1307,0.18838575872796406,9448.25,0,2478.0499999999997,2553.0
S2,qlearning,2,1308,0.16187704619861767,10028.10060450145,9,2949.0199999695105,3168.0
S2,qlearning,2,1309,0.15013648771610555,11066.049999925242,1,3860.7999999999997,4123.0
S2,qlearning,2,1310,0.14402094850160024,13007.25,0,3184.85,3218.0
S2,qlearning,2,1311,0.1658255227108868,9641.299999703373,3,3105.1999998343263,3158.2499997929076
S2,qlearning,2,1312,0.15702479338842976,10378.8,0,3747.2599999999998,4076.5
S2,qlearning,2,1313,0.16229956980836918,9228.740921794473,5,2775.35,2816.0
S2,qlearning,2,1314,0.1506804925469864,10081.299999859028,2,3608.179999971805,3965.0
S2,qlearning,2,1315,0.16989466530750935,9867.5,0,3224.4,3266.5
S2,qlearning,2,1316,0.15389408099688473,10556.897094905684,7,3394.619999974148,3656.5
S2,qlearning,2,1317,0.13591936469150886,11403.816789886265,12,3557.387263123942,3731.096430154543
S2,qlearning,2,1318,0.14257620452310718,10238.254650840065,3,2737.7399999553622,2747.5499999442027
S2,qlearning,2,1319,0.13491547464239273,10199.784482707348,1,3188.0,3342.5
S2,qlearning,2,1320,0.13606613847743712,10052.80933470835,10,2912.2826227723,3078.4782784799586
S2,qlearning,2,1321,0.11214953271028037,12174.24565198295,3,4246.719999999999,4445.25
S2,qlearning,2,1322,0.09259259259259259,13093.937499499527,6,4360.95749993743,4679.5
S2,qlearning,2,1323,0.08526383526383527,10254.090294196167,4,2946.4177777218406,2981.772222152301
S2,qlearning,2,1324,0.10330578512396695,9961.74999961123,5,2586.149999922246,2641.5
S2,qlearning,2,1325,0.12213285671730711,10571.403131396248,12,3602.6621948227375,3916.2999996397252
S2,qlearning,2,1326,0.0813244263723497,11526.165492698472,4,4141.642394274017,4513.515492890538
S2,qlearning,2,1327,0.07101086048454469,11643.556106653485,3,3396.359999968083,3497.4499999601035
S2,qlearning,2,1328,0.09744623655913978,10144.5,0,3413.7999999999997,3657.5
S2,qlearning,2,1329,0.1106395877538648,10831.049999925961,1,3493.7999999999997,3741.0
S2,qlearning,2,1330,0.1485313751668892,10362.199999497396,3,3737.179999894701,3873.599999868376
S2,qlearning,2,1331,0.12613981762917933,11133.95,0,3365.56,3462.2
S2,qlearning,2,1332,0.17826825127334464,9983.833333333334,0,3288.4666666666667,3362.8333333333335
S2,qlearning,2,1333,0.12225317239244816,11042.12499985554,2,3499.3999999999996,3704.5
S2,qlearning,2,1334,0.12684989429175475,10163.0,0,3103.1,3210.0
S2,qlearning,2,1335,0.1624087591240876,8415.40773188828,6,2404.409999978,2443.75
S2,qlearning,2,1336,0.12165450121654502,11857.238546848766,7,3302.9538632254753,3369.25
S2,qlearning,2,1337,0.09897723523589574,11179.865157610084,8,3728.6521262518063,4054.6651578441474
S2,qlearning,2,1338,0.12116564417177914,10798.224998833526,8,3213.2899999229803,3316.599999914917
S2,qlearning,2,1339,0.13927097661623108,10828.5,0,3682.5,3848.25
S2,qlearning,2,1340,0.13632232656770676,11623.25,0,3474.75,3572.5
S2,qlearning,2,1341,0.13433717153823443,11621.274999701403,3,3323.484999923399,3393.099999908876
S2,qlearning,2,1342,0.15555555555555556,10452.535264457701,5,3731.0110925680733,4025.8400661275555
S2,qlearning,2,1343,0.16405395552314983,10050.24595910608,4,4228.976767284864,4829.84595910608
S2,qlearning,2,1344,0.12049900765523107,11502.903711428202,3,3833.522969142561,4099.903711428202
S2,qlearning,2,1345,0.16511266511266512,8392.949999668224,3,2536.4399999802563,2611.5
S2,qlearning,2,1346,0.14093529788597053,9696.299999948322,1,2389.2,2389.75
S2,qlearning,2,1347,0.13288504642971502,11017.6,0,4333.299999999999,4865.0
S2,qlearning,2,1348,0.14185580774365822,9533.25,0,2679.9,2753.25
S2,qlearning,2,1349,0.14157973174366617,10862.307446219009,6,2806.4099998197375,2854.449999774672
S2,qlearning,2,1350,0.14018691588785046,9115.165884335345,16,2939.886053878649,3082.8770987141666
S2,qlearning,2,1351,0.13473606496862311,10144.933333159437,2,3678.9699999791887,3737.7
S2,qlearning,2,1352,0.12980445043830074,9175.00616142076,4,2611.9649292025742,2739.706161503218
S2,qlearning,2,1353,0.10472022507033447,10573.896078597438,8,3500.491191346424,3707.5199593782277
S2,qlearning,2,1354,0.1266294227188082,7455.802354523294,6,2430.9366664622926,2483.4208330778656
S2,qlearning,2,1355,0.11186770428015565,10317.053092747798,6,3499.960620133104,3765.0
S2,qlearning,2,1356,0.10564490696941028,10011.058997812206,4,3233.017198298913,3475.0089978941205
S2,qlearning,2,1357,0.10948905109489052,11626.883003949764,5,3091.706403159812,3119.3830039497648
S2,qlearning,2,1358,0.10058309037900874,11906.824415001882,3,4220.4849999338885,4578.599999922222
S2,qlearning,2,1359,0.09017713365539452,12038.5,0,3583.9,3665.0
S2,qlearning,2,1360,0.05581395348837209,9838.5,0,3025.4,3083.0
S2,qlearning,2,1361,0.12312120243044451,10897.38037352099,3,3049.109999828005,3050.4499997850066
S2,qlearning,2,1362,0.11535812672176309,10300.079430962242,5,3421.6489295908773,3549.1717389549576
S2,qlearning,2,1363,0.10676691729323308,10835.349999480253,6,3102.289999871119,3183.0499999412214
S2,qlearning,2,1364,0.11709932279909707,12836.074122401775,5,4443.61999995746,4914.25
S2,qlearning,2,1365,0.11706948640483383,9145.599999455555,2,2900.1,2998.5
S2,qlearning,2,1366,0.11746391168978206,12557.485293665954,6,3334.222058712635,3443.5999999077844
S2,qlearning,2,1367,0.14917127071823205,8501.918918544394,4,2482.8951349381823,2504.868918672728
S2,qlearning,2,1368,0.11174116077384923,10726.674999810546,2,2778.829999967142,2892.0249999748366
S2,qlearning,2,1369,0.1134185303514377,11272.248252056463,7,3065.7852685288954,3084.844085724251
S2,qlearning,2,1370,0.11835278858625162,10585.0,0,3183.2999999999997,3299.0
S2,qlearning,2,1371,0.1815068493150685,8932.3,0,2724.6,2899.5
S2,qlearning,2,1372,0.18297101449275363,8381.0,0,2369.2,2447.5
S2,qlearning,2,1373,0.11987860394537178,10963.150914386313,4,3248.6971828918927,3366.0
S2,qlearning,2,1374,0.13740704817329455,10736.592110089054,6,3097.0827509047435,3139.5999997701365
S2,qlearning,2,1375,0.15625,10068.799999942104,1,3973.609999988421,4436.75
S2,qlearning,2,1376,0.13898305084745763,10033.067931717549,3,3175.2385862993697,3298.174999926433
S2,qlearning,2,1377,0.1514224533496482,9506.599999711812,2,3263.7,3533.0
S2,qlearning,2,1378,0.15321154979375368,10735.25,0,2880.15,2928.5
S2,qlearning,2,1379,0.17994001999333556,8483.849999864537,2,2578.5099999871663,2734.75
S2,qlearning,2,1380,0.14126149802890933,10024.099999820386,2,3142.6099999867242,3220.5
S2,qlearning,2,1381,0.16552901023890784,8411.169036840925,7,2578.0520832499387,2705.5
S2,qlearning,2,1382,0.15635980323260718,9316.326230507218,5,2905.0697699044104,2908.9749999739865
S2,qlearning,2,1383,0.14701182486417386,9940.84901396788,3,3279.2698027935758,3453.0
S2,qlearning,2,1384,0.16818028927009754,9011.4,0,2404.62,2460.4
S2,qlearning,2,1385,0.1480836236933798,12657.6,0,4268.0199999999995,4584.5
S2,qlearning,2,1386,0.12942779291553133,13732.5,0,4032.8,4052.0
S2,qlearning,2,1387,0.16073871409028728,10091.9,0,3292.52,3544.4
S2,qlearning,2,1388,0.1357142857142857,11230.754431581148,7,2977.7812972989736,3014.0999999759374
S2,qlearning,2,1389,0.13423878711307644,10930.60366664437,6,3128.5707333131427,3132.4499999189475
S2,qlearning,2,1390,0.12641815235008103,9965.25,0,2851.2,2859.25
S2,qlearning,2,1391,0.1571338780641106,10823.5,0,4030.8999999999996,4278.0
S2,qlearning,2,1392,0.15736766809728184,10476.762928186732,5,3004.4,3087.5
S2,qlearning,2,1393,0.13057511737089203,10964.64999947177,4,3404.579999912769,3444.099999977219
S2,qlearning,2,1394,0.12016229712858927,10641.177216393262,11,3995.2774433603163,4421.636666491052
S2,qlearning,2,1395,0.1298523783488245,12148.349999889517,2,3508.4799999116135,3570.8499998895168
S2,qlearning,2,1396,0.16687857596948505,10181.917384856695,3,2997.3299999608635,3025.7874999510796
S2,qlearning,2,1397,0.16480099502487564,10375.959553834467,4,2707.2326432014106,2750.159554007201
S2,qlearning,2,1398,0.17476697736351532,10617.224991697265,7,3051.9199998821496,3129.874999872844
S2,qlearning,2,1399,0.17355085039916696,10070.0,0,3011.4,3126.0
S2,qlearning,2,1400,0.14203686914475672,10131.533332893005,4,2893.5199999812194,2898.0
S2,qlearning,2,1401,0.1492776886035313,10704.75,0,3134.7,3366.0
S2,qlearning,2,1402,0.16087278106508876,8527.166666666666,0,2317.0,2380.0
S2,qlearning,2,1403,0.1771117166212534,9179.097065453272,6,3371.2880262393505,3626.5
S2,qlearning,2,1404,0.1614010989010989,10508.074999932456,1,3163.8149999864913,3215.5
S2,qlearning,2,1405,0.14375561545372867,9676.949999787517,3,2380.0,2386.0
S2,qlearning,2,1406,0.15865227347072294,9720.0,0,2803.8,2811.0
S2,qlearning,2,1407,0.15265922521339462,10954.099992160007,2,3576.6399998879997,3802.54999986
S2,qlearning,2,1408,0.14082543223647517,11541.402779753334,6,3291.562567480568,3430.059459366932
S2,qlearning,2,1409,0.15413652091852784,10329.299999844698,2,2441.6,2468.0
S2,qlearning,2,1410,0.17297122534755902,9364.5,0,3537.9999999999995,3912.5
S2,qlearning,2,1411,0.17683322517845554,8242.09999972125,2,2076.2,2101.5
S2,qlearning,2,1412,0.11312217194570136,10954.282638138324,9,3366.797777587349,3437.7722220053406
S2,qlearning,2,1413,0.19564477713507997,8980.9,0,3064.2,3236.0
S2,qlearning,2,1414,0.15076157911097296,10331.312870287074,7,3021.2,3132.0
S2,qlearning,2,1415,0.1565825478868957,12930.95,0,4331.05,4589.25
S2,qlearning,2,1416,0.15279394644935973,11488.909458898528,7,3573.4518917352416,3721.1499998430304
S2,qlearning,2,1417,0.16860821581851626,10323.266666666666,0,3040.853333333333,3205.0
S2,qlearning,2,1418,0.1650860554970144,8984.556451569635,1,2826.211290313927,3037.0
S2,qlearning,2,1419,0.14784523435042465,10079.824999875893,2,2857.159999951623,2880.074999939529
S2,qlearning,2,1420,0.17433751743375175,9949.474999629998,4,2909.0949999259997,2932.0
S2,qlearning,2,1421,0.1550529004013134,8403.894101693955,7,2461.909999989,2563.5
S2,qlearning,2,1422,0.13778950454412195,12780.75,0,3811.45,3968.5
S2,qlearning,2,1423,0.1502651738361815,10924.158333004512,5,3200.2666664538274,3418.8333330672845
S2,qlearning,2,1424,0.13137557959814528,10485.274999499446,6,3170.0299998660557,3219.4749999202777
S2,qlearning,2,1425,0.1511703511053316,9750.764306748157,5,3363.576935451191,3651.55
S2,qlearning,2,1426,0.1619718309859155,10211.374999730606,2,3442.964999986647,3734.5
S2,qlearning,2,1427,0.15204485488126648,9350.099999862461,2,3280.2,3503.5
S2,qlearning,2,1428,0.11047345767575323,10417.633350154167,5,3150.6781088156213,3362.769064616869
S2,qlearning,2,1429,0.16281823564239195,10310.649999714547,3,3412.289999929859,3570.599999978249
S2,qlearning,2,1430,0.17299864314789687,9447.0,0,2770.4,2877.0
S2,qlearning,2,1431,0.1483050847457627,9960.999999834903,2,3127.85,3197.0
S2,qlearning,2,1432,0.14117282035370773,10586.75,0,2817.2,3022.75
S2,qlearning,2,1433,0.12048192771084337,11202.17807648133,6,3898.1017021431326,4145.010144723027
S2,qlearning,2,1434,0.15358993338267948,8783.299999766667,1,3166.3999999999996,3516.75
S2,qlearning,2,1435,0.13442521631644005,10597.939999839458,2,3206.211999967817,3258.3899999597716
S2,qlearning,2,1436,0.12215252558600198,10920.0,0,2865.4,2919.0
S2,qlearning,2,1437,0.11216566005176877,11228.5,0,3937.9999999999995,4338.5
S2,qlearning,2,1438,0.1322512774271115,10335.040475953272,5,3061.032380762618,3177.040475953272
S2,qlearning,2,1439,0.14948453608247422,9872.825727181122,6,2933.538274217371,3061.0552146352443
S2,qlearning,2,1440,0.1512576478585996,7956.749999907229,1,2015.8799999257833,2029.049999907229
S2,qlearning,2,1441,0.1458670988654781,10062.6,0,2795.08,2797.6
S2,qlearning,2,1442,0.19788401253918494,8164.5,0,2650.3999999999996,2834.5
S2,qlearning,2,1443,0.1396735718769617,10905.912427270157,12,2971.8239742454407,2973.7845132818293
S2,qlearning,2,1444,0.12812872467222886,11058.949999957576,1,3818.269999991515,3956.5
S2,qlearning,2,1445,0.13651365136513652,10594.813043351913,2,2927.2799999387066,3027.099999923383
S2,qlearning,2,1446,0.14647794601711653,9823.227467038414,3,3258.3983504624875,3481.421428424675
S2,qlearning,2,1447,0.12620754129012154,11281.857691960708,4,3345.081538376638,3567.849999974161
S2,qlearning,2,1448,0.16221374045801526,10178.57487425653,2,2693.1,2772.0
S2,qlearning,2,1449,0.1685565430585351,9248.0,0,2542.2,2592.0
S2,qlearning,2,1450,0.16408222142084386,8971.199999446546,4,3286.77999984748,3517.0999998093507
S2,qlearning,2,1451,0.17806267806267806,9480.5,0,3288.8999999999996,3474.5
S2,qlearning,2,1452,0.13855054811205847,11363.75,0,3508.3999999999996,3744.25
S2,qlearning,2,1453,0.1642641635936976,9886.05945934326,2,3129.9,3221.5
S2,qlearning,2,1454,0.12585456805469236,10254.318620538155,5,3144.8237240607273,3278.0999999218275
S2,qlearning,2,1455,0.16284479893652376,11353.25,0,3734.0999999999995,4065.0
S2,qlearning,2,1456,0.14470013947001395,9995.30615586866,10,3303.7999999999997,3573.5
S2,qlearning,2,1457,0.10583707504810776,9700.5,0,2502.7,2554.5
S2,qlearning,2,1458,0.13340087808172915,9906.75,0,2896.7,3010.5
S2,qlearning,2,1459,0.13961605584642234,9667.25,0,2496.0,2560.75
S2,qlearning,2,1460,0.12748864827104436,9377.974999732543,3,3063.5599999278124,3290.0749999097657
S2,qlearning,2,1461,0.12012603387160299,7619.5,0,2140.1,2184.0
S2,qlearning,2,1462,0.08845577211394302,11696.074999942823,1,3784.6599999542573,3971.0749999428217
S2,qlearning,2,1463,0.08111239860950174,11045.049435588095,14,3410.489238529761,3492.1776072040034
S2,qlearning,2,1464,0.09498598567424478,10106.672634458839,5,2781.9215384404047,2870.4
S2,qlearning,2,1465,0.10537568723274282,10845.334423530818,9,2971.9248501640814,3119.88966457111
S2,qlearning,2,1466,0.13468013468013468,10695.444443808296,4,3118.1688887889154,3257.0
S2,qlearning,2,1467,0.10628019323671498,9301.383522588889,9,2818.4637415922302,2956.329676990288
S2,qlearning,2,1468,0.15914655473941938,7798.134220455846,8,2015.9599999999998,2095.7
S2,qlearning,2,1469,0.11003521126760564,12920.8699997935,3,3588.5639999736513,3659.5
S2,qlearning,2,1470,0.15972439711869715,10187.278125938357,5,2808.927692041939,2895.349999679199
S2,qlearning,2,1471,0.16084977238239756,9521.0,0,2859.9,2952.5
S2,qlearning,2,1472,0.1557587882252072,10588.549999918085,1,2735.309999983617,2756.5
S2,qlearning,2,1473,0.17701863354037267,10520.480391962425,2,3163.3,3166.25
S2,qlearning,2,1474,0.18864598025387871,9332.5,0,3039.6,3099.0
S2,qlearning,2,1475,0.062434963579604576,8900.149999920619,1,2389.0,2416.5
S2,qlearning,2,1476,0.16530460624071322,10925.754999692015,4,4319.0439998742595,4539.554999842825
S2,qlearning,2,1477,0.14621646065722038,10872.118749766218,3,4307.059999936495,4832.099999920619
S2,qlearning,2,1478,0.14548238897396631,11374.25,0,4356.4,4676.75
S2,qlearning,2,1479,0.16692913385826771,10313.149999233621,2,3278.429999846724,3450.0
S2,qlearning,2,1480,0.1745116874799872,10812.099999851598,2,3641.1,3747.0
S2,qlearning,2,1481,0.1397819401733296,11578.09346395788,2,2801.9086928017077,2850.5
S2,qlearning,2,1482,0.08898435102792268,10032.544225266545,5,2440.7099999872726,2458.5
S2,qlearning,2,1483,0.1642219387755102,10631.5,0,3078.6,3107.0
S2,qlearning,2,1484,0.11983327544286211,8087.028248390783,7,2009.8453128874376,2023.0
S2,qlearning,2,1485,0.1467065868263473,11584.48108816288,6,3337.333291708282,3396.491614635353
S2,qlearning,2,1486,0.1404671717171717,9235.9,0,2433.5,2463.5
S2,qlearning,2,1487,0.1435614849187935,10912.049999918947,1,3937.1099999837893,4337.5
S2,qlearning,2,1488,0.15559157212317667,10544.5,0,3523.7999999999997,3685.0
S2,qlearning,2,1489,0.15756302521008403,8187.999999610483,4,1977.339999934468,2004.0499999180852
S2,qlearning,2,1490,0.13064133016627077,9098.809459283912,2,2306.65,2307.5
S2,qlearning,2,1491,0.15376641326883206,10381.654595240423,4,2745.5305512043446,2794.8327202604337
S2,qlearning,2,1492,0.14767932489451477,10859.549999948667,1,3108.4,3196.0
S2,qlearning,2,1493,0.13942931258106356,9043.0,0,2336.8,2354.0
S2,qlearning,2,1494,0.1475958612294583,11315.15706253684,3,3546.6499999999996,3718.0
S2,qlearning,2,1495,0.12321012321012322,11374.154806888559,9,3544.5459611928345,3720.7499996855495
S2,qlearning,2,1496,0.10837438423645321,10501.0,0,3423.8,3461.0
S2,qlearning,2,1497,0.1894844656879481,8348.23500744246,3,2564.3880059539665,2701.2350074424585
S2,qlearning,2,1498,0.1275459098497496,9542.41246353056,10,3034.1266665486955,3134.0999999153846
S2,qlearning,2,1499,0.19852640196479737,7309.049999561394,4,2382.529999926538,2474.25
