scenario,method,seed,episode,service_level,total_cost,scri_viol,VaR95,TVaR95
S3,qlearning,1,0,0.13911290322580644,5622.5,2,1782.62,1922.4
S3,qlearning,1,1,0.11504747991234478,6215.1,0,1806.1200000000001,1841.6000000000001
S3,qlearning,1,2,0.13173417223751474,5175.1,0,1327.92,1336.6000000000001
S3,qlearning,1,3,0.1467351430667645,6392.900000000001,2,1776.14,1812.2
S3,qlearning,1,4,0.13937282229965156,6165.400000000001,0,1913.1,2002.2
S3,qlearning,1,5,0.11690647482014388,6807.0,1,1608.8400000000001,1625.6000000000001
S3,qlearning,1,6,0.10473901098901099,6955.700000000001,1,2138.2000000000003,2278.2000000000003
S3,qlearning,1,7,0.10326086956521739,7283.1,0,2544.52,2788.8
S3,qlearning,1,8,0.12804626187525817,6107.3,2,1621.0400000000002,1630.6000000000001
S3,qlearning,1,9,0.11806596701649176,6578.85,0,2013.7,2037.4
S3,qlearning,1,10,0.12860483242400625,7494.900000000001,4,2379.08,2496.8
S3,qlearning,1,11,0.14587332053742802,6297.200000000001,1,1765.76,1875.8000000000002
S3,qlearning,1,12,0.10507533703409992,6127.500000000001,0,1639.5400000000002,1648.8000000000002
S3,qlearning,1,13,0.13229430953243929,7070.3,0,2371.56,2607.4
S3,qlearning,1,14,0.1384083044982699,6717.5,0,1794.72,1804.6000000000001
S3,qlearning,1,15,0.14417300760913096,5545.6,0,1624.92,1640.8000000000002
S3,qlearning,1,16,0.13685427910562836,6737.6,2,1974.68,2025.8000000000002
S3,qlearning,1,17,0.11235955056179775,5639.5,0,1467.38,1482.6000000000001
S3,qlearning,1,18,0.1526070368800339,5742.000000000001,0,1495.56,1531.0
S3,qlearning,1,19,0.1340722202359671,5978.900000000001,1,1756.64,1825.6000000000001
S3,qlearning,1,20,0.14,7146.200000000001,1,2008.28,2078.5
S3,qlearning,1,21,0.12284561789512284,6201.8,0,1873.5200000000002,1898.3000000000002
S3,qlearning,1,22,0.1582014987510408,6651.400000000001,1,1953.72,2014.6000000000001
S3,qlearning,1,23,0.11126810314376545,7207.700000000001,2,2177.14,2226.9
S3,qlearning,1,24,0.1377513030528667,6248.500000000001,2,1873.48,1908.4
S3,qlearning,1,25,0.15283842794759825,5885.950000000001,0,1555.16,1608.6000000000001
S3,qlearning,1,26,0.13439813011297233,6543.700000000001,0,2179.0,2259.8
S3,qlearning,1,27,0.13009845288326302,7272.200000000001,0,2419.2,2510.9
S3,qlearning,1,28,0.1631321370309951,5418.1,0,1467.16,1473.0
S3,qlearning,1,29,0.12177121771217712,6938.5,0,2349.3599999999997,2549.0
S3,qlearning,1,30,0.18208455420678107,5267.6,0,1457.5000000000002,1461.8000000000002
S3,qlearning,1,31,0.12268847795163584,6712.3,1,2160.68,2355.4
S3,qlearning,1,32,0.14700339238597815,6369.3,2,2060.52,2193.4
S3,qlearning,1,33,0.15083798882681565,5933.900000000001,0,1691.44,1764.7000000000003
S3,qlearning,1,34,0.14256198347107438,5687.5,1,1899.9,1982.6000000000001
S3,qlearning,1,35,0.15211378901619912,6283.8,0,1848.2600000000002,1935.0000000000002
S3,qlearning,1,36,0.13967468175388967,6690.5,0,2190.48,2329.4
S3,qlearning,1,37,0.10689273866568375,6169.900000000001,0,1692.5400000000002,1743.0000000000002
S3,qlearning,1,38,0.12475247524752475,6258.200000000001,1,2056.08,2212.3
S3,qlearning,1,39,0.14212827988338192,6724.3,0,2154.44,2244.6000000000004
S3,qlearning,1,40,0.14094955489614244,6279.1,2,1505.64,1510.9
S3,qlearning,1,41,0.1500389711613406,6632.800000000001,0,1919.5600000000002,1963.5000000000002
S3,qlearning,1,42,0.1198174210726512,6252.700000000001,1,1870.4,1879.4
S3,qlearning,1,43,0.11263639563533967,6813.900000000001,1,2248.8999999999996,2484.6
S3,qlearning,1,44,0.10341261633919338,7197.200000000001,0,1861.68,1886.5
S3,qlearning,1,45,0.12454873646209386,6294.8,0,1936.9,2012.4
S3,qlearning,1,46,0.12393636699963004,6563.1,2,1957.64,1978.0000000000002
S3,qlearning,1,47,0.1648788239968216,6244.1,0,1669.24,1671.2
S3,qlearning,1,48,0.13157894736842105,6330.400000000001,0,1600.52,1603.9
S3,qlearning,1,49,0.16233766233766234,5235.3,0,1612.72,1688.6000000000001
S3,qlearning,1,50,0.13680154142581888,6039.3,0,1660.54,1692.0
S3,qlearning,1,51,0.14081455805892548,5223.400000000001,0,1631.22,1763.1000000000001
S3,qlearning,1,52,0.11929107021131562,7623.900000000001,0,2125.38,2197.4
S3,qlearning,1,53,0.13878180416345412,5829.1,0,1512.88,1541.9
S3,qlearning,1,54,0.10972379871358305,6576.8,0,2075.42,2237.7000000000003
S3,qlearning,1,55,0.14925373134328357,6754.700000000001,2,2030.8000000000002,2113.6000000000004
S3,qlearning,1,56,0.14551333872271624,6248.3,3,1863.78,1890.0
S3,qlearning,1,57,0.14472640761300556,6215.700000000001,0,1846.92,1906.4
S3,qlearning,1,58,0.1378809869375907,6930.3,1,2150.44,2269.2000000000003
S3,qlearning,1,59,0.16456180635285114,6732.400000000001,0,1960.3200000000002,1964.1000000000001
S3,qlearning,1,60,0.12989457831325302,6344.000000000001,6,1740.6200000000001,1805.6000000000001
S3,qlearning,1,61,0.15582916506348596,6022.0,2,1624.66,1668.5000000000002
S3,qlearning,1,62,0.14582500998801437,5536.8,0,1427.84,1451.0
S3,qlearning,1,63,0.13348588863463004,7227.8,1,2272.5800000000004,2309.8
S3,qlearning,1,64,0.14382740711146624,5303.5,0,1468.16,1536.8000000000002
S3,qlearning,1,65,0.11309925725860905,6730.200000000001,1,1856.6600000000003,1867.0000000000002
S3,qlearning,1,66,0.1352918438345574,6630.6,3,1981.3600000000001,2043.4
S3,qlearning,1,67,0.13335769090244792,6517.900000000001,3,2052.68,2233.3
S3,qlearning,1,68,0.13178294573643412,6516.700000000001,0,1822.0000000000002,1831.0000000000002
S3,qlearning,1,69,0.14728385615914308,6934.000000000001,3,1827.26,1864.6000000000001
S3,qlearning,1,70,0.14545454545454545,6351.3,0,1820.1200000000001,1861.4
S3,qlearning,1,71,0.13226527570789867,5766.900000000001,2,1674.1200000000001,1740.4
S3,qlearning,1,72,0.1658119658119658,6506.3,3,1713.76,1758.1000000000001
S3,qlearning,1,73,0.14917127071823205,6517.900000000001,0,1762.6800000000003,1806.2000000000003
S3,qlearning,1,74,0.15813253012048192,6906.5,0,1986.6800000000003,2078.6000000000004
S3,qlearning,1,75,0.13576277241872098,7042.3,0,2025.64,2120.8
S3,qlearning,1,76,0.14564831261101244,6009.700000000001,0,1631.56,1670.4
S3,qlearning,1,77,0.15145848915482424,6163.900000000001,0,1832.52,1900.2
S3,qlearning,1,78,0.16365036580670003,6995.650000000001,2,1873.1200000000001,1982.0000000000002
S3,qlearning,1,79,0.1512770137524558,5633.900000000001,0,1619.8,1665.2
S3,qlearning,1,80,0.12877939529675253,5936.1,0,1581.32,1614.9
S3,qlearning,1,81,0.13680659670164919,5730.8,0,1776.12,1899.9
S3,qlearning,1,82,0.1698933227973133,6260.700000000001,0,1745.88,1809.8000000000002
S3,qlearning,1,83,0.14192139737991266,7341.300000000001,0,2483.7200000000003,2665.6000000000004
S3,qlearning,1,84,0.14807692307692308,6554.200000000001,1,1897.42,1972.0
S3,qlearning,1,85,0.13493253373313344,6422.1,5,1818.46,1874.8000000000002
S3,qlearning,1,86,0.10834236186348863,6838.200000000001,0,1622.5600000000002,1657.8000000000002
S3,qlearning,1,87,0.14611689351481186,6559.700000000001,0,1548.9,1555.4
S3,qlearning,1,88,0.14130434782608695,7072.400000000001,0,1960.3,2005.0
S3,qlearning,1,89,0.1423994304022784,7069.700000000001,2,2098.92,2167.4
S3,qlearning,1,90,0.18447348193697155,5801.5,1,1644.8000000000002,1720.0000000000002
S3,qlearning,1,91,0.1566531514928124,6223.500000000001,0,1773.4200000000003,1831.2000000000003
S3,qlearning,1,92,0.17365269461077845,5237.700000000001,0,1508.24,1545.4
S3,qlearning,1,93,0.15503875968992248,6551.150000000001,2,1748.1100000000001,1802.0000000000002
S3,qlearning,1,94,0.15745007680491552,6067.6,1,1752.92,1759.1000000000001
S3,qlearning,1,95,0.14728682170542637,6164.85,0,1745.7800000000002,1783.5500000000002
S3,qlearning,1,96,0.16942148760330578,5428.200000000001,0,1652.44,1750.9
S3,qlearning,1,97,0.13695911075823738,6222.700000000001,0,1517.92,1522.7
S3,qlearning,1,98,0.18093385214007782,5673.900000000001,0,1462.8600000000001,1482.4
S3,qlearning,1,99,0.1489938080495356,5758.700000000001,0,1761.68,1781.8000000000002
S3,qlearning,1,100,0.15949554896142434,6013.5,3,1724.16,1777.4
S3,qlearning,1,101,0.15702795863653773,6349.5,7,1970.24,2016.8000000000002
S3,qlearning,1,102,0.1819184123484013,6338.700000000001,0,1572.64,1620.6000000000001
S3,qlearning,1,103,0.1423342822285482,5562.35,0,1895.25,2077.2000000000003
S3,qlearning,1,104,0.1455923414439569,5379.900000000001,4,1721.88,1819.6000000000001
S3,qlearning,1,105,0.14201183431952663,6572.8,2,1893.68,2006.3000000000002
S3,qlearning,1,106,0.18447837150127228,5214.3,0,1399.82,1456.0
S3,qlearning,1,107,0.17718940936863545,6643.0,0,1818.9600000000003,1847.2000000000003
S3,qlearning,1,108,0.16435643564356436,6535.700000000001,0,1824.24,1839.4
S3,qlearning,1,109,0.1248513674197384,6722.400000000001,2,1918.8200000000002,1947.8000000000002
S3,qlearning,1,110,0.1348396501457726,6384.1,0,1778.08,1865.6000000000001
S3,qlearning,1,111,0.15162326079200855,6645.700000000001,6,1895.32,1933.4
S3,qlearning,1,112,0.12232415902140673,7558.900000000001,3,2630.8,2830.8
S3,qlearning,1,113,0.15098722415795587,6113.500000000001,1,1720.4800000000002,1782.8000000000002
S3,qlearning,1,114,0.1645672490857375,5497.1,4,1599.2800000000002,1689.0000000000002
S3,qlearning,1,115,0.14249790444258173,6124.8,0,2075.2000000000003,2269.1000000000004
S3,qlearning,1,116,0.15499194847020933,6183.500000000001,2,2173.4,2363.8
S3,qlearning,1,117,0.13386123680241327,6338.1,3,1915.08,1962.0
S3,qlearning,1,118,0.15908175594039467,5285.3,0,1411.18,1434.6000000000001
S3,qlearning,1,119,0.19603960396039605,5909.400000000001,0,1777.68,1885.9
S3,qlearning,1,120,0.14933628318584072,6029.3,0,1978.56,2135.4
S3,qlearning,1,121,0.2028740490278952,5321.900000000001,1,1473.0000000000002,1479.6000000000001
S3,qlearning,1,122,0.14963880288957687,7238.700000000001,0,2378.0,2381.6
S3,qlearning,1,123,0.1646090534979424,6904.900000000001,2,1841.8000000000002,1882.2000000000003
S3,qlearning,1,124,0.16067329762815608,6175.1,0,1580.96,1655.0
S3,qlearning,1,125,0.148864905098623,6449.500000000001,0,1898.0800000000002,1907.2000000000003
S3,qlearning,1,126,0.16821345707656613,6199.6,1,1712.6,1779.2
S3,qlearning,1,127,0.1862348178137652,5653.200000000001,0,1508.94,1525.2
S3,qlearning,1,128,0.15184381778741865,6425.500000000001,0,2010.0800000000002,2064.2000000000003
S3,qlearning,1,129,0.15475313190862197,6534.500000000001,6,1808.48,1886.4
S3,qlearning,1,130,0.18069973087274124,5449.3,0,1453.08,1504.5
S3,qlearning,1,131,0.14627185158758474,6948.200000000001,1,1933.9400000000003,1995.4000000000003
S3,qlearning,1,132,0.16522423288749016,6669.700000000001,2,1892.4,1907.2
S3,qlearning,1,133,0.1437863745292708,7554.1,2,2179.28,2250.6000000000004
S3,qlearning,1,134,0.16666666666666666,6790.1,0,2147.44,2300.2000000000003
S3,qlearning,1,135,0.16678885630498533,6071.400000000001,1,1706.8400000000001,1775.9
S3,qlearning,1,136,0.14836289222373805,7145.1,1,2111.98,2134.8
S3,qlearning,1,137,0.17153284671532848,6096.3,0,1951.28,2087.4
S3,qlearning,1,138,0.1393917451122375,6732.0,1,1705.2,1710.5
S3,qlearning,1,139,0.15390534821085033,6113.766666666667,0,1818.8933333333332,1885.0666666666666
S3,qlearning,1,140,0.1634446397188049,6641.5,0,1677.4,1678.8000000000002
S3,qlearning,1,141,0.14389799635701275,6794.3,5,2069.2400000000002,2176.6000000000004
S3,qlearning,1,142,0.17367811655731377,5920.3,0,2006.76,2206.7000000000003
S3,qlearning,1,143,0.15250544662309368,6611.700000000001,0,2083.42,2146.15
S3,qlearning,1,144,0.17255379618351604,5387.700000000001,0,1664.52,1784.8000000000002
S3,qlearning,1,145,0.13453741245853298,6382.900000000001,4,1761.44,1810.0
S3,qlearning,1,146,0.16756548536209553,6273.3,2,1817.5600000000002,1832.2000000000003
S3,qlearning,1,147,0.18395303326810175,6374.166666666667,0,2289.3733333333334,2371.4
S3,qlearning,1,148,0.1658255227108868,6485.000000000001,2,1596.5600000000002,1634.0000000000002
S3,qlearning,1,149,0.15949820788530467,6844.6,0,2201.5000000000005,2269.6000000000004
S3,qlearning,1,150,0.17313546423135465,6271.500000000001,1,2028.16,2172.6000000000004
S3,qlearning,1,151,0.1933811802232855,5557.900000000001,0,1429.7600000000002,1453.2000000000003
S3,qlearning,1,152,0.12018313620755437,6710.1,2,2218.2799999999997,2363.0
S3,qlearning,1,153,0.15526802218114602,6215.700000000001,1,1792.98,1899.0000000000002
S3,qlearning,1,154,0.1821789321789322,6690.200000000001,0,1878.1000000000001,1894.6000000000001
S3,qlearning,1,155,0.1255783212161269,7706.500000000001,0,2313.88,2459.6000000000004
S3,qlearning,1,156,0.146900752418488,7267.366666666668,0,2210.9733333333334,2232.866666666667
S3,qlearning,1,157,0.15527950310559005,6574.500000000001,3,1771.6000000000001,1869.6000000000001
S3,qlearning,1,158,0.12810991459339027,6749.6,2,2013.8200000000002,2117.2000000000003
S3,qlearning,1,159,0.1864156515319306,6294.900000000001,0,1736.02,1813.4
S3,qlearning,1,160,0.12722202858138723,6511.3,5,1870.76,1974.9
S3,qlearning,1,161,0.1549663928304705,6511.400000000001,1,2012.6999999999998,2165.5
S3,qlearning,1,162,0.16875237011755784,6079.700000000001,2,1551.92,1565.8000000000002
S3,qlearning,1,163,0.19468003084040092,6168.000000000001,1,1622.8000000000002,1665.8000000000002
S3,qlearning,1,164,0.16361511492014025,6884.1,0,1839.4000000000003,1852.0000000000005
S3,qlearning,1,165,0.15018315018315018,6060.3,0,1737.4,1806.2
S3,qlearning,1,166,0.14584891548242335,6540.200000000001,0,2106.44,2270.7000000000003
S3,qlearning,1,167,0.15791551519936833,5659.1,1,1569.2800000000002,1574.4
S3,qlearning,1,168,0.14700968927497493,7305.500000000001,0,2260.04,2404.2000000000003
S3,qlearning,1,169,0.1201923076923077,7109.400000000001,0,2036.3400000000001,2067.4
S3,qlearning,1,170,0.1623646960865945,5133.5,2,1308.44,1332.0
S3,qlearning,1,171,0.1394647568790049,7022.0,9,2550.16,2837.1
S3,qlearning,1,172,0.16976556184316896,6557.700000000001,0,2082.7400000000002,2195.1000000000004
S3,qlearning,1,173,0.12082092022509103,6275.700000000001,7,1606.8000000000002,1633.6000000000001
S3,qlearning,1,174,0.18003273322422259,5729.1,3,1764.08,1842.4
S3,qlearning,1,175,0.17339939024390244,5798.3,0,1589.8000000000002,1667.6000000000001
S3,qlearning,1,176,0.14375738479716424,6205.900000000001,2,1813.8,1886.4
S3,qlearning,1,177,0.19157814871016693,6734.1,0,2146.5200000000004,2181.6000000000004
S3,qlearning,1,178,0.16539923954372623,6815.000000000001,4,2226.16,2384.9
S3,qlearning,1,179,0.1831148804934464,6400.1,0,2239.8,2412.0000000000005
S3,qlearning,1,180,0.1949085123309467,6369.200000000001,0,1678.38,1710.8000000000002
S3,qlearning,1,181,0.1649981460882462,6230.3,0,1692.9,1716.6000000000001
S3,qlearning,1,182,0.1657874905802562,6758.0,0,2097.36,2270.8
S3,qlearning,1,183,0.15359741309620048,5561.5,3,1405.04,1427.7
S3,qlearning,1,184,0.1426086956521739,6785.950000000001,3,1894.7600000000002,1969.2000000000003
S3,qlearning,1,185,0.1569952305246423,5764.6,0,1681.16,1699.1000000000001
S3,qlearning,1,186,0.22325375773651635,5102.35,0,2095.7599999999998,2376.0
S3,qlearning,1,187,0.11299435028248588,6834.500000000001,2,1849.3200000000002,1858.9
S3,qlearning,1,188,0.18200408997955012,6457.1,2,1802.0800000000002,1843.4
S3,qlearning,1,189,0.1780359820089955,5911.000000000001,1,1571.2,1620.9
S3,qlearning,1,190,0.15393175074183976,6019.1,1,1657.48,1659.0
S3,qlearning,1,191,0.16122913505311076,5665.900000000001,5,1357.7,1366.2
S3,qlearning,1,192,0.16937435188385758,6702.1,0,1812.0400000000002,1854.8000000000002
S3,qlearning,1,193,0.13362224629830263,6531.400000000001,0,1733.5,1746.5
S3,qlearning,1,194,0.1586130579122095,5803.900000000001,1,1524.92,1544.8000000000002
S3,qlearning,1,195,0.16788884600540332,6593.6,2,1919.1200000000001,2010.0000000000002
S3,qlearning,1,196,0.16845329249617153,6449.500000000001,0,2171.76,2284.8
S3,qlearning,1,197,0.19739696312364424,5617.1,2,1806.4,1863.8000000000002
S3,qlearning,1,198,0.18966158423205653,6572.3,0,1981.4,2049.8
S3,qlearning,1,199,0.1549243821468093,6239.700000000001,0,1694.0600000000002,1709.8000000000002
S3,qlearning,1,200,0.18433179723502305,5670.400000000001,0,1538.38,1547.6000000000001
S3,qlearning,1,201,0.16809861785580874,6404.766666666667,0,1981.1333333333337,2069.6000000000004
S3,qlearning,1,202,0.1395519647447668,6670.900000000001,0,2131.76,2296.4
S3,qlearning,1,203,0.17571261226083562,6867.1,1,1748.88,1757.8000000000002
S3,qlearning,1,204,0.14331853048041987,6356.5,4,2140.38,2264.9
S3,qlearning,1,205,0.11928040672663277,7090.716666666667,0,2138.56,2282.75
S3,qlearning,1,206,0.0996412913511359,6510.500000000001,3,2097.74,2267.4
S3,qlearning,1,207,0.07400379506641366,6194.5,1,1831.3,1867.4
S3,qlearning,1,208,0.18126888217522658,6029.500000000001,0,1678.48,1731.4
S3,qlearning,1,209,0.18878941222265472,6094.5,0,1607.3400000000001,1632.0
S3,qlearning,1,210,0.18004966887417218,5361.200000000001,0,1683.6000000000001,1798.6000000000001
S3,qlearning,1,211,0.15854141894569956,5732.5,2,1579.02,1637.4
S3,qlearning,1,212,0.15479298769116,6071.700000000001,2,1699.1000000000001,1762.8000000000002
S3,qlearning,1,213,0.1799280287884846,5595.650000000001,1,1382.15,1397.5
S3,qlearning,1,214,0.19062142584826536,6048.05,0,1693.9,1756.15
S3,qlearning,1,215,0.1808351976137211,5867.6,1,1399.3000000000002,1400.4
S3,qlearning,1,216,0.1554192229038855,5693.900000000001,1,1665.8400000000001,1669.2000000000003
S3,qlearning,1,217,0.1474820143884892,7032.200000000001,5,2046.94,2086.4
S3,qlearning,1,218,0.13376036171816127,5698.700000000001,0,1405.8,1407.0
S3,qlearning,1,219,0.1649793775778028,6409.3,0,2108.48,2225.8
S3,qlearning,1,220,0.17996870109546165,6020.200000000001,1,1692.44,1728.8000000000002
S3,qlearning,1,221,0.1590990346800143,6739.6,4,1855.3000000000002,1919.3000000000002
S3,qlearning,1,222,0.1707891637220259,6116.3,0,1776.96,1819.2
S3,qlearning,1,223,0.15977127480659267,7146.1,0,2126.04,2277.2000000000003
S3,qlearning,1,224,0.18836255128683327,6859.0666666666675,0,2286.2733333333335,2394.866666666667
S3,qlearning,1,225,0.16576715497301464,5483.700000000001,0,1421.9200000000003,1424.5000000000002
S3,qlearning,1,226,0.14876352395672335,6159.700000000001,0,1720.4400000000003,1730.8000000000002
S3,qlearning,1,227,0.18454935622317598,5338.1,0,1581.44,1652.2
S3,qlearning,1,228,0.19306540583136328,6345.1,0,1856.0,1948.4
S3,qlearning,1,229,0.14268242967794537,5841.950000000001,4,1632.0400000000002,1653.0000000000002
S3,qlearning,1,230,0.16160436137071651,6094.0,0,1820.92,1923.1000000000001
S3,qlearning,1,231,0.13524424707307225,6308.900000000001,6,1910.72,2044.4
S3,qlearning,1,232,0.16074766355140188,5859.950000000001,0,1605.0900000000001,1670.6000000000001
S3,qlearning,1,233,0.16666666666666666,6129.8,4,1787.88,1825.9
S3,qlearning,1,234,0.175561797752809,6536.6,0,1744.2200000000003,1759.8000000000002
S3,qlearning,1,235,0.13296903460837886,6393.000000000001,4,1699.64,1703.9
S3,qlearning,1,236,0.11790714812085483,6905.400000000001,3,2133.36,2241.5000000000005
S3,qlearning,1,237,0.177836016473231,5878.900000000001,0,1736.5200000000002,1810.0000000000002
S3,qlearning,1,238,0.16828872668288727,5664.1,2,1525.0400000000002,1527.4
S3,qlearning,1,239,0.15051395007342144,6487.8,0,2049.88,2093.1
S3,qlearning,1,240,0.1791530944625407,6544.8,1,1628.66,1631.4
S3,qlearning,1,241,0.2086709886547812,4800.35,0,1166.13,1169.8000000000002
S3,qlearning,1,242,0.17198581560283688,7007.8,0,1896.2200000000003,1897.8000000000002
S3,qlearning,1,243,0.14717741935483872,7074.300000000001,3,1849.7200000000003,1890.2000000000003
S3,qlearning,1,244,0.18830914083954492,5852.900000000001,0,1631.24,1649.5
S3,qlearning,1,245,0.20873228648027575,6230.700000000001,0,1919.2,1977.6000000000001
S3,qlearning,1,246,0.14865844815083393,7511.8,0,1968.72,1994.8
S3,qlearning,1,247,0.17271458478715981,6646.55,0,1729.2400000000002,1735.0000000000002
S3,qlearning,1,248,0.13508512213175425,6066.3,0,1638.2,1709.6000000000001
S3,qlearning,1,249,0.12987012987012986,6349.1,0,1822.56,1907.6000000000001
S3,qlearning,1,250,0.1797577178585385,5426.900000000001,0,1661.52,1772.6000000000001
S3,qlearning,1,251,0.1950354609929078,5994.1,0,2178.84,2385.4
S3,qlearning,1,252,0.14609203798392986,6955.6,2,1999.38,2129.2000000000003
S3,qlearning,1,253,0.1394700139470014,6641.700000000001,0,1856.3000000000002,1928.0000000000002
S3,qlearning,1,254,0.14734393175649477,6182.900000000001,0,1638.72,1685.2
S3,qlearning,1,255,0.1479955039340577,6442.1,0,1722.4,1741.4
S3,qlearning,1,256,0.12585400934915497,6670.400000000001,0,2200.12,2395.4
S3,qlearning,1,257,0.16068052930056712,6452.900000000001,0,1847.48,1980.1000000000001
S3,qlearning,1,258,0.19369009584664537,5532.1,2,1451.0,1512.1000000000001
S3,qlearning,1,259,0.1282051282051282,7537.3,0,2367.2400000000002,2489.8
S3,qlearning,1,260,0.1601219977125429,6309.700000000001,3,1683.16,1711.1000000000001
S3,qlearning,1,261,0.14957264957264957,6072.900000000001,3,1852.5400000000002,1996.2000000000003
S3,qlearning,1,262,0.18128453038674033,6794.200000000001,0,1976.96,2038.6000000000001
S3,qlearning,1,263,0.18072289156626506,6852.1,0,2428.16,2592.8
S3,qlearning,1,264,0.18178670360110805,7397.55,1,2075.0,2098.8
S3,qlearning,1,265,0.1936127744510978,5198.700000000001,0,1425.5200000000002,1444.8000000000002
S3,qlearning,1,266,0.16585195530726257,7883.700000000001,0,2133.9,2206.6000000000004
S3,qlearning,1,267,0.17424242424242425,6294.700000000001,0,1699.0000000000002,1710.6000000000001
S3,qlearning,1,268,0.1705634342660023,5734.5,0,1582.32,1621.0
S3,qlearning,1,269,0.1809864757358791,6461.1,2,1708.24,1751.3000000000002
S3,qlearning,1,270,0.15608371763036538,6590.5,0,1880.88,1920.2
S3,qlearning,1,271,0.15109412990621743,7366.033333333334,0,2062.7200000000003,2124.2000000000003
S3,qlearning,1,272,0.16737138830162085,7262.500000000001,2,2446.7000000000003,2632.6000000000004
S3,qlearning,1,273,0.1755754974639095,5676.1,3,1423.8400000000001,1435.1000000000001
S3,qlearning,1,274,0.18550106609808104,5645.500000000001,3,1646.1200000000001,1683.6000000000001
S3,qlearning,1,275,0.18136693394425354,5784.833333333334,0,1669.9266666666667,1729.1333333333334
S3,qlearning,1,276,0.15724381625441697,6506.900000000001,0,1620.88,1669.7
S3,qlearning,1,277,0.17160686427457097,6102.700000000001,4,1945.36,2100.0
S3,qlearning,1,278,0.18382352941176472,5656.1,0,1764.3200000000002,1806.6000000000001
S3,qlearning,1,279,0.14659131049099258,6558.900000000001,0,1695.0600000000002,1698.6000000000001
S3,qlearning,1,280,0.1792179580014482,6512.233333333334,0,1879.4666666666667,1921.9333333333334
S3,qlearning,1,281,0.1724770642201835,6263.900000000001,0,1772.6200000000001,1835.4
S3,qlearning,1,282,0.18668206312548113,6207.6,0,1946.5600000000002,2002.3000000000002
S3,qlearning,1,283,0.14139271827500885,5731.3,0,1475.0400000000002,1475.6000000000001
S3,qlearning,1,284,0.13450292397660818,6420.700000000001,4,1772.04,1776.2
S3,qlearning,1,285,0.1625082074852265,7527.900000000001,0,2275.6000000000004,2374.2000000000003
S3,qlearning,1,286,0.17209813255217868,7365.1,0,2094.7599999999998,2123.6
S3,qlearning,1,287,0.1884004432951607,6280.200000000001,3,1771.2600000000002,1771.5000000000002
S3,qlearning,1,288,0.1890359168241966,6486.700000000001,6,2059.4199999999996,2207.6
S3,qlearning,1,289,0.2027306578402979,5857.400000000001,0,1862.64,2006.5000000000002
S3,qlearning,1,290,0.2080989876265467,5930.700000000001,0,1638.28,1681.6000000000001
S3,qlearning,1,291,0.18577494692144372,6392.000000000001,1,1611.0400000000002,1679.0000000000002
S3,qlearning,1,292,0.19863563402889245,4905.900000000001,2,1269.5600000000002,1281.8000000000002
S3,qlearning,1,293,0.15422696115765422,7083.650000000001,3,1871.31,1999.3000000000002
S3,qlearning,1,294,0.14398422090729784,5850.1,1,1550.68,1572.4
S3,qlearning,1,295,0.1501200960768615,6147.400000000001,4,1737.68,1776.3000000000002
S3,qlearning,1,296,0.09972008397480756,7598.85,1,2418.8,2499.2000000000003
S3,qlearning,1,297,0.1592356687898089,6069.233333333334,1,1985.44,2162.8
S3,qlearning,1,298,0.13828238719068414,7091.800000000001,0,1962.36,2105.9
S3,qlearning,1,299,0.17173312277931307,6167.6,0,1867.78,2024.6000000000001
S3,qlearning,1,300,0.17977928088287648,6533.900000000001,0,1837.0600000000002,1856.4
S3,qlearning,1,301,0.2101723413198823,5161.5,0,1161.28,1164.1
S3,qlearning,1,302,0.15753938484621155,6087.900000000001,2,1731.88,1822.4
S3,qlearning,1,303,0.19143290371493557,6210.700000000001,5,1918.92,2067.2000000000003
S3,qlearning,1,304,0.188470066518847,6545.900000000001,0,1804.4800000000002,1807.0000000000002
S3,qlearning,1,305,0.1892974153622133,6538.3,1,1814.7200000000003,1886.0000000000002
S3,qlearning,1,306,0.21608643457382953,5657.400000000001,0,1515.14,1523.7
S3,qlearning,1,307,0.21157684630738524,6470.6,0,2020.5600000000002,2143.1000000000004
S3,qlearning,1,308,0.18338727076591155,6452.3,2,2076.8,2221.8
S3,qlearning,1,309,0.1847417037290455,6644.1,0,2016.8400000000004,2082.1000000000004
S3,qlearning,1,310,0.15886573283225144,7129.500000000001,2,2097.52,2278.2000000000003
S3,qlearning,1,311,0.18321729571271528,6549.500000000001,0,1966.16,1987.6000000000001
S3,qlearning,1,312,0.17030729359496483,6495.500000000001,0,2142.32,2200.0
S3,qlearning,1,313,0.18264014466546113,6016.5,0,1591.3600000000001,1637.6000000000001
S3,qlearning,1,314,0.16361021215390148,7047.750000000001,0,2233.2000000000003,2307.4500000000003
S3,qlearning,1,315,0.15560165975103735,7246.366666666667,1,1873.5333333333335,1873.8666666666668
S3,qlearning,1,316,0.19646365422396855,5939.1,0,1864.96,1898.2
S3,qlearning,1,317,0.14453288646837034,6271.5,9,2060.32,2176.4
S3,qlearning,1,318,0.14716439339554918,6711.700000000001,3,2035.1000000000001,2166.8
S3,qlearning,1,319,0.14023732470334413,6727.1,0,1731.3200000000002,1738.4
S3,qlearning,1,320,0.08498583569405099,5956.700000000001,2,1956.56,2035.4
S3,qlearning,1,321,0.1062618595825427,5458.5,0,1500.0,1549.4
S3,qlearning,1,322,0.18839487565938207,5888.6,0,1776.42,1785.4
S3,qlearning,1,323,0.2129307007355788,5787.1,0,1583.5200000000002,1599.7000000000003
S3,qlearning,1,324,0.147008547008547,6570.6,0,1761.64,1820.3000000000002
S3,qlearning,1,325,0.17519685039370078,5804.1,1,1943.08,2122.0
S3,qlearning,1,326,0.19074675324675325,5606.1,1,1827.2800000000002,2012.2000000000003
S3,qlearning,1,327,0.20224719101123595,6470.8,1,1768.3,1888.7
S3,qlearning,1,328,0.16601213852195645,6550.1,4,2184.76,2351.2000000000003
S3,qlearning,1,329,0.17869415807560138,6874.500000000001,2,1713.92,1716.6000000000001
S3,qlearning,1,330,0.1556907659269864,6715.700000000001,0,2258.44,2465.0000000000005
S3,qlearning,1,331,0.20192663949610967,6115.450000000001,2,1432.04,1457.65
S3,qlearning,1,332,0.1650485436893204,6296.900000000001,0,1888.44,1971.4
S3,qlearning,1,333,0.15575079872204473,6133.55,0,1881.0500000000002,2004.2000000000003
S3,qlearning,1,334,0.14205541915117503,7182.85,3,2187.32,2307.6000000000004
S3,qlearning,1,335,0.14146000698567937,7331.400000000001,0,2146.76,2184.5
S3,qlearning,1,336,0.085052479189287,6185.500000000001,3,1621.52,1673.1000000000001
S3,qlearning,1,337,0.1669902912621359,6196.3,0,1662.6000000000001,1662.7000000000003
S3,qlearning,1,338,0.15934065934065933,6628.933333333333,0,1999.5066666666667,2103.8333333333335
S3,qlearning,1,339,0.14705882352941177,5752.6,0,1577.3000000000002,1599.4
S3,qlearning,1,340,0.1671541997492687,5605.7,2,1525.04,1536.0
S3,qlearning,1,341,0.1897782788425404,6473.900000000001,1,1834.64,1835.4
S3,qlearning,1,342,0.19976726144297904,5543.1,0,1439.0000000000002,1469.3000000000002
S3,qlearning,1,343,0.16727941176470587,6080.3,3,1766.04,1848.9
S3,qlearning,1,344,0.18134715025906736,6255.200000000001,3,1869.88,1925.7
S3,qlearning,1,345,0.20587036282103546,5935.8,0,2005.5,2140.2000000000003
S3,qlearning,1,346,0.18725099601593626,6460.5,0,1859.24,1952.8000000000002
S3,qlearning,1,347,0.19415609381007304,7044.8,0,1882.3200000000002,1907.9
S3,qlearning,1,348,0.18604651162790697,6376.700000000001,0,1619.3600000000001,1635.6000000000001
S3,qlearning,1,349,0.16673444489629932,6084.3,0,1985.66,2113.8
S3,qlearning,1,350,0.1559633027522936,5824.1,3,1535.0800000000002,1591.4
S3,qlearning,1,351,0.14951321279554938,6819.900000000001,0,2324.12,2531.6000000000004
S3,qlearning,1,352,0.14280415430267063,6718.500000000001,4,1788.04,1814.2
S3,qlearning,1,353,0.17183414269704894,6183.5,0,1704.0600000000002,1739.8000000000002
S3,qlearning,1,354,0.1714898177920686,6978.700000000001,4,2525.92,2699.0
S3,qlearning,1,355,0.1968065354623097,7071.200000000001,1,1976.3600000000001,1980.7
S3,qlearning,1,356,0.19383076281784076,5712.6,1,1426.66,1427.6000000000001
S3,qlearning,1,357,0.17825311942959002,6880.6,2,2481.46,2681.4
S3,qlearning,1,358,0.17950635751682872,6490.700000000001,1,2182.32,2304.8
S3,qlearning,1,359,0.18395234758234058,6807.700000000001,0,1918.1200000000001,1961.4
S3,qlearning,1,360,0.19607843137254902,6602.500000000001,0,1723.08,1737.8
S3,qlearning,1,361,0.18350290697674418,6026.900000000001,2,1496.16,1528.1000000000001
S3,qlearning,1,362,0.17828525641025642,5283.700000000001,0,1578.32,1683.4
S3,qlearning,1,363,0.1751913008457511,5560.5,5,1587.3200000000002,1667.3000000000002
S3,qlearning,1,364,0.1895734597156398,5734.900000000001,0,1737.72,1802.0
S3,qlearning,1,365,0.19340974212034384,7150.650000000001,0,2136.25,2211.0
S3,qlearning,1,366,0.16702977487291212,6792.400000000001,0,1987.8,2049.9
S3,qlearning,1,367,0.1746814632141389,5640.3,5,1426.44,1431.2
S3,qlearning,1,368,0.1744617668893838,5941.900000000001,1,1966.04,2110.8
S3,qlearning,1,369,0.16568483063328424,6766.400000000001,1,1909.38,1951.4
S3,qlearning,1,370,0.2123015873015873,5668.75,0,1575.2800000000002,1596.4
S3,qlearning,1,371,0.19267094824329428,6294.200000000001,0,1656.0600000000002,1672.8000000000002
S3,qlearning,1,372,0.18723994452149792,6256.400000000001,0,1876.76,1916.9
S3,qlearning,1,373,0.20220588235294118,5339.700000000001,3,1576.6000000000001,1597.4
S3,qlearning,1,374,0.19284294234592445,5531.75,2,1473.88,1495.15
S3,qlearning,1,375,0.14360313315926893,6388.900000000001,3,2013.76,2165.2000000000003
S3,qlearning,1,376,0.1684330052990159,6364.1,2,1977.5600000000002,2041.2000000000003
S3,qlearning,1,377,0.1968951154865581,6758.466666666667,0,1968.4733333333331,2094.7666666666664
S3,qlearning,1,378,0.21129466000768343,6052.900000000001,0,1714.2,1763.7
S3,qlearning,1,379,0.19285208775654636,6406.366666666668,0,1919.9733333333334,2007.2666666666669
S3,qlearning,1,380,0.14456089627755692,7800.400000000001,1,2178.88,2311.4
S3,qlearning,1,381,0.14383561643835616,6611.200000000001,3,1971.76,2033.1000000000001
S3,qlearning,1,382,0.18651092690278825,6469.3,4,1911.72,1946.4
S3,qlearning,1,383,0.1846915460776847,5454.700000000001,0,1626.84,1711.6
S3,qlearning,1,384,0.16592920353982302,5775.1,4,1670.3200000000002,1731.2000000000003
S3,qlearning,1,385,0.14419961114711602,7368.500000000001,3,1910.0800000000002,1941.9
S3,qlearning,1,386,0.19490254872563717,6162.900000000001,0,1963.9599999999998,2123.5
S3,qlearning,1,387,0.2121559633027523,5701.700000000001,0,1761.68,1837.7
S3,qlearning,1,388,0.1727410782080486,6832.400000000001,5,1824.2600000000002,1829.0000000000002
S3,qlearning,1,389,0.19453207150368035,6696.400000000001,0,1825.86,1857.2
S3,qlearning,1,390,0.20091135045567524,5851.55,5,1640.6200000000001,1672.4
S3,qlearning,1,391,0.198295033358043,6082.500000000001,0,1762.56,1811.0
S3,qlearning,1,392,0.16302462712452306,6087.500000000001,0,1537.2800000000002,1556.6000000000001
S3,qlearning,1,393,0.21181672025723472,5532.75,0,1626.2800000000002,1703.9500000000003
S3,qlearning,1,394,0.18087855297157623,5979.1,0,1594.3799999999999,1653.0
S3,qlearning,1,395,0.16453735965931088,6226.6,1,1585.44,1599.2
S3,qlearning,1,396,0.21584241408214586,5390.650000000001,1,1428.3200000000002,1435.4
S3,qlearning,1,397,0.20079522862823063,4914.5,0,1303.0,1358.0
S3,qlearning,1,398,0.15746638358103326,7110.500000000001,4,1869.8000000000002,1878.9
S3,qlearning,1,399,0.16408554572271386,7338.900000000001,0,2278.38,2440.0
S3,qlearning,1,400,0.16623085543518865,5843.1,0,1307.8200000000002,1309.8000000000002
S3,qlearning,1,401,0.13107170393215112,5868.900000000001,2,2061.4799999999996,2226.6
S3,qlearning,1,402,0.18440261237034192,6754.6,2,1626.64,1650.5000000000002
S3,qlearning,1,403,0.1446497037295225,6191.200000000001,3,1978.7199999999998,2120.0
S3,qlearning,1,404,0.15396458814472672,7129.200000000001,1,2363.1600000000003,2585.9000000000005
S3,qlearning,1,405,0.1508447304907482,5886.1,0,2019.24,2187.8
S3,qlearning,1,406,0.18839103869653767,6945.3,0,2003.0000000000002,2033.8000000000002
S3,qlearning,1,407,0.19405450041288191,5528.3,0,1668.96,1786.0000000000002
S3,qlearning,1,408,0.17138599105812222,6269.900000000001,0,1781.42,1881.2
S3,qlearning,1,409,0.16617969320672024,6630.900000000001,0,1985.84,2051.6
S3,qlearning,1,410,0.11157601115760112,6528.900000000001,0,1688.3600000000001,1740.6000000000001
S3,qlearning,1,411,0.1551661190215407,6318.5,0,1798.5,1840.4
S3,qlearning,1,412,0.13656227239621269,5836.3,1,1443.6000000000001,1466.2
S3,qlearning,1,413,0.09151090342679127,6497.400000000001,0,1903.7800000000002,1935.2000000000003
S3,qlearning,1,414,0.13822336896424622,7134.300000000001,3,2010.6800000000003,2094.6000000000004
S3,qlearning,1,415,0.12917933130699089,6778.700000000001,1,1924.4800000000002,1989.4000000000003
S3,qlearning,1,416,0.10535714285714286,6909.200000000001,2,2084.6800000000003,2092.3
S3,qlearning,1,417,0.17770295548073325,5898.1,5,1668.08,1749.6000000000001
S3,qlearning,1,418,0.18238261544431508,5368.1,0,1394.5200000000002,1406.3000000000002
S3,qlearning,1,419,0.17787264318747775,6425.900000000001,0,1912.7200000000003,2025.7000000000003
S3,qlearning,1,420,0.1944253269098417,5715.700000000001,1,1512.88,1517.6000000000001
S3,qlearning,1,421,0.21602513747054203,5760.25,0,1747.35,1845.4
S3,qlearning,1,422,0.21086780210867803,5665.3,0,1851.3,2027.4
S3,qlearning,1,423,0.17984189723320157,6095.0,0,1882.16,1935.9
S3,qlearning,1,424,0.20416666666666666,5698.900000000001,0,1419.44,1433.5
S3,qlearning,1,425,0.1848560255954497,6937.1,3,1790.76,1791.2
S3,qlearning,1,426,0.20659515295987285,5978.400000000001,2,1884.45,1996.0000000000002
S3,qlearning,1,427,0.19596651445966515,5477.05,0,1416.3600000000001,1427.8000000000002
S3,qlearning,1,428,0.2084130019120459,6073.3,2,1869.92,1911.4
S3,qlearning,1,429,0.1794425087108014,6570.0,1,2050.24,2182.7
S3,qlearning,1,430,0.15800944424264438,7652.200000000001,5,1943.6200000000001,1948.5
S3,qlearning,1,431,0.1732572360375051,6435.1,0,2036.6400000000003,2106.6000000000004
S3,qlearning,1,432,0.15552099533437014,6275.200000000001,1,1902.98,2008.7
S3,qlearning,1,433,0.1561897416120324,5834.6,0,1860.4,1911.7
S3,qlearning,1,434,0.16791711325473382,6189.700000000001,1,1761.2,1826.0
S3,qlearning,1,435,0.15433320142461418,6107.500000000001,2,2059.1200000000003,2141.6000000000004
S3,qlearning,1,436,0.14622798271851115,6648.900000000001,0,1869.96,1938.2
S3,qlearning,1,437,0.18702290076335878,6085.35,3,1769.8600000000001,1845.8500000000001
S3,qlearning,1,438,0.19358407079646017,6251.200000000001,1,2082.7200000000003,2164.3
S3,qlearning,1,439,0.18698870276587456,5643.900000000001,0,1536.98,1580.4
S3,qlearning,1,440,0.16979887899769205,7404.35,3,2396.6000000000004,2605.6000000000004
S3,qlearning,1,441,0.19372336303758234,6225.900000000001,0,1533.28,1592.6000000000001
S3,qlearning,1,442,0.18518518518518517,6354.000000000001,1,1686.7400000000002,1747.0000000000002
S3,qlearning,1,443,0.17471535139379663,6779.950000000001,10,1718.4900000000002,1741.1000000000001
S3,qlearning,1,444,0.15785739623980136,6597.3,6,1895.3000000000002,1970.6000000000001
S3,qlearning,1,445,0.2049808429118774,5763.3,0,1748.56,1847.4
S3,qlearning,1,446,0.20624749699639566,5780.5,3,1657.0,1695.6000000000001
S3,qlearning,1,447,0.17155110793423875,7197.1,1,2081.4,2119.1
S3,qlearning,1,448,0.15840477077897874,6724.300000000001,0,2033.12,2079.0
S3,qlearning,1,449,0.18260542168674698,5895.5,3,1662.82,1729.0
S3,qlearning,1,450,0.18241517694272164,6746.0,1,1867.64,1875.4
S3,qlearning,1,451,0.23929471032745592,6062.500000000001,2,1684.9200000000003,1697.2000000000003
S3,qlearning,1,452,0.20211560256894598,5527.150000000001,1,1525.0600000000002,1554.6000000000001
S3,qlearning,1,453,0.185121107266436,6040.3,0,1697.08,1756.0
S3,qlearning,1,454,0.21570319240724764,5090.900000000001,0,1433.82,1511.0
S3,qlearning,1,455,0.2084063047285464,6151.900000000001,0,1664.0200000000002,1677.8000000000002
S3,qlearning,1,456,0.17967332123411978,6814.200000000001,0,2038.64,2126.2000000000003
S3,qlearning,1,457,0.1870420362514462,5982.3,0,2044.92,2107.4
S3,qlearning,1,458,0.1668441604543841,6548.3,0,1828.82,1845.0
S3,qlearning,1,459,0.12756792577866136,7570.500000000001,0,2281.52,2413.6000000000004
S3,qlearning,1,460,0.16200294550810015,6747.1,0,2218.96,2355.0
S3,qlearning,1,461,0.15317286652078774,6311.5,0,1817.72,1909.9
S3,qlearning,1,462,0.155959896026736,6105.1,4,1776.96,1879.8000000000002
S3,qlearning,1,463,0.17435524881946968,6371.800000000001,1,2065.6800000000003,2153.1000000000004
S3,qlearning,1,464,0.13701201201201202,6532.000000000001,5,2471.2799999999997,2776.9
S3,qlearning,1,465,0.15140186915887852,6643.400000000001,0,2038.66,2134.2000000000003
S3,qlearning,1,466,0.18977227327207352,5873.3,0,1850.02,1970.2
S3,qlearning,1,467,0.15422696115765422,5988.700000000001,0,1683.5200000000002,1731.3000000000002
S3,qlearning,1,468,0.13728611221647433,5625.35,0,1663.1200000000001,1734.2000000000003
S3,qlearning,1,469,0.11790840738209159,7868.6,0,2533.08,2672.9
S3,qlearning,1,470,0.12422360248447205,6125.3,1,1797.8400000000001,1916.9000000000003
S3,qlearning,1,471,0.2063059556247567,6692.700000000001,1,1969.4,2024.1000000000001
S3,qlearning,1,472,0.1702442635085122,6276.1,0,1877.8200000000002,1932.2000000000003
S3,qlearning,1,473,0.21755872160184828,5908.900000000001,0,2066.32,2254.8
S3,qlearning,1,474,0.20739219712525667,5978.8,0,1823.96,1877.8000000000002
S3,qlearning,1,475,0.18812246403541127,6813.200000000001,0,2077.34,2168.8
S3,qlearning,1,476,0.13992537313432835,6489.500000000001,0,1957.26,2069.4
S3,qlearning,1,477,0.1553725196555597,5863.1,0,1714.7600000000002,1763.8000000000002
S3,qlearning,1,478,0.18114602587800369,5897.400000000001,0,1746.3200000000002,1793.3000000000002
S3,qlearning,1,479,0.14296323802450797,5989.5,2,1468.64,1471.8000000000002
S3,qlearning,1,480,0.2030757097791798,6417.8,0,1725.76,1780.9
S3,qlearning,1,481,0.2182782537739698,5914.0,0,1704.9,1717.6000000000001
S3,qlearning,1,482,0.18994855559952512,5277.5,1,1373.0400000000002,1382.8000000000002
S3,qlearning,1,483,0.1941022769690183,6653.200000000001,1,1991.68,2002.5
S3,qlearning,1,484,0.17875920084121977,7109.200000000001,0,2227.44,2235.5
S3,qlearning,1,485,0.1841305998481397,6407.6,6,1659.42,1665.4
S3,qlearning,1,486,0.25510204081632654,5223.5,1,1663.72,1779.8000000000002
S3,qlearning,1,487,0.17584097859327216,6644.1,5,2209.96,2346.4
S3,qlearning,1,488,0.1925172539048311,6292.700000000001,0,1903.96,1960.0
S3,qlearning,1,489,0.18788343558282208,5518.5,4,1745.7200000000003,1771.8000000000002
S3,qlearning,1,490,0.17884322678843226,6224.3,2,1625.88,1681.9
S3,qlearning,1,491,0.19822156354205261,5860.700000000001,1,1635.38,1684.6000000000001
S3,qlearning,1,492,0.2087771623348956,4860.3,0,1279.68,1302.9
S3,qlearning,1,493,0.17816527672479152,5918.3,0,1711.92,1819.8000000000002
S3,qlearning,1,494,0.16648168701442842,6256.400000000001,0,1984.4,2027.1000000000001
S3,qlearning,1,495,0.1987281399046105,5262.700000000001,2,1267.24,1277.2
S3,qlearning,1,496,0.13176638176638178,7682.1,8,2655.0,2878.0
S3,qlearning,1,497,0.1068215892053973,6342.1,4,1728.6200000000001,1790.6000000000001
S3,qlearning,1,498,0.20883054892601433,5721.3,3,1500.88,1517.4
S3,qlearning,1,499,0.22948269155970438,6308.05,0,1583.94,1639.4
S3,qlearning,1,500,0.22306238185255198,6053.400000000001,0,1765.8000000000002,1791.5000000000002
S3,qlearning,1,501,0.20768025078369906,6031.8,0,1488.0200000000002,1493.0000000000002
S3,qlearning,1,502,0.23819055244195356,5372.3,0,1769.8799999999999,1926.2
S3,qlearning,1,503,0.21335440537337022,6246.466666666667,3,1814.6733333333334,1830.6000000000001
S3,qlearning,1,504,0.19433345441336725,6082.500000000001,3,1780.6000000000001,1881.3000000000002
S3,qlearning,1,505,0.21306818181818182,5759.700000000001,0,1464.92,1478.7
S3,qlearning,1,506,0.18689986282578874,6644.500000000001,2,1755.66,1777.9
S3,qlearning,1,507,0.16602809706257982,5804.6,3,1678.8600000000001,1762.8000000000002
S3,qlearning,1,508,0.17734346724574737,6064.1,0,1640.92,1673.0
S3,qlearning,1,509,0.20477047704770476,5347.700000000001,0,1928.0,2149.4
S3,qlearning,1,510,0.18676627534685167,6765.3,2,1983.3999999999999,2119.5
S3,qlearning,1,511,0.21560574948665298,5306.700000000001,0,1700.36,1788.4
S3,qlearning,1,512,0.21645949421345906,5438.8,3,1541.94,1562.8000000000002
S3,qlearning,1,513,0.19181113980081152,5632.5,0,1367.6000000000001,1372.9
S3,qlearning,1,514,0.12195121951219512,6909.1,3,1923.88,1979.0000000000002
S3,qlearning,1,515,0.18478260869565216,6884.3,3,2001.4199999999998,2094.0
S3,qlearning,1,516,0.11517077045274027,6405.5,0,1908.16,2000.6000000000001
S3,qlearning,1,517,0.17471181556195967,5799.700000000001,0,1469.14,1486.8000000000002
S3,qlearning,1,518,0.16722408026755853,5695.8,0,1696.12,1799.9
S3,qlearning,1,519,0.17944843218738193,6243.500000000001,3,1759.3200000000002,1783.6000000000001
S3,qlearning,1,520,0.215633423180593,6521.6,1,2104.54,2128.0
S3,qlearning,1,521,0.2042728635682159,6018.1,1,1586.0400000000002,1637.8000000000002
S3,qlearning,1,522,0.20620581304006286,5845.900000000001,2,1560.2,1606.1000000000001
S3,qlearning,1,523,0.18853405155829164,7468.1,0,1802.3200000000002,1805.3000000000002
S3,qlearning,1,524,0.19406810692054194,5935.200000000001,0,1572.0400000000002,1622.9000000000003
S3,qlearning,1,525,0.21729587357330993,5391.650000000001,0,1548.38,1555.0000000000002
S3,qlearning,1,526,0.2368647717484927,5085.5,0,1596.08,1725.0
S3,qlearning,1,527,0.19508670520231214,6381.0,5,1674.8400000000001,1705.4
S3,qlearning,1,528,0.21800565199838515,5745.6,0,1484.7400000000002,1499.6000000000001
S3,qlearning,1,529,0.16079632465543645,6645.1,5,1876.78,1981.8000000000002
S3,qlearning,1,530,0.19687964338781574,6456.3166666666675,0,1932.7433333333333,2047.0666666666668
S3,qlearning,1,531,0.17737969792764313,6250.3,0,1766.3200000000002,1808.6000000000001
S3,qlearning,1,532,0.18103109012199922,6518.3,0,1674.8,1690.0
S3,qlearning,1,533,0.18426501035196688,5873.900000000001,5,1857.66,1946.4
S3,qlearning,1,534,0.21755027422303475,5816.500000000001,0,1562.1200000000001,1563.0000000000002
S3,qlearning,1,535,0.2003968253968254,6309.366666666667,0,2052.4933333333333,2070.8
S3,qlearning,1,536,0.17103762827822122,5866.133333333333,1,1867.2266666666665,2040.8333333333333
S3,qlearning,1,537,0.20336894001643385,5929.1,0,1618.4,1628.0
S3,qlearning,1,538,0.1836007130124777,5540.5,0,1425.92,1468.2
S3,qlearning,1,539,0.20763187429854096,5499.8,1,1517.2800000000002,1538.3000000000002
S3,qlearning,1,540,0.19160211985324094,5771.0,4,1923.8600000000001,1989.6000000000001
S3,qlearning,1,541,0.1739439119630813,6679.500000000001,0,2021.88,2091.4
S3,qlearning,1,542,0.20786516853932585,6394.0666666666675,0,2228.9733333333334,2362.366666666667
S3,qlearning,1,543,0.20552799433026223,6886.700000000001,0,2474.56,2725.6000000000004
S3,qlearning,1,544,0.18373171601855154,7198.500000000001,0,2068.02,2248.7000000000003
S3,qlearning,1,545,0.19397363465160075,6016.900000000001,0,1732.28,1806.1000000000001
S3,qlearning,1,546,0.19785502958579881,5839.700000000001,2,1424.7200000000003,1437.8000000000002
S3,qlearning,1,547,0.18564356435643564,6207.1,3,1797.1599999999999,1840.6
S3,qlearning,1,548,0.16081330868761554,6311.5,4,1622.0000000000002,1631.8000000000002
S3,qlearning,1,549,0.22506619593998234,5137.650000000001,1,1461.68,1486.4
S3,qlearning,1,550,0.15887509130752375,6472.400000000001,0,2109.6400000000003,2146.7000000000003
S3,qlearning,1,551,0.1307987443320544,6705.3,0,2023.52,2185.8
S3,qlearning,1,552,0.17891130567186905,6095.6,2,1692.6000000000001,1731.3000000000002
S3,qlearning,1,553,0.1889365017530191,5869.3,2,1845.2,2007.6000000000001
S3,qlearning,1,554,0.17590822179732313,7248.400000000001,3,2588.96,2887.2000000000003
S3,qlearning,1,555,0.1567524115755627,6187.900000000001,0,2089.04,2209.6
S3,qlearning,1,556,0.11867364746945899,7187.900000000001,4,2088.0800000000004,2092.3
S3,qlearning,1,557,0.16233766233766234,6390.500000000001,1,1814.64,1820.8000000000002
S3,qlearning,1,558,0.1493043773328809,6244.3,0,1760.6000000000001,1809.2000000000003
S3,qlearning,1,559,0.187998480820357,6728.200000000001,0,1704.48,1749.4
S3,qlearning,1,560,0.13096519555077143,6316.3,6,1760.12,1852.2
S3,qlearning,1,561,0.15870120394016782,6517.500000000001,4,2052.44,2166.2000000000003
S3,qlearning,1,562,0.19291338582677164,6148.0,0,1804.5,1866.8000000000002
S3,qlearning,1,563,0.20032051282051283,5623.900000000001,0,1707.8,1761.0
S3,qlearning,1,564,0.16630116959064328,6904.700000000001,0,2204.7200000000003,2298.2000000000003
S3,qlearning,1,565,0.12736535662299855,6007.1,7,1524.84,1551.8
S3,qlearning,1,566,0.1639955273947074,6567.400000000001,3,1961.5600000000002,1981.1000000000001
S3,qlearning,1,567,0.1462421325435024,6400.5,1,1808.6200000000001,1875.6000000000001
S3,qlearning,1,568,0.1731687898089172,6001.1,2,1685.72,1715.2
S3,qlearning,1,569,0.20140789988267502,6073.700000000001,0,2197.3599999999997,2412.4
S3,qlearning,1,570,0.16504126031507876,6090.3,2,1609.56,1651.2
S3,qlearning,1,571,0.16781083142639205,6473.700000000001,0,1967.16,2120.2000000000003
S3,qlearning,1,572,0.1750753012048193,6494.950000000001,2,2433.36,2660.8500000000004
S3,qlearning,1,573,0.17304860088365243,6224.900000000001,0,1692.5600000000002,1694.1000000000001
S3,qlearning,1,574,0.19319051262433054,6728.700000000001,0,2139.16,2235.8
S3,qlearning,1,575,0.1266952177016417,7636.3,0,2526.88,2588.2000000000003
S3,qlearning,1,576,0.11486779367143476,5020.3,0,1586.3200000000002,1659.8000000000002
S3,qlearning,1,577,0.14466904478795084,6610.200000000001,0,2029.14,2162.8
S3,qlearning,1,578,0.17362546506821,5389.450000000001,0,1714.46,1785.4
S3,qlearning,1,579,0.13350883790898835,5759.3,4,1863.24,1962.8000000000002
S3,qlearning,1,580,0.1515748031496063,5689.950000000001,3,1608.5600000000002,1659.6000000000001
S3,qlearning,1,581,0.14435695538057744,6048.900000000001,4,1719.92,1778.2
S3,qlearning,1,582,0.16159338594513342,6902.400000000001,0,2427.0200000000004,2563.0000000000005
S3,qlearning,1,583,0.16974726518294983,5829.900000000001,0,1884.2400000000002,1983.2000000000003
S3,qlearning,1,584,0.18984962406015038,5831.5,1,1811.96,1930.0
S3,qlearning,1,585,0.16679160419790104,6239.900000000001,3,1915.24,2046.5000000000002
S3,qlearning,1,586,0.14590347923681257,5700.3,0,1762.16,1871.4
S3,qlearning,1,587,0.1633627019089574,6087.200000000001,1,2209.16,2412.0
S3,qlearning,1,588,0.1733232856066315,6342.166666666667,0,1903.8133333333335,1941.8000000000002
S3,qlearning,1,589,0.1738632021398548,6133.5,6,1456.52,1470.4
S3,qlearning,1,590,0.18689859363434494,6438.400000000001,0,2153.84,2220.5
S3,qlearning,1,591,0.2222222222222222,5015.950000000001,0,1388.0800000000002,1405.3000000000002
S3,qlearning,1,592,0.1898967551622419,6232.1,5,1670.7800000000002,1698.8000000000002
S3,qlearning,1,593,0.1681109185441941,6706.3,2,1741.76,1841.6000000000001
S3,qlearning,1,594,0.17744202389318342,6605.900000000001,2,2074.7999999999997,2240.2
S3,qlearning,1,595,0.19391083725987676,6374.500000000001,5,1867.66,1914.0000000000002
S3,qlearning,1,596,0.1769120800571837,7232.700000000001,0,1927.64,1994.8000000000002
S3,qlearning,1,597,0.19626894675476098,5872.1,0,1597.94,1657.4
S3,qlearning,1,598,0.2190082644628099,5807.8,4,1647.8400000000001,1698.9
S3,qlearning,1,599,0.16970802919708028,6323.3,1,1688.1000000000001,1725.6000000000001
S3,qlearning,1,600,0.18472022955523673,6087.900000000001,2,1709.32,1752.2
S3,qlearning,1,601,0.20234493192133132,5476.5,0,1369.3,1398.0
S3,qlearning,1,602,0.17985611510791366,5256.700000000001,6,1346.0000000000002,1365.8000000000002
S3,qlearning,1,603,0.17721099701888043,6557.3,0,1897.56,1974.2
S3,qlearning,1,604,0.17316806416332484,6688.1,2,2179.34,2367.4
S3,qlearning,1,605,0.13822336896424622,6062.900000000001,0,1709.78,1800.2
S3,qlearning,1,606,0.11459589867310012,6015.1,0,2095.36,2186.8
S3,qlearning,1,607,0.18892630003741115,5979.3,0,1892.8,2013.1000000000001
S3,qlearning,1,608,0.19955654101995565,5566.5,0,1421.28,1461.0
S3,qlearning,1,609,0.16577743902439024,5787.500000000001,3,1910.4,2049.6000000000004
S3,qlearning,1,610,0.13036164844407064,5761.5,4,1640.76,1657.2
S3,qlearning,1,611,0.15249372084678867,7253.700000000001,4,1875.4800000000002,1888.8000000000002
S3,qlearning,1,612,0.15534312051894844,7483.3,7,2296.2400000000002,2412.6000000000004
S3,qlearning,1,613,0.14626218851570963,7022.166666666667,0,2068.6000000000004,2135.2000000000003
S3,qlearning,1,614,0.18496654860291223,5017.700000000001,0,1201.72,1209.6000000000001
S3,qlearning,1,615,0.16276517922457936,6325.900000000001,1,2037.4800000000005,2054.0000000000005
S3,qlearning,1,616,0.19726858877086495,6243.0,0,1975.14,2087.8
S3,qlearning,1,617,0.18968692449355432,5881.900000000001,0,1567.28,1603.1000000000001
S3,qlearning,1,618,0.16045739579490964,6521.900000000001,0,1724.8000000000002,1776.6000000000001
S3,qlearning,1,619,0.15791406536907823,6176.1,4,1578.5600000000002,1585.6000000000001
S3,qlearning,1,620,0.20080321285140562,6149.500000000001,2,1523.8600000000001,1530.4
S3,qlearning,1,621,0.1716158889317393,5685.966666666667,0,1557.9933333333333,1624.6666666666667
S3,qlearning,1,622,0.1908241981323589,5827.400000000001,0,2029.5200000000002,2165.7000000000003
S3,qlearning,1,623,0.17062314540059348,6361.900000000001,0,2089.6400000000003,2272.6000000000004
S3,qlearning,1,624,0.13893967093235832,6604.35,0,1893.2600000000002,1914.4000000000003
S3,qlearning,1,625,0.16110902959910078,6468.500000000001,3,2223.94,2451.4
S3,qlearning,1,626,0.17348429510591673,7087.233333333334,0,2421.826666666667,2563.5333333333338
S3,qlearning,1,627,0.18092725216735772,5824.3,4,1930.36,2111.4
S3,qlearning,1,628,0.24060785141409877,5397.900000000001,0,1577.5200000000002,1649.2000000000003
S3,qlearning,1,629,0.2252614641995173,5451.900000000001,0,1588.76,1683.4
S3,qlearning,1,630,0.20833333333333334,5725.900000000001,0,1798.56,1912.4
S3,qlearning,1,631,0.1818830242510699,6734.900000000001,0,2105.88,2123.4
S3,qlearning,1,632,0.15446855461566752,6228.1,0,1629.1200000000001,1663.2
S3,qlearning,1,633,0.16318298496516317,5773.700000000001,0,1707.84,1773.2
S3,qlearning,1,634,0.17967332123411978,5993.700000000001,0,1719.64,1782.3000000000002
S3,qlearning,1,635,0.16743038420867112,7030.55,0,1927.5600000000002,1947.6000000000001
S3,qlearning,1,636,0.1789149672951135,6492.1,0,1792.76,1928.6000000000001
S3,qlearning,1,637,0.16719118804091268,5621.650000000001,0,1825.77,2018.0000000000002
S3,qlearning,1,638,0.1906779661016949,5622.1,0,1571.7,1623.2
S3,qlearning,1,639,0.17320137038446898,6129.3,2,1914.2799999999997,2085.2
S3,qlearning,1,640,0.1484947111472742,5510.5,0,1479.68,1483.8000000000002
S3,qlearning,1,641,0.1715592832634388,6342.900000000001,3,1787.7600000000002,1814.6000000000001
S3,qlearning,1,642,0.16412213740458015,6333.700000000001,0,2199.24,2403.4
S3,qlearning,1,643,0.1527570789865872,6063.900000000001,2,1568.7,1612.6000000000001
S3,qlearning,1,644,0.17596405840509172,6720.450000000001,0,1722.22,1750.5
S3,qlearning,1,645,0.14673913043478262,6270.700000000001,8,1680.2800000000002,1701.8000000000002
S3,qlearning,1,646,0.15743550834597875,6704.0,0,1946.88,1989.2
S3,qlearning,1,647,0.167853509664293,7580.1,2,2616.36,2876.8
S3,qlearning,1,648,0.17466329966329966,5516.1,3,1699.2,1816.4
S3,qlearning,1,649,0.1872871736662883,6088.1,5,1651.82,1698.2
S3,qlearning,1,650,0.17787333854573886,6006.900000000001,0,2157.08,2390.0
S3,qlearning,1,651,0.12436844150796736,5783.700000000001,0,1587.48,1685.4
S3,qlearning,1,652,0.1818830242510699,7025.1,1,2160.38,2306.8
S3,qlearning,1,653,0.16801075268817203,6549.0,1,2020.82,2067.0
S3,qlearning,1,654,0.1773049645390071,7678.900000000001,4,2748.7200000000003,2910.2000000000003
S3,qlearning,1,655,0.1708469647400945,5850.5,6,1781.64,1887.2000000000003
S3,qlearning,1,656,0.1606351550960118,7150.6,2,2091.08,2175.6
S3,qlearning,1,657,0.17896678966789667,6538.8,4,1798.6,1907.5
S3,qlearning,1,658,0.19888475836431227,6100.1,1,1839.88,1910.1000000000001
S3,qlearning,1,659,0.18852115626309174,5508.700000000001,0,1484.64,1510.9
S3,qlearning,1,660,0.18315018315018314,6322.000000000001,0,1856.5800000000002,1930.8000000000002
S3,qlearning,1,661,0.19559437903532093,5978.3,0,1567.44,1573.6000000000001
S3,qlearning,1,662,0.2066772655007949,6460.6,0,1820.6000000000001,1920.1000000000001
S3,qlearning,1,663,0.19230769230769232,6018.3,2,1923.56,2077.0
S3,qlearning,1,664,0.18168054504163514,7389.650000000001,0,2091.08,2167.8
S3,qlearning,1,665,0.16748212269476853,5838.3,0,1489.24,1520.7
S3,qlearning,1,666,0.15045871559633028,7450.200000000001,0,2329.0,2387.5
S3,qlearning,1,667,0.20015396458814472,5852.700000000001,0,1622.44,1627.6000000000001
S3,qlearning,1,668,0.17908604363935776,6095.400000000001,0,2226.06,2452.7000000000003
S3,qlearning,1,669,0.13847858197932053,5989.1,0,1540.5600000000002,1541.6000000000001
S3,qlearning,1,670,0.11706278822277404,7201.900000000001,1,2246.2000000000003,2334.2000000000003
S3,qlearning,1,671,0.21551724137931033,5817.5,2,1767.76,1903.8000000000002
S3,qlearning,1,672,0.19161676646706588,5933.900000000001,0,1723.72,1769.6000000000001
S3,qlearning,1,673,0.1304009342156481,5767.900000000001,0,1409.0800000000002,1428.2
S3,qlearning,1,674,0.20463320463320464,5734.1,0,1640.46,1728.4
S3,qlearning,1,675,0.18241167434715821,5507.8,4,1514.04,1607.9
S3,qlearning,1,676,0.1846640872317974,6711.3,0,2047.4800000000002,2059.6000000000004
S3,qlearning,1,677,0.2242911553110453,5688.950000000001,3,1739.8400000000001,1807.3000000000002
S3,qlearning,1,678,0.2108662613981763,5464.450000000001,2,1379.3600000000001,1384.4
S3,qlearning,1,679,0.2167357708254806,6781.950000000001,1,2440.03,2636.5000000000005
S3,qlearning,1,680,0.22937625754527163,5795.1,0,1753.16,1778.8000000000002
S3,qlearning,1,681,0.2512337371018394,5406.700000000001,1,1820.8400000000001,1917.3000000000002
S3,qlearning,1,682,0.17001545595054096,6080.700000000001,1,1661.1399999999999,1698.6
S3,qlearning,1,683,0.17623363544813697,7499.3,3,2131.42,2149.6
S3,qlearning,1,684,0.21447721179624665,6256.25,1,2205.16,2308.5
S3,qlearning,1,685,0.14575645756457564,6534.6,0,1861.04,1984.2
S3,qlearning,1,686,0.1266713581984518,7458.000000000001,0,2163.6400000000003,2298.5000000000005
S3,qlearning,1,687,0.1725445582100872,6058.1,0,1927.8000000000002,2047.2000000000003
S3,qlearning,1,688,0.14434643143544507,6575.85,3,1888.96,1968.0000000000002
S3,qlearning,1,689,0.08843036109064112,6203.700000000001,0,1867.72,1969.6000000000001
S3,qlearning,1,690,0.1553672316384181,6561.900000000001,2,2026.0400000000002,2097.2000000000003
S3,qlearning,1,691,0.12942034269048486,6944.3,2,2352.6800000000003,2607.6000000000004
S3,qlearning,1,692,0.15631183221210923,6251.1,2,1627.56,1636.8
S3,qlearning,1,693,0.16271666077113547,6480.900000000001,0,1870.4,1908.8000000000002
S3,qlearning,1,694,0.1166077738515901,7338.700000000001,0,2259.02,2331.4
S3,qlearning,1,695,0.16109544905356424,5534.200000000001,0,1456.6000000000001,1489.1000000000001
S3,qlearning,1,696,0.20225593154414626,5613.900000000001,0,1491.82,1525.4
S3,qlearning,1,697,0.20032051282051283,5736.1,0,1596.8799999999999,1677.8
S3,qlearning,1,698,0.17857142857142858,6497.950000000001,0,1766.4,1817.0000000000002
S3,qlearning,1,699,0.1740627390971691,6586.250000000001,0,1990.4,2048.0
S3,qlearning,1,700,0.16640866873065016,7004.400000000001,1,2130.84,2211.9
S3,qlearning,1,701,0.14352350197344815,6250.5,0,1637.8000000000002,1701.1000000000001
S3,qlearning,1,702,0.19090909090909092,6489.000000000001,0,1760.8200000000002,1794.5000000000002
S3,qlearning,1,703,0.2206169465052714,5502.700000000001,0,1561.0,1608.0
S3,qlearning,1,704,0.19020781965480804,6238.700000000001,1,1689.8400000000001,1725.3000000000002
S3,qlearning,1,705,0.22961203483768805,5162.3,2,1433.84,1468.0
S3,qlearning,1,706,0.19435975609756098,6350.133333333333,0,1824.96,1942.5
S3,qlearning,1,707,0.18224467701190905,6169.900000000001,1,2134.3999999999996,2325.0
S3,qlearning,1,708,0.1825780906291245,5952.6,3,1562.1000000000001,1597.6000000000001
S3,qlearning,1,709,0.1623134328358209,6704.1,5,1723.92,1739.9
S3,qlearning,1,710,0.17585206671501089,5540.1,3,1540.7600000000002,1566.4
S3,qlearning,1,711,0.17569021154535677,6893.8,2,2052.0,2126.8
S3,qlearning,1,712,0.2131782945736434,6390.1,0,2093.84,2313.8
S3,qlearning,1,713,0.20420070011668612,6100.5,2,2004.4,2108.2000000000003
S3,qlearning,1,714,0.16112084063047286,7397.500000000001,0,2178.96,2310.2000000000003
S3,qlearning,1,715,0.1656726308813784,7179.6,3,2026.48,2119.4
S3,qlearning,1,716,0.193001443001443,6275.500000000001,4,1716.0200000000002,1741.8000000000002
S3,qlearning,1,717,0.2178988326848249,6099.3,1,1983.6000000000001,2027.8000000000002
S3,qlearning,1,718,0.20605397520058352,6451.700000000001,2,1762.58,1888.3000000000002
S3,qlearning,1,719,0.22179732313575526,5274.6,0,1390.0800000000002,1428.6000000000001
S3,qlearning,1,720,0.18584703359542531,6891.700000000001,0,1797.72,1822.6000000000001
S3,qlearning,1,721,0.20849273144605968,6006.700000000001,0,1743.6200000000001,1801.4
S3,qlearning,1,722,0.19626894675476098,5653.700000000001,0,1603.1999999999998,1691.0
S3,qlearning,1,723,0.1967276977015972,6346.0,0,2126.12,2315.1000000000004
S3,qlearning,1,724,0.19164430816404754,5931.85,0,1758.3000000000002,1817.6000000000001
S3,qlearning,1,725,0.19294605809128632,5059.700000000001,4,1591.4,1700.4
S3,qlearning,1,726,0.19664967225054625,5625.3,0,1519.44,1559.8000000000002
S3,qlearning,1,727,0.20178502134264648,6329.700000000001,1,1857.3000000000002,1916.6000000000001
S3,qlearning,1,728,0.2185899960614415,6112.6,0,1821.1600000000003,1850.9000000000003
S3,qlearning,1,729,0.20946470131885184,5807.3,1,1541.3,1575.4
S3,qlearning,1,730,0.19596429957314707,6649.700000000001,0,1910.02,1992.8000000000002
S3,qlearning,1,731,0.1971326164874552,5554.3,3,1524.3200000000002,1565.6000000000001
S3,qlearning,1,732,0.19265394310406914,6841.400000000001,3,1997.9199999999998,2103.1
S3,qlearning,1,733,0.2068696330991413,6161.1,1,1733.68,1735.4
S3,qlearning,1,734,0.20056298381421533,6096.700000000001,1,1655.28,1683.6000000000001
S3,qlearning,1,735,0.20107238605898123,5948.8,5,1818.9,1883.2000000000003
S3,qlearning,1,736,0.19370924434215572,5767.900000000001,0,2024.6799999999998,2228.6
S3,qlearning,1,737,0.19578313253012047,5529.1,0,1371.4,1381.2
S3,qlearning,1,738,0.19453207150368035,6778.900000000001,3,2203.48,2372.2000000000003
S3,qlearning,1,739,0.2064469395146686,5970.6,3,1968.3600000000001,2096.3
S3,qlearning,1,740,0.224,6168.8,0,1923.96,2069.8
S3,qlearning,1,741,0.18250813155041562,6895.700000000001,5,1982.7,2050.0
S3,qlearning,1,742,0.20772058823529413,5557.5,0,1394.46,1396.0
S3,qlearning,1,743,0.19042010208087948,6057.1,0,1559.94,1561.7
S3,qlearning,1,744,0.17478813559322035,6549.3,2,1897.38,1983.8000000000002
S3,qlearning,1,745,0.17616580310880828,6057.1,0,1597.02,1623.2
S3,qlearning,1,746,0.20166073546856464,5907.1,0,1702.46,1750.8000000000002
S3,qlearning,1,747,0.20610057708161583,6144.633333333334,1,1490.5866666666668,1493.1333333333334
S3,qlearning,1,748,0.21226415094339623,5596.75,2,1530.68,1573.65
S3,qlearning,1,749,0.21443888491779842,5403.35,0,1602.04,1650.2
S3,qlearning,1,750,0.20270270270270271,6171.3,1,1917.8000000000002,1977.0000000000002
S3,qlearning,1,751,0.1930856932695844,6191.6,1,1656.1200000000001,1661.1000000000001
S3,qlearning,1,752,0.18984889577683067,5706.200000000001,0,1676.02,1750.9
S3,qlearning,1,753,0.2062908496732026,5961.3,0,1692.58,1713.0
S3,qlearning,1,754,0.19166973829708808,6823.8,0,1902.8000000000002,1975.0000000000002
S3,qlearning,1,755,0.10954326030449313,5911.700000000001,1,1527.02,1542.0
S3,qlearning,1,756,0.20528455284552846,5046.5,0,1566.4,1642.6000000000001
S3,qlearning,1,757,0.16666666666666666,6048.3,0,1850.04,1920.8000000000002
S3,qlearning,1,758,0.1081282624906786,6588.8,0,1631.04,1633.7
S3,qlearning,1,759,0.1664730933023616,6186.700000000001,3,1647.3600000000001,1687.6000000000001
S3,qlearning,1,760,0.14892844169996367,6976.200000000001,5,1962.08,2030.3
S3,qlearning,1,761,0.17600302800908402,6106.5,2,1783.5600000000002,1800.4
S3,qlearning,1,762,0.12215252558600198,7313.1,0,2053.54,2114.2000000000003
S3,qlearning,1,763,0.15703971119133575,6215.8,6,1836.96,1935.3000000000002
S3,qlearning,1,764,0.2084108671380722,6054.5,1,1583.5,1588.2
S3,qlearning,1,765,0.18689925240299038,6783.500000000001,1,1875.68,1928.8000000000002
S3,qlearning,1,766,0.189873417721519,6915.900000000001,0,1870.2400000000002,1906.2000000000003
S3,qlearning,1,767,0.1569111424541608,7029.1,0,2407.7599999999998,2556.6
S3,qlearning,1,768,0.10738987986894795,6910.400000000001,3,2529.92,2753.1000000000004
S3,qlearning,1,769,0.20485282418456643,5733.8,0,1662.14,1681.8000000000002
S3,qlearning,1,770,0.13795674869500374,6544.3,0,2073.76,2164.6000000000004
S3,qlearning,1,771,0.12775842044134728,6313.900000000001,0,2034.52,2068.0
S3,qlearning,1,772,0.19604037267080746,5629.5,4,1463.28,1496.0
S3,qlearning,1,773,0.1382144191258872,7018.1,0,1847.8,1938.2
S3,qlearning,1,774,0.14046941678520625,6675.900000000001,0,1904.6200000000001,2004.6000000000004
S3,qlearning,1,775,0.1652892561983471,6599.8,0,1824.8,1855.9
S3,qlearning,1,776,0.11192589733693555,6965.6,0,2233.84,2332.8
S3,qlearning,1,777,0.13964454116793618,6827.700000000001,1,2274.6400000000003,2434.6000000000004
S3,qlearning,1,778,0.18158473954512105,5913.3,1,1545.6000000000001,1562.4
S3,qlearning,1,779,0.16093635698610095,6850.300000000001,0,2161.44,2227.4
S3,qlearning,1,780,0.18835019183815835,7049.900000000001,0,2147.6400000000003,2187.2000000000003
S3,qlearning,1,781,0.1766304347826087,5989.3,0,1774.7,1828.8000000000002
S3,qlearning,1,782,0.19681908548707752,5896.700000000001,0,1885.5800000000002,2006.0000000000002
S3,qlearning,1,783,0.20280811232449297,5579.1,0,1605.4,1697.2000000000003
S3,qlearning,1,784,0.20288724151385096,6143.900000000001,1,1616.04,1647.4
S3,qlearning,1,785,0.2134387351778656,5920.700000000001,0,1760.72,1798.6000000000001
S3,qlearning,1,786,0.22151898734177214,5506.900000000001,0,1721.7600000000002,1768.0000000000002
S3,qlearning,1,787,0.1913623595505618,6231.1,0,2038.92,2188.6000000000004
S3,qlearning,1,788,0.19208153665229322,6179.200000000001,3,1950.2200000000003,2065.1000000000004
S3,qlearning,1,789,0.18741159830268742,5884.5,0,1596.4800000000002,1647.0000000000002
S3,qlearning,1,790,0.2113237639553429,5459.3,2,1755.72,1863.2000000000003
S3,qlearning,1,791,0.23377125193199383,5710.3,0,1777.48,1810.2
S3,qlearning,1,792,0.21061158363710003,5899.200000000001,0,1747.6399999999999,1893.4
S3,qlearning,1,793,0.20095870206489674,5310.650000000001,0,1456.3600000000001,1479.6000000000001
S3,qlearning,1,794,0.19736842105263158,5543.3,0,1667.48,1750.6000000000001
S3,qlearning,1,795,0.20077972709551656,5799.200000000001,11,1694.06,1790.8000000000002
S3,qlearning,1,796,0.2150117279124316,5011.1,3,1286.92,1290.8000000000002
S3,qlearning,1,797,0.21256931608133087,6663.733333333334,0,2202.2066666666665,2407.3333333333335
S3,qlearning,1,798,0.19451962110960758,6795.3,1,1953.8799999999999,2021.2
S3,qlearning,1,799,0.20270270270270271,5916.883333333333,7,1562.5166666666667,1578.5
S3,qlearning,1,800,0.19473684210526315,7376.5,3,2448.96,2609.0
S3,qlearning,1,801,0.19038461538461537,6085.700000000001,8,1571.48,1587.0
S3,qlearning,1,802,0.1839738348323794,5720.6,4,1222.04,1224.2
S3,qlearning,1,803,0.19813084112149532,6491.250000000001,0,1611.9600000000003,1625.2000000000003
S3,qlearning,1,804,0.19914651493598862,6798.400000000001,0,2024.0,2030.5
S3,qlearning,1,805,0.20939548434085944,5618.900000000001,1,1495.72,1553.6000000000001
S3,qlearning,1,806,0.2007959479015919,6878.900000000001,2,2263.4,2411.8
S3,qlearning,1,807,0.18464880521361332,6769.8,3,2028.0800000000002,2080.7000000000003
S3,qlearning,1,808,0.18745493871665464,6561.500000000001,2,1807.9200000000003,1822.0000000000002
S3,qlearning,1,809,0.16031350195938723,7152.500000000001,4,1692.4800000000002,1694.2000000000003
S3,qlearning,1,810,0.2075542258788332,5779.3,0,1707.28,1805.4
S3,qlearning,1,811,0.21425999279798344,6533.6,0,1929.8200000000002,2033.5000000000002
S3,qlearning,1,812,0.1873453517143867,7118.700000000001,2,2273.8,2427.6000000000004
S3,qlearning,1,813,0.19230769230769232,7302.1,4,2394.84,2494.8
S3,qlearning,1,814,0.1897810218978102,6371.3,0,1858.8000000000002,1881.9
S3,qlearning,1,815,0.17967542503863987,6473.0,7,1693.28,1712.5
S3,qlearning,1,816,0.1742627345844504,7143.200000000001,2,2157.38,2262.4
S3,qlearning,1,817,0.21080873898045227,5404.200000000001,0,1571.6399999999999,1644.7
S3,qlearning,1,818,0.21334367726920092,7393.700000000001,2,1984.8400000000001,2061.2000000000003
S3,qlearning,1,819,0.21638330757341576,5524.400000000001,0,1602.8400000000001,1637.2000000000003
S3,qlearning,1,820,0.2131709173962695,5905.1,0,1536.74,1542.0
S3,qlearning,1,821,0.17830882352941177,7113.900000000001,3,2085.4400000000005,2178.0000000000005
S3,qlearning,1,822,0.18956521739130436,6599.6,2,1796.3600000000001,1806.7
S3,qlearning,1,823,0.19294743845642048,6561.400000000001,2,1793.5200000000002,1837.1000000000001
S3,qlearning,1,824,0.22341745966073645,5644.3,2,1506.2600000000002,1508.6000000000001
S3,qlearning,1,825,0.21398547955674435,6500.1,2,1654.26,1703.0
S3,qlearning,1,826,0.19195612431444242,6380.500000000001,1,2033.8600000000001,2198.8
S3,qlearning,1,827,0.23100420007636502,6002.900000000001,0,1813.3200000000002,1869.6000000000001
S3,qlearning,1,828,0.1575984990619137,6988.3,5,2193.96,2267.8
S3,qlearning,1,829,0.19111969111969113,5921.900000000001,0,1566.48,1591.8000000000002
S3,qlearning,1,830,0.20239013107170392,6088.400000000001,3,1545.78,1555.2
S3,qlearning,1,831,0.21213322759714512,6246.500000000001,0,1698.3600000000001,1769.5000000000002
S3,qlearning,1,832,0.19985850725150336,6803.1,1,2066.36,2145.6000000000004
S3,qlearning,1,833,0.1833146277590722,7026.400000000001,2,2350.12,2530.7000000000003
S3,qlearning,1,834,0.18608695652173912,7115.8,0,1930.0600000000002,2016.5000000000002
S3,qlearning,1,835,0.21436848203939746,5365.1,0,1426.4600000000003,1426.8000000000002
S3,qlearning,1,836,0.19564340459862847,5700.1,1,1617.2,1639.4
S3,qlearning,1,837,0.18752253876667868,6853.716666666667,3,2011.7333333333333,2109.4666666666667
S3,qlearning,1,838,0.20681265206812652,6770.000000000001,6,1800.1200000000003,1802.4000000000003
S3,qlearning,1,839,0.20479134466769705,5873.1,0,1631.96,1716.0
S3,qlearning,1,840,0.18920944173847884,5936.1,0,1906.06,2014.4
S3,qlearning,1,841,0.2258444619010212,6217.000000000001,0,1943.0000000000002,1985.0000000000002
S3,qlearning,1,842,0.2132412672623883,5663.200000000001,0,1802.2700000000002,1868.7000000000003
S3,qlearning,1,843,0.22520661157024793,6230.950000000001,0,1881.79,1957.3000000000002
S3,qlearning,1,844,0.18723729461215133,5801.900000000001,2,1619.6000000000001,1632.6000000000001
S3,qlearning,1,845,0.2144212523719165,5110.5,0,1321.84,1323.0
S3,qlearning,1,846,0.21116138763197587,6472.500000000001,0,2049.12,2164.0
S3,qlearning,1,847,0.1868170602749383,7238.300000000001,5,1968.1200000000001,1990.6000000000001
S3,qlearning,1,848,0.20428802588996764,5405.1,2,1568.92,1609.8000000000002
S3,qlearning,1,849,0.2026221692491061,5185.900000000001,0,1380.72,1443.2
S3,qlearning,1,850,0.20904599011782593,5633.1,0,1565.96,1601.4
S3,qlearning,1,851,0.1848151848151848,6555.500000000001,0,1884.16,1891.2
S3,qlearning,1,852,0.1778436457947388,7094.35,1,2048.4300000000003,2090.3
S3,qlearning,1,853,0.19509476031215162,6180.5,2,2172.04,2373.8
S3,qlearning,1,854,0.19958706125258086,5991.400000000001,1,1688.92,1702.3000000000002
S3,qlearning,1,855,0.1990811638591118,6662.400000000001,0,1799.14,1839.8000000000002
S3,qlearning,1,856,0.1789149672951135,6183.0,4,1697.8000000000002,1729.3000000000002
S3,qlearning,1,857,0.19038461538461537,6475.8,2,2124.22,2356.8
S3,qlearning,1,858,0.20362828582006665,5561.900000000001,1,1376.24,1394.0
S3,qlearning,1,859,0.2182385035074045,5768.700000000001,0,1736.64,1777.2000000000003
S3,qlearning,1,860,0.23205077350257836,5541.700000000001,0,1623.3200000000002,1684.5000000000002
S3,qlearning,1,861,0.22113502935420742,5755.450000000001,0,1835.48,1875.4
S3,qlearning,1,862,0.20789288231148698,6598.6,0,1723.0800000000002,1780.6000000000001
S3,qlearning,1,863,0.24118362383461694,5215.5,1,1456.0,1463.4
S3,qlearning,1,864,0.19978205593897566,6008.1,3,1639.9600000000003,1686.0000000000002
S3,qlearning,1,865,0.1933183183183183,5955.5,4,1696.7600000000002,1742.3000000000002
S3,qlearning,1,866,0.21739130434782608,5731.900000000001,0,1805.56,1901.6000000000001
S3,qlearning,1,867,0.2,6362.700000000001,0,1766.76,1843.0
S3,qlearning,1,868,0.2174735249621785,5428.900000000001,0,1620.32,1732.2
S3,qlearning,1,869,0.21341463414634146,6119.700000000001,2,1702.52,1721.4
S3,qlearning,1,870,0.19586507072905332,6339.400000000001,0,1808.7400000000002,1835.0000000000002
S3,qlearning,1,871,0.21888933927847587,5225.1,0,1383.92,1421.6000000000001
S3,qlearning,1,872,0.1983503534956795,6147.900000000001,1,1685.6599999999999,1722.8
S3,qlearning,1,873,0.18771331058020477,7247.3,0,2506.66,2745.4
S3,qlearning,1,874,0.1972062448644207,5368.1,2,1442.88,1469.6000000000001
S3,qlearning,1,875,0.189453125,6226.650000000001,0,1906.52,1981.2
S3,qlearning,1,876,0.23400936037441497,5736.500000000001,2,1554.3200000000002,1560.0000000000002
S3,qlearning,1,877,0.19250962548127407,5980.1,3,1636.16,1669.2
S3,qlearning,1,878,0.20550458715596331,5670.3,2,1550.28,1592.1000000000001
S3,qlearning,1,879,0.22956101490132905,6094.633333333334,0,1806.2666666666667,1886.2
S3,qlearning,1,880,0.2167357708254806,5936.700000000001,1,1801.6200000000001,1887.0000000000002
S3,qlearning,1,881,0.1924364123159304,6500.700000000001,0,2116.76,2252.4
S3,qlearning,1,882,0.22113022113022113,5563.6,4,1663.34,1702.2
S3,qlearning,1,883,0.22727272727272727,5994.8,0,1828.0800000000002,1871.1000000000001
S3,qlearning,1,884,0.22529344945096555,5686.900000000001,0,1692.0200000000002,1792.4000000000003
S3,qlearning,1,885,0.1939574785527788,6110.200000000001,3,1513.28,1527.7
S3,qlearning,1,886,0.20657995409334354,6612.900000000001,0,1745.0800000000002,1788.0000000000002
S3,qlearning,1,887,0.226047283284944,4694.700000000001,5,1264.98,1309.8000000000002
S3,qlearning,1,888,0.21652832912306028,6414.8,0,1645.66,1653.7
S3,qlearning,1,889,0.22427440633245382,6332.1,0,1859.2,1942.2
S3,qlearning,1,890,0.2418664383561644,5022.8,0,1491.6000000000001,1550.8000000000002
S3,qlearning,1,891,0.19495412844036697,5199.700000000001,5,1424.04,1456.0
S3,qlearning,1,892,0.19863994273443092,6497.75,2,1840.97,1877.9
S3,qlearning,1,893,0.2271880819366853,5784.3,1,1569.44,1579.2
S3,qlearning,1,894,0.23260284505959247,6065.700000000001,1,1734.0000000000002,1742.2000000000003
S3,qlearning,1,895,0.2099629477151091,5563.900000000001,4,1641.76,1681.2
S3,qlearning,1,896,0.2041849476881539,7074.000000000001,0,2471.84,2577.1000000000004
S3,qlearning,1,897,0.2172211350293542,6461.700000000001,1,1842.3000000000002,1944.0000000000002
S3,qlearning,1,898,0.20625889046941678,6517.3,0,2157.88,2358.2000000000003
S3,qlearning,1,899,0.21379588543767647,5723.900000000001,5,1581.7400000000002,1609.8000000000002
S3,qlearning,1,900,0.20589346429920666,6463.6,5,1702.1600000000003,1718.7000000000003
S3,qlearning,1,901,0.20061203672220332,7397.250000000001,2,2763.69,3104.7000000000003
S3,qlearning,1,902,0.21107266435986158,6467.500000000001,0,1828.7800000000002,1862.8000000000002
S3,qlearning,1,903,0.1903735632183908,6797.0,4,2139.38,2254.8
S3,qlearning,1,904,0.24208566108007448,4831.3,2,1109.68,1110.8
S3,qlearning,1,905,0.20415879017013233,5451.0,1,1561.28,1646.1000000000001
S3,qlearning,1,906,0.1864156515319306,5986.500000000001,0,1815.6,1934.9
S3,qlearning,1,907,0.20904599011782593,6042.5,0,1688.2800000000002,1750.8000000000002
S3,qlearning,1,908,0.20329477742726954,6166.5,0,1433.46,1453.4
S3,qlearning,1,909,0.2131637995512341,6011.900000000001,0,1880.1200000000001,1982.3000000000002
S3,qlearning,1,910,0.2546972860125261,5018.700000000001,0,1672.6000000000001,1819.0000000000002
S3,qlearning,1,911,0.2138157894736842,6611.6,0,1861.76,1888.2
S3,qlearning,1,912,0.20117932708983696,7611.500000000001,0,2186.36,2211.1000000000004
S3,qlearning,1,913,0.20007621951219512,6438.633333333334,0,2194.866666666667,2308.4
S3,qlearning,1,914,0.20224269122947536,5585.0,0,1589.72,1619.5
S3,qlearning,1,915,0.18032786885245902,6877.900000000001,10,2463.56,2731.8
S3,qlearning,1,916,0.18138512275558813,7150.700000000001,3,2105.5600000000004,2167.6000000000004
S3,qlearning,1,917,0.2026221692491061,5499.0,0,1905.04,2024.6000000000001
S3,qlearning,1,918,0.20376175548589343,5327.5,3,1547.3799999999999,1639.2
S3,qlearning,1,919,0.18154872174879585,6201.400000000001,1,1831.3200000000002,1880.3000000000002
S3,qlearning,1,920,0.22148177185417484,6084.3,2,1834.4800000000002,1911.2000000000003
S3,qlearning,1,921,0.19993164730006835,6640.500000000001,1,2123.64,2269.5
S3,qlearning,1,922,0.17406749555950266,6518.1,4,1799.7,1842.4
S3,qlearning,1,923,0.21493624772313297,5917.3,0,1628.8,1695.9
S3,qlearning,1,924,0.21173848439821694,6466.6,0,1680.16,1683.5
S3,qlearning,1,925,0.2274525316455696,5773.3,2,1677.0800000000002,1708.8000000000002
S3,qlearning,1,926,0.21222741433021808,6081.6,2,1487.66,1500.0
S3,qlearning,1,927,0.17480096919349256,6649.900000000001,1,1838.3200000000002,1903.8000000000002
S3,qlearning,1,928,0.16040013797861333,6973.500000000001,0,1964.9200000000003,2091.0000000000005
S3,qlearning,1,929,0.17265930936276255,6719.1,0,1689.64,1730.4
S3,qlearning,1,930,0.15636497424576895,6869.1,3,1887.7400000000002,1903.8000000000002
S3,qlearning,1,931,0.19494987003342,6456.3,4,1986.28,2074.8
S3,qlearning,1,932,0.21852820321255137,6875.5,3,1922.06,1976.3
S3,qlearning,1,933,0.1962401055408971,6622.3,3,1819.8400000000001,1876.8000000000002
S3,qlearning,1,934,0.19448640483383686,6082.900000000001,3,1937.86,2098.4
S3,qlearning,1,935,0.14441704825642832,7852.3,0,2324.48,2396.4
S3,qlearning,1,936,0.1726078799249531,6253.3,0,1529.04,1585.9
S3,qlearning,1,937,0.19630938358853553,6026.200000000001,1,1574.6000000000001,1580.3000000000002
S3,qlearning,1,938,0.19345761519521631,6493.3,2,1802.48,1860.6000000000001
S3,qlearning,1,939,0.1699764389094581,7823.400000000001,0,2130.5,2132.0
S3,qlearning,1,940,0.1925192519251925,6988.500000000001,1,1942.1200000000001,1962.8000000000002
S3,qlearning,1,941,0.21650326797385622,5336.700000000001,2,1565.6000000000001,1631.1000000000001
S3,qlearning,1,942,0.19392608854738383,6538.1,1,1758.9600000000003,1810.0000000000002
S3,qlearning,1,943,0.1622002820874471,6730.1,7,1889.9199999999998,1896.1
S3,qlearning,1,944,0.1670904467853251,6352.200000000001,5,1727.2400000000002,1730.1000000000001
S3,qlearning,1,945,0.1710673112681294,7263.800000000001,3,2397.5,2591.3
S3,qlearning,1,946,0.16503445774392456,6523.900000000001,1,1884.8600000000001,1931.0000000000002
S3,qlearning,1,947,0.16855926188786374,5915.3,0,1494.0800000000002,1499.8000000000002
S3,qlearning,1,948,0.17326732673267325,6049.1,0,1749.82,1818.4
S3,qlearning,1,949,0.1792179580014482,6534.400000000001,0,1772.6200000000001,1796.6000000000001
S3,qlearning,1,950,0.15581717451523547,7114.400000000001,2,1837.16,1861.3000000000002
S3,qlearning,1,951,0.19701606732976282,5450.1,0,1614.64,1713.6000000000001
S3,qlearning,1,952,0.18014564967420468,6707.8,5,1932.22,1989.6000000000001
S3,qlearning,1,953,0.1995258790991703,5520.150000000001,1,1606.1200000000001,1693.8000000000002
S3,qlearning,1,954,0.1691663760027904,6838.700000000001,0,2066.0,2089.8
S3,qlearning,1,955,0.19623875715453803,6409.500000000001,0,2083.84,2247.4
S3,qlearning,1,956,0.18693353474320243,6304.8,4,1606.14,1611.8000000000002
S3,qlearning,1,957,0.15091727241259953,6900.8,0,1862.96,1877.1000000000001
S3,qlearning,1,958,0.19891122278056952,5884.1,4,1564.8400000000001,1582.6000000000001
S3,qlearning,1,959,0.20926452661519707,5565.1,0,1781.8600000000001,1928.8000000000002
S3,qlearning,1,960,0.19476268412438624,7235.900000000001,0,1994.6000000000001,2000.5000000000002
S3,qlearning,1,961,0.18135593220338983,7823.200000000001,1,2299.7200000000003,2375.7000000000003
S3,qlearning,1,962,0.1809872029250457,6367.400000000001,5,1760.48,1804.9
S3,qlearning,1,963,0.1925192519251925,6304.6,1,1817.8000000000002,1832.5000000000002
S3,qlearning,1,964,0.2121095256459699,6037.400000000001,0,1788.5800000000002,1871.7000000000003
S3,qlearning,1,965,0.23058252427184467,5947.200000000001,0,1687.7800000000002,1763.3000000000002
S3,qlearning,1,966,0.18294849023090587,6903.3,0,2265.48,2456.8
S3,qlearning,1,967,0.21978021978021978,6024.3,0,1882.6,1973.4
S3,qlearning,1,968,0.17756680731364274,7023.500000000001,4,1952.6000000000001,1979.8000000000002
S3,qlearning,1,969,0.20762551906379767,6277.700000000001,2,1602.16,1634.1000000000001
S3,qlearning,1,970,0.19104592821304517,6046.5,7,1721.2,1774.4
S3,qlearning,1,971,0.2168625861370085,5336.3,0,1522.22,1620.6000000000001
S3,qlearning,1,972,0.21484375,5999.3,0,1787.24,1860.8000000000002
S3,qlearning,1,973,0.18063583815028902,5842.05,2,1547.2,1587.6000000000001
S3,qlearning,1,974,0.17315026697177727,6220.3,3,1807.68,1851.0000000000002
S3,qlearning,1,975,0.22877164056059357,5236.400000000001,2,1520.0000000000002,1561.8000000000002
S3,qlearning,1,976,0.2167357708254806,6395.700000000001,0,2073.32,2193.2000000000003
S3,qlearning,1,977,0.2149400986610289,6590.766666666667,2,1914.9333333333336,1933.466666666667
S3,qlearning,1,978,0.23789822093504345,5890.1,0,1783.0400000000002,1850.7000000000003
S3,qlearning,1,979,0.2317473338802297,5608.900000000001,0,1722.06,1821.6000000000001
S3,qlearning,1,980,0.1593625498007968,6650.233333333334,1,1972.506666666667,1984.5333333333335
S3,qlearning,1,981,0.14157706093189965,6635.900000000001,2,1917.94,1964.2
S3,qlearning,1,982,0.1738061797752809,7283.6,0,2631.2,2960.8
S3,qlearning,1,983,0.1637366425370562,6127.900000000001,3,1654.44,1702.8000000000002
S3,qlearning,1,984,0.16483516483516483,6588.900000000001,0,1902.96,1953.8000000000002
S3,qlearning,1,985,0.17234625930278105,6120.200000000001,0,1892.46,1956.1000000000001
S3,qlearning,1,986,0.16068759342301944,5621.700000000001,0,1651.96,1727.6000000000001
S3,qlearning,1,987,0.1944990176817289,6789.8,0,1895.0,2028.1000000000001
S3,qlearning,1,988,0.17095658855167115,6691.533333333334,0,2218.746666666667,2271.2333333333336
S3,qlearning,1,989,0.11837455830388692,6739.900000000001,0,1882.5200000000002,1883.6000000000001
S3,qlearning,1,990,0.16328828828828829,6764.400000000001,2,1852.3200000000002,1907.2000000000003
S3,qlearning,1,991,0.17857142857142858,6415.1,0,1577.0800000000002,1585.8000000000002
S3,qlearning,1,992,0.13998422712933753,5872.1,1,1547.8,1597.4
S3,qlearning,1,993,0.22265456117596194,4947.900000000001,0,1351.6399999999999,1409.0
S3,qlearning,1,994,0.1812250815512867,6136.966666666667,4,1801.4933333333333,1867.6000000000001
S3,qlearning,1,995,0.1871141975308642,5427.3,1,1337.28,1349.7
S3,qlearning,1,996,0.17810273715785527,5747.700000000001,0,1649.0400000000002,1680.8000000000002
S3,qlearning,1,997,0.18838304552590268,5857.400000000001,1,1645.66,1688.5
S3,qlearning,1,998,0.19631410256410256,5363.5,0,1352.0,1364.9
S3,qlearning,1,999,0.20285935085007728,6153.166666666667,0,1615.0133333333333,1676.0666666666666
S3,qlearning,1,1000,0.18771331058020477,5707.700000000001,0,1768.8000000000002,1856.0000000000002
S3,qlearning,1,1001,0.17713659605551496,6004.5,1,1677.92,1763.8000000000002
S3,qlearning,1,1002,0.15822784810126583,6098.5,4,1793.96,1874.2000000000003
S3,qlearning,1,1003,0.2012148823082764,5702.0,2,1615.92,1698.1000000000001
S3,qlearning,1,1004,0.19573575672841664,6703.500000000001,0,1765.2,1775.2
S3,qlearning,1,1005,0.18198529411764705,6480.8,5,1568.68,1597.0
S3,qlearning,1,1006,0.15070921985815602,7251.8,8,2365.48,2477.3
S3,qlearning,1,1007,0.18235294117647058,5991.133333333334,0,1821.7466666666667,1879.8333333333335
S3,qlearning,1,1008,0.1696113074204947,6736.900000000001,2,1870.38,1911.2000000000003
S3,qlearning,1,1009,0.17557251908396945,5681.5,0,1536.2,1549.4
S3,qlearning,1,1010,0.17143933685003768,6342.6,0,1747.0400000000002,1789.1000000000001
S3,qlearning,1,1011,0.14387071344107213,6275.900000000001,4,2136.68,2324.0
S3,qlearning,1,1012,0.19953051643192488,5804.783333333334,0,1761.506666666667,1868.0333333333338
S3,qlearning,1,1013,0.16638584667228307,5689.700000000001,1,1598.44,1624.2
S3,qlearning,1,1014,0.14941690962099125,6709.6,0,1636.1000000000001,1658.2
S3,qlearning,1,1015,0.13904761904761906,6908.300000000001,0,2308.84,2450.6000000000004
S3,qlearning,1,1016,0.11512504962286621,6006.3,0,1451.72,1466.4
S3,qlearning,1,1017,0.13377278014734392,5842.1,0,1590.64,1666.4
S3,qlearning,1,1018,0.15857852502865877,5813.1,0,1730.2,1813.4
S3,qlearning,1,1019,0.186347587289133,5582.6,0,1496.96,1526.9
S3,qlearning,1,1020,0.15521450994070457,6816.3,5,2156.68,2322.0
S3,qlearning,1,1021,0.1895910780669145,6881.200000000001,0,1803.42,1821.4
S3,qlearning,1,1022,0.18669985775248932,6375.1,1,1593.8400000000001,1633.4
S3,qlearning,1,1023,0.18088871411718443,5054.1,2,1292.04,1320.0
S3,qlearning,1,1024,0.17828843106180667,6015.1,5,1485.3000000000002,1490.0000000000002
S3,qlearning,1,1025,0.15906680805938495,6037.1,2,1572.64,1601.8000000000002
S3,qlearning,1,1026,0.17974487823734056,6204.6,1,1929.3000000000002,2011.0000000000002
S3,qlearning,1,1027,0.17343173431734318,6052.400000000001,0,1893.52,1941.9
S3,qlearning,1,1028,0.20097442143727162,5873.5,0,1872.32,1960.6000000000001
S3,qlearning,1,1029,0.0680397204854726,5727.3,0,1543.3200000000002,1546.6000000000001
S3,qlearning,1,1030,0.13503514613392525,7509.400000000001,0,2434.56,2534.4
S3,qlearning,1,1031,0.11636107193229901,6970.200000000001,0,1856.88,1926.0000000000002
S3,qlearning,1,1032,0.11623616236162361,6855.400000000001,2,1769.68,1792.7
S3,qlearning,1,1033,0.14545454545454545,5437.900000000001,0,1368.1200000000001,1375.2
S3,qlearning,1,1034,0.15237420269312543,6929.400000000001,2,1877.2800000000002,1884.8000000000002
S3,qlearning,1,1035,0.19066147859922178,6232.900000000001,0,1690.2,1712.6000000000001
S3,qlearning,1,1036,0.15151515151515152,6167.5,0,1954.64,2088.2000000000003
S3,qlearning,1,1037,0.124101894186806,7691.400000000001,0,2277.3399999999997,2408.0
S3,qlearning,1,1038,0.10691103474608629,6022.1,0,1930.16,2077.2000000000003
S3,qlearning,1,1039,0.17069109075770192,5504.200000000001,0,1381.2,1416.3000000000002
S3,qlearning,1,1040,0.19407763105242096,5895.0,3,1766.72,1786.5
S3,qlearning,1,1041,0.20444620881302103,5599.6,3,1403.08,1434.0
S3,qlearning,1,1042,0.1709712622771917,6964.3,3,2196.56,2308.0
S3,qlearning,1,1043,0.1588502269288956,6706.5,4,2298.88,2485.4
S3,qlearning,1,1044,0.18518518518518517,5244.1,0,1393.5800000000002,1418.6000000000001
S3,qlearning,1,1045,0.1897133220910624,5488.2,5,1938.68,2043.7
S3,qlearning,1,1046,0.1688411358403684,6292.500000000001,0,1822.64,1919.4
S3,qlearning,1,1047,0.15292801193584482,6000.400000000001,2,1896.8,1992.9
S3,qlearning,1,1048,0.1523597175771089,5977.05,0,1534.6000000000001,1556.15
S3,qlearning,1,1049,0.16317843206810925,6271.700000000001,0,1608.44,1638.0
S3,qlearning,1,1050,0.16501650165016502,5140.900000000001,4,1370.8,1403.4
S3,qlearning,1,1051,0.17328519855595667,6031.1,0,1709.24,1758.0
S3,qlearning,1,1052,0.1639955273947074,6325.700000000001,0,1894.5,1993.4
S3,qlearning,1,1053,0.1394700139470014,7087.500000000001,4,2241.4,2370.4
S3,qlearning,1,1054,0.1429605501266739,6424.3,0,1844.48,1947.5000000000002
S3,qlearning,1,1055,0.1737381126554499,6540.700000000001,1,2028.4000000000003,2133.6000000000004
S3,qlearning,1,1056,0.18350290697674418,6789.5,2,2265.96,2351.0
S3,qlearning,1,1057,0.15765765765765766,5973.1,0,1601.72,1657.1000000000001
S3,qlearning,1,1058,0.17518770110833035,5854.3,0,1451.64,1475.2
S3,qlearning,1,1059,0.1926163723916533,5208.1,1,1310.5800000000002,1331.4
S3,qlearning,1,1060,0.17383512544802868,6595.3,0,1982.0600000000002,2120.2000000000003
S3,qlearning,1,1061,0.1865671641791045,7072.450000000001,0,1921.5400000000002,1932.3000000000002
S3,qlearning,1,1062,0.18365472910927455,5092.5,4,1727.32,1897.4
S3,qlearning,1,1063,0.1815893563466379,5754.900000000001,0,1739.8400000000001,1810.4
S3,qlearning,1,1064,0.17893452623017486,5957.700000000001,5,1928.3000000000002,1987.0000000000002
S3,qlearning,1,1065,0.13386396526772792,6764.700000000001,5,2101.5600000000004,2261.6000000000004
S3,qlearning,1,1066,0.16140865737344093,6851.700000000001,5,1681.06,1682.0
S3,qlearning,1,1067,0.13646288209606988,7022.6,0,2135.2200000000003,2262.6000000000004
S3,qlearning,1,1068,0.15658747300215983,6237.400000000001,2,1989.2000000000003,2109.1000000000004
S3,qlearning,1,1069,0.17657657657657658,7234.6,5,2343.0,2522.3
S3,qlearning,1,1070,0.18265756724207147,5710.8,0,1632.52,1662.7
S3,qlearning,1,1071,0.13119533527696792,7828.700000000001,0,2970.68,3320.6000000000004
S3,qlearning,1,1072,0.12147195426938193,6092.500000000001,0,1540.8400000000001,1565.5000000000002
S3,qlearning,1,1073,0.15020576131687244,5870.3,0,1688.78,1741.4
S3,qlearning,1,1074,0.16908212560386474,6829.450000000001,5,2101.24,2207.1
S3,qlearning,1,1075,0.17647058823529413,5852.3,2,1657.2800000000002,1712.5000000000002
S3,qlearning,1,1076,0.14555765595463138,6929.0,2,2082.86,2103.0
S3,qlearning,1,1077,0.140625,5781.500000000001,0,1897.04,2054.0
S3,qlearning,1,1078,0.19089574155653452,6909.05,2,2129.72,2326.0
S3,qlearning,1,1079,0.1580952380952381,5902.3,7,1844.04,1951.2
S3,qlearning,1,1080,0.14447695683979517,6184.700000000001,2,1682.5200000000002,1741.2000000000003
S3,qlearning,1,1081,0.12580754845290718,7255.500000000001,0,2632.9199999999996,2935.4
S3,qlearning,1,1082,0.1889644746787604,6039.500000000001,0,1926.9199999999998,2095.0
S3,qlearning,1,1083,0.18754688672168043,6291.400000000001,1,1899.4600000000003,1966.5000000000002
S3,qlearning,1,1084,0.1958844479620103,5837.900000000001,1,2016.68,2178.6000000000004
S3,qlearning,1,1085,0.0719165767709457,6596.1,4,1811.28,1871.4
S3,qlearning,1,1086,0.15065579581708613,7294.700000000001,1,2390.86,2570.2000000000003
S3,qlearning,1,1087,0.23211243611584328,6030.1,1,1678.46,1753.6000000000001
S3,qlearning,1,1088,0.1787016776075857,6057.5,2,1678.3600000000001,1714.9
S3,qlearning,1,1089,0.18835616438356165,6637.833333333334,2,1944.746666666667,1999.0000000000002
S3,qlearning,1,1090,0.1834504293520687,5568.3,0,1501.92,1565.6000000000001
S3,qlearning,1,1091,0.18411967779056387,6086.700000000001,2,1711.8400000000001,1783.0000000000002
S3,qlearning,1,1092,0.15661061655126937,6700.5,0,1724.5200000000002,1759.3000000000002
S3,qlearning,1,1093,0.11935365405802424,6994.900000000001,0,2117.68,2216.0
S3,qlearning,1,1094,0.09388733519776268,5934.900000000001,0,1555.74,1580.2
S3,qlearning,1,1095,0.09472959007922839,7066.8,0,1680.0800000000002,1694.8000000000002
S3,qlearning,1,1096,0.1751207729468599,5421.900000000001,0,1349.0800000000002,1368.8000000000002
S3,qlearning,1,1097,0.18645908761766836,6688.35,3,2181.04,2309.2000000000003
S3,qlearning,1,1098,0.1998505790063504,6475.6,0,1745.9,1777.0000000000002
S3,qlearning,1,1099,0.18783542039355994,7234.3,2,2279.96,2399.9
S3,qlearning,1,1100,0.13768389287061486,7012.75,3,2174.72,2301.0
S3,qlearning,1,1101,0.11472982975573649,6871.500000000001,2,2020.6000000000004,2082.6000000000004
S3,qlearning,1,1102,0.15878744135691086,6416.700000000001,0,1962.6,1993.0
S3,qlearning,1,1103,0.1272264631043257,7172.500000000001,0,2064.9,2179.2000000000003
S3,qlearning,1,1104,0.11233951497860199,6813.3,0,2154.0,2236.2000000000003
S3,qlearning,1,1105,0.13181332383327396,6288.1,0,1819.44,1827.6000000000001
S3,qlearning,1,1106,0.08765652951699464,6717.200000000001,0,2056.28,2124.9
S3,qlearning,1,1107,0.20825223822499025,5767.0,0,1654.96,1694.1000000000001
S3,qlearning,1,1108,0.1793400286944046,6945.6,4,2336.8,2527.3
S3,qlearning,1,1109,0.14059120403749098,6484.5,3,1640.18,1674.4
S3,qlearning,1,1110,0.13580246913580246,6746.0,7,1834.8200000000002,1835.7
S3,qlearning,1,1111,0.14753508456279238,7945.900000000001,0,2312.1600000000003,2424.0000000000005
S3,qlearning,1,1112,0.09410511363636363,6995.900000000001,1,1873.44,1912.7
S3,qlearning,1,1113,0.0631163708086785,6176.1,2,1843.88,1914.0000000000002
S3,qlearning,1,1114,0.08092485549132948,6430.400000000001,6,2124.7200000000003,2246.7000000000003
S3,qlearning,1,1115,0.050037064492216454,6653.000000000001,0,1798.2800000000002,1867.8000000000002
S3,qlearning,1,1116,0.05374121537825548,5925.950000000001,0,1664.96,1696.2
S3,qlearning,1,1117,0.10055205047318612,7051.1,1,2326.32,2385.8
S3,qlearning,1,1118,0.15151515151515152,7387.400000000001,0,2250.54,2347.6
S3,qlearning,1,1119,0.10041682455475559,6233.3,3,1778.5800000000002,1830.6000000000001
S3,qlearning,1,1120,0.08006405124099279,5523.5,0,1445.42,1449.6000000000001
S3,qlearning,1,1121,0.10828976848394324,6943.3,3,1926.1000000000001,1985.2
S3,qlearning,1,1122,0.14833574529667148,7439.3,3,2688.04,2980.8
S3,qlearning,1,1123,0.08919382504288165,8076.200000000001,0,2371.52,2543.8
S3,qlearning,1,1124,0.10128152128978916,5692.3,0,1906.28,2000.2
S3,qlearning,1,1125,0.06212349397590362,5658.700000000001,2,1578.72,1614.8000000000002
S3,qlearning,1,1126,0.18910741301059,6367.8,2,1978.92,2073.9
S3,qlearning,1,1127,0.19368183527641972,5817.1,2,1823.04,1943.8000000000002
S3,qlearning,1,1128,0.20125553914327918,6319.6,0,1666.22,1682.1000000000001
S3,qlearning,1,1129,0.20723568668774148,6158.900000000001,0,1651.9199999999998,1686.3
S3,qlearning,1,1130,0.13545953360768176,7696.1,0,2290.38,2483.6000000000004
S3,qlearning,1,1131,0.19604250641260534,5929.900000000001,0,2072.96,2259.0000000000005
S3,qlearning,1,1132,0.17667844522968199,6141.3,0,2013.28,2160.0
S3,qlearning,1,1133,0.21224643125469572,5796.1,0,1451.78,1459.0
S3,qlearning,1,1134,0.1885424220449601,6043.700000000001,1,1854.28,1973.8000000000002
S3,qlearning,1,1135,0.15642252484357747,7192.700000000001,4,1985.0,2072.4
S3,qlearning,1,1136,0.16351118760757316,7307.200000000001,0,2180.94,2226.4
S3,qlearning,1,1137,0.17597551644988524,6305.400000000001,0,2152.12,2382.0
S3,qlearning,1,1138,0.18272425249169436,5971.200000000001,2,1851.04,1995.6000000000001
S3,qlearning,1,1139,0.2088922958988118,5632.1,0,1401.16,1426.6000000000001
S3,qlearning,1,1140,0.2042728635682159,6520.8,0,1971.16,1986.2
S3,qlearning,1,1141,0.19785502958579881,5832.1,1,1698.92,1752.2
S3,qlearning,1,1142,0.20359501100513572,6109.1,0,1732.42,1811.6000000000001
S3,qlearning,1,1143,0.20062805303558967,5941.700000000001,0,1788.52,1881.4
S3,qlearning,1,1144,0.20439645198611647,6465.700000000001,0,2174.7999999999997,2365.6
S3,qlearning,1,1145,0.20015396458814472,6209.3,2,1599.3200000000002,1601.8000000000002
S3,qlearning,1,1146,0.17423442449841606,6218.1,0,2117.8,2298.8
S3,qlearning,1,1147,0.19056261343012704,6345.1,2,1756.28,1861.4
S3,qlearning,1,1148,0.1529497450837582,6607.1,3,1746.92,1810.8000000000002
S3,qlearning,1,1149,0.1898027540007443,6188.400000000001,0,1813.3600000000001,1831.7
S3,qlearning,1,1150,0.1752021563342318,6494.000000000001,4,1788.9,1822.6000000000001
S3,qlearning,1,1151,0.20182034032449545,5908.400000000001,2,1917.0,1980.9
S3,qlearning,1,1152,0.1883070301291248,6672.900000000001,1,1896.6000000000001,1915.4
S3,qlearning,1,1153,0.2161214953271028,6430.0,0,2061.92,2135.5
S3,qlearning,1,1154,0.21460843373493976,6498.3,0,1925.92,1975.2
S3,qlearning,1,1155,0.1530979827089337,6179.1,0,1573.0800000000002,1587.2000000000003
S3,qlearning,1,1156,0.2034341172079134,5986.1,0,1739.8000000000002,1827.0000000000002
S3,qlearning,1,1157,0.19529837251356238,5944.1,0,1660.2,1731.1000000000001
S3,qlearning,1,1158,0.19485038274182323,6810.8,2,1953.14,2020.8000000000002
S3,qlearning,1,1159,0.17518248175182483,6034.700000000001,0,1720.8000000000002,1756.8000000000002
S3,qlearning,1,1160,0.18923933209647495,6435.700000000001,0,1732.5,1786.4
S3,qlearning,1,1161,0.16122913505311076,6141.0,0,1985.2399999999998,2060.1
S3,qlearning,1,1162,0.17887205387205388,6526.6,0,2133.9,2366.2000000000003
S3,qlearning,1,1163,0.18838028169014084,6273.700000000001,0,1888.74,1994.6000000000001
S3,qlearning,1,1164,0.16531961792799413,6569.400000000001,1,1765.4000000000003,1786.5000000000002
S3,qlearning,1,1165,0.10520684736091299,6721.700000000001,0,2307.4,2563.6000000000004
S3,qlearning,1,1166,0.17420311341734618,6170.900000000001,3,1874.0400000000002,1919.0000000000002
S3,qlearning,1,1167,0.16404199475065617,7329.3,2,2012.4800000000002,2080.2000000000003
S3,qlearning,1,1168,0.20113774888256805,5872.700000000001,2,1711.9,1841.3000000000002
S3,qlearning,1,1169,0.1960015680125441,5991.200000000001,0,1639.6399999999999,1670.5
S3,qlearning,1,1170,0.22393822393822393,6202.8,0,1770.3000000000002,1850.6000000000001
S3,qlearning,1,1171,0.17771195853387634,6363.1,0,1751.64,1800.2000000000003
S3,qlearning,1,1172,0.20393299344501092,6129.6,0,1921.4399999999998,2041.5
S3,qlearning,1,1173,0.19392608854738383,6752.900000000001,0,1912.68,1976.9
S3,qlearning,1,1174,0.17920511000709724,6955.683333333333,2,2454.746666666667,2557.7333333333336
S3,qlearning,1,1175,0.12164579606440072,6021.700000000001,0,1622.6000000000001,1659.8000000000002
S3,qlearning,1,1176,0.11235955056179775,6400.3,0,2129.7999999999997,2248.0
S3,qlearning,1,1177,0.11373209772535804,5947.0,0,1898.38,1944.6000000000001
S3,qlearning,1,1178,0.0947603121516165,6595.000000000001,0,1593.2400000000002,1607.0000000000002
S3,qlearning,1,1179,0.09591836734693877,5665.75,0,1727.2000000000003,1745.0000000000002
S3,qlearning,1,1180,0.14084507042253522,6312.900000000001,3,2013.0400000000002,2167.2000000000003
S3,qlearning,1,1181,0.14507560277891296,5511.3,0,1764.44,1900.4
S3,qlearning,1,1182,0.1267710663683818,6154.900000000001,0,1694.1200000000001,1774.0000000000002
S3,qlearning,1,1183,0.13556618819776714,5907.900000000001,0,1899.2000000000003,2049.6000000000004
S3,qlearning,1,1184,0.16522423288749016,6822.700000000001,0,2148.2400000000002,2235.2000000000003
S3,qlearning,1,1185,0.17462165308498254,5430.500000000001,2,1700.28,1785.2
S3,qlearning,1,1186,0.1580135440180587,6517.3,3,1677.4,1689.6000000000001
S3,qlearning,1,1187,0.19370924434215572,6204.35,0,1938.3600000000001,2045.8000000000002
S3,qlearning,1,1188,0.1889168765743073,7237.3,0,2611.64,2881.2000000000003
S3,qlearning,1,1189,0.1637233259749816,6285.000000000001,4,1832.24,1907.7
S3,qlearning,1,1190,0.17425810904071773,6427.8,0,1869.2200000000003,1915.2000000000003
S3,qlearning,1,1191,0.1500517419799931,6183.400000000001,2,1770.0,1841.7
S3,qlearning,1,1192,0.17014270032930845,6696.700000000001,0,1978.3600000000001,2050.2000000000003
S3,qlearning,1,1193,0.16544757924068268,6682.900000000001,3,2169.68,2280.0
S3,qlearning,1,1194,0.16371533578349481,7377.200000000001,1,2141.08,2191.0
S3,qlearning,1,1195,0.17947717518532968,5467.1,6,1583.88,1624.4
S3,qlearning,1,1196,0.17725258493353027,7043.5,5,2023.16,2026.6000000000001
S3,qlearning,1,1197,0.16862170087976538,6479.200000000001,4,1804.94,1818.2
S3,qlearning,1,1198,0.1437829080599433,5981.8,6,1954.08,2036.9
S3,qlearning,1,1199,0.16754518072289157,6129.8,0,1736.82,1761.0
S3,qlearning,1,1200,0.1894397420395002,6342.900000000001,0,2032.6800000000003,2133.0000000000005
S3,qlearning,1,1201,0.16582130316035895,6468.500000000001,0,1678.44,1705.6000000000001
S3,qlearning,1,1202,0.11292834890965732,6074.8,1,1796.22,1824.8000000000002
S3,qlearning,1,1203,0.10947452229299363,5830.900000000001,3,1770.88,1841.8000000000002
S3,qlearning,1,1204,0.10224144710971293,6423.1,0,1631.7,1646.0
S3,qlearning,1,1205,0.07190050524679363,5936.900000000001,13,1582.24,1613.5
S3,qlearning,1,1206,0.07912003087610961,7020.200000000001,4,2040.6800000000003,2118.6000000000004
S3,qlearning,1,1207,0.16443801951572098,5858.900000000001,1,1682.48,1770.0
S3,qlearning,1,1208,0.07735583684950774,7135.400000000001,0,2149.26,2164.8
S3,qlearning,1,1209,0.20041826420355524,6665.5,0,1965.64,2069.8
S3,qlearning,1,1210,0.176056338028169,5921.700000000001,0,1791.7600000000002,1799.8000000000002
S3,qlearning,1,1211,0.19394163280384188,6554.900000000001,0,1925.96,2018.2
S3,qlearning,1,1212,0.19195943498732343,6305.200000000001,0,1617.28,1677.4
S3,qlearning,1,1213,0.15106853352984526,6387.1,3,1790.28,1840.0
S3,qlearning,1,1214,0.2457002457002457,5153.3,0,1471.1599999999999,1549.2
S3,qlearning,1,1215,0.1903114186851211,5934.700000000001,3,1492.2,1500.6000000000001
S3,qlearning,1,1216,0.22244094488188976,6826.700000000001,1,2251.08,2341.0
S3,qlearning,1,1217,0.2222222222222222,4785.700000000001,0,1292.96,1334.6000000000001
S3,qlearning,1,1218,0.19095869056897896,6293.200000000001,4,1750.72,1780.9
S3,qlearning,1,1219,0.17553191489361702,6768.1,3,2069.2400000000002,2135.8
S3,qlearning,1,1220,0.18958253542703946,5796.1,2,1516.16,1533.8000000000002
S3,qlearning,1,1221,0.20058888479941112,6184.3,0,1755.42,1839.6000000000001
S3,qlearning,1,1222,0.21137586471944658,5813.500000000001,0,1714.76,1790.6000000000001
S3,qlearning,1,1223,0.2176517571884984,6537.200000000001,1,1989.8600000000001,2033.6000000000001
S3,qlearning,1,1224,0.19694819020581972,6437.400000000001,0,1706.74,1752.7
S3,qlearning,1,1225,0.18014835747085836,7211.500000000001,3,2532.88,2807.2000000000003
S3,qlearning,1,1226,0.18299058905542,6682.3,0,1890.7800000000002,1947.8000000000002
S3,qlearning,1,1227,0.17433987813134733,6810.700000000001,0,1861.16,1887.2
S3,qlearning,1,1228,0.18100358422939067,6079.1,0,1771.3600000000001,1864.1000000000001
S3,qlearning,1,1229,0.13894249324585103,6217.400000000001,4,1604.3600000000001,1614.4
S3,qlearning,1,1230,0.17514749262536874,6212.1,0,1794.0400000000002,1862.0000000000002
S3,qlearning,1,1231,0.2047581903276131,5359.5,7,1371.14,1384.4
S3,qlearning,1,1232,0.20338300443012486,5390.85,3,1547.44,1594.8000000000002
S3,qlearning,1,1233,0.18403719488570322,5804.900000000001,4,1517.5800000000002,1534.4
S3,qlearning,1,1234,0.20337682271680738,6113.8,2,1667.94,1672.1000000000001
S3,qlearning,1,1235,0.18579838116261957,6541.900000000001,4,1705.8400000000001,1707.6000000000001
S3,qlearning,1,1236,0.18757327080890973,5834.8,2,1739.38,1786.2
S3,qlearning,1,1237,0.1853911753800519,6446.1,2,2073.12,2243.8
S3,qlearning,1,1238,0.17253646389185343,6598.700000000001,5,2045.0,2164.4
S3,qlearning,1,1239,0.1757028112449799,7858.200000000001,3,2126.32,2178.9
S3,qlearning,1,1240,0.1791907514450867,5417.3,1,1476.0,1538.4
S3,qlearning,1,1241,0.16174686615446826,6098.8,4,1756.52,1799.5
S3,qlearning,1,1242,0.13844936708860758,6344.1,5,1798.4,1822.2000000000003
S3,qlearning,1,1243,0.14942528735632185,6390.500000000001,3,1799.5200000000002,1821.2000000000003
S3,qlearning,1,1244,0.15031645569620253,5709.0,0,1310.2,1315.7
S3,qlearning,1,1245,0.1357033639143731,6877.3,1,2169.92,2316.8
S3,qlearning,1,1246,0.14396067415730338,7271.200000000001,2,2570.98,2752.6000000000004
S3,qlearning,1,1247,0.11990407673860912,7846.200000000001,2,2333.6,2453.4
S3,qlearning,1,1248,0.14334470989761092,7893.8,1,1963.72,1997.6000000000001
S3,qlearning,1,1249,0.08874689385871494,6791.700000000001,6,2138.64,2296.4
S3,qlearning,1,1250,0.08064516129032258,5985.900000000001,0,1710.1200000000001,1790.6000000000001
S3,qlearning,1,1251,0.18340125972582438,6536.700000000001,0,2033.3200000000002,2087.7000000000003
S3,qlearning,1,1252,0.1274840644919385,6844.6,3,1900.78,1982.6000000000001
S3,qlearning,1,1253,0.14595808383233533,6470.900000000001,0,2079.64,2275.8
S3,qlearning,1,1254,0.12656033287101248,7151.300000000001,3,2342.2000000000003,2561.4000000000005
S3,qlearning,1,1255,0.10989010989010989,6044.900000000001,0,1474.74,1480.0
S3,qlearning,1,1256,0.12830635609948676,6020.900000000001,0,1717.64,1735.2
S3,qlearning,1,1257,0.13559322033898305,5807.400000000001,0,1662.92,1733.4
S3,qlearning,1,1258,0.1314708299096138,5496.0,0,1885.12,1995.7
S3,qlearning,1,1259,0.14700339238597815,6023.3,4,1751.96,1855.4
S3,qlearning,1,1260,0.12037683182135381,7518.500000000001,3,2267.6,2397.8
S3,qlearning,1,1261,0.13034033309196236,5895.900000000001,0,1502.2,1526.4
S3,qlearning,1,1262,0.11075949367088607,6999.6,0,2221.7000000000003,2293.2000000000003
S3,qlearning,1,1263,0.14883195177091182,5980.200000000001,2,1741.6000000000001,1742.9
S3,qlearning,1,1264,0.21035598705501618,5943.900000000001,0,1715.16,1769.6000000000001
S3,qlearning,1,1265,0.13576415826221877,5760.650000000001,0,1820.92,1942.1000000000001
S3,qlearning,1,1266,0.19776268477826608,6552.000000000001,3,2250.36,2367.3
S3,qlearning,1,1267,0.2025111381125962,5664.500000000001,0,1812.32,1900.6000000000001
S3,qlearning,1,1268,0.20689655172413793,6225.8,3,1994.26,2048.6
S3,qlearning,1,1269,0.20233463035019456,6042.3,0,1623.92,1688.0
S3,qlearning,1,1270,0.16555059523809523,5899.200000000001,0,1603.92,1604.3000000000002
S3,qlearning,1,1271,0.18743305962156373,6442.5,3,1901.2,2012.1000000000001
S3,qlearning,1,1272,0.17393042782886844,5529.1,1,1687.44,1812.8000000000002
S3,qlearning,1,1273,0.14058453570107288,6525.1,0,1689.98,1758.4
S3,qlearning,1,1274,0.16872427983539096,5663.700000000001,7,1503.0,1506.4
S3,qlearning,1,1275,0.15339663988312638,7015.0,0,2250.52,2396.7000000000003
S3,qlearning,1,1276,0.18682201687424668,6047.6,7,1685.88,1695.6000000000001
S3,qlearning,1,1277,0.20428802588996764,6527.700000000001,0,1913.56,2010.0
S3,qlearning,1,1278,0.17410015649452268,5643.200000000001,0,1585.58,1681.9
S3,qlearning,1,1279,0.17302889760970389,7725.400000000001,4,2411.78,2536.6000000000004
S3,qlearning,1,1280,0.18003273322422259,4826.3,0,1292.32,1298.0
S3,qlearning,1,1281,0.16210374639769454,6523.200000000001,5,1700.2400000000002,1731.8000000000002
S3,qlearning,1,1282,0.1952662721893491,6007.5,3,1930.8000000000002,1958.6000000000001
S3,qlearning,1,1283,0.17341040462427745,6722.700000000001,1,1950.68,2017.6000000000001
S3,qlearning,1,1284,0.15885947046843177,6096.900000000001,1,1714.52,1737.0
S3,qlearning,1,1285,0.17269736842105263,5415.8,2,1488.24,1547.9
S3,qlearning,1,1286,0.09848751319029195,6795.8,0,2136.52,2305.3
S3,qlearning,1,1287,0.11311349693251534,5980.700000000001,1,1998.76,2162.8
S3,qlearning,1,1288,0.15944399018806213,6212.200000000001,0,1581.7200000000003,1600.1000000000001
S3,qlearning,1,1289,0.15356058049274385,6870.5,4,1961.84,2029.7
S3,qlearning,1,1290,0.1510989010989011,7258.000000000001,0,2179.32,2184.7000000000003
S3,qlearning,1,1291,0.15026697177726925,5772.85,0,1503.42,1528.8000000000002
S3,qlearning,1,1292,0.21558245083207261,6185.500000000001,2,1872.72,1925.8000000000002
S3,qlearning,1,1293,0.19832605531295489,7123.950000000001,2,2033.16,2078.8
S3,qlearning,1,1294,0.24316720257234728,6192.8,3,1719.9,1762.9
S3,qlearning,1,1295,0.1992818671454219,6075.05,2,1645.96,1659.0
S3,qlearning,1,1296,0.19744264761188415,6376.3,1,2047.02,2190.6
S3,qlearning,1,1297,0.21739130434782608,5013.700000000001,3,1424.54,1515.0
S3,qlearning,1,1298,0.18165467625899281,6120.1,2,2026.24,2184.2000000000003
S3,qlearning,1,1299,0.18836255128683327,6466.500000000001,0,2056.74,2242.4
S3,qlearning,1,1300,0.18923933209647495,6281.900000000001,1,1754.98,1797.2
S3,qlearning,1,1301,0.2066115702479339,5837.5,0,1776.14,1873.6000000000001
S3,qlearning,1,1302,0.18823099415204678,6578.200000000001,0,1786.2800000000002,1835.0000000000002
S3,qlearning,1,1303,0.19963369963369965,5959.8,0,1339.96,1350.4
S3,qlearning,1,1304,0.2009273570324575,5877.200000000001,0,1774.5600000000002,1822.7000000000003
S3,qlearning,1,1305,0.18767849857201144,6259.8,11,1682.2200000000003,1722.0000000000002
S3,qlearning,1,1306,0.21438953488372092,6462.85,0,2003.53,2163.8
S3,qlearning,1,1307,0.1620508982035928,6175.3,8,1988.4800000000002,2102.2000000000003
S3,qlearning,1,1308,0.21877486077963404,5575.900000000001,0,1496.16,1496.4
S3,qlearning,1,1309,0.20373191165270374,5989.1,5,1849.8799999999999,1959.0
S3,qlearning,1,1310,0.1977818853974122,6679.5,3,1921.28,1969.6000000000001
S3,qlearning,1,1311,0.21739130434782608,5907.200000000001,0,1618.64,1666.1000000000001
S3,qlearning,1,1312,0.17007983339118363,7448.500000000001,4,2177.36,2242.4
S3,qlearning,1,1313,0.2097253155159614,5542.3,0,1690.04,1749.4
S3,qlearning,1,1314,0.19863791146424517,6467.500000000001,2,2028.9399999999998,2126.6
S3,qlearning,1,1315,0.21224643125469572,5805.400000000001,0,1356.0200000000002,1367.6000000000001
S3,qlearning,1,1316,0.20168361978253244,6410.700000000001,0,1852.64,1937.1000000000001
S3,qlearning,1,1317,0.2084101807451125,5836.8,0,1685.46,1721.8000000000002
S3,qlearning,1,1318,0.23043305522447358,5892.200000000001,0,1611.5600000000002,1648.3000000000002
S3,qlearning,1,1319,0.2348117778606038,5667.900000000001,1,1765.04,1836.6000000000001
S3,qlearning,1,1320,0.19230769230769232,6025.700000000001,1,1770.0000000000002,1830.8000000000002
S3,qlearning,1,1321,0.2058383233532934,5854.400000000001,3,1725.5400000000002,1743.4
S3,qlearning,1,1322,0.19468704512372634,6553.1,6,1900.04,1970.4
S3,qlearning,1,1323,0.19172361427486712,6197.3,3,1606.4,1618.4
S3,qlearning,1,1324,0.1892974153622133,6063.5,0,1818.9,1900.6000000000001
S3,qlearning,1,1325,0.20872508461827755,6072.633333333334,0,2012.8266666666666,2179.9333333333334
S3,qlearning,1,1326,0.21052631578947367,5681.433333333333,0,1500.3466666666668,1515.6000000000001
S3,qlearning,1,1327,0.23761980830670926,5818.1,0,1523.2000000000003,1543.8000000000002
S3,qlearning,1,1328,0.23045267489711935,6090.500000000001,2,1617.04,1653.0
S3,qlearning,1,1329,0.2008416220351951,5941.700000000001,4,1844.68,1912.8000000000002
S3,qlearning,1,1330,0.18603885413236748,7699.500000000001,0,2098.36,2193.0
S3,qlearning,1,1331,0.20873228648027575,5865.900000000001,0,1887.88,1939.8000000000002
S3,qlearning,1,1332,0.19643506729719898,5712.1,2,1666.8000000000002,1735.6000000000001
S3,qlearning,1,1333,0.21428571428571427,6648.700000000001,1,1797.2,1883.9
S3,qlearning,1,1334,0.16544117647058823,6131.1,5,1707.48,1758.6000000000001
S3,qlearning,1,1335,0.21075019334880124,5823.400000000001,0,1988.6399999999999,2148.9
S3,qlearning,1,1336,0.19012797074954296,6797.5,0,2273.24,2424.6
S3,qlearning,1,1337,0.22312766783081103,5504.05,0,1506.64,1565.2000000000003
S3,qlearning,1,1338,0.21017699115044247,6147.5,0,1663.3000000000002,1681.8000000000002
S3,qlearning,1,1339,0.16673701983959477,5431.5,5,1392.16,1418.7
S3,qlearning,1,1340,0.12553942722636327,6532.0,0,1901.56,1912.0
S3,qlearning,1,1341,0.16723036452461482,6282.1,4,2061.96,2145.4
S3,qlearning,1,1342,0.17014270032930845,6424.3,4,1983.44,2129.9
S3,qlearning,1,1343,0.14356611130804678,7003.000000000001,1,2196.5,2349.2000000000003
S3,qlearning,1,1344,0.17857142857142858,6197.3,1,1758.3200000000002,1827.8000000000002
S3,qlearning,1,1345,0.17306245297215953,5960.950000000001,1,1702.0400000000002,1721.0000000000002
S3,qlearning,1,1346,0.14311926605504588,6452.000000000001,0,1801.78,1887.6000000000001
S3,qlearning,1,1347,0.0886739218057235,6309.6,0,1743.8400000000001,1771.4
S3,qlearning,1,1348,0.1554605518849592,6184.700000000001,9,1661.5,1705.6000000000001
S3,qlearning,1,1349,0.1058106169296987,6886.300000000001,4,1858.88,1881.8000000000002
S3,qlearning,1,1350,0.15451174289245984,5518.700000000001,7,1581.96,1681.0000000000002
S3,qlearning,1,1351,0.133630289532294,6156.650000000001,4,1579.4,1645.6000000000001
S3,qlearning,1,1352,0.15331544653123802,5908.3,3,1611.3600000000001,1689.9
S3,qlearning,1,1353,0.20364623739332816,5332.5,1,1599.3200000000002,1661.6000000000001
S3,qlearning,1,1354,0.18352206169465052,5926.6,0,1625.58,1679.7
S3,qlearning,1,1355,0.1826015592942142,5726.0,9,1411.68,1443.9
S3,qlearning,1,1356,0.187984496124031,6138.700000000001,1,1647.3200000000002,1691.6000000000001
S3,qlearning,1,1357,0.19038461538461537,6226.700000000001,3,1947.3200000000002,2027.4
S3,qlearning,1,1358,0.18985095812633074,6207.500000000001,0,1822.2,1916.5000000000002
S3,qlearning,1,1359,0.16815235008103727,5496.5,0,1651.2800000000002,1735.0000000000002
S3,qlearning,1,1360,0.1767857142857143,6872.000000000001,0,1894.54,1907.2
S3,qlearning,1,1361,0.1587005227781927,6379.450000000001,0,1815.8400000000001,1826.8000000000002
S3,qlearning,1,1362,0.18556701030927836,5610.05,4,1418.23,1424.0
S3,qlearning,1,1363,0.2252650176678445,4842.700000000001,0,1222.3600000000001,1244.4
S3,qlearning,1,1364,0.18223989396951623,7180.1,0,2030.1200000000001,2076.9
S3,qlearning,1,1365,0.19051176690324992,6114.55,0,1678.8500000000001,1696.4
S3,qlearning,1,1366,0.1561911930748965,6404.700000000001,1,2004.12,2074.4
S3,qlearning,1,1367,0.06461753405518687,7500.200000000001,7,2221.34,2269.8
S3,qlearning,1,1368,0.1362397820163488,7231.200000000001,0,2294.48,2369.5
S3,qlearning,1,1369,0.067425200168563,6199.900000000001,0,1846.2800000000002,1889.8000000000002
S3,qlearning,1,1370,0.1396761133603239,5810.700000000001,0,1616.0,1647.0
S3,qlearning,1,1371,0.1984978540772532,6298.1,0,1692.9600000000003,1698.8000000000002
S3,qlearning,1,1372,0.19266394961096703,6479.8,3,1882.64,2016.0000000000002
S3,qlearning,1,1373,0.1922264469792987,5707.266666666667,0,1546.3600000000001,1547.3000000000002
S3,qlearning,1,1374,0.14280047600158668,6413.200000000001,3,1979.5000000000002,2114.1000000000004
S3,qlearning,1,1375,0.19712601326455417,6655.6,1,1997.1200000000001,2151.2000000000003
S3,qlearning,1,1376,0.19279738086576936,5760.500000000001,2,1466.4200000000003,1490.0000000000002
S3,qlearning,1,1377,0.18258426966292135,5951.1,1,1816.44,1939.6000000000001
S3,qlearning,1,1378,0.20780167699598978,6845.700000000001,0,1769.7400000000002,1783.6000000000001
S3,qlearning,1,1379,0.16998191681735986,6582.700000000001,0,1773.4399999999998,1846.8
S3,qlearning,1,1380,0.15964912280701754,6572.1,2,2051.8,2186.6000000000004
S3,qlearning,1,1381,0.15365595196043802,6279.700000000001,0,2072.28,2246.2000000000003
S3,qlearning,1,1382,0.1494291470785762,7873.900000000001,3,2461.88,2531.6000000000004
S3,qlearning,1,1383,0.1712946267580238,6545.900000000001,0,2083.94,2236.2000000000003
S3,qlearning,1,1384,0.21625951141369643,5671.650000000001,6,1862.2799999999997,1991.8
S3,qlearning,1,1385,0.20349942944085203,5784.900000000001,0,1687.6399999999999,1779.5
S3,qlearning,1,1386,0.19195612431444242,5718.150000000001,0,1953.48,2108.4
S3,qlearning,1,1387,0.20333680917622524,7254.700000000001,4,2417.28,2479.4
S3,qlearning,1,1388,0.2501924557351809,5200.3,0,1384.7600000000002,1446.8000000000002
S3,qlearning,1,1389,0.19861516034985421,6852.3,1,1812.4,1818.0000000000002
S3,qlearning,1,1390,0.20219198790627363,6795.0,0,2063.48,2149.0
S3,qlearning,1,1391,0.20412207689258818,5694.400000000001,3,1381.92,1420.1000000000001
S3,qlearning,1,1392,0.20768633540372672,6477.8,3,2031.22,2128.0
S3,qlearning,1,1393,0.16221374045801526,6177.900000000001,5,1990.24,2166.2000000000003
S3,qlearning,1,1394,0.21897810218978103,4751.3,2,1601.1999999999998,1719.0
S3,qlearning,1,1395,0.14809590973201692,6496.5,0,1633.3200000000002,1659.8000000000002
S3,qlearning,1,1396,0.13626834381551362,6760.5,2,1909.76,1937.2
S3,qlearning,1,1397,0.15258652772608858,5712.700000000001,0,1836.2,1951.6000000000001
S3,qlearning,1,1398,0.17254601226993865,6021.500000000001,0,1895.16,1976.8000000000002
S3,qlearning,1,1399,0.19917324314167606,5784.400000000001,0,1468.22,1476.2
S3,qlearning,1,1400,0.2251732101616628,5807.433333333333,0,1911.3866666666668,2023.6000000000001
S3,qlearning,1,1401,0.21886191802626342,5166.1,0,1417.92,1448.4
S3,qlearning,1,1402,0.18448275862068966,6353.3,0,2050.52,2200.4
S3,qlearning,1,1403,0.16425498631208446,6439.400000000001,0,1615.2800000000002,1632.1000000000001
S3,qlearning,1,1404,0.20573801434503586,6381.200000000001,0,1924.82,2014.6000000000001
S3,qlearning,1,1405,0.18720465285350782,5758.5,2,1513.28,1563.7
S3,qlearning,1,1406,0.21599090564607806,6588.1,1,1826.0,1856.4
S3,qlearning,1,1407,0.1914214817440624,7005.1,3,2185.4800000000005,2203.2000000000003
S3,qlearning,1,1408,0.16698292220113853,6011.3,9,1927.2799999999997,2101.6
S3,qlearning,1,1409,0.19478133039323778,6755.1,0,2414.56,2531.6
S3,qlearning,1,1410,0.21969399764613573,5928.75,0,1452.32,1460.0
S3,qlearning,1,1411,0.22632179535945227,5889.5,0,1703.72,1753.6000000000001
S3,qlearning,1,1412,0.19053349378259127,5252.5,1,1499.6200000000001,1561.0000000000002
S3,qlearning,1,1413,0.17673301304049416,6410.05,1,1768.92,1844.8000000000002
S3,qlearning,1,1414,0.19721577726218098,6000.0,3,1581.3400000000001,1585.0000000000002
S3,qlearning,1,1415,0.17114914425427874,6674.5,3,1735.18,1781.2
S3,qlearning,1,1416,0.1865671641791045,5783.6,0,1684.94,1689.2
S3,qlearning,1,1417,0.15390534821085033,5835.500000000001,4,1756.64,1834.6000000000001
S3,qlearning,1,1418,0.1755754974639095,6487.900000000001,6,1893.5400000000002,1933.6000000000001
S3,qlearning,1,1419,0.1614513981358189,7813.85,4,2053.5400000000004,2077.6000000000004
S3,qlearning,1,1420,0.22620571916346563,4814.150000000001,0,1562.36,1682.2
S3,qlearning,1,1421,0.19845857418111754,6445.700000000001,0,2397.64,2683.8
S3,qlearning,1,1422,0.1891105569409809,5780.5,2,1446.84,1460.8
S3,qlearning,1,1423,0.2012072434607646,5469.0,3,1389.48,1415.9
S3,qlearning,1,1424,0.19871106337271752,7126.1,0,2326.7000000000003,2452.6000000000004
S3,qlearning,1,1425,0.18492426910884113,7199.500000000001,0,2351.8,2520.8
S3,qlearning,1,1426,0.19589197413465195,5993.400000000001,1,1758.2000000000003,1776.8000000000002
S3,qlearning,1,1427,0.1969642211781713,6497.5,0,2159.26,2342.6000000000004
S3,qlearning,1,1428,0.2180114099429503,5746.35,0,1642.6000000000001,1702.3500000000001
S3,qlearning,1,1429,0.19346356123215627,6115.700000000001,0,1653.8400000000001,1688.5000000000002
S3,qlearning,1,1430,0.193756727664155,7124.900000000001,0,2271.52,2325.6
S3,qlearning,1,1431,0.18586676481413322,5426.900000000001,2,1457.0,1508.4
S3,qlearning,1,1432,0.19521178637200737,6302.3,0,1817.5400000000002,1891.2000000000003
S3,qlearning,1,1433,0.22006344171292624,5745.25,4,1677.76,1765.8
S3,qlearning,1,1434,0.20149253731343283,6146.900000000001,0,2064.7599999999998,2267.4
S3,qlearning,1,1435,0.1720688275310124,5923.6,9,1938.8600000000001,2051.8
S3,qlearning,1,1436,0.1985208252238225,5037.3,0,1256.1,1260.0
S3,qlearning,1,1437,0.17623546511627908,6134.400000000001,0,1795.4400000000003,1854.7000000000003
S3,qlearning,1,1438,0.20352035203520352,5960.450000000001,0,1827.4,1869.2
S3,qlearning,1,1439,0.21906693711967545,5636.8,0,1471.7,1484.8000000000002
S3,qlearning,1,1440,0.218436873747495,5308.900000000001,0,1498.96,1561.0
S3,qlearning,1,1441,0.1906857352401907,6545.833333333334,0,2065.826666666667,2150.7333333333336
S3,qlearning,1,1442,0.2076057431121459,6574.433333333333,0,1861.426666666667,1876.9333333333336
S3,qlearning,1,1443,0.1417833959685685,7306.900000000001,1,2260.08,2446.0
S3,qlearning,1,1444,0.10416666666666667,6915.900000000001,0,2229.7400000000002,2421.0000000000005
S3,qlearning,1,1445,0.15270326042096574,5527.3,3,1508.8600000000001,1532.2
S3,qlearning,1,1446,0.1168679392286716,6032.1,0,1843.4800000000002,1906.0000000000002
S3,qlearning,1,1447,0.11909736732135395,5852.1,0,2014.0399999999997,2238.0
S3,qlearning,1,1448,0.15795411808950732,6628.0,0,1777.66,1813.6000000000001
S3,qlearning,1,1449,0.1979045401629802,5577.900000000001,0,1585.6000000000001,1587.8000000000002
S3,qlearning,1,1450,0.20841931489888568,5722.900000000001,0,1546.18,1565.2
S3,qlearning,1,1451,0.1991231275118743,6713.700000000001,0,2030.5200000000002,2172.6000000000004
S3,qlearning,1,1452,0.19118220834959032,6878.000000000001,3,1827.54,1878.2
S3,qlearning,1,1453,0.2153558052434457,6000.8,2,1780.0,1842.9
S3,qlearning,1,1454,0.1808834729626809,5975.5666666666675,0,1515.16,1530.6000000000001
S3,qlearning,1,1455,0.21158978269157452,5929.900000000001,2,2009.28,2201.8
S3,qlearning,1,1456,0.17715112075198844,6411.500000000001,0,1849.16,1897.8000000000002
S3,qlearning,1,1457,0.19828926905132194,6198.200000000001,0,1617.34,1689.7
S3,qlearning,1,1458,0.17754662840746055,6212.200000000001,4,1742.6000000000001,1791.5000000000002
S3,qlearning,1,1459,0.14798050139275767,6523.400000000001,7,1836.3200000000002,1888.9000000000003
S3,qlearning,1,1460,0.17875920084121977,5718.1,2,1614.2400000000002,1642.0000000000002
S3,qlearning,1,1461,0.18401266323703996,6313.650000000001,0,1768.7600000000002,1844.4000000000003
S3,qlearning,1,1462,0.20743639921722112,6012.8,0,1762.7800000000002,1822.8000000000002
S3,qlearning,1,1463,0.19238095238095237,6302.6,2,1606.88,1618.2
S3,qlearning,1,1464,0.18518518518518517,7259.1,1,2408.52,2516.4
S3,qlearning,1,1465,0.1367053998632946,6878.5,0,1920.8600000000001,1970.8000000000002
S3,qlearning,1,1466,0.2089723926380368,6149.700000000001,0,1845.16,1917.3000000000002
S3,qlearning,1,1467,0.1578332034294622,5784.700000000001,3,1823.02,1960.0
S3,qlearning,1,1468,0.14871236851650343,7155.966666666667,0,2160.0133333333333,2231.8
S3,qlearning,1,1469,0.1694008559201141,6239.1,0,1860.6000000000001,1865.6000000000001
S3,qlearning,1,1470,0.1512455516014235,6618.900000000001,0,1806.42,1816.0
S3,qlearning,1,1471,0.15056022408963585,6804.5,0,1999.8400000000001,2045.8000000000002
S3,qlearning,1,1472,0.16037735849056603,6466.900000000001,0,1737.4,1776.0
S3,qlearning,1,1473,0.17857142857142858,5848.900000000001,1,1764.96,1884.6000000000001
S3,qlearning,1,1474,0.20524515393386544,6920.8,0,1828.3,1889.2
S3,qlearning,1,1475,0.1811445039110745,5991.900000000001,6,1957.4799999999998,2051.6
S3,qlearning,1,1476,0.19011406844106463,6737.900000000001,3,1744.4800000000002,1763.6000000000001
S3,qlearning,1,1477,0.18633540372670807,5897.5,0,1961.16,2142.6000000000004
S3,qlearning,1,1478,0.18264014466546113,5801.3,0,1585.7,1632.6000000000001
S3,qlearning,1,1479,0.20958083832335328,5429.700000000001,3,1665.92,1725.6000000000001
S3,qlearning,1,1480,0.15787518573551262,6540.5,0,1924.2,1927.6000000000001
S3,qlearning,1,1481,0.20357291233901123,5324.1,1,1581.06,1681.2
S3,qlearning,1,1482,0.17320137038446898,6316.900000000001,0,2237.68,2463.4
S3,qlearning,1,1483,0.17629952744456562,6062.500000000001,2,1733.6000000000001,1774.0000000000002
S3,qlearning,1,1484,0.1963452566096423,6962.150000000001,1,1604.75,1646.6000000000001
S3,qlearning,1,1485,0.1906158357771261,6007.1,4,1953.1200000000001,2086.6000000000004
S3,qlearning,1,1486,0.18676627534685167,6916.6,0,1897.92,1981.6000000000001
S3,qlearning,1,1487,0.17095588235294118,6263.8,3,1997.36,2062.5
S3,qlearning,1,1488,0.2010233918128655,5863.6,0,1599.6599999999999,1658.1
S3,qlearning,1,1489,0.1928895612708018,7237.450000000001,5,2255.76,2265.7000000000003
S3,qlearning,1,1490,0.17486338797814208,6612.950000000001,3,1891.72,1973.65
S3,qlearning,1,1491,0.1702571230020848,6630.200000000001,0,1926.1000000000001,1986.9
S3,qlearning,1,1492,0.19895872071402007,6103.3,2,1779.16,1811.8000000000002
S3,qlearning,1,1493,0.2,6428.400000000001,2,2084.6000000000004,2130.3
S3,qlearning,1,1494,0.17964071856287425,5954.900000000001,2,1976.64,2106.8
S3,qlearning,1,1495,0.19176987614862165,5905.1,0,1664.44,1683.4
S3,qlearning,1,1496,0.16881028938906753,6332.700000000001,0,1976.0000000000002,2083.0000000000005
S3,qlearning,1,1497,0.20136641495864796,6597.900000000001,1,2040.88,2187.2000000000003
S3,qlearning,1,1498,0.1997602876548142,5538.900000000001,7,1475.16,1541.4
S3,qlearning,1,1499,0.17047391749062393,6176.900000000001,0,1556.8400000000001,1575.1000000000001
