scenario,method,seed,episode,service_level,total_cost,scri_viol,VaR95,TVaR95
S2,qlearning,1,0,0.13141620284477426,10649.920097656837,4,3297.3710781377576,3515.6450976773167
S2,qlearning,1,1,0.08987417615338526,11399.124999892341,2,3287.8599999526155,3454.0749999407694
S2,qlearning,1,2,0.09508484493856056,9602.049999930001,1,2554.3,2565.0
S2,qlearning,1,3,0.08568708346556649,10180.59637655024,3,3125.3066665769406,3291.883333221176
S2,qlearning,1,4,0.10706638115631692,10117.5,0,3428.2,3722.5
S2,qlearning,1,5,0.09448338921060652,11437.54999989,1,3366.2999999999997,3517.5
S2,qlearning,1,6,0.08911521323997454,10452.581989718707,6,3346.7687803354606,3416.2109754193257
S2,qlearning,1,7,0.09308930261912275,11649.999992071052,3,3329.5199937561965,3481.149992195246
S2,qlearning,1,8,0.1269956458635704,8886.549999810171,2,2816.6199998481375,3032.649999810172
S2,qlearning,1,9,0.11864406779661017,9706.566442840734,2,3353.9032885816555,3660.5
S2,qlearning,1,10,0.10384215991692627,10953.59999989,1,3288.579999912,3467.59999989
S2,qlearning,1,11,0.12246460007654038,9046.599999656415,3,2951.9799999573843,3082.95
S2,qlearning,1,12,0.09272727272727273,9926.530850853262,2,3279.7061701706525,3385.0
S2,qlearning,1,13,0.10734652801073465,8314.5,0,2118.4,2154.5
S2,qlearning,1,14,0.07822858658180853,12463.354847536602,4,3099.8987499027307,3171.7484373784137
S2,qlearning,1,15,0.1185064935064935,11232.5,0,3324.2999999999997,3524.75
S2,qlearning,1,16,0.10854583046175052,9063.75,0,2930.2999999999997,3076.25
S2,qlearning,1,17,0.09528759528759528,9168.599999864397,2,2535.219999972879,2669.0
S2,qlearning,1,18,0.1055537512179279,8615.5,0,2440.6,2566.5
S2,qlearning,1,19,0.08990719257540604,11545.60796223422,9,3387.0515924125334,3435.8999999149173
S2,qlearning,1,20,0.12709030100334448,10101.75,0,2757.0,2833.5
S2,qlearning,1,21,0.08471965495995071,11151.256249711107,3,3421.7,3634.0
S2,qlearning,1,22,0.11772400261608895,9404.605377009104,5,2502.6099999898015,2542.0
S2,qlearning,1,23,0.11084984884111522,9606.279823558743,4,2683.6376922344134,2692.809615317696
S2,qlearning,1,24,0.06880733944954129,9787.913913950068,6,3014.7,3187.0
S2,qlearning,1,25,0.10696095076400679,9168.999999843207,2,2482.7899999578085,2490.0499999472604
S2,qlearning,1,26,0.10981912144702842,9683.5,0,2886.9,3023.0
S2,qlearning,1,27,0.11460258780036968,8822.75,0,2742.2,2843.25
S2,qlearning,1,28,0.11002031144211238,8881.987623612635,2,2665.7375246738948,2823.099999918947
S2,qlearning,1,29,0.09993446920052425,10181.75,0,3180.2999999999997,3372.75
S2,qlearning,1,30,0.1374764595103578,8345.04999923,1,2262.4,2282.5
S2,qlearning,1,31,0.11309334182860784,9860.82038577414,6,2861.2999999999997,2962.0
S2,qlearning,1,32,0.11270826527278667,10727.074999783137,3,3374.5,3625.5
S2,qlearning,1,33,0.12555140821174077,10296.5,0,3217.75,3478.5
S2,qlearning,1,34,0.14544832306639288,8881.402340190096,5,2323.0,2352.5
S2,qlearning,1,35,0.12074829931972789,10072.5,0,2776.6,2826.5
S2,qlearning,1,36,0.08551145530816393,10454.5,0,3653.4999999999995,4073.5
S2,qlearning,1,37,0.11665682220909628,11201.0,0,3941.3999999999996,4278.0
S2,qlearning,1,38,0.09410462219761971,11747.057746253467,2,3133.6,3205.5
S2,qlearning,1,39,0.1088348271446863,9840.649999911495,1,2441.259999929195,2458.049999911494
S2,qlearning,1,40,0.06684491978609626,12647.859459166462,4,4259.249999982194,4450.5
S2,qlearning,1,41,0.12815680361854503,7939.5,0,2262.6,2375.0
S2,qlearning,1,42,0.10816919599612529,10192.449999639695,4,3569.4699998971387,3916.7999999486665
S2,qlearning,1,43,0.09287496534516218,11728.326790207311,7,3459.321874956269,3500.5
S2,qlearning,1,44,0.10924121641570711,11186.227793629818,3,3812.659999956,4033.199999945
S2,qlearning,1,45,0.11048812664907652,10395.099999897333,1,3541.0799999178666,3715.5999998973334
S2,qlearning,1,46,0.12382965871337964,11493.386153469552,3,4090.5072306708103,4482.5499999615
S2,qlearning,1,47,0.12395251396648045,10010.85,0,2864.6299999999997,2967.6
S2,qlearning,1,48,0.13020833333333334,7933.09999983701,2,2176.5099999849017,2250.0
S2,qlearning,1,49,0.128099173553719,8263.999999478863,3,2985.25,3199.5
S2,qlearning,1,50,0.11631466176920723,12307.0,0,4049.1,4291.5
S2,qlearning,1,51,0.11801935964259122,8663.849999883334,1,3346.1399999066666,3596.5499998833334
S2,qlearning,1,52,0.08785691873235017,10611.049999869492,1,3262.2,3318.5
S2,qlearning,1,53,0.12698412698412698,8617.099999815888,2,3060.5099999797367,3263.5
S2,qlearning,1,54,0.10290148448043185,10416.0,0,3047.7,3052.5
S2,qlearning,1,55,0.09978172747115685,11253.874999846657,2,3418.2999999999997,3628.5
S2,qlearning,1,56,0.07046869878728286,9893.540277457954,4,2215.1222220607715,2249.765277591743
S2,qlearning,1,57,0.09381514940931203,10464.9,0,2906.6,2911.5
S2,qlearning,1,58,0.12190934065934066,9634.049999945775,1,3225.3099999891547,3500.5
S2,qlearning,1,59,0.08655964746616304,10215.09144088062,7,2713.5299999565445,2751.0
S2,qlearning,1,60,0.08885542168674698,11683.088103230259,4,3996.6280373414597,4195.6
S2,qlearning,1,61,0.11114911080711354,8651.174999714392,3,2144.109999985472,2172.5
S2,qlearning,1,62,0.13980263157894737,7613.29999978,1,2864.7999999999997,3127.75
S2,qlearning,1,63,0.11065006915629322,10949.75,0,3315.6,3516.5
S2,qlearning,1,64,0.10141093474426807,10696.39999974982,3,3060.6899998338263,3106.099999806437
S2,qlearning,1,65,0.10119212642084835,10859.10945927953,3,3040.6,3122.0
S2,qlearning,1,66,0.09912536443148688,12316.349999852371,2,3648.7,3844.25
S2,qlearning,1,67,0.13032305433186492,8120.542189316151,7,2489.673751649782,2616.5921895622273
S2,qlearning,1,68,0.09657594381035997,12305.205434217542,8,3135.224347519143,3142.5054344214436
S2,qlearning,1,69,0.11146496815286625,10737.89999922291,7,3933.109999888111,4317.099999934468
S2,qlearning,1,70,0.11412504134965266,10023.049999914445,1,2438.9,2440.0
S2,qlearning,1,71,0.09687240520343206,12769.5,0,3564.2,3714.0
S2,qlearning,1,72,0.13427109974424553,10138.697001052553,6,3456.822195110957,3804.5
S2,qlearning,1,73,0.12186749055956059,10342.79999993937,1,3351.4999999999995,3719.75
S2,qlearning,1,74,0.11261261261261261,9981.174999751229,2,2430.404999832139,2457.624999795737
S2,qlearning,1,75,0.10731052984574112,9326.549999928038,1,2605.5,2686.0
S2,qlearning,1,76,0.11053540587219343,8040.0,0,2212.7,2287.5
S2,qlearning,1,77,0.11418462528144098,10598.75,0,3052.2999999999997,3196.75
S2,qlearning,1,78,0.10619469026548672,9633.149999403699,6,3203.609999748011,3372.449999755238
S2,qlearning,1,79,0.10369410239792612,10283.149999786547,3,2944.3,2979.0
S2,qlearning,1,80,0.1009421265141319,11600.924999723202,2,3764.7549999949674,3869.5
S2,qlearning,1,81,0.11696869851729819,10500.5,0,3438.7,3553.5
S2,qlearning,1,82,0.09621993127147767,9635.5,0,3595.2999999999997,4026.5
S2,qlearning,1,83,0.12152777777777778,10127.5,0,2559.0,2577.5
S2,qlearning,1,84,0.13259668508287292,8499.695452656917,4,2723.2999999999997,2960.5
S2,qlearning,1,85,0.1119676945668135,8649.814685855274,4,2481.08,2599.0
S2,qlearning,1,86,0.11074029126213593,10972.857894365967,4,3553.2615788873213,3636.0
S2,qlearning,1,87,0.11716171617161716,11757.25,0,3591.9,3653.25
S2,qlearning,1,88,0.10454545454545454,11287.25,0,4018.7499999999995,4324.5
S2,qlearning,1,89,0.09420289855072464,10476.627863946593,4,2847.0022911572732,2896.627863946592
S2,qlearning,1,90,0.1225828729281768,10669.199999530598,3,3820.4999999999995,4162.0
S2,qlearning,1,91,0.13761467889908258,8603.5,0,2463.1,2588.5
S2,qlearning,1,92,0.11514195583596215,9343.56793114983,4,2770.5467774002923,2959.5584717503657
S2,qlearning,1,93,0.08363201911589008,11628.302246948864,3,3326.6,3431.0
S2,qlearning,1,94,0.1,10121.099999701839,3,3221.5599997614713,3342.6999997018393
S2,qlearning,1,95,0.13101220387652548,9054.199999919792,1,2561.2,2605.5
S2,qlearning,1,96,0.08699934340118187,11728.34134568626,6,3922.279999848617,4180.199999835294
S2,qlearning,1,97,0.09141617601487449,9737.7,0,3350.0,3508.5
S2,qlearning,1,98,0.11043819023868899,9486.199999911494,1,3019.0,3097.5
S2,qlearning,1,99,0.11604439959636731,9292.374999854717,2,2581.3599999418866,2696.8249999273585
S2,qlearning,1,100,0.10714285714285714,12558.664515879469,3,3634.0429031208937,3837.5999999083333
S2,qlearning,1,101,0.14077340569877883,9385.182426152853,3,2396.38,2443.5
S2,qlearning,1,102,0.10692464358452139,10264.499999820406,2,2540.5,2593.0
S2,qlearning,1,103,0.1192368839427663,9322.815874034144,4,2673.927368378051,2895.0
S2,qlearning,1,104,0.10290386241894559,12840.814942318264,3,4264.119999894288,4298.149999867861
S2,qlearning,1,105,0.12782204515272244,9709.543803738292,5,3403.5600493367147,3475.8188116750966
S2,qlearning,1,106,0.10224606101240362,10475.510426719107,4,3308.524190571785,3512.5368420466066
S2,qlearning,1,107,0.1035843472541927,9569.0,0,2831.4,2928.0
S2,qlearning,1,108,0.12706969580284944,9477.874992213165,2,2905.374998442633,2949.5
S2,qlearning,1,109,0.10616784630940344,10806.228641099025,8,2794.299999898137,2911.0999998986845
S2,qlearning,1,110,0.1094765651727677,9319.4,0,2774.2999999999997,2932.0
S2,qlearning,1,111,0.08009858287122612,10784.28169449636,8,3492.7583758368833,3830.2499997579253
S2,qlearning,1,112,0.07259767687434002,12644.744444323103,2,3588.7,3590.0
S2,qlearning,1,113,0.08252063015753938,8337.135215060127,3,2771.767043012025,2969.0
S2,qlearning,1,114,0.08405977584059776,9716.799999898683,1,2689.8399999189473,2831.2999998986843
S2,qlearning,1,115,0.09218054672600128,11582.149999800085,3,3588.529999960017,3617.5
S2,qlearning,1,116,0.0894402769763416,10826.296788794805,3,3709.049357769437,3990.0
S2,qlearning,1,117,0.13617184503260452,8990.362499509094,5,2640.282499972503,2670.0
S2,qlearning,1,118,0.12035010940919037,7527.0,0,1899.4,1902.5
S2,qlearning,1,119,0.10951095109510951,10446.374999881331,2,3817.0999999050637,4232.37499988133
S2,qlearning,1,120,0.11093990755007704,10109.0,0,3566.2,3969.5
S2,qlearning,1,121,0.10472074468085106,9686.970175422735,6,2507.950241990987,2511.0
S2,qlearning,1,122,0.09439899307740718,10418.074999932456,1,3294.759999945965,3315.074999932456
S2,qlearning,1,123,0.10243277848911651,10007.4749369429,5,2656.09994973679,2656.374937170988
S2,qlearning,1,124,0.1218274111675127,9821.5,0,3395.7,3669.5
S2,qlearning,1,125,0.13522012578616352,8698.6,0,2296.2,2318.0
S2,qlearning,1,126,0.11503309171131422,10230.149999790137,3,2620.659999921361,2711.049999938889
S2,qlearning,1,127,0.12527064645839778,11333.5,0,3685.6499999999996,3961.75
S2,qlearning,1,128,0.1215088864708016,7615.606249934319,1,2132.9,2140.0
S2,qlearning,1,129,0.07755946225439504,10052.438448972676,14,3391.594148142161,3661.1334646573223
S2,qlearning,1,130,0.11565538048944016,9921.578900590139,2,2971.514999986331,3027.0
S2,qlearning,1,131,0.10990869124112276,9803.289873771759,8,3265.97870117646,3478.098376470575
S2,qlearning,1,132,0.09164336750543647,10927.407692030225,3,2840.139999914444,2897.0499998930554
S2,qlearning,1,133,0.08700380641653073,11113.899999800751,3,3194.7,3279.75
S2,qlearning,1,134,0.1205756514974718,8224.990484468033,4,2869.7,3068.0
S2,qlearning,1,135,0.09411050394656952,12609.55996261276,9,3279.1674018320628,3326.225682095706
S2,qlearning,1,136,0.11155872327238922,9634.0,0,2590.2,2705.5
S2,qlearning,1,137,0.10121457489878542,10015.5,0,2922.5,2942.0
S2,qlearning,1,138,0.1062753036437247,10359.518811363538,6,2971.463762191655,3073.099999864912
S2,qlearning,1,139,0.11737854581023802,9088.5,0,2664.1,2764.5
S2,qlearning,1,140,0.12266928361138371,9591.5,0,3048.9,3177.5
S2,qlearning,1,141,0.12027491408934708,12219.670512078566,4,4565.334102415713,5004.5
S2,qlearning,1,142,0.13326031398320554,8911.777247034695,2,2654.321797627757,2767.2772470346963
S2,qlearning,1,143,0.10361892978657594,10114.75,0,3088.9,3161.75
S2,qlearning,1,144,0.1275016139444803,10347.1,0,3447.7,3575.5
S2,qlearning,1,145,0.1668520578420467,9322.988756850591,4,2690.887751389862,2729.5499999259614
S2,qlearning,1,146,0.10490543735224586,10994.599999914917,1,2995.35999994895,3162.824999936188
S2,qlearning,1,147,0.11275415896487985,9623.849999895903,2,3501.2999999999997,3686.25
S2,qlearning,1,148,0.11857707509881422,9014.099999809876,2,2559.6099999809876,2629.5
S2,qlearning,1,149,0.11269070735090153,9483.75,0,2418.1,2478.5
S2,qlearning,1,150,0.12549739822467096,10322.823021529332,1,3064.084604305866,3227.0
S2,qlearning,1,151,0.15483071841453344,8451.17499976685,3,2442.9249999178496,2451.1999999180853
S2,qlearning,1,152,0.07828655834564253,11217.59467282331,5,3086.2,3189.0
S2,qlearning,1,153,0.12928442573662058,10356.099999856575,2,3061.1,3093.0
S2,qlearning,1,154,0.10834553440702782,10696.5,0,3660.9999999999995,3990.0
S2,qlearning,1,155,0.11989723094490437,11623.0,0,3155.2999999999997,3303.0
S2,qlearning,1,156,0.1556420233463035,7484.299999885075,1,2544.109999977015,2779.75
S2,qlearning,1,157,0.1125073056691993,11987.124999864436,1,3734.9199999783095,3991.75
S2,qlearning,1,158,0.1039298473530367,11706.355975809045,6,3532.054902724404,3601.139512604326
S2,qlearning,1,159,0.12276140958983246,10805.049999857407,1,3469.2,3728.5
S2,qlearning,1,160,0.10681293302540416,10207.59999982702,2,2474.879999861617,2476.099999827021
S2,qlearning,1,161,0.13581806696146556,9701.482697357244,7,2879.2761581038603,3025.332697646002
S2,qlearning,1,162,0.11880165289256199,9461.5,0,2181.6,2238.5
S2,qlearning,1,163,0.1579778830963665,8838.499999881538,1,2346.2899999052306,2392.5499998815385
S2,qlearning,1,164,0.1191553544494721,10406.149999768202,3,2762.7799998667647,2773.099999833456
S2,qlearning,1,165,0.11138236191638694,10312.474999539725,4,3458.1499996888165,3696.424999634786
S2,qlearning,1,166,0.13996889580093314,8837.899999856492,2,2770.099999926444,2858.1999999252425
S2,qlearning,1,167,0.1206843874121601,13485.899999839708,2,4174.324999972666,4471.25
S2,qlearning,1,168,0.08223684210526316,12259.69999993937,1,3442.839999987874,3547.0
S2,qlearning,1,169,0.14602392681210416,8217.34938235113,4,2001.62,2026.0
S2,qlearning,1,170,0.11329556814395202,9889.999999846123,2,2676.43999994243,2793.7999999280373
S2,qlearning,1,171,0.13835511145272866,8238.127629706189,8,2575.476389772735,2728.5704872922424
S2,qlearning,1,172,0.10785398230088496,11985.599999833166,2,3325.3099999794667,3366.5
S2,qlearning,1,173,0.13337893296853626,8692.149999493779,3,2612.9499999298055,2640.0499999401554
S2,qlearning,1,174,0.13743093922651933,10830.999999886764,1,3395.139999909412,3620.299999886765
S2,qlearning,1,175,0.12448132780082988,9381.75,0,3474.2999999999997,3849.75
S2,qlearning,1,176,0.13945704722945332,7978.199999790193,3,1839.7199999282323,1850.5499999503227
S2,qlearning,1,177,0.1386861313868613,8454.715277602274,2,2408.2430555204546,2444.5
S2,qlearning,1,178,0.1292077524651479,9602.615277318959,5,2952.263055476733,3092.25
S2,qlearning,1,179,0.10340439070951321,9405.75,0,2748.7,2818.75
S2,qlearning,1,180,0.12602058927937523,8351.547219523345,9,2503.1096488570215,2614.8745610894375
S2,qlearning,1,181,0.11634935025687519,10769.25,0,3197.1,3221.75
S2,qlearning,1,182,0.14253135689851767,8368.503925022665,6,2327.511282032804,2387.0
S2,qlearning,1,183,0.15267175572519084,9123.69999976973,2,2867.6099999725,2889.0
S2,qlearning,1,184,0.11605415860735009,11249.25,0,3240.15,3300.0
S2,qlearning,1,185,0.13530326594090203,10196.549999942104,1,3231.6,3489.5
S2,qlearning,1,186,0.12063492063492064,9658.72333292332,5,2468.0,2507.0
S2,qlearning,1,187,0.09251352120694563,12447.787356125104,3,4302.991953981456,4505.907471244785
S2,qlearning,1,188,0.11717383700594614,8580.84317372184,11,2560.364539555523,2726.543174566433
S2,qlearning,1,189,0.09218054672600128,10746.5,0,3045.9,3054.0
S2,qlearning,1,190,0.13011647254575706,9366.729213782886,7,3244.0636204632683,3523.2499998287008
S2,qlearning,1,191,0.11887863733144073,9345.0,0,3208.2999999999997,3565.5
S2,qlearning,1,192,0.12351620147577799,9646.049999908333,1,3556.039999926666,3978.549999908333
S2,qlearning,1,193,0.124845869297164,9523.625316329435,2,2929.7,3142.5
S2,qlearning,1,194,0.132996632996633,10533.194444136234,4,2771.3555553089873,2842.1944441362343
S2,qlearning,1,195,0.10505481120584653,12256.124999837903,2,2899.2,2900.75
S2,qlearning,1,196,0.13565891472868216,10220.917304357765,6,3338.558460777402,3349.124999843082
S2,qlearning,1,197,0.08509297195083518,10706.349999784292,3,3020.7,3068.25
S2,qlearning,1,198,0.12544802867383512,9988.9,0,2845.6,2869.5
S2,qlearning,1,199,0.11011987733482019,11996.5,0,3085.3,3093.0
S2,qlearning,1,200,0.11034047919293821,11563.75,0,4138.349999999999,4408.5
S2,qlearning,1,201,0.11037527593818984,9441.4,0,3546.2999999999997,3935.5
S2,qlearning,1,202,0.13429752066115702,9228.398015062397,5,3013.3406556702603,3261.0
S2,qlearning,1,203,0.10054844606946983,8211.361701850916,3,2370.619999830194,2490.599999787743
S2,qlearning,1,204,0.12883435582822086,7221.2152171859625,3,2222.1630434371923,2324.0
S2,qlearning,1,205,0.10882016036655212,11295.205167437101,4,3437.64103348742,3673.5
S2,qlearning,1,206,0.12679346012679346,9942.75,0,3495.4,3592.25
S2,qlearning,1,207,0.11239112110143298,11906.762213633063,2,3504.85,3618.5
S2,qlearning,1,208,0.09453471196454949,11497.20624993432,1,3404.9412499868636,3639.5
S2,qlearning,1,209,0.09768009768009768,10393.049999902532,1,3151.3999999999996,3321.0
S2,qlearning,1,210,0.12848751835535976,9487.829696035056,1,3403.020193303839,3584.2237568280457
S2,qlearning,1,211,0.10236724248240563,11790.053108515709,3,3589.3312433889982,3763.701036143095
S2,qlearning,1,212,0.09528423772609819,9258.426189064665,4,2846.709999979189,3003.75
S2,qlearning,1,213,0.1390773405698779,9655.4,0,3435.5,3685.0
S2,qlearning,1,214,0.12199036918138041,9720.0,0,2458.9,2468.0
S2,qlearning,1,215,0.06384790011350738,12693.813915489907,3,3593.0,3734.0
S2,qlearning,1,216,0.1117952041477641,10289.18598878342,14,3101.386241609201,3190.9899998259716
S2,qlearning,1,217,0.09793103448275862,11587.994597483192,5,3567.288919518328,3790.0
S2,qlearning,1,218,0.11598347632666031,10177.0,0,2652.5,2705.5
S2,qlearning,1,219,0.13694054776219106,9180.799999937399,1,3160.4399999499183,3444.7999999373983
S2,qlearning,1,220,0.14268242967794537,9103.75,0,2577.7,2696.0
S2,qlearning,1,221,0.14366021236727045,9780.74999981371,2,2656.6499999627417,2692.5
S2,qlearning,1,222,0.10693792383933229,12341.891880281693,1,3687.6783760563385,3753.0
S2,qlearning,1,223,0.10054021608643457,11461.2,0,3629.64,3695.5
S2,qlearning,1,224,0.0880716934487021,10508.0,0,3227.4,3272.0
S2,qlearning,1,225,0.12811512811512812,10070.649999848496,2,4288.7199998787955,4873.649999848495
S2,qlearning,1,226,0.09318667888787045,10887.115216972354,5,3711.552173801117,4080.315217251397
S2,qlearning,1,227,0.12316910785619174,8847.489942379543,2,2432.197988475909,2450.5
S2,qlearning,1,228,0.10173548773189707,11573.166442747071,3,3236.7331541976573,3307.166442747072
S2,qlearning,1,229,0.12759170653907495,12402.349999888405,1,3725.5799999107244,3895.599999888406
S2,qlearning,1,230,0.1257445400397088,9276.0,0,2534.1,2571.0
S2,qlearning,1,231,0.11956887841023914,10372.299999897334,1,3913.7999999999993,4444.75
S2,qlearning,1,232,0.15057915057915058,8660.899999888406,1,2537.599999977681,2645.0
S2,qlearning,1,233,0.13694366635543107,10889.099999788908,3,2686.25,2836.5
S2,qlearning,1,234,0.12690355329949238,9737.073728673293,2,2849.9589829386337,3024.5737286732924
S2,qlearning,1,235,0.16702977487291212,8389.274600809864,3,2607.8999999999996,2798.5
S2,qlearning,1,236,0.13347989949748743,10309.649999595496,3,3539.7,3926.5
S2,qlearning,1,237,0.13353566009104703,10637.5,0,2933.1,3037.25
S2,qlearning,1,238,0.11819681143485432,10712.5,0,2677.0,2693.5
S2,qlearning,1,239,0.13814016172506738,9388.789290167384,10,2877.64256383432,3023.6499996889142
S2,qlearning,1,240,0.15544871794871795,9512.74999981625,2,2917.8599999649996,3135.69999995625
S2,qlearning,1,241,0.18232044198895028,8886.0,0,3094.2,3317.0
S2,qlearning,1,242,0.1263537906137184,11436.6,0,3312.52,3525.0
S2,qlearning,1,243,0.13637668676428366,12117.25,0,4314.349999999999,4524.5
S2,qlearning,1,244,0.1667257892869812,10060.65,0,3047.3199999999997,3252.4
S2,qlearning,1,245,0.137987012987013,9756.8,0,2534.4,2609.0
S2,qlearning,1,246,0.13606459330143542,11847.277918672675,6,3710.469353471262,3834.1584686105043
S2,qlearning,1,247,0.13833333333333334,9952.724999618342,5,3020.6249998698113,3101.1499998430622
S2,qlearning,1,248,0.12590448625180897,10179.5,0,3046.7,3150.5
S2,qlearning,1,249,0.1678376268540203,8862.2,0,3338.2,3714.0
S2,qlearning,1,250,0.12912258867454884,9451.13888869859,2,2387.6,2453.5
S2,qlearning,1,251,0.14031382015691007,11390.840550610863,7,3476.259999801646,3690.6499998416666
S2,qlearning,1,252,0.13027295285359802,10431.236841855798,4,3452.1,3749.5
S2,qlearning,1,253,0.13722957701000968,9088.27499986628,2,2969.619999893024,3247.7749998662803
S2,qlearning,1,254,0.15467500868960724,8630.54999993125,1,2157.2999999999997,2250.5
S2,qlearning,1,255,0.15115489130434784,9335.0,0,2494.2,2576.0
S2,qlearning,1,256,0.1185137732222934,9976.3,0,3225.2,3484.0
S2,qlearning,1,257,0.15896427400852178,10683.121186100829,4,3396.1442372201655,3556.0
S2,qlearning,1,258,0.1254125412541254,9602.16052599201,4,2903.5,2963.75
S2,qlearning,1,259,0.1608910891089109,9399.742552953092,3,2773.4,2779.5
S2,qlearning,1,260,0.13129496402877697,9468.012903357429,7,3135.8999999999996,3297.0
S2,qlearning,1,261,0.13364779874213836,10218.769999770468,4,3452.193999954093,3702.5
S2,qlearning,1,262,0.122563496751329,11800.236144534721,1,3534.2,3641.5
S2,qlearning,1,263,0.11376896149358226,10552.906249631213,5,3455.1099999885923,3609.5
S2,qlearning,1,264,0.14553362328537972,10093.25,0,2948.4,3028.5
S2,qlearning,1,265,0.11363636363636363,11053.0403666349,3,3699.2,3919.0
S2,qlearning,1,266,0.1277445109780439,7841.199999627169,3,2525.429999758076,2711.149999721071
S2,qlearning,1,267,0.10493004663557629,9290.5,0,2747.6,2877.0
S2,qlearning,1,268,0.12867647058823528,10511.824999711282,4,3045.0349999533355,3168.5
S2,qlearning,1,269,0.08640890451083773,11372.334893441212,8,3526.7368038081627,3808.2960047602037
S2,qlearning,1,270,0.09983361064891846,12011.549999733377,4,3819.499999835981,4142.499999794976
S2,qlearning,1,271,0.08730901153726224,9716.623957911943,5,2708.5,2878.5
S2,qlearning,1,272,0.10282776349614396,11060.591666518509,2,2698.05,2704.5
S2,qlearning,1,273,0.08002207505518764,12732.392992023808,7,3591.5185984153095,3599.25
S2,qlearning,1,274,0.13921113689095127,10930.7,0,3280.6,3364.0
S2,qlearning,1,275,0.13125386040765905,10469.074999804066,3,2581.9499999729073,2613.5
S2,qlearning,1,276,0.13441700531416068,10536.1,0,3295.42,3329.0
S2,qlearning,1,277,0.13575458392101553,9237.718852401074,1,3385.5837704802148,3711.0
S2,qlearning,1,278,0.11592434411226357,10262.66691171017,1,2865.1,2963.5
S2,qlearning,1,279,0.10653613590555716,12760.72166627513,7,4163.162333168359,4323.029999855554
S2,qlearning,1,280,0.14967105263157895,8792.690196010342,1,2551.9180392020685,2560.5
S2,qlearning,1,281,0.13060848186846957,10843.827436857571,7,3135.0611315163424,3182.684803698436
S2,qlearning,1,282,0.14619883040935672,10932.5,0,3210.8999999999996,3365.0
S2,qlearning,1,283,0.1295601772928742,9855.57903193533,4,2592.1,2643.5
S2,qlearning,1,284,0.12895662368112543,10737.98442594425,5,3705.5475407984777,4054.9344259980976
S2,qlearning,1,285,0.11146496815286625,14253.217889244257,11,3903.371866490695,4064.697230171499
S2,qlearning,1,286,0.11954096270321964,9347.47999961376,5,2969.809999989078,3151.5
S2,qlearning,1,287,0.11032938919091781,11516.505127900542,4,3893.7041023204333,4270.005127900542
S2,qlearning,1,288,0.12230447376890892,9693.2,0,2809.4,2839.5
S2,qlearning,1,289,0.12169471153846154,10912.430434666474,2,3247.8443477331793,3455.4304346664744
S2,qlearning,1,290,0.12032520325203253,10063.878060378487,6,2858.381860397653,2862.602325497066
S2,qlearning,1,291,0.11770244821092278,8854.920115748862,6,2343.142588548762,2394.9282356859526
S2,qlearning,1,292,0.1159334126040428,9865.0,0,2478.3,2529.0
S2,qlearning,1,293,0.12783053323593865,7530.0,0,2111.6,2183.0
S2,qlearning,1,294,0.07271039603960396,10269.174999826699,2,3327.9,3399.25
S2,qlearning,1,295,0.170104958378574,7952.943042489988,5,1783.2799998005614,1795.0999997507017
S2,qlearning,1,296,0.1790425932906144,7917.2,0,2698.12,2809.9
S2,qlearning,1,297,0.15048543689320387,10936.502380907126,1,4003.400476181425,4438.0
S2,qlearning,1,298,0.15676028739386022,11032.024999586209,3,3977.9699999003806,4243.774999971898
S2,qlearning,1,299,0.11189634864546526,8092.0,0,2061.6,2068.0
S2,qlearning,1,300,0.12225317239244816,9028.337412456613,7,2544.8374825554683,2622.0
S2,qlearning,1,301,0.13547181563375896,11119.905487694026,2,3449.6099999465896,3681.574999933237
S2,qlearning,1,302,0.10122107969151671,9957.5,0,2403.5,2406.0
S2,qlearning,1,303,0.14460700918679822,9014.537036673837,5,2283.4274071556642,2334.1999997014946
S2,qlearning,1,304,0.13782796413151777,9987.25,0,3174.85,3257.0
S2,qlearning,1,305,0.15604890604890606,8928.37938123402,4,2730.9658762581275,2882.0
S2,qlearning,1,306,0.1479188166494668,8813.638171708839,4,3156.39053736707,3472.238171708838
S2,qlearning,1,307,0.14995162850693325,10227.0,0,2573.0,2601.0
S2,qlearning,1,308,0.15930599369085174,10839.94999992143,1,3588.3999999999996,3781.0
S2,qlearning,1,309,0.15690376569037656,10479.75,0,2777.2,2839.25
S2,qlearning,1,310,0.13459903655426467,11819.175776356104,8,3583.654042473769,3627.4425530922113
S2,qlearning,1,311,0.13480392156862744,10584.549999902532,1,3293.2,3520.0
S2,qlearning,1,312,0.1312297257446181,12141.031657929174,4,3918.008659707092,4164.837213535429
S2,qlearning,1,313,0.13804611650485438,9726.378447691963,6,3113.0506895275034,3372.8749998523167
S2,qlearning,1,314,0.08684863523573201,11376.360975364687,3,2995.28878029175,3015.3609753646874
S2,qlearning,1,315,0.1109350237717908,9935.884210068663,7,2833.019999977969,2867.5
S2,qlearning,1,316,0.09182736455463728,10350.813803429492,4,3182.5499999999997,3250.75
S2,qlearning,1,317,0.06380120886501008,9993.74999979657,2,2855.2099999822985,2933.5
S2,qlearning,1,318,0.10966810966810966,12004.521606100701,4,3643.6063346673072,3800.507918334134
S2,qlearning,1,319,0.12213285671730711,11251.0,0,3282.9,3420.0
S2,qlearning,1,320,0.14398848092152627,8728.1,0,2301.9,2401.0
S2,qlearning,1,321,0.12388503468780972,10681.084519698647,4,2624.227615778167,2644.159519722709
S2,qlearning,1,322,0.12909979064898813,9269.628465511047,6,2421.7,2430.5
S2,qlearning,1,323,0.1354515050167224,9077.735065174053,7,3094.0789823936575,3354.479884735077
S2,qlearning,1,324,0.10687273923051628,9719.43579250544,3,3159.939118288766,3278.2532663127977
S2,qlearning,1,325,0.11256720430107527,10200.931654396478,11,3161.368132698367,3317.4742406900727
S2,qlearning,1,326,0.11666666666666667,9724.949998919472,6,2715.9599999144443,2786.1999998930555
S2,qlearning,1,327,0.1710187568959176,8270.71235588914,2,2645.5419539246986,2810.3324712447848
S2,qlearning,1,328,0.12330623306233063,12477.241492670826,12,3941.3793746193032,4261.349218274129
S2,qlearning,1,329,0.14007910349373764,9691.65,0,3233.25,3394.0
S2,qlearning,1,330,0.16053391053391053,8980.1,0,3314.3999999999996,3637.0
S2,qlearning,1,331,0.11325883418906675,10944.281014405675,11,3018.312368325061,3086.774999977083
S2,qlearning,1,332,0.14723438121766813,9644.4,0,3091.4,3144.0
S2,qlearning,1,333,0.13263023330137425,10962.75,0,3053.9,3109.0
S2,qlearning,1,334,0.07892293407613742,9873.479999892581,2,3016.52399994456,3173.5299999307
S2,qlearning,1,335,0.10952102803738317,10643.021052496122,2,3418.694210515607,3506.0
S2,qlearning,1,336,0.1340433345574734,8913.5499999125,1,2636.9,2754.5
S2,qlearning,1,337,0.044202652159129545,11494.09737403227,6,3531.1128992405293,3810.5723740567923
S2,qlearning,1,338,0.09319816873773708,10092.549999952174,1,3306.039999961739,3476.049999952174
S2,qlearning,1,339,0.14753508456279238,9687.39999985199,2,2710.529999970398,2743.5
S2,qlearning,1,340,0.1348385073690812,9316.568749909766,1,2305.513749981953,2324.5
S2,qlearning,1,341,0.11423794928949568,11799.59346393979,2,3443.574771151831,3548.593463939789
S2,qlearning,1,342,0.14660012476606363,9245.5,0,2299.3,2312.5
S2,qlearning,1,343,0.17945109078114005,9177.299999882443,1,2577.539999905954,2581.2999998824425
S2,qlearning,1,344,0.08928571428571429,12616.400741950561,9,4251.319999979329,4619.5
S2,qlearning,1,345,0.16413130504403523,8206.15,0,2463.65,2483.0
S2,qlearning,1,346,0.18101367658889783,7222.899999936363,1,2058.5,2060.0
S2,qlearning,1,347,0.12002259248799774,11956.411397179407,10,3530.490606336317,3712.312026242311
S2,qlearning,1,348,0.15812994156067378,8383.59999981217,2,2186.479999849736,2253.09999981217
S2,qlearning,1,349,0.16314779270633398,9707.011794512819,4,2780.850769102379,2905.938461377974
S2,qlearning,1,350,0.14729685982518614,9450.323333288845,1,2581.9,2590.0
S2,qlearning,1,351,0.12915129151291513,8817.114942337746,3,2608.5199998785415,2753.3999998481772
S2,qlearning,1,352,0.15311330384484517,7966.049999802564,1,2029.3999999999999,2059.0
S2,qlearning,1,353,0.1394422310756972,10666.961170998138,3,3172.564482728372,3231.0
S2,qlearning,1,354,0.16357688113413305,7457.0499998737705,1,1936.6,1972.0
S2,qlearning,1,355,0.13296317942723554,11611.0,0,3892.4,3938.0
S2,qlearning,1,356,0.13796108045309324,11671.633064380501,2,3412.1266128761004,3510.0
S2,qlearning,1,357,0.15013054830287206,10073.25,0,2729.6,2751.0
S2,qlearning,1,358,0.14939915556999026,9807.258718340507,9,2770.4217436148288,2846.09999989
S2,qlearning,1,359,0.1545048399106478,7302.819594251687,2,2059.9,2151.5
S2,qlearning,1,360,0.15563614385010577,10655.99999983733,2,4101.5999998698635,4568.99999983733
S2,qlearning,1,361,0.15027322404371585,9061.062280388183,5,2946.2524560028824,3075.8999998754093
S2,qlearning,1,362,0.1635282457879088,11030.2,0,3220.2999999999997,3388.0
S2,qlearning,1,363,0.15472312703583063,8351.54999994122,1,2010.8,2035.5
S2,qlearning,1,364,0.14059514059514058,12802.86213432783,2,3834.8073391332027,3854.5748537574573
S2,qlearning,1,365,0.1550751879699248,11034.849999678008,4,2757.8199999634467,2794.5
S2,qlearning,1,366,0.1602112676056338,8284.46865428103,7,2504.8949235411947,2649.868654426494
S2,qlearning,1,367,0.14700673042862203,8260.253954902319,8,2169.2403916388175,2219.050489548522
S2,qlearning,1,368,0.11046511627906977,10982.514903606638,4,3756.192980731663,4056.5
S2,qlearning,1,369,0.16636528028933092,8969.54999993937,1,2462.839999951496,2498.04999993937
S2,qlearning,1,370,0.14468371467025573,8160.73533299351,4,2106.747066598702,2155.5
S2,qlearning,1,371,0.14609831557236164,10466.629876835374,6,2765.4839016766327,2805.854877175387
S2,qlearning,1,372,0.13059701492537312,10000.308795130915,4,3106.0870367414623,3350.2087961921325
S2,qlearning,1,373,0.15873015873015872,11518.830819809256,5,3447.194655977089,3683.5808199713615
S2,qlearning,1,374,0.14214641080312723,9176.130351983556,4,2602.378292632242,2799.0
S2,qlearning,1,375,0.1621026125275417,9606.5,0,3063.6,3302.5
S2,qlearning,1,376,0.13569937369519833,11809.849999894475,2,3558.2,3793.75
S2,qlearning,1,377,0.09803921568627451,12069.275161182559,5,3532.20003220122,3612.158333274514
S2,qlearning,1,378,0.13028280902446776,11458.399999700694,3,3269.079999839529,3332.0999997994118
S2,qlearning,1,379,0.13604299630500505,8730.862820365912,2,2732.112564091089,2841.0
S2,qlearning,1,380,0.12237762237762238,9517.765425152813,4,2922.892340122251,3061.3654251528137
S2,qlearning,1,381,0.11213720316622691,10266.813444983627,9,3472.8321903196743,3813.416915386483
S2,qlearning,1,382,0.1002906976744186,11233.832159464888,2,3293.4164318929775,3385.75
S2,qlearning,1,383,0.15030060120240482,9942.451579613731,3,2851.2,3046.5
S2,qlearning,1,384,0.12037037037037036,10642.1499997721,3,2988.4199998176805,3035.6499997721007
S2,qlearning,1,385,0.12923076923076923,10822.349999841355,2,3600.0199998730836,3735.6499998413547
S2,qlearning,1,386,0.13897373243738545,9602.899999842173,2,2787.7,2910.0
S2,qlearning,1,387,0.1544837980406933,8593.149999883333,1,3088.2999999999997,3417.25
S2,qlearning,1,388,0.15269765863590093,9462.25,0,2489.8,2495.75
S2,qlearning,1,389,0.16937191249117856,9778.5,0,2566.9,2572.5
S2,qlearning,1,390,0.0822884012539185,13732.684476468285,7,4484.724117591262,4868.524999979412
S2,qlearning,1,391,0.14312096029547552,11876.149999727006,3,3580.5199999619604,3775.5
S2,qlearning,1,392,0.10618066561014262,11959.34999985187,2,3317.9799998814947,3397.5999998518687
S2,qlearning,1,393,0.14895182052225084,8387.8,0,2471.44,2473.5
S2,qlearning,1,394,0.15487504399859203,9863.349999871667,2,2860.6,2863.0
S2,qlearning,1,395,0.12312312312312312,11794.253100632632,2,3236.25,3290.0
S2,qlearning,1,396,0.11923196035924435,10647.818622682254,6,2977.876317078209,3026.649999879687
S2,qlearning,1,397,0.1304667401690555,9228.043716240581,6,2750.8349729924657,2756.5437162405824
S2,qlearning,1,398,0.11684782608695653,10904.466666333019,4,3057.3199999779686,3141.0
S2,qlearning,1,399,0.12058143376280145,10205.65,0,3174.48,3371.75
S2,qlearning,1,400,0.09381171823568137,12216.621173193324,7,4302.43088041292,4600.581446498544
S2,qlearning,1,401,0.12274959083469722,10560.8,0,3601.7999999999997,3874.0
S2,qlearning,1,402,0.12612301313061505,8036.549999867241,1,1957.6399998937932,1961.0499998672415
S2,qlearning,1,403,0.14248280379954142,10479.418722005857,5,3053.668744303018,3102.474999836411
S2,qlearning,1,404,0.13812993321190042,11391.5,0,2832.6,2865.75
S2,qlearning,1,405,0.12964563526361278,10691.2,0,3137.3,3188.0
S2,qlearning,1,406,0.12525737817433083,10260.5168197049,10,3240.023363767775,3506.6999997113257
S2,qlearning,1,407,0.10249402118209772,8255.112089387438,6,2274.5,2347.5
S2,qlearning,1,408,0.11589895988112928,12107.5,0,3476.2,3533.0
S2,qlearning,1,409,0.1560529634300126,10073.904216544344,4,3378.7833732958675,3594.3542166198345
S2,qlearning,1,410,0.12893553223388307,10267.0,0,2698.9,2704.5
S2,qlearning,1,411,0.13439883763167454,9065.5,0,2859.3999999999996,3010.5
S2,qlearning,1,412,0.11722565939433409,9518.69999970688,4,2959.339999941376,3121.0
S2,qlearning,1,413,0.10139225181598063,11519.486206463149,5,3961.048965240519,4369.436206550649
S2,qlearning,1,414,0.10092514718250631,11697.866754703831,6,3653.7839306022893,3840.104913252862
S2,qlearning,1,415,0.1083729216152019,11163.25,0,2969.65,3040.0
S2,qlearning,1,416,0.11005038451339168,12338.5,0,4000.8999999999996,4245.0
S2,qlearning,1,417,0.10375494071146245,9884.0,0,3394.4999999999995,3710.0
S2,qlearning,1,418,0.09770713913496613,11514.083470797272,6,2887.501619438982,2932.5020242987275
S2,qlearning,1,419,0.08603941160144324,12308.799562698452,5,4072.9446170101787,4365.540066177549
S2,qlearning,1,420,0.16042780748663102,8548.116442730587,3,2771.4032885816555,2907.0
S2,qlearning,1,421,0.1421232876712329,9071.699999822822,2,3297.459999858257,3655.199999822822
S2,qlearning,1,422,0.1508485229415462,10881.193577853854,2,3769.9387155707705,4039.5
S2,qlearning,1,423,0.15176240208877284,10093.800999743657,3,3749.3257998101226,3998.275999768986
S2,qlearning,1,424,0.12996941896024464,11403.674999913923,1,3899.039999931138,4022.674999913923
S2,qlearning,1,425,0.11700725115359262,9521.463305201138,4,3001.8570210553107,3015.5712763191386
S2,qlearning,1,426,0.10782865583456426,11137.935142666149,7,3191.297693722779,3312.904293276723
S2,qlearning,1,427,0.11449231696294064,10030.543700423454,5,2728.4,2747.0
S2,qlearning,1,428,0.11875761266747868,10165.046874905169,2,2572.6393749484987,2586.5499999457747
S2,qlearning,1,429,0.13411841674844618,11061.636059364802,8,3479.60755742412,3588.1255758451002
S2,qlearning,1,430,0.1555891238670695,9895.14820511702,6,2738.3385642127387,2848.5482052659236
S2,qlearning,1,431,0.12082338902147971,10954.099999606098,5,3035.119999888236,3164.2749998602953
S2,qlearning,1,432,0.1593011305241521,9218.174999608023,4,2763.284999701132,2946.249999632546
S2,qlearning,1,433,0.10922725790674927,9163.864285242073,6,2821.0199998715525,3018.149999839441
S2,qlearning,1,434,0.152114390021296,10412.52931290056,8,3054.829903065639,3057.7190646987838
S2,qlearning,1,435,0.1427633738103052,9925.005579229395,7,3190.7418175105563,3373.401169441129
S2,qlearning,1,436,0.14891550663645192,8964.382151513359,4,2838.25260866918,2958.0
S2,qlearning,1,437,0.12369597615499255,10396.780767766499,2,2907.3561535533,3003.5
S2,qlearning,1,438,0.12240471025720484,11834.333390046912,13,3595.8614873337433,3670.74491482092
S2,qlearning,1,439,0.13442431326709525,11331.164542257491,3,3777.304673113253,3857.4529411029253
S2,qlearning,1,440,0.1457899434692056,12068.1847290879,5,3583.6735291734917,3770.216911466865
S2,qlearning,1,441,0.12714558169103624,10528.599999897333,1,3119.4799999178667,3314.5999998973334
S2,qlearning,1,442,0.1267143709004174,10284.062210314778,5,2925.2624420629554,2999.0
S2,qlearning,1,443,0.12,12055.0,0,3215.4,3237.5
S2,qlearning,1,444,0.1390728476821192,9729.09610580719,6,2957.2767206987746,3159.595832562228
S2,qlearning,1,445,0.1362309438858255,10573.019108174856,2,3138.589999949919,3168.0499999373983
S2,qlearning,1,446,0.1326219512195122,11334.376950227897,2,2705.6,2709.0
S2,qlearning,1,447,0.1519756838905775,10216.359459031535,5,3251.7199998306382,3490.149999788298
S2,qlearning,1,448,0.14018691588785046,10480.75,0,2967.2,3124.75
S2,qlearning,1,449,0.12026458208057728,10687.0,0,3281.2999999999997,3502.5
S2,qlearning,1,450,0.14314928425357873,10242.299999917204,1,2699.209999983441,2718.25
S2,qlearning,1,451,0.10590500641848524,10282.0,0,2677.7,2734.5
S2,qlearning,1,452,0.11424731182795698,9270.5,0,2963.3999999999996,3140.5
S2,qlearning,1,453,0.11847582452769773,9998.204290157275,4,3159.840858031455,3359.5
S2,qlearning,1,454,0.11680613668061367,9942.655203882852,3,3844.2999999999997,4213.5
S2,qlearning,1,455,0.13402061855670103,8567.26304304353,2,2875.2,3048.0
S2,qlearning,1,456,0.1627754028280171,10270.172656088136,2,3942.7181248705087,4319.2726560881365
S2,qlearning,1,457,0.17955294979846098,8200.74268565159,6,2610.4199999681323,2769.5
S2,qlearning,1,458,0.11773700305810397,10009.85136788507,5,3145.6210944151076,3371.7513680634893
S2,qlearning,1,459,0.13816172193135545,11334.724999727832,4,3063.639999822008,3068.92499977751
S2,qlearning,1,460,0.13048817930610992,9892.0,0,2620.7,2660.5
S2,qlearning,1,461,0.15364061456245826,9882.0,0,3092.2999999999997,3230.0
S2,qlearning,1,462,0.112375533428165,12354.07499993285,1,3567.659999946279,3663.574999932849
S2,qlearning,1,463,0.11486708237610764,9731.049999825,1,3002.2,3130.5
S2,qlearning,1,464,0.10430247718383312,11649.851705462128,4,2949.690094094239,3025.9661521154203
S2,qlearning,1,465,0.128068303094984,8783.829967241028,5,2682.003973968522,2779.0799674825275
S2,qlearning,1,466,0.11140819964349376,9891.8,0,3166.2,3415.0
S2,qlearning,1,467,0.13225806451612904,10287.0,0,2850.7,2938.5
S2,qlearning,1,468,0.14762516046213095,10360.669914884129,4,3179.873982998826,3263.0
S2,qlearning,1,469,0.10901162790697674,11275.64999986982,2,3492.129999973964,3505.0
S2,qlearning,1,470,0.1104330136588201,11274.25,0,3870.45,4080.5
S2,qlearning,1,471,0.12478108581436077,6742.1,0,1984.8,2086.5
S2,qlearning,1,472,0.1287194918087596,10054.4,0,3593.0999999999995,3923.0
S2,qlearning,1,473,0.1302635564980309,11153.203108416705,5,3366.2906216464,3455.099999914444
S2,qlearning,1,474,0.1399190829399865,9745.516761955374,8,3463.6903999785754,3711.7428569988188
S2,qlearning,1,475,0.1497005988023952,9539.54999992451,1,2689.709999984902,2711.5
S2,qlearning,1,476,0.12713131917439427,10489.49745726009,4,2959.157965881405,3061.947457351756
S2,qlearning,1,477,0.15948124780932352,8223.649999785874,3,2137.409999983617,2208.5
S2,qlearning,1,478,0.14186977082575483,9534.599999845543,2,2882.2099999866086,2953.5
S2,qlearning,1,479,0.12835139760410724,11420.9098499579,11,3462.7315981562556,3662.4783274900483
S2,qlearning,1,480,0.10762495439620576,9835.321885955276,6,3683.0234312464668,4064.7749999699217
S2,qlearning,1,481,0.08015675097969362,9501.82470882624,6,2708.390119213131,2724.843899034238
S2,qlearning,1,482,0.12131392310563643,10137.824999346156,2,3842.8399999550365,4060.774999971898
S2,qlearning,1,483,0.1016383495145631,11302.457745939764,4,3294.0115492361247,3414.0
S2,qlearning,1,484,0.13678789829417445,10715.447456931975,6,3789.4394912038856,4102.449999650994
S2,qlearning,1,485,0.12048192771084337,8895.369365886414,4,2598.2054928668763,2734.7193661493225
S2,qlearning,1,486,0.19897772909821101,8664.15,0,3107.25,3217.0
S2,qlearning,1,487,0.16998626373626374,9841.749999908334,1,3796.3999999999996,3980.5
S2,qlearning,1,488,0.16845878136200718,10144.8,0,3656.7999999999997,3979.0
S2,qlearning,1,489,0.09285051067780872,10273.127528428333,9,3462.774408457158,3641.549999909412
S2,qlearning,1,490,0.1461612592354642,10065.305107434515,1,3223.0440859476125,3442.805107434516
S2,qlearning,1,491,0.14619883040935672,10736.524999647452,4,3222.6199998860975,3487.649999857622
S2,qlearning,1,492,0.15573026912609617,11147.5,0,3874.6,4140.0
S2,qlearning,1,493,0.155703289013296,9201.00031612779,4,2488.8002529022315,2516.500316127789
S2,qlearning,1,494,0.16879219804951237,8214.849999929358,1,2469.4,2511.5
S2,qlearning,1,495,0.13119143239625167,11458.684831422277,1,3800.0999999999995,4201.0
S2,qlearning,1,496,0.1599488163787588,9031.54999993063,1,3077.2999999999997,3360.0
S2,qlearning,1,497,0.10740971357409713,10225.968887400379,17,3179.688666264878,3316.77333302326
S2,qlearning,1,498,0.1195840554592721,10392.453834138965,8,3634.2407667516245,3772.099999842857
S2,qlearning,1,499,0.11750881316098707,12495.621276144371,6,3814.817021056907,3935.271276321134
S2,qlearning,1,500,0.1309255079006772,9083.499999619231,2,2234.5,2271.5
S2,qlearning,1,501,0.19359380499824005,8476.049999934188,1,2385.7,2473.0
S2,qlearning,1,502,0.16558552406964835,9592.6,0,3677.62,4025.4
S2,qlearning,1,503,0.12866980790141355,10656.474999307853,6,3113.3599996266075,3167.3249995332594
S2,qlearning,1,504,0.13795674869500374,8835.544331701407,4,2835.435465361126,3019.5443317014074
S2,qlearning,1,505,0.12042539881138567,10458.974999434955,3,3634.244999899824,3884.5999998930556
S2,qlearning,1,506,0.14084507042253522,10591.74999995674,1,3542.939999965393,3840.0499999567414
S2,qlearning,1,507,0.1731198808637379,8149.7249999018095,2,2955.544999980362,3269.5
S2,qlearning,1,508,0.11859443631039532,12411.9,0,3744.2,3823.0
S2,qlearning,1,509,0.12018489984591679,10981.722064201043,6,3469.195748911593,3716.8188934523077
S2,qlearning,1,510,0.13860369609856263,9117.052549833712,11,2051.555182462405,2059.0
S2,qlearning,1,511,0.10798765855330819,10423.049999901283,1,3821.6,4128.5
S2,qlearning,1,512,0.16079370509750257,9664.5,0,2590.5,2614.0
S2,qlearning,1,513,0.17792302106027597,9846.19999951875,1,2398.98,2465.25
S2,qlearning,1,514,0.1392757660167131,12646.5,0,4410.599999999999,4652.0
S2,qlearning,1,515,0.11512678519382104,11203.589853492873,5,3282.384882885668,3334.47485361185
S2,qlearning,1,516,0.16613418530351437,9489.5,0,2790.6,2818.5
S2,qlearning,1,517,0.1648544370396352,9272.25,0,2334.3,2379.5
S2,qlearning,1,518,0.15205435134260756,10930.49999989452,1,2953.34,2962.75
S2,qlearning,1,519,0.13205956729418375,10879.73875718762,3,3081.5,3093.0
S2,qlearning,1,520,0.1481736733287388,8777.215277670124,2,3318.0999999999995,3694.5
S2,qlearning,1,521,0.16399416909620992,9324.899991835535,7,3065.73999825692,3327.4999998163553
S2,qlearning,1,522,0.18552200800291016,7296.0,0,1851.8,1856.0
S2,qlearning,1,523,0.18329554043839758,9586.427522606682,4,2570.23999988717,2580.09999987874
S2,qlearning,1,524,0.17332452954770552,8558.7,0,2450.0,2525.5
S2,qlearning,1,525,0.15108142493638677,10607.0,0,3271.4,3312.5
S2,qlearning,1,526,0.16374837872892348,9373.5,0,2840.3,2886.5
S2,qlearning,1,527,0.1516258677383997,8509.43574390467,10,2410.3659723726837,2498.29803926558
S2,qlearning,1,528,0.1183252427184466,10836.582369598378,5,3571.586473968371,3817.0
S2,qlearning,1,529,0.10829723425524825,9856.0,0,3067.6,3209.5
S2,qlearning,1,530,0.1605058365758755,10244.08611075241,4,2739.874999988507,2810.7
S2,qlearning,1,531,0.17009093971034017,9521.5,0,2601.7,2653.5
S2,qlearning,1,532,0.12841253791708795,9884.499999764208,2,2957.4,2986.0
S2,qlearning,1,533,0.17224409448818898,9043.0,0,2676.6,2817.0
S2,qlearning,1,534,0.142949967511371,10811.354912455216,6,2810.8839304160547,2833.154913208353
S2,qlearning,1,535,0.17123287671232876,9601.124999870804,1,2951.7399999586573,3080.274999974161
S2,qlearning,1,536,0.1388888888888889,9643.694691680394,11,3363.0020886474176,3679.9052503783414
S2,qlearning,1,537,0.09384775808133472,9181.245424564548,3,3041.4963396516378,3182.745424564547
S2,qlearning,1,538,0.1638418079096045,8497.243490034964,10,2412.0691148934834,2468.9890497840556
S2,qlearning,1,539,0.16957523872242344,9514.35,0,2892.7999999999997,2961.75
S2,qlearning,1,540,0.15503875968992248,12341.39594326077,8,3869.02338212794,4023.4499997526455
S2,qlearning,1,541,0.15510340226817879,10204.443577722286,4,3480.798715436782,3711.149999820542
S2,qlearning,1,542,0.18928035982008995,8718.726320909725,2,2246.0035567446175,2246.5971542711204
S2,qlearning,1,543,0.1475613544579062,10393.161944132928,10,3309.9199461086732,3325.1999999060977
S2,qlearning,1,544,0.15856550088915233,12222.399999922221,1,4074.419999937778,4277.399999922222
S2,qlearning,1,545,0.1724137931034483,9382.6,0,3311.8999999999996,3630.0
S2,qlearning,1,546,0.18138801261829654,8222.26712501277,7,2180.9396451965517,2191.6437002037574
S2,qlearning,1,547,0.15058290155440415,10312.5,0,3205.5,3226.0
S2,qlearning,1,548,0.12515262515262515,11293.974999594779,3,3521.0349999338887,3643.099999922222
S2,qlearning,1,549,0.14834794335805798,9566.09999989452,1,2473.6799999156165,2491.599999894521
S2,qlearning,1,550,0.15055202408832385,9265.098244740639,6,2703.5185964033763,2825.9982455263466
S2,qlearning,1,551,0.15427769985974754,9631.8868417533,3,3322.6173683723496,3658.0
S2,qlearning,1,552,0.13602251407129456,9365.5,0,2576.0,2670.0
S2,qlearning,1,553,0.14129736673089274,10055.5,0,3158.2,3306.5
S2,qlearning,1,554,0.1205331820760068,10432.87323918122,4,3020.9685915173186,3149.073239408107
S2,qlearning,1,555,0.12614678899082568,11111.899999523319,7,3524.399999906527,3735.5999999099413
S2,qlearning,1,556,0.17302889760970389,8720.5,0,2272.9,2316.0
S2,qlearning,1,557,0.040310077519379844,11460.799999529336,5,3796.8799999132393,3963.5999998915495
S2,qlearning,1,558,0.13773647527381347,9789.591305698717,13,3255.66801970328,3524.4775146295024
S2,qlearning,1,559,0.12082045518404046,11981.0,0,3566.9,3586.5
S2,qlearning,1,560,0.12947570332480818,10687.5,0,3031.6,3148.0
S2,qlearning,1,561,0.13617184503260452,9323.3869276824,3,2811.129542399831,3021.586928017079
S2,qlearning,1,562,0.17413737504030957,10582.74999990126,2,2682.5399999910464,2685.5
S2,qlearning,1,563,0.15782828282828282,10525.062370828422,4,2755.7898967215915,2833.7373709019894
S2,qlearning,1,564,0.14658505154639176,10502.127182075441,6,2764.948769817207,2833.5
S2,qlearning,1,565,0.1754710011082379,8395.141886121477,6,2332.3861970930957,2465.3577463663696
S2,qlearning,1,566,0.13356164383561644,8639.974585226044,4,2573.8249170114864,2685.5499999437957
S2,qlearning,1,567,0.14281279105867742,11498.831090626538,3,4731.060575845666,5289.542146561821
S2,qlearning,1,568,0.16752577319587628,10095.0,0,2823.2,3013.0
S2,qlearning,1,569,0.14488188976377953,10746.0,0,3217.6,3333.0
S2,qlearning,1,570,0.14314928425357873,10997.749999918948,1,3727.64,3910.0
S2,qlearning,1,571,0.11593777516877019,12647.5,0,3754.7,3958.5
S2,qlearning,1,572,0.0931013431013431,10786.249999687407,4,3931.219999893333,4362.649999866667
S2,qlearning,1,573,0.1322930800542741,10575.949999681081,4,3876.2399999080594,4124.299999885075
S2,qlearning,1,574,0.15086206896551724,9168.5,0,2557.6,2678.5
S2,qlearning,1,575,0.15644955300127714,8517.19999972658,4,2125.5899998881237,2145.09999988
S2,qlearning,1,576,0.1806822019587977,9061.790410840405,2,3147.7,3478.0
S2,qlearning,1,577,0.1533442088091354,11360.634831186415,3,3216.3878650611323,3395.7348313264156
S2,qlearning,1,578,0.1346153846153846,9762.002472287299,5,3072.6138086286646,3175.468811864016
S2,qlearning,1,579,0.1531770045385779,9309.586110868,3,2372.197777732958,2387.5
S2,qlearning,1,580,0.15904572564612326,9746.572288844955,4,2832.9799998541052,2859.0999998176317
S2,qlearning,1,581,0.14655441222326163,11219.0,0,3287.2999999999997,3398.0
S2,qlearning,1,582,0.11273613650213285,10401.079806862012,11,3036.2938457849477,3240.329807287711
S2,qlearning,1,583,0.1272264631043257,10891.824999831191,2,3013.0199998832863,3080.149999854108
S2,qlearning,1,584,0.13098318240620957,11758.643749397763,7,4759.959999708903,5326.824999636128
S2,qlearning,1,585,0.17248295226634577,7964.1,0,2789.2,3063.5
S2,qlearning,1,586,0.167853509664293,8537.09999976261,2,2650.0,2800.5
S2,qlearning,1,587,0.1621129326047359,8813.302405730994,5,2607.8844827284456,2674.0
S2,qlearning,1,588,0.17214996174445293,8857.220891693882,4,2640.2999999999997,2733.5
S2,qlearning,1,589,0.15161290322580645,9649.0,0,2856.2,3060.0
S2,qlearning,1,590,0.14024210215529967,11145.769271836598,5,2891.0099999853333,2950.0
S2,qlearning,1,591,0.12944479101684342,10319.546728842992,9,2986.794796716465,3166.5
S2,qlearning,1,592,0.13723150357995226,10739.5,0,3154.5,3274.5
S2,qlearning,1,593,0.11107254425546685,9542.073441294706,7,3067.2387531340632,3260.3734414585365
S2,qlearning,1,594,0.0943126607602172,9908.3630431994,4,2630.2,2656.5
S2,qlearning,1,595,0.09492635024549918,9192.5,0,2932.9,3047.5
S2,qlearning,1,596,0.14290407358738502,9304.4,0,2815.02,2939.4
S2,qlearning,1,597,0.10635433494884222,11566.62931023918,2,2783.1,2839.5
S2,qlearning,1,598,0.13503909026297087,10129.27884568442,5,3641.850769097284,3854.324999934
S2,qlearning,1,599,0.11153000314169023,10938.267414752088,8,3633.8439322399954,3806.01741538693
S2,qlearning,1,600,0.1338787653402752,8416.849999380367,7,2495.219999957089,2536.0
S2,qlearning,1,601,0.10367298578199052,11300.349999727317,4,3241.0499999738686,3385.0
S2,qlearning,1,602,0.09876896650443745,11233.886619477382,4,2976.669295629658,3053.3366195370722
S2,qlearning,1,603,0.11044176706827309,10875.099999915847,1,3597.6799999326777,3785.099999915847
S2,qlearning,1,604,0.10595200997195388,10946.5,0,2790.2,2835.5
S2,qlearning,1,605,0.10362694300518134,9897.286206698238,2,2686.2289653585904,2762.286206698238
S2,qlearning,1,606,0.11802942182689018,11643.75,0,3619.6,3731.75
S2,qlearning,1,607,0.10110294117647059,11442.0,0,3197.5,3289.5
S2,qlearning,1,608,0.12475633528265107,8102.255423715023,4,2827.5743390083962,3075.2054237756533
S2,qlearning,1,609,0.09886633271816504,12817.242415581684,3,3768.493932465348,3893.742415581685
S2,qlearning,1,610,0.0982532751091703,9982.599999892682,2,3095.149999946453,3216.049999946528
S2,qlearning,1,611,0.1192272864473287,10336.25,0,3596.4999999999995,3984.75
S2,qlearning,1,612,0.09839539812291856,10837.701809744447,4,3132.1461537098835,3246.0576921373545
S2,qlearning,1,613,0.09958239640218439,9265.0,0,2599.6,2727.0
S2,qlearning,1,614,0.15601783060921248,7743.99999963087,4,2058.5599999522756,2113.0
S2,qlearning,1,615,0.13858611024602926,10274.574999947261,1,2996.7,3227.5
S2,qlearning,1,616,0.13016313779937522,9164.549999926667,1,2538.4099999853333,2546.5
S2,qlearning,1,617,0.1568627450980392,10038.158439005221,4,2949.189312256714,2998.7627074261163
S2,qlearning,1,618,0.139349701393497,11662.823283796692,6,2689.4746566407057,2698.099999802279
S2,qlearning,1,619,0.11184014315538324,11648.224999670669,3,3879.89999988431,4231.099999909412
S2,qlearning,1,620,0.1265001621796951,10167.949999929358,1,3633.9399999434863,3878.549999929358
S2,qlearning,1,621,0.1500968366688186,9857.099999861459,2,2745.4099999883333,2873.5
S2,qlearning,1,622,0.14763779527559054,10110.0,0,2696.8,2711.5
S2,qlearning,1,623,0.1394677781340173,11048.795097993823,1,3582.836078395058,3751.7950979938228
S2,qlearning,1,624,0.14932266009852216,11430.5,0,3650.7,3879.5
S2,qlearning,1,625,0.11117974058060531,11541.679310218358,2,3797.3634482273364,3996.329310284171
S2,qlearning,1,626,0.09379727685325265,11474.955244917222,8,3901.581049032169,4075.5
S2,qlearning,1,627,0.0963302752293578,11219.770588193996,1,3254.98,3327.0
S2,qlearning,1,628,0.15367727771679474,8994.45,0,2899.2999999999997,2958.75
S2,qlearning,1,629,0.16584564860426929,9595.393918369964,5,3061.2311365441906,3239.9205881169964
S2,qlearning,1,630,0.16029792746113988,10063.647411865555,4,3444.0094824147327,3605.8
S2,qlearning,1,631,0.1265634306134604,12414.849999678232,4,3898.3,3914.0
S2,qlearning,1,632,0.125,10634.151707496718,8,2792.42985102109,2932.646404700048
S2,qlearning,1,633,0.15285326086956522,8945.136666412345,3,2541.0,2560.0
S2,qlearning,1,634,0.13088189467123715,10127.326033542002,7,3136.4252082912276,3376.5
S2,qlearning,1,635,0.14155548324113246,9017.194473169935,8,2853.5199999244437,2988.399999905555
S2,qlearning,1,636,0.140403039312851,11315.049462209452,2,3627.176559085742,3717.4444444064197
S2,qlearning,1,637,0.0770997375328084,8748.621571622558,6,2375.615938330713,2411.0
S2,qlearning,1,638,0.10192307692307692,8029.587787667442,16,2166.160415195582,2173.5
S2,qlearning,1,639,0.1061836352279825,12667.15,0,3310.7200000000003,3325.9
S2,qlearning,1,640,0.1432022084195997,9082.5,0,2573.7,2711.0
S2,qlearning,1,641,0.1219162363740677,10922.794736193691,8,3136.858947318002,3251.5
S2,qlearning,1,642,0.17060367454068243,10127.216599347772,6,3539.2718256804496,3718.5
S2,qlearning,1,643,0.14227642276422764,9302.5,0,2528.6,2574.0
S2,qlearning,1,644,0.16540642722117202,10625.15,0,3718.4399999999996,4151.25
S2,qlearning,1,645,0.14492753623188406,8896.279451592167,4,2625.5435615827155,2833.6794519783944
S2,qlearning,1,646,0.14733542319749215,10687.797656196894,1,3462.3295312393784,3787.25
S2,qlearning,1,647,0.14912868632707774,10441.31680368203,3,2924.4334429456244,2927.1668036820306
S2,qlearning,1,648,0.1587018544935806,9115.135043035338,5,3355.2170086210676,3670.0
S2,qlearning,1,649,0.12588116817724068,10098.501491863415,6,3508.480298298314,3808.6499998346544
S2,qlearning,1,650,0.1015572105619499,11686.178872533745,7,3925.2430984358425,4256.428873044803
S2,qlearning,1,651,0.1640625,9831.95,0,3033.8999999999996,3171.75
S2,qlearning,1,652,0.17217865666553017,9192.020097625567,5,3150.3399998376262,3333.6749997970333
S2,qlearning,1,653,0.153822249844624,10911.851184996602,9,2944.6886955469986,2972.549999908333
S2,qlearning,1,654,0.14965986394557823,9016.146060752493,6,2772.803225705451,2788.504032131814
S2,qlearning,1,655,0.15218126479540076,9164.657746132576,4,2827.2999999999997,3116.5
S2,qlearning,1,656,0.15297047314123088,8728.912686289537,4,2823.0601491406433,2917.312686447679
S2,qlearning,1,657,0.14312096029547552,9957.239689007314,5,3131.8717514055274,3360.0896892569094
S2,qlearning,1,658,0.14482990906028967,9434.278731774157,3,2542.319999983704,2615.0249999796297
S2,qlearning,1,659,0.17309594460929772,9490.499999726464,3,3091.719999781171,3297.199999726464
S2,qlearning,1,660,0.1561938958707361,8670.46519054106,7,2200.6134054844074,2228.7667568555094
S2,qlearning,1,661,0.18265682656826568,8899.96321963311,3,2930.476230302912,2955.9726439604838
S2,qlearning,1,662,0.156957928802589,9022.599999835,2,2238.8799998679997,2240.599999835
S2,qlearning,1,663,0.13913986266714853,8530.342640564013,8,2678.7588440103964,2892.1985550129957
S2,qlearning,1,664,0.14494919306634788,10162.4,0,3114.08,3364.5
S2,qlearning,1,665,0.1256352343308865,11048.171710271596,3,3355.90736827038,3541.621710360102
S2,qlearning,1,666,0.1798800799467022,9926.099999863716,1,3029.4199999727434,3185.0
S2,qlearning,1,667,0.14475061039414022,9019.5,0,2999.3999999999996,3198.0
S2,qlearning,1,668,0.1518657795776685,9895.993490315648,6,2515.0346980919453,2515.5
S2,qlearning,1,669,0.17593833780160859,9958.62499983352,2,2465.2099999853335,2476.0
S2,qlearning,1,670,0.15738498789346247,8812.5,0,2975.3999999999996,3266.0
S2,qlearning,1,671,0.18653846153846154,8793.238420092597,8,3367.7907362081332,3608.7384202601665
S2,qlearning,1,672,0.15561959654178675,11195.379999798142,3,3803.7999999999997,4176.0
S2,qlearning,1,673,0.12834821428571427,13853.25,0,3689.4,3689.5
S2,qlearning,1,674,0.1646655231560892,9125.75,0,2175.0,2185.5
S2,qlearning,1,675,0.15288978494623656,8730.5,0,2350.4,2416.0
S2,qlearning,1,676,0.08635578583765112,10033.26906458719,2,2936.775251759027,2943.2190646987838
S2,qlearning,1,677,0.13234841489689136,9572.659743670189,5,2971.716766261886,3120.0
S2,qlearning,1,678,0.15395894428152493,11602.749999935295,1,3570.64,3679.0
S2,qlearning,1,679,0.1521818848551522,9458.049999921428,1,2577.7,2623.5
S2,qlearning,1,680,0.14643719806763286,11686.896052440214,2,3546.8976314491765,3707.0828945787935
S2,qlearning,1,681,0.1455026455026455,9803.9,0,2637.02,2680.4
S2,qlearning,1,682,0.15759787657597876,9574.9,0,3442.5999999999995,3807.5
S2,qlearning,1,683,0.17952127659574468,10054.0,0,3113.2,3175.0
S2,qlearning,1,684,0.12476007677543186,9641.549999901283,1,3011.2,3281.0
S2,qlearning,1,685,0.09297520661157024,11348.997916261918,6,3729.169583291291,4007.0
S2,qlearning,1,686,0.13382402141184344,10346.149999839583,2,3095.879999923,3173.09999990375
S2,qlearning,1,687,0.09466437177280551,8743.099999817745,2,2357.2,2422.0
S2,qlearning,1,688,0.11939335269441756,9128.010009029782,10,2652.727607451731,2731.0260093602647
S2,qlearning,1,689,0.11407511407511407,9861.299999725,1,3553.75,3709.0
S2,qlearning,1,690,0.10632265381343918,10998.54999993063,1,2705.1,2727.5
S2,qlearning,1,691,0.10159465020576132,12171.03965713251,2,4130.707931426501,4489.0
S2,qlearning,1,692,0.14222824246528953,10383.174999817838,3,2882.924999974116,2935.0
S2,qlearning,1,693,0.15392422192151556,10574.266818931743,4,3619.9534552123505,3702.3168190154383
S2,qlearning,1,694,0.09081196581196581,13100.849999899365,2,4230.739999957517,4446.299999946897
S2,qlearning,1,695,0.09369422962522309,12481.918662915918,6,3965.664930415381,4124.41032971416
S2,qlearning,1,696,0.13132911392405064,10171.5,0,2475.1,2476.0
S2,qlearning,1,697,0.0912863070539419,10960.778618748733,4,3222.0819306085473,3291.910344741545
S2,qlearning,1,698,0.1375598086124402,12371.44999981984,2,3624.229999963968,3694.0
S2,qlearning,1,699,0.14240506329113925,9151.0,0,2381.4,2408.0
S2,qlearning,1,700,0.14755610205963726,10790.212213445848,4,3601.9,3699.0
S2,qlearning,1,701,0.12940330697340044,8622.839297275103,7,2341.9609677329613,2352.0
S2,qlearning,1,702,0.10963646855164455,12896.099999746422,4,4282.879999892943,4671.099999906098
S2,qlearning,1,703,0.10419812745394141,11141.429641720566,3,3615.8999999999996,3950.5
S2,qlearning,1,704,0.15314708852238304,11002.299999945775,1,3468.53999995662,3532.7999999457747
S2,qlearning,1,705,0.11118486558247594,9931.846883063412,7,2963.4314284093552,3071.764285573178
S2,qlearning,1,706,0.14627185158758474,8534.056185495812,1,2814.10494839665,3024.7561854958126
S2,qlearning,1,707,0.12091038406827881,11451.833333333334,0,3201.866666666667,3272.8333333333335
S2,qlearning,1,708,0.11928763440860216,10358.414941976533,6,3164.2099999874795,3298.0
S2,qlearning,1,709,0.12955182072829133,9112.5,0,2410.5,2423.0
S2,qlearning,1,710,0.1287758346581876,10478.933283093984,8,3550.7045205381196,3648.0
S2,qlearning,1,711,0.1327116212338594,10949.832051026417,7,3304.4701283269146,3342.7314104790444
S2,qlearning,1,712,0.13209393346379647,10543.325315952501,5,2908.5800631789507,2960.52499998075
S2,qlearning,1,713,0.16355904481517827,10155.5,0,2863.3,2899.5
S2,qlearning,1,714,0.143184421534937,10603.5,0,3147.0,3205.0
S2,qlearning,1,715,0.12581409117821196,11053.948957789193,6,3445.8391664951682,3540.2989581189604
S2,qlearning,1,716,0.1358695652173913,8144.049999759375,1,2232.309999951875,2279.0
S2,qlearning,1,717,0.16083916083916083,9608.799999404926,5,2614.189999890371,2662.099999894521
S2,qlearning,1,718,0.14973082099596233,9606.625315752277,8,2983.4402527393736,3103.3753159321714
S2,qlearning,1,719,0.18113465481886534,9802.1,0,3149.72,3389.0
S2,qlearning,1,720,0.10924635845471818,10051.188888416073,6,3216.38777763381,3268.0999998799143
S2,qlearning,1,721,0.09927293064876958,11052.504650333722,6,3616.583720740402,3873.354650925503
S2,qlearning,1,722,0.09110021023125438,9088.049999923,1,2546.7099999846,2595.0
S2,qlearning,1,723,0.14818355640535372,11207.719869545643,5,3505.843973909128,3536.0
S2,qlearning,1,724,0.155902004454343,10572.0,0,2832.4,2839.0
S2,qlearning,1,725,0.12974802557352388,8471.829735719924,3,2370.9036394172526,2376.562820455446
S2,qlearning,1,726,0.11164036915748735,10495.710101736142,6,3005.214408578885,3040.0
S2,qlearning,1,727,0.14681066486668917,9593.049999933044,1,3636.0099999866084,4087.0
S2,qlearning,1,728,0.18638850889192887,8563.5,0,2550.6,2659.0
S2,qlearning,1,729,0.16207209936382913,9918.750810702479,5,2610.8739325689103,2637.092415711138
S2,qlearning,1,730,0.17124394184168013,9425.749999917205,1,2830.2,2958.5
S2,qlearning,1,731,0.14069591527987896,10689.199999696766,3,3472.2199998105157,3595.6499997631445
S2,qlearning,1,732,0.1288244766505636,10165.20744263532,5,2697.6,2723.5
S2,qlearning,1,733,0.13233951931852753,11268.101715445042,12,3174.792516291012,3230.9798849011695
S2,qlearning,1,734,0.17598024081506639,9776.693749817954,2,2583.83999989193,2706.5499998649125
S2,qlearning,1,735,0.18153727307840864,8591.324998926357,5,2604.519999885022,2786.649999856278
S2,qlearning,1,736,0.13133208255159476,10101.098229848436,7,3097.4559524011393,3325.077177356915
S2,qlearning,1,737,0.1785021342646488,8660.07499992351,1,2700.6,2973.5
S2,qlearning,1,738,0.14075695964967155,10932.377513740235,8,3589.2978670487228,3807.472333857773
S2,qlearning,1,739,0.1457142857142857,11175.5,0,3163.7,3212.0
S2,qlearning,1,740,0.15297047314123088,9892.958332604472,6,3133.826666154792,3402.15833269349
S2,qlearning,1,741,0.14908976773383553,10590.0,0,4546.2,5066.0
S2,qlearning,1,742,0.12432594367884961,10452.119460753991,4,3261.6738921893198,3433.0
S2,qlearning,1,743,0.14990328820116053,9982.19999977815,3,3094.5599998225193,3144.699999778149
S2,qlearning,1,744,0.15642252484357747,9351.4,0,2749.8,2792.0
S2,qlearning,1,745,0.1288386869043417,9337.749999833994,2,2816.2119999861397,2985.139999982675
S2,qlearning,1,746,0.11499402628434886,11072.227777612074,2,2755.7999999999997,2839.5
S2,qlearning,1,747,0.15361744301288405,10942.9,0,4034.2999999999997,4368.0
S2,qlearning,1,748,0.16596045197740114,10612.149999846,1,3419.6599999692,3465.75
S2,qlearning,1,749,0.12205882352941176,11269.399999295112,6,3462.2099998704575,3588.549999935294
S2,qlearning,1,750,0.128783000643915,10623.610184247505,8,2629.793333204052,2641.5916665312557
S2,qlearning,1,751,0.14331675928634102,10582.2,0,2903.4,3017.0
S2,qlearning,1,752,0.1601423487544484,8917.28670339406,8,3112.913431874351,3355.1601519925653
S2,qlearning,1,753,0.15960912052117263,10342.52499965525,4,2716.9099997789363,2725.174999746477
S2,qlearning,1,754,0.16385302879841113,10007.099999512333,2,3111.209999923,3175.0
S2,qlearning,1,755,0.15342129487572875,9821.049999907229,1,3051.0,3154.0
S2,qlearning,1,756,0.15453779151447036,10750.0,0,2791.8,2792.0
S2,qlearning,1,757,0.18937914877001172,8612.00399913443,6,2871.770799943506,3126.149999977435
S2,qlearning,1,758,0.1715210355987055,11015.5,0,3357.3999999999996,3521.0
S2,qlearning,1,759,0.16395864106351551,10330.649999824263,3,3364.119999974918,3625.0
S2,qlearning,1,760,0.17963027554935473,9202.804493959131,5,3037.6617976911757,3201.684831422276
S2,qlearning,1,761,0.13976945244956773,11556.5,0,3468.5,3525.0
S2,qlearning,1,762,0.15476555317192767,9835.5,0,2824.0,2961.5
S2,qlearning,1,763,0.13001605136436598,10241.112531544257,9,2980.179999891776,3167.1999999153845
S2,qlearning,1,764,0.16997593261131166,10062.268852376943,2,3227.3750819015536,3453.4688523769423
S2,qlearning,1,765,0.11703327693175408,12385.5,0,3929.3999999999996,4208.0
S2,qlearning,1,766,0.14687100893997446,11907.0,0,3316.9,3341.5
S2,qlearning,1,767,0.14072566971854866,8598.849999790473,3,2161.7,2182.5
S2,qlearning,1,768,0.15640434639446824,9161.488624280448,7,2528.3976753788784,2589.5
S2,qlearning,1,769,0.18254231662794557,9482.449999894521,1,2694.2599999156164,2728.9499998945207
S2,qlearning,1,770,0.13628370457209849,11470.25,0,3703.1499999999996,3907.0
S2,qlearning,1,771,0.08333333333333333,11928.0,0,3895.1,4202.0
S2,qlearning,1,772,0.1120493666774927,9449.0,0,2662.7,2761.0
S2,qlearning,1,773,0.08557902403495994,8372.34118238934,7,2067.4,2079.0
S2,qlearning,1,774,0.10075069142631371,8665.299999575627,3,2784.0199999151255,2876.1
S2,qlearning,1,775,0.08551673944687045,8726.317914412744,8,2632.7051131209273,2637.0505581433085
S2,qlearning,1,776,0.0948509485094851,12136.449999766824,2,5059.4,5570.75
S2,qlearning,1,777,0.1394083645018701,10175.75,0,2985.3,3022.25
S2,qlearning,1,778,0.10819672131147541,10408.0,0,3384.2,3390.5
S2,qlearning,1,779,0.13561741613133477,9413.574999913806,1,3090.559999931045,3254.074999913806
S2,qlearning,1,780,0.12214467005076142,10609.4,0,3120.98,3146.5
S2,qlearning,1,781,0.10804321728691477,11154.75,0,4086.0,4337.25
S2,qlearning,1,782,0.11624688624411846,12057.729895130886,9,3814.2649999394575,4120.75
S2,qlearning,1,783,0.12417218543046357,11222.25,0,3235.85,3424.0
S2,qlearning,1,784,0.09079324625676967,11096.8,0,3360.0,3468.5
S2,qlearning,1,785,0.13863773357444242,10309.236019869346,5,3113.762040027287,3283.927550058323
S2,qlearning,1,786,0.1273031825795645,10876.947292499417,10,3633.709262911562,3866.5115786394526
S2,qlearning,1,787,0.14571054354944335,11958.612624524745,6,4735.315268206367,5459.01908525796
S2,qlearning,1,788,0.14453961456102785,8207.649999489304,7,2790.9799996450074,3059.5999995562597
S2,qlearning,1,789,0.1485906862745098,10744.340602668735,3,3801.9399998967783,3977.924999870973
S2,qlearning,1,790,0.1526614428532829,12634.0,0,3310.4,3318.5
S2,qlearning,1,791,0.17687074829931973,10116.838043426507,1,2755.7904347412054,2828.238043426507
S2,qlearning,1,792,0.1251234771155746,9023.38869074872,12,2448.4793749039018,2508.549999945
S2,qlearning,1,793,0.1622103386809269,9812.217521210974,2,3102.9540170593673,3282.5675213242093
S2,qlearning,1,794,0.14576802507836992,10300.649999740646,3,2503.6199997925173,2514.6499997406468
S2,qlearning,1,795,0.14604529044962258,11369.5,0,3437.7999999999997,3594.0
S2,qlearning,1,796,0.07803121248499399,10762.0,0,3376.7999999999997,3559.0
S2,qlearning,1,797,0.12707875745214936,10379.469867455322,6,3603.327144183195,3968.2219511535513
S2,qlearning,1,798,0.1512770137524558,8533.049999518367,3,3007.3999999999996,3256.0
S2,qlearning,1,799,0.17477477477477477,8505.599999728487,2,2870.409999974754,2975.0
S2,qlearning,1,800,0.14259981987391174,9720.728320390028,6,2708.453793066512,2789.5
S2,qlearning,1,801,0.15111258718033876,11190.25,0,3878.5499999999997,4145.5
S2,qlearning,1,802,0.20726411369917094,7958.2249999186615,1,2700.2399999349295,2802.924999918662
S2,qlearning,1,803,0.18688293370944992,8402.667646844922,3,2319.423529385367,2353.0
S2,qlearning,1,804,0.12805919180421171,12318.331446115382,7,3650.609999987874,3764.5
S2,qlearning,1,805,0.1714582611707655,9434.174999675648,3,3474.699999883773,3712.124999854717
S2,qlearning,1,806,0.12538743307974076,11035.86362643051,14,3137.4158270153803,3141.198765348773
S2,qlearning,1,807,0.15545685279187818,10153.448683980982,3,2790.357105201515,2827.4789472959
S2,qlearning,1,808,0.17290049400141144,8574.336841378064,6,2441.299999575166,2478.2499994689574
S2,qlearning,1,809,0.1313197636244255,9357.099999891549,1,2970.11999997831,3145.0
S2,qlearning,1,810,0.13847967000589276,11236.903448026595,4,3560.380689605319,3801.0
S2,qlearning,1,811,0.15676567656765678,9169.250735029516,4,2991.330147005903,3160.5
S2,qlearning,1,812,0.17532467532467533,9568.049999925242,1,3736.609999985048,4202.5
S2,qlearning,1,813,0.10934393638170974,10467.331666014848,8,3053.515999618676,3121.8949995233447
S2,qlearning,1,814,0.1672661870503597,9692.068965101926,4,2719.6551720815405,2831.0689651019256
S2,qlearning,1,815,0.16630736064059132,11811.5,0,3897.4,3999.0
S2,qlearning,1,816,0.12546468401486988,10903.90898949306,7,3804.971797912871,4184.0
S2,qlearning,1,817,0.16371533578349481,9520.186309493742,4,2313.779999917867,2344.0999998973334
S2,qlearning,1,818,0.12377023167248492,10165.348529676898,10,2986.334722088579,3104.2444443103764
S2,qlearning,1,819,0.15980420385833574,10570.5,0,3578.8999999999996,3868.0
S2,qlearning,1,820,0.18143044619422571,9127.499999634716,4,2630.6399999230002,2745.54999990375
S2,qlearning,1,821,0.17796927688272762,9465.723610846586,3,3760.8422221322044,4109.377777665256
S2,qlearning,1,822,0.1677040110650069,9366.2,0,3041.7999999999997,3303.0
S2,qlearning,1,823,0.15434314429289303,8509.522726930501,5,2898.0899999875805,3166.5
S2,qlearning,1,824,0.147247119078105,10399.4,0,3609.7999999999997,4022.5
S2,qlearning,1,825,0.17146776406035666,8850.4,0,2411.7,2525.0
S2,qlearning,1,826,0.15355417529330573,8887.849882288192,8,2739.5041369992746,2793.256934178741
S2,qlearning,1,827,0.18055058991776904,8897.775640748267,3,2249.0199998469507,2257.1499998086883
S2,qlearning,1,828,0.2066590126291619,7785.434210390771,2,2414.1868420781543,2531.5
S2,qlearning,1,829,0.15042735042735042,9966.128845780207,5,3165.1030766241656,3241.628845780207
S2,qlearning,1,830,0.1583568516776419,10604.0,0,2778.7,2867.5
S2,qlearning,1,831,0.14844315713251266,9153.936110679046,5,2766.0655555119733,2819.8472222032096
S2,qlearning,1,832,0.15051173991571343,10752.818499159945,7,3492.9612902596705,3559.5249999766665
S2,qlearning,1,833,0.18575258521639218,8304.818918772988,2,2697.4837837545974,2802.0
S2,qlearning,1,834,0.14556040756914118,12363.599999869119,2,3928.8099999844444,4091.5
S2,qlearning,1,835,0.14421601718318502,10635.414209052975,8,2960.20998462042,3017.5785712969064
S2,qlearning,1,836,0.1931407942238267,7296.172131003457,2,1973.3377048027658,2029.1721310034573
S2,qlearning,1,837,0.17186392629340894,9802.199999932456,1,3690.039999986491,4194.0
S2,qlearning,1,838,0.17960998973657202,9613.049999928704,1,2876.8099999857404,2948.5
S2,qlearning,1,839,0.18786127167630057,8191.892927395393,2,2845.7999999999997,3071.0
S2,qlearning,1,840,0.14932562620423892,11733.392198651303,11,3899.951198240497,4113.09524784005
S2,qlearning,1,841,0.15379786566227244,9621.264359011562,8,3247.8216218631646,3361.2479166307403
S2,qlearning,1,842,0.17146554513102555,9753.999999602309,3,2730.199999920462,2744.5
S2,qlearning,1,843,0.146756677428823,11730.73762342704,4,3389.079999838015,3564.149999818908
S2,qlearning,1,844,0.11954096270321964,9385.09607817824,13,2992.227323756117,3186.0999998810844
S2,qlearning,1,845,0.13022323983972525,12434.349999534852,4,4002.979999627882,4016.3499995348525
S2,qlearning,1,846,0.1477997984548203,10668.786684204386,11,3485.6699998716126,3686.649999893718
S2,qlearning,1,847,0.16813858695652173,8582.216567693566,3,2497.3533133513615,2633.849999687747
S2,qlearning,1,848,0.11762860727728984,11233.499999621865,4,4401.919999954428,4913.0
S2,qlearning,1,849,0.15580286168521462,9669.85,0,2429.2999999999997,2487.75
S2,qlearning,1,850,0.15888456549935148,8855.5,0,2337.5,2357.5
S2,qlearning,1,851,0.11164074259909684,13611.149999879715,2,4001.6899999319435,4012.099999926667
S2,qlearning,1,852,0.18433179723502305,9937.316911619582,2,3222.7533823420335,3372.0
S2,qlearning,1,853,0.15564882826162993,8753.974152419085,6,2510.627368234284,2578.1592102928553
S2,qlearning,1,854,0.16559485530546625,9447.224999925,1,2811.7999999999997,3064.25
S2,qlearning,1,855,0.13191489361702127,10307.125372882176,4,2320.0202984227317,2358.5253730284144
S2,qlearning,1,856,0.17813482361159622,8609.799999816667,1,2765.009999963333,2882.75
S2,qlearning,1,857,0.13875598086124402,10135.0,0,2891.7,2954.5
S2,qlearning,1,858,0.12412587412587413,9024.796098228508,10,2700.0079995249616,2772.9599994878167
S2,qlearning,1,859,0.13204853675945752,10003.549999727653,3,3553.0399997821223,3720.549999727653
S2,qlearning,1,860,0.13636363636363635,11360.5,0,3684.7,3751.0
S2,qlearning,1,861,0.15478761699064075,8128.5,0,2346.2,2446.5
S2,qlearning,1,862,0.14456981664315938,8403.0,0,2701.7,2887.5
S2,qlearning,1,863,0.13526266121421832,10221.0,0,3321.9,3415.0
S2,qlearning,1,864,0.16422706176365584,8726.749999561489,4,2934.059999789191,3077.1999997364887
S2,qlearning,1,865,0.1835043409629045,7268.749999937399,1,2080.48,2148.6
S2,qlearning,1,866,0.16418942274455584,9416.699999915385,1,2688.6999999323075,2689.5999999153846
S2,qlearning,1,867,0.1265389876880985,11313.568063507346,7,3604.9544509315915,3615.0680636644893
S2,qlearning,1,868,0.16821146584277377,10596.924992164444,2,4224.549998416621,4761.274999972888
S2,qlearning,1,869,0.1626135364781717,10349.349999868547,2,3751.2999999999997,4114.75
S2,qlearning,1,870,0.14040561622464898,10376.666666666666,0,3289.733333333333,3332.6666666666665
S2,qlearning,1,871,0.1456953642384106,8754.438800764838,4,2757.2259420077985,2891.0
S2,qlearning,1,872,0.15356058049274385,9518.249999806556,3,2716.8,2724.0
S2,qlearning,1,873,0.13121161362367392,11774.599999942106,1,3642.2,3930.5
S2,qlearning,1,874,0.09436881188118812,11586.649999754745,3,2577.5199998037965,2582.1499997547457
S2,qlearning,1,875,0.14434373950990265,10185.328367159796,7,2987.4458806836064,3029.0
S2,qlearning,1,876,0.17876889052709177,9170.449999428649,3,2757.56,2841.0
S2,qlearning,1,877,0.14539856312008212,10047.174999807035,2,2984.7049999953615,2986.5
S2,qlearning,1,878,0.14848390121913096,10504.19188277934,8,3179.4512697824034,3267.439087228004
S2,qlearning,1,879,0.1473078225533356,9795.183823088597,5,3243.8199999784856,3279.0
S2,qlearning,1,880,0.15942028985507245,9544.52499988647,2,2465.75999995403,2540.1999999425375
S2,qlearning,1,881,0.13129440840284215,11716.430270458755,4,3798.8599999518747,3932.5749999398436
S2,qlearning,1,882,0.16172057352450817,9165.2499996675,5,2492.839999945531,2549.5
S2,qlearning,1,883,0.14082117407533085,10224.848683931883,3,3134.78315783672,3337.9789472959
S2,qlearning,1,884,0.14274385408406026,8685.331968744613,5,2630.605581155684,2649.881976444605
S2,qlearning,1,885,0.09507346585998272,10976.587930437237,9,3279.050344530952,3385.43793066369
S2,qlearning,1,886,0.12637718729747247,12089.5,0,3454.35,3675.25
S2,qlearning,1,887,0.10332579916047788,11603.206802830731,5,2952.2654422645846,2990.706802830731
S2,qlearning,1,888,0.13456549935149156,9006.649999787454,3,2700.1,2764.0
S2,qlearning,1,889,0.14563106796116504,8713.849999732494,3,2907.3899999464984,3183.0
S2,qlearning,1,890,0.08964451313755796,11987.03452320457,6,3191.8208789095866,3213.332051125136
S2,qlearning,1,891,0.1290646999664767,9886.054449587562,15,3011.9355602094643,3132.04445026183
S2,qlearning,1,892,0.1076158940397351,10794.283951544889,3,3603.892960490139,3882.7269503019365
S2,qlearning,1,893,0.11386861313868613,12141.999999872174,2,4786.80999998344,5421.5
S2,qlearning,1,894,0.13625388064849947,8537.719594462285,2,2300.2,2354.0
S2,qlearning,1,895,0.14169381107491857,9947.949999869528,2,2897.3199999739054,2927.75
S2,qlearning,1,896,0.14788524105294293,11620.75,0,4172.8,4207.25
S2,qlearning,1,897,0.1321235275390003,10179.0,0,2804.9,2837.0
S2,qlearning,1,898,0.13354857646022894,9976.082485751518,2,3332.6059886012135,3490.8824857515174
S2,qlearning,1,899,0.11138613861386139,8905.149999869549,2,2739.7199998956394,2917.1499998695494
S2,qlearning,1,900,0.16802263883975946,9003.299999760775,2,2979.979999808619,3239.599999760774
S2,qlearning,1,901,0.1674892041949414,9782.7,0,3100.7999999999997,3305.0
S2,qlearning,1,902,0.16294721927027983,8980.4,0,3328.9599999999996,3746.0
S2,qlearning,1,903,0.13417071081929774,11025.049999946896,1,3287.6,3484.5
S2,qlearning,1,904,0.16185897435897437,9528.283059462372,9,2521.714915547894,2549.358283749239
S2,qlearning,1,905,0.1655920281359906,10649.549999948322,1,3190.0399999586575,3322.0499999483222
S2,qlearning,1,906,0.19135802469135801,6958.499999904939,1,2207.9799999239503,2321.599999904938
S2,qlearning,1,907,0.15431116767419661,10969.5,0,3514.2999999999997,3702.0
S2,qlearning,1,908,0.1705685618729097,9489.049999908333,1,2631.2399999266663,2658.549999908333
S2,qlearning,1,909,0.11265164644714037,10314.0,0,3264.0,3489.5
S2,qlearning,1,910,0.18806509945750452,7988.96441434942,1,2022.5,2043.5
S2,qlearning,1,911,0.16092389246497538,9228.24642008345,10,3287.657142485801,3653.5964281072515
S2,qlearning,1,912,0.18593644354293443,10495.999999833895,2,3501.2799999999997,3773.5
S2,qlearning,1,913,0.15264696329977265,8949.4,0,2871.7,2965.5
S2,qlearning,1,914,0.14107085604360373,10127.063551144238,8,2996.899999978,3061.6
S2,qlearning,1,915,0.1713810316139767,8967.649999917205,1,2933.6,2936.0
S2,qlearning,1,916,0.1456859971711457,11355.649999829546,2,3208.9199998636363,3285.149999829546
S2,qlearning,1,917,0.1946607341490545,8470.2,0,2512.9,2545.5
S2,qlearning,1,918,0.18617913451861792,9018.0,0,2808.5,2931.5
S2,qlearning,1,919,0.17702070808283232,8011.1801323391355,2,2290.079999946435,2424.5499999330436
S2,qlearning,1,920,0.15168860904407555,10201.639727800912,6,3234.5783332257615,3430.972916532202
S2,qlearning,1,921,0.17565649396735272,8999.509830899502,5,2789.4449996308326,2909.79999954618
S2,qlearning,1,922,0.17936614969656103,8967.8,0,2914.9,3013.5
S2,qlearning,1,923,0.16823034616628924,9395.830555051107,5,2434.0561110232725,2489.0
S2,qlearning,1,924,0.12550490478938256,10924.678062756357,8,3632.6970830214314,3972.769117450267
S2,qlearning,1,925,0.20764424843807425,8048.5,0,2604.0,2824.0
S2,qlearning,1,926,0.12576687116564417,10468.834258739644,7,3184.2124072834868,3238.959259144293
S2,qlearning,1,927,0.14013452914798205,11327.18918428691,6,2937.3526568617795,2944.2880771850914
S2,qlearning,1,928,0.201171875,8009.062820100218,3,2691.490256292588,2931.6128203657354
S2,qlearning,1,929,0.163209273947529,10946.327777441193,3,3118.0049998089803,3167.999999768408
S2,qlearning,1,930,0.1695539992628087,8848.849999518292,4,2536.1999997950265,2554.6999997705193
S2,qlearning,1,931,0.17772077684133383,8757.111110860887,3,2469.333333193994,2529.4166664924924
S2,qlearning,1,932,0.15432098765432098,10401.099998305759,3,2755.919999661152,2759.0
S2,qlearning,1,933,0.13634732687477574,8273.642402307461,12,2191.289166602094,2215.0
S2,qlearning,1,934,0.1718213058419244,10145.0,0,2899.0,3031.5
S2,qlearning,1,935,0.17422748191978962,8951.0,0,2695.4,2747.0
S2,qlearning,1,936,0.15438703760317946,10241.59999982148,2,2781.1,2792.5
S2,qlearning,1,937,0.13947847180109157,11650.0,0,3453.2,3689.5
S2,qlearning,1,938,0.11295446523120367,9739.57287974963,4,3287.5661701735257,3528.0
S2,qlearning,1,939,0.12303013547138512,11337.756446022051,8,3576.3499998555103,3716.8749998540775
S2,qlearning,1,940,0.1573066745074978,9710.716666585613,1,2858.973333268491,2963.216666585614
S2,qlearning,1,941,0.1384083044982699,10848.0425621639,7,2911.785555423596,3033.444444320943
S2,qlearning,1,942,0.17076284711139483,9977.33037376654,1,2664.8642990132307,2796.3303737665387
S2,qlearning,1,943,0.14261168384879724,9570.027875870393,3,2776.92,2887.9
S2,qlearning,1,944,0.1362105907560453,9573.289022155966,11,2895.766590178658,3030.4038458407113
S2,qlearning,1,945,0.154419595314164,10151.57499993,1,2841.759999944,2875.57499993
S2,qlearning,1,946,0.1305446378439079,11732.987140976373,12,3767.134999863351,3893.649999848384
S2,qlearning,1,947,0.15432098765432098,9302.45,0,2742.17,2765.0
S2,qlearning,1,948,0.15193370165745856,10965.134518147313,7,3929.603315569461,4311.754144461826
S2,qlearning,1,949,0.1638806948541462,9838.449999692144,4,2757.409999980506,2803.5
S2,qlearning,1,950,0.16786179921773142,8837.099999747656,3,2421.319999949531,2525.5
S2,qlearning,1,951,0.16485225505443235,10827.099999893793,1,3431.4799999150346,3511.599999893793
S2,qlearning,1,952,0.17805582290664101,11075.5,0,4309.599999999999,4664.0
S2,qlearning,1,953,0.13647995450668182,10666.0,0,2873.0,2947.0
S2,qlearning,1,954,0.10107816711590296,12375.049999950323,1,4109.5,4460.5
S2,qlearning,1,955,0.0875085792724777,10565.0,0,3701.2,3886.5
S2,qlearning,1,956,0.1400607492406345,9967.781277842076,10,3124.2370288009956,3173.8
S2,qlearning,1,957,0.1312522170982618,9831.7,0,2413.8,2440.5
S2,qlearning,1,958,0.09427828348504551,11646.206649683418,12,4062.003792224649,4309.241710419681
S2,qlearning,1,959,0.1519434628975265,10108.799999904939,1,3445.5499999999997,3634.5
S2,qlearning,1,960,0.13004484304932734,10948.824999872464,2,2605.1399999553623,2610.5499999442027
S2,qlearning,1,961,0.12836970474967907,10148.269262427315,4,3392.3954099581474,3717.369262447685
S2,qlearning,1,962,0.09174311926605505,11598.31199430806,6,3700.6423989194855,3941.5
S2,qlearning,1,963,0.16549295774647887,8154.099999766613,2,1767.4,1777.0
S2,qlearning,1,964,0.1276324186343331,10272.233333066057,2,3129.5,3367.0
S2,qlearning,1,965,0.12048192771084337,9207.2,0,3149.5,3393.5
S2,qlearning,1,966,0.12869399428026693,8708.149999776871,3,2260.739999934468,2313.049999918085
S2,qlearning,1,967,0.15098314606741572,8747.5,0,2302.7,2329.5
S2,qlearning,1,968,0.13218770654329148,10248.224999763564,2,2793.52,2874.0
S2,qlearning,1,969,0.13600816048962938,9065.9,0,2987.52,3291.9
S2,qlearning,1,970,0.12074303405572756,11152.043033532576,5,4532.514426883811,5175.8430336288275
S2,qlearning,1,971,0.11201344161299356,12287.334640107872,7,4286.498039053926,4718.199999812971
S2,qlearning,1,972,0.12736773350751143,11298.98537147604,4,3742.657567447187,3886.109459308984
S2,qlearning,1,973,0.12968299711815562,9611.330132316558,2,3298.95,3431.5
S2,qlearning,1,974,0.16890783863561823,9925.649999645504,3,3746.989999865436,4000.599999893892
S2,qlearning,1,975,0.16437861271676302,9156.75,0,2718.5,2869.75
S2,qlearning,1,976,0.16257668711656442,11057.603571267073,2,3672.982857013658,3985.6035712670728
S2,qlearning,1,977,0.15027768703038222,10274.624999775982,3,3291.3149999725,3323.5
S2,qlearning,1,978,0.14468473956746877,10892.320832998039,4,3953.319999759569,4293.149999699462
S2,qlearning,1,979,0.14104372355430184,11741.941880246533,2,4357.313504249429,4845.391880311787
S2,qlearning,1,980,0.09821976672805402,11324.041709167386,8,3559.2295794870647,3800.7499999293577
S2,qlearning,1,981,0.16064981949458484,9260.149992052277,3,2799.219998441884,2906.0
S2,qlearning,1,982,0.1153098082800778,12056.814597228062,12,4254.438420819025,4683.399999932752
S2,qlearning,1,983,0.19047619047619047,7287.3,0,1774.4,1777.5
S2,qlearning,1,984,0.1395139513951395,10136.0,0,3116.1,3187.5
S2,qlearning,1,985,0.12396694214876033,10167.114999552248,6,3074.481999796561,3209.31499978345
S2,qlearning,1,986,0.12117714945181765,10728.806067814694,2,3052.7141261562183,3064.104854301433
S2,qlearning,1,987,0.13046027557900908,11529.77499989538,1,4307.519999916304,4650.374999895381
S2,qlearning,1,988,0.14740917212626564,9113.0,0,2435.9,2540.5
S2,qlearning,1,989,0.1455839534131349,9482.415492731505,3,3280.9399999875804,3617.5
S2,qlearning,1,990,0.12195121951219512,10373.874831706338,6,3290.37999993901,3590.0999999237624
S2,qlearning,1,991,0.17814726840855108,9009.824999783059,3,2499.649999955521,2507.5249999803573
S2,qlearning,1,992,0.13217391304347825,9984.99473655344,4,3249.0799999341175,3497.099999917647
S2,qlearning,1,993,0.1506849315068493,9816.916074199178,6,2428.397777438482,2452.9972217981026
S2,qlearning,1,994,0.13657561625582945,9717.0,0,3121.2999999999997,3392.0
S2,qlearning,1,995,0.1501072194424589,8988.3,0,2725.2,2785.5
S2,qlearning,1,996,0.11784511784511785,10933.505214682484,1,4091.884171745986,4585.605214682483
S2,qlearning,1,997,0.17345907713034692,10441.3,0,3763.8999999999996,4093.0
S2,qlearning,1,998,0.19195275009228496,7733.349999925961,1,2404.4399999999996,2615.5
S2,qlearning,1,999,0.13403990024937656,11661.391400042958,5,3561.819007999327,3667.3262133102535
S2,qlearning,1,1000,0.16468590831918506,9275.1,0,2788.7,2820.5
S2,qlearning,1,1001,0.1552598225602028,10137.992691110392,4,2926.0943999586048,2995.067999948256
S2,qlearning,1,1002,0.16144814090019569,10450.896153509564,4,4120.746922939191,4629.946153728798
S2,qlearning,1,1003,0.17150395778364116,9141.10238070821,3,2837.6504760800417,2882.0499998973332
S2,qlearning,1,1004,0.15120071153276016,9720.0,0,2446.2,2450.0
S2,qlearning,1,1005,0.17970737913486004,9808.5,0,2913.4,2946.5
S2,qlearning,1,1006,0.13484190948543087,9931.071052424159,3,2361.8,2374.0
S2,qlearning,1,1007,0.16001580403002766,6898.0999995560005,4,1904.5199999156164,1956.0499998945206
S2,qlearning,1,1008,0.19179133103183735,8601.9,0,2518.62,2523.4
S2,qlearning,1,1009,0.15300340007555724,9018.723683825001,5,2896.779999795357,3065.349999744197
S2,qlearning,1,1010,0.1535229476405947,8428.906185093827,4,2546.344948313129,2726.8061853914114
S2,qlearning,1,1011,0.1388888888888889,9731.076045095677,6,2298.7,2301.75
S2,qlearning,1,1012,0.13923654568210264,9873.441665942903,8,2511.929999793236,2576.1499997981628
S2,qlearning,1,1013,0.1635362694300518,9231.0,0,2515.2599999999998,2611.7
S2,qlearning,1,1014,0.17745302713987474,9323.0,0,2452.6,2508.5
S2,qlearning,1,1015,0.14993261455525606,9185.768833850461,2,3355.2850671808037,3660.7188340178527
S2,qlearning,1,1016,0.16062992125984252,10645.147916407806,3,2966.5599998312327,3018.199999789041
S2,qlearning,1,1017,0.171740569159497,9580.7,0,2851.2999999999997,2940.5
S2,qlearning,1,1018,0.1718318502608162,10381.0,0,2810.2,2831.0
S2,qlearning,1,1019,0.12230405049973699,11186.97319729392,11,3121.903999920557,3256.6299999006965
S2,qlearning,1,1020,0.16789254876878798,10079.9,0,2733.08,2790.5
S2,qlearning,1,1021,0.11684518013631938,9708.355402496618,5,2519.669361546396,2655.336701932995
S2,qlearning,1,1022,0.16720604099244876,9042.824999608683,5,2559.3799999196453,2563.5749999224736
S2,qlearning,1,1023,0.19872010778039745,9236.1,0,3179.7,3432.0
S2,qlearning,1,1024,0.18802482657904346,8340.0,0,2845.2999999999997,3080.0
S2,qlearning,1,1025,0.1641509433962264,9029.34754871253,3,3002.0599998117705,3219.8749997647133
S2,qlearning,1,1026,0.17702186740715029,8690.5,0,2473.4,2559.0
S2,qlearning,1,1027,0.14397120575884823,10294.324999438195,6,3132.9449999134345,3309.0
S2,qlearning,1,1028,0.16444306546695625,11139.774999779856,2,3658.3599998428977,4053.6999998036226
S2,qlearning,1,1029,0.16936936936936936,8119.199999599091,4,2195.9,2215.0
S2,qlearning,1,1030,0.20039292730844793,7648.712720974284,3,2290.2849998037254,2305.3382350537704
S2,qlearning,1,1031,0.1797111185757474,8359.0,0,2073.4,2094.5
S2,qlearning,1,1032,0.15534572037770333,11049.2999997741,3,3063.8399999830767,3159.0
S2,qlearning,1,1033,0.15483265561463871,9926.20703901817,4,3796.8210429364963,4056.0
S2,qlearning,1,1034,0.1679445052939029,9253.545832830885,5,3040.7466663845153,3297.395833030564
S2,qlearning,1,1035,0.12700165654334622,11683.731446346379,3,3527.546289269276,3613.0
S2,qlearning,1,1036,0.1882770870337478,8876.299999871666,1,2447.1,2447.25
S2,qlearning,1,1037,0.1428155056834742,9957.149999881085,2,2705.189999957517,2787.5499999468966
S2,qlearning,1,1038,0.15603085553997195,8807.849999814458,2,2709.719999851566,2853.6499998144577
S2,qlearning,1,1039,0.12208355941399891,11495.332638783428,2,3677.3565277674543,3871.0
S2,qlearning,1,1040,0.19943019943019943,7469.449999943796,1,2262.909999988759,2323.0
S2,qlearning,1,1041,0.1680244399185336,7932.0,0,2328.2,2443.0
S2,qlearning,1,1042,0.12454334108269678,10002.82285752602,8,3231.2182925694324,3496.972865785379
S2,qlearning,1,1043,0.13957597173144876,9055.027965491208,6,2581.48999992025,2659.599999919372
S2,qlearning,1,1044,0.1629327902240326,9003.5,0,3196.2,3457.0
S2,qlearning,1,1045,0.14946507237256135,9157.54999978,1,2556.2,2634.0
S2,qlearning,1,1046,0.14798626287855135,9773.089473084072,7,3127.179999950143,3362.549999950955
S2,qlearning,1,1047,0.15605095541401273,9076.199992048412,4,2452.119993723114,2542.1499921538925
S2,qlearning,1,1048,0.14487632508833923,9289.535293331193,5,2948.1482351368336,3073.535293926574
S2,qlearning,1,1049,0.13071895424836602,11285.5,0,3006.7,3126.0
S2,qlearning,1,1050,0.15741642323920804,10311.729807516302,3,2952.9,3087.5
S2,qlearning,1,1051,0.15345699831365936,9609.403371547374,6,3075.6946152421137,3371.230769065062
S2,qlearning,1,1052,0.18795620437956204,7846.6538460425945,2,2589.1230768340756,2798.6538460425945
S2,qlearning,1,1053,0.1403985507246377,11138.8,0,3772.7999999999997,3948.5
S2,qlearning,1,1054,0.12934751365334865,11064.962543159363,4,3940.4825086646383,4300.5
S2,qlearning,1,1055,0.15030380556443876,9648.492626143394,7,3180.5848702378935,3490.9810877973673
S2,qlearning,1,1056,0.1644195988161789,9881.549999917204,1,2904.2,2906.0
S2,qlearning,1,1057,0.1482923906530857,10541.75714264371,4,2777.9457141149674,2861.1571426437094
S2,qlearning,1,1058,0.22295463357890655,7124.7,0,2042.2,2062.0
S2,qlearning,1,1059,0.18417462482946795,8712.1,0,2107.7799999999997,2185.1
S2,qlearning,1,1060,0.15365318281592977,11296.47799989836,1,3658.9111999593442,3868.5259999661203
S2,qlearning,1,1061,0.13935171160254467,10160.913279367891,6,3036.4435647899422,3150.4681815272734
S2,qlearning,1,1062,0.15577889447236182,9295.329411392013,5,2378.0858822590867,2390.0499999493422
S2,qlearning,1,1063,0.12032473180632067,12203.94999974214,4,4592.829999963094,5012.75
S2,qlearning,1,1064,0.13353115727002968,10894.54141085888,3,3134.873128687104,3307.94141085888
S2,qlearning,1,1065,0.1323283082077052,9886.285225605572,4,3611.717045121114,3984.0
S2,qlearning,1,1066,0.1728395061728395,9559.5,0,3248.2999999999997,3546.5
S2,qlearning,1,1067,0.11913814955640051,12845.157471015676,4,4189.029999987272,4409.9
S2,qlearning,1,1068,0.15887564925145126,10053.5,0,3062.0,3166.0
S2,qlearning,1,1069,0.16306213525575008,9799.375083667546,8,2772.3999999087914,2860.599999916304
S2,qlearning,1,1070,0.1512547267102097,11028.935713735558,6,3843.1671427587235,4071.599999969922
S2,qlearning,1,1071,0.1550783912747103,8556.032264549402,5,2730.76645290988,2851.0
S2,qlearning,1,1072,0.1395572666025024,10843.74999985158,2,3181.7,3287.5
S2,qlearning,1,1073,0.10211524434719182,8712.490535730469,8,2387.9543669488285,2412.5749999150735
S2,qlearning,1,1074,0.09108653220559532,10221.219108063262,3,2927.5752864506094,2953.219108063262
S2,qlearning,1,1075,0.13415404040404041,10408.5,0,3533.7999999999997,3759.0
S2,qlearning,1,1076,0.07807981492192019,13022.537167696135,3,4527.661150383138,5046.063938004252
S2,qlearning,1,1077,0.09323640960809103,10411.29565211569,1,2817.309130423138,2861.75
S2,qlearning,1,1078,0.09375,9280.318336251066,6,3039.764669026957,3266.1683362945732
S2,qlearning,1,1079,0.09305993690851735,10722.090066074883,2,3121.9,3141.5
S2,qlearning,1,1080,0.10935819290068124,9471.720587874124,5,3032.9,3154.0
S2,qlearning,1,1081,0.0914423740510697,9402.4,0,2890.7,3056.0
S2,qlearning,1,1082,0.11184625078764965,10527.380433555896,3,3203.298721853648,3282.8710585707818
S2,qlearning,1,1083,0.13219847881202462,10461.737167648009,4,3531.5597341655503,3643.937167726581
S2,qlearning,1,1084,0.14190821256038647,10211.891972392914,7,3193.733578257651,3328.6419728491474
S2,qlearning,1,1085,0.146484375,11040.418518311397,3,3706.054814649117,3810.3185183113965
S2,qlearning,1,1086,0.11687865245788931,9999.730841620143,13,3104.162835018088,3151.9388887089453
S2,qlearning,1,1087,0.1366586949094636,8716.420280467744,6,2544.441893857168,2668.629729554135
S2,qlearning,1,1088,0.16187644532540468,9585.171178555393,3,2783.364235634079,2837.049999871667
S2,qlearning,1,1089,0.1755526657997399,8708.483999875783,2,2249.7471999546624,2281.4339999433278
S2,qlearning,1,1090,0.12348024316109422,9472.729411480297,4,2803.3799998682052,2944.0999998352568
S2,qlearning,1,1091,0.13757523645743766,11029.297916582615,2,3672.0595833165225,3948.0
S2,qlearning,1,1092,0.12962423536265658,11241.75,0,3202.1,3230.0
S2,qlearning,1,1093,0.12044894607172187,13113.814979184808,11,4296.515427171229,4481.1540521406005
S2,qlearning,1,1094,0.13794277929155313,10973.124821928119,9,3716.9323683297303,3894.324999929573
S2,qlearning,1,1095,0.12797074954296161,9726.458290580927,7,2973.973087701654,3158.3790934131775
S2,qlearning,1,1096,0.16776075857038658,10757.174999687393,2,4410.719999973675,5032.024999967094
S2,qlearning,1,1097,0.1378488767869299,9451.274160493454,7,3053.896498722185,3272.59999987861
S2,qlearning,1,1098,0.1223288943945494,10727.0,0,2944.1,2954.0
S2,qlearning,1,1099,0.09918845807033363,10425.519149018235,6,3143.9353194509094,3291.9191493136373
S2,qlearning,1,1100,0.1133377135348226,9943.6,0,3421.9999999999995,3719.0
S2,qlearning,1,1101,0.06920999324780554,9650.027929319564,10,2662.1530486860324,2691.099999912
S2,qlearning,1,1102,0.1353904282115869,10216.929943027944,5,2874.8939546841316,2914.1799434642376
S2,qlearning,1,1103,0.11511216056670602,10699.249999552796,4,3500.81999988322,3662.1499998540253
S2,qlearning,1,1104,0.16786570743405277,9783.82499986673,2,2820.4,2957.25
S2,qlearning,1,1105,0.13777777777777778,10390.849999854412,2,2720.6199999708824,2829.25
S2,qlearning,1,1106,0.14459415050936575,9760.949999942537,1,3139.3099999885076,3260.5
S2,qlearning,1,1107,0.13325930038867295,11501.889942248332,5,3523.6919539247456,3806.714942437542
S2,qlearning,1,1108,0.11118486558247594,9295.0,0,2810.6,3011.5
S2,qlearning,1,1109,0.1585791309863622,10524.212820118137,4,3490.2902563134476,3568.1128203918097
S2,qlearning,1,1110,0.14094190443451357,8620.311775571705,11,2845.66608077243,3088.7513510909166
S2,qlearning,1,1111,0.13438216978039988,8952.0,0,2333.7,2401.0
S2,qlearning,1,1112,0.11761064685855772,10594.356450898065,7,2914.4899999037502,2985.0499998796877
S2,qlearning,1,1113,0.11912640635340833,10904.199999686627,3,3569.179999925333,3726.0999999066667
S2,qlearning,1,1114,0.12594893029675638,9330.09999981628,2,2654.579999853024,2740.0999998162806
S2,qlearning,1,1115,0.10442046641141664,9564.55,0,2939.25,3035.0
S2,qlearning,1,1116,0.18123238018525978,8046.1,0,2561.7599999999998,2595.2
S2,qlearning,1,1117,0.13904134650567143,9474.75,0,2685.2,2742.25
S2,qlearning,1,1118,0.11868533171028606,11184.374999745432,2,3251.6149999866475,3322.25
S2,qlearning,1,1119,0.12942779291553133,9936.899999776671,3,2680.9,2727.25
S2,qlearning,1,1120,0.11917280056081318,9928.09999170993,7,3157.059999927185,3347.0499999330436
S2,qlearning,1,1121,0.11685655857434998,10026.5,0,2671.1,2733.5
S2,qlearning,1,1122,0.09446254071661238,9695.585975240128,5,2630.8999998758927,2733.374999844866
S2,qlearning,1,1123,0.07428571428571429,11317.768511427483,11,3962.239831228649,4337.899999873516
S2,qlearning,1,1124,0.09877518767285658,8942.3,0,2739.36,2832.5
S2,qlearning,1,1125,0.14335664335664336,8279.5,0,2459.0,2492.5
S2,qlearning,1,1126,0.09020217729393468,11356.906185367183,3,3255.7949483328994,3301.356185432438
S2,qlearning,1,1127,0.12809315866084425,11708.5,0,3140.7,3214.5
S2,qlearning,1,1128,0.0872776099362202,9550.0,0,3424.6,3599.0
S2,qlearning,1,1129,0.1281613123718387,10021.149999654399,3,3062.8099999842852,3316.0
S2,qlearning,1,1130,0.11946591707659873,8404.570569525367,4,2273.536455843609,2297.670569804511
S2,qlearning,1,1131,0.10793756227167055,9604.4,0,2999.2599999999998,3093.0
S2,qlearning,1,1132,0.1349911190053286,7757.248459894632,8,2162.0799998733223,2230.5999998416532
S2,qlearning,1,1133,0.08509389671361503,10892.699756767839,8,3062.1462763523186,3169.4203454554377
S2,qlearning,1,1134,0.12978585334198572,9564.0,0,3089.6,3185.0
S2,qlearning,1,1135,0.08617886178861789,9319.399999324009,4,2743.4,2756.5
S2,qlearning,1,1136,0.12706480304955528,9313.955090777055,11,2481.3310182614823,2537.0
S2,qlearning,1,1137,0.1463963963963964,11127.206435295391,3,2977.05,3000.5
S2,qlearning,1,1138,0.12665862484921592,10274.383943830842,3,2938.9380850760635,2953.0
S2,qlearning,1,1139,0.15258652772608858,8674.201470447677,2,2724.2599999371428,2850.0749999214286
S2,qlearning,1,1140,0.12449424214130096,10824.549999949342,1,2767.039999959474,2789.0499999493422
S2,qlearning,1,1141,0.1146384479717813,9482.407526837967,6,2998.7460216218788,3036.3075270273484
S2,qlearning,1,1142,0.14947437582128778,10337.049999930001,1,3803.0399999439996,4134.54999993
S2,qlearning,1,1143,0.16401273885350318,8923.549999928704,1,2280.1,2325.0
S2,qlearning,1,1144,0.14435695538057744,11791.449242829896,7,3757.1375409042234,3796.2999999613066
S2,qlearning,1,1145,0.14878268710550044,10877.0,0,3697.0,3841.5
S2,qlearning,1,1146,0.16494501832722425,9552.0,0,3300.1,3516.0
S2,qlearning,1,1147,0.16250427642832707,9912.0,0,2696.8,2740.5
S2,qlearning,1,1148,0.16776315789473684,9589.5,0,2706.7,2773.0
S2,qlearning,1,1149,0.12897526501766785,10826.015431892367,6,2723.6674335762173,2857.209291970272
S2,qlearning,1,1150,0.11515151515151516,10322.699999936885,1,3310.0,3576.0
S2,qlearning,1,1151,0.11246200607902736,9807.75,0,3101.2,3212.75
S2,qlearning,1,1152,0.12577639751552794,10300.765384241759,5,3320.629999866662,3442.1499998580066
S2,qlearning,1,1153,0.12542119056533133,8470.199999449738,7,2186.1899997732467,2204.199999757033
S2,qlearning,1,1154,0.1413427561837456,11285.3,0,3181.2,3336.5
S2,qlearning,1,1155,0.156299336911904,11146.864285480191,3,3213.691428384153,3317.864285480191
S2,qlearning,1,1156,0.10602490743857287,10312.78716736779,7,3734.4299998696497,4152.599999924138
S2,qlearning,1,1157,0.10778039744021556,10695.621052121645,4,3391.339999955362,3582.0499999442027
S2,qlearning,1,1158,0.16023306627822287,8380.1,0,3204.2,3530.0
S2,qlearning,1,1159,0.11380215932302305,11588.562339021062,6,2979.8243478075506,3067.0
S2,qlearning,1,1160,0.09769094138543517,11571.650029269314,2,4574.599999999999,5095.5
S2,qlearning,1,1161,0.10391566265060241,11273.110599543183,4,3754.8221199086365,3988.0
S2,qlearning,1,1162,0.09185980780101752,10717.0,0,3500.8999999999996,3642.5
S2,qlearning,1,1163,0.10426540284360189,9606.149994917661,14,2719.6372254065673,2849.6217390057864
S2,qlearning,1,1164,0.10604453870625663,10410.449999508563,3,3130.19999985325,3176.2499998165626
S2,qlearning,1,1165,0.10498220640569395,8451.089295262056,7,2676.3317396696666,2876.0
S2,qlearning,1,1166,0.12842176410949646,9797.0,0,2951.2,3134.0
S2,qlearning,1,1167,0.11391625615763547,10616.433332985083,5,3393.56666650277,3721.833333128463
S2,qlearning,1,1168,0.13868177751267521,10526.5,0,3029.0,3209.5
S2,qlearning,1,1169,0.10972813625941696,9848.408380828609,8,3267.642796646208,3542.022042887501
S2,qlearning,1,1170,0.12786449684490203,10567.049999942963,1,3185.6,3287.0
S2,qlearning,1,1171,0.12246749319625037,10319.341879744887,8,2884.7283759503925,2972.099999881827
S2,qlearning,1,1172,0.13836042891732964,9633.48564903813,3,3017.3,3050.0
S2,qlearning,1,1173,0.13326910725754657,10154.225405056539,7,3230.4203245819976,3376.5254057274974
S2,qlearning,1,1174,0.11028358636493842,11710.979625472013,6,3105.2399999248782,3152.5499999060976
S2,qlearning,1,1175,0.13347652654188402,10485.061538118882,5,2961.022307668078,3037.0
S2,qlearning,1,1176,0.15673374613003097,9938.322431636323,5,2850.0579454574918,2856.8224318218645
S2,qlearning,1,1177,0.12764632627646327,11169.58999969448,4,3155.9519998785418,3269.939999848177
S2,qlearning,1,1178,0.13780918727915195,9954.874999768508,3,3610.879999814806,3881.4749997685076
S2,qlearning,1,1179,0.12593016599885518,11157.324607522149,6,3503.144921560652,3547.5
S2,qlearning,1,1180,0.132890365448505,9343.933332602735,7,2469.6866663857045,2504.349999750583
S2,qlearning,1,1181,0.1287415513356936,10091.668749576598,4,2855.7137499486043,2957.5
S2,qlearning,1,1182,0.14465989535241613,10943.309459129865,4,3600.1618918259733,3637.0
S2,qlearning,1,1183,0.12113484220592924,11237.75,0,3526.6499999999996,3752.5
S2,qlearning,1,1184,0.14951211835064526,11255.5,0,4238.0,4564.5
S2,qlearning,1,1185,0.13766676128299746,12420.174999828632,2,3763.8499999520577,3941.524999977219
S2,qlearning,1,1186,0.15709969788519637,10520.449999780092,3,3334.6,3654.0
S2,qlearning,1,1187,0.14558058925476602,9315.299999763198,3,2882.079999914444,3068.5999998930556
S2,qlearning,1,1188,0.1478537360890302,9693.22499972324,4,3339.1699999376992,3688.074999937903
S2,qlearning,1,1189,0.17026298044504384,9156.699999695313,4,2713.1599997562494,2815.699999695312
S2,qlearning,1,1190,0.13266509433962265,10459.867553607817,8,2970.491212118424,3109.5
S2,qlearning,1,1191,0.1646655231560892,10283.481715394957,5,3625.5599995199354,3804.1999993999193
S2,qlearning,1,1192,0.16794625719769674,10031.924999734421,3,3086.684999922083,3120.5999999083333
S2,qlearning,1,1193,0.14351851851851852,10864.75,0,2813.9,2837.0
S2,qlearning,1,1194,0.13532968615030233,10565.243518386887,2,3025.9,3129.0
S2,qlearning,1,1195,0.13454226381983037,10782.0,0,2760.4,2775.5
S2,qlearning,1,1196,0.10620643876535014,9862.772732018993,10,3663.193225377523,4066.4790317374286
S2,qlearning,1,1197,0.13978861234231163,9466.396299841132,8,2873.704934872518,2950.2094581738197
S2,qlearning,1,1198,0.14193150262264734,11303.868548332512,1,3882.094838666009,4214.868548332512
S2,qlearning,1,1199,0.1106816584680253,9076.0,0,3556.3999999999996,4016.5
S2,qlearning,1,1200,0.09595254710397767,9089.388596847011,7,2597.987719382453,2701.0
S2,qlearning,1,1201,0.0695364238410596,11563.099999612967,4,3592.2,3609.0
S2,qlearning,1,1202,0.07547707205924238,12630.261926691799,5,4307.599999999999,4556.5
S2,qlearning,1,1203,0.13231888852133641,9762.569308555132,6,2401.075447023955,2458.0693087799436
S2,qlearning,1,1204,0.16782006920415224,7754.049999925962,1,2056.0099999851923,2089.0
S2,qlearning,1,1205,0.17005610098176718,9269.9,0,2903.6,2949.5
S2,qlearning,1,1206,0.11033369214208827,12149.831360859393,8,3658.65599999076,3886.5
S2,qlearning,1,1207,0.1275298031605212,11606.049999953892,1,3909.1099999907783,4215.0
S2,qlearning,1,1208,0.15278710543989255,9377.0,0,2821.7,2905.5
S2,qlearning,1,1209,0.16200294550810015,9068.29999989,1,2831.109999978,3006.75
S2,qlearning,1,1210,0.13123784834737523,8508.0,0,2233.6,2314.0
S2,qlearning,1,1211,0.15270780856423175,9711.3,0,3097.74,3265.8
S2,qlearning,1,1212,0.17885852090032153,7904.4,0,2798.7,2985.0
S2,qlearning,1,1213,0.16435707379954884,11745.333333333334,0,3588.366666666667,3624.3333333333335
S2,qlearning,1,1214,0.1485984464707869,9850.55,0,3287.1,3472.25
S2,qlearning,1,1215,0.08852821836960531,9653.488482133054,9,2985.5055396050457,3048.5499999363637
S2,qlearning,1,1216,0.1403566710700132,10473.833333333334,0,3078.9666666666662,3202.333333333333
S2,qlearning,1,1217,0.12717321313586608,10231.983011186097,4,3064.7864089488785,3087.983011186098
S2,qlearning,1,1218,0.14544164597374956,9586.68573089063,6,2853.2599999999998,2937.5
S2,qlearning,1,1219,0.09904492394764769,9356.372731694655,4,2380.8999998158047,2404.499999769756
S2,qlearning,1,1220,0.0759493670886076,9247.866008989664,6,2891.2999999999997,3119.5
S2,qlearning,1,1221,0.0772626931567329,11033.549999734854,2,3578.45,3611.0
S2,qlearning,1,1222,0.07226428079834825,8927.277049890246,9,2689.831640075736,2845.627050162811
S2,qlearning,1,1223,0.09307972480777013,7825.006520827003,5,2950.2052166616027,3194.5065208270034
S2,qlearning,1,1224,0.06315789473684211,10411.321986670351,6,3017.529999958964,3217.0
S2,qlearning,1,1225,0.07221350078492936,11213.124999859741,2,3242.45999995403,3256.0749999425375
S2,qlearning,1,1226,0.07655665192242259,10180.074999427181,7,3162.2799999094113,3410.5999998867646
S2,qlearning,1,1227,0.08009492732126965,11834.5,0,4579.599999999999,4885.0
S2,qlearning,1,1228,0.15397350993377484,8182.04999994726,1,2161.6,2236.0
S2,qlearning,1,1229,0.1270949720670391,12703.81999207899,5,3776.7999999999997,3871.5
S2,qlearning,1,1230,0.17200674536256325,8891.949999734483,1,2571.52,2726.9
S2,qlearning,1,1231,0.1588021778584392,10436.059459211832,2,2952.7,3074.0
S2,qlearning,1,1232,0.17134524243528984,9152.055555253557,4,2729.59999987289,2839.7499998411126
S2,qlearning,1,1233,0.17235314808301092,8992.124999791975,2,2720.1999998335796,2740.1249997919745
S2,qlearning,1,1234,0.19196587273373622,8363.64999213851,3,2263.0799937683782,2332.099992210473
S2,qlearning,1,1235,0.14217252396166133,10012.399999766101,3,2801.439999921026,2864.2999999012823
S2,qlearning,1,1236,0.20341207349081364,6464.5,0,2420.1,2665.0
S2,qlearning,1,1237,0.17389807162534435,7791.099999640384,2,1954.6,2008.0
S2,qlearning,1,1238,0.13093037584719655,11266.483306733066,14,3203.6834519525964,3344.93330156719
S2,qlearning,1,1239,0.1699618453000347,10201.2,0,3932.3999999999996,4369.0
S2,qlearning,1,1240,0.19830949284785435,8511.049999923762,1,2393.2399999390095,2476.0499999237622
S2,qlearning,1,1241,0.165057614450327,9600.133333264583,1,2365.47999998625,2426.0
S2,qlearning,1,1242,0.17022817819630567,8692.199999483892,2,2392.9,2450.0
S2,qlearning,1,1243,0.1499143346659052,10844.03611055088,8,3722.7199998680717,4077.124999861407
S2,qlearning,1,1244,0.14995715509854327,10131.5,0,3115.0,3220.0
S2,qlearning,1,1245,0.15364498202026805,10884.424999859317,2,3176.849999961267,3218.7749999823395
S2,qlearning,1,1246,0.18838028169014084,8620.085505070763,6,2602.0171010141526,2612.0
S2,qlearning,1,1247,0.20833333333333334,7912.0,0,2490.9,2548.0
S2,qlearning,1,1248,0.19245142002989538,8065.266666197879,2,2468.6,2538.0
S2,qlearning,1,1249,0.14932562620423892,9808.5,0,3099.2,3334.0
S2,qlearning,1,1250,0.1466070929907847,11418.08333313115,4,4236.676666638261,4572.0
S2,qlearning,1,1251,0.15619915392124958,8963.099999790467,2,2416.939999915616,2508.0499998945206
S2,qlearning,1,1252,0.15776699029126215,11109.824999802031,2,3269.0299999173626,3374.774999928261
S2,qlearning,1,1253,0.16194331983805668,8575.99999989031,2,2265.4,2332.0
S2,qlearning,1,1254,0.1839405730456314,9123.268370232261,4,3259.147004174006,3606.433755217508
S2,qlearning,1,1255,0.1519097222222222,12896.16766141944,3,3891.5041292077403,4129.1176615397535
S2,qlearning,1,1256,0.13252664938058195,12646.75,0,4494.65,4858.0
S2,qlearning,1,1257,0.16145479265805573,8886.549999922223,1,3074.7,3364.5
S2,qlearning,1,1258,0.10027347310847767,11437.0,0,3652.2,3858.0
S2,qlearning,1,1259,0.13410596026490065,8988.458794438202,12,2449.443702891731,2485.9865730692086
S2,qlearning,1,1260,0.18208844295800816,8291.774664047609,3,2353.2997312380867,2394.8746640476083
S2,qlearning,1,1261,0.18632534024627348,9501.54999994122,1,2673.509999988244,2780.0
S2,qlearning,1,1262,0.16187644532540468,10323.5,0,2917.2,2935.5
S2,qlearning,1,1263,0.1697792869269949,9090.905882060222,3,2724.7399999022223,2762.2999998777777
S2,qlearning,1,1264,0.15488215488215487,9768.809614601903,10,2805.477692106425,2845.4596151524756
S2,qlearning,1,1265,0.16828380836870832,10334.111701948248,2,3413.3123404126345,3747.0
S2,qlearning,1,1266,0.11567061415587993,12228.549999927358,1,3774.1,4033.0
S2,qlearning,1,1267,0.16979768786127167,8553.849999429929,6,2844.679999939352,2924.5
S2,qlearning,1,1268,0.1692936368943374,10369.35,0,3008.67,3036.0
S2,qlearning,1,1269,0.1832191780821918,10771.548403732799,6,2805.3199998852288,2848.649999856536
S2,qlearning,1,1270,0.15987933634992457,11826.3499998768,1,3489.21999997536,3536.0
S2,qlearning,1,1271,0.17532252729077075,8677.969047050052,4,1955.0533331512627,1972.3166664390783
S2,qlearning,1,1272,0.1583710407239819,9674.4,0,3126.2,3338.5
S2,qlearning,1,1273,0.14751552795031056,9828.23875722984,3,2828.7510058285097,2958.188757285637
S2,qlearning,1,1274,0.13051305130513052,10615.949998986569,7,3059.8799998548848,3084.0499999541667
S2,qlearning,1,1275,0.16390553401480437,8302.69999986882,2,2435.419999973764,2470.0
S2,qlearning,1,1276,0.188108834397044,8452.9,0,2690.42,2865.9
S2,qlearning,1,1277,0.12697022767075306,10637.032696824977,7,2984.5261574599817,3042.5326968249774
S2,qlearning,1,1278,0.1274706387854483,12253.099999836577,2,3443.8299998692605,3536.349999836576
S2,qlearning,1,1279,0.18095238095238095,8270.49999956299,5,2157.1399998164047,2221.799999770506
S2,qlearning,1,1280,0.16366612111292964,9352.149999633131,3,2885.2999999999997,3032.5
S2,qlearning,1,1281,0.17264498826684546,10824.235195117955,5,4004.707038820627,4387.599999661727
S2,qlearning,1,1282,0.161090458488228,10240.0,0,3192.2,3274.5
S2,qlearning,1,1283,0.19094766619519093,8019.0499997433335,1,2243.2999999999997,2329.5
S2,qlearning,1,1284,0.16098484848484848,8613.274172716696,6,2413.1099999839585,2494.0
S2,qlearning,1,1285,0.1546707503828484,9520.519999310938,7,3087.5659998490546,3321.3199998241516
S2,qlearning,1,1286,0.16583747927031509,10597.549999844918,2,2997.4,3041.5
S2,qlearning,1,1287,0.1675643327348893,9628.869369922508,9,3310.316205218998,3495.681521657709
S2,qlearning,1,1288,0.21710526315789475,7305.9,0,2325.3999999999996,2478.5
S2,qlearning,1,1289,0.14136447449293177,10136.94999220338,3,3436.5999984202595,3665.6999999503228
S2,qlearning,1,1290,0.16903108964684577,11266.0,0,3315.0,3362.0
S2,qlearning,1,1291,0.1610760544669545,9878.708104888137,7,3140.2264839636123,3340.1581049545157
S2,qlearning,1,1292,0.1417910447761194,10722.304097776645,7,3085.637751388016,3235.049999909412
S2,qlearning,1,1293,0.14397496087636932,9401.29999201775,5,2694.3599937241993,2818.699992155249
S2,qlearning,1,1294,0.18613607188703465,10296.554168704737,3,2733.0,2789.0
S2,qlearning,1,1295,0.19075953797689885,8277.799999869285,2,2241.279999895428,2258.599999869285
S2,qlearning,1,1296,0.16585195530726257,8677.774669871897,5,2391.7012753322624,2466.243902263139
S2,qlearning,1,1297,0.18743992310157,10225.4,0,3188.0,3282.0
S2,qlearning,1,1298,0.16639209225700163,9382.1,0,2285.5,2353.5
S2,qlearning,1,1299,0.1841854557002223,10061.5,0,3594.2,3889.5
S2,qlearning,1,1300,0.15304649148137453,11652.049999923762,1,3910.2999999999997,4201.5
S2,qlearning,1,1301,0.16859344894026976,9839.099999364216,7,2934.3199997981196,3033.39999974765
S2,qlearning,1,1302,0.17353654312435055,8306.3,0,2162.8,2173.0
S2,qlearning,1,1303,0.13956507627393702,11060.463059357042,4,3075.347611814303,3119.5999998986845
S2,qlearning,1,1304,0.11283704572098475,12324.108255983241,13,3613.0652686342505,3799.544085847612
S2,qlearning,1,1305,0.1435882854705715,12174.627329222045,7,3570.407439366971,3591.2499996703377
S2,qlearning,1,1306,0.1980728051391863,8744.8,0,2862.2599999999998,3054.0
S2,qlearning,1,1307,0.17474447741510057,10160.3,0,3499.9599999999996,3874.5
S2,qlearning,1,1308,0.17167381974248927,9561.0,0,2994.5,3155.0
S2,qlearning,1,1309,0.19672131147540983,8691.8,0,2921.3999999999996,3143.0
S2,qlearning,1,1310,0.14953865733375757,9619.864243321234,8,2822.814893582707,2903.0
S2,qlearning,1,1311,0.12349691257718556,10183.55064065353,4,3014.384999910304,3072.599999916304
S2,qlearning,1,1312,0.17130620985010706,10417.54999994077,1,3389.709999988154,3481.5
S2,qlearning,1,1313,0.1567043618739903,9710.5,0,2709.7,2765.0
S2,qlearning,1,1314,0.16274572993876893,8390.849999951266,1,2366.7399999610125,2471.549999951266
S2,qlearning,1,1315,0.18018018018018017,9927.799999598257,3,3193.7499999498473,3439.0
S2,qlearning,1,1316,0.22420634920634921,8547.749999836304,2,2409.1699999672605,2475.0
S2,qlearning,1,1317,0.18701122067324039,9553.374999775546,2,2925.694999906984,3010.6999999197915
S2,qlearning,1,1318,0.1490066225165563,12325.5,0,3910.6,4142.5
S2,qlearning,1,1319,0.13665594855305466,10206.197288430365,7,2738.544457778854,2849.1249999765246
S2,qlearning,1,1320,0.1850582590815627,10406.85,0,4224.9,4734.25
S2,qlearning,1,1321,0.1479383065785332,9854.590770151864,6,2829.2197367372014,2868.0999999185187
S2,qlearning,1,1322,0.14442700156985872,9719.5,0,2591.4,2611.0
S2,qlearning,1,1323,0.15326975476839236,8870.637326336575,12,2764.38890194302,2833.6185919491763
S2,qlearning,1,1324,0.14911463187325255,10541.604597078524,6,3355.693677732032,3442.30459716504
S2,qlearning,1,1325,0.18762475049900199,8514.9,0,3656.1599999999994,4208.7
S2,qlearning,1,1326,0.13584439641864773,12589.296079996082,12,4655.864262159081,4946.925076861164
S2,qlearning,1,1327,0.16818028927009754,10230.474999781212,3,3391.7999999019703,3611.1249998774633
S2,qlearning,1,1328,0.1566622691292876,9091.5,0,2436.4,2473.5
S2,qlearning,1,1329,0.15889830508474576,9537.5,0,2765.2,2908.5
S2,qlearning,1,1330,0.16983199415631847,10094.42783203522,13,3392.7222296117625,3585.0576920369685
S2,qlearning,1,1331,0.1730225988700565,9455.84695100068,3,3088.7693902001356,3228.0
S2,qlearning,1,1332,0.19109396914446003,8980.6494600786,4,2493.6098919235196,2525.1499998150316
S2,qlearning,1,1333,0.16019417475728157,10770.749999914444,1,3416.9099999828886,3628.5
S2,qlearning,1,1334,0.16231699554423934,9058.275999573927,4,2468.8,2495.5
S2,qlearning,1,1335,0.1447811447811448,10783.724486230929,12,2684.3988445314135,2723.2947365489104
S2,qlearning,1,1336,0.14797507788161993,9388.843420533165,6,3067.054736640205,3311.6934208002567
S2,qlearning,1,1337,0.13685550604710375,9958.98890380189,8,3217.5141859664013,3480.174073968853
S2,qlearning,1,1338,0.1696113074204947,8493.153278567357,2,2673.1606556739844,2876.0499999341882
S2,qlearning,1,1339,0.1723047739487828,10620.31187731821,4,3528.668076789753,3785.1095020995526
S2,qlearning,1,1340,0.16959238321927997,10309.199999878949,2,3696.3999999999996,3953.5
S2,qlearning,1,1341,0.16177957532861476,12176.74999985793,2,3439.7,3451.0
S2,qlearning,1,1342,0.15900503778337532,10857.7,0,3125.4,3201.0
S2,qlearning,1,1343,0.15666568134791606,10632.624999837475,2,3025.0,3051.5
S2,qlearning,1,1344,0.17465862178469355,9552.5,0,2817.6,2927.0
S2,qlearning,1,1345,0.1848906560636183,7849.341213190917,4,2207.3919997358503,2249.8649996698127
S2,qlearning,1,1346,0.16396103896103897,9470.149999834295,2,2937.6199999816663,3167.0
S2,qlearning,1,1347,0.1501716247139588,12118.7,0,3630.4399999999996,3848.5
S2,qlearning,1,1348,0.1718650541056652,9471.705834175273,3,2618.511290313927,2676.5
S2,qlearning,1,1349,0.14533965244865718,10048.25,0,2553.25,2560.0
S2,qlearning,1,1350,0.13901345291479822,12306.774999746744,4,3978.659999953333,4283.824999941667
S2,qlearning,1,1351,0.1417824074074074,11334.0,0,3279.4,3397.0
S2,qlearning,1,1352,0.1486232790988736,9220.5,0,2585.0,2631.5
S2,qlearning,1,1353,0.14450867052023122,9779.599999788215,2,2810.3499999063097,2857.5499999144445
S2,qlearning,1,1354,0.1537089871611983,9519.33887949464,6,3211.133333333333,3426.0
S2,qlearning,1,1355,0.1413373860182371,10639.404180867092,9,2876.3238215468527,3014.599999924878
S2,qlearning,1,1356,0.13863497867154173,10102.149999820931,2,2856.279999928372,2922.599999910465
S2,qlearning,1,1357,0.16567840948726892,9696.9,0,2739.58,2833.0
S2,qlearning,1,1358,0.16983695652173914,11009.6,0,2959.2799999999997,3048.1
S2,qlearning,1,1359,0.1316542644533486,10343.536709980952,9,3227.7348192792656,3411.166666565967
S2,qlearning,1,1360,0.13184881336067975,10723.725316166836,4,3218.3402530396756,3388.6753162995947
S2,qlearning,1,1361,0.17068587535233323,11765.8,0,4339.499999999999,4731.9
S2,qlearning,1,1362,0.17475728155339806,9510.9,0,2847.62,2921.0
S2,qlearning,1,1363,0.15614506380120888,9095.403508658097,2,2858.2,2987.5
S2,qlearning,1,1364,0.18118351063829788,10098.8,0,3127.9599999999996,3205.2
S2,qlearning,1,1365,0.15606060606060607,9525.5,0,2501.9,2541.0
S2,qlearning,1,1366,0.1724137931034483,10263.199999702192,4,3343.3,3354.5
S2,qlearning,1,1367,0.16094088517486846,10051.0,0,2771.7,2779.0
S2,qlearning,1,1368,0.21343726800296955,7891.574999915074,1,2684.9599999320585,2968.0749999150735
S2,qlearning,1,1369,0.1542756391419336,10465.670105651005,3,3110.3340211202485,3165.833333316746
S2,qlearning,1,1370,0.1900070372976777,10206.824999920345,1,3797.164999984069,4140.0
S2,qlearning,1,1371,0.19545131485429992,8826.066666666668,0,3029.9333333333334,3137.666666666667
S2,qlearning,1,1372,0.16375545851528384,9901.85,0,3749.8999999999996,4186.25
S2,qlearning,1,1373,0.12195121951219512,11023.826651136744,9,3249.401320968815,3407.226651235778
S2,qlearning,1,1374,0.17485978225008247,8996.0,0,2967.2,3182.5
S2,qlearning,1,1375,0.14106145251396648,11117.407057129521,10,3043.1449999416195,3062.0
S2,qlearning,1,1376,0.15249537892791126,9851.899999434574,7,2965.0099997061593,3141.7499996491524
S2,qlearning,1,1377,0.17704918032786884,9933.0,0,2972.8,3023.0
S2,qlearning,1,1378,0.18312101910828024,8664.897079913058,5,2901.237664431371,3007.7470805504963
S2,qlearning,1,1379,0.16385302879841113,10420.299999715711,3,2568.1599999189475,2576.6999998986844
S2,qlearning,1,1380,0.18162005085361424,8142.0,0,2292.9,2316.5
S2,qlearning,1,1381,0.15529753265602322,11744.0,0,3360.2,3586.0
S2,qlearning,1,1382,0.1546875,9786.755214635532,2,3029.9841717084255,3255.8552146355323
S2,qlearning,1,1383,0.15654060756354618,10129.949999599607,4,3345.429999971963,3389.0
S2,qlearning,1,1384,0.16464471403812825,10058.049999921428,1,2692.4,2721.5
S2,qlearning,1,1385,0.15797317436661698,10172.75,0,3151.2,3192.25
S2,qlearning,1,1386,0.17899761336515513,7836.0,0,2015.4,2030.5
S2,qlearning,1,1387,0.14532374100719425,12087.9062989017,16,3430.4427400466616,3536.239325515734
S2,qlearning,1,1388,0.1489071038251366,11665.056409940025,4,3678.9451279520194,3783.5564099400244
S2,qlearning,1,1389,0.13876716330704061,10022.583830396457,5,2666.267064317167,2680.5838303964583
S2,qlearning,1,1390,0.19494584837545126,9128.7,0,3038.1,3292.0
S2,qlearning,1,1391,0.13744212962962962,10705.658311688778,9,3067.0590026621057,3099.62890047283
S2,qlearning,1,1392,0.13951250801796022,10065.599999859498,2,3250.1,3513.0
S2,qlearning,1,1393,0.1440329218106996,9675.199999283026,4,2484.1,2519.5
S2,qlearning,1,1394,0.15554842847979475,11081.234401730015,9,3142.2623798333248,3297.6904748096467
S2,qlearning,1,1395,0.16341030195381884,8938.099999866909,2,2963.6499999383814,3214.0499999416666
S2,qlearning,1,1396,0.14505417686123734,9300.179605831954,10,3039.3270550717493,3043.0
S2,qlearning,1,1397,0.10053222945002957,11936.761565527537,6,3713.26222552099,3912.952781901238
S2,qlearning,1,1398,0.1059892328398385,9324.407470496952,8,2759.029999761794,2942.749999749515
S2,qlearning,1,1399,0.08524397413286303,11770.4,0,3690.9999999999995,4032.0
S2,qlearning,1,1400,0.1259150805270864,11943.497578908664,5,3661.1054889674933,3808.2849553036867
S2,qlearning,1,1401,0.16297662976629768,9302.782647721431,5,2611.7199999545714,2706.5
S2,qlearning,1,1402,0.1513493800145879,9545.24387322152,6,3399.1550987582373,3504.543873482481
S2,qlearning,1,1403,0.11747430249632893,11124.5,0,2603.8,2611.0
S2,qlearning,1,1404,0.1479575426182052,9813.549999911495,1,3146.0099999822987,3268.5
S2,qlearning,1,1405,0.08452535760728218,10541.049999937399,1,3242.0099999874797,3359.0
S2,qlearning,1,1406,0.1636085626911315,11047.7,0,3697.7,4035.5
S2,qlearning,1,1407,0.11218920557913888,12064.0,0,4106.8,4336.0
S2,qlearning,1,1408,0.11370814908401769,10961.449999836103,2,3734.679999913846,4120.599999892308
S2,qlearning,1,1409,0.12605042016806722,10471.5,0,3117.2,3135.0
S2,qlearning,1,1410,0.11682242990654206,10198.111816147273,6,3673.5099999786107,4025.0
S2,qlearning,1,1411,0.1400381922342457,9535.8,0,2908.7,2915.0
S2,qlearning,1,1412,0.14993481095176012,9023.899992058772,5,2762.379998411754,2887.5
S2,qlearning,1,1413,0.11251278554381179,10110.5,0,3858.8999999999996,4306.5
S2,qlearning,1,1414,0.09681881051175657,13186.806496055642,9,4688.482499931904,4977.7999999382355
S2,qlearning,1,1415,0.12202852614896989,10288.756451056239,5,3343.1,3591.0
S2,qlearning,1,1416,0.10683760683760683,11739.549999918947,1,3488.4399999351576,3660.0499999189474
S2,qlearning,1,1417,0.13035082072738977,11010.29999987377,1,4352.999999999999,4932.25
S2,qlearning,1,1418,0.17899761336515513,9071.5,0,3163.6,3294.0
S2,qlearning,1,1419,0.15473300970873785,10344.997331592282,5,2800.09946633129,2806.0
S2,qlearning,1,1420,0.13485831341754864,9313.5,0,2938.5,3160.5
S2,qlearning,1,1421,0.12021371326803205,12733.299999824769,2,3805.4,3936.25
S2,qlearning,1,1422,0.11000343760742523,10608.5,0,3258.3,3306.0
S2,qlearning,1,1423,0.16042780748663102,8095.649999665697,3,2048.019999732557,2085.1499996656967
S2,qlearning,1,1424,0.1685580774365821,9098.549999626423,5,3052.4399999323073,3355.0499999153844
S2,qlearning,1,1425,0.16177957532861476,9704.6,0,3924.5999999999995,4352.5
S2,qlearning,1,1426,0.1859877211989888,7891.093420812698,2,2184.5,2208.0
S2,qlearning,1,1427,0.16908212560386474,8418.6,0,2395.0,2466.0
S2,qlearning,1,1428,0.18955650929899856,8663.224999458884,3,2165.2199999775185,2201.524999971898
S2,qlearning,1,1429,0.17307026652821045,8779.5,0,3200.9999999999995,3589.0
S2,qlearning,1,1430,0.12649430080622742,13150.352884094193,8,3480.8249999718714,3607.0
S2,qlearning,1,1431,0.19029126213592232,8902.374999759522,2,2601.4999998076187,2646.8749997595232
S2,qlearning,1,1432,0.136986301369863,12545.541939699087,2,3576.238551847937,3677.4169398157546
S2,qlearning,1,1433,0.13071895424836602,10090.261342564248,6,3047.934210430084,3267.121052604808
S2,qlearning,1,1434,0.13778904022806462,10763.624999821215,3,3229.2999999999997,3391.0
S2,qlearning,1,1435,0.1311563169164882,13780.5,0,4197.599999999999,4544.5
S2,qlearning,1,1436,0.1572218382861092,9935.324999926434,1,2608.3,2638.5
S2,qlearning,1,1437,0.10919717010150723,10115.377839704337,7,2981.7947169365516,3056.5
S2,qlearning,1,1438,0.1416746259153136,9766.512820056305,4,3444.5625640310045,3778.0
S2,qlearning,1,1439,0.13663967611336034,9255.924117696519,8,3075.952487628249,3292.9406095353115
S2,qlearning,1,1440,0.1357605677260105,9622.438888610644,3,3294.579999867421,3471.599999834277
S2,qlearning,1,1441,0.14107085604360373,9945.324999934,1,2840.3599999472,2841.324999934
S2,qlearning,1,1442,0.20496894409937888,7180.775999835792,2,1977.5607998686335,2032.675999835792
S2,qlearning,1,1443,0.15193370165745856,10450.40416652145,3,3208.9233332171602,3329.9041665214504
S2,qlearning,1,1444,0.16253620856131315,9494.0,0,2349.6,2433.0
S2,qlearning,1,1445,0.15161086544535693,10167.841664404652,4,3023.7849999206665,3187.0999999066667
S2,qlearning,1,1446,0.1409541511771995,10642.64999956371,3,3624.7999999999997,3959.5
S2,qlearning,1,1447,0.1419950301739439,9901.25,0,3516.7,3831.75
S2,qlearning,1,1448,0.13517915309446255,9887.39153195677,4,3319.7232256314383,3493.279032039298
S2,qlearning,1,1449,0.14383785550833605,10767.25,0,2601.1,2605.0
S2,qlearning,1,1450,0.1560379918588874,9820.25,0,2638.95,2817.5
S2,qlearning,1,1451,0.13414634146341464,11057.151719795449,6,3340.517486744511,3392.3999998099416
S2,qlearning,1,1452,0.14696058784235136,8185.649999552152,3,2374.4,2508.5
S2,qlearning,1,1453,0.09027373325567851,11541.75,0,3229.45,3299.5
S2,qlearning,1,1454,0.10792388525986936,12470.299586097683,13,4175.539811149452,4555.895833143471
S2,qlearning,1,1455,0.10091453800063072,10832.75,0,3864.0499999999997,4181.0
S2,qlearning,1,1456,0.06942148760330578,11295.0,0,3825.2,3965.5
S2,qlearning,1,1457,0.10865755345250613,10352.324992167703,3,3055.9599937341623,3120.824992167703
S2,qlearning,1,1458,0.10648148148148148,10985.5,0,3498.3999999999996,3775.5
S2,qlearning,1,1459,0.12172573189522343,10785.149998838617,3,3806.6099998074997,4046.0
S2,qlearning,1,1460,0.15350877192982457,10583.104394922817,6,3244.403452565392,3376.6771387455515
S2,qlearning,1,1461,0.14659685863874344,9609.96097539249,3,2393.9,2426.25
S2,qlearning,1,1462,0.08925564163017852,10274.630487671408,2,3985.609999990941,4297.0
S2,qlearning,1,1463,0.11020151133501259,10166.34399974408,4,2750.868799948816,2836.5
S2,qlearning,1,1464,0.13790783720147998,9186.933872713053,9,2480.6274998860245,2530.199999901282
S2,qlearning,1,1465,0.15452117512399846,8679.352940660994,4,2431.7599999999998,2500.0
S2,qlearning,1,1466,0.14991762767710048,8252.166666531753,2,2124.5,2136.0
S2,qlearning,1,1467,0.17783149171270718,9730.899999846299,2,2752.1999999692594,2924.0
S2,qlearning,1,1468,0.16801075268817203,9494.899999622303,4,2822.339999783032,3011.899999764286
S2,qlearning,1,1469,0.13721006207121855,11550.227313363055,5,3797.47999998657,3829.9
S2,qlearning,1,1470,0.17080244924266838,8842.0,0,2380.2,2465.5
S2,qlearning,1,1471,0.14944769330734242,10728.19109062776,4,3953.9999999999995,4342.0
S2,qlearning,1,1472,0.18166939443535188,10626.832142547024,4,3010.2999999999997,3084.0
S2,qlearning,1,1473,0.13580655846306725,9954.441747331965,7,3904.5093250375544,4355.899999918085
S2,qlearning,1,1474,0.13746273600529976,9359.049999908333,1,2895.2999999999997,3094.5
S2,qlearning,1,1475,0.11159420289855072,12426.674999787308,3,3838.6999998902393,4022.624999862799
S2,qlearning,1,1476,0.18039482641252552,8888.099999834189,2,2502.3799998673503,2551.599999834188
S2,qlearning,1,1477,0.1431901431901432,9632.835099190504,2,2661.567019838101,2685.0
S2,qlearning,1,1478,0.11547690461907618,10401.724999715414,3,3143.964999786,3229.1999997381954
S2,qlearning,1,1479,0.07161648640748319,10450.005787842529,9,3320.7448058806594,3561.5435073631643
S2,qlearning,1,1480,0.10787839163125204,9105.5,0,2736.7,2878.5
S2,qlearning,1,1481,0.08940666486047141,11707.54819821344,9,3927.7424804174507,4239.253100538518
S2,qlearning,1,1482,0.06022368798394035,13192.340044197548,5,3311.0099999895947,3329.0
S2,qlearning,1,1483,0.14956521739130435,9150.896850041776,4,2743.2,2893.0
S2,qlearning,1,1484,0.12677626079687934,11513.9356300469,4,3473.9,3572.0
S2,qlearning,1,1485,0.14160839160839161,10901.693420733121,3,3456.414736670881,3470.1434208386017
S2,qlearning,1,1486,0.13774597495527727,9589.208817263476,7,2877.799999693121,3065.874999616402
S2,qlearning,1,1487,0.11921216309606082,9657.649999744684,3,2881.7999999999997,2967.5
S2,qlearning,1,1488,0.09880239520958084,10542.75,0,3157.15,3264.5
S2,qlearning,1,1489,0.13444520081688224,10502.961701952381,2,3300.1,3402.5
S2,qlearning,1,1490,0.12727272727272726,10278.526047086012,9,4253.2455425855005,4782.431928231877
S2,qlearning,1,1491,0.12825017568517216,8882.5,0,3181.2,3464.0
S2,qlearning,1,1492,0.09764503159103963,11499.648437276419,3,2911.45874987581,2954.0484373675436
S2,qlearning,1,1493,0.1385243511227763,11079.12499987739,1,3986.339999960764,4333.524999975478
S2,qlearning,1,1494,0.11436016213086277,10567.0,0,3107.0,3217.0
S2,qlearning,1,1495,0.15912897822445563,6945.149999914444,1,2167.2,2360.0
S2,qlearning,1,1496,0.09899383317104836,9628.5,0,2806.7999999999997,2903.0
S2,qlearning,1,1497,0.13843648208469056,8864.75,0,2672.6,2842.75
S2,qlearning,1,1498,0.14080100125156444,9869.397916465497,3,2514.0695832930996,2567.0
S2,qlearning,1,1499,0.12658227848101267,12297.2399998055,3,4101.479999928786,4199.099999910983
