scenario,method,seed,episode,service_level,total_cost,scri_viol,VaR95,TVaR95
S2,qlearning,0,0,0.10767627648489059,9257.149999585068,4,2310.1199998921793,2352.099999865224
S2,qlearning,0,1,0.1034928848641656,9326.051457438753,7,3213.711165979877,3462.001457486878
S2,qlearning,0,2,0.07882882882882883,11472.5,0,3824.5499999999997,4080.25
S2,qlearning,0,3,0.09693053311793215,9833.190283287468,2,2787.943846141886,2896.0
S2,qlearning,0,4,0.07545813869924542,10606.29999980156,3,2872.179999896248,2963.09999987031
S2,qlearning,0,5,0.07484168105929764,10538.000926256953,3,2624.2,2653.5
S2,qlearning,0,6,0.11406844106463879,8567.0,0,2746.2,2929.0
S2,qlearning,0,7,0.11665682220909628,10476.749999956497,1,2898.1099999912994,2906.5
S2,qlearning,0,8,0.11509817197020988,9182.75,0,2509.5,2514.5
S2,qlearning,0,9,0.10568409025992574,11912.0,0,3903.0,4032.0
S2,qlearning,0,10,0.10482180293501048,9820.237704746804,2,3490.7875409730527,3723.25
S2,qlearning,0,11,0.12146371463714638,10727.099999826427,3,3197.959999861141,3267.6999998264264
S2,qlearning,0,12,0.10380622837370242,12115.324999523637,5,3629.099999788472,3643.4249997616034
S2,qlearning,0,13,0.09615384615384616,8950.422221739167,5,2602.2399999820927,2734.0
S2,qlearning,0,14,0.1095767036925848,12131.180166128546,6,3470.551666340779,3713.9333329305573
S2,qlearning,0,15,0.11671335200746966,11599.94999989,1,3433.559999912,3506.69999989
S2,qlearning,0,16,0.0954653937947494,12763.774193700652,8,4017.9317382516715,4031.7781658366266
S2,qlearning,0,17,0.1085915043117215,9364.66491189276,4,2472.1066665638914,2472.1333332048644
S2,qlearning,0,18,0.12704781009695754,8865.6,0,2419.9,2473.0
S2,qlearning,0,19,0.14332514332514332,8184.5,0,2262.4,2268.5
S2,qlearning,0,20,0.12004175365344467,9194.819108092544,3,3075.71382153156,3281.7499998550857
S2,qlearning,0,21,0.10314185972707077,10579.374999869047,1,3289.9349999109522,3469.599999895238
S2,qlearning,0,22,0.0945179584120983,10662.481605791352,4,4106.8963211582695,4579.0
S2,qlearning,0,23,0.09612141652613827,10031.5,0,2694.7,2746.5
S2,qlearning,0,24,0.0919175911251981,11038.599999924138,1,4231.8799999393095,4621.099999924138
S2,qlearning,0,25,0.11371973587674249,9660.707290935194,8,2433.639999928372,2467.799999910465
S2,qlearning,0,26,0.11173184357541899,13482.23144635468,3,3793.9851570837445,3813.2314463546804
S2,qlearning,0,27,0.11879507848960542,7362.64999938514,3,2565.5,2804.5
S2,qlearning,0,28,0.08633521881512354,11115.74999986345,2,3553.2499999726897,3818.0
S2,qlearning,0,29,0.08787346221441125,10310.0,0,3106.5,3273.0
S2,qlearning,0,30,0.08430410790925813,10749.649999841802,2,3198.6199998734423,3243.149999841803
S2,qlearning,0,31,0.0965476887068461,11103.336202156122,8,3601.1550782219447,3755.696396260208
S2,qlearning,0,32,0.10966944701884461,11090.268852401075,1,3692.6499999999996,3903.0
S2,qlearning,0,33,0.09615384615384616,10222.449999919792,1,2971.9,3014.5
S2,qlearning,0,34,0.11949685534591195,10796.749999843458,2,3029.23,3092.5
S2,qlearning,0,35,0.09663341645885287,10042.049999940311,1,2685.539999952248,2850.54999994031
S2,qlearning,0,36,0.11572606214331008,9691.347656196893,1,2542.6,2590.0
S2,qlearning,0,37,0.09530791788856305,11169.8224515563,9,3920.1651951137633,4261.605522436334
S2,qlearning,0,38,0.11534912334666257,11121.936927887667,2,3002.3195424136634,3028.086928017079
S2,qlearning,0,39,0.08682170542635659,10255.349999641343,2,2983.679999713074,2994.349999641342
S2,qlearning,0,40,0.11258482418260334,10080.39999963434,5,2783.419999976072,2888.0
S2,qlearning,0,41,0.09298140371925614,12891.134999104741,10,3534.113999685198,3549.644999671954
S2,qlearning,0,42,0.08916083916083917,9250.5,0,2528.0,2552.0
S2,qlearning,0,43,0.09937238493723849,9336.3773108664,5,3471.8639727249715,3666.3308508752334
S2,qlearning,0,44,0.09797917942437231,12448.313963979306,6,3752.9427928201135,3768.5
S2,qlearning,0,45,0.12793550648440238,9725.55,0,2626.52,2679.4
S2,qlearning,0,46,0.1349504612230953,10549.661209001384,6,3235.052241763053,3416.5499999206186
S2,qlearning,0,47,0.11917280056081318,9374.044413300575,2,2540.5,2628.0
S2,qlearning,0,48,0.1306497175141243,8239.940551010966,2,2024.8381102021933,2099.0
S2,qlearning,0,49,0.1076388888888889,9750.549999915385,1,2755.209999983077,2770.0
S2,qlearning,0,50,0.08928571428571429,12394.434426038064,3,4009.147540830451,4268.434426038064
S2,qlearning,0,51,0.11234272019173158,10343.649999823034,3,3193.8199998584273,3472.6499998230342
S2,qlearning,0,52,0.10338345864661654,10526.0,0,3736.9999999999995,4070.5
S2,qlearning,0,53,0.10521356783919598,9584.163124953237,4,2542.5,2587.5
S2,qlearning,0,54,0.15050820953870211,8708.25,0,2772.8999999999996,2948.0
S2,qlearning,0,55,0.13724742661075104,8347.199999910465,1,2683.0599999283722,2706.199999910465
S2,qlearning,0,56,0.1306532663316583,9632.093478218985,1,2743.9,2833.5
S2,qlearning,0,57,0.13826477704804702,9547.15,0,3113.0,3345.25
S2,qlearning,0,58,0.10187838268067495,10227.034497011718,3,3007.349999972466,3164.0
S2,qlearning,0,59,0.12577532736044109,8566.995832970419,6,2613.671666536891,2653.4874998475834
S2,qlearning,0,60,0.11734028683181226,9527.606249733495,3,2774.299999911281,2785.98124990848
S2,qlearning,0,61,0.09309542280837858,8252.0,0,2981.7999999999997,3351.0
S2,qlearning,0,62,0.1294390972452705,11269.65,0,3615.88,3775.25
S2,qlearning,0,63,0.12531783508899383,10306.5,0,3842.8199999999997,3998.5
S2,qlearning,0,64,0.10469436001350894,10706.699999826036,2,2931.1,2956.5
S2,qlearning,0,65,0.08605600933488915,9748.963705547647,1,2723.592741109529,2811.5
S2,qlearning,0,66,0.14870606411741985,8022.587499943854,1,2589.3999999999996,2811.0
S2,qlearning,0,67,0.10303208713570798,10570.0,0,3211.8999999999996,3434.5
S2,qlearning,0,68,0.11945392491467577,10507.0,0,3171.9,3225.5
S2,qlearning,0,69,0.10830324909747292,11646.049999907229,1,3214.0499999999997,3298.25
S2,qlearning,0,70,0.11171293161814488,8231.6,0,2321.2,2340.5
S2,qlearning,0,71,0.0933075933075933,11155.0,0,3057.7,3121.5
S2,qlearning,0,72,0.10279473176999679,9379.692306909757,8,2465.4999999607144,2487.8749999508927
S2,qlearning,0,73,0.1021355617455896,10215.61994855793,4,3029.1052940677887,3132.5
S2,qlearning,0,74,0.13785394932935915,8586.487626227907,5,3039.820101113306,3236.3876264180026
S2,qlearning,0,75,0.09921925829538061,10080.5,0,2486.7,2533.5
S2,qlearning,0,76,0.1266921207913919,9377.899999553305,5,3140.389999804276,3418.1999998048677
S2,qlearning,0,77,0.12564991334488734,11200.07456124823,3,2929.719999961739,2940.649999952174
S2,qlearning,0,78,0.10053619302949061,11003.83215143819,3,3941.913821647491,4361.5
S2,qlearning,0,79,0.10175328741390106,10119.5,0,2853.7999999999997,2993.5
S2,qlearning,0,80,0.11057498994772819,7867.199999725,1,2581.45,2614.0
S2,qlearning,0,81,0.1144913313706248,9099.63821352648,3,2187.1,2208.5
S2,qlearning,0,82,0.09940975458216837,11397.480375204268,4,3164.043112088875,3234.0
S2,qlearning,0,83,0.1199616122840691,9671.549999941666,1,3128.8999999999996,3332.0
S2,qlearning,0,84,0.08226691042047532,11633.742774243472,7,2920.2899673614647,2943.362459201831
S2,qlearning,0,85,0.10245265445513815,10504.752325039988,6,2617.4018602519177,2696.752325314897
S2,qlearning,0,86,0.10781194768469424,9134.5,0,2829.2999999999997,2995.0
S2,qlearning,0,87,0.09195055773289117,12157.75,0,3530.25,3555.0
S2,qlearning,0,88,0.101923629055412,10460.336301194737,2,2923.357260263786,2954.5
S2,qlearning,0,89,0.1278538812785388,10988.049999934745,1,3834.9999999999995,4275.0
S2,qlearning,0,90,0.10579576816927323,10712.905768685361,6,3286.3899999604596,3419.8
S2,qlearning,0,91,0.1276525198938992,8876.54999993125,1,2565.7999999999997,2658.0
S2,qlearning,0,92,0.13491547464239273,9480.322288879828,4,3397.9199998796435,3681.1499998495547
S2,qlearning,0,93,0.10974393082806784,8799.54999992451,1,2235.939999939608,2272.04999992451
S2,qlearning,0,94,0.09447466361294017,10563.482638545707,4,3304.729999970743,3497.5
S2,qlearning,0,95,0.09699184706213101,11867.9,0,3469.7799999999997,3653.5
S2,qlearning,0,96,0.1260096930533118,10198.5,0,2895.6,3067.25
S2,qlearning,0,97,0.11352885525070956,9903.839515961557,3,2714.249999951563,2792.0499999552326
S2,qlearning,0,98,0.09990777743621272,10701.568852276148,3,3371.855081820919,3546.5688522761493
S2,qlearning,0,99,0.10003077870113881,9785.5,0,2556.2,2612.5
S2,qlearning,0,100,0.09859535386277687,13263.144378588402,2,3756.6755029242872,3839.594378655359
S2,qlearning,0,101,0.09538950715421304,10258.17106662292,4,2682.696853346461,2762.371066683076
S2,qlearning,0,102,0.0849443468072642,11495.799999701887,4,3062.424999901998,3084.624999917701
S2,qlearning,0,103,0.1400751622822002,9081.0,0,2440.9,2475.5
S2,qlearning,0,104,0.12089274643521389,10902.57195093595,3,2744.527560909649,2747.7219511370613
S2,qlearning,0,105,0.07378335949764521,9168.366203789563,9,2418.4438707344634,2428.2548384292713
S2,qlearning,0,106,0.09094216078574027,9618.549999934745,1,2960.1099999869493,2971.0
S2,qlearning,0,107,0.09007417873542918,9434.720295245792,3,2965.576236196634,3056.7202952457924
S2,qlearning,0,108,0.11352734250079949,10291.69999976967,3,2923.3799999215285,3034.599999901911
S2,qlearning,0,109,0.12221874020683171,8846.744455769516,4,2453.5258823278814,2492.5
S2,qlearning,0,110,0.12556342562781714,9686.852029279451,7,2764.5,2912.5
S2,qlearning,0,111,0.11279311368358563,11911.724999578802,3,4107.78499993,4428.599999917647
S2,qlearning,0,112,0.08545811151583077,11376.5,0,3318.6,3430.0
S2,qlearning,0,113,0.11884257664485015,9037.222221769645,6,2372.0044443699708,2435.75
S2,qlearning,0,114,0.1503078594712061,8026.266442749499,3,2699.0531542624562,2928.5664428280706
S2,qlearning,0,115,0.13172751223184043,8981.924992129769,3,2725.7999999999997,2838.5
S2,qlearning,0,116,0.0938492636442391,12035.57101431986,3,3182.22,3264.4
S2,qlearning,0,117,0.09913793103448276,10453.4,0,2795.8,2826.0
S2,qlearning,0,118,0.09135027119611762,11419.649415164915,1,3271.8195321319326,3388.149415164916
S2,qlearning,0,119,0.0851305334846765,11465.603995793104,4,3789.3431966986495,4082.0539958733125
S2,qlearning,0,120,0.13097949886104784,7892.5,0,3107.4999999999995,3533.0
S2,qlearning,0,121,0.13961605584642234,9839.649999583957,5,3031.17999983094,3070.5999997886747
S2,qlearning,0,122,0.13711857860177676,8472.080797379833,5,2473.523716801737,2528.5
S2,qlearning,0,123,0.11098931214031242,11764.0,0,3181.4,3186.0
S2,qlearning,0,124,0.12054161162483487,8926.5933332291,2,2535.758666656742,2617.25
S2,qlearning,0,125,0.132996632996633,9439.25,0,2330.6,2398.5
S2,qlearning,0,126,0.11519302615193026,11254.854391500789,5,4089.086013368071,4483.891891741395
S2,qlearning,0,127,0.11317195850361522,9444.449999937398,1,2660.72,2720.9
S2,qlearning,0,128,0.12055109070034443,8820.5,0,3233.6,3523.0
S2,qlearning,0,129,0.13723365836041893,8482.803151982991,8,2350.1799998768456,2356.49999988062
S2,qlearning,0,130,0.12113484220592924,9668.153292526182,6,3183.5232203196715,3450.0
S2,qlearning,0,131,0.1363962670495334,7634.7,0,2259.1,2347.0
S2,qlearning,0,132,0.1179245283018868,9137.253278268388,4,2977.5,3136.0
S2,qlearning,0,133,0.12965425531914893,10149.799999768291,2,3238.34,3279.5
S2,qlearning,0,134,0.1182033096926714,10580.35315292227,4,2782.682522337816,2826.85315292227
S2,qlearning,0,135,0.12654223347042076,9852.9,0,2906.7,2929.5
S2,qlearning,0,136,0.09601181683899557,11450.6,0,3761.1,3976.5
S2,qlearning,0,137,0.10444743935309973,10433.551767715537,4,3572.7003535586628,3706.0
S2,qlearning,0,138,0.10213143872113677,11180.507672242202,2,3066.0015344484405,3076.0
S2,qlearning,0,139,0.1875532821824382,7215.8,0,2348.2799999999997,2417.0
S2,qlearning,0,140,0.12729616500161134,11196.351140155912,7,4030.914080353862,4258.1333332428285
S2,qlearning,0,141,0.15365595196043802,8805.540853501374,2,2629.874536514164,2759.468170642705
S2,qlearning,0,142,0.13851249623607348,11111.15,0,3546.5,3758.75
S2,qlearning,0,143,0.13172338090010977,9394.11120625747,6,3194.4889651504695,3440.311206438087
S2,qlearning,0,144,0.15085351329892815,8567.95,0,2524.8999999999996,2742.5
S2,qlearning,0,145,0.10914654879292758,11183.400702606497,6,3143.80333330032,3170.5
S2,qlearning,0,146,0.10456885456885456,10623.665217271462,2,3422.8121738171694,3588.765217271462
S2,qlearning,0,147,0.12739855300408934,10897.5,0,3505.3999999999996,3751.5
S2,qlearning,0,148,0.1301900070372977,9719.549999949006,1,3193.439999959205,3355.5499999490066
S2,qlearning,0,149,0.13494062612450522,8262.1,0,2352.7999999999997,2499.0
S2,qlearning,0,150,0.10916308303010255,10626.387036916545,2,3568.8999999999996,3753.0
S2,qlearning,0,151,0.11780545270952542,11375.462747013202,11,3234.65088443706,3301.5577462145775
S2,qlearning,0,152,0.10129787907565685,10812.074999595208,5,3016.329999945305,3075.0
S2,qlearning,0,153,0.12632787826586275,11517.138216474916,1,4095.7105731799325,4340.638216474916
S2,qlearning,0,154,0.08831732259064146,11805.75,0,3977.15,4046.5
S2,qlearning,0,155,0.14064015518913675,9001.249999786696,2,2814.7999999999997,2962.0
S2,qlearning,0,156,0.09930643127364439,8960.799999482491,6,2366.279999895428,2396.099999869285
S2,qlearning,0,157,0.13967468175388967,8279.5,0,2188.6,2217.0
S2,qlearning,0,158,0.17937219730941703,7339.349999726499,3,2110.9,2114.5
S2,qlearning,0,159,0.13068731848983542,9998.5,0,3359.1,3638.0
S2,qlearning,0,160,0.07071024512884978,10166.684140663298,5,2618.1,2687.0
S2,qlearning,0,161,0.14241055922195206,8373.34999987029,2,2197.8,2234.75
S2,qlearning,0,162,0.1149616794401866,10524.542930815942,5,3251.3085861631885,3279.0
S2,qlearning,0,163,0.11828935395814377,10290.330850838494,4,3188.6661701676985,3357.0
S2,qlearning,0,164,0.13952599388379205,7595.299999888406,1,2330.209999977681,2468.25
S2,qlearning,0,165,0.10541220893643802,10120.5,0,2930.6,3086.5
S2,qlearning,0,166,0.09006391632771645,11030.686380955078,6,4060.47999997142,4434.0
S2,qlearning,0,167,0.11310084825636192,11114.972706626437,15,2982.2228902750726,3031.844402402737
S2,qlearning,0,168,0.14135338345864662,11634.117661549908,2,3207.480596915416,3291.97574614427
S2,qlearning,0,169,0.10371517027863777,9030.049999786112,1,2446.6,2457.0
S2,qlearning,0,170,0.10413276928083307,10447.4166664675,3,3031.5,3153.5
S2,qlearning,0,171,0.10295021511985249,10535.299999885076,1,3101.8799999080597,3207.599999885075
S2,qlearning,0,172,0.09831460674157304,8317.199999929358,1,3035.659999943486,3368.199999929358
S2,qlearning,0,173,0.12778505897771952,10091.021392686609,5,3539.0171143275993,3702.6880596504625
S2,qlearning,0,174,0.12468434343434344,9325.5,0,2638.9,2733.5
S2,qlearning,0,175,0.1322845906328209,8233.599999846117,2,2420.779999876894,2461.599999846118
S2,qlearning,0,176,0.1336990058279054,9086.049999904939,1,2407.5399999239507,2443.5499999049384
S2,qlearning,0,177,0.15630746598013975,8622.0,0,2384.4,2465.0
S2,qlearning,0,178,0.12217470983506414,9615.2,0,2653.7,2723.5
S2,qlearning,0,179,0.1371606334841629,12316.571773891264,4,3807.9,3936.5
S2,qlearning,0,180,0.12152166255723847,9487.885841648042,5,2893.7,2913.0
S2,qlearning,0,181,0.11933174224343675,9258.5,0,2634.8,2661.5
S2,qlearning,0,182,0.09433962264150944,10679.544443855431,6,2568.819999807561,2571.1499997594515
S2,qlearning,0,183,0.0950920245398773,10230.12628188581,2,2780.2199999812196,2874.2749999765247
S2,qlearning,0,184,0.1335725677830941,7882.214285586197,2,2164.5,2237.25
S2,qlearning,0,185,0.15815085158150852,8317.743478010878,4,2485.5199999692236,2534.5
S2,qlearning,0,186,0.09846236849204208,12614.124999893647,1,3687.4849999276794,3718.099999914917
S2,qlearning,0,187,0.12255713812520702,10376.549999952174,1,3332.3399999617386,3737.049999952174
S2,qlearning,0,188,0.13181019332161686,10195.7,0,3203.5,3332.5
S2,qlearning,0,189,0.12714776632302405,9602.75,0,2806.45,2883.5
S2,qlearning,0,190,0.09413908290312785,10846.824999791637,3,3170.099999896815,3244.124999871019
S2,qlearning,0,191,0.1308920919361122,8104.7,0,2534.7799999999997,2746.5
S2,qlearning,0,192,0.11020531400966184,11616.483823424503,1,4498.7,5028.0
S2,qlearning,0,193,0.13717903622933522,10356.898958091628,3,4312.359166552276,4674.948958190346
S2,qlearning,0,194,0.14817491868449584,9895.928092360211,5,3042.342473888169,3259.9280923602114
S2,qlearning,0,195,0.14072566971854866,9814.217592323937,3,3496.5740738591494,3838.217592323937
S2,qlearning,0,196,0.14547413793103448,8791.907800977906,3,2629.9862410972605,2704.107801371576
S2,qlearning,0,197,0.12238325281803543,10212.536491034789,7,3230.6999997771954,3594.249999721495
S2,qlearning,0,198,0.13076923076923078,10410.377875866156,3,3536.109999987874,3702.75
S2,qlearning,0,199,0.15940274414850686,7936.19813017407,8,2817.18621153777,3065.8109754814554
S2,qlearning,0,200,0.13191131069323603,11227.207801245779,3,2912.8,2930.0
S2,qlearning,0,201,0.12457705321439556,11044.582844745397,7,3793.4557355692073,4069.815277674547
S2,qlearning,0,202,0.12009890498057224,8852.649999768633,3,3361.659999869906,3716.449999837383
S2,qlearning,0,203,0.1582931865106676,9311.565776150952,6,2347.44190530743,2379.5
S2,qlearning,0,204,0.13728084684088654,9882.730886264351,6,3792.6787803969587,4119.099999918519
S2,qlearning,0,205,0.11216429699842022,10613.86481432098,6,3216.4529627607826,3244.649999803431
S2,qlearning,0,206,0.17583781547372776,8491.4,0,2795.42,2890.9
S2,qlearning,0,207,0.14386082301773168,10921.454310287032,1,3389.240862057406,3577.75
S2,qlearning,0,208,0.1485857500895095,9047.599999881295,2,2280.719999976259,2384.0
S2,qlearning,0,209,0.12643678160919541,11108.228620216454,4,4039.1186666310755,4486.523333288845
S2,qlearning,0,210,0.1280049953168904,9414.949999804834,3,2477.1799998875554,2493.5999998594443
S2,qlearning,0,211,0.11976047904191617,10226.689439937978,3,3028.1712213209285,3230.0
S2,qlearning,0,212,0.10898775753956405,12193.949999523145,6,4008.4399998409835,4103.599999855616
S2,qlearning,0,213,0.0967741935483871,9338.260123291584,6,2861.1080987489436,3031.0101234361796
S2,qlearning,0,214,0.12337867763366023,10302.099999851249,2,2776.51999997025,2900.0
S2,qlearning,0,215,0.15099087763447624,11515.0,0,3362.0,3509.0
S2,qlearning,0,216,0.1197500867754252,9731.44616148802,7,3515.7269292385417,3766.896161568229
S2,qlearning,0,217,0.13604240282685512,9288.003657153373,6,3230.0744271428953,3549.968033928619
S2,qlearning,0,218,0.14764432647644327,10375.12499986568,2,3555.3599999392104,3774.5749999240134
S2,qlearning,0,219,0.13303769401330376,8474.0,0,2733.1,2947.0
S2,qlearning,0,220,0.13452914798206278,11567.5,0,2902.8,2934.5
S2,qlearning,0,221,0.14576802507836992,10425.7499996997,4,2757.139999956312,2816.04999994539
S2,qlearning,0,222,0.08388157894736842,9623.24999989155,1,3087.8999999999996,3267.0
S2,qlearning,0,223,0.11256720430107527,10775.38599950494,6,3355.678799722623,3573.585999672529
S2,qlearning,0,224,0.12041284403669725,11874.5,0,3133.7,3194.0
S2,qlearning,0,225,0.0858250276854928,11835.87456134189,1,3561.2999999999997,3724.5
S2,qlearning,0,226,0.0700357044767921,12149.088382559923,10,3496.047676513574,3584.7499998951585
S2,qlearning,0,227,0.1124129195693477,10010.854207937646,6,3595.4866998994376,3869.845874890076
S2,qlearning,0,228,0.12968804766912023,8907.533800743278,7,2437.42,2493.4
S2,qlearning,0,229,0.13107511045655376,11655.54999993125,1,3912.7,4264.5
S2,qlearning,0,230,0.15366074118710454,10848.75,0,3538.5999999999995,3878.75
S2,qlearning,0,231,0.11834319526627218,12480.34999986304,2,3088.379999890431,3150.099999863039
S2,qlearning,0,232,0.12319711538461539,9759.0,0,2824.1,2915.5
S2,qlearning,0,233,0.12163050624589086,10186.104411190016,8,3178.7208822344332,3250.549999923
S2,qlearning,0,234,0.102787947057167,11745.049999946154,1,3378.7,3437.0
S2,qlearning,0,235,0.10881010881010882,8976.849991877745,6,2777.2199999797745,2960.0
S2,qlearning,0,236,0.1422963689892051,9246.699999910465,1,2454.2,2508.0
S2,qlearning,0,237,0.12437810945273632,9404.5,0,2319.7999999999997,2379.5
S2,qlearning,0,238,0.1623246492985972,6684.4,0,1821.3,1846.7
S2,qlearning,0,239,0.17448200654307525,8635.0,0,2245.7,2248.5
S2,qlearning,0,240,0.1028687337003767,12053.569878788545,8,3874.5200850186225,4179.599999927014
S2,qlearning,0,241,0.14891179839633448,7591.549999759375,1,2679.6,2845.0
S2,qlearning,0,242,0.11824778285407149,12290.616067621357,4,4711.792854097085,5252.116067621357
S2,qlearning,0,243,0.12141280353200883,9310.938234902498,5,2306.2999999999997,2410.5
S2,qlearning,0,244,0.10752688172043011,9477.428235751418,3,3187.2,3427.5
S2,qlearning,0,245,0.11783960720130933,10914.61267750788,9,3704.915698050335,3924.7321226159183
S2,qlearning,0,246,0.11602722772277228,10896.649999798334,2,3002.8199998386667,3086.1499997983333
S2,qlearning,0,247,0.14263978699125143,8963.274999763127,3,2035.8399999178666,2039.0499998973332
S2,qlearning,0,248,0.1135593220338983,11011.660974967781,6,4027.4321950846493,4360.0
S2,qlearning,0,249,0.10659232535257461,10680.47916604478,7,3568.563333046629,3907.579166308287
S2,qlearning,0,250,0.1414790996784566,10649.749999880256,2,3503.7999999999997,3792.0
S2,qlearning,0,251,0.165,8532.549999918947,1,2149.5099999837894,2154.0
S2,qlearning,0,252,0.13766519823788545,9094.549999911495,1,3084.2999999999997,3274.5
S2,qlearning,0,253,0.14094432699083861,9675.430738720437,8,3226.538647666658,3297.2999998373944
S2,qlearning,0,254,0.1282051282051282,11537.0,0,3686.7999999999997,3896.0
S2,qlearning,0,255,0.11467889908256881,9611.590314115918,5,2654.7099998104745,2702.1249997809173
S2,qlearning,0,256,0.08709677419354839,9698.5,0,3139.7999999999997,3414.5
S2,qlearning,0,257,0.149547422274695,8554.049999791892,1,3001.509999958378,3255.0
S2,qlearning,0,258,0.08787346221441125,9517.5,0,2938.2,3002.0
S2,qlearning,0,259,0.14157458563535913,7986.491453500592,7,2049.0731631650087,2100.841453956261
S2,qlearning,0,260,0.14437689969604864,8002.0,0,2353.9,2450.5
S2,qlearning,0,261,0.1355421686746988,8285.45,0,2676.7,2738.25
S2,qlearning,0,262,0.1022530329289428,10447.834830678377,7,3335.0769661062445,3613.649999820907
S2,qlearning,0,263,0.15806451612903225,10620.19667636745,5,2808.9937795125425,2810.0740737180286
S2,qlearning,0,264,0.13385146804835923,12382.799999429712,3,3361.6099999189473,3423.0
S2,qlearning,0,265,0.10427528675703858,12496.5,0,4462.9,4871.0
S2,qlearning,0,266,0.11988716502115655,8777.11442807898,5,2363.83303721574,2430.0999922306382
S2,qlearning,0,267,0.13157894736842105,9312.0,0,3393.5999999999995,3733.5
S2,qlearning,0,268,0.11984659635666348,9239.670587973087,4,2451.876470478297,2534.070588139466
S2,qlearning,0,269,0.12761020881670534,11212.75,0,3017.2,3061.5
S2,qlearning,0,270,0.14563106796116504,8994.0,0,3251.7999999999997,3545.5
S2,qlearning,0,271,0.16100805040252011,9917.406620283129,6,2973.4099999871664,3070.0
S2,qlearning,0,272,0.16872702973605078,10590.274559312991,4,3407.306274099356,3514.1022703452377
S2,qlearning,0,273,0.13166243654822335,9687.431870487568,7,2320.7846011317806,2374.855751414726
S2,qlearning,0,274,0.17614091273018415,8730.668749412738,4,2172.9837498825473,2291.0
S2,qlearning,0,275,0.14750608272506083,11710.148684006468,3,3335.6399999446708,3555.7999999308386
S2,qlearning,0,276,0.10845295055821372,10977.575316370565,1,3228.6602530964524,3335.075316370566
S2,qlearning,0,277,0.12513218188227002,10006.6,0,3078.04,3155.25
S2,qlearning,0,278,0.08758210822646231,10552.5,0,2890.8,2896.0
S2,qlearning,0,279,0.13759946949602123,10180.75,0,3502.1,3785.75
S2,qlearning,0,280,0.11143410852713179,10083.349999897333,1,3568.6799999178666,3821.8499998973334
S2,qlearning,0,281,0.10378305992634751,10601.099999733457,2,3466.9,3511.75
S2,qlearning,0,282,0.14588859416445624,10249.5,0,3508.2999999999997,3682.5
S2,qlearning,0,283,0.096009600960096,14106.407603019949,7,4009.8260825352336,4203.007603197351
S2,qlearning,0,284,0.11335012594458438,12194.899999542096,3,3628.05999964644,3826.2999995633677
S2,qlearning,0,285,0.10061919504643962,11181.399999772704,3,3578.6099999812195,3717.25
S2,qlearning,0,286,0.10149906308557152,10497.002456355583,5,3238.2404912970774,3357.5
S2,qlearning,0,287,0.12168933428775948,8432.565437360114,6,2209.1049108117613,2242.163083034928
S2,qlearning,0,288,0.09877704609595485,12450.465383454883,9,4576.619999873365,4748.099999889717
S2,qlearning,0,289,0.14058881905391996,9325.199999778546,3,2982.859999822836,3225.199999778545
S2,qlearning,0,290,0.1430013458950202,9011.0,0,2886.2999999999997,3027.5
S2,qlearning,0,291,0.1289742051589682,12774.899999853567,2,4562.799999999999,4969.5
S2,qlearning,0,292,0.11379207625856419,10886.7,0,3650.02,3804.4
S2,qlearning,0,293,0.11875385564466379,11147.75,0,4237.799999999999,4752.25
S2,qlearning,0,294,0.1248097412480974,9678.0,0,2723.1,2734.5
S2,qlearning,0,295,0.12644728823887874,10817.238628617772,3,3389.730902894217,3519.0386286177713
S2,qlearning,0,296,0.1543942992874109,8952.25,0,2452.85,2455.5
S2,qlearning,0,297,0.13584905660377358,8999.78928564106,1,2738.5314285128475,2833.2892856410595
S2,qlearning,0,298,0.1063063063063063,8413.949999846,1,2457.4099999692,2494.0
S2,qlearning,0,299,0.1628489620615605,9071.0,0,3322.4999999999995,3659.0
S2,qlearning,0,300,0.11384615384615385,10952.371052406681,3,3032.266842006934,3041.5210525086677
S2,qlearning,0,301,0.1064516129032258,12483.25,0,3412.1,3545.75
S2,qlearning,0,302,0.10120845921450151,11484.0,0,3122.1,3217.25
S2,qlearning,0,303,0.11053315994798439,9618.5,0,2358.9,2366.5
S2,qlearning,0,304,0.08893280632411067,10144.935925314223,5,2799.7064705394832,2846.4352940969984
S2,qlearning,0,305,0.1133419689119171,9697.153845656105,6,2659.9199998845,2704.399999855625
S2,qlearning,0,306,0.14385964912280702,10422.477773200877,3,3273.785554657098,3404.5
S2,qlearning,0,307,0.14547973675095255,9980.981925904289,3,3345.2999999999997,3521.0
S2,qlearning,0,308,0.1458928005074532,10286.0,0,3532.2,3898.0
S2,qlearning,0,309,0.15655577299412915,9297.874999577825,5,2620.9399997693135,2651.2749997562473
S2,qlearning,0,310,0.14086897488119485,10561.144907443013,3,3369.2399984600015,3478.0
S2,qlearning,0,311,0.14846041055718476,8362.7,0,2523.4,2590.0
S2,qlearning,0,312,0.11498257839721254,10213.516188934747,6,2938.9632378414926,2959.0
S2,qlearning,0,313,0.13559850374064839,11276.049992050352,4,3200.399993739583,3253.6499922158546
S2,qlearning,0,314,0.11641221374045801,8628.641582041864,9,2843.822669738939,2909.890837201174
S2,qlearning,0,315,0.1298061123890897,10774.25,0,3362.7,3507.25
S2,qlearning,0,316,0.15047432122996401,9898.5499999125,1,3555.5,3802.0
S2,qlearning,0,317,0.14620822622107968,9610.75,0,2562.2,2729.0
S2,qlearning,0,318,0.12276785714285714,10320.195994061636,7,3826.799198928751,4186.0
S2,qlearning,0,319,0.1832340815391663,6916.5,0,2108.7,2205.5
S2,qlearning,0,320,0.13107968264918937,9030.570754406019,3,2232.7199999586405,2253.0
S2,qlearning,0,321,0.14363057324840764,10453.00714252614,4,3692.361428464161,3978.5999999315554
S2,qlearning,0,322,0.14959349593495935,10088.19999971863,3,2695.90999998625,2698.5
S2,qlearning,0,323,0.16799132947976878,8465.82625706943,4,2789.2999999999997,2977.0
S2,qlearning,0,324,0.1596806387225549,10106.049999937399,1,3690.6,3945.5
S2,qlearning,0,325,0.12282338308457712,9557.799999712322,3,2554.7099999839584,2643.5
S2,qlearning,0,326,0.1171875,10789.708332617025,5,3137.48,3273.5
S2,qlearning,0,327,0.13225806451612904,8557.199999950322,1,2239.4399999900647,2258.5
S2,qlearning,0,328,0.1137780548628429,9630.5,0,3046.5,3171.5
S2,qlearning,0,329,0.155237120436711,8497.75,0,2451.2999999999997,2522.75
S2,qlearning,0,330,0.15053763440860216,11389.312819960413,4,3779.42,3860.4
S2,qlearning,0,331,0.1540041067761807,8547.0,0,2165.2,2240.5
S2,qlearning,0,332,0.13847675568743817,9169.1,0,2476.9,2506.5
S2,qlearning,0,333,0.13024142312579415,11248.749999834465,2,4027.2999999999997,4476.0
S2,qlearning,0,334,0.14391143911439114,9554.7499996382,3,3207.4799999703846,3456.0
S2,qlearning,0,335,0.12902033271719038,8033.049999928037,1,2335.7799999999997,2408.5
S2,qlearning,0,336,0.16080777860882572,8524.668965168124,4,2426.553792994432,2448.549999910465
S2,qlearning,0,337,0.16573482428115016,9263.95,0,2368.0899999999997,2447.0
S2,qlearning,0,338,0.14549436795994994,11543.54999992451,1,3788.0,3924.0
S2,qlearning,0,339,0.15812776723592664,9639.61953150473,5,2741.4139063154744,2895.0
S2,qlearning,0,340,0.15156107911488328,10776.499999925603,1,3470.4999999851207,3544.0
S2,qlearning,0,341,0.09276729559748427,9032.906856049407,6,2329.7918143445863,2402.8287385389513
S2,qlearning,0,342,0.12849341471249598,10078.0,0,3310.2,3536.0
S2,qlearning,0,343,0.14249843063402384,10964.299999800112,3,3353.0599998400894,3504.199999800112
S2,qlearning,0,344,0.12668377164849262,10619.0999999384,1,3248.1,3332.25
S2,qlearning,0,345,0.14180672268907563,8898.2,0,2977.2,3216.5
S2,qlearning,0,346,0.1394677781340173,9656.284831457286,8,3323.296966059203,3597.249999595684
S2,qlearning,0,347,0.10699001426533523,11134.5,0,2972.9,3027.0
S2,qlearning,0,348,0.13490725126475547,9443.0,0,2834.8,2870.0
S2,qlearning,0,349,0.12102874432677761,10692.81556734588,9,3892.7134204410263,4242.979275609057
S2,qlearning,0,350,0.12445673646779928,8411.549999910465,1,2634.109999982093,2767.5
S2,qlearning,0,351,0.10773899848254932,9804.519064440345,4,2760.9499999652353,2852.0
S2,qlearning,0,352,0.14209591474245115,9401.524999289246,6,2524.0549998826446,2601.8999998842105
S2,qlearning,0,353,0.1438618925831202,10996.624999833322,2,3347.4,3453.5
S2,qlearning,0,354,0.14987244897959184,9550.949999932387,1,2790.7999999999997,2893.0
S2,qlearning,0,355,0.1636958894143325,9723.5,0,3256.2999999999997,3527.5
S2,qlearning,0,356,0.11037527593818984,10813.056817627421,6,2546.0499999245762,2571.5
S2,qlearning,0,357,0.13504501500500166,9587.6,0,2830.7999999999997,2939.5
S2,qlearning,0,358,0.11360368133448374,11950.699999710741,4,3866.0,3906.5
S2,qlearning,0,359,0.136986301369863,9587.549999936364,1,2723.5,2773.0
S2,qlearning,0,360,0.1390625,10262.559886800687,3,3140.047909440549,3268.5598868006864
S2,qlearning,0,361,0.14165943914426135,10639.37999969981,4,3736.8959999740205,4089.5
S2,qlearning,0,362,0.1718625099920064,7724.35,0,2315.85,2324.5
S2,qlearning,0,363,0.11798209926769732,12463.383630767847,5,3291.8588312974807,3333.1368419065193
S2,qlearning,0,364,0.13264669163545567,10784.777846990133,4,2897.9,2976.5
S2,qlearning,0,365,0.17473118279569894,7405.0,0,1851.4,1860.5
S2,qlearning,0,366,0.15578190533253444,11090.5,0,3486.7,3760.5
S2,qlearning,0,367,0.12813667912439936,10952.85882336172,3,2847.006764684697,2915.5
S2,qlearning,0,368,0.13577168190634525,12244.862870991548,3,4310.090296793239,4740.362870991549
S2,qlearning,0,369,0.13349891338093758,11095.0,0,3762.9999999999995,4084.5
S2,qlearning,0,370,0.07664009809932557,9984.834315938246,8,3057.0370528583953,3220.8003161028128
S2,qlearning,0,371,0.14368861404146963,8540.299999762443,3,2660.9899998475153,2663.3499998250445
S2,qlearning,0,372,0.09391771019677997,11523.251212972844,7,3950.240970526772,4333.651213220339
S2,qlearning,0,373,0.11508176862507571,10355.0,0,2864.5,2949.0
S2,qlearning,0,374,0.09240246406570841,11199.165217063484,5,2968.0021738193186,3090.215217327259
S2,qlearning,0,375,0.11314655172413793,8793.555662556946,7,2652.7908188962565,2755.0494772463676
S2,qlearning,0,376,0.13653013653013654,10766.548713686594,7,3433.9773683841154,3610.5
S2,qlearning,0,377,0.12293642430628732,8914.899999800236,3,2454.3199999749986,2600.5
S2,qlearning,0,378,0.11268143621084797,9370.15,0,3948.9999999999995,4385.75
S2,qlearning,0,379,0.09716732542819499,10871.749999864402,2,3440.409999985607,3657.0
S2,qlearning,0,380,0.09339774557165861,10692.25,0,2884.9,2994.0
S2,qlearning,0,381,0.15517863587152653,8378.226935289056,2,2544.8415483290223,2659.676935411278
S2,qlearning,0,382,0.12900065316786413,9564.975333509014,3,2977.609999978904,3179.5
S2,qlearning,0,383,0.10816125860373647,11462.25,0,4131.0,4522.0
S2,qlearning,0,384,0.1398176291793313,9572.75,0,2889.6,3080.75
S2,qlearning,0,385,0.11759020618556701,9597.0,0,3067.5,3315.0
S2,qlearning,0,386,0.08787346221441125,10700.5,0,3075.0,3267.0
S2,qlearning,0,387,0.13734658094681473,10009.0,0,2758.6,2847.0
S2,qlearning,0,388,0.12455516014234876,11119.699999465018,7,3580.7499995974686,3697.8499995074417
S2,qlearning,0,389,0.14826175869120656,9336.94999985227,2,2420.0,2470.0
S2,qlearning,0,390,0.11585193557502119,12778.0,0,4283.2,4552.5
S2,qlearning,0,391,0.13323182337266845,8711.977897554258,8,2287.5503648562903,2381.562956070363
S2,qlearning,0,392,0.1504297994269341,9025.599999769465,3,2938.0599998155726,3053.6999997694656
S2,qlearning,0,393,0.11609907120743033,10517.587285854926,4,2948.2656389541407,3119.4136363052594
S2,qlearning,0,394,0.11280931586608442,9037.160881775282,6,2757.250443557102,2885.7887571488327
S2,qlearning,0,395,0.11952191235059761,9963.874387786487,8,3099.279510476687,3118.4743880958586
S2,qlearning,0,396,0.11373976342129208,10385.488761798775,3,3120.9910094390193,3174.9887617987742
S2,qlearning,0,397,0.1491691842900302,7677.549999909412,1,2142.2,2177.5
S2,qlearning,0,398,0.10300429184549356,11601.774999708276,4,3301.5199998894263,3515.6499998617833
S2,qlearning,0,399,0.1275127512751275,12099.341666231638,6,3461.903333141795,3487.9416664272435
S2,qlearning,0,400,0.10183299389002037,11304.5,0,3257.7,3299.0
S2,qlearning,0,401,0.11048754822869168,9811.018176992842,12,2989.913276779798,3136.2160688899144
S2,qlearning,0,402,0.09973839110529759,9568.0,0,2756.1,2803.0
S2,qlearning,0,403,0.10058675607711651,12827.631662950254,7,3441.2237846814696,3550.3579557419766
S2,qlearning,0,404,0.1259946949602122,10551.12699962611,4,2974.9,3068.5
S2,qlearning,0,405,0.11532125205930807,9268.049999942104,1,2735.739999953684,2882.5499999421054
S2,qlearning,0,406,0.11289823693164244,10593.961421872402,8,3008.8999999999996,3236.5
S2,qlearning,0,407,0.08936825885978428,10276.0,0,3360.2,3636.5
S2,qlearning,0,408,0.13842561707805204,9228.507793349501,9,2642.6480291347893,2648.444117393507
S2,qlearning,0,409,0.13920733704552898,9979.0,0,2924.5,3008.5
S2,qlearning,0,410,0.09259259259259259,11100.5,0,3249.6,3323.5
S2,qlearning,0,411,0.1416382252559727,9086.643517741335,10,2761.214814596033,2955.093518327298
S2,qlearning,0,412,0.13309352517985612,8865.278853406122,4,2703.493082761564,2791.728853467233
S2,qlearning,0,413,0.10976773783009863,10447.376922681487,5,3715.5615382429683,4012.8269228037107
S2,qlearning,0,414,0.1061836352279825,10492.316666118011,7,3229.793333169452,3396.1166664618154
S2,qlearning,0,415,0.09978507829290759,11002.129707034743,6,3358.869941461916,3476.0499999486665
S2,qlearning,0,416,0.11990407673860912,9921.909826424204,3,2975.367861139364,3037.309826424205
S2,qlearning,0,417,0.11976047904191617,10883.549999920619,1,3132.7099999841234,3300.5
S2,qlearning,0,418,0.07429655390452103,10536.561349000416,4,3241.2890792577246,3385.4613490960687
S2,qlearning,0,419,0.11928429423459244,9110.851436134046,8,2572.4799998721164,2630.5999998401458
S2,qlearning,0,420,0.11534764498558155,11307.48620629075,7,3555.4089651939335,3700.886206492417
S2,qlearning,0,421,0.15768725361366623,9750.5,0,3984.8999999999996,4271.5
S2,qlearning,0,422,0.13157894736842105,8996.127436625133,5,3327.761949406227,3728.077436757784
S2,qlearning,0,423,0.11075949367088607,10348.676470406868,3,3159.789999988062,3253.85
S2,qlearning,0,424,0.1403678606001936,10749.09999985813,2,4146.309999984902,4636.0
S2,qlearning,0,425,0.12093523246439129,12073.221803357019,4,3600.687442776385,3665.5718035083023
S2,qlearning,0,426,0.14012061014544164,9334.333333333334,0,3094.4666666666662,3288.833333333333
S2,qlearning,0,427,0.09973599295981227,12513.441766079495,6,3563.503413011812,3734.1917662999886
S2,qlearning,0,428,0.1769746646795827,8186.549999946897,1,2629.7,2838.5
S2,qlearning,0,429,0.1402974983096687,10137.199999907229,1,3147.839999925783,3283.799999907229
S2,qlearning,0,430,0.12955313556139691,8936.66895493652,4,3036.6762961299496,3205.845370162437
S2,qlearning,0,431,0.1736111111111111,10141.8,0,2941.2,2956.0
S2,qlearning,0,432,0.12376237623762376,10027.799999652367,3,3531.3399998497557,3733.049999812195
S2,qlearning,0,433,0.14112903225806453,10589.878571289797,2,3208.1,3374.5
S2,qlearning,0,434,0.15275952693823916,9678.0,0,2946.4,3015.5
S2,qlearning,0,435,0.14730176211453744,11685.0,0,3772.2,4029.5
S2,qlearning,0,436,0.16924088070982582,12205.3,0,4764.259999999999,5176.0
S2,qlearning,0,437,0.10773130544993663,10878.774999667261,5,3113.9199999711745,3133.5
S2,qlearning,0,438,0.11412504134965266,8404.0,0,2359.6,2480.5
S2,qlearning,0,439,0.13901345291479822,11076.959506860554,6,3581.6729608940364,3746.1350992032094
S2,qlearning,0,440,0.10984699882306787,8428.890425274296,3,2534.83999995072,2595.0499999384
S2,qlearning,0,441,0.11494252873563218,11267.999999654185,4,3062.564999828371,3241.9499997902058
S2,qlearning,0,442,0.15514018691588785,8299.5,0,2615.6,2648.5
S2,qlearning,0,443,0.10439054344488793,11740.166666666666,0,3753.333333333333,3966.6666666666665
S2,qlearning,0,444,0.09630818619582665,9280.802884463927,3,2385.642307571141,2435.802884463926
S2,qlearning,0,445,0.09472049689440994,9713.16217216431,11,2995.572435869037,3138.5999998017974
S2,qlearning,0,446,0.1259360108917631,9712.14673129713,4,3288.019999929235,3436.524999911544
S2,qlearning,0,447,0.155959896026736,8857.75,0,2337.2,2346.75
S2,qlearning,0,448,0.15515515515515516,10422.528968492348,4,3493.5699999999997,3786.5
S2,qlearning,0,449,0.10567632850241546,12404.12574237616,6,4196.054999995497,4289.5
S2,qlearning,0,450,0.1202335967021642,10270.23976017099,4,2819.0,2945.5
S2,qlearning,0,451,0.143522110162917,9090.449999877777,1,2485.7,2601.5
S2,qlearning,0,452,0.14056224899598393,7886.599999441951,5,2401.3799999811044,2413.5
S2,qlearning,0,453,0.11934011934011934,9377.75,0,2957.75,3056.5
S2,qlearning,0,454,0.09759759759759759,10613.0,0,3353.2999999999997,3490.5
S2,qlearning,0,455,0.10925819436457734,11234.049999942104,1,3177.9,3183.5
S2,qlearning,0,456,0.14925373134328357,9794.9,0,2641.4,2719.5
S2,qlearning,0,457,0.11875761266747868,9854.528794677002,6,3030.6053845441443,3225.0999999309415
S2,qlearning,0,458,0.17506252232940336,8826.349999857408,1,2235.7400000000002,2236.8
S2,qlearning,0,459,0.12075259758494805,11557.899999823056,2,3399.2999999999997,3480.0
S2,qlearning,0,460,0.1889483065953654,8950.170102520413,7,2853.7999999999997,2910.0
S2,qlearning,0,461,0.12867090523766272,11311.75,0,3553.1499999999996,3803.0
S2,qlearning,0,462,0.13588850174216027,10300.399999794305,2,3443.6499999999996,3617.5
S2,qlearning,0,463,0.14482515012363123,9364.099999899347,1,2523.9799999194775,2552.5999998993466
S2,qlearning,0,464,0.10524755410613697,11007.54999983369,3,3128.089999866953,3251.7999998336913
S2,qlearning,0,465,0.08295380611581002,10364.927412197418,4,2663.5,2668.0
S2,qlearning,0,466,0.14015748031496064,9296.0624996417,5,2801.549999836353,2938.412499830444
S2,qlearning,0,467,0.10935023771790808,10249.0,0,2542.5,2566.0
S2,qlearning,0,468,0.09062003179650238,10364.722548870817,2,3281.2445097741634,3512.0
S2,qlearning,0,469,0.12375533428165007,11262.106949998988,6,3299.5913900117357,3378.8
S2,qlearning,0,470,0.09662532448803,10907.137115352936,4,3622.4096922823496,3943.637115352937
S2,qlearning,0,471,0.12321428571428572,10298.497042472742,5,2983.914999981667,3036.0
S2,qlearning,0,472,0.12491444216290212,10462.332691993626,5,3484.1665384286534,3600.5
S2,qlearning,0,473,0.14570858283433133,7854.493351091249,6,2064.5713018504284,2181.5
S2,qlearning,0,474,0.1239193083573487,10118.5,0,2924.4,3004.5
S2,qlearning,0,475,0.17403915881073242,7807.0,0,1960.7,1982.0
S2,qlearning,0,476,0.14754703061600885,9315.3499995625,2,3510.8199999125,3836.25
S2,qlearning,0,477,0.12638888888888888,12818.524999723026,4,3912.4199998822537,4022.874999874692
S2,qlearning,0,478,0.13286499694563225,10872.705911870902,7,2900.7299999447678,2901.699999935021
S2,qlearning,0,479,0.13940520446096655,10602.399999904348,1,2890.0399999234783,2974.099999904348
S2,qlearning,0,480,0.13288009888751545,9553.0,0,2658.6,2739.0
S2,qlearning,0,481,0.12413793103448276,9196.078254301938,10,2627.916935342177,2694.0499999125
S2,qlearning,0,482,0.1832365747460087,8940.53522734599,5,3027.965882306172,3150.138235255143
S2,qlearning,0,483,0.15538461538461537,10447.2689185063,4,3168.679999981219,3403.8499999765245
S2,qlearning,0,484,0.15423728813559323,8021.1617030789475,5,2002.51658715685,2004.090410882323
S2,qlearning,0,485,0.13322368421052633,9395.649999787507,3,2540.01999997203,2576.0
S2,qlearning,0,486,0.13435374149659865,11446.909258984795,4,4313.377407323362,4606.559259210672
S2,qlearning,0,487,0.1634683724235963,7602.672175730398,4,1817.5344351460794,1821.0
S2,qlearning,0,488,0.1608139153265507,8758.063452658567,5,2345.4029845864147,2364.4838234245026
S2,qlearning,0,489,0.15469824293353704,8436.916249740214,4,2458.3012499605156,2607.5
S2,qlearning,0,490,0.14322087842138764,8638.599239809557,9,2461.5738214609355,2507.649999788194
S2,qlearning,0,491,0.17325973627721558,9989.59999992143,1,3584.8799999371427,3887.0999999214287
S2,qlearning,0,492,0.16193656093489148,9424.707471019581,3,2762.7199999677264,2890.0
S2,qlearning,0,493,0.1340745585349902,9390.831510398244,4,2725.7067468679165,2811.508433584896
S2,qlearning,0,494,0.1141552511415525,12366.083333333334,0,3710.55,3754.0
S2,qlearning,0,495,0.12138188608776844,10324.462499857249,3,2940.9099999900645,3044.0
S2,qlearning,0,496,0.12051915945611867,10485.54999993063,1,3279.7999999999997,3491.0
S2,qlearning,0,497,0.1590594744121715,8327.484831139027,4,2719.287864911221,2874.4848311390265
S2,qlearning,0,498,0.14543630892678033,8267.749999635991,5,2263.6399999610126,2311.549999951266
S2,qlearning,0,499,0.11306158881285332,11233.423436683952,9,4013.3296873290337,4313.624999896052
S2,qlearning,0,500,0.1465798045602606,10430.959140799736,7,3063.9001450244186,3165.7632910726165
S2,qlearning,0,501,0.12904228855721392,11337.0,0,2872.4,2888.0
S2,qlearning,0,502,0.15011547344110854,10308.099999805298,2,3157.8599998442382,3341.199999805298
S2,qlearning,0,503,0.14426229508196722,9865.024999952273,1,2591.9,2661.5
S2,qlearning,0,504,0.16709511568123395,8504.049992086197,3,2374.62,2424.4
S2,qlearning,0,505,0.13474667624865252,8708.130850532225,5,2548.10468042578,2581.630850532225
S2,qlearning,0,506,0.15541740674955595,10664.304310129099,3,2840.4,2851.5
S2,qlearning,0,507,0.15328970031002412,9157.649999815962,2,2713.719999852769,2788.1499998159616
S2,qlearning,0,508,0.13737231419513912,10180.0,0,3164.7,3378.5
S2,qlearning,0,509,0.10568260568260568,8621.906410003552,3,2495.745128131216,2600.8064101640202
S2,qlearning,0,510,0.09967271645343648,12225.60645150493,2,3176.1851612039436,3230.8564515049297
S2,qlearning,0,511,0.11650804069576633,9919.129439599206,3,3577.3035516793652,3961.6294395992068
S2,qlearning,0,512,0.11256464861575904,11837.194475660848,12,3515.281910285522,3627.066136318005
S2,qlearning,0,513,0.10114734299516909,10843.25,0,3110.7,3194.75
S2,qlearning,0,514,0.14339622641509434,9090.75,0,2518.4,2567.5
S2,qlearning,0,515,0.13361462728551335,8937.549999930001,1,2985.2999999999997,3119.5
S2,qlearning,0,516,0.125128556736373,10076.8321298715,7,3101.4099999856076,3202.0
S2,qlearning,0,517,0.11707172495554238,10912.34999979326,2,3366.5799998346083,3374.8499997932604
S2,qlearning,0,518,0.10151515151515152,12227.5,0,3514.9,3576.5
S2,qlearning,0,519,0.12855673637298595,10095.149999811501,2,2997.649999954443,3059.7749999803573
S2,qlearning,0,520,0.1181896800230614,10165.5,0,2873.6,2909.0
S2,qlearning,0,521,0.138656866020715,10248.168440504794,9,2740.2747528088453,2754.9684410110567
S2,qlearning,0,522,0.14316174230886383,11276.049999809024,2,4713.999999999999,5376.25
S2,qlearning,0,523,0.08380681818181818,11755.487997329508,4,3292.0,3412.0
S2,qlearning,0,524,0.11422136422136422,10271.0,0,3115.9,3196.5
S2,qlearning,0,525,0.12811867835468643,10018.4,0,4038.2999999999993,4619.0
S2,qlearning,0,526,0.11965811965811966,8997.0,0,2325.9,2385.5
S2,qlearning,0,527,0.07959479015918958,9709.25,0,2677.2,2772.25
S2,qlearning,0,528,0.14609831557236164,10230.643749577925,3,2998.578749915585,3230.0
S2,qlearning,0,529,0.12163050624589086,10245.568737941652,3,2465.8,2478.5
S2,qlearning,0,530,0.10398098633392751,10542.998437142236,6,2937.8999999504604,2992.5
S2,qlearning,0,531,0.11768901569186876,10494.9,0,3119.2799999999997,3182.0
S2,qlearning,0,532,0.1264337851929093,12910.214473394808,5,3758.074999970856,3804.5
S2,qlearning,0,533,0.12569832402234637,11183.0,0,3583.2,3742.0
S2,qlearning,0,534,0.14486391571553994,10377.75,0,3118.8,3123.75
S2,qlearning,0,535,0.13150609080841638,11362.0,0,4012.7,4289.0
S2,qlearning,0,536,0.14585045193097781,7773.086198726295,6,2938.068965415677,3240.4862067695967
S2,qlearning,0,537,0.11804384485666104,11974.671872609415,4,3804.8179659556,4097.5224574445
S2,qlearning,0,538,0.15035286897821418,10542.691081688754,3,3038.7383333160915,3062.9
S2,qlearning,0,539,0.16725635252492763,8982.0,0,2380.4,2420.5
S2,qlearning,0,540,0.1394204483324221,12913.524999888888,2,4432.819999911111,4738.024999888889
S2,qlearning,0,541,0.1251472320376914,11744.833333217459,2,3272.659999986724,3330.5
S2,qlearning,0,542,0.11135508155583437,10908.809409753143,8,3369.042713376917,3552.915891768098
S2,qlearning,0,543,0.11862776530939403,10402.25,0,2799.2999999999997,2878.25
S2,qlearning,0,544,0.16302334197851057,7941.5,0,2454.1,2499.5
S2,qlearning,0,545,0.1473748848633712,10734.199999703924,4,3193.7999999999997,3354.0
S2,qlearning,0,546,0.14329738058551617,10911.961672861476,6,2918.3423345960027,2936.5
S2,qlearning,0,547,0.15701668302257116,10427.699999843488,2,2799.8899999686973,2869.0
S2,qlearning,0,548,0.14295799505824214,8863.649999855674,2,3182.5199998845396,3446.6499998556747
S2,qlearning,0,549,0.16168771173390822,10178.662820017342,3,3088.3999999999996,3246.5
S2,qlearning,0,550,0.15326975476839236,10646.893592589367,5,3152.1748741318866,3248.343592664858
S2,qlearning,0,551,0.154273372415921,9918.0,0,2970.3999999999996,3151.5
S2,qlearning,0,552,0.14303877940241577,10017.9,0,2884.3999999999996,3073.0
S2,qlearning,0,553,0.1291454081632653,10895.2883174305,7,3109.9399999474995,3259.6749999343747
S2,qlearning,0,554,0.13382779748468235,9963.149999704852,3,2935.0,3104.5
S2,qlearning,0,555,0.18948873793350018,9719.7,0,2804.2999999999997,2935.75
S2,qlearning,0,556,0.1443609022556391,11682.420976912688,2,3324.7433333005256,3348.1166666256568
S2,qlearning,0,557,0.11249030256012413,12043.299999813766,3,3693.0,3925.0
S2,qlearning,0,558,0.1368510158013544,10481.247450014209,5,2596.0875247456065,2622.0
S2,qlearning,0,559,0.17465753424657535,9826.099999845861,2,3484.2,3833.0
S2,qlearning,0,560,0.18835616438356165,9128.456185495812,1,2539.7312370991626,2544.5
S2,qlearning,0,561,0.2047713717693837,7677.1,0,2205.3,2245.0
S2,qlearning,0,562,0.15832805573147563,11090.959356356208,4,3710.4818711600506,3968.649999814682
S2,qlearning,0,563,0.15354747617366749,9343.2,0,3804.1599999999994,4190.2
S2,qlearning,0,564,0.149983697424193,10133.08019882198,3,2792.696039790278,2859.0
S2,qlearning,0,565,0.15838509316770186,11291.087056136766,7,3317.497411237286,3342.099999972302
S2,qlearning,0,566,0.16423357664233576,10648.45,0,3311.8599999999997,3474.2
S2,qlearning,0,567,0.13687600644122383,10148.624678971213,7,3150.501602491867,3269.0
S2,qlearning,0,568,0.14127144298688193,9784.932638212209,7,3315.4565274274228,3388.249999641635
S2,qlearning,0,569,0.1626567265333785,10902.169642571347,3,4867.315714132199,5639.019642665249
S2,qlearning,0,570,0.18747656542932134,8484.813887684806,7,2686.324999875647,2728.649999850322
S2,qlearning,0,571,0.14666267584555523,12181.879316187522,6,3443.0034529500167,3449.379316187521
S2,qlearning,0,572,0.14956625785222855,12568.09999988921,1,3323.4,3337.0
S2,qlearning,0,573,0.10835913312693499,9070.14999979939,3,2662.859999929282,2769.5499999490066
S2,qlearning,0,574,0.09336099585062241,11911.75,0,3400.7,3627.5
S2,qlearning,0,575,0.11504424778761062,11615.574453065467,7,3770.7346807073895,3973.793350884237
S2,qlearning,0,576,0.14727272727272728,8028.894077540803,4,2118.8,2167.5
S2,qlearning,0,577,0.15456506110711718,9417.049999751076,3,2997.42,3148.9
S2,qlearning,0,578,0.16368022053756032,9878.924999585615,4,2699.819999828357,2764.624999852057
S2,qlearning,0,579,0.1303200263939294,9686.216666584753,1,2860.2,3063.5
S2,qlearning,0,580,0.165860400829302,9512.299991738564,6,3008.009999985871,3178.0
S2,qlearning,0,581,0.11741973840665874,11017.110105652888,5,3735.722021130577,3991.0
S2,qlearning,0,582,0.12536023054755044,11681.775055487984,8,3722.964888728958,4004.794444308662
S2,qlearning,0,583,0.13630731102850063,9373.19999972963,4,2692.849999949708,2734.049999952174
S2,qlearning,0,584,0.10815822002472188,12381.074382562298,2,3382.2595060498375,3382.5743825622967
S2,qlearning,0,585,0.15740443302280757,10523.604424305278,4,3033.083539444223,3036.6044243052784
S2,qlearning,0,586,0.14185527574115397,10067.499999471724,4,3009.5399995893476,3106.8999994916717
S2,qlearning,0,587,0.15767131594906003,12598.146384650336,5,4690.209276951163,4990.0
S2,qlearning,0,588,0.1088289393010423,11708.604048105995,8,3272.257228865355,3422.659036122084
S2,qlearning,0,589,0.1551780463900686,9263.65,0,2803.5,2803.75
S2,qlearning,0,590,0.14400743264168472,10379.231140915339,4,2910.5399999503225,2937.549999937903
S2,qlearning,0,591,0.14029850746268657,10653.599999771153,2,3237.7099999892307,3344.0
S2,qlearning,0,592,0.20179372197309417,7418.566666220174,2,2490.52,2617.4
S2,qlearning,0,593,0.1669266770670827,9660.545854402777,3,3000.109170880555,3081.5
S2,qlearning,0,594,0.11378002528445007,10087.351704389803,14,2861.5411832070145,3005.85199994148
S2,qlearning,0,595,0.13943569553805774,8902.8,0,2395.36,2430.0
S2,qlearning,0,596,0.14295212765957446,10127.299999779709,3,3255.5399999866363,3382.0
S2,qlearning,0,597,0.14823079375199236,11260.5,0,3698.5,3967.75
S2,qlearning,0,598,0.17770034843205576,10246.96666640812,2,2923.813333333333,2990.8166666666666
S2,qlearning,0,599,0.15251745681734658,8413.2,0,2727.0,2948.0
S2,qlearning,0,600,0.12954876273653565,11918.63862277184,4,3432.370898335933,3459.588622919916
S2,qlearning,0,601,0.19223859144807762,9286.68597533368,3,2400.9171950847476,2405.5
S2,qlearning,0,602,0.15352407536636428,8628.0,0,2950.1,3232.5
S2,qlearning,0,603,0.13662790697674418,9460.146788741307,4,2538.7193577616526,2569.0
S2,qlearning,0,604,0.15764958796130418,9828.630850836285,3,2922.3999999999996,3075.0
S2,qlearning,0,605,0.16129032258064516,10228.09999989452,1,2842.9799999156166,2894.099999894521
S2,qlearning,0,606,0.14571054354944335,10375.624999826156,2,2575.439999906667,2623.0499998833334
S2,qlearning,0,607,0.1447324133288455,8594.062658182198,1,2809.3125316364394,2897.5
S2,qlearning,0,608,0.1354062186559679,8825.221239976634,5,2433.709999985192,2565.0
S2,qlearning,0,609,0.10706340378197998,13624.173009203481,11,4138.412596793939,4150.5
S2,qlearning,0,610,0.13225695637238064,9400.0,0,2693.7,2705.0
S2,qlearning,0,611,0.12017710309930424,9480.897004610846,10,3230.572604090945,3357.8720051572877
S2,qlearning,0,612,0.1449763991908294,8665.149999259333,3,2397.6,2403.5
S2,qlearning,0,613,0.14227642276422764,10239.442797816115,9,2990.600546367387,3178.25
S2,qlearning,0,614,0.14839385474860337,9922.564814327689,5,2834.8399999468966,2996.5499999336207
S2,qlearning,0,615,0.11721159777914868,11383.974329027396,5,3559.5099999853333,3708.0
S2,qlearning,0,616,0.12617370892018778,10496.969662854273,1,2989.4757302834187,3047.4696628542733
S2,qlearning,0,617,0.1437371663244353,9584.756733840732,5,3395.391346792115,3641.0
S2,qlearning,0,618,0.16964611455673112,7951.8,0,2294.3,2346.0
S2,qlearning,0,619,0.1813186813186813,8135.6109755273055,1,2073.4,2097.0
S2,qlearning,0,620,0.12135922330097088,11784.924831525814,10,3217.3049663704505,3237.0
S2,qlearning,0,621,0.11856368563685638,9766.799999870973,2,3028.8199999741946,3086.5
S2,qlearning,0,622,0.10063082006608591,10668.782651081436,8,3055.462497911583,3144.626612736044
S2,qlearning,0,623,0.13376036171816127,9021.925775991027,9,2704.442928912069,2799.916161174461
S2,qlearning,0,624,0.11474379126060986,10663.112820345446,2,3777.2,4081.5
S2,qlearning,0,625,0.10682574916759156,12484.461863560673,9,3841.6845204558717,4092.7999999613066
S2,qlearning,0,626,0.11528449237634808,9525.609320486066,6,3734.1692324961605,4198.078947204233
S2,qlearning,0,627,0.10216168196624223,11366.687032404709,5,4152.729629085355,4596.5370363566935
S2,qlearning,0,628,0.12796208530805686,9272.13654740208,4,2574.4,2626.5
S2,qlearning,0,629,0.15065579581708613,7717.63176874812,3,1996.0,2046.0
S2,qlearning,0,630,0.1574411667219092,10746.833333333334,0,3699.266666666666,4044.333333333333
S2,qlearning,0,631,0.14641057934508817,8713.790120466869,5,2609.9306557110785,2706.0
S2,qlearning,0,632,0.1309148264984227,11865.972548876522,2,3290.5,3294.0
S2,qlearning,0,633,0.12051734273956496,9976.5,0,2866.0,2952.0
S2,qlearning,0,634,0.14018691588785046,10211.459740567772,4,3097.7719481431695,3279.0
S2,qlearning,0,635,0.14538770053475936,10064.037499514307,5,3386.6,3706.75
S2,qlearning,0,636,0.16498784300104202,8968.25,0,2828.7,2982.25
S2,qlearning,0,637,0.136986301369863,11208.299999794986,3,3776.7,3963.0
S2,qlearning,0,638,0.15849182515849183,10007.849999926666,1,3752.849999985333,4129.8
S2,qlearning,0,639,0.14823965410747375,11544.5,0,3667.2999999999997,3967.0
S2,qlearning,0,640,0.16005121638924455,9012.049999948667,1,2604.309999989733,2700.5
S2,qlearning,0,641,0.13936682725395733,9925.049999679166,1,3813.7,4306.5
S2,qlearning,0,642,0.1687909059593524,8348.064977187403,6,2490.071981854783,2630.964977318479
S2,qlearning,0,643,0.1585014409221902,10901.599999852375,2,2937.419999970475,2977.0
S2,qlearning,0,644,0.16207209936382913,11046.674868839093,4,3848.0674343816013,4168.087434356305
S2,qlearning,0,645,0.15741895261845387,10557.099999766184,2,3592.2999999999997,3805.0
S2,qlearning,0,646,0.13434579439252337,10965.185293763698,7,3524.858235112835,3764.0352939334925
S2,qlearning,0,647,0.18595703751202308,9412.085377060697,3,2830.7283017463355,2901.5353771829195
S2,qlearning,0,648,0.16444154998371865,9253.049999935833,1,2857.339999948667,2935.5499999358335
S2,qlearning,0,649,0.1792485349879352,8673.749999925243,1,2592.739999940194,2711.549999925243
S2,qlearning,0,650,0.1300887664524028,12471.098236461645,10,2996.955672832711,3064.862820304659
S2,qlearning,0,651,0.1623083859332732,12862.75,0,3290.2,3291.0
S2,qlearning,0,652,0.17393042782886844,9507.074999536575,2,3318.079999870648,3607.774999938889
S2,qlearning,0,653,0.14380530973451328,11611.04230744385,4,4230.67384595508,4306.34230744385
S2,qlearning,0,654,0.11807447774750227,10274.031185039998,6,2969.724948031999,3015.5311850399985
S2,qlearning,0,655,0.11017204950196197,11247.87721085045,10,3393.7316496629305,3417.5260869274102
S2,qlearning,0,656,0.19069412662090007,8220.6,0,3043.2999999999997,3347.5
S2,qlearning,0,657,0.16289437585733882,9664.299999648205,2,3303.659999929641,3436.5
S2,qlearning,0,658,0.1340745585349902,9343.0,0,2801.8999999999996,2997.0
S2,qlearning,0,659,0.14560260586319218,9863.561538145173,5,3026.4292305989934,3058.2615382832646
S2,qlearning,0,660,0.15846257585974377,8923.5,0,2554.5,2623.0
S2,qlearning,0,661,0.13898421413864104,9064.889722576854,3,2593.9617780614835,2660.6397225768546
S2,qlearning,0,662,0.17550857598723574,7573.870429782074,3,2026.0363439749929,2094.7704300309633
S2,qlearning,0,663,0.12646793134598014,10755.75,0,3142.1,3158.25
S2,qlearning,0,664,0.15690714978971207,9653.4,0,3154.22,3287.4
S2,qlearning,0,665,0.2177348551360843,7522.85,0,2347.13,2416.4
S2,qlearning,0,666,0.17700501253132833,10284.0,0,3329.1,3400.0
S2,qlearning,0,667,0.1925872093023256,7788.514285573177,1,2092.3,2135.0
S2,qlearning,0,668,0.16450648055832504,8646.574999927812,1,2657.95999994225,2833.5749999278123
S2,qlearning,0,669,0.16223231667748214,10616.299999908333,1,3131.2,3381.25
S2,qlearning,0,670,0.15505168389463153,8660.649999921428,1,2210.7799999999997,2238.6
S2,qlearning,0,671,0.18930523028883683,8685.249999299185,6,2819.0899997022084,2824.8999997372853
S2,qlearning,0,672,0.15127388535031847,9518.0,0,2856.3999999999996,3026.5
S2,qlearning,0,673,0.1486697965571205,10766.536144029127,7,3498.7299999699344,3649.5
S2,qlearning,0,674,0.15539891060557515,8452.54999923,1,2132.2,2149.0
S2,qlearning,0,675,0.1477832512315271,11210.34999989522,2,3860.3999999999996,4032.0
S2,qlearning,0,676,0.09386382740263378,11061.561453932716,5,3031.4165852537535,3170.895731567192
S2,qlearning,0,677,0.09540034071550256,9898.703958817552,5,2786.9825335831847,2981.1031669789813
S2,qlearning,0,678,0.10211267605633803,9039.054207517056,7,2820.1394337222723,2968.286792192126
S2,qlearning,0,679,0.13994910941475827,10392.23485398843,3,3800.8269707976856,4132.0
S2,qlearning,0,680,0.09958239640218439,9239.5,0,2524.4,2618.5
S2,qlearning,0,681,0.07958008804605486,10634.507246012708,4,3424.570579598897,3656.865217327259
S2,qlearning,0,682,0.07850834151128558,10393.849999657345,4,2692.329999931469,2719.1
S2,qlearning,0,683,0.12432795698924731,10559.099999844537,2,3103.2,3144.5
S2,qlearning,0,684,0.1257396449704142,7947.199999509506,5,2045.5399998509185,2097.5499998136484
S2,qlearning,0,685,0.1433389544688027,9130.149999609122,3,2501.839999813333,2542.5499997666666
S2,qlearning,0,686,0.12265978050355068,11065.71184182979,3,3031.3221051160626,3138.1401314177256
S2,qlearning,0,687,0.15969162995594713,7408.3278758914,3,2036.4799998754409,2099.5999998443012
S2,qlearning,0,688,0.14553990610328638,11021.002380907126,1,2908.301904725701,2995.5023809071267
S2,qlearning,0,689,0.15151515151515152,9967.14999984228,2,3675.5999999348146,4066.999999918519
S2,qlearning,0,690,0.16262975778546712,10200.758332857602,5,3128.234999903037,3284.099999885926
S2,qlearning,0,691,0.17142857142857143,8641.78483123388,3,2571.6278649871024,2671.2848312338783
S2,qlearning,0,692,0.13394264103372203,10202.477721649442,12,2956.5866492779332,3018.270811604878
S2,qlearning,0,693,0.17582792762034824,8768.732814167071,4,2778.466562833414,2877.0
S2,qlearning,0,694,0.15610066900286715,10339.549999938889,1,2849.0,2898.0
S2,qlearning,0,695,0.13440860215053763,11395.624999894808,1,3166.3799999326775,3325.099999915847
S2,qlearning,0,696,0.12496324610408703,10677.756099872013,6,3330.4312199860688,3598.0
S2,qlearning,0,697,0.16722408026755853,10431.7,0,2705.2,2760.5
S2,qlearning,0,698,0.17823639774859287,8692.206443613431,5,2700.499999957517,2833.1999999468967
S2,qlearning,0,699,0.18518518518518517,9094.69810246157,4,2665.1584820257704,2752.448102532213
S2,qlearning,0,700,0.1707872478854912,10401.674999633453,5,3671.1899999015377,4088.574999934746
S2,qlearning,0,701,0.14256269323256612,9026.403837664053,8,2902.449165500819,2947.3328854787233
S2,qlearning,0,702,0.1346319106273274,10710.0,0,3177.5,3312.0
S2,qlearning,0,703,0.1360655737704918,10406.0,0,3188.9,3313.0
S2,qlearning,0,704,0.14299182903834068,10666.788059174378,7,3780.247611916701,4177.5
S2,qlearning,0,705,0.14635603345280765,10804.0,0,3216.2,3247.5
S2,qlearning,0,706,0.12281835811247575,10019.720175171457,4,2572.9440350342916,2582.0
S2,qlearning,0,707,0.13939838591342626,7488.762145856515,5,2280.3052723881133,2364.1315904851417
S2,qlearning,0,708,0.10980966325036604,10752.625263476377,5,3442.938082052176,3662.8726025793744
S2,qlearning,0,709,0.12525389302640488,9917.590039259723,4,2831.317037006474,2957.5
S2,qlearning,0,710,0.14492753623188406,9157.630460779455,4,2755.338638358233,2927.423297947791
S2,qlearning,0,711,0.11908993956629932,9698.299992161898,3,2947.679998432379,3121.7
S2,qlearning,0,712,0.13078826440438318,9188.65019099664,5,2315.901492425326,2323.8768655316576
S2,qlearning,0,713,0.16614200769499826,8207.549999910465,1,2223.309999982093,2247.5
S2,qlearning,0,714,0.15482054890921887,8190.3,0,2902.6,3112.0
S2,qlearning,0,715,0.1289237668161435,8659.59999970413,4,2864.8399997633046,3078.699999704131
S2,qlearning,0,716,0.13278688524590163,10036.32104304363,2,3042.2568344349042,3100.32104304363
S2,qlearning,0,717,0.15971439308530627,9330.717807652698,5,2972.6171230660098,2984.622602507265
S2,qlearning,0,718,0.13009404388714735,8841.486619138068,6,2389.769295616137,2434.336619520171
S2,qlearning,0,719,0.12425149700598802,12182.449999542874,3,3245.7099999614998,3409.75
S2,qlearning,0,720,0.21446078431372548,6877.9,0,2025.0,2129.0
S2,qlearning,0,721,0.17052136417091338,8348.317363693133,13,2715.114261886379,2881.017827357974
S2,qlearning,0,722,0.13170731707317074,10229.332134007775,7,2548.425454309718,2590.881817931071
S2,qlearning,0,723,0.1643706950532248,9126.5,0,2510.7,2545.0
S2,qlearning,0,724,0.19032921810699588,8615.825362267087,1,2848.166666666666,2987.333333333333
S2,qlearning,0,725,0.14470782800441015,11202.184159546538,6,3432.0398436709884,3526.300421881433
S2,qlearning,0,726,0.14481222151495862,10476.885975169364,5,2670.8487802273917,2823.3109752842397
S2,qlearning,0,727,0.15234124438742783,10039.5,0,2933.7,3051.5
S2,qlearning,0,728,0.1771255060728745,10525.19687470539,3,3311.45,3458.25
S2,qlearning,0,729,0.17779164067373673,8529.81170189697,3,2310.7623403793937,2338.0
S2,qlearning,0,730,0.17715858273133814,8384.995730229648,4,2521.219999969664,2544.0
S2,qlearning,0,731,0.16764322916666666,8984.3,0,2468.2,2550.5
S2,qlearning,0,732,0.16344229486324216,10956.947951224083,8,3601.8254393770376,3816.5886958779565
S2,qlearning,0,733,0.17529215358931552,9978.849999860904,2,2829.6799998887223,2922.349999860903
S2,qlearning,0,734,0.18115942028985507,8812.62777407416,8,3105.2511938565926,3403.0514923385654
S2,qlearning,0,735,0.15578389128273118,9523.28653805443,5,2481.4423075100945,2521.6499998232243
S2,qlearning,0,736,0.13842746400885936,11564.75465099993,3,3856.823720898583,4030.6546511232286
S2,qlearning,0,737,0.11273613650213285,10804.757471007955,4,3286.5,3430.0
S2,qlearning,0,738,0.11272979535206382,9216.599999811597,2,3437.7,3748.0
S2,qlearning,0,739,0.10543038705950318,11241.136365628045,4,3425.2,3640.75
S2,qlearning,0,740,0.1303709144326111,8861.7,0,2474.24,2555.5
S2,qlearning,0,741,0.16176470588235295,10433.699999828888,1,2529.7,2598.5
S2,qlearning,0,742,0.14925373134328357,10455.537656153898,5,3279.6317917482784,3420.039739685348
S2,qlearning,0,743,0.12335054503729202,10949.68157884323,2,3896.5252630745845,4204.781578843231
S2,qlearning,0,744,0.1303780964797914,10956.997070885327,6,3776.4896127826855,3993.050331009367
S2,qlearning,0,745,0.14079895219384414,9742.64999980362,3,2723.6199999807236,2760.0
S2,qlearning,0,746,0.10795622596864833,12082.843286034544,5,3984.2625640130873,4179.599999916757
S2,qlearning,0,747,0.0986740672217083,10579.440229755073,5,3765.5521838040586,4070.9402297550737
S2,qlearning,0,748,0.10268562401263823,11914.0,0,4459.4,4999.0
S2,qlearning,0,749,0.11114541525162087,11213.699999517281,5,3853.2899998315647,4172.649999794894
S2,qlearning,0,750,0.11550632911392406,9919.690760696663,3,2937.7681521657705,3088.25
S2,qlearning,0,751,0.13574660633484162,8948.966079460519,10,2407.9894572456055,2504.3636073399834
S2,qlearning,0,752,0.11442336645588679,10973.299999943383,1,2969.95,3016.5
S2,qlearning,0,753,0.14534883720930233,11328.974999587103,4,4054.259999957808,4484.82499994726
S2,qlearning,0,754,0.16931933626820184,10606.187285104705,1,2968.3399312335055,3000.046821276176
S2,qlearning,0,755,0.15883520847121113,9091.695385343548,3,2207.0,2211.5
S2,qlearning,0,756,0.1743442098528471,9815.349999920618,1,2945.3399999364947,3082.0499999206186
S2,qlearning,0,757,0.15355086372360843,10029.649999642295,4,2946.5099999681256,3024.0
S2,qlearning,0,758,0.186251269895022,9794.049999684223,4,3199.4399998158224,3338.799999769778
S2,qlearning,0,759,0.15365703749231716,10337.993863586307,6,3432.3211256722925,3704.0
S2,qlearning,0,760,0.18824771287825476,8072.099999881037,2,2339.3199999762073,2381.0
S2,qlearning,0,761,0.14540059347181009,9735.37848833123,1,2630.575697666246,2665.0
S2,qlearning,0,762,0.1429025087329311,10859.549999645154,4,3177.6,3219.5
S2,qlearning,0,763,0.16863130320890635,11360.392541861132,6,3471.4502562697576,3522.812820337197
S2,qlearning,0,764,0.15993788819875776,9763.224999725648,4,3040.3549998724984,3097.3499998789484
S2,qlearning,0,765,0.20426579163248565,7608.2,0,2403.6,2545.5
S2,qlearning,0,766,0.18371212121212122,8831.874383341363,4,2354.0829363719245,2390.165872851515
S2,qlearning,0,767,0.15575833857772184,9853.14999964884,3,3037.0199999611964,3086.0
S2,qlearning,0,768,0.1414663827198053,10203.474999296406,5,3209.4799999193974,3439.0749999304217
S2,qlearning,0,769,0.13819095477386933,11085.474999774113,4,3080.0399998533226,3103.9249998166533
S2,qlearning,0,770,0.16300839251129762,9015.294735978,5,2737.1957893050653,2790.2447366313318
S2,qlearning,0,771,0.1506849315068493,11056.839705827195,1,2995.5,3010.0
S2,qlearning,0,772,0.15342652574156154,7989.249999423872,3,2251.9499999222053,2300.549999919792
S2,qlearning,0,773,0.14956577677709876,10297.849999515885,3,3285.8599999999997,3487.7
S2,qlearning,0,774,0.14945138100643207,9791.393856529407,12,2539.9651275651872,2553.643927098843
S2,qlearning,0,775,0.15887564925145126,9802.9,0,2625.9,2687.0
S2,qlearning,0,776,0.15955601803676725,9190.248957989656,3,2544.159166512509,2551.198958140636
S2,qlearning,0,777,0.13424821002386636,10446.23665998975,9,3007.655081623918,3171.1688520739017
S2,qlearning,0,778,0.15619861887536995,9794.90158386192,7,3376.0,3641.5
S2,qlearning,0,779,0.1579897682816732,11015.883406287961,5,3361.3649999215927,3532.04999993937
S2,qlearning,0,780,0.1856193825713169,8674.42627420662,5,3323.6521542438104,3546.3448323374773
S2,qlearning,0,781,0.15477354187031606,10588.667732380634,3,3042.223546487049,3091.0
S2,qlearning,0,782,0.15722291407222913,10847.0,0,3650.1,3949.5
S2,qlearning,0,783,0.14623172103487064,10420.284268388275,5,3296.727414710621,3529.2842683882764
S2,qlearning,0,784,0.12900481996030622,12309.022916286776,4,3684.018333029421,3700.522916286776
S2,qlearning,0,785,0.1470128245229903,9231.5,0,2856.7,3041.5
S2,qlearning,0,786,0.1597595697564062,9108.5,0,2532.2999999999997,2604.0
S2,qlearning,0,787,0.13795316008982997,10543.583823075587,6,3195.0699997324195,3425.7499996878228
S2,qlearning,0,788,0.1601993592025632,9881.5,0,3766.8399999999997,4209.0
S2,qlearning,0,789,0.16603902773022938,10232.549999572222,1,3081.3999999999996,3275.0
S2,qlearning,0,790,0.11467256148107212,11835.099999897275,2,3469.97999991782,3474.0999998972748
S2,qlearning,0,791,0.118228075426519,10402.824999894809,1,3069.42499992847,3249.099999915847
S2,qlearning,0,792,0.12292464878671776,10719.5,0,3203.9,3252.5
S2,qlearning,0,793,0.14109067850348764,10819.5,0,2722.1,2780.0
S2,qlearning,0,794,0.17341040462427745,9952.427026737287,2,3000.420540509943,3178.525675637429
S2,qlearning,0,795,0.12582781456953643,12444.5,0,3680.4,3809.5
S2,qlearning,0,796,0.14246323529411764,11074.124999837797,2,2702.7899999178667,2727.5499998973332
S2,qlearning,0,797,0.1544766708701135,9761.049999766667,1,2658.8,2678.0
S2,qlearning,0,798,0.17099638276882603,9317.099999913484,1,3032.479999930786,3197.099999913483
S2,qlearning,0,799,0.15554115359688916,10385.799999756593,3,2713.679999885274,2746.599999856592
S2,qlearning,0,800,0.12761432116270827,9796.362747542258,4,2994.858079295998,3156.1425496459105
S2,qlearning,0,801,0.15058290155440415,8999.349999857526,2,2317.3,2372.25
S2,qlearning,0,802,0.15697290152015864,9540.574999899565,1,2885.2599999196523,3022.5749998995652
S2,qlearning,0,803,0.12908777969018934,9564.208888358464,7,2658.4499984380013,2744.0
S2,qlearning,0,804,0.05623393316195373,10938.5,0,3560.0,3745.0
S2,qlearning,0,805,0.14846891432106402,9925.2,0,2769.7999999999997,2853.5
S2,qlearning,0,806,0.15983860955927995,10847.451123154053,5,4069.660786176305,4451.284269242491
S2,qlearning,0,807,0.155570424891268,9976.5,0,3233.6,3412.5
S2,qlearning,0,808,0.14234342223554092,10886.0,0,3442.5,3681.0
S2,qlearning,0,809,0.13131648936170212,10416.799999952174,1,3231.189999961739,3430.049999952174
S2,qlearning,0,810,0.1625757092763787,9472.735975356201,3,2479.08878028496,2515.7359753562005
S2,qlearning,0,811,0.15064102564102563,8509.599999855674,2,2356.8799998845393,2424.5999998556745
S2,qlearning,0,812,0.18891242937853106,9228.0,0,3100.5,3350.0
S2,qlearning,0,813,0.14244604316546763,10723.73325802023,5,3067.717037005171,3080.788518508125
S2,qlearning,0,814,0.15894955079474776,10074.866666625656,1,2925.7,3062.25
S2,qlearning,0,815,0.1421647819063005,9486.864829822347,4,3006.3329659778606,3121.0
S2,qlearning,0,816,0.12737875997544507,10781.713104711509,3,3387.3999999999996,3608.5
S2,qlearning,0,817,0.12992831541218638,13119.777284200129,3,3926.081741261801,4010.333333333333
S2,qlearning,0,818,0.13731596828992074,11614.5,0,3764.8999999999996,3956.0
S2,qlearning,0,819,0.13602251407129456,12215.656159177943,4,4294.761057052108,4637.826321315136
S2,qlearning,0,820,0.11056153622345069,10829.243693557877,3,3385.5487387115754,3521.0
S2,qlearning,0,821,0.11403508771929824,12436.395651772084,5,3934.2399997867137,4269.299999733393
S2,qlearning,0,822,0.10371650821089023,11482.0,0,4221.9,4705.0
S2,qlearning,0,823,0.12110726643598616,8760.5,0,3020.1,3307.0
S2,qlearning,0,824,0.0854563044179297,11669.493103383804,1,3518.494482707043,3522.493103383804
S2,qlearning,0,825,0.0944231336677486,11870.641610528206,3,3889.683288550649,3938.7916106883113
S2,qlearning,0,826,0.13752766361049637,10029.29999993937,1,2817.1,2980.0
S2,qlearning,0,827,0.13211978860833823,9344.0,0,2648.4,2652.0
S2,qlearning,0,828,0.16937435188385758,8733.0,0,2661.7,2794.5
S2,qlearning,0,829,0.17653352353780313,8811.787974525472,2,2707.7,2906.5
S2,qlearning,0,830,0.1111807077983088,12416.3844588084,5,3948.1,4126.5
S2,qlearning,0,831,0.13956734124214934,8808.099999900645,1,2634.079999920516,2753.0999999006453
S2,qlearning,0,832,0.12434755910346945,10021.45402601932,7,2680.6,2785.5
S2,qlearning,0,833,0.12046204620462046,8431.0,0,2271.9,2285.5
S2,qlearning,0,834,0.14686022957461176,9426.738241001067,5,2834.930592800854,2943.5382410010675
S2,qlearning,0,835,0.15022761760242792,9944.894915055977,3,2840.5159320447815,2882.894915055977
S2,qlearning,0,836,0.13902681231380337,10521.877875901815,2,3454.2,3733.5
S2,qlearning,0,837,0.11695906432748537,9739.374476068371,9,3267.308524079325,3496.0935480956628
S2,qlearning,0,838,0.14925373134328357,11986.186899399054,2,3651.064759773621,3822.545633156351
S2,qlearning,0,839,0.14169381107491857,8974.0499999,1,2455.50999998,2493.0
S2,qlearning,0,840,0.13039820527201346,12222.75,0,3708.7999999999997,3862.75
S2,qlearning,0,841,0.07189365165491048,11718.549999938235,1,2950.9,2994.5
S2,qlearning,0,842,0.09798010250226108,12284.5,0,4010.5499999999997,4242.75
S2,qlearning,0,843,0.08921103986618344,11733.49999966506,4,3497.9399998853833,3663.8999999206185
S2,qlearning,0,844,0.1366120218579235,10680.849999897333,1,3023.3399999178664,3145.7999998973332
S2,qlearning,0,845,0.15306122448979592,9542.3,0,3399.6,3496.0
S2,qlearning,0,846,0.14139271827500885,9774.965153301835,7,3169.26508178968,3309.3188522671785
S2,qlearning,0,847,0.1342732460557234,10244.4,0,2949.7999999999997,3020.0
S2,qlearning,0,848,0.152317880794702,9578.10645148594,2,2770.4,2841.5
S2,qlearning,0,849,0.12987012987012986,10592.2499999125,1,2607.59999993,2669.2499999125002
S2,qlearning,0,850,0.10917674830333432,12142.878228006595,11,4163.310801103931,4346.007251384727
S2,qlearning,0,851,0.10786261708770933,11802.499999895239,1,3616.2999999999997,3863.0
S2,qlearning,0,852,0.13456937799043062,11937.999999822223,2,3512.1799999626664,3730.0749999766667
S2,qlearning,0,853,0.10355987055016182,9680.24999959948,5,2762.7299999441493,2885.5
S2,qlearning,0,854,0.10550996483001172,12473.250583444735,3,4528.5604668368405,4991.700583546051
S2,qlearning,0,855,0.10485492674518816,12090.244926176547,6,3557.7098829567462,3679.0499999579233
S2,qlearning,0,856,0.10554505356017643,10505.855858504663,3,3413.50999999,3588.25
S2,qlearning,0,857,0.16355140186915887,9720.983333333334,0,2903.7866666666664,3044.483333333333
S2,qlearning,0,858,0.14386082301773168,9409.099999525963,5,2962.97999962077,3114.5999995259626
S2,qlearning,0,859,0.12487992315081652,9197.736021269873,3,2872.5372042734684,3095.5
S2,qlearning,0,860,0.1636302294197031,9999.349999874798,1,2722.9,2811.25
S2,qlearning,0,861,0.13044767269493032,11536.766843792377,5,3202.9949998859315,3247.3687498574145
S2,qlearning,0,862,0.16617429837518463,8279.699999664243,3,2480.6599999328487,2498.5
S2,qlearning,0,863,0.1468162322665787,8216.0,0,2394.5,2489.0
S2,qlearning,0,864,0.125,10585.468082387177,5,3039.355452803504,3082.269727210114
S2,qlearning,0,865,0.12846246487354476,8266.7,0,3040.88,3285.9
S2,qlearning,0,866,0.10841836734693877,9623.571298095212,10,3074.7032717092916,3193.733823344479
S2,qlearning,0,867,0.1299468399291199,11510.25,0,3870.2,4056.75
S2,qlearning,0,868,0.10816919599612529,9910.0,0,3242.3999999999996,3421.5
S2,qlearning,0,869,0.1117140121289499,10202.919291408154,7,3296.512080007975,3545.730369494548
S2,qlearning,0,870,0.13060303128023218,9149.479032120347,2,2529.383225696278,2606.4790321203473
S2,qlearning,0,871,0.1259924059371764,8705.976922542044,7,2762.0453844756053,2939.5999999226133
S2,qlearning,0,872,0.11874469889737066,12013.599999777021,2,3345.619999955404,3406.5
S2,qlearning,0,873,0.12779083431257343,11332.54999989155,1,3605.3999999999996,3869.5
S2,qlearning,0,874,0.11534764498558155,10039.3,0,3902.9999999999995,4406.5
S2,qlearning,0,875,0.14064475347661187,8710.456376978324,6,2406.4220566399927,2480.183333263492
S2,qlearning,0,876,0.13226744186046513,10050.099999781021,2,3109.9,3198.0
S2,qlearning,0,877,0.13741411617738913,12145.832699767741,5,3629.3199998302753,3764.624999787844
S2,qlearning,0,878,0.11367035596769369,11294.0,0,3276.3999999999996,3426.0
S2,qlearning,0,879,0.12195121951219512,9991.82647030753,3,3044.8999999999996,3205.5
S2,qlearning,0,880,0.10914267636823789,10331.763109350959,3,3011.6921950272676,3068.7326219284596
S2,qlearning,0,881,0.12470105910488555,11192.293633681757,4,2998.121670041368,3068.2049055083608
S2,qlearning,0,882,0.11631374888159857,9870.99999986757,2,2643.3799998940563,2694.59999986757
S2,qlearning,0,883,0.11578604044357468,10412.51666625227,4,3195.1833333111313,3352.0
S2,qlearning,0,884,0.13127187864644108,11356.585184854164,5,4382.297037007728,4761.5
S2,qlearning,0,885,0.19172361427486712,7448.0,0,1885.3,1907.5
S2,qlearning,0,886,0.12032520325203253,9072.779807488036,3,2682.443846097463,2799.179807621829
S2,qlearning,0,887,0.1149739939775527,11377.366768253623,10,3597.751265415486,3621.7765818131074
S2,qlearning,0,888,0.15318845742785892,8989.879492178934,3,2415.1435937431465,2542.9294921789333
S2,qlearning,0,889,0.11496062992125984,9545.446823968701,10,2333.645316524634,2337.4265862181564
S2,qlearning,0,890,0.15032884434700908,9572.5,0,2320.1,2327.5
S2,qlearning,0,891,0.1341301460823373,11890.5,0,3288.0,3373.0
S2,qlearning,0,892,0.11678832116788321,8646.919821650732,4,2584.5839643301465,2719.5
S2,qlearning,0,893,0.1481363491557821,9209.58245753324,11,2609.43283674124,2619.183333247123
S2,qlearning,0,894,0.1412133891213389,9373.199999170398,4,3369.7,3602.5
S2,qlearning,0,895,0.14433752775721687,8331.776725848016,4,2626.0400014505776,2811.4744271349573
S2,qlearning,0,896,0.12697938452345384,9916.5,0,2570.9,2638.0
S2,qlearning,0,897,0.13884127528282483,9154.166214419698,4,2551.319999875692,2646.1499998446147
S2,qlearning,0,898,0.1603592046183451,10050.99999972291,4,2933.2999999999997,3029.5
S2,qlearning,0,899,0.17960812772133528,8305.149999818084,2,2416.619999854468,2459.1499998180852
S2,qlearning,0,900,0.17176173967853767,9000.75,0,1997.0,2008.5
S2,qlearning,0,901,0.15993788819875776,10156.714131227633,5,2804.279369592019,2860.5609055774876
S2,qlearning,0,902,0.1491786791820315,9492.0554758776,4,2572.8999998805307,2632.8749998506632
S2,qlearning,0,903,0.1853953840332955,8372.048830081143,4,2883.599064064914,3107.7488300811424
S2,qlearning,0,904,0.14629948364888123,12499.0,0,4569.9,4925.5
S2,qlearning,0,905,0.11164274322169059,13056.25,0,3659.3,3695.5
S2,qlearning,0,906,0.1512687052700065,9849.5,0,2657.7999999999997,2725.5
S2,qlearning,0,907,0.17892317793827972,9891.168918593989,4,2866.695134931191,3031.1189186639895
S2,qlearning,0,908,0.09771986970684039,12630.25,0,3896.9,3903.0
S2,qlearning,0,909,0.11725024092515259,10122.4,0,2829.38,2863.5
S2,qlearning,0,910,0.05587484035759898,10955.44999938365,7,3019.999999869835,3087.574999897366
S2,qlearning,0,911,0.10501105379513632,8732.5,0,2749.2999999999997,2983.5
S2,qlearning,0,912,0.16591773245765642,8723.3,0,2258.32,2270.4
S2,qlearning,0,913,0.1364522417153996,11214.967423057544,10,3462.5852042985293,3513.1722890148762
S2,qlearning,0,914,0.13043478260869565,11569.149999650213,5,2789.854999972969,2796.0
S2,qlearning,0,915,0.10955569080949483,11220.5,0,3771.0999999999995,4146.5
S2,qlearning,0,916,0.12775471095496646,9736.702875979947,2,2333.12,2405.5
S2,qlearning,0,917,0.11373840167614487,10533.910325389861,4,3286.808260560777,3395.0103257009714
S2,qlearning,0,918,0.1600441501103753,8402.41549905499,5,2613.7186927866096,2718.0
S2,qlearning,0,919,0.12416979497545481,10808.049999923762,1,3314.3999999999996,3511.5
S2,qlearning,0,920,0.1579754601226994,10894.132692063175,3,3549.791153663892,3735.107692085429
S2,qlearning,0,921,0.14791987673343607,10688.07499994447,1,3275.3599999555768,3329.074999944471
S2,qlearning,0,922,0.16055846422338568,8718.06619700946,2,2599.7999999999997,2717.5
S2,qlearning,0,923,0.1492007104795737,8751.324999474986,6,2589.0599999384,2668.574999923
S2,qlearning,0,924,0.14466840052015606,9011.3,0,2820.1,3007.5
S2,qlearning,0,925,0.16474464579901152,8743.271703882203,7,3048.041445853377,3284.411841794894
S2,qlearning,0,926,0.16450822541127055,8677.074999932058,1,2811.359999945647,2877.0749999320587
S2,qlearning,0,927,0.14856388246946187,10217.5,0,3534.6,3846.5
S2,qlearning,0,928,0.13768332834480695,10939.299999847764,3,3331.944444369604,3514.555555462005
S2,qlearning,0,929,0.13926084627745045,11508.977514555707,4,3155.2999999999997,3257.5
S2,qlearning,0,930,0.13154250900027692,12945.5,0,4707.5,5037.0
S2,qlearning,0,931,0.15160703456640387,9539.87175557611,9,2755.213683857632,2845.26710482204
S2,qlearning,0,932,0.143348623853211,13100.571186079147,4,2944.4599997766586,2978.199999720823
S2,qlearning,0,933,0.19759126834776064,7425.0,0,2311.5,2465.5
S2,qlearning,0,934,0.18207282913165265,8872.09999982767,2,2793.7399999337636,2849.5499999172043
S2,qlearning,0,935,0.15773809523809523,10650.0,0,3522.7,3888.5
S2,qlearning,0,936,0.20620581304006286,7798.1253160931365,4,2204.96,2290.8
S2,qlearning,0,937,0.1528460997891778,9925.664376905399,5,2747.891501998165,2764.1143774977063
S2,qlearning,0,938,0.1413803587716631,12063.200315966316,6,3534.945063149648,3602.1499998610134
S2,qlearning,0,939,0.16258903685351503,9240.0,0,2145.6,2179.0
S2,qlearning,0,940,0.15368228849665247,8960.6,0,2501.2999999999997,2599.5
S2,qlearning,0,941,0.13191763191763192,10595.564904574605,8,2777.979999952248,2813.54999994031
S2,qlearning,0,942,0.1467772814294831,9131.049999825,1,2300.8399998600003,2307.549999825
S2,qlearning,0,943,0.16526189042745335,10225.304651045875,2,3056.940930209175,3166.0
S2,qlearning,0,944,0.14320536258379038,11952.547963908484,9,4084.0979916628703,4124.647331468622
S2,qlearning,0,945,0.13325436778205507,9771.599999888353,2,2457.479999910682,2584.099999888353
S2,qlearning,0,946,0.16930379746835442,9083.699171022987,3,2821.3498342204734,2996.0
S2,qlearning,0,947,0.17898193760262726,8121.052426908249,3,2265.939999912,2288.04999989
S2,qlearning,0,948,0.17998560115190784,7964.14999212331,3,2288.3,2291.0
S2,qlearning,0,949,0.16149870801033592,9863.0,0,2942.4,3021.0
S2,qlearning,0,950,0.1455026455026455,11097.399999841537,2,3105.2,3296.5
S2,qlearning,0,951,0.15197060788243152,9541.482367031824,2,3226.1858936254594,3469.982367031824
S2,qlearning,0,952,0.1565526145900581,10238.073456334407,3,3544.6599999446703,3836.199999930838
S2,qlearning,0,953,0.16012396694214875,9321.24999967119,4,2906.379999929195,3111.5999999114943
S2,qlearning,0,954,0.1433263660794267,11716.488425295584,4,3369.45526875809,3443.4440859476126
S2,qlearning,0,955,0.14484007242003621,11743.514583897046,5,3786.3034430243606,4088.6842103847057
S2,qlearning,0,956,0.21148036253776434,7133.999999838726,2,2065.6399999307864,2171.549999913483
S2,qlearning,0,957,0.16384587684551674,9386.124999839583,1,2897.6399999486666,3052.5249999679168
S2,qlearning,0,958,0.15716057036577805,10434.090575518372,5,2786.8324604146974,2879.290575518372
S2,qlearning,0,959,0.17962116263879818,9629.149999811923,3,2679.8199999742305,2765.0
S2,qlearning,0,960,0.1606234096692112,9170.649999759986,3,3343.789999846812,3642.0999998246916
S2,qlearning,0,961,0.15552099533437014,10997.00227941029,7,3306.4084903777907,3371.1967241274715
S2,qlearning,0,962,0.13157894736842105,9668.061254629161,8,2598.417792170922,2680.509235408483
S2,qlearning,0,963,0.17595307917888564,10602.5,0,2476.9,2528.5
S2,qlearning,0,964,0.1307091346153846,11661.04999993063,1,3687.6,3899.5
S2,qlearning,0,965,0.1614678899082569,8477.340276366998,5,2521.5922212226537,2630.2402765283173
S2,qlearning,0,966,0.1412849494348602,12165.411110364555,8,3233.9377776369374,3270.947222073672
S2,qlearning,0,967,0.14227046054561454,10525.5,0,3655.1,3874.5
S2,qlearning,0,968,0.11680270194202083,11602.756815116052,6,3888.2,4054.5
S2,qlearning,0,969,0.16434440871739908,9530.824999603648,4,3152.7399997415855,3404.174999676982
S2,qlearning,0,970,0.16253620856131315,9836.5,0,2961.6,3071.0
S2,qlearning,0,971,0.14636309875813128,9284.478564606537,5,2470.142308719436,2526.5
S2,qlearning,0,972,0.16335016335016336,11924.949999809682,2,4399.219999847745,4955.649999809682
S2,qlearning,0,973,0.15826494724501758,10803.599998000243,2,3040.7,3105.0
S2,qlearning,0,974,0.17219182491149018,8322.6,0,2190.1,2228.0
S2,qlearning,0,975,0.15029439107530213,11359.190585464334,10,3294.931866861984,3362.5062495897832
S2,qlearning,0,976,0.21577380952380953,7840.349999605595,2,1981.379999684476,1998.349999605595
S2,qlearning,0,977,0.17587939698492464,10821.499998490704,4,3190.479999954807,3316.5
S2,qlearning,0,978,0.17119838872104734,8992.099999859596,2,2735.2999999999997,2889.0
S2,qlearning,0,979,0.1669266770670827,10039.299999928704,1,2856.0,2985.5
S2,qlearning,0,980,0.17976278724981468,8795.021816254142,4,3154.6825746418995,3406.6
S2,qlearning,0,981,0.1583640836408364,10941.624999825292,2,3089.099999860233,3149.124999825291
S2,qlearning,0,982,0.15250901935060676,10166.352426978874,3,2835.699999939608,2872.29999992451
S2,qlearning,0,983,0.10829207920792079,9742.68887851351,11,2658.9799999158517,2662.5999998948146
S2,qlearning,0,984,0.12475191380776864,11394.109999958515,1,3125.7,3170.5
S2,qlearning,0,985,0.12670890296765588,9936.5,0,2938.5,3008.0
S2,qlearning,0,986,0.10339039946290701,9488.49999956249,4,2780.3099999779997,2885.0
S2,qlearning,0,987,0.1384083044982699,10609.744827316694,4,3397.955861913748,3570.694827392185
S2,qlearning,0,988,0.10644589000591366,11314.821729144282,13,3028.282204529845,3035.013097767458
S2,qlearning,0,989,0.14316502463054187,9996.609451015403,7,2853.209999984902,2890.0
S2,qlearning,0,990,0.11542160949022122,10449.0,0,3893.2,4114.0
S2,qlearning,0,991,0.1413760603204524,10774.349999510818,4,3072.5899998799346,3139.0999998625
S2,qlearning,0,992,0.1695736434108527,11488.359458574907,6,4093.6618917281435,4511.5
S2,qlearning,0,993,0.16266841932303647,9285.14999978333,3,2507.1099998785744,2604.099999869847
S2,qlearning,0,994,0.14804469273743018,11486.0,0,3001.6,3173.0
S2,qlearning,0,995,0.13271285763529816,10383.5,0,3817.0999999999995,4303.5
S2,qlearning,0,996,0.08941877794336811,12293.948409993269,3,4388.058727994616,4703.94840999327
S2,qlearning,0,997,0.15421521590130227,8398.599999770895,2,2760.949999911001,2904.5499999280373
S2,qlearning,0,998,0.17611835153222966,9775.099999832608,1,3500.4199999665216,3843.0
S2,qlearning,0,999,0.15829868883914294,10699.8,0,3211.26,3237.5
S2,qlearning,0,1000,0.12843224092116917,11330.998369347637,3,3796.5986954781097,3987.9983693476374
S2,qlearning,0,1001,0.18756512678013199,9627.124999873355,1,3173.584999913882,3294.0999998986845
S2,qlearning,0,1002,0.21165129924559933,7094.5,0,1767.6,1780.0
S2,qlearning,0,1003,0.17251725172517252,10972.5,0,3321.2,3591.0
S2,qlearning,0,1004,0.1313296308395949,9762.334425713134,7,2851.967540784923,2965.834425981154
S2,qlearning,0,1005,0.15853279452906435,12127.799991748707,7,4143.0399999551455,4479.299999943933
S2,qlearning,0,1006,0.1276659657554821,11052.336597665173,11,3473.5562802061495,3587.945350257687
S2,qlearning,0,1007,0.11363636363636363,11882.148918812469,9,3396.452415399758,3462.5
S2,qlearning,0,1008,0.11143062544931703,10031.65,0,3787.85,4080.0
S2,qlearning,0,1009,0.1420929455031762,9188.31266242012,6,2998.2701301014704,3249.029329338864
S2,qlearning,0,1010,0.13701067615658363,9301.5436191264,6,2811.5187238522976,2845.75
S2,qlearning,0,1011,0.16636851520572452,8362.299999913483,1,2299.2099999826964,2401.5
S2,qlearning,0,1012,0.1746880570409982,8044.2249999482065,1,2656.159999958565,2729.3249999482064
S2,qlearning,0,1013,0.16422635536208943,7679.0,0,2108.2799999999997,2223.1
S2,qlearning,0,1014,0.12551581843191198,9542.199999909411,1,2735.93,2742.0
S2,qlearning,0,1015,0.1612343966712899,9551.374073908913,2,2175.1,2175.5
S2,qlearning,0,1016,0.11225444340505145,10565.5,0,3039.3999999999996,3203.0
S2,qlearning,0,1017,0.18433179723502305,8582.549999877778,1,2159.55,2176.0
S2,qlearning,0,1018,0.10207496653279786,10346.0671506932,7,3603.6537206927915,3839.917150906126
S2,qlearning,0,1019,0.12384362876753208,11002.474999695227,3,3244.3549999953048,3296.5
S2,qlearning,0,1020,0.1927838698266714,9228.449999911494,1,2793.7,2957.25
S2,qlearning,0,1021,0.130897583429229,11687.234831365658,2,3353.0,3445.5
S2,qlearning,0,1022,0.17027863777089783,9119.5,0,2992.5,3082.0
S2,qlearning,0,1023,0.1903114186851211,10782.039318476724,4,4040.2697343719256,4317.837167964907
S2,qlearning,0,1024,0.1223021582733813,10710.2,0,2838.24,2882.0
S2,qlearning,0,1025,0.11732016054337759,10313.099999833697,2,2629.9,2630.5
S2,qlearning,0,1026,0.15754560530679934,10434.0,0,3042.4,3078.5
S2,qlearning,0,1027,0.13023255813953488,10965.298512335381,5,3677.1,3743.25
S2,qlearning,0,1028,0.14285714285714285,9411.353955675517,15,3078.2687475756875,3236.728946924789
S2,qlearning,0,1029,0.12751036021676762,9144.207801371576,1,2477.7,2583.5
S2,qlearning,0,1030,0.11305094447624499,13999.400372835293,4,4044.5802984170473,4114.0503730213095
S2,qlearning,0,1031,0.11541005291005291,10314.249999759248,3,3573.439999951496,3686.54999993937
S2,qlearning,0,1032,0.12099358974358974,7416.103288100727,7,2506.7626307747046,2667.703288468381
S2,qlearning,0,1033,0.12701612903225806,8075.0,0,2739.2999999999997,2879.0
S2,qlearning,0,1034,0.08254356465912564,11325.099999928038,1,3098.7399999424297,3155.0499999280373
S2,qlearning,0,1035,0.13897373243738545,10151.1,0,2997.0,3157.5
S2,qlearning,0,1036,0.12703397088210105,11329.409168579827,10,3651.4628694227213,4006.9876235297356
S2,qlearning,0,1037,0.14492753623188406,10583.38942282616,3,3682.4515383213197,3936.789422926813
S2,qlearning,0,1038,0.1301413881748072,9711.499999843352,2,2719.6,2776.0
S2,qlearning,0,1039,0.14389626818469323,10596.199999680235,3,2998.7,2999.0
S2,qlearning,0,1040,0.12838801711840228,9627.2,0,2630.7,2705.5
S2,qlearning,0,1041,0.07772020725388601,10337.166189678683,9,3217.51295203007,3358.8661900622674
S2,qlearning,0,1042,0.09376986649713923,10408.175760191456,4,3173.419999966027,3227.25
S2,qlearning,0,1043,0.11926058437686345,11416.65,0,3932.65,4063.0
S2,qlearning,0,1044,0.16553933784264863,8850.6,0,2512.02,2599.9
S2,qlearning,0,1045,0.13081837541831456,12092.349999804605,2,3668.7399999556833,3774.799999944604
S2,qlearning,0,1046,0.13941330235259947,10623.05076553221,7,2722.6,2819.0
S2,qlearning,0,1047,0.1265214606021781,9184.3,0,2557.7,2624.9
S2,qlearning,0,1048,0.12434933487565067,11163.168288172617,5,2878.6336576345234,2907.0
S2,qlearning,0,1049,0.1388888888888889,8237.253949795897,5,2465.1831598367176,2552.853949795897
S2,qlearning,0,1050,0.1388888888888889,10700.345751418581,7,2864.207611729008,3033.480769075486
S2,qlearning,0,1051,0.16129032258064516,9798.145544026454,5,2962.4225741412392,3080.4891088932472
S2,qlearning,0,1052,0.17286366601435094,9180.0,0,2705.7999999999997,2904.5
S2,qlearning,0,1053,0.1398052152057807,11543.25,0,3026.9,3028.5
S2,qlearning,0,1054,0.12658227848101267,9733.5901310416,6,2728.8521052055353,2828.290131533289
S2,qlearning,0,1055,0.10105448154657294,11510.44616618922,5,2940.7652776860355,3041.1361110909106
S2,qlearning,0,1056,0.13259327782917052,10181.5,0,3438.2,3734.0
S2,qlearning,0,1057,0.09136735979836169,11490.32723512977,6,3534.7867064785864,3798.1083830982334
S2,qlearning,0,1058,0.07771260997067449,11954.0,0,4322.2,4701.5
S2,qlearning,0,1059,0.14833127317676142,11105.44680350886,2,4236.957442807087,4700.946803508859
S2,qlearning,0,1060,0.12341962673088501,10413.362936077696,5,3189.8603489019843,3319.312936144075
S2,qlearning,0,1061,0.11739130434782609,11019.71417502642,6,3357.7101637988467,3477.3877047485585
S2,qlearning,0,1062,0.04887440758293839,11002.47802050886,6,3838.0924165589327,4256.3280207619355
S2,qlearning,0,1063,0.08046817849305048,10319.5,0,2817.1,3013.0
S2,qlearning,0,1064,0.1137370753323486,11086.699999906097,1,3211.739999981219,3441.0
S2,qlearning,0,1065,0.16986706056129985,8710.5,0,2759.7,2881.0
S2,qlearning,0,1066,0.18948521358159912,8083.0,0,2870.0,3013.5
S2,qlearning,0,1067,0.15364916773367476,9973.5,0,3871.7999999999997,4341.0
S2,qlearning,0,1068,0.14563106796116504,10846.717028635241,4,2822.104999995444,2848.0
S2,qlearning,0,1069,0.17224409448818898,10263.749999823644,2,2640.4399999536845,2692.0499999421054
S2,qlearning,0,1070,0.19419547588561673,7727.2,0,2908.3799999999997,3090.6
S2,qlearning,0,1071,0.09883198562443846,12351.03513194273,13,3534.32544872362,3655.730703852823
S2,qlearning,0,1072,0.1035843472541927,8521.262968077475,3,2270.7525936154952,2282.0
S2,qlearning,0,1073,0.13000292141396436,10622.201945783445,5,2822.8126827000624,2911.7871559056225
S2,qlearning,0,1074,0.15755504935459377,8320.562499826907,2,2685.649999861526,2758.0624998269072
S2,qlearning,0,1075,0.1607372481783112,8565.20445110135,8,2605.913561269736,2713.7044516056794
S2,qlearning,0,1076,0.1381051381051381,10797.52982409414,5,3353.0659647861007,3394.4666665588384
S2,qlearning,0,1077,0.16216216216216217,10967.0,0,4062.3999999999996,4525.0
S2,qlearning,0,1078,0.16761649346295676,8946.158064382995,2,2970.2,3111.0
S2,qlearning,0,1079,0.1317249029395452,12050.309743211841,7,3367.609999990375,3387.5
S2,qlearning,0,1080,0.15114662960389158,8426.896978375686,9,2854.207906246286,2983.2808509519145
S2,qlearning,0,1081,0.11663807890222985,9556.574690170437,6,2962.4643899415,3052.080487426875
S2,qlearning,0,1082,0.1444336254462837,9889.14999989452,1,3089.4,3225.5
S2,qlearning,0,1083,0.15682656826568267,11498.810102836289,9,3521.805245732561,3768.372908310068
S2,qlearning,0,1084,0.19313304721030042,7926.7,0,2547.2999999999997,2741.0
S2,qlearning,0,1085,0.1288456481724954,11812.5,0,3028.9,3066.5
S2,qlearning,0,1086,0.15920554854981084,9566.5,0,2629.4,2664.5
S2,qlearning,0,1087,0.17593465284322965,11500.2,0,3534.44,3622.5
S2,qlearning,0,1088,0.15024783147459728,9959.30207231974,4,2825.1604144216612,2897.8999999139664
S2,qlearning,0,1089,0.1419698314108252,10537.345936679985,4,3036.769187335997,3052.0
S2,qlearning,0,1090,0.17258883248730963,10370.509999467591,5,3003.324999804395,3123.149999762571
S2,qlearning,0,1091,0.170333569907736,10054.024997734878,4,4067.559999558236,4583.774999972102
S2,qlearning,0,1092,0.16119909502262444,11553.599999818704,2,3310.9,3363.0
S2,qlearning,0,1093,0.15079365079365079,10550.255214346702,4,2797.214171625508,2859.7802145856904
S2,qlearning,0,1094,0.15146579804560262,8929.89999974205,4,2826.79999994841,2968.2
S2,qlearning,0,1095,0.1501937984496124,11534.141524463403,5,4011.8313639152675,4505.164204894085
S2,qlearning,0,1096,0.16714593817397555,10388.571931498756,7,2913.850087243343,2993.0
S2,qlearning,0,1097,0.12112259970457903,10539.757178847432,3,3068.406368090699,3102.591553868687
S2,qlearning,0,1098,0.11655011655011654,9538.594380430499,6,2826.2,2985.5
S2,qlearning,0,1099,0.13652912621359223,9779.1499997735,3,3373.9999999999995,3677.5
S2,qlearning,0,1100,0.16897600540723218,9285.249999852835,2,3033.33,3209.0
S2,qlearning,0,1101,0.15965855200758775,9119.5,0,2386.6,2401.5
S2,qlearning,0,1102,0.15914257875933746,9286.804650861988,4,3301.8637208443447,3658.2046510554314
S2,qlearning,0,1103,0.17713365539452497,8109.75,0,2679.6,2991.5
S2,qlearning,0,1104,0.1642219387755102,10448.299858433047,3,3584.053954759359,3760.339971732119
S2,qlearning,0,1105,0.1703042328042328,10747.0,0,2818.5,2828.5
S2,qlearning,0,1106,0.15843997562461914,11028.249999942964,1,2828.6399999543705,2909.049999942963
S2,qlearning,0,1107,0.12648809523809523,11900.538565660914,6,3416.256235208,3496.0
S2,qlearning,0,1108,0.1161764705882353,11156.648784608524,7,3331.0,3397.0
S2,qlearning,0,1109,0.11773940345368916,11169.46897774884,5,3808.4737955733085,4179.5
S2,qlearning,0,1110,0.14461436170212766,8887.780434345634,5,2461.4460869332156,2475.7
S2,qlearning,0,1111,0.11778563015312132,11820.849999875409,2,3189.2,3245.0
S2,qlearning,0,1112,0.17893660531697342,9560.149999800284,2,3394.98999989589,3669.5999998930556
S2,qlearning,0,1113,0.15833333333333333,10319.599999359067,3,3398.539999871813,3438.5
S2,qlearning,0,1114,0.12924322640921831,9834.049999923762,1,3182.609999984752,3475.0
S2,qlearning,0,1115,0.12800740283775447,10182.67403515158,6,2855.2604493829244,2901.25
S2,qlearning,0,1116,0.16371077762619374,9414.988888758178,2,2973.2499999871666,3110.55
S2,qlearning,0,1117,0.12754278333871488,9809.566327345554,7,3081.1513955174055,3203.063549957051
S2,qlearning,0,1118,0.14041316978695934,9488.0,0,2316.6,2319.5
S2,qlearning,0,1119,0.13530326594090203,11456.732621283601,15,3265.277573255138,3319.35672514379
S2,qlearning,0,1120,0.14894951395421763,12236.81009917064,3,3164.32,3245.4
S2,qlearning,0,1121,0.15656229180546302,10434.108332897105,5,3530.581666656178,3741.0
S2,qlearning,0,1122,0.1725445582100872,8586.74371709108,2,2651.768743418216,2662.5
S2,qlearning,0,1123,0.13580607476635514,11436.91858369088,5,4383.493716621412,4806.2499998053945
S2,qlearning,0,1124,0.1402688486265342,10351.803448175871,2,2919.6,3079.0
S2,qlearning,0,1125,0.18033946251768035,8577.060264636555,4,2562.112052927311,2691.0
S2,qlearning,0,1126,0.17168083714846305,10432.699999838162,2,3881.599999919756,4218.599999920207
S2,qlearning,0,1127,0.16666666666666666,10064.299999751425,3,3054.2,3176.0
S2,qlearning,0,1128,0.16516998075689546,8371.5,0,2389.2,2514.0
S2,qlearning,0,1129,0.1357398568019093,10827.59999982864,2,3673.5999999999995,4019.0
S2,qlearning,0,1130,0.16724137931034483,10566.571950999447,3,3020.2743902162724,3131.5
S2,qlearning,0,1131,0.18094648932879678,10208.273610847857,4,3003.7563888455957,3007.0
S2,qlearning,0,1132,0.1385243511227763,10709.186508264771,7,3136.2617993705217,3340.3272492131523
S2,qlearning,0,1133,0.13651365136513652,9827.124999376663,7,2766.109999866284,2846.3749998603553
S2,qlearning,0,1134,0.15140719629497684,8659.682712689813,7,2959.706542373092,3252.1499996631073
S2,qlearning,0,1135,0.17135862913096694,11352.549999919791,1,4235.939999935833,4653.049999919792
S2,qlearning,0,1136,0.1638846737481032,11064.761024705489,8,3216.0645806174334,3396.4122926937357
S2,qlearning,0,1137,0.15035188739603328,9034.149999754864,3,2422.419999803891,2448.649999754864
S2,qlearning,0,1138,0.1628242074927954,12615.0,0,3571.5,3675.0
S2,qlearning,0,1139,0.1869857890800299,8063.0499998625,1,2383.9,2443.0
S2,qlearning,0,1140,0.15360983102918588,8430.748728152807,6,2831.9589825947155,3063.6987282433947
S2,qlearning,0,1141,0.1145475372279496,11267.734050727027,2,3516.646810145405,3791.0
S2,qlearning,0,1142,0.13789581205311544,10629.936265849263,9,3909.7066469703855,4218.0
S2,qlearning,0,1143,0.1956521739130435,7824.380985722542,2,2153.45,2163.5
S2,qlearning,0,1144,0.15663643858202803,11087.565950255936,3,3161.4031900638097,3266.0
S2,qlearning,0,1145,0.12269938650306748,10051.5,0,3328.7999999999997,3432.0
S2,qlearning,0,1146,0.12697938452345384,10541.5,0,3797.4999999999995,4215.5
S2,qlearning,0,1147,0.12120232708468003,10583.674999828196,2,3445.3249998760652,3533.1499998507106
S2,qlearning,0,1148,0.07870916961826052,8320.279166465174,2,2383.2,2430.0
S2,qlearning,0,1149,0.09692513368983957,8906.25,0,2601.6,2711.75
S2,qlearning,0,1150,0.13307367737747486,9481.25,0,3011.95,3091.5
S2,qlearning,0,1151,0.15620118712902217,9251.749999873935,2,2633.6299999895946,2687.15
S2,qlearning,0,1152,0.13869030597655133,11969.649999747315,3,3149.1,3168.5
S2,qlearning,0,1153,0.15052160953800298,9691.5,0,2584.4,2640.0
S2,qlearning,0,1154,0.1483924154987634,8432.948958131074,2,2621.399999974754,2676.6
S2,qlearning,0,1155,0.15411503018748013,11284.476374254089,4,3068.5144327366042,3111.643040920755
S2,qlearning,0,1156,0.151985111662531,9814.299999941666,1,2463.5399999533333,2538.5499999416666
S2,qlearning,0,1157,0.17124394184168013,10215.75,0,2677.15,2704.0
S2,qlearning,0,1158,0.17147707979626486,8492.286554188751,6,2444.1873106851517,2466.0499997456686
S2,qlearning,0,1159,0.15915537346359912,9553.88144614425,5,2945.059999957222,3180.099999973264
S2,qlearning,0,1160,0.14939024390243902,10924.824999647608,6,3282.1349999646295,3290.0
S2,qlearning,0,1161,0.1687543493389005,9174.079310156741,2,2497.3199999087406,2605.399999885926
S2,qlearning,0,1162,0.18356348939036712,8837.4,0,2526.92,2600.9
S2,qlearning,0,1163,0.10752688172043011,9774.844038349804,14,2630.115392870181,2673.8609752223674
S2,qlearning,0,1164,0.16836086404066072,10474.024999608378,4,3121.9549996999785,3167.249999630505
S2,qlearning,0,1165,0.15494636471990464,10111.853448228252,1,2438.4506896456505,2453.5
S2,qlearning,0,1166,0.1274534794799898,12412.27515362511,8,3275.835030693545,3316.7749998846593
S2,qlearning,0,1167,0.19756838905775076,7994.0,0,2485.2999999999997,2723.0
S2,qlearning,0,1168,0.1879820051413882,10167.75,0,3187.75,3318.5
S2,qlearning,0,1169,0.15605875152998777,11121.602984214378,4,3257.0673873863097,3301.327984239057
S2,qlearning,0,1170,0.15755950385517936,9070.5,0,2755.2999999999997,2943.0
S2,qlearning,0,1171,0.15654060756354618,10619.429310090452,3,3630.18586201809,3871.0
S2,qlearning,0,1172,0.1569806279225117,8811.726922866934,3,2517.2453845733867,2624.5
S2,qlearning,0,1173,0.1534526854219949,11523.549999946896,1,3863.8999999999996,4241.5
S2,qlearning,0,1174,0.12522907758094073,10773.199999631433,4,3590.919999977097,3924.0
S2,qlearning,0,1175,0.11055745873559639,11064.833137564798,14,3422.8270275672176,3465.2072774607714
S2,qlearning,0,1176,0.12684989429175475,10401.159585511448,5,3842.9999999999995,4135.0
S2,qlearning,0,1177,0.07658321060382917,11336.595454489707,1,3738.1,3936.0
S2,qlearning,0,1178,0.13137316233969346,9324.318987297665,1,2315.863797459533,2321.5
S2,qlearning,0,1179,0.14261744966442952,8930.431849881657,4,2631.1,2751.5
S2,qlearning,0,1180,0.12635956493921946,10780.649999530666,3,3273.2999999999997,3415.0
S2,qlearning,0,1181,0.11928763440860216,10229.440722538056,7,2903.5931445371134,2906.5249999778734
S2,qlearning,0,1182,0.09379042690815007,11215.474999658305,4,3145.79999991323,3229.5499999172043
S2,qlearning,0,1183,0.12429565793834936,10563.649561339915,1,3237.929912267983,3277.0
S2,qlearning,0,1184,0.14559780746831105,9976.192163810967,5,2577.009077002614,2681.225777183675
S2,qlearning,0,1185,0.11829197922677438,10928.454853867643,6,3230.4499998808456,3448.899999924878
S2,qlearning,0,1186,0.17843583902809415,9291.249999688704,3,2721.68999992,2840.0499999
S2,qlearning,0,1187,0.1545778834720571,11320.858333134562,3,4597.733333333333,5315.666666666667
S2,qlearning,0,1188,0.12969737279680746,8273.049999935833,1,2199.1099999871667,2202.0
S2,qlearning,0,1189,0.10716382853787434,9520.5,0,2757.6,2853.0
S2,qlearning,0,1190,0.11288805268109126,9981.54999994122,1,2747.5,2882.5
S2,qlearning,0,1191,0.1727447216890595,8944.999999799944,2,2594.6,2689.0
S2,qlearning,0,1192,0.1633045148895293,10174.922288915293,4,2970.559999951875,2995.1999999398436
S2,qlearning,0,1193,0.18993839835728954,8299.049999934188,1,2563.0099999868376,2730.0
S2,qlearning,0,1194,0.18752130923968632,9347.949999736997,3,2965.609999983441,3008.0
S2,qlearning,0,1195,0.16410408042578356,11133.386666552595,2,3342.9693332917536,3520.836666614692
S2,qlearning,0,1196,0.18603018603018603,8575.5,0,2486.8,2491.0
S2,qlearning,0,1197,0.11024423337856173,10484.589914248232,17,3633.091653421082,3879.9182181482074
S2,qlearning,0,1198,0.16763848396501457,8315.324999603967,5,2435.5399999178667,2495.5499998973332
S2,qlearning,0,1199,0.1724137931034483,10970.953640726075,1,3014.7999999999997,3082.5
S2,qlearning,0,1200,0.11717591219222782,10656.898436901973,7,3259.4399999906095,3462.0
S2,qlearning,0,1201,0.15702479338842976,10047.207440593467,4,3807.725952536374,4264.657440670468
S2,qlearning,0,1202,0.14452473596442467,11489.0,0,3912.2,4145.0
S2,qlearning,0,1203,0.12082092022509103,9928.298332915982,5,2943.409666372456,3028.2499996487663
S2,qlearning,0,1204,0.11842509996924024,11837.494754466665,5,3427.2375639566285,3563.6499998374557
S2,qlearning,0,1205,0.16936671575846834,9211.6,0,3193.0399999999995,3543.0
S2,qlearning,0,1206,0.18149882903981265,7816.699997611741,4,2044.0399995893333,2087.049999486667
S2,qlearning,0,1207,0.17845117845117844,9047.051675616214,6,2959.0,3230.5
S2,qlearning,0,1208,0.16393442622950818,9892.599999893057,1,3078.7799999144445,3145.5999998930556
S2,qlearning,0,1209,0.1952341137123746,9088.766665972847,4,3502.7933332802836,3858.3
S2,qlearning,0,1210,0.15870521684475172,9787.024999433148,5,2939.379999983169,2954.2249999789615
S2,qlearning,0,1211,0.14390691977954684,10604.490732985449,13,2829.5435493350824,2900.031705621388
S2,qlearning,0,1212,0.16429539295392953,8959.970651722526,5,3171.3191301765473,3502.8749997200707
S2,qlearning,0,1213,0.17346610986186958,9631.0,0,2878.0,2962.0
S2,qlearning,0,1214,0.15802781289506954,11197.649999735228,2,3692.6,3728.5
S2,qlearning,0,1215,0.15752625437572929,11087.310734731227,3,3224.8621469462455,3259.5
S2,qlearning,0,1216,0.1708469647400945,7876.061110761162,4,2110.7,2188.0
S2,qlearning,0,1217,0.1435544071202986,11659.349999437716,6,3956.2599999464605,4289.5499999547055
S2,qlearning,0,1218,0.12303664921465969,13787.565682159197,5,3866.3999999999996,4146.5
S2,qlearning,0,1219,0.1306888068880689,9956.750624690438,4,2789.5132537475774,2859.105214682483
S2,qlearning,0,1220,0.17526455026455026,9420.212812580663,4,2565.5225625539592,2601.0
S2,qlearning,0,1221,0.14696276943174397,10994.74408551718,5,2847.4449999706108,2903.9249999706108
S2,qlearning,0,1222,0.14625228519195613,9926.049999956493,1,3080.139999965195,3270.0499999564936
S2,qlearning,0,1223,0.1419939577039275,9668.725372569048,6,2981.1250745368916,3215.0
S2,qlearning,0,1224,0.13855054811205847,10053.549999938889,1,2819.0,2959.5
S2,qlearning,0,1225,0.1596330275229358,9380.687704865264,1,2470.65,2483.5
S2,qlearning,0,1226,0.14461436170212766,10604.899999246201,3,3036.6599999580953,3099.299999947619
S2,qlearning,0,1227,0.15481832543443919,9173.999999862704,2,2427.3099999857404,2570.5
S2,qlearning,0,1228,0.14588008977236294,10235.62618975496,8,3536.8609520996547,3751.4261901760683
S2,qlearning,0,1229,0.12396694214876033,8736.628775718704,11,2259.8558285893546,2265.0
S2,qlearning,0,1230,0.16238159675236807,9349.599999700555,2,2741.2999999999997,2829.5
S2,qlearning,0,1231,0.13990672884743505,10526.649999669426,3,3314.5099999641857,3493.5
S2,qlearning,0,1232,0.14884979702300405,8728.599998000962,2,2612.1,2630.0
S2,qlearning,0,1233,0.17342248223986628,7616.9,0,2271.7,2292.0
S2,qlearning,0,1234,0.14334683702087878,11266.385747149225,5,2964.0764484489187,3046.8455605611484
S2,qlearning,0,1235,0.11798958014097456,11125.26697669617,12,3842.7921582365184,4118.19999992451
S2,qlearning,0,1236,0.13002364066193853,10961.75,0,2948.6,2966.25
S2,qlearning,0,1237,0.16181229773462782,9483.67726500222,4,2851.979491513479,2896.0
S2,qlearning,0,1238,0.1500789889415482,10906.949999625727,3,3195.6,3318.0
S2,qlearning,0,1239,0.14082278481012658,10627.199999559534,6,3042.959999697574,3086.2999996427784
S2,qlearning,0,1240,0.13676844783715011,11087.04796719291,3,3745.4695933932876,3982.5999999245096
S2,qlearning,0,1241,0.16891891891891891,8423.699999904939,1,2546.2999999999997,2712.0
S2,qlearning,0,1242,0.12573734864948774,10001.758950096788,9,3390.1775247151154,3582.0
S2,qlearning,0,1243,0.14575023013194233,10526.638888757443,2,3766.551111005955,4208.438888757444
S2,qlearning,0,1244,0.1369270683194004,10687.24999985529,2,3202.699999971058,3283.75
S2,qlearning,0,1245,0.17524644030668127,8980.5,0,2377.0,2393.5
S2,qlearning,0,1246,0.17754662840746055,9312.8,0,2980.4599999999996,3222.0
S2,qlearning,0,1247,0.16523463317911435,10046.0,0,2388.8,2436.5
S2,qlearning,0,1248,0.10047683923705722,9353.5,0,2821.5,2981.5
S2,qlearning,0,1249,0.2085139929050059,7713.2,0,2908.3999999999996,3118.5
S2,qlearning,0,1250,0.1481607629427793,9781.599999862325,2,2748.7999999999997,2850.5
S2,qlearning,0,1251,0.16869565217391305,10406.0,0,4002.9999999999995,4421.0
S2,qlearning,0,1252,0.10854041702370751,12137.049999946154,1,3446.7,3492.0
S2,qlearning,0,1253,0.1282952548330404,9768.081251221409,5,2901.1453446759147,2965.2379308509853
S2,qlearning,0,1254,0.12833333333333333,9786.686777402607,6,2993.817355480521,3101.0
S2,qlearning,0,1255,0.14600908500973395,10815.262902911998,3,3070.1403225114173,3178.1129031392716
S2,qlearning,0,1256,0.14415289925494007,10219.832421272211,5,4014.865937150209,4581.682421471557
S2,qlearning,0,1257,0.13851802403204272,10116.245097160205,8,2994.729999953808,3133.5
S2,qlearning,0,1258,0.1906099518459069,7866.199999626343,4,2132.6,2191.5
S2,qlearning,0,1259,0.17624521072796934,7432.899999820414,2,1796.8199998563312,1825.399999820414
S2,qlearning,0,1260,0.14552356849098386,9740.576066891897,3,3212.1008535716314,3522.37606696454
S2,qlearning,0,1261,0.1688073394495413,8569.72499924683,5,2768.9699997753164,2901.9249997937886
S2,qlearning,0,1262,0.13935527199462727,9655.604304736522,5,3025.0,3259.5
S2,qlearning,0,1263,0.13635019225081338,10453.056378922607,9,3414.0260124928095,3616.524561126608
S2,qlearning,0,1264,0.14528240287300032,10898.20813508801,6,3042.0152940537023,3100.144117567128
S2,qlearning,0,1265,0.1502870651806822,9121.5,0,2755.5,2801.5
S2,qlearning,0,1266,0.15570384493168096,9113.206451217493,4,2669.6312902714985,2745.0
S2,qlearning,0,1267,0.14543630892678033,11051.125863823403,8,3668.223615815914,3729.864071660797
S2,qlearning,0,1268,0.14467408585055644,11409.674999795618,2,3810.784999919197,3991.599999904938
S2,qlearning,0,1269,0.17599436818021824,9872.3,0,3155.1,3214.0
S2,qlearning,0,1270,0.18634622082897945,9517.65,0,2379.28,2424.75
S2,qlearning,0,1271,0.1672002845962291,8622.5,0,2971.3999999999996,3211.5
S2,qlearning,0,1272,0.15127639457926254,10255.59999985703,2,3156.0,3324.0
S2,qlearning,0,1273,0.1742671009771987,9927.749999925962,1,3536.2,3784.5
S2,qlearning,0,1274,0.16135228582404917,7111.649991522265,7,1937.6199984407515,1988.0
S2,qlearning,0,1275,0.14131470308034297,9799.503639143712,5,3161.875049471333,3410.5
S2,qlearning,0,1276,0.16116653875671527,8344.398135593026,3,2408.6432911452216,2567.806106711027
S2,qlearning,0,1277,0.16286035192811682,8912.509999732036,3,3228.7379998419697,3485.159999825938
S2,qlearning,0,1278,0.1794616151545364,9967.899999917205,1,3522.679999933763,3891.5999999172045
S2,qlearning,0,1279,0.15517241379310345,11474.999461778216,6,3552.41927095765,3829.024088697063
S2,qlearning,0,1280,0.17463813719320329,9048.847169669141,2,2717.6199999334053,2886.099999916757
S2,qlearning,0,1281,0.16671673175127666,10445.0,0,2856.2999999999997,2942.5
S2,qlearning,0,1282,0.17470300489168414,9568.949999851922,1,3013.68,3171.0
S2,qlearning,0,1283,0.12148337595907928,10684.985733153855,18,3167.8706540289495,3227.324999906674
S2,qlearning,0,1284,0.1741057296612852,9490.7,0,2260.7999999999997,2318.0
S2,qlearning,0,1285,0.1546218487394958,9549.475372381403,8,2836.659999854162,2879.3499998177026
S2,qlearning,0,1286,0.14405915349311577,11340.5,0,3365.6,3597.0
S2,qlearning,0,1287,0.15218676122931443,11509.674999814537,2,3166.4199998724403,3191.64999984055
S2,qlearning,0,1288,0.13294956140350878,12915.24999970255,4,4453.859999809792,4639.19999976224
S2,qlearning,0,1289,0.14908976773383553,10839.993716817304,6,3534.0,3801.5
S2,qlearning,0,1290,0.17365887207702888,9069.262508794642,6,2302.7,2449.0
S2,qlearning,0,1291,0.17070323898453457,9689.623588778555,2,2612.84,2631.8
S2,qlearning,0,1292,0.14756348661633492,8987.049999641396,3,2402.7599999239505,2475.949999904938
S2,qlearning,0,1293,0.15691007845503924,10450.274504178802,10,3575.0141301354515,3903.3562496737854
S2,qlearning,0,1294,0.15229295003422313,9728.0,0,3099.1,3329.5
S2,qlearning,0,1295,0.13880597014925372,10201.0,0,3634.9999999999995,4032.0
S2,qlearning,0,1296,0.14175654853620956,11119.0,0,4033.7999999999997,4284.0
S2,qlearning,0,1297,0.15024232633279483,10277.50024953414,5,2732.0837167876084,2756.0
S2,qlearning,0,1298,0.14313919052319843,10367.699999574006,3,3358.3599996592043,3588.6999995740057
S2,qlearning,0,1299,0.12697889182058048,9758.78483115639,4,2711.007864925112,2747.8848311563897
S2,qlearning,0,1300,0.15997585270147902,12082.874999838565,2,4110.3999998708505,4400.374999838564
S2,qlearning,0,1301,0.14846416382252559,9404.369662535368,4,3401.8057300603778,3737.0196625888407
S2,qlearning,0,1302,0.13620689655172413,9183.912820324142,3,3182.3425640648284,3280.0
S2,qlearning,0,1303,0.13548387096774195,10095.15,0,3085.4,3202.75
S2,qlearning,0,1304,0.13954270342972427,9792.144310510159,10,3367.5978025148243,3635.336548087302
S2,qlearning,0,1305,0.15884221673138016,8553.249999918948,1,2477.6,2657.5
S2,qlearning,0,1306,0.1491395793499044,9242.550784398887,8,3308.1630434522854,3536.0
S2,qlearning,0,1307,0.15130907854471268,10132.44999993,1,2603.2099999859997,2697.0
S2,qlearning,0,1308,0.1556279406442273,9347.431521659983,1,2360.36,2361.0
S2,qlearning,0,1309,0.15668523676880222,9730.145097822255,3,2530.35,2583.5
S2,qlearning,0,1310,0.12014239098190448,11592.685285650674,7,4444.397057115135,4940.099999975
S2,qlearning,0,1311,0.0917590027700831,10619.5,0,2977.0,2996.0
S2,qlearning,0,1312,0.14376462721497826,9828.5,0,3568.2,3907.0
S2,qlearning,0,1313,0.10513296227581942,11058.549999897334,1,3529.3,3539.5
S2,qlearning,0,1314,0.10816468946266573,10312.3499997873,2,3246.2299998298404,3291.5999997873005
S2,qlearning,0,1315,0.09342883836810963,10649.114821515246,3,2977.5307691432354,3126.549999909412
S2,qlearning,0,1316,0.11535812672176309,8068.4,0,2289.68,2372.0
S2,qlearning,0,1317,0.13263525305410123,9250.1,0,2948.4,2996.0
S2,qlearning,0,1318,0.14517801590044935,9473.642105122433,2,2901.4394736455074,3007.0184210350344
S2,qlearning,0,1319,0.1265597147950089,8892.5,0,2225.1,2256.0
S2,qlearning,0,1320,0.1913265306122449,7313.294261519444,8,2369.6954093074955,2388.744261634369
S2,qlearning,0,1321,0.10543038705950318,10267.199999917204,1,3033.2999999999997,3217.0
S2,qlearning,0,1322,0.11094224924012158,12569.75,0,3856.85,4082.5
S2,qlearning,0,1323,0.1244309559939302,10940.883631097508,7,3272.8669049378123,3311.8336311722655
S2,qlearning,0,1324,0.15953453453453453,9543.074831596265,6,3743.839865608864,4069.3748320669606
S2,qlearning,0,1325,0.1027900146842878,10245.086100767614,6,3000.05617367017,3085.9876236379237
S2,qlearning,0,1326,0.14973757332510035,11146.35,0,3017.72,3027.75
S2,qlearning,0,1327,0.1649528706083976,7174.5,0,2200.44,2338.5
S2,qlearning,0,1328,0.13765677577240745,10882.215017741215,7,3324.876885140799,3448.7749999019143
S2,qlearning,0,1329,0.14965034965034965,11354.215131319488,4,3309.0,3443.0
S2,qlearning,0,1330,0.1424784625579854,9888.8,0,3544.0999999999995,3882.5
S2,qlearning,0,1331,0.14564520827264782,12250.0,0,4037.2999999999997,4324.0
S2,qlearning,0,1332,0.11908219575951205,10705.778316643953,5,3296.2999999999997,3502.0
S2,qlearning,0,1333,0.13401403956604976,10492.503192007016,7,3728.062553661612,4065.9531920770155
S2,qlearning,0,1334,0.13848631239935588,9128.0,0,2591.0,2593.0
S2,qlearning,0,1335,0.12461059190031153,9894.5,0,3370.1,3648.5
S2,qlearning,0,1336,0.12779035910708508,10956.781306011937,3,3735.3212611886365,4148.274999977083
S2,qlearning,0,1337,0.09860050890585242,12044.416128447823,5,3734.4929029966893,3935.316128745862
S2,qlearning,0,1338,0.13729508196721313,8524.36265597384,14,2543.3056396049305,2660.0499999206186
S2,qlearning,0,1339,0.1280323450134771,9949.649999726498,3,3022.6,3060.5
S2,qlearning,0,1340,0.15299026425591097,9652.5,0,3509.04,3898.3
S2,qlearning,0,1341,0.1076388888888889,8601.049999944604,1,2711.909999988921,2878.0
S2,qlearning,0,1342,0.127724795640327,10863.874999947973,1,2636.6599999583786,2663.574999947973
S2,qlearning,0,1343,0.15696649029982362,10138.579508611683,9,3787.2878565465276,3816.2151300032265
S2,qlearning,0,1344,0.09951749095295537,11457.683333171937,2,4031.796666563853,4345.599999882443
S2,qlearning,0,1345,0.11304062909567497,9527.0,0,2511.9,2520.0
S2,qlearning,0,1346,0.1288135593220339,8998.250165295796,2,2969.798112383372,3004.1801322070214
S2,qlearning,0,1347,0.14629388816644995,10042.520304180758,8,3182.859114061869,3362.0874343669766
S2,qlearning,0,1348,0.10297146219476316,11130.437036881754,2,4247.279999927529,4702.599999909412
S2,qlearning,0,1349,0.12300683371298406,8421.466666500322,2,2523.773333200258,2623.2666665003226
S2,qlearning,0,1350,0.10615384615384615,10975.5,0,3654.7,3961.0
S2,qlearning,0,1351,0.12578616352201258,10746.19999973533,4,2905.5299998937626,3004.099999867203
S2,qlearning,0,1352,0.10656934306569343,11126.5,0,3360.7,3523.0
S2,qlearning,0,1353,0.10950080515297907,10786.25,0,2707.9,2815.0
S2,qlearning,0,1354,0.06758984503791625,9228.513593562548,9,3007.5448622760446,3227.0435778628803
S2,qlearning,0,1355,0.0440852314474651,8433.0,0,2370.6,2436.0
S2,qlearning,0,1356,0.060064935064935064,9454.21666628784,6,2640.0899999363996,2646.0499999538924
S2,qlearning,0,1357,0.03205128205128205,10319.049999864912,1,3053.109999972982,3206.5
S2,qlearning,0,1358,0.1324828263002944,10490.094444127162,4,2964.215555421153,3061.244444326201
S2,qlearning,0,1359,0.0859504132231405,10972.374999772604,3,3575.734999954521,3636.0
S2,qlearning,0,1360,0.12541553339377456,10615.29999995305,1,3878.0099999906097,4134.75
S2,qlearning,0,1361,0.1095360824742268,8777.233071568618,10,2618.3399999657777,2683.049999957222
S2,qlearning,0,1362,0.07531010041346722,10713.714471628095,5,3203.8261110698186,3297.782638837273
S2,qlearning,0,1363,0.10384215991692627,10231.578382275797,6,2859.9817015293884,2935.3396269381055
S2,qlearning,0,1364,0.12849584278155707,10063.35,0,3072.57,3085.0
S2,qlearning,0,1365,0.13430805848350902,9662.549999925242,1,3252.6,3472.5
S2,qlearning,0,1366,0.09870450339296731,11992.697180899951,6,3793.9777447834654,4014.5721809991774
S2,qlearning,0,1367,0.14144736842105263,9808.099122530415,3,2951.0799999299998,3134.0999999124997
S2,qlearning,0,1368,0.13106796116504854,10212.799999923762,1,2423.0,2474.75
S2,qlearning,0,1369,0.11376564277588168,8374.799999552193,4,2875.3999999999996,3024.0
S2,qlearning,0,1370,0.08389261744966443,11397.099999836648,2,3684.1399999612577,3829.5499999515723
S2,qlearning,0,1371,0.12021512179689972,9398.554624390801,12,2869.6446794032336,3068.7740170602533
S2,qlearning,0,1372,0.10998552821997105,11350.399999772515,3,3602.75,3704.5
S2,qlearning,0,1373,0.12710566615620214,10483.0,0,2788.0,2854.5
S2,qlearning,0,1374,0.12618813503769255,10446.674999612002,4,3314.3599997988467,3385.5749997485586
S2,qlearning,0,1375,0.10667067307692307,10574.421426048473,10,3128.148888774876,3355.5999999276996
S2,qlearning,0,1376,0.1393188854489164,10210.15,0,3190.0,3350.75
S2,qlearning,0,1377,0.15846383296047725,8198.25,0,2432.9,2437.25
S2,qlearning,0,1378,0.10686787804126886,11851.19057652886,4,3727.402116432125,3742.7526455401558
S2,qlearning,0,1379,0.10869565217391304,9971.6,0,3714.8,3729.5
S2,qlearning,0,1380,0.08537721204594846,10154.6296755206,4,3589.403740416479,3935.1296755205994
S2,qlearning,0,1381,0.07741347905282331,11306.579628922393,8,3508.3981480027983,3630.5851850522176
S2,qlearning,0,1382,0.1057309224639902,12508.05,0,4086.1,4202.25
S2,qlearning,0,1383,0.15619576535925025,9145.5,0,2911.1,2995.0
S2,qlearning,0,1384,0.10419724097446434,10712.5,0,3711.6,3934.5
S2,qlearning,0,1385,0.08107088989441931,8505.95465091331,3,2769.740930182662,3007.25
S2,qlearning,0,1386,0.06997667444185271,10498.798437338814,3,2768.939999952977,2786.2999999412214
S2,qlearning,0,1387,0.08398807911135193,12750.651355563889,14,3809.927774559009,3995.210747498314
S2,qlearning,0,1388,0.11056910569105691,9774.980510337613,9,2835.500991176877,2845.7324889875963
S2,qlearning,0,1389,0.11937244201909959,9651.899999687239,4,2759.0099999889208,2807.0
S2,qlearning,0,1390,0.11232633757020397,10640.362858912948,5,3237.1425717594707,3303.0499999407693
S2,qlearning,0,1391,0.09650180940892641,10957.0,0,3322.7999999999997,3549.0
S2,qlearning,0,1392,0.11058738216098622,9330.6499998408,2,3160.71999987264,3499.1499998408003
S2,qlearning,0,1393,0.09200401472064236,9959.24999958519,3,3477.1199998701195,3667.1499998376494
S2,qlearning,0,1394,0.1188707280832095,8022.879629386665,3,1796.3,1801.0
S2,qlearning,0,1395,0.0860479409956976,10810.845097911437,2,3007.0,3013.0
S2,qlearning,0,1396,0.125,8062.468804179835,6,2494.7712608524726,2604.5
S2,qlearning,0,1397,0.09026927784577723,11184.59999979471,3,2910.879999971361,2934.5
S2,qlearning,0,1398,0.16682707731793392,8884.5,0,2600.7,2729.0
S2,qlearning,0,1399,0.12991452991452992,9202.249999776,2,2630.2999999999997,2695.25
S2,qlearning,0,1400,0.1295064753237662,9834.645402651817,9,3029.945128419026,3166.5187172492897
S2,qlearning,0,1401,0.2119981957600361,6820.193923451525,4,2213.924550653815,2389.405688317269
S2,qlearning,0,1402,0.15476609215617307,8328.406410079013,3,2630.2012819676775,2691.0999999197916
S2,qlearning,0,1403,0.18403790087463556,8075.0,0,2456.0,2521.0
S2,qlearning,0,1404,0.10197027307293467,9120.148958175832,2,2860.6691665882945,3059.6989582552137
S2,qlearning,0,1405,0.20094562647754138,9036.3,0,2674.0,2804.5
S2,qlearning,0,1406,0.1329415057374755,11466.013636253232,2,3403.6,3414.25
S2,qlearning,0,1407,0.15577275503970678,10898.16573260683,5,3386.433146521366,3537.5
S2,qlearning,0,1408,0.14958625079567156,9598.209614816898,6,2511.811923019907,2513.5
S2,qlearning,0,1409,0.12729124236252545,9734.89161063331,2,3148.739999989,3301.0
S2,qlearning,0,1410,0.10999721526037315,11681.796731979106,1,4206.737385583285,4547.796731979106
S2,qlearning,0,1411,0.11607142857142858,11440.83306377081,8,3987.071292903774,4236.149999842399
S2,qlearning,0,1412,0.14705882352941177,11005.22736955804,6,3709.717395757449,3821.119869727699
S2,qlearning,0,1413,0.17553584626755359,9375.918852159768,4,3340.87508185926,3518.4688523240748
S2,qlearning,0,1414,0.146484375,10200.070997095485,9,2743.8411223346934,2842.311538135712
S2,qlearning,0,1415,0.1373283395755306,9828.812658182198,1,2554.700126545759,2564.0626581821984
S2,qlearning,0,1416,0.16579120157583715,9192.0,0,2998.5,3098.0
S2,qlearning,0,1417,0.1354062186559679,9993.180403748904,8,3720.925989780754,4031.782487225943
S2,qlearning,0,1418,0.15089594467148695,9607.4,0,3356.18,3628.0
S2,qlearning,0,1419,0.10712035286704474,9957.661125273718,8,2964.0268073152283,2981.6576371008077
S2,qlearning,0,1420,0.13925925925925925,10381.049999883333,1,3192.6,3232.0
S2,qlearning,0,1421,0.1162097735399285,9918.519064307324,6,2856.4299998727392,2914.64999985529
S2,qlearning,0,1422,0.15007949125596184,9186.645536070479,7,2800.9599999597385,2866.6999999496734
S2,qlearning,0,1423,0.17972001513431707,7552.4,0,2223.92,2335.5
S2,qlearning,0,1424,0.13978861234231163,10331.224999718997,3,3453.1799997751987,3505.7249997189983
S2,qlearning,0,1425,0.14993686868686867,9868.59153101374,3,3024.3332248109928,3100.691531013741
S2,qlearning,0,1426,0.1165132336018412,11984.79279237473,6,3666.0999999999995,4013.0
S2,qlearning,0,1427,0.12433112999685238,9940.815113253198,7,2504.96302265574,2516.049999929358
S2,qlearning,0,1428,0.1626380185019397,10586.947457506283,2,3062.439999951111,3104.049999938889
S2,qlearning,0,1429,0.17429938482570062,10323.95,0,3567.18,3804.75
S2,qlearning,0,1430,0.13813042081593319,10043.25,0,2937.5,3088.75
S2,qlearning,0,1431,0.14705882352941177,9011.654411623229,2,2739.2999999999997,2945.5
S2,qlearning,0,1432,0.17112843104032532,10658.824999884731,1,3162.884999921617,3319.0999999077844
S2,qlearning,0,1433,0.15234613040828762,10703.0,0,4107.2,4580.0
S2,qlearning,0,1434,0.1342062193126023,10370.941747508308,6,3161.7145995532915,3267.160416644432
S2,qlearning,0,1435,0.14332247557003258,8497.423552060724,9,2452.669343949978,2466.530132406092
S2,qlearning,0,1436,0.17135642135642135,9228.593358765162,10,2716.899999645595,2896.749999556994
S2,qlearning,0,1437,0.15998652745031997,8656.64999976981,3,2131.6399999275295,2133.049999909412
S2,qlearning,0,1438,0.11986301369863013,12439.797548413564,7,3777.604999943082,3934.0499999425374
S2,qlearning,0,1439,0.15295515295515297,12319.598402034822,7,3568.7372515710335,3648.915972363328
S2,qlearning,0,1440,0.15392093324692158,10780.884608486547,10,3521.6366196947997,3724.778385519432
S2,qlearning,0,1441,0.17712865133623368,10037.0,0,2633.0,2669.5
S2,qlearning,0,1442,0.16853932584269662,9604.874999297645,6,2525.324999955499,2571.0
S2,qlearning,0,1443,0.20833333333333334,8165.25,0,2649.0,2731.25
S2,qlearning,0,1444,0.17977928088287648,9154.25,0,3071.7999999999997,3357.75
S2,qlearning,0,1445,0.1890221737549982,8616.416666362507,4,3128.4533331524813,3373.1499997999663
S2,qlearning,0,1446,0.1875876577840112,8960.0,0,2643.5,2752.0
S2,qlearning,0,1447,0.13649240278135463,13257.0,0,3966.4,4093.0
S2,qlearning,0,1448,0.16323633782824698,8174.099999648611,2,3000.6399998288884,3302.049999786111
S2,qlearning,0,1449,0.19149683766690093,8621.803278285932,4,2520.162622822152,2661.2032785276906
S2,qlearning,0,1450,0.14488791689447786,11842.049999952174,1,3271.7,3408.0
S2,qlearning,0,1451,0.18815052041633307,9052.7,0,2893.2400000000002,2927.3
S2,qlearning,0,1452,0.12909319899244331,10742.868579329352,8,3231.4937158994985,3247.0
S2,qlearning,0,1453,0.15065852875040153,9943.199999816565,2,3040.939999936495,3068.0499999206186
S2,qlearning,0,1454,0.12413999401734968,10559.696151488362,8,3481.404572743173,3629.808903992898
S2,qlearning,0,1455,0.14028352037802716,12000.502875843524,4,3570.599999900095,3804.599999905521
S2,qlearning,0,1456,0.17319804058782365,9011.449999747343,3,2599.719999874874,2616.3999998435925
S2,qlearning,0,1457,0.15275952693823916,10426.625372817003,4,3367.2,3545.0
S2,qlearning,0,1458,0.12786202795123403,10435.999999921429,1,3424.9099999842856,3477.25
S2,qlearning,0,1459,0.14458641560188298,10902.81536677628,2,3182.009999970385,3193.5
S2,qlearning,0,1460,0.13666072489601902,11713.25,0,3734.2999999999997,3903.25
S2,qlearning,0,1461,0.13854296388542964,10885.5499998625,1,2969.1,3009.5
S2,qlearning,0,1462,0.16069635085369938,9004.649999787749,3,2844.419999975251,3035.0
S2,qlearning,0,1463,0.1657014157014157,10055.649999713522,4,3133.3649999069266,3220.5749999144446
S2,qlearning,0,1464,0.14952349654945776,10237.403335092124,3,2772.190825979314,2838.6835982681487
S2,qlearning,0,1465,0.16139444803098774,10279.31891874523,2,3056.75,3121.0
S2,qlearning,0,1466,0.11394712853236098,12180.024501649814,8,3290.5153427643663,3336.78716801688
S2,qlearning,0,1467,0.12108040981061782,10749.75,0,2992.7999999999997,3170.25
S2,qlearning,0,1468,0.13099747474747475,12131.549218326954,5,3130.679999905135,3162.0999998814186
S2,qlearning,0,1469,0.12166666666666667,10318.660881446238,8,3037.5764399358795,3116.9
S2,qlearning,0,1470,0.12755102040816327,10779.479411453629,4,3294.8235291629026,3514.779411453628
S2,qlearning,0,1471,0.16260162601626016,8976.224999271682,5,2517.4599996214465,2561.3249995268084
S2,qlearning,0,1472,0.11033681765389082,10428.375766312627,10,3045.467712234007,3189.299999797161
S2,qlearning,0,1473,0.1740564309270795,9376.6214889118,4,2399.0199999726087,2444.0
S2,qlearning,0,1474,0.16367476240760295,8276.417779954765,10,2651.3946938123663,2834.6183672654583
S2,qlearning,0,1475,0.1443335709194583,10292.793142387836,6,3212.4927998885264,3253.125999945792
S2,qlearning,0,1476,0.10848126232741617,10638.024515085266,9,3275.597574788849,3436.0499999457747
S2,qlearning,0,1477,0.13137557959814528,9504.6,0,3065.1,3276.5
S2,qlearning,0,1478,0.14098045498237743,9142.649999371428,3,2446.2999999999997,2536.0
S2,qlearning,0,1479,0.07933709449929478,10003.31169821633,7,2579.5037498899633,2604.0999999083333
S2,qlearning,0,1480,0.1400359066427289,9513.692885034716,9,2901.9586526264757,2934.68345928815
S2,qlearning,0,1481,0.12496604183645749,12920.6,0,4494.18,4729.6
S2,qlearning,0,1482,0.13958964009418096,10851.092486845899,8,3043.959989674777,3085.187487131971
S2,qlearning,0,1483,0.14318010550113036,8599.649999818628,2,2754.2199999766667,2889.0
S2,qlearning,0,1484,0.1331630791681868,9497.574036400922,3,3245.6792291207366,3428.9740364009212
S2,qlearning,0,1485,0.14285714285714285,11049.14545443267,2,3511.3763635917653,3792.5954544897068
S2,qlearning,0,1486,0.15357142857142858,9341.190675845808,5,2873.038790802702,3030.3344260559006
S2,qlearning,0,1487,0.1499819298879653,8106.749999701625,3,2923.1199999563664,3136.0
S2,qlearning,0,1488,0.1366535074400243,11297.23055542232,2,3007.0399999633332,3189.0499999541667
S2,qlearning,0,1489,0.13623595505617977,11653.3108938102,5,3609.768721245714,3761.7109015571427
S2,qlearning,0,1490,0.1693573915796138,10316.09999984658,2,2937.0,3110.5
S2,qlearning,0,1491,0.14335868929198362,10070.92692236667,7,2604.521538222833,2626.276922778541
S2,qlearning,0,1492,0.1634086744043983,11933.394965413592,2,4010.928993082718,4266.25
S2,qlearning,0,1493,0.17394158188382014,9219.5,0,2565.2,2666.5
S2,qlearning,0,1494,0.18330605564648117,9117.420298552472,4,2741.0272460038464,2945.0
S2,qlearning,0,1495,0.16020236087689713,10036.116759118371,9,2822.7958517812312,2871.224999889157
S2,qlearning,0,1496,0.1342014350252458,11578.514571705782,7,3596.304201470085,3611.9688118041713
S2,qlearning,0,1497,0.15141955835962145,9672.599999840377,2,3248.2,3584.0
S2,qlearning,0,1498,0.13674614305750352,8779.5,0,2652.2999999999997,2779.0
S2,qlearning,0,1499,0.15655899802241266,8217.5,0,2085.2,2113.5
