scenario,method,seed,episode,service_level,total_cost,scri_viol,VaR95,TVaR95
S3,qlearning,0,0,0.12456208641494745,6567.400000000001,3,1636.32,1695.2
S3,qlearning,0,1,0.09615384615384616,5983.900000000001,2,1987.96,2134.2000000000003
S3,qlearning,0,2,0.12564818508177103,5866.3,0,1669.56,1741.4
S3,qlearning,0,3,0.10797016097369454,6382.6,1,1536.2800000000002,1549.1000000000001
S3,qlearning,0,4,0.10885082084225553,6641.1,0,1822.78,1876.0
S3,qlearning,0,5,0.13367916999201915,5447.5,4,1670.6,1756.2
S3,qlearning,0,6,0.1250480954213159,5998.1,0,1669.4,1746.0000000000002
S3,qlearning,0,7,0.10931021485111195,6631.0,1,1749.3000000000002,1768.6000000000001
S3,qlearning,0,8,0.12063227953410982,5487.6,0,1499.96,1526.8000000000002
S3,qlearning,0,9,0.14125386996904024,6012.900000000001,2,1864.8000000000002,1866.8000000000002
S3,qlearning,0,10,0.1309390198279087,6752.700000000001,2,2040.46,2153.2000000000003
S3,qlearning,0,11,0.1221877424359969,6161.200000000001,3,1750.24,1812.9
S3,qlearning,0,12,0.13383939272872553,6157.400000000001,0,1615.02,1641.0
S3,qlearning,0,13,0.1109350237717908,5840.200000000001,8,1644.7200000000003,1663.5000000000002
S3,qlearning,0,14,0.14049877063575694,5763.900000000001,1,1620.38,1694.0000000000002
S3,qlearning,0,15,0.1217739003998546,6689.8,2,2021.38,2120.2000000000003
S3,qlearning,0,16,0.11770726714431934,6912.700000000001,0,1898.0000000000002,1925.8000000000002
S3,qlearning,0,17,0.09814418272662384,5818.900000000001,1,1563.3200000000002,1584.2
S3,qlearning,0,18,0.13714285714285715,6699.000000000001,0,1629.88,1638.1000000000001
S3,qlearning,0,19,0.13498098859315588,6149.200000000001,0,1776.4,1812.7
S3,qlearning,0,20,0.1573355128729056,5775.900000000001,1,1786.7,1875.6000000000001
S3,qlearning,0,21,0.139739663093415,5878.500000000001,2,1765.3200000000002,1777.6000000000001
S3,qlearning,0,22,0.11656658424584952,7370.500000000001,2,2233.16,2313.0
S3,qlearning,0,23,0.15433320142461418,5556.5,0,1420.22,1423.0
S3,qlearning,0,24,0.12226750648388292,6362.5,2,1808.44,1822.6000000000001
S3,qlearning,0,25,0.13167795334838225,5751.1,1,1379.18,1383.6000000000001
S3,qlearning,0,26,0.09200401472064236,7111.000000000001,1,1904.24,1939.3000000000002
S3,qlearning,0,27,0.13290902283788844,6107.1,2,1970.8000000000002,2112.8
S3,qlearning,0,28,0.10917838638045892,6692.900000000001,0,1983.68,2103.4
S3,qlearning,0,29,0.13924050632911392,6200.900000000001,2,1547.4400000000003,1560.5000000000002
S3,qlearning,0,30,0.12595837897042717,6690.700000000001,2,1852.92,1889.8000000000002
S3,qlearning,0,31,0.12016718913270637,7490.400000000001,1,2123.2200000000003,2213.8
S3,qlearning,0,32,0.13377926421404682,6759.900000000001,1,1993.92,2121.2000000000003
S3,qlearning,0,33,0.1609487505294367,5394.8,0,1605.1399999999999,1662.0
S3,qlearning,0,34,0.13362652232746955,7139.3,0,1829.5600000000002,1845.6000000000001
S3,qlearning,0,35,0.13691128148959475,6730.900000000001,0,1941.3600000000001,1988.2000000000003
S3,qlearning,0,36,0.1213235294117647,7215.8,0,2266.48,2447.6000000000004
S3,qlearning,0,37,0.1561925762587284,6557.900000000001,0,2113.28,2280.0000000000005
S3,qlearning,0,38,0.1554001554001554,5406.1,0,1461.0000000000002,1482.8000000000002
S3,qlearning,0,39,0.11688311688311688,6847.500000000001,2,2409.98,2662.6000000000004
S3,qlearning,0,40,0.13677811550151975,5723.1,2,1614.96,1652.2
S3,qlearning,0,41,0.1474820143884892,6817.5,1,2361.64,2607.0
S3,qlearning,0,42,0.13133892739875958,6460.3,0,2023.1200000000001,2171.3
S3,qlearning,0,43,0.13288377627925427,6019.700000000001,3,1942.96,1975.4
S3,qlearning,0,44,0.16019223067681218,5787.1,0,1865.52,1964.0
S3,qlearning,0,45,0.13909495548961423,6591.900000000001,5,2315.96,2542.4000000000005
S3,qlearning,0,46,0.1425891181988743,6239.700000000001,0,1638.8,1697.0
S3,qlearning,0,47,0.1631231671554252,6559.900000000001,0,1667.58,1683.0
S3,qlearning,0,48,0.14871236851650343,6399.3,0,2083.72,2255.8
S3,qlearning,0,49,0.1385809312638581,5470.700000000001,0,1373.6000000000001,1392.4
S3,qlearning,0,50,0.11614837017609592,6906.5666666666675,0,2280.5733333333333,2438.0666666666666
S3,qlearning,0,51,0.15013054830287206,5223.900000000001,7,1471.52,1525.9
S3,qlearning,0,52,0.13492675404780263,7201.700000000001,1,2147.32,2188.2000000000003
S3,qlearning,0,53,0.11600537995965031,7233.700000000001,2,2352.88,2454.2000000000003
S3,qlearning,0,54,0.12958963282937366,6510.900000000001,0,2038.56,2185.0
S3,qlearning,0,55,0.12555690562980965,5698.700000000001,5,1497.0,1530.4
S3,qlearning,0,56,0.11720385098367518,6113.1,0,2070.6,2131.8
S3,qlearning,0,57,0.12062937062937062,7039.400000000001,0,1858.76,1915.6000000000001
S3,qlearning,0,58,0.13252555850056796,6529.3,3,1871.06,1956.0
S3,qlearning,0,59,0.11904761904761904,5805.1,2,1796.16,1956.6000000000001
S3,qlearning,0,60,0.1504950495049505,5565.700000000001,0,1693.44,1792.4
S3,qlearning,0,61,0.17191383595691798,5738.500000000001,0,1575.42,1621.8000000000002
S3,qlearning,0,62,0.11913626209977662,6605.700000000001,0,1790.2800000000002,1808.6000000000001
S3,qlearning,0,63,0.12716763005780346,6884.3,0,1894.6200000000001,1938.8000000000002
S3,qlearning,0,64,0.13717421124828533,6582.500000000001,2,1800.0400000000002,1853.6000000000001
S3,qlearning,0,65,0.1457000710732054,7345.1,0,2669.42,2991.2000000000003
S3,qlearning,0,66,0.12895460797799174,6547.750000000001,2,1759.4800000000002,1766.9000000000003
S3,qlearning,0,67,0.14025500910746813,6353.8,0,1829.2600000000002,1905.0000000000002
S3,qlearning,0,68,0.13404825737265416,6045.3,0,1854.16,1952.0000000000002
S3,qlearning,0,69,0.16005820298290288,6328.6,0,1817.56,1842.4
S3,qlearning,0,70,0.14492753623188406,5872.3,0,1664.32,1735.2
S3,qlearning,0,71,0.13988399863527806,7406.700000000001,0,2416.9,2634.6000000000004
S3,qlearning,0,72,0.11403169694626981,6047.1,5,1661.8400000000001,1721.2000000000003
S3,qlearning,0,73,0.12242518460940537,5870.1,2,1756.2400000000002,1772.6000000000001
S3,qlearning,0,74,0.1669793621013133,5616.8,1,1548.76,1557.9
S3,qlearning,0,75,0.11223750905141203,7034.1,0,2079.2200000000003,2123.6000000000004
S3,qlearning,0,76,0.1574074074074074,5402.5,0,1492.76,1496.4
S3,qlearning,0,77,0.12839598064756233,6514.3,1,1764.24,1805.4
S3,qlearning,0,78,0.14794007490636704,6816.3,0,1861.5,1894.0
S3,qlearning,0,79,0.1467041800643087,5895.55,0,1805.64,1898.6000000000001
S3,qlearning,0,80,0.13958898797983715,5824.900000000001,2,1803.72,1889.4
S3,qlearning,0,81,0.15667311411992263,6494.200000000001,0,1908.0800000000002,1972.6000000000001
S3,qlearning,0,82,0.14722975590856258,6195.3,3,1629.48,1646.9
S3,qlearning,0,83,0.1506276150627615,5858.500000000001,0,1539.56,1579.4
S3,qlearning,0,84,0.1625,5608.5,0,2031.2799999999997,2228.0
S3,qlearning,0,85,0.11921965317919075,6771.200000000001,2,1680.5600000000002,1681.7000000000003
S3,qlearning,0,86,0.18162839248434237,5282.900000000001,0,1545.88,1613.3000000000002
S3,qlearning,0,87,0.1589825119236884,5612.3,0,1509.2600000000002,1571.0000000000002
S3,qlearning,0,88,0.1493342929111191,6766.0,0,2153.46,2270.0
S3,qlearning,0,89,0.15139900344959756,6233.1,0,1916.6400000000003,1965.4000000000003
S3,qlearning,0,90,0.17677707480461483,6686.5,2,2099.44,2163.0
S3,qlearning,0,91,0.14490095377842993,6541.1,0,1774.6200000000003,1780.2000000000003
S3,qlearning,0,92,0.13278855975485188,7444.3,3,2268.2400000000002,2297.4
S3,qlearning,0,93,0.13303769401330376,6307.3,3,1783.96,1846.7
S3,qlearning,0,94,0.1539360872954014,6793.5,1,2190.0400000000004,2203.6000000000004
S3,qlearning,0,95,0.15979381443298968,6555.1,0,2344.92,2524.4
S3,qlearning,0,96,0.15196441808747221,6250.0,0,1677.8400000000001,1686.9
S3,qlearning,0,97,0.16280894468418988,5984.700000000001,0,1776.14,1860.6000000000001
S3,qlearning,0,98,0.1527001862197393,6788.700000000001,1,1975.68,2046.0000000000002
S3,qlearning,0,99,0.1441578148710167,6537.1,4,1758.6200000000001,1763.5000000000002
S3,qlearning,0,100,0.17528328611898017,6694.700000000001,1,1778.24,1817.0
S3,qlearning,0,101,0.12264150943396226,6000.3,2,1700.76,1788.6000000000001
S3,qlearning,0,102,0.1501856226797165,6948.900000000001,1,2105.98,2193.2000000000003
S3,qlearning,0,103,0.1614128370679833,6395.8,1,1727.7200000000003,1740.2000000000003
S3,qlearning,0,104,0.13672551055728627,7765.3,3,2281.2400000000002,2378.2000000000003
S3,qlearning,0,105,0.15963978714695046,5891.400000000001,0,1863.3,1936.4
S3,qlearning,0,106,0.1518784972022382,5879.0,3,1566.5400000000002,1576.4
S3,qlearning,0,107,0.16386373436826218,5437.25,0,1702.64,1794.0000000000002
S3,qlearning,0,108,0.1524628616106333,6474.400000000001,1,1726.0,1766.9
S3,qlearning,0,109,0.16789667896678967,5939.900000000001,0,1766.6399999999999,1867.2
S3,qlearning,0,110,0.15673981191222572,5962.200000000001,0,1608.5800000000002,1612.6000000000001
S3,qlearning,0,111,0.18127490039840638,5764.700000000001,1,1548.3600000000001,1589.8000000000002
S3,qlearning,0,112,0.17763423496164715,5752.300000000001,2,2059.52,2268.6000000000004
S3,qlearning,0,113,0.14270424545130217,7135.8,0,2301.12,2416.7
S3,qlearning,0,114,0.1356954391255183,6894.300000000001,5,1576.48,1578.2
S3,qlearning,0,115,0.1988879384088965,5353.5,0,1386.2,1417.6000000000001
S3,qlearning,0,116,0.1578165614556257,6206.3,2,1641.5,1682.0
S3,qlearning,0,117,0.16297043010752688,6641.000000000001,0,1918.74,2010.1000000000001
S3,qlearning,0,118,0.13748694744169856,6673.900000000001,3,1844.7800000000002,1892.8000000000002
S3,qlearning,0,119,0.13482719331560958,6321.5,0,1732.2,1771.4
S3,qlearning,0,120,0.10754583921015515,6791.700000000001,0,1895.3400000000001,1915.4
S3,qlearning,0,121,0.13405797101449277,6812.3,0,2117.6800000000003,2141.6000000000004
S3,qlearning,0,122,0.15836230204712243,5795.5,0,1361.3200000000002,1380.1000000000001
S3,qlearning,0,123,0.15323691460055097,6723.900000000001,4,1995.2,2045.6000000000001
S3,qlearning,0,124,0.1263902932254803,7789.000000000001,1,2093.3,2125.0
S3,qlearning,0,125,0.1294435857805255,5814.6,0,1543.8000000000002,1597.2000000000003
S3,qlearning,0,126,0.16506717850287908,5957.700000000001,1,1839.64,1889.0000000000002
S3,qlearning,0,127,0.15816896166728694,6260.700000000001,1,2024.0,2161.0
S3,qlearning,0,128,0.12270942408376963,7267.500000000001,2,2122.86,2189.2000000000003
S3,qlearning,0,129,0.16998827667057445,6912.8,1,2095.0,2169.3
S3,qlearning,0,130,0.1719312275089964,5480.5,0,1360.48,1374.7
S3,qlearning,0,131,0.1908548707753479,5813.0,0,1622.8600000000001,1641.0000000000002
S3,qlearning,0,132,0.16760904684975766,5850.5,0,1608.6000000000001,1638.4
S3,qlearning,0,133,0.1569767441860465,5952.8,0,1800.22,1829.2
S3,qlearning,0,134,0.15403682719546744,6530.5,0,1761.18,1822.6000000000001
S3,qlearning,0,135,0.1592797783933518,6338.700000000001,0,1808.0400000000002,1893.0000000000002
S3,qlearning,0,136,0.14979142965491088,6708.3,0,1826.22,1892.6000000000001
S3,qlearning,0,137,0.16261682242990655,5625.5,0,1460.04,1489.7
S3,qlearning,0,138,0.17483777937995673,6066.6,0,1730.08,1834.1000000000001
S3,qlearning,0,139,0.1927019270192702,6075.450000000001,0,1642.3000000000002,1660.8000000000002
S3,qlearning,0,140,0.1292077524651479,7238.3,3,2013.6800000000003,2041.2000000000003
S3,qlearning,0,141,0.17099056603773585,5042.3,0,1378.44,1410.0
S3,qlearning,0,142,0.12770137524557956,6360.900000000001,0,1992.3400000000001,2057.4
S3,qlearning,0,143,0.19104354971240756,6070.85,1,2022.07,2133.6
S3,qlearning,0,144,0.18637532133676094,6163.8,0,2098.58,2180.0
S3,qlearning,0,145,0.20336894001643385,6069.8,5,2180.96,2371.9
S3,qlearning,0,146,0.1898238747553816,5321.55,0,1487.54,1559.8000000000002
S3,qlearning,0,147,0.1518942101501072,6264.900000000001,0,1556.92,1585.8000000000002
S3,qlearning,0,148,0.16491754122938532,6093.3,0,1667.92,1696.6000000000001
S3,qlearning,0,149,0.15221238938053097,7236.3,0,1972.8799999999999,2050.0
S3,qlearning,0,150,0.17022817819630567,6356.05,0,1745.32,1814.4
S3,qlearning,0,151,0.142,5804.650000000001,1,1499.8600000000001,1512.2
S3,qlearning,0,152,0.11005692599620494,7153.6,5,2638.94,2795.4
S3,qlearning,0,153,0.17136329017517135,5791.900000000001,0,1712.0800000000002,1725.6000000000001
S3,qlearning,0,154,0.15855457227138642,6369.3,0,1725.36,1756.2
S3,qlearning,0,155,0.15752625437572929,5440.400000000001,1,1358.28,1396.2
S3,qlearning,0,156,0.1661249548573492,6420.900000000001,0,1919.0,1948.0
S3,qlearning,0,157,0.18346852066434918,5939.8,0,1497.4800000000002,1516.5000000000002
S3,qlearning,0,158,0.1271914747335854,7472.800000000001,1,2383.96,2512.6000000000004
S3,qlearning,0,159,0.16339869281045752,5297.6,0,1440.98,1477.4
S3,qlearning,0,160,0.14951321279554938,7048.6,0,2129.0600000000004,2176.2000000000003
S3,qlearning,0,161,0.15467759970182632,6750.3,0,1909.8400000000001,1957.6000000000001
S3,qlearning,0,162,0.15345765345765347,5762.700000000001,3,1616.0800000000002,1675.6000000000001
S3,qlearning,0,163,0.15262751159196292,7004.3,2,2054.56,2116.8
S3,qlearning,0,164,0.16840882694541232,5414.3,0,1785.36,1952.4
S3,qlearning,0,165,0.16939019529693106,6515.700000000001,0,2140.6,2183.0
S3,qlearning,0,166,0.1461418550272798,6655.000000000001,3,1914.6400000000003,1919.5000000000002
S3,qlearning,0,167,0.1313969571230982,6850.1,4,1978.9000000000003,2043.2000000000003
S3,qlearning,0,168,0.12741046831955924,7069.3,0,2226.18,2399.4
S3,qlearning,0,169,0.17469657962486207,6485.6,1,1951.4,2076.9
S3,qlearning,0,170,0.16157670454545456,7082.900000000001,0,2135.9,2202.0
S3,qlearning,0,171,0.15552099533437014,6010.8,0,1565.76,1636.0
S3,qlearning,0,172,0.16776202006226218,6943.400000000001,0,2065.9,2104.9
S3,qlearning,0,173,0.170261066969353,5255.1,1,1442.36,1482.0
S3,qlearning,0,174,0.18729641693811075,6002.1,0,1693.18,1767.2
S3,qlearning,0,175,0.1880016899028306,4969.5,0,1297.36,1329.5
S3,qlearning,0,176,0.1923831959167648,5944.700000000001,0,1895.92,2044.6000000000001
S3,qlearning,0,177,0.15106303618052966,6484.400000000001,0,1636.32,1658.0
S3,qlearning,0,178,0.1512455516014235,6239.900000000001,0,1495.6799999999998,1567.0
S3,qlearning,0,179,0.13211009174311927,6660.6,3,2015.18,2047.6000000000001
S3,qlearning,0,180,0.13861772745021475,6927.400000000001,0,2257.6200000000003,2425.1000000000004
S3,qlearning,0,181,0.15465861938890985,5813.0,0,1579.8600000000001,1595.4
S3,qlearning,0,182,0.14188422247446084,6430.200000000001,0,2017.56,2156.4
S3,qlearning,0,183,0.16427822439706397,6350.700000000001,1,1687.72,1738.2
S3,qlearning,0,184,0.15845070422535212,6295.5,4,1666.88,1685.8000000000002
S3,qlearning,0,185,0.18174308137133416,6170.500000000001,2,1791.5600000000002,1821.2000000000003
S3,qlearning,0,186,0.17762660619803478,5525.700000000001,0,1491.0,1495.4
S3,qlearning,0,187,0.19423076923076923,6159.3,0,2042.2800000000002,2136.6000000000004
S3,qlearning,0,188,0.18056089127929312,5721.700000000001,0,1929.68,2087.6000000000004
S3,qlearning,0,189,0.1800232288037166,5664.5,0,1649.76,1710.6000000000001
S3,qlearning,0,190,0.14589337175792508,6736.6,1,2004.3000000000002,2101.8
S3,qlearning,0,191,0.15729089563286455,6355.500000000001,0,1903.4400000000003,2061.6000000000004
S3,qlearning,0,192,0.16408554572271386,6045.900000000001,0,1757.0000000000002,1764.6000000000001
S3,qlearning,0,193,0.15660809778456838,5787.900000000001,0,1547.96,1598.8000000000002
S3,qlearning,0,194,0.1850438763830599,6160.3,1,1661.52,1718.6000000000001
S3,qlearning,0,195,0.16477272727272727,6591.900000000001,0,1768.02,1805.4
S3,qlearning,0,196,0.1724137931034483,6706.700000000001,2,1770.6000000000001,1791.4
S3,qlearning,0,197,0.16408902301018483,6357.6,6,1835.0800000000002,1875.5000000000002
S3,qlearning,0,198,0.1569111424541608,6285.6,0,1824.3,1925.9
S3,qlearning,0,199,0.15267175572519084,7092.500000000001,7,2001.5200000000002,2048.2000000000003
S3,qlearning,0,200,0.15304145679969003,6493.400000000001,4,1575.7400000000002,1577.8000000000002
S3,qlearning,0,201,0.16707703130495954,6009.3,0,1519.0800000000002,1522.8000000000002
S3,qlearning,0,202,0.17107046070460705,7068.400000000001,1,1911.6000000000001,1914.1000000000001
S3,qlearning,0,203,0.17448856799037304,5773.1,3,2013.68,2225.2000000000003
S3,qlearning,0,204,0.1870748299319728,5983.8,0,1562.78,1569.0
S3,qlearning,0,205,0.14722325754752144,6538.1,1,2106.8,2246.6000000000004
S3,qlearning,0,206,0.20169035728006146,6566.1,2,1841.96,1876.4
S3,qlearning,0,207,0.17543859649122806,6019.900000000001,4,1425.6000000000001,1433.4
S3,qlearning,0,208,0.17540402049664958,6365.6,2,1630.48,1638.6000000000001
S3,qlearning,0,209,0.1676190476190476,5777.3,2,1581.2800000000002,1637.8000000000002
S3,qlearning,0,210,0.17671130952380953,7135.700000000001,1,2066.44,2094.8
S3,qlearning,0,211,0.1812522885389967,6328.3,0,1689.8400000000001,1749.8000000000002
S3,qlearning,0,212,0.18225331369661266,5989.0,1,1774.86,1858.5
S3,qlearning,0,213,0.1921583850931677,5587.1,1,1502.1000000000001,1536.8000000000002
S3,qlearning,0,214,0.17095588235294118,6810.200000000001,0,2269.68,2420.9
S3,qlearning,0,215,0.1520912547528517,5890.5,0,1748.3600000000001,1810.0000000000002
S3,qlearning,0,216,0.1785036080516521,6030.1,2,1705.3600000000001,1733.4
S3,qlearning,0,217,0.15421776291341507,6353.200000000001,8,1676.48,1757.8000000000002
S3,qlearning,0,218,0.17260579064587972,6295.1,0,2102.7599999999998,2223.6
S3,qlearning,0,219,0.17065515888583757,5636.6,1,1430.76,1451.0
S3,qlearning,0,220,0.15827612509534705,6107.3,2,1897.88,1942.4
S3,qlearning,0,221,0.18490566037735848,5984.1,1,1692.2400000000002,1717.8000000000002
S3,qlearning,0,222,0.15500945179584122,6072.0,2,1558.64,1571.9
S3,qlearning,0,223,0.14700673042862203,7037.900000000001,0,2127.7200000000003,2163.2000000000003
S3,qlearning,0,224,0.11909058101768315,6848.000000000001,5,1621.8600000000001,1630.8000000000002
S3,qlearning,0,225,0.18018018018018017,6646.3,0,1714.04,1831.0
S3,qlearning,0,226,0.16086298258894777,5911.5,2,1738.0,1811.3000000000002
S3,qlearning,0,227,0.1744406522563519,6558.000000000001,2,1787.5200000000002,1789.9
S3,qlearning,0,228,0.14226945491943777,8317.900000000001,6,2634.1400000000003,2744.2000000000003
S3,qlearning,0,229,0.18556701030927836,5093.3,0,1483.1200000000001,1492.8000000000002
S3,qlearning,0,230,0.1568770521707406,6297.3,0,1950.68,2105.4
S3,qlearning,0,231,0.13909774436090225,6010.8,0,1720.18,1828.3000000000002
S3,qlearning,0,232,0.14072494669509594,4730.5,0,1288.0800000000002,1306.8000000000002
S3,qlearning,0,233,0.09854964670881368,6622.6,1,1967.46,2020.2
S3,qlearning,0,234,0.13761467889908258,6483.900000000001,0,1961.4,2071.2000000000003
S3,qlearning,0,235,0.19537480063795853,4917.1,0,1216.52,1239.2
S3,qlearning,0,236,0.1565217391304348,6743.5,0,2239.36,2408.6000000000004
S3,qlearning,0,237,0.15111940298507462,6786.900000000001,4,1851.0,1875.4
S3,qlearning,0,238,0.15586690017513136,5857.500000000001,9,1605.96,1645.4
S3,qlearning,0,239,0.22619560534252478,5474.3,0,1559.7,1590.8000000000002
S3,qlearning,0,240,0.19761218608480857,5298.3,1,1396.5200000000002,1415.6000000000001
S3,qlearning,0,241,0.16150969058143488,7295.3,2,1914.8600000000001,1956.6000000000001
S3,qlearning,0,242,0.1595744680851064,7312.3,1,2181.44,2206.9
S3,qlearning,0,243,0.1994415636218588,5960.8,0,1930.7,2033.0000000000002
S3,qlearning,0,244,0.18224699828473415,5862.0,1,1880.96,1952.7
S3,qlearning,0,245,0.10540436949022614,5888.8,0,1438.68,1455.1000000000001
S3,qlearning,0,246,0.16291698991466252,6005.900000000001,3,1892.24,2042.8000000000002
S3,qlearning,0,247,0.13665594855305466,6043.000000000001,0,1694.7400000000002,1722.0000000000002
S3,qlearning,0,248,0.1662259161314696,5802.3,0,1678.2000000000003,1716.2000000000003
S3,qlearning,0,249,0.14824797843665768,6845.500000000001,4,1901.2,1948.4
S3,qlearning,0,250,0.14928266770065918,5718.900000000001,2,1432.7,1453.0
S3,qlearning,0,251,0.14027671022290547,6386.966666666667,0,1786.52,1864.6000000000001
S3,qlearning,0,252,0.1382488479262673,6273.700000000001,5,2024.8000000000002,2158.6000000000004
S3,qlearning,0,253,0.16184971098265896,5778.5,0,1695.6,1742.2
S3,qlearning,0,254,0.14664310954063603,6539.700000000001,1,1779.06,1854.4
S3,qlearning,0,255,0.18306636155606407,6183.900000000001,0,1727.7400000000002,1759.8000000000002
S3,qlearning,0,256,0.17640364188163885,6350.8,0,1850.6200000000001,1899.4
S3,qlearning,0,257,0.16319942611190819,6113.900000000001,0,1755.8,1806.4
S3,qlearning,0,258,0.1659828422230511,6389.0,0,2051.8,2194.7000000000003
S3,qlearning,0,259,0.14786418400876233,6489.8,2,1592.44,1645.6000000000001
S3,qlearning,0,260,0.15581854043392504,6443.200000000001,0,2240.74,2407.0
S3,qlearning,0,261,0.136986301369863,6014.3,3,1639.58,1687.2
S3,qlearning,0,262,0.144024912417283,6144.8,2,1891.9,1955.4
S3,qlearning,0,263,0.10217113665389528,8734.0,0,2632.5800000000004,2728.6000000000004
S3,qlearning,0,264,0.1450189155107188,7728.1,0,2125.08,2128.4
S3,qlearning,0,265,0.18436578171091444,6899.05,0,2011.4199999999998,2107.0
S3,qlearning,0,266,0.12955465587044535,5363.700000000001,2,1308.28,1319.5
S3,qlearning,0,267,0.14067524115755628,5045.1,0,1436.44,1533.4
S3,qlearning,0,268,0.1802451333813987,5778.400000000001,0,1497.72,1504.9
S3,qlearning,0,269,0.18756698821007503,6051.3,1,1577.02,1586.2
S3,qlearning,0,270,0.19615099925980756,6835.900000000001,0,2070.68,2187.4
S3,qlearning,0,271,0.24086378737541528,5744.900000000001,0,1489.3600000000001,1499.4
S3,qlearning,0,272,0.1770087509944312,6380.3,0,2016.44,2059.0
S3,qlearning,0,273,0.19848771266540643,6429.8,0,1900.18,1966.2
S3,qlearning,0,274,0.19736842105263158,5788.1,0,1731.28,1768.4
S3,qlearning,0,275,0.16773464003015454,6197.55,5,1728.0800000000002,1766.6000000000001
S3,qlearning,0,276,0.16562743569758379,5886.700000000001,3,1569.06,1629.4
S3,qlearning,0,277,0.14641288433382138,6809.5,0,1861.6000000000001,1875.2
S3,qlearning,0,278,0.12240356083086053,6905.900000000001,0,1715.2800000000002,1764.8000000000002
S3,qlearning,0,279,0.14700795572466274,7624.500000000001,0,2010.2800000000002,2040.8000000000002
S3,qlearning,0,280,0.17914012738853502,6648.783333333334,0,1957.226666666667,2028.9833333333336
S3,qlearning,0,281,0.13533020570191268,6283.700000000001,1,1818.88,1915.4
S3,qlearning,0,282,0.1663286004056795,5936.6,2,1796.8600000000001,1828.8000000000002
S3,qlearning,0,283,0.19164430816404754,5770.900000000001,0,1628.2,1676.9
S3,qlearning,0,284,0.18932222642938282,7073.900000000001,0,1933.0600000000002,2008.8000000000002
S3,qlearning,0,285,0.1887772774506408,5973.900000000001,0,1523.0200000000002,1543.0000000000002
S3,qlearning,0,286,0.16936936936936936,7043.200000000001,3,2083.7400000000002,2111.1000000000004
S3,qlearning,0,287,0.1708706265256306,6334.1,1,1699.52,1723.9
S3,qlearning,0,288,0.19005847953216373,5662.1,0,1391.0000000000002,1391.3000000000002
S3,qlearning,0,289,0.1430781129156999,6701.8,8,2035.98,2104.6
S3,qlearning,0,290,0.17629952744456562,6503.8,0,1893.94,1976.5000000000002
S3,qlearning,0,291,0.17430845017051913,6247.3,0,1882.7600000000002,2021.0000000000002
S3,qlearning,0,292,0.2088922958988118,5849.400000000001,0,1747.58,1792.2
S3,qlearning,0,293,0.1836007130124777,5873.0,3,1784.52,1860.2
S3,qlearning,0,294,0.21018125723100656,5572.900000000001,0,1756.0800000000002,1782.4
S3,qlearning,0,295,0.15858208955223882,6029.3,5,1534.5400000000002,1551.6000000000001
S3,qlearning,0,296,0.154419595314164,6813.500000000001,3,2137.54,2282.4
S3,qlearning,0,297,0.19689737470167065,5195.500000000001,0,1291.0400000000002,1293.4
S3,qlearning,0,298,0.17316806416332484,6946.700000000001,4,1856.7600000000002,1888.2000000000003
S3,qlearning,0,299,0.2345132743362832,5067.55,0,1466.9600000000003,1482.8000000000002
S3,qlearning,0,300,0.21293375394321767,6617.6,1,1928.9600000000003,1973.5000000000002
S3,qlearning,0,301,0.17221584385763491,6201.5,1,1824.3000000000002,1948.0000000000002
S3,qlearning,0,302,0.18463259977620292,5978.650000000001,4,1899.24,2001.8000000000002
S3,qlearning,0,303,0.17293233082706766,7135.200000000001,4,2224.94,2310.2000000000003
S3,qlearning,0,304,0.16765285996055226,6507.400000000001,2,1685.02,1728.6000000000001
S3,qlearning,0,305,0.18415178571428573,6273.5,0,1898.7399999999998,2031.0
S3,qlearning,0,306,0.18040258260539307,5826.6,3,1495.3600000000001,1514.3000000000002
S3,qlearning,0,307,0.20733944954128442,6080.900000000001,0,1670.22,1701.0
S3,qlearning,0,308,0.16863699582753824,6081.5,2,1809.0,1926.6000000000001
S3,qlearning,0,309,0.17670393076090876,7067.733333333334,0,2135.5866666666666,2266.0333333333333
S3,qlearning,0,310,0.1644962302947224,6411.700000000001,0,1653.32,1702.5
S3,qlearning,0,311,0.17342095655348666,6659.05,3,1940.1399999999999,1986.8
S3,qlearning,0,312,0.1825242718446602,6575.8,2,2139.24,2273.9
S3,qlearning,0,313,0.19031781226903177,6075.900000000001,0,1746.5000000000002,1799.8000000000002
S3,qlearning,0,314,0.16527355623100304,6180.700000000001,2,1702.2,1758.0
S3,qlearning,0,315,0.16642282370153622,7041.6,0,2153.1200000000003,2159.3
S3,qlearning,0,316,0.15673981191222572,6096.900000000001,1,1675.6800000000003,1693.2000000000003
S3,qlearning,0,317,0.14395393474088292,6620.8,3,1597.58,1621.0
S3,qlearning,0,318,0.1357733175914994,6576.400000000001,0,1716.1200000000001,1753.4
S3,qlearning,0,319,0.1574106827025115,7378.3,0,2488.12,2573.4
S3,qlearning,0,320,0.18457602339181287,6631.500000000001,0,1724.16,1740.8000000000002
S3,qlearning,0,321,0.17267267267267267,5657.750000000001,0,1481.92,1485.2
S3,qlearning,0,322,0.18664752333094042,6604.400000000001,0,1766.5400000000002,1786.8000000000002
S3,qlearning,0,323,0.1619047619047619,6796.900000000001,0,2134.44,2234.8
S3,qlearning,0,324,0.1663961038961039,5703.6,0,1462.8000000000002,1515.8000000000002
S3,qlearning,0,325,0.16324981017463933,6482.266666666667,0,1667.8133333333335,1704.2000000000003
S3,qlearning,0,326,0.2119700748129676,5887.900000000001,4,1587.46,1652.2
S3,qlearning,0,327,0.18816150529204234,5619.7,0,1962.6,2137.8
S3,qlearning,0,328,0.1550680786686838,6981.200000000001,0,1932.52,1999.6000000000001
S3,qlearning,0,329,0.17759562841530055,6120.5,0,2171.86,2423.8
S3,qlearning,0,330,0.12989388949871936,6464.0,4,1738.0,1818.0
S3,qlearning,0,331,0.14833127317676142,5611.1,0,1452.9,1475.8000000000002
S3,qlearning,0,332,0.18764659890539484,6116.900000000001,0,1589.74,1625.2
S3,qlearning,0,333,0.1773180642777983,6418.700000000001,2,2217.52,2411.6000000000004
S3,qlearning,0,334,0.1755754974639095,5627.900000000001,1,1495.0,1531.0
S3,qlearning,0,335,0.12902085542594557,6564.500000000001,0,1857.8000000000002,1926.8000000000002
S3,qlearning,0,336,0.21730462519936203,5631.8,0,1853.32,2025.1000000000001
S3,qlearning,0,337,0.21132713440405748,5782.566666666667,1,1496.3333333333335,1542.8000000000002
S3,qlearning,0,338,0.1686835350201687,6634.3,6,2151.6000000000004,2174.6000000000004
S3,qlearning,0,339,0.1856060606060606,6860.8,3,1922.2600000000002,1994.2000000000003
S3,qlearning,0,340,0.19238023387400982,5812.5,1,1670.56,1741.0
S3,qlearning,0,341,0.18779342723004694,6668.000000000001,2,2124.2400000000002,2147.9
S3,qlearning,0,342,0.16602316602316602,6926.833333333334,0,2296.0266666666666,2419.4
S3,qlearning,0,343,0.19324577861163228,6713.8,0,2048.76,2116.9
S3,qlearning,0,344,0.2222222222222222,6259.900000000001,1,1969.76,2071.8
S3,qlearning,0,345,0.19031781226903177,5613.8,1,1723.6,1792.7
S3,qlearning,0,346,0.17851071064263857,6745.700000000001,0,1851.54,1900.2
S3,qlearning,0,347,0.18768768768768768,5996.8,0,1783.0800000000002,1857.5000000000002
S3,qlearning,0,348,0.19071608492263403,6697.700000000001,3,1661.96,1681.6000000000001
S3,qlearning,0,349,0.20222634508348794,5545.3,0,1599.6,1653.0
S3,qlearning,0,350,0.16374714394516374,6843.3,2,2170.12,2243.9
S3,qlearning,0,351,0.18373729476153244,5308.700000000001,0,1408.88,1442.0000000000002
S3,qlearning,0,352,0.16319942611190819,7017.8,1,2007.98,2040.2
S3,qlearning,0,353,0.182454847032805,7607.300000000001,0,2138.2,2193.6
S3,qlearning,0,354,0.1970260223048327,7273.1,2,2271.96,2461.2000000000003
S3,qlearning,0,355,0.20215633423180593,5576.5,0,1696.2,1816.0000000000002
S3,qlearning,0,356,0.17697533071147659,6711.433333333334,5,1714.0666666666666,1749.9333333333334
S3,qlearning,0,357,0.20223420647149462,5372.3,1,1633.04,1719.2
S3,qlearning,0,358,0.18966158423205653,6076.200000000001,1,1667.2000000000003,1715.7000000000003
S3,qlearning,0,359,0.18170426065162906,5890.3,0,1685.7,1739.6000000000001
S3,qlearning,0,360,0.16010802469135801,6900.400000000001,0,1889.5600000000002,1897.8000000000002
S3,qlearning,0,361,0.1228195087219651,7782.700000000001,5,2074.28,2097.7000000000003
S3,qlearning,0,362,0.13380281690140844,6841.0,0,1840.98,1856.6000000000001
S3,qlearning,0,363,0.1313355530891602,6860.1,1,2240.3999999999996,2388.0
S3,qlearning,0,364,0.13498520710059173,6582.700000000001,0,1875.24,1910.6000000000001
S3,qlearning,0,365,0.15992647058823528,5986.700000000001,0,1583.0,1619.1000000000001
S3,qlearning,0,366,0.204,5161.700000000001,0,1502.2000000000003,1579.2000000000003
S3,qlearning,0,367,0.17132729421031903,6234.900000000001,2,1805.24,1856.0
S3,qlearning,0,368,0.1788243626062323,6307.5,0,1769.6000000000001,1812.0000000000002
S3,qlearning,0,369,0.1654533421575116,7283.1,2,2255.1600000000003,2326.2000000000003
S3,qlearning,0,370,0.14809828340626052,6402.900000000001,4,1991.36,2114.0
S3,qlearning,0,371,0.13503909026297087,6695.700000000001,4,1868.9,1928.6000000000001
S3,qlearning,0,372,0.18518518518518517,5199.3,0,1464.44,1526.8000000000002
S3,qlearning,0,373,0.20998415213946117,5683.700000000001,0,1738.5200000000002,1886.4000000000003
S3,qlearning,0,374,0.19529693104822637,5289.150000000001,3,1451.4,1459.7
S3,qlearning,0,375,0.17215845982969272,6588.500000000001,1,2048.32,2124.2000000000003
S3,qlearning,0,376,0.1821561338289963,6731.3,0,1752.3200000000002,1752.8000000000002
S3,qlearning,0,377,0.16487330787920862,6470.700000000001,3,2027.68,2149.4
S3,qlearning,0,378,0.1788218793828892,6543.8,0,1670.88,1690.0000000000002
S3,qlearning,0,379,0.21330724070450097,6169.1,0,2409.6,2617.4
S3,qlearning,0,380,0.18296853625170997,6770.1,2,2134.12,2286.3
S3,qlearning,0,381,0.18420053171287504,5563.5,0,1620.8000000000002,1694.6000000000001
S3,qlearning,0,382,0.20253164556962025,6314.3,0,1771.0,1814.4
S3,qlearning,0,383,0.20267611176702086,5846.3,0,1658.0,1693.4
S3,qlearning,0,384,0.1984732824427481,5873.900000000001,0,1663.8,1739.4
S3,qlearning,0,385,0.18571428571428572,6612.400000000001,0,1950.48,2028.0
S3,qlearning,0,386,0.18310911808669655,5860.1,0,1503.28,1552.4
S3,qlearning,0,387,0.18095238095238095,6222.1,2,2147.24,2341.4
S3,qlearning,0,388,0.21714066102997695,5571.1,0,1557.88,1593.8000000000002
S3,qlearning,0,389,0.18871381458409675,6099.000000000001,2,1508.76,1561.1000000000001
S3,qlearning,0,390,0.18702290076335878,5772.650000000001,2,1945.48,2127.6000000000004
S3,qlearning,0,391,0.21109770808202655,5101.3,0,1368.52,1377.0
S3,qlearning,0,392,0.19992383853769993,6090.1,4,1899.44,1905.2
S3,qlearning,0,393,0.2110128617363344,6465.000000000001,0,1920.3200000000002,1978.1500000000003
S3,qlearning,0,394,0.22433306386418755,5832.500000000001,0,1509.3600000000004,1515.2000000000003
S3,qlearning,0,395,0.1845308205732234,6019.1,2,1806.64,1915.8000000000002
S3,qlearning,0,396,0.1667291120269764,6083.400000000001,0,1848.04,1972.6000000000001
S3,qlearning,0,397,0.09362621534029528,6437.700000000001,3,1685.8400000000001,1714.3000000000002
S3,qlearning,0,398,0.16958628401043607,6492.1,0,1872.0800000000002,1977.8000000000002
S3,qlearning,0,399,0.1823921431076815,6420.3,0,1946.92,1974.2
S3,qlearning,0,400,0.1710880430603614,6396.900000000001,0,1691.72,1707.4
S3,qlearning,0,401,0.11202389843166542,6869.150000000001,7,2085.16,2179.9
S3,qlearning,0,402,0.10007147962830593,6792.933333333333,3,2007.8266666666668,2041.6333333333334
S3,qlearning,0,403,0.1282051282051282,6327.000000000001,2,1726.78,1785.4
S3,qlearning,0,404,0.14200298953662183,6477.6,3,1738.0800000000002,1741.7
S3,qlearning,0,405,0.16214025131738954,6300.3,0,2053.0,2179.2000000000003
S3,qlearning,0,406,0.15787585217079297,6420.500000000001,0,2029.0400000000002,2093.8
S3,qlearning,0,407,0.13256161314413742,6306.0,0,1999.7199999999998,2078.7
S3,qlearning,0,408,0.11787819253438114,5844.0,2,1650.9800000000002,1659.8000000000002
S3,qlearning,0,409,0.17557861133280128,6112.0,0,2023.8,2117.9
S3,qlearning,0,410,0.1380897583429229,6681.85,3,2040.2800000000002,2123.6000000000004
S3,qlearning,0,411,0.17415957877683272,5718.700000000001,0,1871.96,1918.6000000000001
S3,qlearning,0,412,0.1359577922077922,5483.200000000001,0,1359.24,1372.2
S3,qlearning,0,413,0.15546819156540387,6258.950000000001,1,1665.72,1705.5
S3,qlearning,0,414,0.20007410151908114,6069.900000000001,0,1945.4,2062.4
S3,qlearning,0,415,0.2,6407.200000000001,2,1539.72,1581.6000000000001
S3,qlearning,0,416,0.2185792349726776,5962.75,1,2040.3000000000002,2257.6000000000004
S3,qlearning,0,417,0.195902228612509,6677.700000000001,0,2259.44,2481.6000000000004
S3,qlearning,0,418,0.15659140568099053,7458.6,0,2357.82,2413.6000000000004
S3,qlearning,0,419,0.2088078967350038,6263.85,2,1700.16,1720.2
S3,qlearning,0,420,0.1724137931034483,6922.500000000001,1,1836.08,1882.0
S3,qlearning,0,421,0.20096762188314105,6252.200000000001,1,1801.1200000000001,1825.1000000000001
S3,qlearning,0,422,0.1780359820089955,6118.950000000001,0,1683.16,1735.0000000000002
S3,qlearning,0,423,0.19154318756776292,6807.200000000001,3,1924.16,2002.0000000000002
S3,qlearning,0,424,0.13230429988974643,6579.3,4,1862.24,1911.6000000000001
S3,qlearning,0,425,0.15806322529011604,6183.5,0,1703.32,1735.2
S3,qlearning,0,426,0.20037453183520598,6295.900000000001,0,2068.48,2175.4
S3,qlearning,0,427,0.1646811492641906,6659.500000000001,4,1846.9,1937.6000000000001
S3,qlearning,0,428,0.17164179104477612,6119.700000000001,1,1647.0800000000002,1674.6000000000001
S3,qlearning,0,429,0.17294520547945205,7459.8,0,2117.0400000000004,2158.1000000000004
S3,qlearning,0,430,0.14094190443451357,7131.700000000001,0,2127.8,2231.2000000000003
S3,qlearning,0,431,0.12263771612384398,5378.200000000001,0,1622.4,1726.5000000000002
S3,qlearning,0,432,0.17526964560862865,6460.900000000001,0,1971.96,2089.4
S3,qlearning,0,433,0.17653549098933433,7460.1,1,1958.38,2003.6000000000001
S3,qlearning,0,434,0.1655147326300473,6560.400000000001,1,1961.24,2093.9
S3,qlearning,0,435,0.16463414634146342,5889.8,0,1946.32,2113.4
S3,qlearning,0,436,0.2100326264274062,6224.05,0,1984.5200000000002,2134.7000000000003
S3,qlearning,0,437,0.18131101813110181,6993.900000000001,0,2250.22,2395.0
S3,qlearning,0,438,0.21476230191826523,5199.900000000001,0,1570.1200000000001,1588.2
S3,qlearning,0,439,0.18463810930576072,6115.1,1,1645.94,1675.8000000000002
S3,qlearning,0,440,0.1760428626100268,6032.700000000001,2,1705.3999999999999,1738.0
S3,qlearning,0,441,0.1757188498402556,7261.700000000001,0,2199.66,2321.4
S3,qlearning,0,442,0.21739130434782608,5070.1,0,1662.42,1797.8000000000002
S3,qlearning,0,443,0.20251671254423909,5769.3,0,1560.92,1569.4
S3,qlearning,0,444,0.19062142584826536,6460.3,0,1946.6000000000001,2025.6000000000001
S3,qlearning,0,445,0.1871864145117715,6373.700000000001,4,1893.0,2002.9
S3,qlearning,0,446,0.21001926782273603,6495.200000000001,0,2074.02,2164.8
S3,qlearning,0,447,0.19913106444605358,6704.400000000001,0,2011.1000000000001,2054.4
S3,qlearning,0,448,0.19028633562885103,6701.900000000001,0,2143.1,2318.4
S3,qlearning,0,449,0.17497348886532343,6388.3,0,2013.16,2061.4
S3,qlearning,0,450,0.1947069943289225,6434.5,0,1789.24,1805.4
S3,qlearning,0,451,0.1903735632183908,6434.500000000001,3,1763.92,1803.0000000000002
S3,qlearning,0,452,0.19938056523422376,5657.5,0,1592.5400000000002,1653.0000000000002
S3,qlearning,0,453,0.21842732327243844,6099.500000000001,3,1946.4800000000002,2017.2000000000003
S3,qlearning,0,454,0.17687819110138586,6011.700000000001,3,1687.8400000000001,1726.2000000000003
S3,qlearning,0,455,0.19504876219054765,7174.8,2,2101.7200000000003,2156.9
S3,qlearning,0,456,0.19854972375690608,6575.5,0,2112.2000000000003,2144.6000000000004
S3,qlearning,0,457,0.2161327672713238,5842.55,0,1540.84,1597.7
S3,qlearning,0,458,0.204241948153967,5015.700000000001,3,1385.8400000000001,1399.8000000000002
S3,qlearning,0,459,0.19187779433681074,6623.8,0,1884.6000000000001,1890.6000000000001
S3,qlearning,0,460,0.19538188277087035,6627.900000000001,2,1723.16,1732.3000000000002
S3,qlearning,0,461,0.21611721611721613,5862.1,0,1771.44,1887.8000000000002
S3,qlearning,0,462,0.17997750281214847,5881.0,1,1754.66,1858.9
S3,qlearning,0,463,0.21085513471300274,6283.6,2,2060.08,2181.4
S3,qlearning,0,464,0.17425320056899005,6790.200000000001,2,1902.5600000000002,1940.1000000000001
S3,qlearning,0,465,0.1703547593958553,6749.3,0,1824.66,1906.8000000000002
S3,qlearning,0,466,0.1772421127259837,7131.0,4,2560.7200000000003,2709.1000000000004
S3,qlearning,0,467,0.16758747697974216,6223.500000000001,0,1832.88,1858.4
S3,qlearning,0,468,0.1395848246241947,6637.1,0,1999.4,2134.7000000000003
S3,qlearning,0,469,0.19570222563315426,5951.400000000001,3,1962.1999999999998,2113.0
S3,qlearning,0,470,0.15471167369901548,7250.700000000001,0,2149.44,2150.8
S3,qlearning,0,471,0.1328095772540217,6503.6,0,1744.7600000000002,1784.7000000000003
S3,qlearning,0,472,0.17394158188382014,6945.3,2,1878.6200000000001,1902.8000000000002
S3,qlearning,0,473,0.16286035192811682,6389.1,0,1893.72,1991.8000000000002
S3,qlearning,0,474,0.19145505844417574,5198.05,3,1277.3600000000001,1278.0
S3,qlearning,0,475,0.17857142857142858,5597.700000000001,0,1717.7800000000002,1833.2000000000003
S3,qlearning,0,476,0.168858869534305,7191.1,0,2233.72,2416.8
S3,qlearning,0,477,0.14516721793458287,5754.900000000001,0,1462.1000000000001,1484.2
S3,qlearning,0,478,0.1035031847133758,6394.400000000001,0,1892.8799999999999,1926.3
S3,qlearning,0,479,0.12857142857142856,7038.500000000001,12,1773.28,1822.2
S3,qlearning,0,480,0.11623811201127157,6147.500000000001,0,1761.88,1791.8000000000002
S3,qlearning,0,481,0.17877963466770308,5395.450000000001,0,1525.08,1584.0
S3,qlearning,0,482,0.17247574559827525,6646.1,2,2267.24,2429.8
S3,qlearning,0,483,0.15584891822515584,6250.700000000001,5,1695.1599999999999,1767.0
S3,qlearning,0,484,0.19296904852884983,6380.0,3,1877.48,1909.5
S3,qlearning,0,485,0.20242914979757085,5693.900000000001,4,1772.2,1806.8000000000002
S3,qlearning,0,486,0.2008106116433309,6482.3,3,2002.48,2061.0
S3,qlearning,0,487,0.20634314100114634,6022.900000000001,1,1705.5800000000002,1712.0000000000002
S3,qlearning,0,488,0.2198467123840258,5891.900000000001,3,1839.8400000000001,1915.8000000000002
S3,qlearning,0,489,0.21532012195121952,6028.700000000001,0,1803.0600000000002,1811.4
S3,qlearning,0,490,0.1958955223880597,5829.700000000001,0,1637.9800000000002,1727.2000000000003
S3,qlearning,0,491,0.20879526977087953,6070.450000000001,2,1766.44,1851.3000000000002
S3,qlearning,0,492,0.19455252918287938,5298.200000000001,0,1561.96,1626.1000000000001
S3,qlearning,0,493,0.1918938307030129,6464.500000000001,3,2250.16,2439.2000000000003
S3,qlearning,0,494,0.19328956965718452,5711.900000000001,0,1646.56,1744.4
S3,qlearning,0,495,0.19830573738929533,5698.000000000001,0,1811.76,1945.9
S3,qlearning,0,496,0.2079284881461329,5007.1,1,1264.0,1268.4
S3,qlearning,0,497,0.1593625498007968,6145.500000000001,1,1646.16,1693.4
S3,qlearning,0,498,0.17884615384615385,5873.75,1,1824.7,1896.4
S3,qlearning,0,499,0.15405224380442062,7029.900000000001,1,1962.3200000000002,2022.8000000000002
S3,qlearning,0,500,0.1689419795221843,6873.500000000001,4,1930.42,1983.0000000000002
S3,qlearning,0,501,0.1554979637171418,6089.85,5,1723.96,1806.0
S3,qlearning,0,502,0.21255462852602305,6204.1,1,1867.1200000000001,1878.8000000000002
S3,qlearning,0,503,0.1837837837837838,6862.1,2,2245.8799999999997,2431.0
S3,qlearning,0,504,0.1816160118606375,6024.5,3,1588.92,1640.4
S3,qlearning,0,505,0.16885553470919323,6985.933333333333,0,2339.1466666666665,2433.8333333333335
S3,qlearning,0,506,0.15445402298850575,6420.700000000001,0,1739.26,1799.2
S3,qlearning,0,507,0.16070711128967458,6082.400000000001,0,1691.68,1697.9
S3,qlearning,0,508,0.14928193499622072,5854.250000000001,3,1448.4400000000003,1458.0000000000002
S3,qlearning,0,509,0.1260178363706863,5999.3,7,2155.52,2365.2000000000003
S3,qlearning,0,510,0.12695652173913044,6829.0,1,2073.8399999999997,2240.0
S3,qlearning,0,511,0.115396775213405,8126.8,0,2402.3999999999996,2532.7
S3,qlearning,0,512,0.15343915343915343,5993.3,0,1664.2000000000003,1700.2000000000003
S3,qlearning,0,513,0.20080321285140562,5887.5,0,1632.1200000000001,1661.9
S3,qlearning,0,514,0.1493550577053632,7601.3,5,2210.6400000000003,2273.8
S3,qlearning,0,515,0.05749258160237389,6353.900000000001,4,1756.8000000000002,1833.0000000000002
S3,qlearning,0,516,0.1349504612230953,7068.500000000001,1,2182.88,2247.6000000000004
S3,qlearning,0,517,0.1448692152917505,5556.5,0,1540.0800000000002,1557.8000000000002
S3,qlearning,0,518,0.09070294784580499,6319.900000000001,0,1934.84,2076.0
S3,qlearning,0,519,0.12450592885375494,5830.700000000001,0,1631.7200000000003,1654.8000000000002
S3,qlearning,0,520,0.1389440254069075,6375.700000000001,4,1872.8400000000001,1931.6000000000001
S3,qlearning,0,521,0.08634538152610442,6507.5,0,1794.5200000000002,1828.8000000000002
S3,qlearning,0,522,0.17537171178040412,6288.900000000001,0,2029.76,2110.0
S3,qlearning,0,523,0.14965986394557823,7142.1,3,1826.16,1828.2
S3,qlearning,0,524,0.15427509293680297,6132.3,0,1622.64,1639.9
S3,qlearning,0,525,0.14375987361769352,7494.700000000001,2,2310.36,2475.6000000000004
S3,qlearning,0,526,0.194,6094.6,0,1678.16,1721.6000000000001
S3,qlearning,0,527,0.21306818181818182,5250.400000000001,0,1469.94,1496.8000000000002
S3,qlearning,0,528,0.15312131919905772,5795.1,0,1720.16,1790.2
S3,qlearning,0,529,0.1509433962264151,5909.5,2,1856.72,1873.6000000000001
S3,qlearning,0,530,0.18801652892561985,5515.5,0,1794.32,1849.4
S3,qlearning,0,531,0.13705945176219295,6522.950000000001,0,1905.1,2004.4
S3,qlearning,0,532,0.17287744909719555,6598.200000000001,0,1759.9600000000003,1779.2000000000003
S3,qlearning,0,533,0.2020573108008817,6231.1,0,1670.2400000000002,1672.3000000000002
S3,qlearning,0,534,0.16022099447513813,6110.900000000001,0,1776.16,1800.6000000000001
S3,qlearning,0,535,0.11535812672176309,7000.500000000001,4,1941.7400000000002,2002.0000000000002
S3,qlearning,0,536,0.18811136192626035,6544.900000000001,0,2202.7200000000003,2370.6000000000004
S3,qlearning,0,537,0.15006821282401092,6537.1,0,2124.04,2249.4
S3,qlearning,0,538,0.15231092436974789,6730.700000000001,0,2022.68,2129.3
S3,qlearning,0,539,0.1908241981323589,5672.3,0,1840.44,1910.8000000000002
S3,qlearning,0,540,0.16589368533713877,6628.500000000001,0,1843.7600000000002,1852.4
S3,qlearning,0,541,0.1556279406442273,5837.900000000001,0,1794.48,1874.8000000000002
S3,qlearning,0,542,0.16208597603946442,7044.3,0,2152.44,2181.2000000000003
S3,qlearning,0,543,0.12115732368896925,7086.400000000001,1,2182.26,2213.0
S3,qlearning,0,544,0.1839863713798978,6356.6,0,1860.22,1875.4
S3,qlearning,0,545,0.1796875,5872.0,0,1690.74,1734.2
S3,qlearning,0,546,0.18096787311915413,5200.35,0,1433.46,1460.8000000000002
S3,qlearning,0,547,0.16092389246497538,6851.3,2,2150.52,2238.6
S3,qlearning,0,548,0.13409961685823754,6802.900000000001,0,1868.5800000000002,1923.0000000000002
S3,qlearning,0,549,0.07997091966557615,7127.1,2,2589.96,2818.0
S3,qlearning,0,550,0.1285240464344942,5983.1,4,1749.52,1843.8000000000002
S3,qlearning,0,551,0.13556903317873706,5688.1,0,1549.92,1587.0000000000002
S3,qlearning,0,552,0.12312427856868026,6180.700000000001,0,1793.64,1817.0
S3,qlearning,0,553,0.19127773527161437,5673.900000000001,0,1915.4399999999998,2108.0
S3,qlearning,0,554,0.18599129402453501,5013.900000000001,3,1318.92,1329.4
S3,qlearning,0,555,0.19886363636363635,6122.1,0,1917.38,2040.0000000000002
S3,qlearning,0,556,0.1937002172338885,6307.900000000001,0,2173.16,2360.0
S3,qlearning,0,557,0.1945447252306458,5504.5,3,1562.8200000000002,1642.2000000000003
S3,qlearning,0,558,0.18246930422919508,7798.533333333334,0,2140.7066666666665,2165.633333333333
S3,qlearning,0,559,0.19245426829268292,6080.3,3,1641.1200000000001,1678.8000000000002
S3,qlearning,0,560,0.18653986832479882,6074.900000000001,0,1413.38,1441.0000000000002
S3,qlearning,0,561,0.18914185639229422,6944.700000000001,1,2186.4,2369.0000000000005
S3,qlearning,0,562,0.1637835848362164,6606.900000000001,4,2095.1,2252.8
S3,qlearning,0,563,0.1884278644842025,6509.000000000001,0,2132.08,2368.6000000000004
S3,qlearning,0,564,0.2359882005899705,5483.700000000001,1,1861.92,1981.8000000000002
S3,qlearning,0,565,0.22540983606557377,5434.700000000001,0,1685.4,1719.2
S3,qlearning,0,566,0.20689655172413793,6879.250000000001,0,2033.4,2073.2000000000003
S3,qlearning,0,567,0.2002995132909023,6105.6,0,1723.58,1730.5
S3,qlearning,0,568,0.19277597402597402,6015.450000000001,1,1816.8600000000001,1843.8000000000002
S3,qlearning,0,569,0.1994401679496151,6189.900000000001,0,1740.48,1807.2
S3,qlearning,0,570,0.22874493927125505,4740.5,1,1352.76,1378.4
S3,qlearning,0,571,0.21777003484320556,5606.8,6,1632.64,1636.5000000000002
S3,qlearning,0,572,0.20941438102298,6631.52,0,1873.16,1952.1000000000001
S3,qlearning,0,573,0.2222222222222222,5541.700000000001,2,1704.2,1824.0000000000002
S3,qlearning,0,574,0.1929147667485093,6784.5,2,1876.8400000000001,1898.1000000000001
S3,qlearning,0,575,0.22009966777408638,6462.700000000001,0,1908.5600000000002,1992.8000000000002
S3,qlearning,0,576,0.1906498673740053,7372.200000000001,1,1870.9,1981.0000000000002
S3,qlearning,0,577,0.18584070796460178,6507.900000000001,1,1945.3600000000001,1973.8000000000002
S3,qlearning,0,578,0.16058394160583941,6412.700000000001,4,1879.4800000000002,1917.0000000000002
S3,qlearning,0,579,0.21953221173574067,4719.900000000001,1,1222.76,1249.0
S3,qlearning,0,580,0.19759783029833397,5597.500000000001,0,1778.2800000000002,1898.0000000000002
S3,qlearning,0,581,0.2266766579243162,6422.900000000001,0,1889.8500000000001,2006.0000000000002
S3,qlearning,0,582,0.23314065510597304,5984.200000000001,0,1524.3000000000002,1546.4
S3,qlearning,0,583,0.21410114433370248,6392.35,0,2390.0,2609.2000000000003
S3,qlearning,0,584,0.2125193199381762,5625.55,0,1965.69,2175.8
S3,qlearning,0,585,0.20810712993123417,6029.700000000001,1,1820.28,1956.2
S3,qlearning,0,586,0.20217147135904157,6826.200000000001,0,1944.3000000000002,2004.7000000000003
S3,qlearning,0,587,0.19718859820382664,5823.700000000001,0,1796.8999999999999,1888.0
S3,qlearning,0,588,0.1830879577198943,7044.900000000001,0,2398.2,2618.0
S3,qlearning,0,589,0.18257411424439624,6043.900000000001,0,1663.52,1746.2
S3,qlearning,0,590,0.19010043041606886,6826.6,0,1810.88,1830.8000000000002
S3,qlearning,0,591,0.20164301717699776,5938.700000000001,0,1941.92,2094.2000000000003
S3,qlearning,0,592,0.19473494410385864,6334.8,0,1803.96,1824.1000000000001
S3,qlearning,0,593,0.2059992771955186,5424.900000000001,2,1484.52,1517.2
S3,qlearning,0,594,0.17903767251025737,6664.000000000001,0,2251.36,2435.7000000000003
S3,qlearning,0,595,0.16660283416315588,6200.5,7,1760.82,1796.4
S3,qlearning,0,596,0.2106589845156644,6450.5,2,1768.04,1829.6000000000001
S3,qlearning,0,597,0.21056977704376548,5652.700000000001,3,1341.16,1369.2
S3,qlearning,0,598,0.22295623451692817,5411.200000000001,0,1699.38,1731.4
S3,qlearning,0,599,0.17123287671232876,6890.700000000001,4,1903.0,1978.0000000000002
S3,qlearning,0,600,0.1733758469509765,5035.3,2,1305.16,1314.4
S3,qlearning,0,601,0.2280130293159609,6673.700000000001,0,2229.78,2378.2000000000003
S3,qlearning,0,602,0.19576149425287356,6560.200000000001,0,2151.54,2227.2000000000003
S3,qlearning,0,603,0.19897557131599686,5595.85,2,1575.3400000000001,1625.8000000000002
S3,qlearning,0,604,0.20349942944085203,5972.3,0,1735.3799999999999,1826.4
S3,qlearning,0,605,0.15469824293353704,5964.3,0,1570.46,1607.0
S3,qlearning,0,606,0.1777434312210201,6407.1,0,1721.4,1740.0
S3,qlearning,0,607,0.2055888223552894,5692.3,4,1301.5400000000002,1313.6000000000001
S3,qlearning,0,608,0.1518324607329843,7269.700000000001,0,2066.12,2130.4
S3,qlearning,0,609,0.1817520901490367,6329.866666666667,0,1924.5733333333333,1975.1666666666667
S3,qlearning,0,610,0.21649484536082475,5541.0,0,1483.0600000000002,1565.3000000000002
S3,qlearning,0,611,0.23761578735400726,5005.0,0,1536.28,1653.8000000000002
S3,qlearning,0,612,0.21631878557874762,6296.1,0,1941.7199999999998,2047.8
S3,qlearning,0,613,0.23053501522401043,5343.5,0,1585.24,1599.4
S3,qlearning,0,614,0.18518518518518517,7273.833333333334,2,2170.246666666667,2259.8
S3,qlearning,0,615,0.16594231529039905,5745.700000000001,4,1698.52,1803.8000000000002
S3,qlearning,0,616,0.185589519650655,5943.8,0,1781.76,1848.9
S3,qlearning,0,617,0.17565217391304347,6641.1,0,2124.36,2304.2000000000003
S3,qlearning,0,618,0.15592515592515593,7732.3,4,2364.88,2423.2000000000003
S3,qlearning,0,619,0.18776824034334763,6095.900000000001,0,1856.96,1992.6000000000001
S3,qlearning,0,620,0.20670826833073322,5546.0,0,1321.0400000000002,1330.3000000000002
S3,qlearning,0,621,0.18428513568246255,5957.200000000001,0,1849.52,1927.5
S3,qlearning,0,622,0.19884169884169883,6591.3,1,2078.68,2154.4
S3,qlearning,0,623,0.1790681502086231,6592.1,3,1913.48,2001.1000000000001
S3,qlearning,0,624,0.18041237113402062,5771.3,0,1612.5800000000002,1631.6000000000001
S3,qlearning,0,625,0.07950530035335689,6893.1,2,1883.24,1883.9
S3,qlearning,0,626,0.16104868913857678,6716.3,6,2016.48,2057.4
S3,qlearning,0,627,0.18694885361552027,6963.200000000001,0,2017.0400000000002,2050.3
S3,qlearning,0,628,0.1718146718146718,5750.5,4,1554.16,1591.6000000000001
S3,qlearning,0,629,0.19293775027302512,6246.900000000001,5,1819.3600000000001,1892.3000000000002
S3,qlearning,0,630,0.1794214573416331,6592.700000000001,0,2227.32,2410.7000000000003
S3,qlearning,0,631,0.18166455428812844,5533.900000000001,3,1489.52,1503.4
S3,qlearning,0,632,0.20131470829909615,6149.8,6,1734.5,1751.2
S3,qlearning,0,633,0.17504118616144976,5457.700000000001,0,1381.1000000000001,1403.0000000000002
S3,qlearning,0,634,0.20098596890405765,5974.700000000001,7,1595.9200000000003,1612.0000000000002
S3,qlearning,0,635,0.18363064008394545,6840.5,1,1751.54,1753.2
S3,qlearning,0,636,0.2004763795156808,6038.900000000001,0,1879.2800000000002,1956.0000000000002
S3,qlearning,0,637,0.18283294842186298,5449.05,3,1471.3200000000002,1513.3500000000001
S3,qlearning,0,638,0.17830045523520485,5202.700000000001,0,1337.4,1362.6000000000001
S3,qlearning,0,639,0.20416666666666666,5260.0,0,1415.24,1466.4
S3,qlearning,0,640,0.20444763271162122,6038.1,4,1778.92,1866.4
S3,qlearning,0,641,0.21478328173374614,6353.400000000001,3,1822.88,1911.0000000000002
S3,qlearning,0,642,0.222052067381317,6358.3,4,1718.0800000000002,1719.8000000000002
S3,qlearning,0,643,0.1662495530925992,5964.500000000001,5,1714.0,1820.4
S3,qlearning,0,644,0.2020385875500546,6563.400000000001,0,2284.7000000000003,2414.2000000000003
S3,qlearning,0,645,0.20288206295032232,6019.1,0,1667.0000000000002,1673.6000000000001
S3,qlearning,0,646,0.17146017699115043,6874.200000000001,3,2203.0800000000004,2235.1000000000004
S3,qlearning,0,647,0.1815937940761636,6628.1,1,2582.56,2859.4
S3,qlearning,0,648,0.20229144289294665,6278.700000000001,1,1900.1200000000001,1964.8000000000002
S3,qlearning,0,649,0.21494965143299768,5817.3,0,1918.1999999999998,2097.6
S3,qlearning,0,650,0.1776061776061776,6911.700000000001,0,1913.7600000000002,1977.8000000000002
S3,qlearning,0,651,0.1138633639632441,5833.700000000001,0,1438.5400000000002,1450.4
S3,qlearning,0,652,0.09161793372319688,7300.3,7,2486.48,2678.6000000000004
S3,qlearning,0,653,0.0728759331674369,7023.700000000001,0,1939.96,1972.2
S3,qlearning,0,654,0.13563730955035302,7012.300000000001,0,2191.96,2336.6000000000004
S3,qlearning,0,655,0.13594562175129948,6144.700000000001,0,2167.4,2375.4
S3,qlearning,0,656,0.15106303618052966,6463.1,8,1788.88,1791.4
S3,qlearning,0,657,0.1520912547528517,6184.200000000001,2,1573.28,1598.2
S3,qlearning,0,658,0.1306588148693412,7421.700000000001,3,2830.36,3068.2000000000003
S3,qlearning,0,659,0.18115942028985507,6995.6,0,2023.92,2082.4
S3,qlearning,0,660,0.15867019267094826,6894.3,1,2550.52,2843.4
S3,qlearning,0,661,0.08722958827634333,6608.700000000001,2,1959.4400000000003,2006.2000000000003
S3,qlearning,0,662,0.13830996589617278,6778.8,0,1872.24,1926.2
S3,qlearning,0,663,0.18659711075441412,5968.833333333334,3,1640.6000000000001,1708.6000000000001
S3,qlearning,0,664,0.2,5829.6,0,1675.58,1710.2
S3,qlearning,0,665,0.1607413010590015,7462.500000000001,3,2099.6400000000003,2154.8
S3,qlearning,0,666,0.2011173184357542,6626.900000000001,0,2246.32,2340.4
S3,qlearning,0,667,0.15074393108848866,5936.700000000001,1,1813.88,1818.4
S3,qlearning,0,668,0.21365814696485624,5397.3,0,1809.16,1983.4000000000003
S3,qlearning,0,669,0.16937191249117856,6675.966666666667,0,1775.68,1804.2
S3,qlearning,0,670,0.19344141488577746,6648.85,0,2082.44,2169.9500000000003
S3,qlearning,0,671,0.1679340937896071,7344.400000000001,0,2071.5600000000004,2074.3
S3,qlearning,0,672,0.18985095812633074,6350.900000000001,0,1638.2800000000002,1655.8000000000002
S3,qlearning,0,673,0.21747726374060894,5761.55,2,1928.1599999999999,2032.5
S3,qlearning,0,674,0.21622826571555953,4996.1,0,1615.1599999999999,1768.4
S3,qlearning,0,675,0.13761467889908258,5840.3,1,1832.6000000000001,1915.8000000000002
S3,qlearning,0,676,0.18045935107546482,6773.400000000001,0,1767.76,1796.6000000000001
S3,qlearning,0,677,0.18231046931407943,5837.900000000001,1,1448.88,1470.1000000000001
S3,qlearning,0,678,0.19102008664828674,5835.200000000001,2,1754.3000000000002,1827.7000000000003
S3,qlearning,0,679,0.14467592592592593,7102.45,5,2205.72,2270.2
S3,qlearning,0,680,0.1808091657715718,5858.500000000001,0,1689.6200000000001,1742.8000000000002
S3,qlearning,0,681,0.15237420269312543,6740.5,3,1820.8600000000001,1848.0
S3,qlearning,0,682,0.21938571998404469,5837.900000000001,0,1920.88,2045.6000000000001
S3,qlearning,0,683,0.19806152549515382,5636.900000000001,2,1620.8000000000002,1639.6000000000001
S3,qlearning,0,684,0.1661631419939577,6235.3,1,1832.8,1850.0
S3,qlearning,0,685,0.1977087952697709,6135.5,0,1671.3600000000001,1678.8000000000002
S3,qlearning,0,686,0.20015249714067862,5972.0,0,1985.54,2122.8
S3,qlearning,0,687,0.20717131474103587,5424.1,1,1453.1200000000001,1462.2
S3,qlearning,0,688,0.20224719101123595,6271.200000000001,0,1834.94,1890.4
S3,qlearning,0,689,0.19268580416830516,6159.0,0,1865.7,1911.0000000000002
S3,qlearning,0,690,0.2035672741372625,5767.700000000001,0,1680.1200000000001,1723.6000000000001
S3,qlearning,0,691,0.18205705705705705,6169.650000000001,0,1677.19,1685.5
S3,qlearning,0,692,0.17123287671232876,6680.400000000001,0,1712.1600000000003,1721.7000000000003
S3,qlearning,0,693,0.15953150242326333,5515.3,0,1616.6000000000001,1714.3000000000002
S3,qlearning,0,694,0.1323685139428168,6348.900000000001,0,1661.6,1692.7
S3,qlearning,0,695,0.17571261226083562,5900.166666666667,0,1531.16,1558.2
S3,qlearning,0,696,0.19781461944235118,5181.3,0,1390.84,1422.0
S3,qlearning,0,697,0.1351858805858055,6029.700000000001,0,1737.64,1808.4
S3,qlearning,0,698,0.17089305402425578,6852.700000000001,5,2155.0,2286.2000000000003
S3,qlearning,0,699,0.18230088495575222,6644.5,0,2118.7999999999997,2320.4
S3,qlearning,0,700,0.19054340155257588,6232.500000000001,0,1785.16,1807.6000000000001
S3,qlearning,0,701,0.18897030466640957,6019.950000000001,0,1494.92,1542.3500000000001
S3,qlearning,0,702,0.18688024408848208,6930.400000000001,2,1797.3200000000002,1797.4
S3,qlearning,0,703,0.19181113980081152,6156.766666666667,0,1914.6800000000003,1999.2000000000003
S3,qlearning,0,704,0.25023169601482853,4894.1,3,1320.04,1352.2
S3,qlearning,0,705,0.2011986301369863,5611.633333333333,2,1579.7466666666667,1628.9333333333334
S3,qlearning,0,706,0.21304675716440422,6187.400000000001,2,1916.3400000000001,2052.7000000000003
S3,qlearning,0,707,0.1791713325867861,6633.1,8,1928.1200000000001,2046.0000000000002
S3,qlearning,0,708,0.20381931692985678,6970.700000000001,0,2232.92,2301.2000000000003
S3,qlearning,0,709,0.2070689039628704,7172.400000000001,0,1970.0,2026.7
S3,qlearning,0,710,0.17168291649003814,5786.900000000001,0,2062.1,2175.8
S3,qlearning,0,711,0.18894192521877487,5756.1,0,1536.3400000000001,1544.2
S3,qlearning,0,712,0.1986890618598935,5933.6,0,1742.12,1860.5
S3,qlearning,0,713,0.18711766822598058,6177.8,2,1823.12,1895.0
S3,qlearning,0,714,0.20561106840891621,5927.900000000001,3,1695.88,1731.7
S3,qlearning,0,715,0.19332519332519332,5433.5,1,1900.76,2039.0
S3,qlearning,0,716,0.17247386759581881,7435.733333333334,0,2733.7466666666664,2987.4333333333334
S3,qlearning,0,717,0.16584333098094567,7133.000000000001,0,2031.1600000000003,2083.7000000000003
S3,qlearning,0,718,0.15766653527788727,5412.900000000001,0,1693.6,1772.2
S3,qlearning,0,719,0.14824304538799415,5956.3,6,1531.2800000000002,1547.3000000000002
S3,qlearning,0,720,0.15853658536585366,5204.5,0,1584.8799999999999,1689.0
S3,qlearning,0,721,0.16215185043876382,6562.3,1,1701.86,1735.7
S3,qlearning,0,722,0.1228195087219651,6789.700000000001,0,2115.76,2268.8
S3,qlearning,0,723,0.09523809523809523,6004.700000000001,1,1743.3600000000001,1793.6000000000001
S3,qlearning,0,724,0.06727430555555555,5418.1,4,1383.48,1410.9
S3,qlearning,0,725,0.0517515923566879,5846.1,0,1639.44,1683.0
S3,qlearning,0,726,0.17420977011494254,6098.700000000001,0,2100.2,2276.4
S3,qlearning,0,727,0.14071962949768435,6350.700000000001,1,1647.0800000000002,1698.7000000000003
S3,qlearning,0,728,0.17777777777777778,6059.1,6,1817.92,1883.8000000000002
S3,qlearning,0,729,0.14612214312476582,6214.700000000001,0,1617.24,1680.9
S3,qlearning,0,730,0.15920029618659756,6122.1,3,1770.5800000000002,1876.8000000000002
S3,qlearning,0,731,0.11585567692816948,7478.3,3,2552.92,2801.4
S3,qlearning,0,732,0.12582268679829656,6042.3,0,1866.92,1928.4
S3,qlearning,0,733,0.1270864946889226,6737.0,0,1958.52,1967.5
S3,qlearning,0,734,0.1508029768899334,6101.1,2,1681.8400000000001,1720.4
S3,qlearning,0,735,0.10831721470019343,6347.400000000001,0,2008.5600000000002,2082.7000000000003
S3,qlearning,0,736,0.1342281879194631,5772.5,3,1403.1200000000001,1409.7
S3,qlearning,0,737,0.11788175553137469,6782.900000000001,2,2274.8,2501.8
S3,qlearning,0,738,0.12008733624454149,6916.3,1,2253.6800000000003,2423.2000000000003
S3,qlearning,0,739,0.14734022196708763,5849.1,0,1571.0,1641.5
S3,qlearning,0,740,0.1575875486381323,7013.400000000001,3,1993.6000000000001,2076.3
S3,qlearning,0,741,0.16732637639438647,7135.3,0,2236.46,2381.6
S3,qlearning,0,742,0.15710919088766692,6211.5,0,1738.8400000000001,1754.8000000000002
S3,qlearning,0,743,0.1941377997716026,5763.900000000001,2,1502.2800000000002,1513.6000000000001
S3,qlearning,0,744,0.1788124156545209,7485.8,2,1878.72,1914.4
S3,qlearning,0,745,0.1609322974472808,6231.8,1,1810.74,1841.0
S3,qlearning,0,746,0.11920980926430517,7368.1,0,2310.96,2458.8
S3,qlearning,0,747,0.09665170866413532,8145.6,0,2615.6,2679.9
S3,qlearning,0,748,0.13239875389408098,6126.700000000001,4,2178.8,2386.8
S3,qlearning,0,749,0.09019607843137255,6334.900000000001,0,2106.76,2242.3
S3,qlearning,0,750,0.12486023108460678,6918.900000000001,4,1802.5200000000002,1835.2000000000003
S3,qlearning,0,751,0.17421602787456447,6522.1,2,1941.96,2032.8000000000002
S3,qlearning,0,752,0.16817838246409675,6626.0,6,2510.6,2712.5
S3,qlearning,0,753,0.19574468085106383,5470.6,2,1963.3600000000001,2066.2000000000003
S3,qlearning,0,754,0.16985552518547442,6126.000000000001,0,1555.1200000000001,1562.4
S3,qlearning,0,755,0.1670792079207921,5128.900000000001,1,1348.34,1367.0
S3,qlearning,0,756,0.10853293413173652,6166.000000000001,2,1709.9200000000003,1771.7000000000003
S3,qlearning,0,757,0.12946979038224415,6250.700000000001,2,2037.0000000000002,2146.2000000000003
S3,qlearning,0,758,0.18032786885245902,6707.1,0,2037.06,2145.0
S3,qlearning,0,759,0.1630049610205528,6935.8,6,1793.28,1819.2
S3,qlearning,0,760,0.19266394961096703,5935.3,0,1741.96,1830.1000000000001
S3,qlearning,0,761,0.20086648286727057,5368.900000000001,4,1376.8200000000002,1406.0000000000002
S3,qlearning,0,762,0.20944402132520945,6121.1,2,1690.08,1713.8
S3,qlearning,0,763,0.2001510574018127,6265.5,2,1792.5200000000002,1909.2000000000003
S3,qlearning,0,764,0.19698085419734904,7440.900000000001,3,1952.9600000000003,1954.8000000000002
S3,qlearning,0,765,0.18772563176895307,5825.3,2,1430.04,1446.5
S3,qlearning,0,766,0.19971469329529243,6400.3,4,1868.62,1958.0
S3,qlearning,0,767,0.20574534161490685,5810.700000000001,0,1829.6799999999998,1959.5
S3,qlearning,0,768,0.20014169323414807,6057.8,0,1575.4400000000003,1579.7000000000003
S3,qlearning,0,769,0.2112970711297071,5531.3,4,1460.0400000000002,1487.6000000000001
S3,qlearning,0,770,0.2148997134670487,5275.5,1,1693.4,1717.8000000000002
S3,qlearning,0,771,0.21621621621621623,6453.700000000001,0,1659.68,1670.6000000000001
S3,qlearning,0,772,0.19384057971014493,6231.700000000001,0,1584.22,1584.4
S3,qlearning,0,773,0.20816967792615867,5803.6,1,1852.0400000000002,1970.5000000000002
S3,qlearning,0,774,0.22240527182866557,5352.700000000001,0,1378.2400000000002,1394.0000000000002
S3,qlearning,0,775,0.19510328997704668,6694.8,0,2141.54,2282.2000000000003
S3,qlearning,0,776,0.20910973084886128,5967.200000000001,3,1753.8000000000002,1768.9
S3,qlearning,0,777,0.22321428571428573,5270.5,1,1540.8400000000001,1608.6000000000001
S3,qlearning,0,778,0.20719738276990185,6971.700000000001,0,2252.08,2402.2000000000003
S3,qlearning,0,779,0.20594965675057209,6034.3,1,1716.76,1763.6000000000001
S3,qlearning,0,780,0.2030360531309298,6401.500000000001,0,2015.52,2105.8
S3,qlearning,0,781,0.2179732313575526,5716.700000000001,1,1598.22,1668.0
S3,qlearning,0,782,0.19177540529853698,5649.8,6,1232.4,1236.0
S3,qlearning,0,783,0.18617021276595744,6301.300000000001,0,2020.36,2165.4
S3,qlearning,0,784,0.19083969465648856,7594.3,4,2580.9800000000005,2618.1000000000004
S3,qlearning,0,785,0.21441441441441442,6023.700000000001,0,1960.6000000000001,2047.8000000000002
S3,qlearning,0,786,0.1691151349504612,7379.3,4,2253.48,2349.0
S3,qlearning,0,787,0.1724137931034483,7133.1,3,2211.64,2268.0
S3,qlearning,0,788,0.23818820773135493,5478.400000000001,0,1580.72,1647.2
S3,qlearning,0,789,0.19762154599510318,7203.5666666666675,0,2114.133333333333,2178.0666666666666
S3,qlearning,0,790,0.20270270270270271,5599.3,1,1760.32,1886.4
S3,qlearning,0,791,0.15339663988312638,6147.900000000001,0,1741.64,1771.5000000000002
S3,qlearning,0,792,0.1856763925729443,6480.8,0,1616.66,1625.0
S3,qlearning,0,793,0.19962335216572505,6511.450000000001,1,2031.0200000000002,2130.05
S3,qlearning,0,794,0.11504424778761062,7157.000000000001,3,2260.04,2414.3
S3,qlearning,0,795,0.19435975609756098,5977.1,6,1761.0,1839.3000000000002
S3,qlearning,0,796,0.1847110460863204,6780.633333333334,1,2242.12,2406.8
S3,qlearning,0,797,0.15963736696886086,6172.55,0,1784.71,1886.2
S3,qlearning,0,798,0.1947565543071161,6046.700000000001,0,1593.88,1642.4
S3,qlearning,0,799,0.20258157045536035,6737.700000000001,0,2007.98,2132.8
S3,qlearning,0,800,0.17168141592920355,6157.500000000001,0,1729.96,1794.9
S3,qlearning,0,801,0.18724508713385243,6345.6,1,1705.0,1735.1000000000001
S3,qlearning,0,802,0.18057060310581438,6573.700000000001,0,1851.2,1971.6000000000001
S3,qlearning,0,803,0.19194931047335073,6565.900000000001,0,1888.8,1971.2
S3,qlearning,0,804,0.17013232514177692,6284.3,3,1998.9200000000003,2104.6000000000004
S3,qlearning,0,805,0.189873417721519,6093.0,2,2240.64,2458.1
S3,qlearning,0,806,0.1782292065925642,6091.3,2,1994.9599999999998,2096.0
S3,qlearning,0,807,0.19105846388995032,6307.200000000001,3,1699.9400000000003,1722.8000000000002
S3,qlearning,0,808,0.1714898177920686,6425.1,0,1796.4,1845.2
S3,qlearning,0,809,0.13188073394495411,6604.3,5,1802.7200000000003,1821.8000000000002
S3,qlearning,0,810,0.13838748495788206,6112.450000000001,5,1613.21,1624.4
S3,qlearning,0,811,0.14054813773717498,6171.5,0,1946.08,2005.2
S3,qlearning,0,812,0.15885947046843177,6312.500000000001,2,1498.96,1508.6000000000001
S3,qlearning,0,813,0.16955684007707128,6163.700000000001,2,2039.8400000000001,2232.2000000000003
S3,qlearning,0,814,0.13949780789159028,6671.200000000001,0,1779.5800000000002,1806.5000000000002
S3,qlearning,0,815,0.12026239067055394,6918.1,2,2038.48,2063.4
S3,qlearning,0,816,0.18170681910984074,6020.5,0,1708.0400000000002,1757.8000000000002
S3,qlearning,0,817,0.15456506110711718,6556.700000000001,4,1805.42,1836.3000000000002
S3,qlearning,0,818,0.16894609814963799,5520.200000000001,0,1276.5200000000002,1289.1000000000001
S3,qlearning,0,819,0.17843289371605897,5950.6,1,2006.26,2090.4
S3,qlearning,0,820,0.15987818804720214,6609.6,0,1765.1000000000001,1790.6000000000001
S3,qlearning,0,821,0.165346193592835,6186.5,1,1561.92,1588.9
S3,qlearning,0,822,0.20949202817945867,6497.3,0,1821.48,1904.8000000000002
S3,qlearning,0,823,0.15939015939015938,7526.000000000001,0,2034.54,2104.6
S3,qlearning,0,824,0.17267552182163187,6044.500000000001,0,1579.74,1612.6000000000001
S3,qlearning,0,825,0.19552012148823084,6228.700000000001,0,2160.08,2369.4
S3,qlearning,0,826,0.1528709917971663,6899.1,10,2642.92,2931.0000000000005
S3,qlearning,0,827,0.14930678990401705,7326.500000000001,0,2140.08,2197.8
S3,qlearning,0,828,0.13626453488372092,6116.8,0,1619.6000000000001,1665.1000000000001
S3,qlearning,0,829,0.12850929221035984,6333.3,3,2107.6,2272.4
S3,qlearning,0,830,0.08533042846768336,5792.3,3,1553.6000000000001,1561.8000000000002
S3,qlearning,0,831,0.15922330097087378,6489.1,0,2217.12,2354.8
S3,qlearning,0,832,0.20226843100189035,6286.700000000001,0,1831.0600000000002,1871.6000000000001
S3,qlearning,0,833,0.12755958375293722,7047.000000000001,1,1983.8600000000001,2063.4
S3,qlearning,0,834,0.1574074074074074,6810.700000000001,0,2269.12,2371.8
S3,qlearning,0,835,0.10715729882733523,5885.000000000001,0,1556.94,1560.2
S3,qlearning,0,836,0.15151515151515152,6829.1,3,1783.7,1809.2
S3,qlearning,0,837,0.18070044709388972,5865.1,0,1533.48,1580.8000000000002
S3,qlearning,0,838,0.17173051519154559,6614.500000000001,0,2168.7200000000003,2312.0000000000005
S3,qlearning,0,839,0.1645101663585952,6525.85,0,2049.58,2098.8
S3,qlearning,0,840,0.14945652173913043,6948.5,2,2125.2799999999997,2206.6
S3,qlearning,0,841,0.09080800593031875,6541.1,4,1798.62,1931.0
S3,qlearning,0,842,0.10687022900763359,6252.700000000001,0,1612.0800000000002,1612.2
S3,qlearning,0,843,0.1855976243504083,6095.6,0,1648.52,1690.2
S3,qlearning,0,844,0.13603069410533658,6959.1,5,1930.8400000000001,1970.6000000000001
S3,qlearning,0,845,0.20903322135125046,5764.1,0,1741.44,1816.8000000000002
S3,qlearning,0,846,0.19985595966870723,6886.000000000001,0,2021.6800000000003,2022.3000000000002
S3,qlearning,0,847,0.1661951909476662,6727.5,0,2133.3999999999996,2287.2
S3,qlearning,0,848,0.10013812154696132,7121.500000000001,0,2330.16,2519.0
S3,qlearning,0,849,0.20612244897959184,5530.900000000001,1,1630.88,1720.0000000000002
S3,qlearning,0,850,0.2244735796583234,5574.400000000001,0,1553.6000000000001,1638.8000000000002
S3,qlearning,0,851,0.18425760286225404,6834.6,0,1890.46,1937.0000000000002
S3,qlearning,0,852,0.2104340201665936,5338.900000000001,5,1448.8200000000002,1537.0000000000002
S3,qlearning,0,853,0.1953781512605042,6143.6,0,1784.4800000000002,1818.9000000000003
S3,qlearning,0,854,0.18531976744186046,6242.700000000001,0,1932.1200000000001,2067.6000000000004
S3,qlearning,0,855,0.18648449039881831,6108.35,0,1696.1600000000003,1756.4000000000003
S3,qlearning,0,856,0.19992310649750097,6038.0,4,1726.8600000000001,1755.6000000000001
S3,qlearning,0,857,0.19838056680161945,5604.900000000001,2,1670.88,1774.8000000000002
S3,qlearning,0,858,0.15873015873015872,6647.3,0,2057.64,2144.4
S3,qlearning,0,859,0.17556966753828912,6369.3,0,1902.2,1991.0000000000002
S3,qlearning,0,860,0.20320437670965222,5350.1,3,1660.44,1745.8000000000002
S3,qlearning,0,861,0.17765567765567766,6837.633333333334,0,1995.4266666666667,2064.8
S3,qlearning,0,862,0.12347888332140301,6630.900000000001,0,1853.0000000000002,1890.2000000000003
S3,qlearning,0,863,0.13502779984114377,5806.700000000001,1,1542.1200000000001,1597.1000000000001
S3,qlearning,0,864,0.19150549867273417,6163.700000000001,0,1643.24,1647.4
S3,qlearning,0,865,0.17328660436137072,5870.1,0,1559.5200000000002,1577.6000000000001
S3,qlearning,0,866,0.1436679673643136,7509.700000000001,2,1971.88,1978.1000000000001
S3,qlearning,0,867,0.18574108818011256,6433.3,4,1866.88,1983.6000000000001
S3,qlearning,0,868,0.20113919544321823,6127.700000000001,3,1928.1600000000003,2055.0000000000005
S3,qlearning,0,869,0.19223590892123926,6085.5,0,1846.0,1991.4
S3,qlearning,0,870,0.19230769230769232,6155.700000000001,0,1997.48,2132.2000000000003
S3,qlearning,0,871,0.2007233273056058,5948.3,0,1622.46,1702.6000000000001
S3,qlearning,0,872,0.2184557438794727,6187.400000000001,0,1678.88,1704.6000000000001
S3,qlearning,0,873,0.1750465549348231,5977.700000000001,0,1687.12,1784.9
S3,qlearning,0,874,0.18264014466546113,6068.3,2,1673.1200000000001,1750.6000000000001
S3,qlearning,0,875,0.25045537340619306,4566.650000000001,0,1384.04,1486.9
S3,qlearning,0,876,0.1968951154865581,5581.700000000001,7,1406.7,1414.6000000000001
S3,qlearning,0,877,0.2074074074074074,6374.200000000001,2,2147.7799999999997,2302.4
S3,qlearning,0,878,0.23434259643301536,5449.8,0,1533.8200000000002,1559.4
S3,qlearning,0,879,0.2248270561106841,5874.1,1,1851.48,1896.8000000000002
S3,qlearning,0,880,0.2179783950617284,6081.0,0,1929.68,2056.3
S3,qlearning,0,881,0.20081814801041278,6095.5,0,1706.08,1750.0
S3,qlearning,0,882,0.17929634641407308,7341.400000000001,0,2160.54,2245.0
S3,qlearning,0,883,0.21159542953872196,5690.0,2,1862.8,1920.2
S3,qlearning,0,884,0.21075019334880124,6056.8,0,1719.2,1722.5
S3,qlearning,0,885,0.2023121387283237,5876.500000000001,0,1971.12,2123.0
S3,qlearning,0,886,0.17930519237952933,5912.3,0,1513.1000000000001,1522.0
S3,qlearning,0,887,0.19446672012830793,5643.3,0,1423.88,1446.2
S3,qlearning,0,888,0.19390060240963855,5228.700000000001,1,1505.48,1538.4
S3,qlearning,0,889,0.19189765458422176,5065.900000000001,1,1355.6,1401.8
S3,qlearning,0,890,0.15783744557329463,6795.8,0,1642.68,1657.8000000000002
S3,qlearning,0,891,0.16147202403304545,6205.1,2,1757.74,1827.0
S3,qlearning,0,892,0.20326823435631725,5189.900000000001,0,1227.2,1228.4
S3,qlearning,0,893,0.17720131530873218,6368.700000000001,8,1871.56,1968.6000000000001
S3,qlearning,0,894,0.1994780014914243,5516.1,0,1348.7600000000002,1375.6000000000001
S3,qlearning,0,895,0.18583042973286876,6061.400000000001,0,1638.72,1726.5
S3,qlearning,0,896,0.19851576994434136,6698.900000000001,4,1875.9800000000002,1934.2000000000003
S3,qlearning,0,897,0.20483808037456105,5786.5,1,1547.7,1577.2
S3,qlearning,0,898,0.1883308714918759,6529.400000000001,3,1900.68,2025.6000000000001
S3,qlearning,0,899,0.18599562363238512,6071.0,0,1660.3400000000001,1696.9
S3,qlearning,0,900,0.1865533801256003,6045.5,3,1828.84,1884.0
S3,qlearning,0,901,0.19267094824329428,6388.166666666667,4,1772.88,1814.8000000000002
S3,qlearning,0,902,0.17764618800888232,6421.700000000001,0,1649.16,1680.4
S3,qlearning,0,903,0.18864255153636716,6267.700000000001,0,1565.44,1595.8000000000002
S3,qlearning,0,904,0.16493699036323203,5708.700000000001,1,1453.04,1475.2
S3,qlearning,0,905,0.16755521706016754,6013.35,0,1508.32,1516.75
S3,qlearning,0,906,0.1417004048582996,6897.700000000001,0,2118.5600000000004,2217.2000000000003
S3,qlearning,0,907,0.21764252696456085,6327.200000000001,0,2076.1600000000003,2225.1000000000004
S3,qlearning,0,908,0.19459888800635425,6246.200000000001,3,1883.24,1958.9
S3,qlearning,0,909,0.111236802413273,5467.900000000001,0,1491.0,1540.6000000000001
S3,qlearning,0,910,0.15348501263994221,5898.8,1,1697.28,1780.5
S3,qlearning,0,911,0.160882140274765,7055.1,0,2289.92,2414.0
S3,qlearning,0,912,0.09574875526618154,6701.333333333334,5,2167.226666666667,2208.9
S3,qlearning,0,913,0.0740296118447379,6410.0,0,1736.5400000000002,1768.8000000000002
S3,qlearning,0,914,0.14190609670637702,7116.300000000001,0,2528.6000000000004,2803.0000000000005
S3,qlearning,0,915,0.18368136117556072,5452.900000000001,5,1559.04,1633.6000000000001
S3,qlearning,0,916,0.1843817787418655,6012.3,0,1585.72,1606.9
S3,qlearning,0,917,0.18838304552590268,5598.700000000001,3,1735.8,1812.4
S3,qlearning,0,918,0.16381507098653075,7576.8,5,2647.7,2845.4
S3,qlearning,0,919,0.1798812434509256,7782.900000000001,1,2082.54,2128.5
S3,qlearning,0,920,0.14484574868322048,6023.3,3,1859.6000000000001,1963.8000000000002
S3,qlearning,0,921,0.23606975754997872,5480.450000000001,2,1649.0,1653.2
S3,qlearning,0,922,0.19494584837545126,6345.400000000001,1,1607.3200000000002,1621.9
S3,qlearning,0,923,0.20334059549745825,6391.1,2,2008.4800000000002,2116.6000000000004
S3,qlearning,0,924,0.1838105337575115,6627.500000000001,6,1691.1200000000001,1692.3000000000002
S3,qlearning,0,925,0.21695460024106067,5896.700000000001,2,1918.6,2054.4
S3,qlearning,0,926,0.22657952069716775,5552.6,2,1532.2800000000002,1560.1000000000001
S3,qlearning,0,927,0.19948755490483164,6206.700000000001,0,2208.08,2390.8
S3,qlearning,0,928,0.19918849133161196,6191.1,0,1707.1200000000001,1726.4
S3,qlearning,0,929,0.21067925899019252,6262.200000000001,0,1728.7800000000002,1741.1000000000001
S3,qlearning,0,930,0.19933554817275748,5918.6,0,1550.3200000000002,1624.6000000000001
S3,qlearning,0,931,0.1810727707550393,6716.200000000001,1,1988.5,2016.4
S3,qlearning,0,932,0.20178502134264648,6043.400000000001,0,1763.18,1795.4
S3,qlearning,0,933,0.19097853765005457,6942.500000000001,0,2374.16,2518.4
S3,qlearning,0,934,0.20500725689404933,6596.400000000001,0,2081.26,2089.3
S3,qlearning,0,935,0.19718792866941015,6551.3,0,2027.9199999999998,2166.6
S3,qlearning,0,936,0.18504531722054382,5874.8,0,1638.4,1683.8000000000002
S3,qlearning,0,937,0.13414634146341464,7498.333333333334,0,1953.7866666666669,2010.0000000000002
S3,qlearning,0,938,0.18850317282568121,5859.0,1,1693.44,1749.1000000000001
S3,qlearning,0,939,0.1897369555843036,5524.900000000001,0,1507.2800000000002,1545.0000000000002
S3,qlearning,0,940,0.14962121212121213,5948.900000000001,0,1530.1200000000001,1569.2
S3,qlearning,0,941,0.1747689835275211,5785.3,0,1799.1599999999999,1974.8
S3,qlearning,0,942,0.1743295019157088,5731.1,0,1728.16,1834.4
S3,qlearning,0,943,0.17871649065800163,5582.1,0,1661.9600000000003,1667.8000000000002
S3,qlearning,0,944,0.16757741347905283,6337.1,0,2004.4400000000003,2145.6000000000004
S3,qlearning,0,945,0.20124913254684246,6288.7,0,1778.1200000000001,1847.8000000000002
S3,qlearning,0,946,0.2037037037037037,5826.700000000001,0,1832.2,1884.8000000000002
S3,qlearning,0,947,0.19567648155050316,7088.966666666667,0,2557.9333333333334,2800.266666666667
S3,qlearning,0,948,0.14603616133518776,6436.3,0,1772.16,1829.8000000000002
S3,qlearning,0,949,0.07385524372230429,7101.000000000001,2,2093.1,2166.4
S3,qlearning,0,950,0.15070583746661578,6177.5,3,1893.3600000000001,1919.8000000000002
S3,qlearning,0,951,0.15162454873646208,6491.500000000001,0,2007.92,2136.2000000000003
S3,qlearning,0,952,0.12992125984251968,6442.900000000001,6,1717.0000000000002,1723.6000000000001
S3,qlearning,0,953,0.18181818181818182,5664.1,0,1520.96,1575.2
S3,qlearning,0,954,0.1928374655647383,5868.6,0,1630.5000000000002,1659.0000000000002
S3,qlearning,0,955,0.16112266112266113,6769.466666666667,2,1886.72,1980.0000000000002
S3,qlearning,0,956,0.2096890817064353,6519.900000000001,3,1691.8200000000002,1737.2000000000003
S3,qlearning,0,957,0.19117647058823528,6835.1,2,1734.2,1758.9
S3,qlearning,0,958,0.18511861969805896,6044.1,4,1541.4,1573.3000000000002
S3,qlearning,0,959,0.18254837531945967,6714.3,0,1818.2,1818.4
S3,qlearning,0,960,0.16411378555798686,6316.700000000001,3,1697.08,1716.0
S3,qlearning,0,961,0.16376870198139912,5520.3,1,1632.3,1720.0
S3,qlearning,0,962,0.17325800376647835,5934.700000000001,1,1754.66,1824.8000000000002
S3,qlearning,0,963,0.2066772655007949,5679.900000000001,0,1755.2800000000002,1784.6000000000001
S3,qlearning,0,964,0.2110128617363344,5666.3,1,1564.88,1577.4
S3,qlearning,0,965,0.1911976911976912,6612.000000000001,4,1854.4,1888.9
S3,qlearning,0,966,0.16881308736512357,6459.6,1,1648.66,1662.3000000000002
S3,qlearning,0,967,0.1681448632668145,5727.3,0,1441.28,1459.5
S3,qlearning,0,968,0.17929759704251386,6948.900000000001,0,2043.16,2053.0
S3,qlearning,0,969,0.19261962692619627,5894.900000000001,3,1772.0400000000002,1840.2000000000003
S3,qlearning,0,970,0.23029045643153526,5789.900000000001,0,1789.52,1895.4
S3,qlearning,0,971,0.21001926782273603,5637.700000000001,0,1881.6000000000001,2035.2000000000003
S3,qlearning,0,972,0.17538054268696227,7756.400000000001,0,2451.84,2586.5
S3,qlearning,0,973,0.21038665655799849,6629.8,0,2403.48,2583.3
S3,qlearning,0,974,0.18118466898954705,6752.700000000001,0,1908.3200000000002,1972.6000000000001
S3,qlearning,0,975,0.16443801951572098,6867.833333333334,6,2076.2799999999997,2204.0
S3,qlearning,0,976,0.1504049363671423,6622.400000000001,2,1872.2400000000002,1941.3000000000002
S3,qlearning,0,977,0.16440314510364545,7024.200000000001,9,2021.8799999999999,2067.6
S3,qlearning,0,978,0.20215633423180593,5734.05,0,1803.51,1832.0
S3,qlearning,0,979,0.24176294394522893,4739.3,0,1579.92,1730.8000000000002
S3,qlearning,0,980,0.18299656881433474,6739.8,0,1895.92,1983.7000000000003
S3,qlearning,0,981,0.20275750202757503,6580.8,0,1676.8000000000002,1681.6000000000001
S3,qlearning,0,982,0.17105780574125048,5603.900000000001,0,1589.44,1673.1000000000001
S3,qlearning,0,983,0.2018106374952848,5750.3,0,1579.72,1599.4
S3,qlearning,0,984,0.1949054419143188,6028.700000000001,4,1711.64,1719.6000000000001
S3,qlearning,0,985,0.2066892145809846,6862.733333333334,0,2415.9599999999996,2632.1
S3,qlearning,0,986,0.20542920029347028,6104.3,0,1604.3000000000002,1625.6000000000001
S3,qlearning,0,987,0.20818247646632876,6235.900000000001,2,1706.0400000000002,1710.2000000000003
S3,qlearning,0,988,0.12743362831858407,6653.0,3,1846.2,1882.8000000000002
S3,qlearning,0,989,0.07416350465677819,6132.3,0,1607.6000000000001,1623.4
S3,qlearning,0,990,0.16044776119402984,6198.200000000001,0,1633.7,1690.6000000000001
S3,qlearning,0,991,0.18973998594518623,6201.700000000001,0,1818.52,1874.2
S3,qlearning,0,992,0.19081272084805653,5917.500000000001,1,1535.7400000000002,1537.2000000000003
S3,qlearning,0,993,0.22249690976514216,5147.700000000001,0,1318.88,1320.9
S3,qlearning,0,994,0.19842829076620824,6150.6,2,1556.54,1564.0
S3,qlearning,0,995,0.2175543885971493,5434.1,0,1337.76,1366.5
S3,qlearning,0,996,0.1990811638591118,5940.1,0,1687.94,1713.6000000000001
S3,qlearning,0,997,0.17838030681412773,6143.400000000001,0,1917.96,2068.7000000000003
S3,qlearning,0,998,0.19194931047335073,6639.200000000001,1,2001.0000000000002,2002.3000000000002
S3,qlearning,0,999,0.18497109826589594,6817.900000000001,13,2146.12,2214.4
S3,qlearning,0,1000,0.19911504424778761,5338.900000000001,1,1475.5200000000002,1486.6000000000001
S3,qlearning,0,1001,0.1588447653429603,5974.3,5,1710.56,1786.4
S3,qlearning,0,1002,0.17362465860319937,6607.000000000001,0,1991.88,2065.6000000000004
S3,qlearning,0,1003,0.17063081695966908,6396.700000000001,2,1981.04,2076.4
S3,qlearning,0,1004,0.15086206896551724,7332.5,3,2014.2000000000003,2117.6000000000004
S3,qlearning,0,1005,0.21262002743484226,4784.900000000001,2,1412.64,1413.2
S3,qlearning,0,1006,0.21285475792988315,5667.400000000001,1,1364.3400000000001,1365.7
S3,qlearning,0,1007,0.20900974025974026,5157.700000000001,3,1631.68,1715.6000000000001
S3,qlearning,0,1008,0.19708806818181818,5907.900000000001,3,1768.1200000000001,1832.4
S3,qlearning,0,1009,0.19879969992498125,6078.25,2,1685.94,1694.7
S3,qlearning,0,1010,0.19661816751867872,5764.35,0,1607.3,1635.4
S3,qlearning,0,1011,0.1840833023428784,6174.366666666667,0,1644.68,1659.8000000000002
S3,qlearning,0,1012,0.17380168313208927,6348.1,3,1909.44,1976.0000000000002
S3,qlearning,0,1013,0.2080946926307751,6187.500000000001,0,1897.68,1962.8000000000002
S3,qlearning,0,1014,0.20730315709395208,6180.200000000001,1,1712.8200000000002,1773.0000000000002
S3,qlearning,0,1015,0.17928286852589642,6853.250000000001,2,2218.4700000000003,2369.0000000000005
S3,qlearning,0,1016,0.234375,5163.5,0,1337.0800000000002,1360.4
S3,qlearning,0,1017,0.1715137956748695,6211.1,4,1887.22,2010.0000000000002
S3,qlearning,0,1018,0.16945925361766945,7128.900000000001,9,1954.88,1986.0000000000002
S3,qlearning,0,1019,0.18856447688564476,6097.3,6,1733.52,1760.6000000000001
S3,qlearning,0,1020,0.1959277756434883,5952.650000000001,0,1656.7000000000003,1707.0000000000002
S3,qlearning,0,1021,0.18563357546408393,6000.000000000001,1,1828.8200000000002,1884.0000000000002
S3,qlearning,0,1022,0.2069805194805195,6004.6,4,1664.26,1713.8
S3,qlearning,0,1023,0.2147239263803681,6116.8,0,1816.38,1858.4
S3,qlearning,0,1024,0.18109692997585375,6402.3,0,1620.0400000000002,1645.5000000000002
S3,qlearning,0,1025,0.14327700220426157,6795.3,5,2390.8399999999997,2634.0
S3,qlearning,0,1026,0.11241784849533033,6727.166666666667,0,1773.1733333333336,1788.2000000000003
S3,qlearning,0,1027,0.10550996483001172,5956.3,0,1744.0800000000002,1810.8000000000002
S3,qlearning,0,1028,0.17926734216679657,5657.1,2,1637.3200000000002,1701.5000000000002
S3,qlearning,0,1029,0.20279971284996412,6435.700000000001,1,1702.24,1711.0
S3,qlearning,0,1030,0.18137425880711544,6021.3,0,1662.1200000000001,1726.6000000000001
S3,qlearning,0,1031,0.18461538461538463,5213.5,6,1386.2,1414.2
S3,qlearning,0,1032,0.19089574155653452,6172.1,1,1767.94,1819.8000000000002
S3,qlearning,0,1033,0.2073732718894009,5615.3,0,1539.46,1597.4
S3,qlearning,0,1034,0.1910598413842826,7007.633333333334,0,2074.6800000000003,2169.8
S3,qlearning,0,1035,0.20561106840891621,6668.400000000001,4,2102.42,2226.2000000000003
S3,qlearning,0,1036,0.20371117386042759,5888.25,0,1745.52,1761.4
S3,qlearning,0,1037,0.1947097722263042,6515.200000000001,0,1740.98,1785.4
S3,qlearning,0,1038,0.1817463453180561,5983.400000000001,2,1554.0900000000001,1566.7
S3,qlearning,0,1039,0.1645123384253819,5426.900000000001,0,1428.3200000000002,1437.7
S3,qlearning,0,1040,0.1280323450134771,7005.700000000001,0,1813.2400000000002,1828.6000000000001
S3,qlearning,0,1041,0.08207485226526592,7308.6,2,2091.2,2103.6
S3,qlearning,0,1042,0.042682926829268296,6046.200000000001,2,1882.0200000000002,1925.0000000000002
S3,qlearning,0,1043,0.09245283018867924,7022.466666666667,4,2175.4533333333334,2181.4666666666667
S3,qlearning,0,1044,0.18468118195956454,5560.3,0,1659.8,1755.2
S3,qlearning,0,1045,0.14495412844036698,6136.900000000001,0,1658.0400000000002,1700.6000000000001
S3,qlearning,0,1046,0.17945266935845672,4746.200000000001,4,1240.44,1253.4
S3,qlearning,0,1047,0.13187221396731055,6925.400000000001,0,2476.66,2644.4
S3,qlearning,0,1048,0.15625,6330.700000000001,5,1921.04,2021.8
S3,qlearning,0,1049,0.19894894894894896,6189.700000000001,0,1714.7600000000002,1721.8000000000002
S3,qlearning,0,1050,0.18848167539267016,7196.1,3,2392.52,2595.0
S3,qlearning,0,1051,0.19405594405594406,6532.6,0,1678.5600000000002,1752.8000000000002
S3,qlearning,0,1052,0.18979833926453143,5510.3,0,1568.24,1615.0
S3,qlearning,0,1053,0.16673362796303737,5920.1,4,1444.0600000000002,1505.6000000000001
S3,qlearning,0,1054,0.19917324314167606,6079.0,0,1673.2000000000003,1680.5000000000002
S3,qlearning,0,1055,0.15935508061492312,6304.700000000001,0,2135.8,2348.2000000000003
S3,qlearning,0,1056,0.1524390243902439,5881.900000000001,0,1647.4,1719.4
S3,qlearning,0,1057,0.20032375556454876,5808.0,2,1797.88,1835.8000000000002
S3,qlearning,0,1058,0.1711340206185567,6037.85,6,2043.16,2243.2000000000003
S3,qlearning,0,1059,0.1823579304495335,5848.6,0,1711.48,1764.9
S3,qlearning,0,1060,0.19759783029833397,6139.700000000001,4,2192.7999999999997,2306.0
S3,qlearning,0,1061,0.22263450834879406,7051.700000000001,3,1888.5600000000002,1892.2
S3,qlearning,0,1062,0.20570793180133431,6412.500000000001,1,2053.52,2234.2000000000003
S3,qlearning,0,1063,0.19933554817275748,6150.200000000001,0,1552.32,1577.3
S3,qlearning,0,1064,0.187414030261348,6632.3,0,1749.16,1840.3000000000002
S3,qlearning,0,1065,0.17687819110138586,5994.900000000001,2,1551.5600000000002,1585.1000000000001
S3,qlearning,0,1066,0.13088079235939157,6785.0,1,1851.72,1904.9
S3,qlearning,0,1067,0.12370025098601649,6860.900000000001,3,2151.56,2250.4
S3,qlearning,0,1068,0.12185833968012186,6253.5,3,1575.86,1616.2
S3,qlearning,0,1069,0.1588531576908175,6063.5,0,1854.6,1924.2
S3,qlearning,0,1070,0.16757741347905283,7009.400000000001,0,2018.14,2023.4
S3,qlearning,0,1071,0.17925983037779492,6284.250000000001,1,1721.16,1755.4
S3,qlearning,0,1072,0.14190932546995946,6069.3,4,1541.46,1549.2
S3,qlearning,0,1073,0.14773599386032232,6701.900000000001,4,1779.8200000000002,1846.2000000000003
S3,qlearning,0,1074,0.1971608832807571,6423.900000000001,0,2049.32,2151.2000000000003
S3,qlearning,0,1075,0.16373801916932906,6221.500000000001,0,1997.96,2110.2000000000003
S3,qlearning,0,1076,0.19475357710651828,6333.3,2,1714.6000000000001,1765.8000000000002
S3,qlearning,0,1077,0.19308125502815768,6341.75,0,1898.16,2009.7
S3,qlearning,0,1078,0.18499486125385406,7334.8,0,1888.48,1901.4
S3,qlearning,0,1079,0.17523364485981308,5077.1,0,1344.3200000000002,1371.6000000000001
S3,qlearning,0,1080,0.1718213058419244,5228.3,0,1376.16,1381.0
S3,qlearning,0,1081,0.17801251956181532,5651.900000000001,7,1408.72,1409.6000000000001
S3,qlearning,0,1082,0.16772269847185986,6636.900000000001,2,2276.5200000000004,2434.6000000000004
S3,qlearning,0,1083,0.20061138708444784,5669.750000000001,0,1684.0400000000002,1723.6000000000001
S3,qlearning,0,1084,0.18511301636788777,6615.500000000001,3,2251.1200000000003,2375.6000000000004
S3,qlearning,0,1085,0.18798378179137487,6122.200000000001,0,1684.18,1747.0
S3,qlearning,0,1086,0.18371212121212122,6333.500000000001,1,1920.36,2024.4
S3,qlearning,0,1087,0.18170926517571884,5598.05,2,1632.7600000000002,1715.2000000000003
S3,qlearning,0,1088,0.187175685693106,5885.900000000001,0,1674.3600000000001,1760.2000000000003
S3,qlearning,0,1089,0.14485344239945466,7913.300000000001,4,2420.2400000000002,2495.2000000000003
S3,qlearning,0,1090,0.16103996895615055,6371.250000000001,2,2045.28,2087.9
S3,qlearning,0,1091,0.11793411956079707,5889.700000000001,6,1771.4400000000003,1773.0000000000002
S3,qlearning,0,1092,0.10366826156299841,5784.3,4,1693.58,1794.6000000000001
S3,qlearning,0,1093,0.0962962962962963,8151.200000000001,0,2613.98,2705.4
S3,qlearning,0,1094,0.16830559757942512,6866.6,5,2205.0,2382.8
S3,qlearning,0,1095,0.12692050768203073,7685.700000000001,1,2350.32,2484.8
S3,qlearning,0,1096,0.12571428571428572,5948.3,4,1583.2800000000002,1599.0000000000002
S3,qlearning,0,1097,0.15945330296127563,6967.3,0,2137.7200000000003,2196.6000000000004
S3,qlearning,0,1098,0.15026833631484796,6493.1,0,1866.6000000000001,1886.6000000000001
S3,qlearning,0,1099,0.15499194847020933,6031.700000000001,0,1684.16,1685.5
S3,qlearning,0,1100,0.1726078799249531,6671.200000000001,1,2078.42,2136.6000000000004
S3,qlearning,0,1101,0.13866231647634583,6307.766666666667,0,2085.6933333333336,2123.666666666667
S3,qlearning,0,1102,0.1467076083248038,7782.000000000001,0,1981.98,1998.4
S3,qlearning,0,1103,0.17468944099378883,6017.500000000001,4,1663.68,1702.4
S3,qlearning,0,1104,0.1790633608815427,6049.3,0,1517.68,1529.4
S3,qlearning,0,1105,0.16791044776119404,7276.6,0,2509.1800000000003,2719.2000000000003
S3,qlearning,0,1106,0.17660910518053374,5670.400000000001,2,1739.3400000000001,1745.4
S3,qlearning,0,1107,0.14735980352026198,5890.500000000001,0,1546.52,1580.4
S3,qlearning,0,1108,0.16912558474271322,6178.35,2,1981.56,2107.3
S3,qlearning,0,1109,0.16961385781306387,6157.700000000001,4,1669.28,1726.5
S3,qlearning,0,1110,0.1915481832543444,5563.700000000001,2,1595.76,1664.0
S3,qlearning,0,1111,0.14992774566473988,5901.700000000001,0,1471.44,1476.6000000000001
S3,qlearning,0,1112,0.15005359056806003,6730.000000000001,0,2146.4199999999996,2289.1
S3,qlearning,0,1113,0.12131392310563643,7064.700000000001,4,1951.92,2031.2000000000003
S3,qlearning,0,1114,0.12646954043462771,7001.700000000001,0,2071.8,2162.4
S3,qlearning,0,1115,0.11764705882352941,5981.1,0,1782.36,1886.4
S3,qlearning,0,1116,0.13100436681222707,6896.0,0,1981.56,2082.5
S3,qlearning,0,1117,0.0989345509893455,6535.3,0,1997.88,2088.6000000000004
S3,qlearning,0,1118,0.15135327635327636,6470.500000000001,0,2091.0,2283.6000000000004
S3,qlearning,0,1119,0.11590077267181781,6361.200000000001,6,1662.24,1691.6000000000001
S3,qlearning,0,1120,0.1258452291510143,5814.900000000001,4,1489.9800000000002,1523.0000000000002
S3,qlearning,0,1121,0.11220196353436185,6817.1,2,1993.64,2110.2000000000003
S3,qlearning,0,1122,0.13054830287206268,6849.0,0,2087.6000000000004,2195.7000000000003
S3,qlearning,0,1123,0.15256305939788445,5688.85,0,1568.0,1640.3000000000002
S3,qlearning,0,1124,0.18041237113402062,5755.400000000001,0,1713.9,1778.3000000000002
S3,qlearning,0,1125,0.19150549867273417,6286.166666666667,0,2001.8400000000001,2168.6000000000004
S3,qlearning,0,1126,0.21773244409572381,6414.033333333334,4,1772.42,1814.4
S3,qlearning,0,1127,0.1888848528877588,6306.650000000001,1,1803.14,1845.6000000000001
S3,qlearning,0,1128,0.16129032258064516,7309.700000000001,6,2381.4,2496.4
S3,qlearning,0,1129,0.17707539984767706,6351.700000000001,3,1825.2400000000002,1874.2000000000003
S3,qlearning,0,1130,0.19500438212094653,5549.85,0,1751.16,1857.0000000000002
S3,qlearning,0,1131,0.15759312320916904,6344.500000000001,8,1812.52,1844.6000000000001
S3,qlearning,0,1132,0.18680445151033387,5259.3,0,1419.5600000000002,1469.6000000000001
S3,qlearning,0,1133,0.18269947800149142,5876.700000000001,0,1698.68,1802.8000000000002
S3,qlearning,0,1134,0.17411052233156699,5601.1,0,1648.08,1753.4
S3,qlearning,0,1135,0.17472118959107807,5974.6,1,1570.64,1594.1000000000001
S3,qlearning,0,1136,0.17644940583363342,6438.200000000001,6,1791.6000000000001,1816.8000000000002
S3,qlearning,0,1137,0.18434055492208287,6799.1,0,1785.52,1802.4
S3,qlearning,0,1138,0.1550680786686838,6011.500000000001,7,1959.72,2092.8
S3,qlearning,0,1139,0.1934790397706915,6404.3,0,2066.2000000000003,2187.2000000000003
S3,qlearning,0,1140,0.18592057761732853,6482.1,0,1936.9200000000003,2011.6000000000004
S3,qlearning,0,1141,0.18222387504648568,6702.5,0,2456.4,2695.6000000000004
S3,qlearning,0,1142,0.17089093701996927,5788.900000000001,6,1796.8400000000001,1893.6000000000001
S3,qlearning,0,1143,0.19238168526356292,6210.400000000001,0,1587.74,1606.2
S3,qlearning,0,1144,0.15300738656348928,6878.400000000001,2,2158.8199999999997,2266.0
S3,qlearning,0,1145,0.185487158581329,5754.700000000001,0,1677.5200000000002,1681.8000000000002
S3,qlearning,0,1146,0.15668523676880222,6381.700000000001,0,1968.5400000000002,2131.2000000000003
S3,qlearning,0,1147,0.1433552886478109,6463.700000000001,5,2067.04,2149.6
S3,qlearning,0,1148,0.13310185185185186,5967.6,0,1576.3600000000001,1621.8000000000002
S3,qlearning,0,1149,0.15819209039548024,6810.700000000001,1,1919.0000000000002,1923.0000000000002
S3,qlearning,0,1150,0.18754988028731046,6327.700000000001,0,1819.72,1876.8000000000002
S3,qlearning,0,1151,0.17540751240255137,6679.3,0,2348.72,2594.4
S3,qlearning,0,1152,0.19166973829708808,6575.200000000001,1,1938.44,2069.9
S3,qlearning,0,1153,0.16524701873935263,7204.700000000001,1,2044.4800000000002,2084.2000000000003
S3,qlearning,0,1154,0.19720329867335962,6344.400000000001,0,1714.98,1748.2
S3,qlearning,0,1155,0.17767408470926058,6350.8,0,1729.98,1768.0
S3,qlearning,0,1156,0.16002977298101972,6993.400000000001,3,1878.7600000000002,1892.2000000000003
S3,qlearning,0,1157,0.1643835616438356,5925.1,1,2110.04,2340.6
S3,qlearning,0,1158,0.1724137931034483,5862.6,0,1895.54,1951.4
S3,qlearning,0,1159,0.12450378924575965,7281.3,0,2117.26,2217.6000000000004
S3,qlearning,0,1160,0.11853867081228138,6515.400000000001,1,1751.42,1769.8000000000002
S3,qlearning,0,1161,0.11481481481481481,6245.700000000001,0,1819.0,1895.8000000000002
S3,qlearning,0,1162,0.17221801665404995,6007.900000000001,0,1608.34,1659.2
S3,qlearning,0,1163,0.15736766809728184,6244.1,1,1985.92,2098.2000000000003
S3,qlearning,0,1164,0.188470066518847,6706.700000000001,1,2096.7599999999998,2135.2
S3,qlearning,0,1165,0.21567217828900073,6271.700000000001,0,1748.98,1802.2
S3,qlearning,0,1166,0.23659305993690852,5565.400000000001,0,1709.98,1739.8000000000002
S3,qlearning,0,1167,0.21107128634010355,5651.05,0,1550.16,1554.8000000000002
S3,qlearning,0,1168,0.19133574007220217,6260.6,0,1967.5000000000002,2080.2000000000003
S3,qlearning,0,1169,0.2081727062451812,6150.150000000001,5,2067.92,2138.0
S3,qlearning,0,1170,0.17052136417091338,5860.8,0,1500.68,1533.1000000000001
S3,qlearning,0,1171,0.1848560255954497,6115.5,0,2008.7599999999998,2130.6
S3,qlearning,0,1172,0.18326693227091634,6544.6,1,1955.72,2057.3
S3,qlearning,0,1173,0.16924738926899532,6723.500000000001,0,1967.2800000000002,2011.0000000000002
S3,qlearning,0,1174,0.16503445774392456,7212.200000000001,3,1793.18,1814.9
S3,qlearning,0,1175,0.16428295322767686,6308.5,9,1925.6000000000001,2033.2000000000003
S3,qlearning,0,1176,0.1921553090332805,6339.266666666667,0,2084.5733333333333,2198.366666666667
S3,qlearning,0,1177,0.09009009009009009,6195.6,3,1853.4600000000003,1854.8000000000002
S3,qlearning,0,1178,0.16048910966755828,6723.900000000001,9,2053.6000000000004,2154.2000000000003
S3,qlearning,0,1179,0.12050359712230216,6911.700000000001,0,1712.0400000000002,1726.3000000000002
S3,qlearning,0,1180,0.10091393754760092,6040.1,0,1674.1200000000001,1708.8000000000002
S3,qlearning,0,1181,0.10126582278481013,6055.5,2,1774.3600000000001,1813.4
S3,qlearning,0,1182,0.0880281690140845,7144.000000000001,0,2152.5200000000004,2170.1000000000004
S3,qlearning,0,1183,0.1527570789865872,5725.3,0,1698.44,1745.2
S3,qlearning,0,1184,0.15368120085775555,6366.3,0,2083.56,2225.0
S3,qlearning,0,1185,0.1882998171846435,5915.3,0,1628.0,1646.0
S3,qlearning,0,1186,0.16193595342066958,7041.8,0,2223.02,2248.8
S3,qlearning,0,1187,0.20161290322580644,5992.8,0,1532.44,1535.1000000000001
S3,qlearning,0,1188,0.1351832088224831,7547.400000000001,9,2082.0400000000004,2122.0000000000005
S3,qlearning,0,1189,0.16753926701570682,7015.500000000001,0,2108.1600000000003,2212.6000000000004
S3,qlearning,0,1190,0.19442262372348781,5368.3,5,1560.6,1635.2
S3,qlearning,0,1191,0.18725868725868725,6555.1,4,2471.92,2776.0000000000005
S3,qlearning,0,1192,0.20465640255351109,6018.3,3,1614.0400000000002,1660.1000000000001
S3,qlearning,0,1193,0.18991964937910885,5908.900000000001,0,1664.2600000000002,1753.2000000000003
S3,qlearning,0,1194,0.21026234567901234,5770.950000000001,1,1721.68,1750.0
S3,qlearning,0,1195,0.19223067681217462,5224.3,0,1179.16,1189.6000000000001
S3,qlearning,0,1196,0.17830882352941177,5715.3,0,1413.3600000000001,1436.6000000000001
S3,qlearning,0,1197,0.2045370026031982,6457.900000000001,5,1754.24,1782.2
S3,qlearning,0,1198,0.1735862562634216,6137.5,0,1902.64,2037.0000000000002
S3,qlearning,0,1199,0.175307720999627,6196.900000000001,1,1900.8200000000002,2043.6000000000001
S3,qlearning,0,1200,0.2041213063763608,6758.700000000001,7,2121.7599999999998,2219.6
S3,qlearning,0,1201,0.1757435303205871,6152.900000000001,2,1796.92,1820.3000000000002
S3,qlearning,0,1202,0.1803921568627451,6639.200000000001,0,1945.38,2007.2000000000003
S3,qlearning,0,1203,0.14670896114195084,5735.3,6,1858.96,1989.8000000000002
S3,qlearning,0,1204,0.15603328710124825,6909.000000000001,2,1982.2200000000003,2002.6000000000001
S3,qlearning,0,1205,0.15481017323995577,6260.400000000001,0,1564.0,1598.4
S3,qlearning,0,1206,0.15823935976718806,7430.833333333334,0,2630.666666666667,2826.1333333333337
S3,qlearning,0,1207,0.17609591607343575,6238.200000000001,2,1623.58,1624.8
S3,qlearning,0,1208,0.21800565199838515,5672.400000000001,3,1589.5600000000002,1596.3000000000002
S3,qlearning,0,1209,0.18622780424426158,5116.400000000001,0,1471.38,1514.1000000000001
S3,qlearning,0,1210,0.10366826156299841,6167.3,0,1815.96,1822.4
S3,qlearning,0,1211,0.16632016632016633,7669.6,8,2323.1,2432.4
S3,qlearning,0,1212,0.1727028839704896,6790.700000000001,0,1851.64,1885.2000000000003
S3,qlearning,0,1213,0.1930080116533139,6795.900000000001,2,1970.68,2057.4
S3,qlearning,0,1214,0.19168026101141925,5657.8,2,1391.04,1407.8
S3,qlearning,0,1215,0.1939487975174554,6447.1,0,1923.92,1967.6000000000001
S3,qlearning,0,1216,0.16908212560386474,6455.900000000001,0,2346.16,2580.0
S3,qlearning,0,1217,0.17530487804878048,5523.1,0,1389.8400000000001,1409.9
S3,qlearning,0,1218,0.14026076649545635,6335.400000000001,0,1823.42,1827.4
S3,qlearning,0,1219,0.10659297275957363,6550.700000000001,0,1947.3600000000001,1951.0
S3,qlearning,0,1220,0.19701606732976282,6166.500000000001,0,1859.2200000000003,1911.7000000000003
S3,qlearning,0,1221,0.18851303735024666,6216.3,0,1873.88,1968.3000000000002
S3,qlearning,0,1222,0.19992526158445442,6622.500000000001,2,1785.18,1875.0000000000002
S3,qlearning,0,1223,0.1787504176411627,7280.1,4,2207.54,2314.4
S3,qlearning,0,1224,0.13580719204284622,5918.3,0,1607.8000000000002,1632.8000000000002
S3,qlearning,0,1225,0.13742789277231082,6592.900000000001,0,1795.1200000000001,1844.9
S3,qlearning,0,1226,0.18671383647798742,6090.3,0,1835.5600000000002,1892.8000000000002
S3,qlearning,0,1227,0.1430084745762712,6828.3,1,2250.1200000000003,2359.2000000000003
S3,qlearning,0,1228,0.14329976762199845,5853.200000000001,6,1619.94,1671.7
S3,qlearning,0,1229,0.10351966873706005,5818.3,0,1875.24,1945.6000000000001
S3,qlearning,0,1230,0.11327503974562798,5950.8,0,1607.2600000000002,1611.0000000000002
S3,qlearning,0,1231,0.136,5955.700000000001,1,1753.3000000000002,1810.6000000000001
S3,qlearning,0,1232,0.1892744479495268,6272.6,0,2161.6800000000003,2297.8
S3,qlearning,0,1233,0.18246869409660108,6720.500000000001,2,2318.6800000000003,2413.8
S3,qlearning,0,1234,0.19499105545617174,6619.3,0,2044.1999999999998,2127.0
S3,qlearning,0,1235,0.18185373484552209,6205.900000000001,3,1721.5600000000002,1768.1000000000001
S3,qlearning,0,1236,0.17694272163444,6797.500000000001,2,2092.56,2204.4
S3,qlearning,0,1237,0.1928728875826598,6326.6,0,1860.2,1891.3000000000002
S3,qlearning,0,1238,0.19324577861163228,6618.000000000001,0,1661.88,1675.1000000000001
S3,qlearning,0,1239,0.20376175548589343,6540.200000000001,0,1826.6799999999998,1898.3
S3,qlearning,0,1240,0.22115384615384615,6153.5,3,1887.4,1976.4
S3,qlearning,0,1241,0.195902228612509,6414.400000000001,2,1905.44,1907.1000000000001
S3,qlearning,0,1242,0.19781461944235118,6457.3,1,1929.3600000000001,1969.6000000000001
S3,qlearning,0,1243,0.20873975809598128,5816.1,0,1754.76,1867.4
S3,qlearning,0,1244,0.21238300935925125,6549.35,2,2093.7999999999997,2220.85
S3,qlearning,0,1245,0.20322085889570551,6277.55,1,1812.81,1820.2
S3,qlearning,0,1246,0.18525519848771266,6445.250000000001,0,2056.07,2156.4
S3,qlearning,0,1247,0.18592057761732853,7336.400000000001,3,2219.98,2249.4
S3,qlearning,0,1248,0.2134387351778656,6299.1,1,1938.5600000000002,1985.6000000000001
S3,qlearning,0,1249,0.17988394584139264,6056.5,9,1745.8,1792.4
S3,qlearning,0,1250,0.22799365582870737,6390.400000000001,0,1732.84,1776.0
S3,qlearning,0,1251,0.185589519650655,6181.3,6,1989.8200000000002,2141.6000000000004
S3,qlearning,0,1252,0.20177711958533875,6041.900000000001,0,1758.48,1773.4
S3,qlearning,0,1253,0.1864801864801865,5942.150000000001,0,1856.16,1968.3000000000002
S3,qlearning,0,1254,0.22953328232593725,6429.1,0,2015.46,2075.3
S3,qlearning,0,1255,0.19683519876495562,5959.0,2,1683.26,1712.9
S3,qlearning,0,1256,0.20684168655529037,6266.8,0,1644.76,1677.1000000000001
S3,qlearning,0,1257,0.21764252696456085,6291.6,1,1651.4000000000003,1671.7000000000003
S3,qlearning,0,1258,0.19716692189892804,5519.3,5,1747.92,1877.4
S3,qlearning,0,1259,0.19838354151359294,6205.1,0,2072.84,2161.4
S3,qlearning,0,1260,0.19900497512437812,6167.1,0,1964.44,2097.8
S3,qlearning,0,1261,0.19756277695716395,6421.400000000001,0,2068.74,2178.4
S3,qlearning,0,1262,0.20441988950276244,5573.3,0,1562.2400000000002,1582.6000000000001
S3,qlearning,0,1263,0.20171834142697048,6522.050000000001,0,1796.0700000000002,1823.2000000000003
S3,qlearning,0,1264,0.19423076923076923,5729.1,0,1538.6000000000001,1573.4
S3,qlearning,0,1265,0.19807692307692307,5991.900000000001,0,1865.24,1941.8000000000002
S3,qlearning,0,1266,0.1847375690607735,6596.200000000001,0,1769.1800000000003,1778.0000000000002
S3,qlearning,0,1267,0.1936426744610888,6434.3,0,1916.02,2014.6000000000001
S3,qlearning,0,1268,0.19021739130434784,6328.1,0,1619.3600000000001,1663.6000000000001
S3,qlearning,0,1269,0.21330724070450097,5875.950000000001,0,1697.72,1790.9
S3,qlearning,0,1270,0.15571526351813827,6620.700000000001,2,2310.52,2519.4
S3,qlearning,0,1271,0.20786516853932585,5976.700000000001,2,1490.18,1490.8
S3,qlearning,0,1272,0.20007621951219512,6802.6,0,1974.16,2038.3000000000002
S3,qlearning,0,1273,0.195822454308094,5796.8,0,1585.36,1627.7
S3,qlearning,0,1274,0.18566176470588236,6574.400000000001,2,2028.3600000000004,2070.6000000000004
S3,qlearning,0,1275,0.18038331454340473,6302.000000000001,4,2090.82,2119.0
S3,qlearning,0,1276,0.20696324951644102,5935.3,0,1601.0,1631.7
S3,qlearning,0,1277,0.2382875605815832,5744.950000000001,0,1840.22,1953.1000000000001
S3,qlearning,0,1278,0.20689655172413793,5943.3,0,1820.7600000000002,1896.2000000000003
S3,qlearning,0,1279,0.1981981981981982,6151.700000000001,0,1820.68,1942.9
S3,qlearning,0,1280,0.2169775409212029,5741.1,4,1650.0,1727.6000000000001
S3,qlearning,0,1281,0.18954509177972864,5497.1,2,1566.96,1591.4
S3,qlearning,0,1282,0.2058252427184466,5891.3,6,1803.0800000000002,1907.6000000000001
S3,qlearning,0,1283,0.2113526570048309,6128.400000000001,0,2032.2,2180.9
S3,qlearning,0,1284,0.17229729729729729,6942.1,0,2139.56,2242.2000000000003
S3,qlearning,0,1285,0.20314296665389037,5909.700000000001,1,1652.72,1709.2
S3,qlearning,0,1286,0.19686411149825783,6274.5,2,1868.36,1968.4
S3,qlearning,0,1287,0.20524515393386544,6419.900000000001,0,1868.3600000000001,1884.1000000000001
S3,qlearning,0,1288,0.1716124419020379,6724.1,0,2024.9600000000003,2092.2000000000003
S3,qlearning,0,1289,0.20228025009194556,6676.500000000001,0,2097.32,2176.4
S3,qlearning,0,1290,0.20626151012891344,6222.3,2,2200.12,2423.8
S3,qlearning,0,1291,0.21468699839486358,6707.1,0,1961.5200000000002,1990.3000000000002
S3,qlearning,0,1292,0.20986745213549338,5923.700000000001,0,1708.64,1771.9
S3,qlearning,0,1293,0.2102545186278126,6155.0,4,1736.66,1772.1000000000001
S3,qlearning,0,1294,0.18806990881458965,5572.1,5,1540.5600000000002,1569.1000000000001
S3,qlearning,0,1295,0.20561106840891621,5854.1,2,1685.9,1766.4
S3,qlearning,0,1296,0.20523005627275737,7074.1,0,1951.68,1970.6000000000001
S3,qlearning,0,1297,0.24727577535624476,5284.8,3,1428.04,1462.4
S3,qlearning,0,1298,0.19960474308300397,6197.700000000001,1,1616.88,1644.6000000000001
S3,qlearning,0,1299,0.1835815725666782,7185.450000000001,0,2048.16,2063.6
S3,qlearning,0,1300,0.2201731275875047,5685.700000000001,0,1963.24,2142.4
S3,qlearning,0,1301,0.18785642401878563,6656.1,6,2088.6000000000004,2217.6000000000004
S3,qlearning,0,1302,0.2164750957854406,5642.75,0,1434.92,1444.9
S3,qlearning,0,1303,0.18871191135734072,7094.1,3,2051.04,2130.0
S3,qlearning,0,1304,0.22647403358063256,6219.25,0,1812.08,1887.7
S3,qlearning,0,1305,0.22580645161290322,5904.5,1,1445.8200000000002,1450.2
S3,qlearning,0,1306,0.20176787086856265,6347.1,0,1902.88,1994.6000000000001
S3,qlearning,0,1307,0.22157190635451504,5579.8,3,1652.96,1687.3000000000002
S3,qlearning,0,1308,0.2059153874953201,5530.400000000001,3,1543.52,1581.1000000000001
S3,qlearning,0,1309,0.2007168458781362,6369.3,0,1669.8000000000002,1702.6000000000001
S3,qlearning,0,1310,0.18456375838926176,5617.5,1,1604.1200000000001,1648.4
S3,qlearning,0,1311,0.22610921501706485,5616.400000000001,2,1634.4,1688.1000000000001
S3,qlearning,0,1312,0.1777217015140591,6468.650000000001,1,2001.02,2062.0
S3,qlearning,0,1313,0.2,6141.1,0,1847.44,1965.8000000000002
S3,qlearning,0,1314,0.2081727062451812,5884.3,2,1772.56,1897.5
S3,qlearning,0,1315,0.19017165937394817,6775.500000000001,1,2183.64,2277.8
S3,qlearning,0,1316,0.204,5197.5,2,1568.24,1650.2
S3,qlearning,0,1317,0.18571428571428572,6652.0,1,1860.98,1935.8000000000002
S3,qlearning,0,1318,0.20125553914327918,6393.700000000001,2,2065.4,2216.0
S3,qlearning,0,1319,0.2000734214390602,5956.200000000001,2,1632.8400000000001,1681.1000000000001
S3,qlearning,0,1320,0.20540340488527017,6248.900000000001,2,1994.32,2147.3
S3,qlearning,0,1321,0.1690897597977244,6960.3,0,1793.3600000000001,1807.7
S3,qlearning,0,1322,0.17966223499820339,6933.700000000001,2,2007.92,2106.8
S3,qlearning,0,1323,0.19367448471926083,6640.3,0,2018.3799999999999,2146.6
S3,qlearning,0,1324,0.19322033898305085,6616.5,2,1592.2,1611.4
S3,qlearning,0,1325,0.22943365026870607,4960.3,2,1409.44,1486.4
S3,qlearning,0,1326,0.23680930619027835,5761.3,0,1679.08,1748.0
S3,qlearning,0,1327,0.20375045077533357,7003.0,0,2115.24,2158.1
S3,qlearning,0,1328,0.16170058139534885,6749.700000000001,2,1831.4800000000002,1852.8000000000002
S3,qlearning,0,1329,0.14090343970161626,6014.900000000001,0,1825.0800000000002,1865.4
S3,qlearning,0,1330,0.20022246941045607,5926.1,2,1804.92,1907.8000000000002
S3,qlearning,0,1331,0.17308948399738733,6904.700000000001,0,2169.04,2337.5
S3,qlearning,0,1332,0.20612914994527545,7122.700000000001,0,2382.6400000000003,2567.6000000000004
S3,qlearning,0,1333,0.11164274322169059,6344.3,6,1913.3600000000001,1974.8000000000002
S3,qlearning,0,1334,0.10460251046025104,5487.1,4,1709.96,1810.8000000000002
S3,qlearning,0,1335,0.03954802259887006,6516.3,0,1968.3600000000001,2032.8000000000002
S3,qlearning,0,1336,0.09065550906555091,7675.900000000001,1,2643.6800000000003,2860.2000000000003
S3,qlearning,0,1337,0.1301989150090416,7243.200000000001,0,1913.64,1930.6000000000001
S3,qlearning,0,1338,0.1762699014404852,5497.433333333333,0,1606.5466666666666,1676.1333333333334
S3,qlearning,0,1339,0.13833333333333334,7339.3,0,2572.76,2715.2000000000003
S3,qlearning,0,1340,0.18902439024390244,6566.1,2,1932.76,2011.6000000000001
S3,qlearning,0,1341,0.1523809523809524,6105.700000000001,0,1773.38,1822.6000000000001
S3,qlearning,0,1342,0.052434456928838954,6626.000000000001,1,1813.8200000000002,1856.8000000000002
S3,qlearning,0,1343,0.08980938416422288,6480.1,3,1780.12,1837.5
S3,qlearning,0,1344,0.10436799381523,6140.500000000001,3,1690.48,1697.4
S3,qlearning,0,1345,0.10628019323671498,8099.400000000001,0,2238.8,2294.8
S3,qlearning,0,1346,0.1383238405207486,5315.1,4,1439.96,1490.4
S3,qlearning,0,1347,0.1710187568959176,6581.400000000001,4,1801.2200000000003,1806.6000000000001
S3,qlearning,0,1348,0.12994569433669512,5880.6,0,1728.16,1814.9
S3,qlearning,0,1349,0.12799674928890695,6471.6,3,1855.3,1858.2
S3,qlearning,0,1350,0.1269782848730217,6646.700000000001,0,1885.1800000000003,1962.2000000000003
S3,qlearning,0,1351,0.06784771956275915,5923.700000000001,3,1532.3200000000002,1534.8000000000002
S3,qlearning,0,1352,0.053133015756687434,6865.5,0,2068.94,2217.2000000000003
S3,qlearning,0,1353,0.05998452012383901,6519.700000000001,0,1699.68,1704.4
S3,qlearning,0,1354,0.13683831472812388,6527.3,0,1709.84,1745.0
S3,qlearning,0,1355,0.1726144297905353,6309.500000000001,0,1809.8400000000001,1838.2000000000003
S3,qlearning,0,1356,0.13793103448275862,6345.3,2,1953.2799999999997,2106.6
S3,qlearning,0,1357,0.1397808840196449,6342.900000000001,5,1929.4,1935.4
S3,qlearning,0,1358,0.1300320627003919,6412.3,1,1948.8799999999999,2097.5
S3,qlearning,0,1359,0.1621271076523995,5511.3,0,1576.12,1642.0
S3,qlearning,0,1360,0.1622596153846154,6059.8,1,1939.04,2061.5
S3,qlearning,0,1361,0.14209928003031452,6337.400000000001,0,1947.3600000000001,2055.2000000000003
S3,qlearning,0,1362,0.14280913978494625,6071.700000000001,3,1546.76,1575.6000000000001
S3,qlearning,0,1363,0.13490437158469945,7041.900000000001,3,2198.52,2341.8
S3,qlearning,0,1364,0.09517558254020347,7765.1,0,2343.16,2410.4
S3,qlearning,0,1365,0.07230657989877079,6653.900000000001,0,1846.1200000000001,1960.5000000000002
S3,qlearning,0,1366,0.16470109800732005,6349.000000000001,9,2012.3400000000001,2149.2000000000003
S3,qlearning,0,1367,0.17092541436464087,7214.1,0,2147.2799999999997,2235.0
S3,qlearning,0,1368,0.1530428519985596,7243.400000000001,0,2277.8599999999997,2435.0
S3,qlearning,0,1369,0.12425621281064053,7460.450000000001,0,2402.04,2649.8
S3,qlearning,0,1370,0.1530421799178798,5905.5,0,1541.9200000000003,1561.0000000000002
S3,qlearning,0,1371,0.16214177978883862,6488.3,0,1778.18,1833.7
S3,qlearning,0,1372,0.16745468873128447,5358.1,0,1323.28,1334.0
S3,qlearning,0,1373,0.18936495791889824,6382.0,0,1799.6000000000001,1829.9
S3,qlearning,0,1374,0.13253937764118326,5835.1,3,1555.16,1580.9
S3,qlearning,0,1375,0.10266159695817491,6064.3,0,1716.5600000000002,1795.8000000000002
S3,qlearning,0,1376,0.15916149068322982,6517.8,1,2191.52,2380.3
S3,qlearning,0,1377,0.16938250428816468,5833.400000000001,2,1440.3799999999999,1450.1
S3,qlearning,0,1378,0.13183404420317954,6056.500000000001,0,1738.0600000000002,1752.6000000000001
S3,qlearning,0,1379,0.16442451420029897,7061.700000000001,2,1995.1200000000001,2063.8
S3,qlearning,0,1380,0.1937002172338885,7644.6,0,2241.7200000000003,2277.6000000000004
S3,qlearning,0,1381,0.08661684782608696,7774.1,7,2218.06,2358.7000000000003
S3,qlearning,0,1382,0.09295120061967467,6175.8,0,1929.56,1999.9
S3,qlearning,0,1383,0.10428517254455821,6243.900000000001,0,1810.7,1921.0000000000002
S3,qlearning,0,1384,0.14834537847090148,6016.0,4,1781.94,1803.4
S3,qlearning,0,1385,0.15128006206361522,6987.500000000001,1,1976.02,1991.4
S3,qlearning,0,1386,0.15738963531669867,5803.500000000001,0,1535.68,1543.6000000000001
S3,qlearning,0,1387,0.15228426395939088,7092.900000000001,0,2241.7200000000003,2292.4
S3,qlearning,0,1388,0.15414258188824662,6321.6,1,1648.94,1674.1
S3,qlearning,0,1389,0.15795411808950732,6425.5,2,1721.9,1727.2
S3,qlearning,0,1390,0.12105263157894737,7331.500000000001,0,2257.0,2275.0
S3,qlearning,0,1391,0.15289256198347106,6689.000000000001,0,1946.5400000000002,1992.2000000000003
S3,qlearning,0,1392,0.15965732087227413,7026.566666666667,1,1671.42,1684.6000000000001
S3,qlearning,0,1393,0.17399267399267399,5829.1,2,1535.5800000000002,1545.2
S3,qlearning,0,1394,0.17192982456140352,6463.3,4,1876.82,1976.4
S3,qlearning,0,1395,0.19599836668027767,5607.5,0,2043.2400000000002,2257.6000000000004
S3,qlearning,0,1396,0.19120458891013384,6308.900000000001,0,1612.8600000000001,1633.6000000000001
S3,qlearning,0,1397,0.16068759342301944,5706.700000000001,4,1644.12,1751.2
S3,qlearning,0,1398,0.15594541910331383,6897.3,0,2127.2400000000002,2150.8
S3,qlearning,0,1399,0.12086740135087096,6348.700000000001,0,1824.2800000000002,1832.4
S3,qlearning,0,1400,0.12387387387387387,6728.8,2,2281.08,2483.1000000000004
S3,qlearning,0,1401,0.1006074411541382,6033.1,0,1641.1200000000001,1669.2000000000003
S3,qlearning,0,1402,0.15767344078486334,6275.85,0,1509.41,1513.4
S3,qlearning,0,1403,0.09988901220865705,6798.5,3,1997.74,2077.4
S3,qlearning,0,1404,0.07980697847067557,6494.3,4,1663.7800000000002,1711.6000000000001
S3,qlearning,0,1405,0.03770197486535009,7460.1,0,2562.12,2750.2000000000003
S3,qlearning,0,1406,0.15484123872990985,5662.1,0,1481.24,1528.7
S3,qlearning,0,1407,0.20256718812675492,5830.400000000001,1,1726.5800000000002,1751.0000000000002
S3,qlearning,0,1408,0.19021739130434784,6559.266666666667,0,1903.6533333333334,1968.7666666666667
S3,qlearning,0,1409,0.20170244263508513,7080.266666666667,2,2079.78,2216.1000000000004
S3,qlearning,0,1410,0.20933014354066987,5375.400000000001,0,1882.48,2053.7000000000003
S3,qlearning,0,1411,0.210271678451805,6350.3,3,1663.52,1671.2
S3,qlearning,0,1412,0.19962686567164178,5994.5,0,1541.96,1573.4
S3,qlearning,0,1413,0.18072289156626506,6959.700000000001,0,1929.78,1975.0
S3,qlearning,0,1414,0.1846435100548446,6793.1,0,2104.2400000000002,2175.6000000000004
S3,qlearning,0,1415,0.17006802721088435,5896.700000000001,2,1763.0800000000002,1799.6000000000001
S3,qlearning,0,1416,0.18140589569160998,7119.700000000001,1,2207.2599999999998,2353.4
S3,qlearning,0,1417,0.2058484032320123,5650.900000000001,0,1628.0,1741.4
S3,qlearning,0,1418,0.2222222222222222,5828.0,2,1758.46,1804.6000000000001
S3,qlearning,0,1419,0.2157676348547718,5008.5,0,1379.16,1383.2
S3,qlearning,0,1420,0.20503597122302158,6267.1,0,1639.2,1651.4
S3,qlearning,0,1421,0.20443255636224686,5391.1,0,1371.1600000000003,1371.7000000000003
S3,qlearning,0,1422,0.19607843137254902,6958.400000000001,0,1973.52,1987.4
S3,qlearning,0,1423,0.20542920029347028,5895.900000000001,0,1753.1599999999999,1853.2
S3,qlearning,0,1424,0.1794214573416331,6410.75,2,2028.1599999999999,2217.0
S3,qlearning,0,1425,0.2029769959404601,5517.700000000001,6,1618.92,1700.2
S3,qlearning,0,1426,0.19701810436634717,6792.700000000001,8,2281.28,2344.4
S3,qlearning,0,1427,0.17902350813743217,5782.5,0,1662.76,1738.4
S3,qlearning,0,1428,0.21343726800296955,6233.966666666667,0,1896.52,2045.0000000000002
S3,qlearning,0,1429,0.22753346080305928,5781.900000000001,1,1693.2,1788.2
S3,qlearning,0,1430,0.20570264765784113,5373.900000000001,3,1547.88,1574.6000000000001
S3,qlearning,0,1431,0.2214546932141406,5650.0,7,1895.1200000000001,1991.3000000000002
S3,qlearning,0,1432,0.20030234315948603,6297.900000000001,6,1918.9600000000003,1930.0000000000002
S3,qlearning,0,1433,0.17857142857142858,6599.200000000001,4,1776.0800000000002,1809.9
S3,qlearning,0,1434,0.21975806451612903,5862.35,0,1744.04,1788.65
S3,qlearning,0,1435,0.19290389252497417,7353.450000000001,2,2084.64,2163.9
S3,qlearning,0,1436,0.20259938837920488,7330.6,2,2314.6000000000004,2344.8
S3,qlearning,0,1437,0.2044952100221076,6181.400000000001,0,1827.5200000000002,1869.3000000000002
S3,qlearning,0,1438,0.20850040096230954,5211.900000000001,2,1573.88,1655.6000000000001
S3,qlearning,0,1439,0.18233082706766918,5824.6,0,1594.5600000000002,1627.0000000000002
S3,qlearning,0,1440,0.18181818181818182,6400.700000000001,0,1759.64,1839.4
S3,qlearning,0,1441,0.18444119795471148,5991.900000000001,0,1639.16,1708.5000000000002
S3,qlearning,0,1442,0.18404907975460122,6851.3,1,2025.8,2078.4
S3,qlearning,0,1443,0.17,6019.200000000001,2,1689.52,1725.9
S3,qlearning,0,1444,0.20641282565130262,5927.200000000001,4,1663.04,1727.9
S3,qlearning,0,1445,0.1948529411764706,6571.666666666667,0,1704.8200000000002,1781.8000000000002
S3,qlearning,0,1446,0.16278272789581905,6720.1,0,1971.3200000000002,2094.8
S3,qlearning,0,1447,0.20643112346169115,5473.7,2,1469.88,1473.2
S3,qlearning,0,1448,0.19871106337271752,6905.1,0,1961.6000000000004,1978.4000000000003
S3,qlearning,0,1449,0.19535569480280132,6329.500000000001,0,1721.0800000000002,1750.6000000000001
S3,qlearning,0,1450,0.18106848332735748,6595.1,5,1788.44,1797.6000000000001
S3,qlearning,0,1451,0.1806083650190114,6717.800000000001,0,1934.5200000000002,2001.8000000000004
S3,qlearning,0,1452,0.20040899795501022,6593.0,4,1618.72,1649.6000000000001
S3,qlearning,0,1453,0.21580102414045355,6201.750000000001,2,1963.5600000000002,2051.8
S3,qlearning,0,1454,0.2291356184798808,6314.900000000001,0,1768.3400000000001,1873.8000000000002
S3,qlearning,0,1455,0.22743947175348497,7231.966666666667,1,2097.2533333333336,2188.866666666667
S3,qlearning,0,1456,0.2400629673356946,5893.900000000001,0,1822.48,1926.8000000000002
S3,qlearning,0,1457,0.2309197651663405,6458.0,1,2041.2,2125.9
S3,qlearning,0,1458,0.1972525537160972,5611.3,2,1419.44,1429.2
S3,qlearning,0,1459,0.21772345301757068,6694.700000000001,0,1883.5200000000002,1933.2000000000003
S3,qlearning,0,1460,0.19742143432715553,5883.150000000001,0,1516.91,1517.2
S3,qlearning,0,1461,0.17756680731364274,6558.500000000001,5,1812.6000000000001,1854.2000000000003
S3,qlearning,0,1462,0.17299736743136518,5582.700000000001,0,1322.52,1331.4
S3,qlearning,0,1463,0.187592867756315,7326.0,0,1837.92,1849.9
S3,qlearning,0,1464,0.1915991156963891,6499.500000000001,1,1766.16,1796.0000000000002
S3,qlearning,0,1465,0.16729906864436012,7564.400000000001,0,1948.64,2022.7000000000003
S3,qlearning,0,1466,0.1555944055944056,6321.900000000001,0,1748.4,1781.6000000000001
S3,qlearning,0,1467,0.2008686210640608,7219.700000000001,0,1915.5,2041.1000000000001
S3,qlearning,0,1468,0.12567324955116696,6570.900000000001,2,2021.08,2072.2
S3,qlearning,0,1469,0.10546875,6731.200000000001,0,1905.4400000000003,1926.7000000000003
S3,qlearning,0,1470,0.22792607802874743,5992.6,6,2066.02,2217.6000000000004
S3,qlearning,0,1471,0.20872158032053673,6324.1,0,1830.16,1877.0000000000002
S3,qlearning,0,1472,0.1881153305203938,6406.700000000001,3,1847.48,1915.2
S3,qlearning,0,1473,0.21349120918550413,5455.900000000001,3,1414.88,1438.0
S3,qlearning,0,1474,0.22746967071057192,6186.366666666667,0,2011.6133333333335,2201.666666666667
S3,qlearning,0,1475,0.23867313915857605,5491.8,0,1754.18,1916.9
S3,qlearning,0,1476,0.21046852122986823,6369.750000000001,2,2182.44,2296.4
S3,qlearning,0,1477,0.19522365428354815,6506.200000000001,0,1972.2600000000002,2046.8000000000002
S3,qlearning,0,1478,0.07692307692307693,5740.1,0,1437.04,1443.2
S3,qlearning,0,1479,0.19804001633319723,5607.633333333334,7,1757.3866666666668,1798.0000000000002
S3,qlearning,0,1480,0.1942815249266862,6229.366666666667,0,1606.96,1662.2
S3,qlearning,0,1481,0.2054794520547945,6403.366666666667,0,1686.2133333333336,1700.2666666666669
S3,qlearning,0,1482,0.1683366733466934,6234.6,0,2014.4400000000003,2128.5000000000005
S3,qlearning,0,1483,0.19296254256526674,5764.500000000001,0,1815.48,1944.6000000000001
S3,qlearning,0,1484,0.181850918257112,6375.900000000001,0,1672.4,1673.8000000000002
S3,qlearning,0,1485,0.14350453172205438,7050.833333333334,0,1857.4,1914.4
S3,qlearning,0,1486,0.17168141592920355,7004.3,3,2281.84,2445.8
S3,qlearning,0,1487,0.19704433497536947,6411.1,0,2288.98,2558.8
S3,qlearning,0,1488,0.22836015658982167,5828.3,0,2097.6400000000003,2216.0000000000005
S3,qlearning,0,1489,0.193596425912137,6756.0,1,1761.3200000000002,1782.1000000000001
S3,qlearning,0,1490,0.22575579112681587,5753.0,1,1525.4,1550.1000000000001
S3,qlearning,0,1491,0.18937987374675083,5932.700000000001,1,1750.76,1853.8000000000002
S3,qlearning,0,1492,0.20873228648027575,6316.650000000001,2,1938.04,2087.8
S3,qlearning,0,1493,0.21306322039818373,6929.750000000001,1,1719.8,1733.0
S3,qlearning,0,1494,0.20388349514563106,6726.900000000001,3,2132.54,2220.7000000000003
S3,qlearning,0,1495,0.18815331010452963,6933.2333333333345,3,2161.306666666667,2216.0000000000005
S3,qlearning,0,1496,0.17624521072796934,6379.366666666667,5,1953.18,2117.2000000000003
S3,qlearning,0,1497,0.1976434815659445,6465.700000000001,2,1564.5200000000002,1565.4
S3,qlearning,0,1498,0.22674418604651161,5243.3,0,1327.64,1341.2
S3,qlearning,0,1499,0.20573108008817045,5890.400000000001,0,1998.24,2160.3
