service_level,total_cost,scri_viol,VaR95,TVaR95,scenario,method,seed,episode,c_h,c_b,c_o,c_disruption,lambda_scri,scri_threshold,scri_mode
0.10303484451105283,5060.0,1,1301.6,1336.0,S1,qlearning,0,0,0.1,2.0,1.0,5.0,10.0,0.7,indicator
0.12690355329949238,5198.0,4,1541.8,1581.0,S1,qlearning,0,1,0.1,2.0,1.0,5.0,10.0,0.7,indicator
0.13528336380255943,5057.0,0,1340.4,1352.0,S1,qlearning,0,2,0.1,2.0,1.0,5.0,10.0,0.7,indicator
0.1531770045385779,4915.0,3,1304.0,1340.0,S1,qlearning,0,3,0.1,2.0,1.0,5.0,10.0,0.7,indicator
0.09909304669129997,5631.0,0,1521.6,1525.0,S1,qlearning,0,4,0.1,2.0,1.0,5.0,10.0,0.7,indicator
0.10877862595419847,4977.0,2,1401.0,1435.0,S1,qlearning,0,5,0.1,2.0,1.0,5.0,10.0,0.7,indicator
0.10551647537948908,5089.0,0,1317.6,1333.0,S1,qlearning,0,6,0.1,2.0,1.0,5.0,10.0,0.7,indicator
0.11619592420450482,5261.0,2,1379.0,1396.0,S1,qlearning,0,7,0.1,2.0,1.0,5.0,10.0,0.7,indicator
0.11604234527687296,4604.0,0,1403.3999999999999,1489.0,S1,qlearning,0,8,0.1,2.0,1.0,5.0,10.0,0.7,indicator
0.1245995016019936,5255.0,1,1581.0,1650.0,S1,qlearning,0,9,0.1,2.0,1.0,5.0,10.0,0.7,indicator
0.10873440285204991,5337.0,5,1434.6,1457.0,S1,qlearning,0,10,0.1,2.0,1.0,5.0,10.0,0.7,indicator
0.11511024643320363,5845.0,5,1536.8,1545.0,S1,qlearning,0,11,0.1,2.0,1.0,5.0,10.0,0.7,indicator
0.11076564321803342,4828.0,0,1303.6,1344.0,S1,qlearning,0,12,0.1,2.0,1.0,5.0,10.0,0.7,indicator
0.08921644685802949,5038.0,7,1350.2,1359.0,S1,qlearning,0,13,0.1,2.0,1.0,5.0,10.0,0.7,indicator
0.09752066115702479,5757.0,2,1614.6,1674.0,S1,qlearning,0,14,0.1,2.0,1.0,5.0,10.0,0.7,indicator
0.1222537207654146,5321.0,4,1423.6,1431.0,S1,qlearning,0,15,0.1,2.0,1.0,5.0,10.0,0.7,indicator
0.1137091607943626,5866.0,0,1602.8,1608.0,S1,qlearning,0,16,0.1,2.0,1.0,5.0,10.0,0.7,indicator
0.11477230655312846,5129.0,4,1368.4,1373.0,S1,qlearning,0,17,0.1,2.0,1.0,5.0,10.0,0.7,indicator
0.12037683182135381,5364.0,0,1387.8,1392.0,S1,qlearning,0,18,0.1,2.0,1.0,5.0,10.0,0.7,indicator
0.1184164015553199,5295.0,1,1469.2,1503.0,S1,qlearning,0,19,0.1,2.0,1.0,5.0,10.0,0.7,indicator
0.15,4914.6,2,1452.6,1494.0,S1,qlearning,0,20,0.1,2.0,1.0,5.0,10.0,0.7,indicator
0.15151515151515152,4765.0,1,1354.8,1370.0,S1,qlearning,0,21,0.1,2.0,1.0,5.0,10.0,0.7,indicator
0.12486992715920915,5388.0,0,1481.0,1556.0,S1,qlearning,0,22,0.1,2.0,1.0,5.0,10.0,0.7,indicator
0.13957934990439771,4882.0,4,1451.0,1496.0,S1,qlearning,0,23,0.1,2.0,1.0,5.0,10.0,0.7,indicator
0.13724035608308605,5055.2,4,1369.8,1437.0,S1,qlearning,0,24,0.1,2.0,1.0,5.0,10.0,0.7,indicator
0.10260869565217391,5522.0,5,1566.3999999999999,1625.0,S1,qlearning,0,25,0.1,2.0,1.0,5.0,10.0,0.7,indicator
0.13063357282821686,5721.0,2,1512.3999999999999,1542.0,S1,qlearning,0,26,0.1,2.0,1.0,5.0,10.0,0.7,indicator
0.1380738695201933,5371.0,1,1413.6,1433.0,S1,qlearning,0,27,0.1,2.0,1.0,5.0,10.0,0.7,indicator
0.10907811400422238,5371.0,0,1501.6,1548.0,S1,qlearning,0,28,0.1,2.0,1.0,5.0,10.0,0.7,indicator
0.09696186166774402,5915.0,2,1651.3999999999999,1685.0,S1,qlearning,0,29,0.1,2.0,1.0,5.0,10.0,0.7,indicator
0.1364306784660767,5096.0,3,1447.8,1506.0,S1,qlearning,0,30,0.1,2.0,1.0,5.0,10.0,0.7,indicator
0.11268512556342562,5934.0,5,1677.8,1721.0,S1,qlearning,0,31,0.1,2.0,1.0,5.0,10.0,0.7,indicator
0.12512187195320118,5761.0,1,1770.3999999999999,1884.0,S1,qlearning,0,32,0.1,2.0,1.0,5.0,10.0,0.7,indicator
0.13518808777429467,4731.0,0,1243.6,1281.0,S1,qlearning,0,33,0.1,2.0,1.0,5.0,10.0,0.7,indicator
0.09936908517350158,6037.0,0,1687.0,1756.0,S1,qlearning,0,34,0.1,2.0,1.0,5.0,10.0,0.7,indicator
0.11913357400722022,5202.0,1,1599.3999999999999,1652.0,S1,qlearning,0,35,0.1,2.0,1.0,5.0,10.0,0.7,indicator
0.11201235998455002,4890.0,0,1307.2,1325.0,S1,qlearning,0,36,0.1,2.0,1.0,5.0,10.0,0.7,indicator
0.13285457809694792,5182.0,1,1478.0,1504.0,S1,qlearning,0,37,0.1,2.0,1.0,5.0,10.0,0.7,indicator
0.13686131386861314,5082.0,0,1289.0,1292.0,S1,qlearning,0,38,0.1,2.0,1.0,5.0,10.0,0.7,indicator
0.12384996461429583,5294.0,1,1388.2,1429.0,S1,qlearning,0,39,0.1,2.0,1.0,5.0,10.0,0.7,indicator
0.10569688283769259,5444.0,11,1565.6,1612.0,S1,qlearning,0,40,0.1,2.0,1.0,5.0,10.0,0.7,indicator
0.12232942798070297,5476.0,3,1468.6,1476.0,S1,qlearning,0,41,0.1,2.0,1.0,5.0,10.0,0.7,indicator
0.1270718232044199,5082.0,0,1402.0,1441.0,S1,qlearning,0,42,0.1,2.0,1.0,5.0,10.0,0.7,indicator
0.11081893313298272,5026.0,1,1475.4,1481.0,S1,qlearning,0,43,0.1,2.0,1.0,5.0,10.0,0.7,indicator
0.15011547344110854,4778.0,1,1408.0,1421.0,S1,qlearning,0,44,0.1,2.0,1.0,5.0,10.0,0.7,indicator
0.12869565217391304,5432.0,5,1580.0,1618.0,S1,qlearning,0,45,0.1,2.0,1.0,5.0,10.0,0.7,indicator
0.11730769230769231,4907.0,2,1402.0,1408.0,S1,qlearning,0,46,0.1,2.0,1.0,5.0,10.0,0.7,indicator
0.12108980827447023,5543.0,0,1371.0,1401.0,S1,qlearning,0,47,0.1,2.0,1.0,5.0,10.0,0.7,indicator
0.09573699421965318,5243.0,0,1420.8,1456.0,S1,qlearning,0,48,0.1,2.0,1.0,5.0,10.0,0.7,indicator
0.14882102821801313,4761.0,0,1257.4,1261.0,S1,qlearning,0,49,0.1,2.0,1.0,5.0,10.0,0.7,indicator
0.125,5807.0,0,1699.6,1775.0,S1,qlearning,0,50,0.1,2.0,1.0,5.0,10.0,0.7,indicator
0.12580754845290718,5514.0,2,1518.8,1552.0,S1,qlearning,0,51,0.1,2.0,1.0,5.0,10.0,0.7,indicator
0.11222780569514237,5697.0,5,1730.2,1788.0,S1,qlearning,0,52,0.1,2.0,1.0,5.0,10.0,0.7,indicator
0.12888418079096045,5316.0,2,1522.3999999999999,1565.0,S1,qlearning,0,53,0.1,2.0,1.0,5.0,10.0,0.7,indicator
0.14486578610992756,4326.0,0,1107.4,1114.0,S1,qlearning,0,54,0.1,2.0,1.0,5.0,10.0,0.7,indicator
0.13107170393215112,4860.0,3,1256.4,1257.0,S1,qlearning,0,55,0.1,2.0,1.0,5.0,10.0,0.7,indicator
0.12252252252252252,5214.7,1,1511.8,1515.0,S1,qlearning,0,56,0.1,2.0,1.0,5.0,10.0,0.7,indicator
0.12525737817433083,5425.0,0,1433.4,1437.0,S1,qlearning,0,57,0.1,2.0,1.0,5.0,10.0,0.7,indicator
0.13089005235602094,5362.0,2,1465.2,1486.0,S1,qlearning,0,58,0.1,2.0,1.0,5.0,10.0,0.7,indicator
0.10460251046025104,5488.0,4,1448.6,1456.0,S1,qlearning,0,59,0.1,2.0,1.0,5.0,10.0,0.7,indicator
0.12755102040816327,4773.0,2,1359.8,1394.0,S1,qlearning,0,60,0.1,2.0,1.0,5.0,10.0,0.7,indicator
0.14280483339436104,5029.0,0,1346.8,1358.0,S1,qlearning,0,61,0.1,2.0,1.0,5.0,10.0,0.7,indicator
0.07766655160510873,5536.0,0,1441.0,1503.0,S1,qlearning,0,62,0.1,2.0,1.0,5.0,10.0,0.7,indicator
0.13148009015777612,4971.0,0,1436.2,1494.0,S1,qlearning,0,63,0.1,2.0,1.0,5.0,10.0,0.7,indicator
0.12725931390630763,5119.0,4,1510.3999999999999,1554.0,S1,qlearning,0,64,0.1,2.0,1.0,5.0,10.0,0.7,indicator
0.11891490152359717,5019.0,0,1366.6,1408.0,S1,qlearning,0,65,0.1,2.0,1.0,5.0,10.0,0.7,indicator
0.09977827050997783,5114.0,0,1362.6,1385.0,S1,qlearning,0,66,0.1,2.0,1.0,5.0,10.0,0.7,indicator
0.10998307952622674,5557.0,0,1577.2,1622.0,S1,qlearning,0,67,0.1,2.0,1.0,5.0,10.0,0.7,indicator
0.1093951093951094,5833.0,0,1556.0,1558.0,S1,qlearning,0,68,0.1,2.0,1.0,5.0,10.0,0.7,indicator
0.11953679491968622,5031.0,1,1508.0,1600.0,S1,qlearning,0,69,0.1,2.0,1.0,5.0,10.0,0.7,indicator
0.12648524338827136,4880.0,0,1428.8,1467.0,S1,qlearning,0,70,0.1,2.0,1.0,5.0,10.0,0.7,indicator
0.12623020967051776,4356.0,0,1091.8,1109.0,S1,qlearning,0,71,0.1,2.0,1.0,5.0,10.0,0.7,indicator
0.11272727272727273,5247.0,5,1421.6,1449.0,S1,qlearning,0,72,0.1,2.0,1.0,5.0,10.0,0.7,indicator
0.12776831345826234,5552.0,4,1503.6,1525.0,S1,qlearning,0,73,0.1,2.0,1.0,5.0,10.0,0.7,indicator
0.10881198715661791,5343.0,4,1496.6,1558.0,S1,qlearning,0,74,0.1,2.0,1.0,5.0,10.0,0.7,indicator
0.13469827586206898,5175.0,1,1323.8,1347.0,S1,qlearning,0,75,0.1,2.0,1.0,5.0,10.0,0.7,indicator
0.09974610083424011,5211.0,0,1489.2,1539.0,S1,qlearning,0,76,0.1,2.0,1.0,5.0,10.0,0.7,indicator
0.11535812672176309,5505.0,3,1405.0,1416.0,S1,qlearning,0,77,0.1,2.0,1.0,5.0,10.0,0.7,indicator
0.1748971193415638,4402.8,0,1391.0,1482.0,S1,qlearning,0,78,0.1,2.0,1.0,5.0,10.0,0.7,indicator
0.12509476876421532,4904.4,0,1410.0,1427.0,S1,qlearning,0,79,0.1,2.0,1.0,5.0,10.0,0.7,indicator
0.09944173063503141,5439.0,1,1424.0,1451.0,S1,qlearning,0,80,0.1,2.0,1.0,5.0,10.0,0.7,indicator
0.1316245237270523,5366.0,1,1426.0,1431.0,S1,qlearning,0,81,0.1,2.0,1.0,5.0,10.0,0.7,indicator
0.1066350710900474,5575.0,0,1428.8,1441.0,S1,qlearning,0,82,0.1,2.0,1.0,5.0,10.0,0.7,indicator
0.10507004669779853,5653.0,0,1550.0,1551.0,S1,qlearning,0,83,0.1,2.0,1.0,5.0,10.0,0.7,indicator
0.11541471048513302,4794.0,0,1309.0,1352.0,S1,qlearning,0,84,0.1,2.0,1.0,5.0,10.0,0.7,indicator
0.1412639405204461,4967.0,0,1424.2,1440.0,S1,qlearning,0,85,0.1,2.0,1.0,5.0,10.0,0.7,indicator
0.1274840644919385,4976.0,1,1399.0,1426.0,S1,qlearning,0,86,0.1,2.0,1.0,5.0,10.0,0.7,indicator
0.1354534746760895,4781.0,3,1372.2,1377.0,S1,qlearning,0,87,0.1,2.0,1.0,5.0,10.0,0.7,indicator
0.115549686365137,5665.0,0,1648.3999999999999,1704.0,S1,qlearning,0,88,0.1,2.0,1.0,5.0,10.0,0.7,indicator
0.1215088864708016,5136.0,0,1465.3999999999999,1511.0,S1,qlearning,0,89,0.1,2.0,1.0,5.0,10.0,0.7,indicator
0.10785007072135785,5318.0,0,1472.6,1484.0,S1,qlearning,0,90,0.1,2.0,1.0,5.0,10.0,0.7,indicator
0.15222906850308082,5120.0,3,1416.3999999999999,1476.0,S1,qlearning,0,91,0.1,2.0,1.0,5.0,10.0,0.7,indicator
0.08887425938117183,5768.0,0,1482.2,1484.0,S1,qlearning,0,92,0.1,2.0,1.0,5.0,10.0,0.7,indicator
0.1383946223803875,4730.5,2,1381.0,1410.0,S1,qlearning,0,93,0.1,2.0,1.0,5.0,10.0,0.7,indicator
0.10218219605126429,5446.0,0,1535.2,1539.0,S1,qlearning,0,94,0.1,2.0,1.0,5.0,10.0,0.7,indicator
0.11286277319957004,5264.0,1,1444.6,1484.0,S1,qlearning,0,95,0.1,2.0,1.0,5.0,10.0,0.7,indicator
0.0866377874041986,5719.0,0,1687.2,1714.0,S1,qlearning,0,96,0.1,2.0,1.0,5.0,10.0,0.7,indicator
0.13945857260049221,4518.0,1,1364.8,1449.0,S1,qlearning,0,97,0.1,2.0,1.0,5.0,10.0,0.7,indicator
0.1293731778425656,5185.0,6,1576.0,1675.0,S1,qlearning,0,98,0.1,2.0,1.0,5.0,10.0,0.7,indicator
0.1035653650254669,5552.0,0,1659.3999999999999,1758.0,S1,qlearning,0,99,0.1,2.0,1.0,5.0,10.0,0.7,indicator
0.11754385964912281,5372.0,2,1398.8,1406.0,S1,qlearning,0,100,0.1,2.0,1.0,5.0,10.0,0.7,indicator
0.10676156583629894,5317.0,2,1445.2,1455.0,S1,qlearning,0,101,0.1,2.0,1.0,5.0,10.0,0.7,indicator
0.1265126512651265,5121.0,2,1349.4,1370.0,S1,qlearning,0,102,0.1,2.0,1.0,5.0,10.0,0.7,indicator
0.11940298507462686,5027.0,1,1326.2,1328.0,S1,qlearning,0,103,0.1,2.0,1.0,5.0,10.0,0.7,indicator
0.10509031198686371,5857.0,7,1505.2,1528.0,S1,qlearning,0,104,0.1,2.0,1.0,5.0,10.0,0.7,indicator
0.13359458496615603,5231.0,0,1486.2,1528.0,S1,qlearning,0,105,0.1,2.0,1.0,5.0,10.0,0.7,indicator
0.13406344410876134,4923.0,0,1322.2,1329.0,S1,qlearning,0,106,0.1,2.0,1.0,5.0,10.0,0.7,indicator
0.13101867016049787,5698.0,0,1491.8,1513.0,S1,qlearning,0,107,0.1,2.0,1.0,5.0,10.0,0.7,indicator
0.11494252873563218,5469.0,5,1483.0,1497.0,S1,qlearning,0,108,0.1,2.0,1.0,5.0,10.0,0.7,indicator
0.11883646683221,5305.0,2,1590.4,1616.0,S1,qlearning,0,109,0.1,2.0,1.0,5.0,10.0,0.7,indicator
0.11694854264123786,5360.0,9,1544.8,1605.0,S1,qlearning,0,110,0.1,2.0,1.0,5.0,10.0,0.7,indicator
0.11254612546125461,5137.0,1,1467.6,1481.0,S1,qlearning,0,111,0.1,2.0,1.0,5.0,10.0,0.7,indicator
0.1410105757931845,4718.0,0,1309.4,1337.0,S1,qlearning,0,112,0.1,2.0,1.0,5.0,10.0,0.7,indicator
0.10345942450695118,5873.0,1,1719.6,1803.0,S1,qlearning,0,113,0.1,2.0,1.0,5.0,10.0,0.7,indicator
0.13993316624895571,4440.0,0,1199.2,1205.0,S1,qlearning,0,114,0.1,2.0,1.0,5.0,10.0,0.7,indicator
0.11023079572855667,5488.0,2,1498.0,1520.0,S1,qlearning,0,115,0.1,2.0,1.0,5.0,10.0,0.7,indicator
0.10833333333333334,5647.0,0,1780.6,1860.0,S1,qlearning,0,116,0.1,2.0,1.0,5.0,10.0,0.7,indicator
0.10785305021907651,5591.0,0,1553.2,1599.0,S1,qlearning,0,117,0.1,2.0,1.0,5.0,10.0,0.7,indicator
0.12108980827447023,5598.0,1,1528.4,1546.0,S1,qlearning,0,118,0.1,2.0,1.0,5.0,10.0,0.7,indicator
0.09231285666330984,5695.0,3,1699.3999999999999,1775.0,S1,qlearning,0,119,0.1,2.0,1.0,5.0,10.0,0.7,indicator
0.14765596160945,5005.0,1,1449.0,1511.0,S1,qlearning,0,120,0.1,2.0,1.0,5.0,10.0,0.7,indicator
0.12020244622522143,4427.4,0,1271.8,1277.0,S1,qlearning,0,121,0.1,2.0,1.0,5.0,10.0,0.7,indicator
0.11267605633802817,5362.0,2,1569.2,1626.0,S1,qlearning,0,122,0.1,2.0,1.0,5.0,10.0,0.7,indicator
0.14076782449725778,5102.0,3,1352.2,1353.0,S1,qlearning,0,123,0.1,2.0,1.0,5.0,10.0,0.7,indicator
0.12266758811333794,5430.0,0,1548.8,1569.0,S1,qlearning,0,124,0.1,2.0,1.0,5.0,10.0,0.7,indicator
0.12886597938144329,5094.7,2,1376.14,1399.0,S1,qlearning,0,125,0.1,2.0,1.0,5.0,10.0,0.7,indicator
0.11510289501220788,5363.6,0,1624.0,1644.0,S1,qlearning,0,126,0.1,2.0,1.0,5.0,10.0,0.7,indicator
0.10852713178294573,4912.0,2,1348.0,1385.0,S1,qlearning,0,127,0.1,2.0,1.0,5.0,10.0,0.7,indicator
0.0912106135986733,5732.0,1,1554.6,1576.0,S1,qlearning,0,128,0.1,2.0,1.0,5.0,10.0,0.7,indicator
0.14812001519179643,4904.9,3,1414.72,1429.9,S1,qlearning,0,129,0.1,2.0,1.0,5.0,10.0,0.7,indicator
0.14694508894044858,4769.0,0,1366.4,1392.0,S1,qlearning,0,130,0.1,2.0,1.0,5.0,10.0,0.7,indicator
0.13648596693579393,4814.0,0,1326.6,1335.0,S1,qlearning,0,131,0.1,2.0,1.0,5.0,10.0,0.7,indicator
0.14152772392400156,4820.0,2,1324.6,1355.0,S1,qlearning,0,132,0.1,2.0,1.0,5.0,10.0,0.7,indicator
0.10334645669291338,5763.0,0,1397.4,1404.0,S1,qlearning,0,133,0.1,2.0,1.0,5.0,10.0,0.7,indicator
0.0957972805933251,6224.0,4,1709.6,1758.0,S1,qlearning,0,134,0.1,2.0,1.0,5.0,10.0,0.7,indicator
0.13195435092724678,5225.0,0,1347.2,1376.0,S1,qlearning,0,135,0.1,2.0,1.0,5.0,10.0,0.7,indicator
0.11535688536409516,5205.0,0,1494.8,1544.0,S1,qlearning,0,136,0.1,2.0,1.0,5.0,10.0,0.7,indicator
0.1583629893238434,5147.0,1,1311.8,1336.0,S1,qlearning,0,137,0.1,2.0,1.0,5.0,10.0,0.7,indicator
0.13086150490730644,5099.0,0,1373.2,1409.0,S1,qlearning,0,138,0.1,2.0,1.0,5.0,10.0,0.7,indicator
0.09230769230769231,5577.0,2,1561.6,1563.0,S1,qlearning,0,139,0.1,2.0,1.0,5.0,10.0,0.7,indicator
0.10042112082928409,5841.0,0,1603.6,1681.0,S1,qlearning,0,140,0.1,2.0,1.0,5.0,10.0,0.7,indicator
0.1250422440013518,5540.0,0,1529.2,1569.0,S1,qlearning,0,141,0.1,2.0,1.0,5.0,10.0,0.7,indicator
0.14027316352897748,5000.0,0,1363.6,1410.0,S1,qlearning,0,142,0.1,2.0,1.0,5.0,10.0,0.7,indicator
0.09771447499171912,5710.0,0,1442.2,1444.0,S1,qlearning,0,143,0.1,2.0,1.0,5.0,10.0,0.7,indicator
0.12418300653594772,4272.0,0,1203.6,1215.0,S1,qlearning,0,144,0.1,2.0,1.0,5.0,10.0,0.7,indicator
0.11363636363636363,4870.0,0,1510.1999999999998,1589.0,S1,qlearning,0,145,0.1,2.0,1.0,5.0,10.0,0.7,indicator
0.10460992907801418,5352.1,2,1290.4,1302.0,S1,qlearning,0,146,0.1,2.0,1.0,5.0,10.0,0.7,indicator
0.12625324916450056,5073.0,1,1487.3999999999999,1574.0,S1,qlearning,0,147,0.1,2.0,1.0,5.0,10.0,0.7,indicator
0.10793756227167055,5739.0,2,1446.0,1473.0,S1,qlearning,0,148,0.1,2.0,1.0,5.0,10.0,0.7,indicator
0.1322373123659757,5208.0,0,1561.3999999999999,1621.0,S1,qlearning,0,149,0.1,2.0,1.0,5.0,10.0,0.7,indicator
0.12587701196863393,4523.0,0,1329.6,1364.0,S1,qlearning,0,150,0.1,2.0,1.0,5.0,10.0,0.7,indicator
0.13239339752407153,5393.0,0,1433.6,1445.0,S1,qlearning,0,151,0.1,2.0,1.0,5.0,10.0,0.7,indicator
0.11442063203777697,5168.0,0,1524.2,1587.0,S1,qlearning,0,152,0.1,2.0,1.0,5.0,10.0,0.7,indicator
0.11190053285968028,5322.0,2,1466.0,1519.0,S1,qlearning,0,153,0.1,2.0,1.0,5.0,10.0,0.7,indicator
0.12226750648388292,5090.0,2,1407.4,1421.0,S1,qlearning,0,154,0.1,2.0,1.0,5.0,10.0,0.7,indicator
0.12508567511994517,5458.0,1,1507.2,1510.0,S1,qlearning,0,155,0.1,2.0,1.0,5.0,10.0,0.7,indicator
0.09925975773889636,5626.0,0,1590.2,1626.0,S1,qlearning,0,156,0.1,2.0,1.0,5.0,10.0,0.7,indicator
0.13801537386443047,5317.1,1,1533.0,1596.0,S1,qlearning,0,157,0.1,2.0,1.0,5.0,10.0,0.7,indicator
0.11223750905141203,5231.0,1,1472.2,1524.0,S1,qlearning,0,158,0.1,2.0,1.0,5.0,10.0,0.7,indicator
0.09931719428926133,6141.0,2,1599.6,1601.0,S1,qlearning,0,159,0.1,2.0,1.0,5.0,10.0,0.7,indicator
0.12168933428775948,5230.0,1,1434.6,1458.0,S1,qlearning,0,160,0.1,2.0,1.0,5.0,10.0,0.7,indicator
0.12771635531833778,4923.0,2,1351.8,1377.0,S1,qlearning,0,161,0.1,2.0,1.0,5.0,10.0,0.7,indicator
0.13325133251332513,4545.0,1,1187.6,1190.0,S1,qlearning,0,162,0.1,2.0,1.0,5.0,10.0,0.7,indicator
0.1252236135957066,5217.0,1,1450.4,1451.0,S1,qlearning,0,163,0.1,2.0,1.0,5.0,10.0,0.7,indicator
0.11310711909514305,5659.0,0,1564.0,1589.0,S1,qlearning,0,164,0.1,2.0,1.0,5.0,10.0,0.7,indicator
0.11059755694948828,5755.0,4,1501.6,1524.0,S1,qlearning,0,165,0.1,2.0,1.0,5.0,10.0,0.7,indicator
0.1116584564860427,5722.0,1,1735.6,1804.0,S1,qlearning,0,166,0.1,2.0,1.0,5.0,10.0,0.7,indicator
0.1144082946013586,5231.0,0,1265.0,1269.0,S1,qlearning,0,167,0.1,2.0,1.0,5.0,10.0,0.7,indicator
0.10287335934728627,5320.0,0,1445.8,1472.0,S1,qlearning,0,168,0.1,2.0,1.0,5.0,10.0,0.7,indicator
0.09414225941422594,6384.0,1,1746.2,1759.0,S1,qlearning,0,169,0.1,2.0,1.0,5.0,10.0,0.7,indicator
0.11575673807878369,5565.0,7,1651.8,1729.0,S1,qlearning,0,170,0.1,2.0,1.0,5.0,10.0,0.7,indicator
0.1336691204959318,4804.0,0,1391.3999999999999,1427.0,S1,qlearning,0,171,0.1,2.0,1.0,5.0,10.0,0.7,indicator
0.11507293354943274,5792.0,1,1534.4,1560.0,S1,qlearning,0,172,0.1,2.0,1.0,5.0,10.0,0.7,indicator
0.10752688172043011,5257.0,1,1442.6,1456.0,S1,qlearning,0,173,0.1,2.0,1.0,5.0,10.0,0.7,indicator
0.14882032667876588,5062.0,0,1432.6,1466.0,S1,qlearning,0,174,0.1,2.0,1.0,5.0,10.0,0.7,indicator
0.10193321616871705,5382.0,0,1440.4,1461.0,S1,qlearning,0,175,0.1,2.0,1.0,5.0,10.0,0.7,indicator
0.1091703056768559,5198.0,2,1408.0,1411.0,S1,qlearning,0,176,0.1,2.0,1.0,5.0,10.0,0.7,indicator
0.10926750303520842,4649.0,0,1246.0,1256.0,S1,qlearning,0,177,0.1,2.0,1.0,5.0,10.0,0.7,indicator
0.11114911080711354,5515.0,1,1487.0,1489.0,S1,qlearning,0,178,0.1,2.0,1.0,5.0,10.0,0.7,indicator
0.10784313725490197,5782.0,0,1593.6,1612.0,S1,qlearning,0,179,0.1,2.0,1.0,5.0,10.0,0.7,indicator
0.11412504134965266,5688.0,0,1473.8,1527.0,S1,qlearning,0,180,0.1,2.0,1.0,5.0,10.0,0.7,indicator
0.09424083769633508,5447.0,0,1423.6,1454.0,S1,qlearning,0,181,0.1,2.0,1.0,5.0,10.0,0.7,indicator
0.12013729977116705,5006.0,7,1292.2,1319.0,S1,qlearning,0,182,0.1,2.0,1.0,5.0,10.0,0.7,indicator
0.14518695306284804,4676.4,1,1214.68,1241.0,S1,qlearning,0,183,0.1,2.0,1.0,5.0,10.0,0.7,indicator
0.09906152241918666,5426.0,0,1467.2,1488.0,S1,qlearning,0,184,0.1,2.0,1.0,5.0,10.0,0.7,indicator
0.08977900552486189,5514.0,0,1578.0,1590.0,S1,qlearning,0,185,0.1,2.0,1.0,5.0,10.0,0.7,indicator
0.14955537590945836,4576.3,1,1250.0,1263.0,S1,qlearning,0,186,0.1,2.0,1.0,5.0,10.0,0.7,indicator
0.09341032608695653,5635.0,4,1521.2,1548.0,S1,qlearning,0,187,0.1,2.0,1.0,5.0,10.0,0.7,indicator
0.09927200529450694,5811.0,5,1511.8,1521.0,S1,qlearning,0,188,0.1,2.0,1.0,5.0,10.0,0.7,indicator
0.11695906432748537,4787.0,0,1429.8,1448.0,S1,qlearning,0,189,0.1,2.0,1.0,5.0,10.0,0.7,indicator
0.12472885032537961,5224.0,1,1450.2,1481.0,S1,qlearning,0,190,0.1,2.0,1.0,5.0,10.0,0.7,indicator
0.11766655618163739,5671.0,0,1609.2,1677.0,S1,qlearning,0,191,0.1,2.0,1.0,5.0,10.0,0.7,indicator
0.09324878776575904,5099.0,0,1396.3999999999999,1444.0,S1,qlearning,0,192,0.1,2.0,1.0,5.0,10.0,0.7,indicator
0.12834036568213783,5305.0,1,1472.0,1503.0,S1,qlearning,0,193,0.1,2.0,1.0,5.0,10.0,0.7,indicator
0.12477064220183487,5082.0,1,1433.0,1441.0,S1,qlearning,0,194,0.1,2.0,1.0,5.0,10.0,0.7,indicator
0.15121759622937941,4674.0,0,1272.2,1303.0,S1,qlearning,0,195,0.1,2.0,1.0,5.0,10.0,0.7,indicator
0.12239020878329733,5183.0,0,1475.4,1486.0,S1,qlearning,0,196,0.1,2.0,1.0,5.0,10.0,0.7,indicator
0.10882016036655212,4995.0,4,1487.2,1549.0,S1,qlearning,0,197,0.1,2.0,1.0,5.0,10.0,0.7,indicator
0.13186029935851745,5199.0,0,1435.2,1464.0,S1,qlearning,0,198,0.1,2.0,1.0,5.0,10.0,0.7,indicator
0.14154552410099464,4870.5,2,1302.0,1307.0,S1,qlearning,0,199,0.1,2.0,1.0,5.0,10.0,0.7,indicator
0.15949554896142434,4979.0,2,1439.0,1443.0,S1,qlearning,0,200,0.1,2.0,1.0,5.0,10.0,0.7,indicator
0.13695829926410466,4564.0,1,1177.2,1194.0,S1,qlearning,0,201,0.1,2.0,1.0,5.0,10.0,0.7,indicator
0.10880482089052561,5681.0,4,1571.6,1636.0,S1,qlearning,0,202,0.1,2.0,1.0,5.0,10.0,0.7,indicator
0.10999254287844892,5076.0,2,1449.6,1506.0,S1,qlearning,0,203,0.1,2.0,1.0,5.0,10.0,0.7,indicator
0.1100244498777506,5493.0,8,1404.8,1407.0,S1,qlearning,0,204,0.1,2.0,1.0,5.0,10.0,0.7,indicator
0.12360724233983286,5401.0,3,1326.2,1329.0,S1,qlearning,0,205,0.1,2.0,1.0,5.0,10.0,0.7,indicator
0.12021036814425244,5086.0,7,1234.6,1245.0,S1,qlearning,0,206,0.1,2.0,1.0,5.0,10.0,0.7,indicator
0.10608695652173913,5452.0,2,1613.3999999999999,1704.0,S1,qlearning,0,207,0.1,2.0,1.0,5.0,10.0,0.7,indicator
0.14161220043572983,5145.1,3,1603.4,1629.0,S1,qlearning,0,208,0.1,2.0,1.0,5.0,10.0,0.7,indicator
0.13481828839390386,4745.0,0,1290.4,1298.0,S1,qlearning,0,209,0.1,2.0,1.0,5.0,10.0,0.7,indicator
0.09197589597209008,6028.0,2,1578.0,1581.0,S1,qlearning,0,210,0.1,2.0,1.0,5.0,10.0,0.7,indicator
0.11252268602540835,5272.5,7,1520.6,1544.0,S1,qlearning,0,211,0.1,2.0,1.0,5.0,10.0,0.7,indicator
0.09763617677286741,5535.0,0,1578.2,1632.0,S1,qlearning,0,212,0.1,2.0,1.0,5.0,10.0,0.7,indicator
0.11867905056759546,5491.0,3,1473.2,1503.0,S1,qlearning,0,213,0.1,2.0,1.0,5.0,10.0,0.7,indicator
0.1297514619883041,5124.0,0,1454.6,1519.0,S1,qlearning,0,214,0.1,2.0,1.0,5.0,10.0,0.7,indicator
0.10479041916167664,5734.0,2,1477.0,1515.0,S1,qlearning,0,215,0.1,2.0,1.0,5.0,10.0,0.7,indicator
0.1416256157635468,4524.0,0,1173.2,1185.0,S1,qlearning,0,216,0.1,2.0,1.0,5.0,10.0,0.7,indicator
0.12618873445501097,5085.0,0,1448.0,1483.0,S1,qlearning,0,217,0.1,2.0,1.0,5.0,10.0,0.7,indicator
0.1145311381531854,5241.3,0,1386.2,1409.0,S1,qlearning,0,218,0.1,2.0,1.0,5.0,10.0,0.7,indicator
0.12415349887133183,4973.0,2,1428.2,1469.0,S1,qlearning,0,219,0.1,2.0,1.0,5.0,10.0,0.7,indicator
0.1439232409381663,5255.0,4,1392.2,1394.0,S1,qlearning,0,220,0.1,2.0,1.0,5.0,10.0,0.7,indicator
0.11924478304074197,5640.0,0,1476.4,1480.0,S1,qlearning,0,221,0.1,2.0,1.0,5.0,10.0,0.7,indicator
0.10671798460461862,5408.0,1,1453.3999999999999,1492.0,S1,qlearning,0,222,0.1,2.0,1.0,5.0,10.0,0.7,indicator
0.13131313131313133,4597.0,0,1330.3999999999999,1403.0,S1,qlearning,0,223,0.1,2.0,1.0,5.0,10.0,0.7,indicator
0.11538461538461539,5172.0,4,1561.8,1586.0,S1,qlearning,0,224,0.1,2.0,1.0,5.0,10.0,0.7,indicator
0.10758027143330023,5689.0,0,1591.0,1618.0,S1,qlearning,0,225,0.1,2.0,1.0,5.0,10.0,0.7,indicator
0.1052819414703783,5321.0,0,1446.0,1455.0,S1,qlearning,0,226,0.1,2.0,1.0,5.0,10.0,0.7,indicator
0.13356562137049943,4803.0,0,1242.3999999999999,1272.0,S1,qlearning,0,227,0.1,2.0,1.0,5.0,10.0,0.7,indicator
0.1188037689471528,4594.0,0,1331.2,1339.0,S1,qlearning,0,228,0.1,2.0,1.0,5.0,10.0,0.7,indicator
0.09917355371900827,5762.0,2,1526.6,1528.0,S1,qlearning,0,229,0.1,2.0,1.0,5.0,10.0,0.7,indicator
0.1239946380697051,5570.0,1,1506.4,1525.0,S1,qlearning,0,230,0.1,2.0,1.0,5.0,10.0,0.7,indicator
0.10850231234436143,5319.0,1,1512.8,1571.0,S1,qlearning,0,231,0.1,2.0,1.0,5.0,10.0,0.7,indicator
0.1251400821815465,5056.3,4,1448.4,1470.0,S1,qlearning,0,232,0.1,2.0,1.0,5.0,10.0,0.7,indicator
0.11789181692094314,5410.0,1,1476.6,1506.0,S1,qlearning,0,233,0.1,2.0,1.0,5.0,10.0,0.7,indicator
0.13360175695461202,5096.0,0,1478.0,1499.0,S1,qlearning,0,234,0.1,2.0,1.0,5.0,10.0,0.7,indicator
0.13036020583190394,5422.0,0,1714.8,1836.0,S1,qlearning,0,235,0.1,2.0,1.0,5.0,10.0,0.7,indicator
0.1342155009451796,4948.7,1,1389.8,1392.0,S1,qlearning,0,236,0.1,2.0,1.0,5.0,10.0,0.7,indicator
0.12147078135259357,5714.0,2,1664.2,1685.0,S1,qlearning,0,237,0.1,2.0,1.0,5.0,10.0,0.7,indicator
0.1360030222893842,4891.0,0,1353.2,1356.0,S1,qlearning,0,238,0.1,2.0,1.0,5.0,10.0,0.7,indicator
0.1156515034695451,4865.0,1,1319.2,1332.0,S1,qlearning,0,239,0.1,2.0,1.0,5.0,10.0,0.7,indicator
0.1191391237509608,4921.0,3,1281.2,1293.0,S1,qlearning,0,240,0.1,2.0,1.0,5.0,10.0,0.7,indicator
0.12736535662299855,5163.0,2,1500.6,1563.0,S1,qlearning,0,241,0.1,2.0,1.0,5.0,10.0,0.7,indicator
0.11483776886620488,5148.0,0,1500.6,1527.0,S1,qlearning,0,242,0.1,2.0,1.0,5.0,10.0,0.7,indicator
0.12355212355212356,4832.5,1,1173.0,1174.5,S1,qlearning,0,243,0.1,2.0,1.0,5.0,10.0,0.7,indicator
0.1269130272489735,5025.0,3,1282.4,1284.0,S1,qlearning,0,244,0.1,2.0,1.0,5.0,10.0,0.7,indicator
0.1245995016019936,5225.0,0,1439.6,1480.0,S1,qlearning,0,245,0.1,2.0,1.0,5.0,10.0,0.7,indicator
0.11875221552640908,5314.1,2,1386.3999999999999,1439.0,S1,qlearning,0,246,0.1,2.0,1.0,5.0,10.0,0.7,indicator
0.13005780346820808,5158.0,0,1462.2,1478.0,S1,qlearning,0,247,0.1,2.0,1.0,5.0,10.0,0.7,indicator
0.13428991905813098,5083.0,3,1444.6,1480.0,S1,qlearning,0,248,0.1,2.0,1.0,5.0,10.0,0.7,indicator
0.12533422459893048,5696.0,6,1885.3999999999999,1953.0,S1,qlearning,0,249,0.1,2.0,1.0,5.0,10.0,0.7,indicator
0.12967765839199705,5035.0,1,1388.0,1419.0,S1,qlearning,0,250,0.1,2.0,1.0,5.0,10.0,0.7,indicator
0.10783608914450037,5251.0,0,1363.8,1385.0,S1,qlearning,0,251,0.1,2.0,1.0,5.0,10.0,0.7,indicator
0.16468253968253968,4637.0,2,1334.6,1391.0,S1,qlearning,0,252,0.1,2.0,1.0,5.0,10.0,0.7,indicator
0.10969976905311778,4883.0,0,1176.0,1179.0,S1,qlearning,0,253,0.1,2.0,1.0,5.0,10.0,0.7,indicator
0.11705685618729098,5054.0,0,1455.8,1553.0,S1,qlearning,0,254,0.1,2.0,1.0,5.0,10.0,0.7,indicator
0.13365318711446195,5418.0,1,1418.2,1432.0,S1,qlearning,0,255,0.1,2.0,1.0,5.0,10.0,0.7,indicator
0.12886597938144329,4736.0,4,1205.6,1212.0,S1,qlearning,0,256,0.1,2.0,1.0,5.0,10.0,0.7,indicator
0.14914243102162567,4946.0,0,1332.2,1356.0,S1,qlearning,0,257,0.1,2.0,1.0,5.0,10.0,0.7,indicator
0.10795065113091158,5488.0,0,1486.2,1506.0,S1,qlearning,0,258,0.1,2.0,1.0,5.0,10.0,0.7,indicator
0.10740740740740741,5067.0,0,1491.8,1564.0,S1,qlearning,0,259,0.1,2.0,1.0,5.0,10.0,0.7,indicator
0.11241970021413276,5276.0,0,1409.8,1427.0,S1,qlearning,0,260,0.1,2.0,1.0,5.0,10.0,0.7,indicator
0.09628154050464807,5696.0,0,1537.6,1549.0,S1,qlearning,0,261,0.1,2.0,1.0,5.0,10.0,0.7,indicator
0.12495600140795494,5304.0,0,1327.2,1328.0,S1,qlearning,0,262,0.1,2.0,1.0,5.0,10.0,0.7,indicator
0.11515151515151516,6197.0,0,1616.2,1652.0,S1,qlearning,0,263,0.1,2.0,1.0,5.0,10.0,0.7,indicator
0.11778115501519756,4936.0,0,1339.3999999999999,1377.0,S1,qlearning,0,264,0.1,2.0,1.0,5.0,10.0,0.7,indicator
0.11451726568005638,5343.0,1,1510.0,1561.0,S1,qlearning,0,265,0.1,2.0,1.0,5.0,10.0,0.7,indicator
0.12008733624454149,5168.0,1,1296.2,1302.0,S1,qlearning,0,266,0.1,2.0,1.0,5.0,10.0,0.7,indicator
0.10207673354452658,5379.0,0,1424.0,1460.0,S1,qlearning,0,267,0.1,2.0,1.0,5.0,10.0,0.7,indicator
0.11330409356725146,5199.0,3,1477.2,1503.0,S1,qlearning,0,268,0.1,2.0,1.0,5.0,10.0,0.7,indicator
0.11535552193645991,4960.0,0,1354.2,1401.0,S1,qlearning,0,269,0.1,2.0,1.0,5.0,10.0,0.7,indicator
0.1055858310626703,5524.0,0,1403.4,1423.0,S1,qlearning,0,270,0.1,2.0,1.0,5.0,10.0,0.7,indicator
0.1048359824146094,5666.0,5,1746.3999999999999,1821.0,S1,qlearning,0,271,0.1,2.0,1.0,5.0,10.0,0.7,indicator
0.12561174551386622,5712.0,0,1749.0,1835.0,S1,qlearning,0,272,0.1,2.0,1.0,5.0,10.0,0.7,indicator
0.1012216404886562,5428.5,0,1658.2,1672.0,S1,qlearning,0,273,0.1,2.0,1.0,5.0,10.0,0.7,indicator
0.11192660550458716,5122.0,0,1393.2,1412.0,S1,qlearning,0,274,0.1,2.0,1.0,5.0,10.0,0.7,indicator
0.1280148423005566,5102.0,6,1282.4,1288.0,S1,qlearning,0,275,0.1,2.0,1.0,5.0,10.0,0.7,indicator
0.09117082533589252,5964.0,2,1559.6,1574.0,S1,qlearning,0,276,0.1,2.0,1.0,5.0,10.0,0.7,indicator
0.09528423772609819,5934.0,3,1542.8,1571.0,S1,qlearning,0,277,0.1,2.0,1.0,5.0,10.0,0.7,indicator
0.10630881840362495,5460.0,3,1431.2,1447.0,S1,qlearning,0,278,0.1,2.0,1.0,5.0,10.0,0.7,indicator
0.129278951201748,5124.0,1,1488.0,1543.0,S1,qlearning,0,279,0.1,2.0,1.0,5.0,10.0,0.7,indicator
0.08265916285613788,5433.6,0,1522.6,1555.0,S1,qlearning,0,280,0.1,2.0,1.0,5.0,10.0,0.7,indicator
0.13249907986750092,5032.3,0,1577.8,1626.0,S1,qlearning,0,281,0.1,2.0,1.0,5.0,10.0,0.7,indicator
0.11782786885245902,5498.0,0,1619.2,1642.0,S1,qlearning,0,282,0.1,2.0,1.0,5.0,10.0,0.7,indicator
0.1301989150090416,5142.0,0,1329.6,1355.0,S1,qlearning,0,283,0.1,2.0,1.0,5.0,10.0,0.7,indicator
0.11115227862171174,5100.0,2,1376.0,1393.0,S1,qlearning,0,284,0.1,2.0,1.0,5.0,10.0,0.7,indicator
0.151637687019814,4573.0,3,1236.6,1246.0,S1,qlearning,0,285,0.1,2.0,1.0,5.0,10.0,0.7,indicator
0.126078301260783,5650.0,0,1470.8,1510.0,S1,qlearning,0,286,0.1,2.0,1.0,5.0,10.0,0.7,indicator
0.08768656716417911,5092.0,0,1381.2,1406.0,S1,qlearning,0,287,0.1,2.0,1.0,5.0,10.0,0.7,indicator
0.11644571838050878,5249.0,2,1474.3999999999999,1522.0,S1,qlearning,0,288,0.1,2.0,1.0,5.0,10.0,0.7,indicator
0.09939353099730458,5613.0,0,1507.2,1517.0,S1,qlearning,0,289,0.1,2.0,1.0,5.0,10.0,0.7,indicator
0.10766721044045677,5787.0,1,1495.4,1521.0,S1,qlearning,0,290,0.1,2.0,1.0,5.0,10.0,0.7,indicator
0.10798765855330819,5476.0,0,1536.2,1576.0,S1,qlearning,0,291,0.1,2.0,1.0,5.0,10.0,0.7,indicator
0.11026878015161957,5491.0,2,1360.0,1364.0,S1,qlearning,0,292,0.1,2.0,1.0,5.0,10.0,0.7,indicator
0.12308839985080194,5034.0,0,1442.2,1486.0,S1,qlearning,0,293,0.1,2.0,1.0,5.0,10.0,0.7,indicator
0.09540636042402827,5362.0,0,1587.3999999999999,1658.0,S1,qlearning,0,294,0.1,2.0,1.0,5.0,10.0,0.7,indicator
0.12341446691806651,5436.0,0,1310.0,1345.0,S1,qlearning,0,295,0.1,2.0,1.0,5.0,10.0,0.7,indicator
0.10279286268425136,4878.0,1,1301.8,1350.0,S1,qlearning,0,296,0.1,2.0,1.0,5.0,10.0,0.7,indicator
0.14068863383931876,5022.3,1,1429.4,1443.0,S1,qlearning,0,297,0.1,2.0,1.0,5.0,10.0,0.7,indicator
0.13775290572535515,4308.0,0,1096.4,1104.0,S1,qlearning,0,298,0.1,2.0,1.0,5.0,10.0,0.7,indicator
0.119140625,4782.0,0,1256.0,1270.0,S1,qlearning,0,299,0.1,2.0,1.0,5.0,10.0,0.7,indicator
0.12834821428571427,5048.0,1,1458.0,1509.0,S1,qlearning,0,300,0.1,2.0,1.0,5.0,10.0,0.7,indicator
0.12825732899022801,4604.0,3,1261.8,1279.0,S1,qlearning,0,301,0.1,2.0,1.0,5.0,10.0,0.7,indicator
0.13923158265773705,5261.0,1,1634.3999999999999,1780.0,S1,qlearning,0,302,0.1,2.0,1.0,5.0,10.0,0.7,indicator
0.11585365853658537,4617.0,1,1268.0,1276.0,S1,qlearning,0,303,0.1,2.0,1.0,5.0,10.0,0.7,indicator
0.11209114296214627,5124.0,0,1514.8,1569.0,S1,qlearning,0,304,0.1,2.0,1.0,5.0,10.0,0.7,indicator
0.13000702740688685,5279.0,0,1556.2,1605.0,S1,qlearning,0,305,0.1,2.0,1.0,5.0,10.0,0.7,indicator
0.08449304174950298,5773.0,0,1689.8,1758.0,S1,qlearning,0,306,0.1,2.0,1.0,5.0,10.0,0.7,indicator
0.11891891891891893,5197.0,0,1426.2,1474.0,S1,qlearning,0,307,0.1,2.0,1.0,5.0,10.0,0.7,indicator
0.11349104859335038,5878.0,0,1558.3999999999999,1598.0,S1,qlearning,0,308,0.1,2.0,1.0,5.0,10.0,0.7,indicator
0.12033898305084746,5527.0,0,1543.8,1559.0,S1,qlearning,0,309,0.1,2.0,1.0,5.0,10.0,0.7,indicator
0.10771704180064309,5917.0,3,1603.4,1611.0,S1,qlearning,0,310,0.1,2.0,1.0,5.0,10.0,0.7,indicator
0.1109936575052854,5378.0,2,1414.0,1429.0,S1,qlearning,0,311,0.1,2.0,1.0,5.0,10.0,0.7,indicator
0.1346562721474132,5231.0,0,1507.3999999999999,1580.0,S1,qlearning,0,312,0.1,2.0,1.0,5.0,10.0,0.7,indicator
0.11343176089305006,5246.0,2,1328.2,1331.0,S1,qlearning,0,313,0.1,2.0,1.0,5.0,10.0,0.7,indicator
0.12570821529745044,5255.0,0,1459.3999999999999,1500.0,S1,qlearning,0,314,0.1,2.0,1.0,5.0,10.0,0.7,indicator
0.10010725777618877,5321.0,2,1562.2,1604.0,S1,qlearning,0,315,0.1,2.0,1.0,5.0,10.0,0.7,indicator
0.125,5077.0,1,1358.2,1368.0,S1,qlearning,0,316,0.1,2.0,1.0,5.0,10.0,0.7,indicator
0.11840324763193505,5559.0,2,1300.0,1302.0,S1,qlearning,0,317,0.1,2.0,1.0,5.0,10.0,0.7,indicator
0.125,4997.0,0,1384.6,1409.0,S1,qlearning,0,318,0.1,2.0,1.0,5.0,10.0,0.7,indicator
0.12800917080626673,4856.0,0,1396.3999999999999,1447.0,S1,qlearning,0,319,0.1,2.0,1.0,5.0,10.0,0.7,indicator
0.10516605166051661,5162.0,4,1453.0,1531.0,S1,qlearning,0,320,0.1,2.0,1.0,5.0,10.0,0.7,indicator
0.09838646202282567,4809.0,0,1254.6,1271.0,S1,qlearning,0,321,0.1,2.0,1.0,5.0,10.0,0.7,indicator
0.12756792577866136,5613.0,0,1425.8,1430.0,S1,qlearning,0,322,0.1,2.0,1.0,5.0,10.0,0.7,indicator
0.12084063047285463,5327.0,0,1398.0,1426.0,S1,qlearning,0,323,0.1,2.0,1.0,5.0,10.0,0.7,indicator
0.10003705075954057,5110.0,1,1535.3999999999999,1591.0,S1,qlearning,0,324,0.1,2.0,1.0,5.0,10.0,0.7,indicator
0.12191048764195057,5600.0,0,1548.6,1609.0,S1,qlearning,0,325,0.1,2.0,1.0,5.0,10.0,0.7,indicator
0.12850467289719625,4808.0,2,1268.6,1286.0,S1,qlearning,0,326,0.1,2.0,1.0,5.0,10.0,0.7,indicator
0.14215314632297193,4943.0,4,1427.6,1465.0,S1,qlearning,0,327,0.1,2.0,1.0,5.0,10.0,0.7,indicator
0.12745812090313183,5134.0,2,1299.3999999999999,1329.0,S1,qlearning,0,328,0.1,2.0,1.0,5.0,10.0,0.7,indicator
0.14812138728323698,5183.0,2,1376.4,1382.0,S1,qlearning,0,329,0.1,2.0,1.0,5.0,10.0,0.7,indicator
0.1081170991350632,5679.0,0,1735.8,1811.0,S1,qlearning,0,330,0.1,2.0,1.0,5.0,10.0,0.7,indicator
0.13717156105100464,4853.0,5,1568.1999999999998,1680.0,S1,qlearning,0,331,0.1,2.0,1.0,5.0,10.0,0.7,indicator
0.1043540842029507,5280.0,3,1472.6,1503.0,S1,qlearning,0,332,0.1,2.0,1.0,5.0,10.0,0.7,indicator
0.12447405329593268,5356.2,1,1570.8,1646.0,S1,qlearning,0,333,0.1,2.0,1.0,5.0,10.0,0.7,indicator
0.11851851851851852,5042.0,0,1424.8,1478.0,S1,qlearning,0,334,0.1,2.0,1.0,5.0,10.0,0.7,indicator
0.13011152416356878,5002.0,0,1281.0,1293.0,S1,qlearning,0,335,0.1,2.0,1.0,5.0,10.0,0.7,indicator
0.1326111318640269,4966.0,0,1292.0,1300.0,S1,qlearning,0,336,0.1,2.0,1.0,5.0,10.0,0.7,indicator
0.1285126799177519,5448.0,1,1388.6,1415.0,S1,qlearning,0,337,0.1,2.0,1.0,5.0,10.0,0.7,indicator
0.12939358825801467,4805.0,0,1392.8,1448.0,S1,qlearning,0,338,0.1,2.0,1.0,5.0,10.0,0.7,indicator
0.10161836657884833,5031.0,0,1459.2,1468.0,S1,qlearning,0,339,0.1,2.0,1.0,5.0,10.0,0.7,indicator
0.12074829931972789,5542.0,4,1435.6,1436.0,S1,qlearning,0,340,0.1,2.0,1.0,5.0,10.0,0.7,indicator
0.11464497041420119,5105.0,3,1419.0,1437.0,S1,qlearning,0,341,0.1,2.0,1.0,5.0,10.0,0.7,indicator
0.1265322261763543,4745.0,2,1323.3999999999999,1353.0,S1,qlearning,0,342,0.1,2.0,1.0,5.0,10.0,0.7,indicator
0.15934706568208318,4698.0,0,1249.0,1252.0,S1,qlearning,0,343,0.1,2.0,1.0,5.0,10.0,0.7,indicator
0.1256544502617801,5442.0,5,1497.0,1550.0,S1,qlearning,0,344,0.1,2.0,1.0,5.0,10.0,0.7,indicator
0.1327116212338594,5168.0,0,1424.8,1451.0,S1,qlearning,0,345,0.1,2.0,1.0,5.0,10.0,0.7,indicator
0.08075601374570447,5572.0,0,1434.8,1443.0,S1,qlearning,0,346,0.1,2.0,1.0,5.0,10.0,0.7,indicator
0.13873473917869034,5003.0,0,1348.2,1358.0,S1,qlearning,0,347,0.1,2.0,1.0,5.0,10.0,0.7,indicator
0.1254030813328556,5234.0,0,1464.8,1505.0,S1,qlearning,0,348,0.1,2.0,1.0,5.0,10.0,0.7,indicator
0.10108303249097472,5232.0,0,1417.4,1423.0,S1,qlearning,0,349,0.1,2.0,1.0,5.0,10.0,0.7,indicator
0.13991449669646328,4753.0,0,1266.2,1280.0,S1,qlearning,0,350,0.1,2.0,1.0,5.0,10.0,0.7,indicator
0.09646887513651256,5226.0,1,1533.0,1598.0,S1,qlearning,0,351,0.1,2.0,1.0,5.0,10.0,0.7,indicator
0.1092896174863388,5608.0,5,1644.8,1696.0,S1,qlearning,0,352,0.1,2.0,1.0,5.0,10.0,0.7,indicator
0.13059701492537312,4526.0,3,1241.4,1268.0,S1,qlearning,0,353,0.1,2.0,1.0,5.0,10.0,0.7,indicator
0.10610573343261355,5099.0,2,1279.6,1285.0,S1,qlearning,0,354,0.1,2.0,1.0,5.0,10.0,0.7,indicator
0.11864406779661017,5527.0,0,1515.6,1545.0,S1,qlearning,0,355,0.1,2.0,1.0,5.0,10.0,0.7,indicator
0.09748781402324709,5076.0,1,1225.0,1242.0,S1,qlearning,0,356,0.1,2.0,1.0,5.0,10.0,0.7,indicator
0.10554988083077971,5566.0,1,1544.4,1548.0,S1,qlearning,0,357,0.1,2.0,1.0,5.0,10.0,0.7,indicator
0.11847527472527472,5481.0,3,1654.2,1655.0,S1,qlearning,0,358,0.1,2.0,1.0,5.0,10.0,0.7,indicator
0.13925479864508844,4901.0,0,1357.0,1385.0,S1,qlearning,0,359,0.1,2.0,1.0,5.0,10.0,0.7,indicator
0.11447692849594927,5380.0,4,1558.0,1612.0,S1,qlearning,0,360,0.1,2.0,1.0,5.0,10.0,0.7,indicator
0.0915982312065698,6059.0,1,1534.2,1542.0,S1,qlearning,0,361,0.1,2.0,1.0,5.0,10.0,0.7,indicator
0.11586452762923351,5292.0,2,1458.4,1462.0,S1,qlearning,0,362,0.1,2.0,1.0,5.0,10.0,0.7,indicator
0.12305465074194716,5173.0,2,1392.8,1409.0,S1,qlearning,0,363,0.1,2.0,1.0,5.0,10.0,0.7,indicator
0.09183027232425586,6013.0,1,1612.4,1635.0,S1,qlearning,0,364,0.1,2.0,1.0,5.0,10.0,0.7,indicator
0.11861009021049114,5643.0,3,1588.6,1601.0,S1,qlearning,0,365,0.1,2.0,1.0,5.0,10.0,0.7,indicator
0.12810707456978968,4887.0,1,1243.0,1246.0,S1,qlearning,0,366,0.1,2.0,1.0,5.0,10.0,0.7,indicator
0.11389897655992076,5720.0,2,1537.2,1540.0,S1,qlearning,0,367,0.1,2.0,1.0,5.0,10.0,0.7,indicator
0.12125079770261646,5865.0,0,1625.2,1663.0,S1,qlearning,0,368,0.1,2.0,1.0,5.0,10.0,0.7,indicator
0.11658894070619587,5626.0,0,1550.2,1555.0,S1,qlearning,0,369,0.1,2.0,1.0,5.0,10.0,0.7,indicator
0.10299625468164794,6035.0,0,1770.8,1784.0,S1,qlearning,0,370,0.1,2.0,1.0,5.0,10.0,0.7,indicator
0.12532734754956978,5003.0,1,1347.0,1352.0,S1,qlearning,0,371,0.1,2.0,1.0,5.0,10.0,0.7,indicator
0.13045098770033545,4988.0,0,1520.6,1572.0,S1,qlearning,0,372,0.1,2.0,1.0,5.0,10.0,0.7,indicator
0.13231457323891166,5018.0,2,1505.8,1578.0,S1,qlearning,0,373,0.1,2.0,1.0,5.0,10.0,0.7,indicator
0.12324611300720516,4921.1,0,1289.4199999999998,1338.0,S1,qlearning,0,374,0.1,2.0,1.0,5.0,10.0,0.7,indicator
0.08518776077885953,5489.0,0,1793.1999999999998,1895.0,S1,qlearning,0,375,0.1,2.0,1.0,5.0,10.0,0.7,indicator
0.1197113807805838,5730.0,2,1646.0,1672.0,S1,qlearning,0,376,0.1,2.0,1.0,5.0,10.0,0.7,indicator
0.10588601681719091,6124.0,4,1645.6,1693.0,S1,qlearning,0,377,0.1,2.0,1.0,5.0,10.0,0.7,indicator
0.1021486438886932,5385.0,0,1589.0,1640.0,S1,qlearning,0,378,0.1,2.0,1.0,5.0,10.0,0.7,indicator
0.1359463276836158,5241.0,0,1356.0,1366.0,S1,qlearning,0,379,0.1,2.0,1.0,5.0,10.0,0.7,indicator
0.0998003992015968,5699.0,1,1574.0,1598.0,S1,qlearning,0,380,0.1,2.0,1.0,5.0,10.0,0.7,indicator
0.13578869047619047,5038.0,2,1388.0,1418.0,S1,qlearning,0,381,0.1,2.0,1.0,5.0,10.0,0.7,indicator
0.15255530129672007,4821.0,1,1315.8,1349.0,S1,qlearning,0,382,0.1,2.0,1.0,5.0,10.0,0.7,indicator
0.14301036825169824,5151.0,0,1587.3999999999999,1670.0,S1,qlearning,0,383,0.1,2.0,1.0,5.0,10.0,0.7,indicator
0.13130968622100955,5491.0,3,1562.8,1587.0,S1,qlearning,0,384,0.1,2.0,1.0,5.0,10.0,0.7,indicator
0.11395511921458626,5396.0,3,1456.6,1489.0,S1,qlearning,0,385,0.1,2.0,1.0,5.0,10.0,0.7,indicator
0.08769027134348113,5766.0,1,1607.8,1628.0,S1,qlearning,0,386,0.1,2.0,1.0,5.0,10.0,0.7,indicator
0.10555555555555556,5142.0,3,1414.4,1425.0,S1,qlearning,0,387,0.1,2.0,1.0,5.0,10.0,0.7,indicator
0.1042356055592323,5721.0,0,1360.6,1361.0,S1,qlearning,0,388,0.1,2.0,1.0,5.0,10.0,0.7,indicator
0.13529886914378028,4621.0,1,1317.6,1334.0,S1,qlearning,0,389,0.1,2.0,1.0,5.0,10.0,0.7,indicator
0.11538461538461539,5377.0,0,1394.2,1407.0,S1,qlearning,0,390,0.1,2.0,1.0,5.0,10.0,0.7,indicator
0.12716354645001765,5294.0,1,1497.8,1556.0,S1,qlearning,0,391,0.1,2.0,1.0,5.0,10.0,0.7,indicator
0.147118097541314,4564.0,0,1291.6,1343.0,S1,qlearning,0,392,0.1,2.0,1.0,5.0,10.0,0.7,indicator
0.14566929133858267,4727.0,2,1419.8,1432.0,S1,qlearning,0,393,0.1,2.0,1.0,5.0,10.0,0.7,indicator
0.13412563667232597,5467.0,0,1423.2,1437.0,S1,qlearning,0,394,0.1,2.0,1.0,5.0,10.0,0.7,indicator
0.13279232755440798,5059.0,2,1470.2,1532.0,S1,qlearning,0,395,0.1,2.0,1.0,5.0,10.0,0.7,indicator
0.1152832674571805,5709.0,0,1600.2,1635.0,S1,qlearning,0,396,0.1,2.0,1.0,5.0,10.0,0.7,indicator
0.09019741320626276,5593.0,0,1531.4,1537.0,S1,qlearning,0,397,0.1,2.0,1.0,5.0,10.0,0.7,indicator
0.119276644863409,4915.0,2,1492.0,1539.0,S1,qlearning,0,398,0.1,2.0,1.0,5.0,10.0,0.7,indicator
0.10614101592115238,4968.0,0,1285.8,1306.0,S1,qlearning,0,399,0.1,2.0,1.0,5.0,10.0,0.7,indicator
0.149547422274695,4696.2,1,1423.6,1475.0,S1,qlearning,0,400,0.1,2.0,1.0,5.0,10.0,0.7,indicator
0.0977088948787062,5628.0,0,1565.4,1573.0,S1,qlearning,0,401,0.1,2.0,1.0,5.0,10.0,0.7,indicator
0.12582508250825084,4505.0,0,1345.2,1384.0,S1,qlearning,0,402,0.1,2.0,1.0,5.0,10.0,0.7,indicator
0.11107634543178974,6059.0,1,1680.6,1706.0,S1,qlearning,0,403,0.1,2.0,1.0,5.0,10.0,0.7,indicator
0.12176845260397152,4970.0,0,1433.0,1503.0,S1,qlearning,0,404,0.1,2.0,1.0,5.0,10.0,0.7,indicator
0.09760589318600368,5212.0,5,1404.0,1432.0,S1,qlearning,0,405,0.1,2.0,1.0,5.0,10.0,0.7,indicator
0.10838663823738451,5350.0,1,1426.3999999999999,1455.0,S1,qlearning,0,406,0.1,2.0,1.0,5.0,10.0,0.7,indicator
0.10445205479452055,5527.0,1,1580.6,1660.0,S1,qlearning,0,407,0.1,2.0,1.0,5.0,10.0,0.7,indicator
0.14490095377842993,5034.0,1,1308.2,1311.0,S1,qlearning,0,408,0.1,2.0,1.0,5.0,10.0,0.7,indicator
0.10608203677510608,5333.0,0,1473.3999999999999,1514.0,S1,qlearning,0,409,0.1,2.0,1.0,5.0,10.0,0.7,indicator
0.1022090339597758,5793.0,5,1533.2,1543.0,S1,qlearning,0,410,0.1,2.0,1.0,5.0,10.0,0.7,indicator
0.10024621878297572,5388.0,0,1372.8,1374.0,S1,qlearning,0,411,0.1,2.0,1.0,5.0,10.0,0.7,indicator
0.10906355772846935,5050.0,2,1407.8,1419.0,S1,qlearning,0,412,0.1,2.0,1.0,5.0,10.0,0.7,indicator
0.10249720462169214,5138.0,5,1392.6,1428.0,S1,qlearning,0,413,0.1,2.0,1.0,5.0,10.0,0.7,indicator
0.11172224132004126,5560.0,4,1494.0,1505.0,S1,qlearning,0,414,0.1,2.0,1.0,5.0,10.0,0.7,indicator
0.14221861032100772,4539.0,0,1336.0,1399.0,S1,qlearning,0,415,0.1,2.0,1.0,5.0,10.0,0.7,indicator
0.11921708185053381,5337.0,5,1497.8,1523.0,S1,qlearning,0,416,0.1,2.0,1.0,5.0,10.0,0.7,indicator
0.13618677042801555,4892.0,8,1384.8,1469.0,S1,qlearning,0,417,0.1,2.0,1.0,5.0,10.0,0.7,indicator
0.11221945137157108,5281.0,0,1552.3999999999999,1613.0,S1,qlearning,0,418,0.1,2.0,1.0,5.0,10.0,0.7,indicator
0.12987012987012986,5022.0,1,1413.6,1428.0,S1,qlearning,0,419,0.1,2.0,1.0,5.0,10.0,0.7,indicator
0.14376400298730396,5003.0,2,1377.2,1411.0,S1,qlearning,0,420,0.1,2.0,1.0,5.0,10.0,0.7,indicator
0.12791572610985705,4948.0,1,1577.0,1656.0,S1,qlearning,0,421,0.1,2.0,1.0,5.0,10.0,0.7,indicator
0.12546125461254612,5082.0,2,1517.8,1596.0,S1,qlearning,0,422,0.1,2.0,1.0,5.0,10.0,0.7,indicator
0.1342038447587958,5171.0,2,1357.6,1376.0,S1,qlearning,0,423,0.1,2.0,1.0,5.0,10.0,0.7,indicator
0.13367052023121387,5133.0,0,1357.8,1367.0,S1,qlearning,0,424,0.1,2.0,1.0,5.0,10.0,0.7,indicator
0.11688311688311688,5082.0,2,1444.6,1445.0,S1,qlearning,0,425,0.1,2.0,1.0,5.0,10.0,0.7,indicator
0.1529497450837582,5044.0,0,1332.8,1344.0,S1,qlearning,0,426,0.1,2.0,1.0,5.0,10.0,0.7,indicator
0.13142636258214146,4816.0,0,1403.0,1482.0,S1,qlearning,0,427,0.1,2.0,1.0,5.0,10.0,0.7,indicator
0.09318766066838047,5926.0,1,1573.2,1574.0,S1,qlearning,0,428,0.1,2.0,1.0,5.0,10.0,0.7,indicator
0.1400454201362604,4871.0,0,1287.6,1308.0,S1,qlearning,0,429,0.1,2.0,1.0,5.0,10.0,0.7,indicator
0.13649962602842183,4985.0,2,1513.6,1549.0,S1,qlearning,0,430,0.1,2.0,1.0,5.0,10.0,0.7,indicator
0.1303735024665257,5263.0,0,1460.0,1489.0,S1,qlearning,0,431,0.1,2.0,1.0,5.0,10.0,0.7,indicator
0.149195131527287,4716.0,2,1260.8,1273.0,S1,qlearning,0,432,0.1,2.0,1.0,5.0,10.0,0.7,indicator
0.11080332409972299,5453.0,2,1651.8,1744.0,S1,qlearning,0,433,0.1,2.0,1.0,5.0,10.0,0.7,indicator
0.10134030728996404,5795.0,0,1503.6,1509.0,S1,qlearning,0,434,0.1,2.0,1.0,5.0,10.0,0.7,indicator
0.15262252794496992,4279.0,1,1112.3999999999999,1146.0,S1,qlearning,0,435,0.1,2.0,1.0,5.0,10.0,0.7,indicator
0.13565150936186474,4856.0,0,1417.8,1436.0,S1,qlearning,0,436,0.1,2.0,1.0,5.0,10.0,0.7,indicator
0.13532763532763534,5206.9,0,1545.1,1639.0,S1,qlearning,0,437,0.1,2.0,1.0,5.0,10.0,0.7,indicator
0.13563049853372433,5103.0,3,1414.4,1418.0,S1,qlearning,0,438,0.1,2.0,1.0,5.0,10.0,0.7,indicator
0.09759759759759759,6422.0,8,1724.6,1737.0,S1,qlearning,0,439,0.1,2.0,1.0,5.0,10.0,0.7,indicator
0.13412017167381973,5249.0,3,1517.8,1548.0,S1,qlearning,0,440,0.1,2.0,1.0,5.0,10.0,0.7,indicator
0.14502164502164502,4272.0,0,1104.8,1110.0,S1,qlearning,0,441,0.1,2.0,1.0,5.0,10.0,0.7,indicator
0.10904540579191992,5291.0,2,1377.4,1393.0,S1,qlearning,0,442,0.1,2.0,1.0,5.0,10.0,0.7,indicator
0.12618873445501097,5085.0,0,1396.6,1421.0,S1,qlearning,0,443,0.1,2.0,1.0,5.0,10.0,0.7,indicator
0.12234616768621806,5225.0,2,1469.2,1486.0,S1,qlearning,0,444,0.1,2.0,1.0,5.0,10.0,0.7,indicator
0.11125654450261781,5771.1,2,1675.0,1712.0,S1,qlearning,0,445,0.1,2.0,1.0,5.0,10.0,0.7,indicator
0.1380484114977307,4920.0,0,1486.3999999999999,1575.0,S1,qlearning,0,446,0.1,2.0,1.0,5.0,10.0,0.7,indicator
0.12568482114083146,5783.0,0,1615.0,1617.0,S1,qlearning,0,447,0.1,2.0,1.0,5.0,10.0,0.7,indicator
0.10587863463969659,6020.0,3,1748.6,1758.0,S1,qlearning,0,448,0.1,2.0,1.0,5.0,10.0,0.7,indicator
0.14196810579541036,4744.2,0,1310.6,1325.0,S1,qlearning,0,449,0.1,2.0,1.0,5.0,10.0,0.7,indicator
0.09774182676103808,5666.0,2,1630.3999999999999,1671.0,S1,qlearning,0,450,0.1,2.0,1.0,5.0,10.0,0.7,indicator
0.13022618231665525,5558.0,7,1509.8,1576.0,S1,qlearning,0,451,0.1,2.0,1.0,5.0,10.0,0.7,indicator
0.0954653937947494,4855.0,5,1420.4,1436.0,S1,qlearning,0,452,0.1,2.0,1.0,5.0,10.0,0.7,indicator
0.14000767165324127,4806.0,0,1320.3999999999999,1375.0,S1,qlearning,0,453,0.1,2.0,1.0,5.0,10.0,0.7,indicator
0.14025500910746813,5062.0,0,1621.2,1660.0,S1,qlearning,0,454,0.1,2.0,1.0,5.0,10.0,0.7,indicator
0.12464942349641633,5980.0,0,1782.2,1832.0,S1,qlearning,0,455,0.1,2.0,1.0,5.0,10.0,0.7,indicator
0.11922785768357305,4981.0,2,1396.0,1413.0,S1,qlearning,0,456,0.1,2.0,1.0,5.0,10.0,0.7,indicator
0.11837655016910936,5004.0,1,1434.8,1514.0,S1,qlearning,0,457,0.1,2.0,1.0,5.0,10.0,0.7,indicator
0.11192724728926198,5370.0,1,1652.6,1724.0,S1,qlearning,0,458,0.1,2.0,1.0,5.0,10.0,0.7,indicator
0.12881854987118144,5221.0,11,1366.3999999999999,1395.0,S1,qlearning,0,459,0.1,2.0,1.0,5.0,10.0,0.7,indicator
0.10671798460461862,5403.0,1,1527.2,1569.0,S1,qlearning,0,460,0.1,2.0,1.0,5.0,10.0,0.7,indicator
0.1089588377723971,5549.0,6,1544.6,1555.0,S1,qlearning,0,461,0.1,2.0,1.0,5.0,10.0,0.7,indicator
0.1288300835654596,5391.0,1,1430.0,1438.0,S1,qlearning,0,462,0.1,2.0,1.0,5.0,10.0,0.7,indicator
0.10158847432582194,5101.0,0,1318.0,1340.0,S1,qlearning,0,463,0.1,2.0,1.0,5.0,10.0,0.7,indicator
0.11196641007697691,5388.0,1,1302.2,1303.0,S1,qlearning,0,464,0.1,2.0,1.0,5.0,10.0,0.7,indicator
0.10692626875199489,5938.0,3,1666.3999999999999,1708.0,S1,qlearning,0,465,0.1,2.0,1.0,5.0,10.0,0.7,indicator
0.11583744777819978,4978.0,3,1295.2,1312.0,S1,qlearning,0,466,0.1,2.0,1.0,5.0,10.0,0.7,indicator
0.12686062246278756,5529.0,2,1520.4,1541.0,S1,qlearning,0,467,0.1,2.0,1.0,5.0,10.0,0.7,indicator
0.11261261261261261,4990.0,0,1430.3999999999999,1478.0,S1,qlearning,0,468,0.1,2.0,1.0,5.0,10.0,0.7,indicator
0.11394101876675604,5600.0,1,1582.4,1601.0,S1,qlearning,0,469,0.1,2.0,1.0,5.0,10.0,0.7,indicator
0.10063361908311591,5103.0,3,1498.8,1553.0,S1,qlearning,0,470,0.1,2.0,1.0,5.0,10.0,0.7,indicator
0.10483870967741936,5832.0,0,1562.8,1565.0,S1,qlearning,0,471,0.1,2.0,1.0,5.0,10.0,0.7,indicator
0.1285444234404537,4942.0,2,1294.6,1308.0,S1,qlearning,0,472,0.1,2.0,1.0,5.0,10.0,0.7,indicator
0.11145272867025365,4876.0,0,1303.6,1316.0,S1,qlearning,0,473,0.1,2.0,1.0,5.0,10.0,0.7,indicator
0.1268939393939394,4917.0,1,1452.6,1545.0,S1,qlearning,0,474,0.1,2.0,1.0,5.0,10.0,0.7,indicator
0.08638211382113821,5621.0,0,1493.0,1507.0,S1,qlearning,0,475,0.1,2.0,1.0,5.0,10.0,0.7,indicator
0.10378732702112163,5179.0,1,1393.4,1413.0,S1,qlearning,0,476,0.1,2.0,1.0,5.0,10.0,0.7,indicator
0.10099281068127354,5559.0,2,1444.2,1465.0,S1,qlearning,0,477,0.1,2.0,1.0,5.0,10.0,0.7,indicator
0.09777478084962914,5629.0,0,1477.0,1504.0,S1,qlearning,0,478,0.1,2.0,1.0,5.0,10.0,0.7,indicator
0.1171875,5525.0,0,1552.2,1592.0,S1,qlearning,0,479,0.1,2.0,1.0,5.0,10.0,0.7,indicator
0.12082092022509103,5654.0,0,1451.2,1457.0,S1,qlearning,0,480,0.1,2.0,1.0,5.0,10.0,0.7,indicator
0.13300861745972276,4965.0,1,1471.6,1557.0,S1,qlearning,0,481,0.1,2.0,1.0,5.0,10.0,0.7,indicator
0.12858555885262116,5753.0,6,1538.8,1546.0,S1,qlearning,0,482,0.1,2.0,1.0,5.0,10.0,0.7,indicator
0.11065266316579145,5089.0,4,1404.8,1433.0,S1,qlearning,0,483,0.1,2.0,1.0,5.0,10.0,0.7,indicator
0.12935680919870643,5228.0,3,1592.6,1594.0,S1,qlearning,0,484,0.1,2.0,1.0,5.0,10.0,0.7,indicator
0.11023916292974589,5084.0,1,1392.8,1427.0,S1,qlearning,0,485,0.1,2.0,1.0,5.0,10.0,0.7,indicator
0.15053763440860216,4282.0,0,1260.6,1335.0,S1,qlearning,0,486,0.1,2.0,1.0,5.0,10.0,0.7,indicator
0.11070110701107011,5649.0,3,1584.0,1614.0,S1,qlearning,0,487,0.1,2.0,1.0,5.0,10.0,0.7,indicator
0.1171303074670571,5111.2,0,1511.6,1547.0,S1,qlearning,0,488,0.1,2.0,1.0,5.0,10.0,0.7,indicator
0.08643183300717547,5839.0,1,1803.6,1886.0,S1,qlearning,0,489,0.1,2.0,1.0,5.0,10.0,0.7,indicator
0.10869565217391304,5237.0,4,1533.8,1578.0,S1,qlearning,0,490,0.1,2.0,1.0,5.0,10.0,0.7,indicator
0.09793447293447294,5428.0,4,1530.6,1543.0,S1,qlearning,0,491,0.1,2.0,1.0,5.0,10.0,0.7,indicator
0.12935494998275268,5410.0,1,1656.8,1704.0,S1,qlearning,0,492,0.1,2.0,1.0,5.0,10.0,0.7,indicator
0.11327433628318584,5287.0,0,1598.8,1640.0,S1,qlearning,0,493,0.1,2.0,1.0,5.0,10.0,0.7,indicator
0.15064562410329985,5128.0,1,1275.2,1290.0,S1,qlearning,0,494,0.1,2.0,1.0,5.0,10.0,0.7,indicator
0.12445887445887446,5206.0,2,1571.3999999999999,1657.0,S1,qlearning,0,495,0.1,2.0,1.0,5.0,10.0,0.7,indicator
0.1018483591097699,5109.0,7,1518.0,1573.0,S1,qlearning,0,496,0.1,2.0,1.0,5.0,10.0,0.7,indicator
0.12410071942446044,5172.0,0,1418.8,1466.0,S1,qlearning,0,497,0.1,2.0,1.0,5.0,10.0,0.7,indicator
0.10455680399500625,6030.0,0,1462.0,1466.0,S1,qlearning,0,498,0.1,2.0,1.0,5.0,10.0,0.7,indicator
0.1289198606271777,5362.0,1,1494.0,1571.0,S1,qlearning,0,499,0.1,2.0,1.0,5.0,10.0,0.7,indicator
0.10232396808879639,5448.0,0,1356.2,1365.0,S1,qlearning,0,500,0.1,2.0,1.0,5.0,10.0,0.7,indicator
0.1251788268955651,5239.5,1,1547.6,1621.0,S1,qlearning,0,501,0.1,2.0,1.0,5.0,10.0,0.7,indicator
0.1334321719792439,5023.0,2,1538.0,1579.0,S1,qlearning,0,502,0.1,2.0,1.0,5.0,10.0,0.7,indicator
0.1277183293061788,5436.0,3,1433.8,1435.0,S1,qlearning,0,503,0.1,2.0,1.0,5.0,10.0,0.7,indicator
0.11155511155511155,5668.0,1,1526.6,1555.0,S1,qlearning,0,504,0.1,2.0,1.0,5.0,10.0,0.7,indicator
0.12618296529968454,4824.0,6,1328.4,1342.0,S1,qlearning,0,505,0.1,2.0,1.0,5.0,10.0,0.7,indicator
0.127134724857685,5047.0,9,1613.1999999999998,1715.0,S1,qlearning,0,506,0.1,2.0,1.0,5.0,10.0,0.7,indicator
0.11908699966920278,5658.0,0,1474.8,1495.0,S1,qlearning,0,507,0.1,2.0,1.0,5.0,10.0,0.7,indicator
0.13379765395894427,5053.0,0,1580.6,1639.0,S1,qlearning,0,508,0.1,2.0,1.0,5.0,10.0,0.7,indicator
0.1333827343460541,5025.0,0,1469.0,1517.0,S1,qlearning,0,509,0.1,2.0,1.0,5.0,10.0,0.7,indicator
0.1183533447684391,5492.0,3,1495.6,1520.0,S1,qlearning,0,510,0.1,2.0,1.0,5.0,10.0,0.7,indicator
0.13122346584330374,4880.9,4,1390.3999999999999,1422.0,S1,qlearning,0,511,0.1,2.0,1.0,5.0,10.0,0.7,indicator
0.11539916761256148,5003.0,2,1451.3999999999999,1500.0,S1,qlearning,0,512,0.1,2.0,1.0,5.0,10.0,0.7,indicator
0.11533002129169624,5288.0,1,1443.4,1447.0,S1,qlearning,0,513,0.1,2.0,1.0,5.0,10.0,0.7,indicator
0.12658227848101267,5162.0,0,1327.4,1348.0,S1,qlearning,0,514,0.1,2.0,1.0,5.0,10.0,0.7,indicator
0.11079845233907844,5368.0,2,1560.4,1580.0,S1,qlearning,0,515,0.1,2.0,1.0,5.0,10.0,0.7,indicator
0.1289237668161435,5029.0,3,1254.0,1274.0,S1,qlearning,0,516,0.1,2.0,1.0,5.0,10.0,0.7,indicator
0.11614623000761615,4969.0,2,1431.0,1477.0,S1,qlearning,0,517,0.1,2.0,1.0,5.0,10.0,0.7,indicator
0.14947683109118087,4969.0,2,1238.4,1250.0,S1,qlearning,0,518,0.1,2.0,1.0,5.0,10.0,0.7,indicator
0.11022768341163715,5186.0,0,1314.0,1336.0,S1,qlearning,0,519,0.1,2.0,1.0,5.0,10.0,0.7,indicator
0.12776831345826234,5467.0,0,1496.2,1506.0,S1,qlearning,0,520,0.1,2.0,1.0,5.0,10.0,0.7,indicator
0.10907811400422238,5376.0,3,1436.6,1438.0,S1,qlearning,0,521,0.1,2.0,1.0,5.0,10.0,0.7,indicator
0.13489208633093525,5142.0,0,1556.8,1669.0,S1,qlearning,0,522,0.1,2.0,1.0,5.0,10.0,0.7,indicator
0.10175763182238667,6218.0,3,1688.8,1721.0,S1,qlearning,0,523,0.1,2.0,1.0,5.0,10.0,0.7,indicator
0.13069586718474038,5264.0,1,1452.2,1507.0,S1,qlearning,0,524,0.1,2.0,1.0,5.0,10.0,0.7,indicator
0.10720268006700168,5612.0,0,1596.6,1621.0,S1,qlearning,0,525,0.1,2.0,1.0,5.0,10.0,0.7,indicator
0.12870933142652843,5241.0,3,1495.8,1555.0,S1,qlearning,0,526,0.1,2.0,1.0,5.0,10.0,0.7,indicator
0.14356814701378254,4846.6,0,1459.4,1462.0,S1,qlearning,0,527,0.1,2.0,1.0,5.0,10.0,0.7,indicator
0.10416666666666667,5583.0,2,1398.8,1409.0,S1,qlearning,0,528,0.1,2.0,1.0,5.0,10.0,0.7,indicator
0.12627986348122866,5467.0,1,1433.8,1450.0,S1,qlearning,0,529,0.1,2.0,1.0,5.0,10.0,0.7,indicator
0.11896178803172314,5180.0,0,1408.4,1435.0,S1,qlearning,0,530,0.1,2.0,1.0,5.0,10.0,0.7,indicator
0.12102351313969571,5391.0,0,1462.8,1470.0,S1,qlearning,0,531,0.1,2.0,1.0,5.0,10.0,0.7,indicator
0.13955342902711323,4638.0,0,1277.8,1296.0,S1,qlearning,0,532,0.1,2.0,1.0,5.0,10.0,0.7,indicator
0.12429971988795518,5314.0,0,1495.3999999999999,1541.0,S1,qlearning,0,533,0.1,2.0,1.0,5.0,10.0,0.7,indicator
0.1111111111111111,5592.0,0,1616.2,1641.0,S1,qlearning,0,534,0.1,2.0,1.0,5.0,10.0,0.7,indicator
0.11363636363636363,4972.0,0,1378.2,1406.0,S1,qlearning,0,535,0.1,2.0,1.0,5.0,10.0,0.7,indicator
0.10809820447050202,5135.0,0,1573.0,1626.0,S1,qlearning,0,536,0.1,2.0,1.0,5.0,10.0,0.7,indicator
0.14189988175009854,4671.0,0,1294.4,1302.0,S1,qlearning,0,537,0.1,2.0,1.0,5.0,10.0,0.7,indicator
0.11743772241992882,5307.0,2,1418.3999999999999,1451.0,S1,qlearning,0,538,0.1,2.0,1.0,5.0,10.0,0.7,indicator
0.10582872028655162,5814.0,1,1514.8,1531.0,S1,qlearning,0,539,0.1,2.0,1.0,5.0,10.0,0.7,indicator
0.13029315960912052,5128.0,0,1578.8,1665.0,S1,qlearning,0,540,0.1,2.0,1.0,5.0,10.0,0.7,indicator
0.10351317440401506,6003.0,0,1500.6,1504.0,S1,qlearning,0,541,0.1,2.0,1.0,5.0,10.0,0.7,indicator
0.09188361408882083,6267.0,5,1760.0,1813.0,S1,qlearning,0,542,0.1,2.0,1.0,5.0,10.0,0.7,indicator
0.11925640126271483,5334.0,1,1553.2,1612.0,S1,qlearning,0,543,0.1,2.0,1.0,5.0,10.0,0.7,indicator
0.10284218399401646,5040.0,0,1393.6,1431.0,S1,qlearning,0,544,0.1,2.0,1.0,5.0,10.0,0.7,indicator
0.11426705843943846,5748.0,0,1459.3999999999999,1491.0,S1,qlearning,0,545,0.1,2.0,1.0,5.0,10.0,0.7,indicator
0.14026988636363635,5199.0,0,1387.0,1397.0,S1,qlearning,0,546,0.1,2.0,1.0,5.0,10.0,0.7,indicator
0.1055324592260953,5966.0,4,1702.2,1704.0,S1,qlearning,0,547,0.1,2.0,1.0,5.0,10.0,0.7,indicator
0.14738805970149255,4947.0,0,1302.2,1307.0,S1,qlearning,0,548,0.1,2.0,1.0,5.0,10.0,0.7,indicator
0.11449077238550923,5534.0,2,1432.6,1450.0,S1,qlearning,0,549,0.1,2.0,1.0,5.0,10.0,0.7,indicator
0.1399132321041215,5135.7,0,1455.0,1472.0,S1,qlearning,0,550,0.1,2.0,1.0,5.0,10.0,0.7,indicator
0.11043819023868899,5326.0,3,1447.8,1463.0,S1,qlearning,0,551,0.1,2.0,1.0,5.0,10.0,0.7,indicator
0.11885895404120443,4780.0,4,1205.3999999999999,1238.0,S1,qlearning,0,552,0.1,2.0,1.0,5.0,10.0,0.7,indicator
0.11419536191145467,5344.0,1,1544.8,1587.0,S1,qlearning,0,553,0.1,2.0,1.0,5.0,10.0,0.7,indicator
0.1070110701107011,5177.0,3,1308.8,1328.0,S1,qlearning,0,554,0.1,2.0,1.0,5.0,10.0,0.7,indicator
0.08749189889825017,5884.0,0,1661.3999999999999,1697.0,S1,qlearning,0,555,0.1,2.0,1.0,5.0,10.0,0.7,indicator
0.15722049689440995,4729.0,0,1244.3999999999999,1292.0,S1,qlearning,0,556,0.1,2.0,1.0,5.0,10.0,0.7,indicator
0.09522218509856331,5703.0,1,1450.2,1454.0,S1,qlearning,0,557,0.1,2.0,1.0,5.0,10.0,0.7,indicator
0.09326993416239941,5225.0,0,1491.0,1492.0,S1,qlearning,0,558,0.1,2.0,1.0,5.0,10.0,0.7,indicator
0.11551155115511551,5712.0,2,1600.6,1637.0,S1,qlearning,0,559,0.1,2.0,1.0,5.0,10.0,0.7,indicator
0.12466307277628032,5533.0,0,1492.0,1508.0,S1,qlearning,0,560,0.1,2.0,1.0,5.0,10.0,0.7,indicator
0.12334315169366716,5154.0,5,1444.0,1481.0,S1,qlearning,0,561,0.1,2.0,1.0,5.0,10.0,0.7,indicator
0.12725344644750794,5285.0,2,1515.6,1602.0,S1,qlearning,0,562,0.1,2.0,1.0,5.0,10.0,0.7,indicator
0.13257575757575757,4419.8,1,1313.1599999999999,1365.0,S1,qlearning,0,563,0.1,2.0,1.0,5.0,10.0,0.7,indicator
0.11078042328042328,5685.0,0,1524.2,1540.0,S1,qlearning,0,564,0.1,2.0,1.0,5.0,10.0,0.7,indicator
0.10516252390057361,5988.0,5,1553.8,1586.0,S1,qlearning,0,565,0.1,2.0,1.0,5.0,10.0,0.7,indicator
0.12292358803986711,5627.0,0,1784.6,1890.0,S1,qlearning,0,566,0.1,2.0,1.0,5.0,10.0,0.7,indicator
0.09133964817320704,5664.0,4,1501.4,1505.0,S1,qlearning,0,567,0.1,2.0,1.0,5.0,10.0,0.7,indicator
0.11079845233907844,5403.0,2,1380.8,1416.0,S1,qlearning,0,568,0.1,2.0,1.0,5.0,10.0,0.7,indicator
0.11057360055286801,5440.0,0,1592.0,1598.0,S1,qlearning,0,569,0.1,2.0,1.0,5.0,10.0,0.7,indicator
0.12658227848101267,5162.3,0,1486.46,1518.0,S1,qlearning,0,570,0.1,2.0,1.0,5.0,10.0,0.7,indicator
0.12504530627038782,5170.0,2,1268.0,1273.0,S1,qlearning,0,571,0.1,2.0,1.0,5.0,10.0,0.7,indicator
0.1409810737736578,4795.0,0,1371.0,1429.0,S1,qlearning,0,572,0.1,2.0,1.0,5.0,10.0,0.7,indicator
0.09636363636363636,5227.0,1,1474.8,1523.0,S1,qlearning,0,573,0.1,2.0,1.0,5.0,10.0,0.7,indicator
0.14125316914161537,5219.0,8,1424.6,1465.0,S1,qlearning,0,574,0.1,2.0,1.0,5.0,10.0,0.7,indicator
0.12906647807637905,5263.0,1,1638.1999999999998,1711.0,S1,qlearning,0,575,0.1,2.0,1.0,5.0,10.0,0.7,indicator
0.10987153482082489,5588.0,1,1674.6,1740.0,S1,qlearning,0,576,0.1,2.0,1.0,5.0,10.0,0.7,indicator
0.12640449438202248,4672.5,2,1440.0,1461.0,S1,qlearning,0,577,0.1,2.0,1.0,5.0,10.0,0.7,indicator
0.13677217663149668,4730.0,0,1462.2,1515.0,S1,qlearning,0,578,0.1,2.0,1.0,5.0,10.0,0.7,indicator
0.11996904024767802,4850.0,0,1202.2,1218.0,S1,qlearning,0,579,0.1,2.0,1.0,5.0,10.0,0.7,indicator
0.10877581120943952,5191.5,3,1347.4,1366.0,S1,qlearning,0,580,0.1,2.0,1.0,5.0,10.0,0.7,indicator
0.12792792792792793,5172.0,0,1448.8,1471.0,S1,qlearning,0,581,0.1,2.0,1.0,5.0,10.0,0.7,indicator
0.13112491373360938,5393.0,1,1409.6,1428.0,S1,qlearning,0,582,0.1,2.0,1.0,5.0,10.0,0.7,indicator
0.1407379231647014,4855.7,0,1336.6,1342.0,S1,qlearning,0,583,0.1,2.0,1.0,5.0,10.0,0.7,indicator
0.08631713554987212,5973.0,1,1631.0,1665.0,S1,qlearning,0,584,0.1,2.0,1.0,5.0,10.0,0.7,indicator
0.12655836796373252,4981.0,3,1384.3999999999999,1425.0,S1,qlearning,0,585,0.1,2.0,1.0,5.0,10.0,0.7,indicator
0.12858192505510654,5111.0,3,1484.8,1518.0,S1,qlearning,0,586,0.1,2.0,1.0,5.0,10.0,0.7,indicator
0.1037117903930131,5188.0,0,1454.3999999999999,1501.0,S1,qlearning,0,587,0.1,2.0,1.0,5.0,10.0,0.7,indicator
0.15367727771679474,5048.0,2,1373.2,1397.0,S1,qlearning,0,588,0.1,2.0,1.0,5.0,10.0,0.7,indicator
0.1528991262907069,4613.0,0,1191.2,1200.0,S1,qlearning,0,589,0.1,2.0,1.0,5.0,10.0,0.7,indicator
0.10811768876285005,5399.0,4,1382.8,1390.0,S1,qlearning,0,590,0.1,2.0,1.0,5.0,10.0,0.7,indicator
0.11864973262032086,5606.0,1,1661.3999999999999,1731.0,S1,qlearning,0,591,0.1,2.0,1.0,5.0,10.0,0.7,indicator
0.11447811447811448,5572.0,0,1589.4,1617.0,S1,qlearning,0,592,0.1,2.0,1.0,5.0,10.0,0.7,indicator
0.14685067232837934,5194.0,0,1393.2,1416.0,S1,qlearning,0,593,0.1,2.0,1.0,5.0,10.0,0.7,indicator
0.13538924407672057,4945.0,1,1374.3999999999999,1409.0,S1,qlearning,0,594,0.1,2.0,1.0,5.0,10.0,0.7,indicator
0.08840864440078586,5845.0,1,1548.8,1568.0,S1,qlearning,0,595,0.1,2.0,1.0,5.0,10.0,0.7,indicator
0.11192589733693555,4939.0,3,1318.6,1346.0,S1,qlearning,0,596,0.1,2.0,1.0,5.0,10.0,0.7,indicator
0.09685672514619884,5259.0,4,1453.8,1491.0,S1,qlearning,0,597,0.1,2.0,1.0,5.0,10.0,0.7,indicator
0.12874043145441894,5340.0,0,1401.2,1409.0,S1,qlearning,0,598,0.1,2.0,1.0,5.0,10.0,0.7,indicator
0.12153372132831222,5569.0,6,1662.8,1708.0,S1,qlearning,0,599,0.1,2.0,1.0,5.0,10.0,0.7,indicator
0.10840623811335108,4955.0,1,1375.6,1405.0,S1,qlearning,0,600,0.1,2.0,1.0,5.0,10.0,0.7,indicator
0.1282051282051282,5502.0,2,1634.0,1702.0,S1,qlearning,0,601,0.1,2.0,1.0,5.0,10.0,0.7,indicator
0.11510791366906475,5237.0,0,1342.6,1365.0,S1,qlearning,0,602,0.1,2.0,1.0,5.0,10.0,0.7,indicator
0.12756088132972554,4901.0,5,1287.2,1289.0,S1,qlearning,0,603,0.1,2.0,1.0,5.0,10.0,0.7,indicator
0.08936970837253057,6070.0,0,1713.3999999999999,1763.0,S1,qlearning,0,604,0.1,2.0,1.0,5.0,10.0,0.7,indicator
0.12518142235123367,5169.0,3,1320.2,1322.0,S1,qlearning,0,605,0.1,2.0,1.0,5.0,10.0,0.7,indicator
0.13107305138063613,5339.0,0,1513.8,1551.0,S1,qlearning,0,606,0.1,2.0,1.0,5.0,10.0,0.7,indicator
0.1312522170982618,5260.0,0,1448.4,1465.0,S1,qlearning,0,607,0.1,2.0,1.0,5.0,10.0,0.7,indicator
0.11632571199358203,4663.0,0,1432.0,1457.0,S1,qlearning,0,608,0.1,2.0,1.0,5.0,10.0,0.7,indicator
0.11489698890649762,4721.4,0,1451.4,1465.0,S1,qlearning,0,609,0.1,2.0,1.0,5.0,10.0,0.7,indicator
0.09465855307640297,5613.0,0,1608.3999999999999,1676.0,S1,qlearning,0,610,0.1,2.0,1.0,5.0,10.0,0.7,indicator
0.10688042752171009,5675.0,2,1739.3999999999999,1826.0,S1,qlearning,0,611,0.1,2.0,1.0,5.0,10.0,0.7,indicator
0.08786472148541113,5779.0,2,1538.1999999999998,1611.0,S1,qlearning,0,612,0.1,2.0,1.0,5.0,10.0,0.7,indicator
0.1098326359832636,5433.0,3,1479.6,1520.0,S1,qlearning,0,613,0.1,2.0,1.0,5.0,10.0,0.7,indicator
0.10885082084225553,5271.0,1,1475.3999999999999,1531.0,S1,qlearning,0,614,0.1,2.0,1.0,5.0,10.0,0.7,indicator
0.12125984251968504,5942.0,0,1708.8,1775.0,S1,qlearning,0,615,0.1,2.0,1.0,5.0,10.0,0.7,indicator
0.12195121951219512,5121.0,0,1405.6,1434.0,S1,qlearning,0,616,0.1,2.0,1.0,5.0,10.0,0.7,indicator
0.10480054090601758,5648.0,4,1498.0,1515.0,S1,qlearning,0,617,0.1,2.0,1.0,5.0,10.0,0.7,indicator
0.10649819494584838,5237.0,1,1432.8,1464.0,S1,qlearning,0,618,0.1,2.0,1.0,5.0,10.0,0.7,indicator
0.11650804069576633,5756.0,3,1500.3999999999999,1540.0,S1,qlearning,0,619,0.1,2.0,1.0,5.0,10.0,0.7,indicator
0.08906305664410402,5371.0,2,1389.2,1397.0,S1,qlearning,0,620,0.1,2.0,1.0,5.0,10.0,0.7,indicator
0.1170177198261451,5604.0,0,1555.4,1556.0,S1,qlearning,0,621,0.1,2.0,1.0,5.0,10.0,0.7,indicator
0.09411362080766598,5606.0,5,1517.8,1561.0,S1,qlearning,0,622,0.1,2.0,1.0,5.0,10.0,0.7,indicator
0.11091549295774648,5352.0,1,1400.2,1413.0,S1,qlearning,0,623,0.1,2.0,1.0,5.0,10.0,0.7,indicator
0.13231457323891166,5073.0,4,1412.8,1432.0,S1,qlearning,0,624,0.1,2.0,1.0,5.0,10.0,0.7,indicator
0.14542190305206462,5143.2,0,1576.24,1644.0,S1,qlearning,0,625,0.1,2.0,1.0,5.0,10.0,0.7,indicator
0.13671875,4295.0,2,1145.6,1192.0,S1,qlearning,0,626,0.1,2.0,1.0,5.0,10.0,0.7,indicator
0.11407511407511407,5360.2,0,1496.6,1506.0,S1,qlearning,0,627,0.1,2.0,1.0,5.0,10.0,0.7,indicator
0.11298353121409421,4949.0,2,1314.2,1327.0,S1,qlearning,0,628,0.1,2.0,1.0,5.0,10.0,0.7,indicator
0.13377926421404682,5049.0,3,1527.0,1551.0,S1,qlearning,0,629,0.1,2.0,1.0,5.0,10.0,0.7,indicator
0.13041880969875091,5051.0,0,1470.8,1543.0,S1,qlearning,0,630,0.1,2.0,1.0,5.0,10.0,0.7,indicator
0.11144130757800892,5086.0,2,1404.8,1454.0,S1,qlearning,0,631,0.1,2.0,1.0,5.0,10.0,0.7,indicator
0.11073825503355705,5652.3,3,1729.3999999999999,1808.0,S1,qlearning,0,632,0.1,2.0,1.0,5.0,10.0,0.7,indicator
0.12203389830508475,5512.0,0,1665.3999999999999,1713.0,S1,qlearning,0,633,0.1,2.0,1.0,5.0,10.0,0.7,indicator
0.11221945137157108,5306.0,2,1405.6,1420.0,S1,qlearning,0,634,0.1,2.0,1.0,5.0,10.0,0.7,indicator
0.11555708865125905,5450.0,1,1464.0,1503.0,S1,qlearning,0,635,0.1,2.0,1.0,5.0,10.0,0.7,indicator
0.12630312750601444,4715.7,3,1249.0,1262.0,S1,qlearning,0,636,0.1,2.0,1.0,5.0,10.0,0.7,indicator
0.11161558834657587,5023.0,4,1364.6,1379.0,S1,qlearning,0,637,0.1,2.0,1.0,5.0,10.0,0.7,indicator
0.14018691588785046,5136.0,0,1343.6,1348.0,S1,qlearning,0,638,0.1,2.0,1.0,5.0,10.0,0.7,indicator
0.11663807890222985,5462.0,1,1347.6,1348.0,S1,qlearning,0,639,0.1,2.0,1.0,5.0,10.0,0.7,indicator
0.09287925696594428,5566.0,1,1464.2,1505.0,S1,qlearning,0,640,0.1,2.0,1.0,5.0,10.0,0.7,indicator
0.12439658373561084,5063.0,2,1325.8,1350.0,S1,qlearning,0,641,0.1,2.0,1.0,5.0,10.0,0.7,indicator
0.11559633027522936,5112.0,0,1368.0,1388.0,S1,qlearning,0,642,0.1,2.0,1.0,5.0,10.0,0.7,indicator
0.13131313131313133,4627.0,2,1346.1999999999998,1427.0,S1,qlearning,0,643,0.1,2.0,1.0,5.0,10.0,0.7,indicator
0.1079646017699115,5342.0,2,1436.0,1463.0,S1,qlearning,0,644,0.1,2.0,1.0,5.0,10.0,0.7,indicator
0.10556621880998081,5949.0,3,1564.6,1613.0,S1,qlearning,0,645,0.1,2.0,1.0,5.0,10.0,0.7,indicator
0.10056989607777406,5678.0,2,1483.2,1499.0,S1,qlearning,0,646,0.1,2.0,1.0,5.0,10.0,0.7,indicator
0.13392857142857142,5237.0,0,1603.8,1677.0,S1,qlearning,0,647,0.1,2.0,1.0,5.0,10.0,0.7,indicator
0.14251373626373626,5411.0,1,1504.8,1531.0,S1,qlearning,0,648,0.1,2.0,1.0,5.0,10.0,0.7,indicator
0.14365671641791045,4977.0,1,1399.8,1427.0,S1,qlearning,0,649,0.1,2.0,1.0,5.0,10.0,0.7,indicator
0.14103425117528542,5493.0,0,1539.8,1616.0,S1,qlearning,0,650,0.1,2.0,1.0,5.0,10.0,0.7,indicator
0.10985116938341602,5381.0,4,1460.4,1477.0,S1,qlearning,0,651,0.1,2.0,1.0,5.0,10.0,0.7,indicator
0.12557077625570776,5744.2,2,1545.6399999999999,1604.0,S1,qlearning,0,652,0.1,2.0,1.0,5.0,10.0,0.7,indicator
0.12987012987012986,5295.0,0,1517.6,1551.0,S1,qlearning,0,653,0.1,2.0,1.0,5.0,10.0,0.7,indicator
0.14220505617977527,5303.0,1,1485.3999999999999,1531.0,S1,qlearning,0,654,0.1,2.0,1.0,5.0,10.0,0.7,indicator
0.1143265451947124,5270.0,1,1332.0,1334.0,S1,qlearning,0,655,0.1,2.0,1.0,5.0,10.0,0.7,indicator
0.13398914518317503,5498.0,1,1527.6,1552.0,S1,qlearning,0,656,0.1,2.0,1.0,5.0,10.0,0.7,indicator
0.11099726775956284,5533.0,3,1423.0,1456.0,S1,qlearning,0,657,0.1,2.0,1.0,5.0,10.0,0.7,indicator
0.10479573712255773,5327.0,0,1518.8,1526.0,S1,qlearning,0,658,0.1,2.0,1.0,5.0,10.0,0.7,indicator
0.12328284607256076,5405.0,6,1453.8,1475.0,S1,qlearning,0,659,0.1,2.0,1.0,5.0,10.0,0.7,indicator
0.09873323397913562,5185.0,7,1269.8,1274.0,S1,qlearning,0,660,0.1,2.0,1.0,5.0,10.0,0.7,indicator
0.12683823529411764,5072.0,0,1410.2,1437.0,S1,qlearning,0,661,0.1,2.0,1.0,5.0,10.0,0.7,indicator
0.11302294197031039,5555.0,0,1491.0,1525.0,S1,qlearning,0,662,0.1,2.0,1.0,5.0,10.0,0.7,indicator
0.11316872427983539,5474.0,1,1539.0,1570.0,S1,qlearning,0,663,0.1,2.0,1.0,5.0,10.0,0.7,indicator
0.14792899408284024,4354.2,1,1260.2,1309.0,S1,qlearning,0,664,0.1,2.0,1.0,5.0,10.0,0.7,indicator
0.12509197939661515,5058.0,0,1285.6,1310.0,S1,qlearning,0,665,0.1,2.0,1.0,5.0,10.0,0.7,indicator
0.10095642933049948,5373.0,3,1462.2,1477.0,S1,qlearning,0,666,0.1,2.0,1.0,5.0,10.0,0.7,indicator
0.12953367875647667,5066.0,2,1449.8,1479.0,S1,qlearning,0,667,0.1,2.0,1.0,5.0,10.0,0.7,indicator
0.12562814070351758,5189.0,0,1367.2,1381.0,S1,qlearning,0,668,0.1,2.0,1.0,5.0,10.0,0.7,indicator
0.13870320855614973,5596.0,4,1608.3999999999999,1653.0,S1,qlearning,0,669,0.1,2.0,1.0,5.0,10.0,0.7,indicator
0.11787819253438114,5705.0,0,1575.0,1628.0,S1,qlearning,0,670,0.1,2.0,1.0,5.0,10.0,0.7,indicator
0.1326671261199173,5401.0,0,1533.6,1598.0,S1,qlearning,0,671,0.1,2.0,1.0,5.0,10.0,0.7,indicator
0.13071895424836602,5110.0,0,1489.2,1542.0,S1,qlearning,0,672,0.1,2.0,1.0,5.0,10.0,0.7,indicator
0.13992537313432835,4962.0,0,1590.8,1685.0,S1,qlearning,0,673,0.1,2.0,1.0,5.0,10.0,0.7,indicator
0.08356070941336971,5606.0,1,1433.8,1449.0,S1,qlearning,0,674,0.1,2.0,1.0,5.0,10.0,0.7,indicator
0.10324483775811209,5196.0,5,1505.2,1518.0,S1,qlearning,0,675,0.1,2.0,1.0,5.0,10.0,0.7,indicator
0.12525737817433083,5480.0,1,1434.6,1442.0,S1,qlearning,0,676,0.1,2.0,1.0,5.0,10.0,0.7,indicator
0.1223644578313253,5019.3,4,1500.8,1515.0,S1,qlearning,0,677,0.1,2.0,1.0,5.0,10.0,0.7,indicator
0.14954954954954955,5137.0,2,1426.0,1467.0,S1,qlearning,0,678,0.1,2.0,1.0,5.0,10.0,0.7,indicator
0.09486999297259312,5419.0,1,1415.0,1424.0,S1,qlearning,0,679,0.1,2.0,1.0,5.0,10.0,0.7,indicator
0.12815457413249212,4774.0,3,1154.8,1168.0,S1,qlearning,0,680,0.1,2.0,1.0,5.0,10.0,0.7,indicator
0.11711371363808085,4986.0,1,1423.6,1477.0,S1,qlearning,0,681,0.1,2.0,1.0,5.0,10.0,0.7,indicator
0.10675533776688835,5386.0,0,1375.8,1382.0,S1,qlearning,0,682,0.1,2.0,1.0,5.0,10.0,0.7,indicator
0.11691884456671252,5528.6,6,1491.8,1522.0,S1,qlearning,0,683,0.1,2.0,1.0,5.0,10.0,0.7,indicator
0.12625324916450056,5038.0,1,1522.0,1599.0,S1,qlearning,0,684,0.1,2.0,1.0,5.0,10.0,0.7,indicator
0.1134672619047619,5028.0,0,1463.0,1477.0,S1,qlearning,0,685,0.1,2.0,1.0,5.0,10.0,0.7,indicator
0.12938372488934285,5551.0,3,1436.0,1455.0,S1,qlearning,0,686,0.1,2.0,1.0,5.0,10.0,0.7,indicator
0.12027491408934708,4915.0,1,1413.8,1485.0,S1,qlearning,0,687,0.1,2.0,1.0,5.0,10.0,0.7,indicator
0.15228426395939088,4764.0,2,1228.6,1238.0,S1,qlearning,0,688,0.1,2.0,1.0,5.0,10.0,0.7,indicator
0.14270231213872833,5143.0,2,1523.2,1574.0,S1,qlearning,0,689,0.1,2.0,1.0,5.0,10.0,0.7,indicator
0.1325826371231384,5133.0,1,1343.2,1365.0,S1,qlearning,0,690,0.1,2.0,1.0,5.0,10.0,0.7,indicator
0.12457912457912458,5542.7,0,1593.2,1644.0,S1,qlearning,0,691,0.1,2.0,1.0,5.0,10.0,0.7,indicator
0.1383476227591582,4784.0,1,1352.8,1415.0,S1,qlearning,0,692,0.1,2.0,1.0,5.0,10.0,0.7,indicator
0.10575984380084608,5818.0,2,1603.6,1656.0,S1,qlearning,0,693,0.1,2.0,1.0,5.0,10.0,0.7,indicator
0.09807073954983923,5947.0,3,1665.6,1699.0,S1,qlearning,0,694,0.1,2.0,1.0,5.0,10.0,0.7,indicator
0.1233140655105973,4947.2,6,1288.0,1323.0,S1,qlearning,0,695,0.1,2.0,1.0,5.0,10.0,0.7,indicator
0.10675533776688835,5406.0,0,1462.8,1491.0,S1,qlearning,0,696,0.1,2.0,1.0,5.0,10.0,0.7,indicator
0.12573200137788496,5508.0,5,1575.1999999999998,1645.0,S1,qlearning,0,697,0.1,2.0,1.0,5.0,10.0,0.7,indicator
0.10592569849554805,6181.0,3,1668.6,1675.0,S1,qlearning,0,698,0.1,2.0,1.0,5.0,10.0,0.7,indicator
0.10699588477366255,4582.0,0,1161.4,1176.0,S1,qlearning,0,699,0.1,2.0,1.0,5.0,10.0,0.7,indicator
0.12926577042399173,5399.0,0,1500.3999999999999,1534.0,S1,qlearning,0,700,0.1,2.0,1.0,5.0,10.0,0.7,indicator
0.12516914749661706,5514.0,0,1542.0,1569.0,S1,qlearning,0,701,0.1,2.0,1.0,5.0,10.0,0.7,indicator
0.12240356083086053,5049.0,1,1375.2,1402.0,S1,qlearning,0,702,0.1,2.0,1.0,5.0,10.0,0.7,indicator
0.12662807525325614,5216.1,2,1564.0,1596.0,S1,qlearning,0,703,0.1,2.0,1.0,5.0,10.0,0.7,indicator
0.12811867835468643,5509.0,0,1547.8,1611.0,S1,qlearning,0,704,0.1,2.0,1.0,5.0,10.0,0.7,indicator
0.1282991202346041,5168.0,5,1516.3999999999999,1552.0,S1,qlearning,0,705,0.1,2.0,1.0,5.0,10.0,0.7,indicator
0.07568736484399136,6186.0,0,1649.0,1656.0,S1,qlearning,0,706,0.1,2.0,1.0,5.0,10.0,0.7,indicator
0.12253991830672113,5043.0,1,1457.2,1502.0,S1,qlearning,0,707,0.1,2.0,1.0,5.0,10.0,0.7,indicator
0.13576277241872098,5231.3,2,1580.8,1601.0,S1,qlearning,0,708,0.1,2.0,1.0,5.0,10.0,0.7,indicator
0.08801062769843905,5739.0,1,1567.8,1580.0,S1,qlearning,0,709,0.1,2.0,1.0,5.0,10.0,0.7,indicator
0.14268488745980706,4613.0,0,1293.3999999999999,1331.0,S1,qlearning,0,710,0.1,2.0,1.0,5.0,10.0,0.7,indicator
0.1177336276674025,5183.0,5,1234.6,1236.0,S1,qlearning,0,711,0.1,2.0,1.0,5.0,10.0,0.7,indicator
0.10348583877995643,5210.0,0,1407.8,1440.0,S1,qlearning,0,712,0.1,2.0,1.0,5.0,10.0,0.7,indicator
0.10522742701968771,5544.0,0,1420.6,1447.0,S1,qlearning,0,713,0.1,2.0,1.0,5.0,10.0,0.7,indicator
0.1329394387001477,5038.0,1,1430.0,1480.0,S1,qlearning,0,714,0.1,2.0,1.0,5.0,10.0,0.7,indicator
0.1669449081803005,4349.0,0,1245.3999999999999,1287.0,S1,qlearning,0,715,0.1,2.0,1.0,5.0,10.0,0.7,indicator
0.12504402958788305,5340.0,3,1405.0,1411.0,S1,qlearning,0,716,0.1,2.0,1.0,5.0,10.0,0.7,indicator
0.11852353538774128,5543.0,1,1345.6,1364.0,S1,qlearning,0,717,0.1,2.0,1.0,5.0,10.0,0.7,indicator
0.12323943661971831,5347.0,3,1369.6,1379.0,S1,qlearning,0,718,0.1,2.0,1.0,5.0,10.0,0.7,indicator
0.1173791170287316,5405.0,2,1616.8,1647.0,S1,qlearning,0,719,0.1,2.0,1.0,5.0,10.0,0.7,indicator
0.07859163784973279,6119.0,2,1815.0,1877.0,S1,qlearning,0,720,0.1,2.0,1.0,5.0,10.0,0.7,indicator
0.10645604395604395,5516.0,2,1421.2,1434.0,S1,qlearning,0,721,0.1,2.0,1.0,5.0,10.0,0.7,indicator
0.13776337115072934,4563.0,0,1198.6,1207.0,S1,qlearning,0,722,0.1,2.0,1.0,5.0,10.0,0.7,indicator
0.10835913312693499,5526.0,2,1633.8,1669.0,S1,qlearning,0,723,0.1,2.0,1.0,5.0,10.0,0.7,indicator
0.10369858278603526,5483.0,1,1421.2,1431.0,S1,qlearning,0,724,0.1,2.0,1.0,5.0,10.0,0.7,indicator
0.11257360581918947,5447.2,1,1703.6,1756.0,S1,qlearning,0,725,0.1,2.0,1.0,5.0,10.0,0.7,indicator
0.11876881900301103,5665.0,4,1778.6,1938.0,S1,qlearning,0,726,0.1,2.0,1.0,5.0,10.0,0.7,indicator
0.1256931608133087,5072.0,1,1476.6,1562.0,S1,qlearning,0,727,0.1,2.0,1.0,5.0,10.0,0.7,indicator
0.13272658323852862,4921.0,2,1573.8,1675.0,S1,qlearning,0,728,0.1,2.0,1.0,5.0,10.0,0.7,indicator
0.12263099219620958,5054.0,0,1363.6,1380.0,S1,qlearning,0,729,0.1,2.0,1.0,5.0,10.0,0.7,indicator
0.10547805375978224,5530.0,0,1537.6,1541.0,S1,qlearning,0,730,0.1,2.0,1.0,5.0,10.0,0.7,indicator
0.13783987915407855,4913.0,0,1409.2,1469.0,S1,qlearning,0,731,0.1,2.0,1.0,5.0,10.0,0.7,indicator
0.12585400934915497,5220.0,2,1330.8,1350.0,S1,qlearning,0,732,0.1,2.0,1.0,5.0,10.0,0.7,indicator
0.127420998980632,5488.0,0,1639.8,1727.0,S1,qlearning,0,733,0.1,2.0,1.0,5.0,10.0,0.7,indicator
0.12292118582791034,5224.1,4,1415.6,1436.0,S1,qlearning,0,734,0.1,2.0,1.0,5.0,10.0,0.7,indicator
0.11245674740484429,5417.0,0,1578.2,1613.0,S1,qlearning,0,735,0.1,2.0,1.0,5.0,10.0,0.7,indicator
0.11468738438771735,5073.0,0,1612.6,1718.0,S1,qlearning,0,736,0.1,2.0,1.0,5.0,10.0,0.7,indicator
0.13078470824949698,5571.0,0,1528.2,1593.0,S1,qlearning,0,737,0.1,2.0,1.0,5.0,10.0,0.7,indicator
0.10873640794900638,5026.0,0,1299.2,1303.0,S1,qlearning,0,738,0.1,2.0,1.0,5.0,10.0,0.7,indicator
0.11439633931714185,5364.0,3,1599.0,1681.0,S1,qlearning,0,739,0.1,2.0,1.0,5.0,10.0,0.7,indicator
0.13274336283185842,4810.0,0,1382.0,1407.0,S1,qlearning,0,740,0.1,2.0,1.0,5.0,10.0,0.7,indicator
0.09752066115702479,5742.0,1,1537.0,1576.0,S1,qlearning,0,741,0.1,2.0,1.0,5.0,10.0,0.7,indicator
0.1026287360460929,5246.0,1,1538.6,1580.0,S1,qlearning,0,742,0.1,2.0,1.0,5.0,10.0,0.7,indicator
0.11925337020394054,5448.0,3,1492.3999999999999,1534.0,S1,qlearning,0,743,0.1,2.0,1.0,5.0,10.0,0.7,indicator
0.12509197939661515,5078.0,1,1446.4,1458.0,S1,qlearning,0,744,0.1,2.0,1.0,5.0,10.0,0.7,indicator
0.12040939193257075,6281.0,3,1530.8,1550.0,S1,qlearning,0,745,0.1,2.0,1.0,5.0,10.0,0.7,indicator
0.1209077380952381,5018.0,0,1295.4,1312.0,S1,qlearning,0,746,0.1,2.0,1.0,5.0,10.0,0.7,indicator
0.10145417653026716,5611.0,0,1469.8,1503.0,S1,qlearning,0,747,0.1,2.0,1.0,5.0,10.0,0.7,indicator
0.13028700906344412,4913.0,0,1495.6,1553.0,S1,qlearning,0,748,0.1,2.0,1.0,5.0,10.0,0.7,indicator
0.11088011088011088,5469.0,2,1539.1999999999998,1616.0,S1,qlearning,0,749,0.1,2.0,1.0,5.0,10.0,0.7,indicator
0.11280931586608442,5153.0,0,1428.6,1487.0,S1,qlearning,0,750,0.1,2.0,1.0,5.0,10.0,0.7,indicator
0.12069647803719825,4731.0,0,1268.4,1296.0,S1,qlearning,0,751,0.1,2.0,1.0,5.0,10.0,0.7,indicator
0.1223348479552604,5359.0,0,1457.8,1470.0,S1,qlearning,0,752,0.1,2.0,1.0,5.0,10.0,0.7,indicator
0.13756209400076425,4866.0,1,1392.2,1406.0,S1,qlearning,0,753,0.1,2.0,1.0,5.0,10.0,0.7,indicator
0.11197828299966067,5546.0,1,1439.4,1442.0,S1,qlearning,0,754,0.1,2.0,1.0,5.0,10.0,0.7,indicator
0.1154562383612663,5062.0,1,1309.8,1324.0,S1,qlearning,0,755,0.1,2.0,1.0,5.0,10.0,0.7,indicator
0.14068441064638784,4922.0,3,1434.2,1451.0,S1,qlearning,0,756,0.1,2.0,1.0,5.0,10.0,0.7,indicator
0.10413167618407793,5651.0,1,1470.0,1492.0,S1,qlearning,0,757,0.1,2.0,1.0,5.0,10.0,0.7,indicator
0.12306136210384357,5559.0,2,1437.6,1453.0,S1,qlearning,0,758,0.1,2.0,1.0,5.0,10.0,0.7,indicator
0.10529891304347826,5585.0,1,1587.8,1632.0,S1,qlearning,0,759,0.1,2.0,1.0,5.0,10.0,0.7,indicator
0.12774379273119826,5265.0,5,1554.8,1597.0,S1,qlearning,0,760,0.1,2.0,1.0,5.0,10.0,0.7,indicator
0.12329775487670225,5111.0,3,1510.8,1556.0,S1,qlearning,0,761,0.1,2.0,1.0,5.0,10.0,0.7,indicator
0.10724852071005918,5170.0,5,1534.8,1592.0,S1,qlearning,0,762,0.1,2.0,1.0,5.0,10.0,0.7,indicator
0.14023934181002243,4960.0,1,1273.4,1276.0,S1,qlearning,0,763,0.1,2.0,1.0,5.0,10.0,0.7,indicator
0.12249443207126949,5055.0,0,1373.8,1384.0,S1,qlearning,0,764,0.1,2.0,1.0,5.0,10.0,0.7,indicator
0.13135448652337087,5519.0,4,1637.6,1702.0,S1,qlearning,0,765,0.1,2.0,1.0,5.0,10.0,0.7,indicator
0.11398963730569948,5482.0,2,1557.6,1589.0,S1,qlearning,0,766,0.1,2.0,1.0,5.0,10.0,0.7,indicator
0.1361947998349154,4473.0,0,1197.4,1222.0,S1,qlearning,0,767,0.1,2.0,1.0,5.0,10.0,0.7,indicator
0.10021865889212828,5205.0,0,1510.8,1545.0,S1,qlearning,0,768,0.1,2.0,1.0,5.0,10.0,0.7,indicator
0.12162675788673508,4999.0,3,1360.0,1398.0,S1,qlearning,0,769,0.1,2.0,1.0,5.0,10.0,0.7,indicator
0.09932600212841433,5430.0,4,1429.0,1431.0,S1,qlearning,0,770,0.1,2.0,1.0,5.0,10.0,0.7,indicator
0.12012603387160299,4750.0,0,1311.6,1338.0,S1,qlearning,0,771,0.1,2.0,1.0,5.0,10.0,0.7,indicator
0.13941220798794274,4930.0,1,1219.0,1233.0,S1,qlearning,0,772,0.1,2.0,1.0,5.0,10.0,0.7,indicator
0.10439164866810655,5248.0,0,1334.2,1336.0,S1,qlearning,0,773,0.1,2.0,1.0,5.0,10.0,0.7,indicator
0.1366223908918406,4952.0,4,1291.6,1294.0,S1,qlearning,0,774,0.1,2.0,1.0,5.0,10.0,0.7,indicator
0.1382306477093207,4706.0,1,1317.8,1371.0,S1,qlearning,0,775,0.1,2.0,1.0,5.0,10.0,0.7,indicator
0.13034033309196236,5132.2,0,1395.2,1433.0,S1,qlearning,0,776,0.1,2.0,1.0,5.0,10.0,0.7,indicator
0.10051107325383304,5567.0,1,1501.2,1525.0,S1,qlearning,0,777,0.1,2.0,1.0,5.0,10.0,0.7,indicator
0.12389680923285812,5539.0,2,1548.8,1552.0,S1,qlearning,0,778,0.1,2.0,1.0,5.0,10.0,0.7,indicator
0.126232741617357,4707.0,0,1268.2,1296.0,S1,qlearning,0,779,0.1,2.0,1.0,5.0,10.0,0.7,indicator
0.11544284632853899,4966.0,0,1308.2,1315.0,S1,qlearning,0,780,0.1,2.0,1.0,5.0,10.0,0.7,indicator
0.08705650459921156,5840.0,2,1589.3999999999999,1626.0,S1,qlearning,0,781,0.1,2.0,1.0,5.0,10.0,0.7,indicator
0.11884284597341674,4830.1,1,1272.8,1293.0,S1,qlearning,0,782,0.1,2.0,1.0,5.0,10.0,0.7,indicator
0.12885723974228552,5500.0,1,1610.6,1693.0,S1,qlearning,0,783,0.1,2.0,1.0,5.0,10.0,0.7,indicator
0.11186079545454546,5279.9,0,1267.2,1269.0,S1,qlearning,0,784,0.1,2.0,1.0,5.0,10.0,0.7,indicator
0.12384996461429583,5354.0,5,1372.0,1391.0,S1,qlearning,0,785,0.1,2.0,1.0,5.0,10.0,0.7,indicator
0.09951956074124914,5510.0,0,1403.4,1406.0,S1,qlearning,0,786,0.1,2.0,1.0,5.0,10.0,0.7,indicator
0.10975170924793091,5270.0,3,1492.0,1528.0,S1,qlearning,0,787,0.1,2.0,1.0,5.0,10.0,0.7,indicator
0.11434108527131782,4907.0,3,1171.2,1185.0,S1,qlearning,0,788,0.1,2.0,1.0,5.0,10.0,0.7,indicator
0.1198174210726512,4910.0,0,1266.2,1296.0,S1,qlearning,0,789,0.1,2.0,1.0,5.0,10.0,0.7,indicator
0.14167862266857964,5248.0,4,1513.2,1560.0,S1,qlearning,0,790,0.1,2.0,1.0,5.0,10.0,0.7,indicator
0.1270078446021666,4981.0,0,1343.4,1362.0,S1,qlearning,0,791,0.1,2.0,1.0,5.0,10.0,0.7,indicator
0.1032498307379824,5675.0,6,1495.4,1513.0,S1,qlearning,0,792,0.1,2.0,1.0,5.0,10.0,0.7,indicator
0.10996334555148284,5654.0,1,1458.4,1461.0,S1,qlearning,0,793,0.1,2.0,1.0,5.0,10.0,0.7,indicator
0.11753183153770813,5723.0,0,1528.0,1529.0,S1,qlearning,0,794,0.1,2.0,1.0,5.0,10.0,0.7,indicator
0.11406196799455226,5516.0,1,1553.4,1567.0,S1,qlearning,0,795,0.1,2.0,1.0,5.0,10.0,0.7,indicator
0.13396375098502758,4733.0,2,1266.2,1273.0,S1,qlearning,0,796,0.1,2.0,1.0,5.0,10.0,0.7,indicator
0.14013840830449828,5352.0,0,1351.2,1367.0,S1,qlearning,0,797,0.1,2.0,1.0,5.0,10.0,0.7,indicator
0.11985688729874776,5237.0,1,1467.8,1520.0,S1,qlearning,0,798,0.1,2.0,1.0,5.0,10.0,0.7,indicator
0.10254596888260255,5398.0,3,1606.6,1693.0,S1,qlearning,0,799,0.1,2.0,1.0,5.0,10.0,0.7,indicator
0.12533232054690469,4893.0,0,1421.3999999999999,1482.0,S1,qlearning,0,800,0.1,2.0,1.0,5.0,10.0,0.7,indicator
0.12286324786324786,5368.0,7,1414.0,1450.0,S1,qlearning,0,801,0.1,2.0,1.0,5.0,10.0,0.7,indicator
0.11853803095159697,5706.0,1,1701.8,1784.0,S1,qlearning,0,802,0.1,2.0,1.0,5.0,10.0,0.7,indicator
0.08749069247952346,5104.0,0,1392.2,1396.0,S1,qlearning,0,803,0.1,2.0,1.0,5.0,10.0,0.7,indicator
0.14264264264264265,4920.1,0,1502.02,1613.0,S1,qlearning,0,804,0.1,2.0,1.0,5.0,10.0,0.7,indicator
0.09825732295142751,5126.0,1,1432.8,1446.0,S1,qlearning,0,805,0.1,2.0,1.0,5.0,10.0,0.7,indicator
0.14184397163120568,5222.0,0,1479.0,1546.0,S1,qlearning,0,806,0.1,2.0,1.0,5.0,10.0,0.7,indicator
0.137221269296741,5412.0,0,1353.4,1365.0,S1,qlearning,0,807,0.1,2.0,1.0,5.0,10.0,0.7,indicator
0.14226231783483692,5331.0,0,1436.0,1460.0,S1,qlearning,0,808,0.1,2.0,1.0,5.0,10.0,0.7,indicator
0.10931718802556341,5668.0,4,1622.0,1674.0,S1,qlearning,0,809,0.1,2.0,1.0,5.0,10.0,0.7,indicator
0.12893439514599925,4896.5,0,1374.3,1402.0,S1,qlearning,0,810,0.1,2.0,1.0,5.0,10.0,0.7,indicator
0.12173290368779091,5203.0,0,1361.6,1374.0,S1,qlearning,0,811,0.1,2.0,1.0,5.0,10.0,0.7,indicator
0.10618820944708898,5189.0,0,1307.6,1328.0,S1,qlearning,0,812,0.1,2.0,1.0,5.0,10.0,0.7,indicator
0.10101010101010101,5474.0,3,1418.4,1430.0,S1,qlearning,0,813,0.1,2.0,1.0,5.0,10.0,0.7,indicator
0.13995801259622112,5328.0,2,1464.6,1488.0,S1,qlearning,0,814,0.1,2.0,1.0,5.0,10.0,0.7,indicator
0.12339585389930899,5705.0,2,1489.0,1509.0,S1,qlearning,0,815,0.1,2.0,1.0,5.0,10.0,0.7,indicator
0.11078042328042328,5690.0,1,1502.4,1521.0,S1,qlearning,0,816,0.1,2.0,1.0,5.0,10.0,0.7,indicator
0.12671594508975711,5314.0,2,1567.4,1579.0,S1,qlearning,0,817,0.1,2.0,1.0,5.0,10.0,0.7,indicator
0.10241773002014776,5628.0,0,1491.0,1528.0,S1,qlearning,0,818,0.1,2.0,1.0,5.0,10.0,0.7,indicator
0.14457831325301204,5387.0,0,1543.6,1580.0,S1,qlearning,0,819,0.1,2.0,1.0,5.0,10.0,0.7,indicator
0.12284561789512284,5091.0,0,1434.2,1485.0,S1,qlearning,0,820,0.1,2.0,1.0,5.0,10.0,0.7,indicator
0.1331630791681868,5109.0,2,1401.2,1436.0,S1,qlearning,0,821,0.1,2.0,1.0,5.0,10.0,0.7,indicator
0.11562849682954121,5039.0,0,1427.6,1478.0,S1,qlearning,0,822,0.1,2.0,1.0,5.0,10.0,0.7,indicator
0.11136712749615975,4900.0,0,1410.0,1449.0,S1,qlearning,0,823,0.1,2.0,1.0,5.0,10.0,0.7,indicator
0.11559696342305038,5500.7,3,1664.6,1694.0,S1,qlearning,0,824,0.1,2.0,1.0,5.0,10.0,0.7,indicator
0.12432795698924731,5564.0,0,1449.8,1489.0,S1,qlearning,0,825,0.1,2.0,1.0,5.0,10.0,0.7,indicator
0.10877581120943952,5141.0,1,1305.2,1307.0,S1,qlearning,0,826,0.1,2.0,1.0,5.0,10.0,0.7,indicator
0.09823509823509824,5738.0,4,1604.0,1605.0,S1,qlearning,0,827,0.1,2.0,1.0,5.0,10.0,0.7,indicator
0.15079634022365299,5414.0,0,1528.6,1570.0,S1,qlearning,0,828,0.1,2.0,1.0,5.0,10.0,0.7,indicator
0.11559752523607945,5754.0,0,1477.0,1509.0,S1,qlearning,0,829,0.1,2.0,1.0,5.0,10.0,0.7,indicator
0.12612612612612611,5172.0,0,1394.2,1430.0,S1,qlearning,0,830,0.1,2.0,1.0,5.0,10.0,0.7,indicator
0.13658176448874124,5055.0,3,1337.8,1374.0,S1,qlearning,0,831,0.1,2.0,1.0,5.0,10.0,0.7,indicator
0.12678571428571428,5202.0,0,1563.0,1584.0,S1,qlearning,0,832,0.1,2.0,1.0,5.0,10.0,0.7,indicator
0.10402455661664393,5536.0,0,1572.2,1605.0,S1,qlearning,0,833,0.1,2.0,1.0,5.0,10.0,0.7,indicator
0.13561113067981684,5254.1,0,1446.4,1451.0,S1,qlearning,0,834,0.1,2.0,1.0,5.0,10.0,0.7,indicator
0.11965192168237854,5208.0,2,1486.2,1541.0,S1,qlearning,0,835,0.1,2.0,1.0,5.0,10.0,0.7,indicator
0.12931034482758622,5417.0,1,1414.2,1420.0,S1,qlearning,0,836,0.1,2.0,1.0,5.0,10.0,0.7,indicator
0.11081706913661925,5668.0,0,1607.4,1631.0,S1,qlearning,0,837,0.1,2.0,1.0,5.0,10.0,0.7,indicator
0.10452299505891297,4994.0,3,1364.2,1375.0,S1,qlearning,0,838,0.1,2.0,1.0,5.0,10.0,0.7,indicator
0.10189739985945186,5369.0,0,1428.4,1441.0,S1,qlearning,0,839,0.1,2.0,1.0,5.0,10.0,0.7,indicator
0.1278724981467754,5018.0,0,1299.6,1300.0,S1,qlearning,0,840,0.1,2.0,1.0,5.0,10.0,0.7,indicator
0.11900264450321119,5001.0,2,1297.0,1305.0,S1,qlearning,0,841,0.1,2.0,1.0,5.0,10.0,0.7,indicator
0.1402805611222445,4642.0,1,1220.2,1223.0,S1,qlearning,0,842,0.1,2.0,1.0,5.0,10.0,0.7,indicator
0.1079734219269103,5677.0,0,1570.2,1583.0,S1,qlearning,0,843,0.1,2.0,1.0,5.0,10.0,0.7,indicator
0.10072655217965654,5788.0,3,1614.2,1650.0,S1,qlearning,0,844,0.1,2.0,1.0,5.0,10.0,0.7,indicator
0.11037891268533773,5732.0,0,1550.0,1575.0,S1,qlearning,0,845,0.1,2.0,1.0,5.0,10.0,0.7,indicator
0.12315270935960591,5371.0,5,1519.8,1556.0,S1,qlearning,0,846,0.1,2.0,1.0,5.0,10.0,0.7,indicator
0.10611510791366907,5267.0,2,1524.0,1555.0,S1,qlearning,0,847,0.1,2.0,1.0,5.0,10.0,0.7,indicator
0.10798696006519967,4640.0,1,1268.8,1298.0,S1,qlearning,0,848,0.1,2.0,1.0,5.0,10.0,0.7,indicator
0.11943539630836048,5163.0,0,1487.1999999999998,1556.0,S1,qlearning,0,849,0.1,2.0,1.0,5.0,10.0,0.7,indicator
0.1539360872954014,4714.0,0,1488.3999999999999,1546.0,S1,qlearning,0,850,0.1,2.0,1.0,5.0,10.0,0.7,indicator
0.12384996461429583,5259.0,0,1460.0,1502.0,S1,qlearning,0,851,0.1,2.0,1.0,5.0,10.0,0.7,indicator
0.11568560734943859,5580.0,1,1579.6,1629.0,S1,qlearning,0,852,0.1,2.0,1.0,5.0,10.0,0.7,indicator
0.10769774011299435,5356.0,2,1384.2,1399.0,S1,qlearning,0,853,0.1,2.0,1.0,5.0,10.0,0.7,indicator
0.10245901639344263,5095.0,0,1492.2,1539.0,S1,qlearning,0,854,0.1,2.0,1.0,5.0,10.0,0.7,indicator
0.1314060446780552,5685.0,2,1766.0,1846.0,S1,qlearning,0,855,0.1,2.0,1.0,5.0,10.0,0.7,indicator
0.09970578620464204,5775.0,0,1448.6,1457.0,S1,qlearning,0,856,0.1,2.0,1.0,5.0,10.0,0.7,indicator
0.12168933428775948,5210.0,0,1348.4,1362.0,S1,qlearning,0,857,0.1,2.0,1.0,5.0,10.0,0.7,indicator
0.09557522123893805,5417.0,4,1471.0,1487.0,S1,qlearning,0,858,0.1,2.0,1.0,5.0,10.0,0.7,indicator
0.11444921316165951,5239.0,0,1413.3999999999999,1445.0,S1,qlearning,0,859,0.1,2.0,1.0,5.0,10.0,0.7,indicator
0.12617702448210924,4977.0,2,1474.8,1556.0,S1,qlearning,0,860,0.1,2.0,1.0,5.0,10.0,0.7,indicator
0.12606599925843529,5021.0,0,1295.2,1296.0,S1,qlearning,0,861,0.1,2.0,1.0,5.0,10.0,0.7,indicator
0.1442495126705653,4817.0,5,1397.0,1465.0,S1,qlearning,0,862,0.1,2.0,1.0,5.0,10.0,0.7,indicator
0.11268079381096535,5573.0,0,1530.0,1580.0,S1,qlearning,0,863,0.1,2.0,1.0,5.0,10.0,0.7,indicator
0.10079312623925975,5714.0,0,1592.0,1639.0,S1,qlearning,0,864,0.1,2.0,1.0,5.0,10.0,0.7,indicator
0.11639507815098105,5716.0,4,1460.2,1471.0,S1,qlearning,0,865,0.1,2.0,1.0,5.0,10.0,0.7,indicator
0.11247803163444639,5357.0,0,1575.8,1609.0,S1,qlearning,0,866,0.1,2.0,1.0,5.0,10.0,0.7,indicator
0.1203416149068323,4884.0,3,1468.6,1497.0,S1,qlearning,0,867,0.1,2.0,1.0,5.0,10.0,0.7,indicator
0.1393188854489164,5396.0,1,1509.0,1520.0,S1,qlearning,0,868,0.1,2.0,1.0,5.0,10.0,0.7,indicator
0.14461315979754158,5134.0,1,1522.2,1560.0,S1,qlearning,0,869,0.1,2.0,1.0,5.0,10.0,0.7,indicator
0.10869565217391304,5033.0,2,1312.3999999999999,1342.0,S1,qlearning,0,870,0.1,2.0,1.0,5.0,10.0,0.7,indicator
0.12660485021398002,5260.0,1,1448.2,1469.0,S1,qlearning,0,871,0.1,2.0,1.0,5.0,10.0,0.7,indicator
0.136986301369863,5125.0,0,1385.0,1391.0,S1,qlearning,0,872,0.1,2.0,1.0,5.0,10.0,0.7,indicator
0.12261089073205914,5163.0,0,1650.6,1710.0,S1,qlearning,0,873,0.1,2.0,1.0,5.0,10.0,0.7,indicator
0.14694201747418587,4628.0,0,1320.8,1388.0,S1,qlearning,0,874,0.1,2.0,1.0,5.0,10.0,0.7,indicator
0.10488245931283906,5202.0,0,1361.0,1406.0,S1,qlearning,0,875,0.1,2.0,1.0,5.0,10.0,0.7,indicator
0.10707803992740472,5177.0,0,1346.0,1369.0,S1,qlearning,0,876,0.1,2.0,1.0,5.0,10.0,0.7,indicator
0.12297843665768195,5563.0,2,1446.0,1449.0,S1,qlearning,0,877,0.1,2.0,1.0,5.0,10.0,0.7,indicator
0.1242861941551898,5556.0,0,1622.6,1709.0,S1,qlearning,0,878,0.1,2.0,1.0,5.0,10.0,0.7,indicator
0.13180714533472077,5373.0,0,1554.2,1555.0,S1,qlearning,0,879,0.1,2.0,1.0,5.0,10.0,0.7,indicator
0.11917098445595854,5417.0,0,1414.2,1419.0,S1,qlearning,0,880,0.1,2.0,1.0,5.0,10.0,0.7,indicator
0.1383253412025083,5054.0,2,1347.8,1370.0,S1,qlearning,0,881,0.1,2.0,1.0,5.0,10.0,0.7,indicator
0.13930722891566266,4974.0,4,1406.3999999999999,1444.0,S1,qlearning,0,882,0.1,2.0,1.0,5.0,10.0,0.7,indicator
0.12297962052002812,5389.0,4,1529.0,1601.0,S1,qlearning,0,883,0.1,2.0,1.0,5.0,10.0,0.7,indicator
0.14914514368861403,5080.0,0,1349.8,1377.0,S1,qlearning,0,884,0.1,2.0,1.0,5.0,10.0,0.7,indicator
0.1457000710732054,5212.7,2,1528.8,1562.0,S1,qlearning,0,885,0.1,2.0,1.0,5.0,10.0,0.7,indicator
0.13435003631082063,5120.0,0,1518.0,1570.0,S1,qlearning,0,886,0.1,2.0,1.0,5.0,10.0,0.7,indicator
0.16466399643969737,4131.0,3,1124.0,1163.0,S1,qlearning,0,887,0.1,2.0,1.0,5.0,10.0,0.7,indicator
0.13745091038914672,5194.1,1,1327.02,1342.0,S1,qlearning,0,888,0.1,2.0,1.0,5.0,10.0,0.7,indicator
0.07820136852394917,5930.0,4,1465.4,1470.0,S1,qlearning,0,889,0.1,2.0,1.0,5.0,10.0,0.7,indicator
0.12376237623762376,5269.2,0,1431.8,1458.0,S1,qlearning,0,890,0.1,2.0,1.0,5.0,10.0,0.7,indicator
0.12482419127988749,5380.0,5,1526.4,1552.0,S1,qlearning,0,891,0.1,2.0,1.0,5.0,10.0,0.7,indicator
0.09618810117563235,5341.0,0,1528.6,1578.0,S1,qlearning,0,892,0.1,2.0,1.0,5.0,10.0,0.7,indicator
0.12792792792792793,5187.0,0,1466.8,1551.0,S1,qlearning,0,893,0.1,2.0,1.0,5.0,10.0,0.7,indicator
0.11144692104268984,5041.8,4,1406.3999999999999,1445.0,S1,qlearning,0,894,0.1,2.0,1.0,5.0,10.0,0.7,indicator
0.1306715063520871,5222.0,4,1283.4,1290.0,S1,qlearning,0,895,0.1,2.0,1.0,5.0,10.0,0.7,indicator
0.11891279728199321,4950.0,0,1207.2,1213.0,S1,qlearning,0,896,0.1,2.0,1.0,5.0,10.0,0.7,indicator
0.14102564102564102,5042.0,0,1513.8,1568.0,S1,qlearning,0,897,0.1,2.0,1.0,5.0,10.0,0.7,indicator
0.09807180851063829,5708.0,0,1759.3999999999999,1864.0,S1,qlearning,0,898,0.1,2.0,1.0,5.0,10.0,0.7,indicator
0.10618820944708898,5174.0,1,1452.4,1454.0,S1,qlearning,0,899,0.1,2.0,1.0,5.0,10.0,0.7,indicator
0.12692050768203073,5590.0,0,1555.0,1586.0,S1,qlearning,0,900,0.1,2.0,1.0,5.0,10.0,0.7,indicator
0.09544541192230409,5759.0,7,1760.6,1767.0,S1,qlearning,0,901,0.1,2.0,1.0,5.0,10.0,0.7,indicator
0.09945460378569138,5971.0,4,1634.6,1654.0,S1,qlearning,0,902,0.1,2.0,1.0,5.0,10.0,0.7,indicator
0.09011908593498552,5896.0,0,1692.2,1705.0,S1,qlearning,0,903,0.1,2.0,1.0,5.0,10.0,0.7,indicator
0.1006815365551425,6103.0,1,1777.1999999999998,1874.0,S1,qlearning,0,904,0.1,2.0,1.0,5.0,10.0,0.7,indicator
0.12693156732891833,5103.0,2,1371.0,1388.0,S1,qlearning,0,905,0.1,2.0,1.0,5.0,10.0,0.7,indicator
0.12357063814090742,5104.0,2,1517.4,1534.0,S1,qlearning,0,906,0.1,2.0,1.0,5.0,10.0,0.7,indicator
0.10631443298969072,5860.0,0,1586.0,1609.0,S1,qlearning,0,907,0.1,2.0,1.0,5.0,10.0,0.7,indicator
0.1257183908045977,5185.0,0,1490.3999999999999,1531.0,S1,qlearning,0,908,0.1,2.0,1.0,5.0,10.0,0.7,indicator
0.12413793103448276,5422.0,0,1523.8,1624.0,S1,qlearning,0,909,0.1,2.0,1.0,5.0,10.0,0.7,indicator
0.11266094420600858,5249.0,0,1477.2,1506.0,S1,qlearning,0,910,0.1,2.0,1.0,5.0,10.0,0.7,indicator
0.11459802538787024,5344.0,0,1515.4,1530.0,S1,qlearning,0,911,0.1,2.0,1.0,5.0,10.0,0.7,indicator
0.11194029850746269,5295.0,0,1320.6,1337.0,S1,qlearning,0,912,0.1,2.0,1.0,5.0,10.0,0.7,indicator
0.09334691106585201,5619.0,0,1361.0,1374.0,S1,qlearning,0,913,0.1,2.0,1.0,5.0,10.0,0.7,indicator
0.11789181692094314,5425.0,2,1426.6,1430.0,S1,qlearning,0,914,0.1,2.0,1.0,5.0,10.0,0.7,indicator
0.10344827586206896,5202.0,1,1502.6,1571.0,S1,qlearning,0,915,0.1,2.0,1.0,5.0,10.0,0.7,indicator
0.1345943979628956,5120.0,1,1340.0,1359.0,S1,qlearning,0,916,0.1,2.0,1.0,5.0,10.0,0.7,indicator
0.13665293897416697,4996.5,3,1455.2,1483.0,S1,qlearning,0,917,0.1,2.0,1.0,5.0,10.0,0.7,indicator
0.09510869565217392,5580.0,0,1553.3999999999999,1594.0,S1,qlearning,0,918,0.1,2.0,1.0,5.0,10.0,0.7,indicator
0.11217359323280618,5225.0,8,1415.4,1420.0,S1,qlearning,0,919,0.1,2.0,1.0,5.0,10.0,0.7,indicator
0.12937062937062938,5328.0,0,1549.1999999999998,1625.0,S1,qlearning,0,920,0.1,2.0,1.0,5.0,10.0,0.7,indicator
0.13910060975609756,4925.0,3,1346.6,1360.0,S1,qlearning,0,921,0.1,2.0,1.0,5.0,10.0,0.7,indicator
0.12187195320116997,5766.0,2,1467.4,1495.0,S1,qlearning,0,922,0.1,2.0,1.0,5.0,10.0,0.7,indicator
0.10520487264673312,5110.0,0,1329.4,1330.0,S1,qlearning,0,923,0.1,2.0,1.0,5.0,10.0,0.7,indicator
0.11715797430083144,5014.0,4,1314.4,1315.0,S1,qlearning,0,924,0.1,2.0,1.0,5.0,10.0,0.7,indicator
0.1429605501266739,5133.0,0,1407.0,1442.0,S1,qlearning,0,925,0.1,2.0,1.0,5.0,10.0,0.7,indicator
0.14005092761004,5145.0,3,1420.0,1450.0,S1,qlearning,0,926,0.1,2.0,1.0,5.0,10.0,0.7,indicator
0.1519230769230769,4777.4,0,1297.2,1300.0,S1,qlearning,0,927,0.1,2.0,1.0,5.0,10.0,0.7,indicator
0.12249064307587615,5570.0,3,1424.8,1427.0,S1,qlearning,0,928,0.1,2.0,1.0,5.0,10.0,0.7,indicator
0.12273032952252858,5585.0,1,1597.3999999999999,1643.0,S1,qlearning,0,929,0.1,2.0,1.0,5.0,10.0,0.7,indicator
0.1522744795682344,4785.0,1,1265.6,1286.0,S1,qlearning,0,930,0.1,2.0,1.0,5.0,10.0,0.7,indicator
0.12100677637947725,5800.0,0,1578.0,1591.0,S1,qlearning,0,931,0.1,2.0,1.0,5.0,10.0,0.7,indicator
0.09187279151943463,5407.0,1,1366.2,1368.0,S1,qlearning,0,932,0.1,2.0,1.0,5.0,10.0,0.7,indicator
0.12311901504787962,5490.0,0,1468.8,1495.0,S1,qlearning,0,933,0.1,2.0,1.0,5.0,10.0,0.7,indicator
0.11061182163843761,5448.0,0,1579.1999999999998,1652.0,S1,qlearning,0,934,0.1,2.0,1.0,5.0,10.0,0.7,indicator
0.1302274394717535,5114.0,2,1427.8,1467.0,S1,qlearning,0,935,0.1,2.0,1.0,5.0,10.0,0.7,indicator
0.1331414177761785,5170.0,0,1502.0,1553.0,S1,qlearning,0,936,0.1,2.0,1.0,5.0,10.0,0.7,indicator
0.13701067615658363,5192.0,0,1510.6,1560.0,S1,qlearning,0,937,0.1,2.0,1.0,5.0,10.0,0.7,indicator
0.12054896142433234,5034.0,0,1352.6,1399.0,S1,qlearning,0,938,0.1,2.0,1.0,5.0,10.0,0.7,indicator
0.13692946058091288,4502.0,1,1221.8,1230.0,S1,qlearning,0,939,0.1,2.0,1.0,5.0,10.0,0.7,indicator
0.12694202349374764,4915.0,1,1439.8,1443.0,S1,qlearning,0,940,0.1,2.0,1.0,5.0,10.0,0.7,indicator
0.11648429226967878,5328.0,0,1420.6,1445.0,S1,qlearning,0,941,0.1,2.0,1.0,5.0,10.0,0.7,indicator
0.12839325018341893,5059.0,0,1564.8,1650.0,S1,qlearning,0,942,0.1,2.0,1.0,5.0,10.0,0.7,indicator
0.10918544194107452,5462.0,2,1710.0,1817.0,S1,qlearning,0,943,0.1,2.0,1.0,5.0,10.0,0.7,indicator
0.12437810945273632,4908.0,3,1327.2,1344.0,S1,qlearning,0,944,0.1,2.0,1.0,5.0,10.0,0.7,indicator
0.10910330719399931,5538.0,0,1598.3999999999999,1645.0,S1,qlearning,0,945,0.1,2.0,1.0,5.0,10.0,0.7,indicator
0.10403120936280884,5804.0,0,1559.0,1578.0,S1,qlearning,0,946,0.1,2.0,1.0,5.0,10.0,0.7,indicator
0.11232243145028081,5676.0,0,1566.6,1606.0,S1,qlearning,0,947,0.1,2.0,1.0,5.0,10.0,0.7,indicator
0.14705882352941177,5284.7,1,1458.74,1505.0,S1,qlearning,0,948,0.1,2.0,1.0,5.0,10.0,0.7,indicator
0.10976948408342481,5138.0,0,1518.3999999999999,1554.0,S1,qlearning,0,949,0.1,2.0,1.0,5.0,10.0,0.7,indicator
0.13665293897416697,4934.0,0,1323.6,1344.0,S1,qlearning,0,950,0.1,2.0,1.0,5.0,10.0,0.7,indicator
0.10611050128064398,5143.0,0,1379.8,1391.0,S1,qlearning,0,951,0.1,2.0,1.0,5.0,10.0,0.7,indicator
0.11363636363636363,5817.0,2,1653.3999999999999,1718.0,S1,qlearning,0,952,0.1,2.0,1.0,5.0,10.0,0.7,indicator
0.11870503597122302,5227.0,1,1359.3999999999999,1391.0,S1,qlearning,0,953,0.1,2.0,1.0,5.0,10.0,0.7,indicator
0.12471655328798185,4954.0,1,1375.2,1398.0,S1,qlearning,0,954,0.1,2.0,1.0,5.0,10.0,0.7,indicator
0.11604095563139932,5492.0,0,1567.8,1568.0,S1,qlearning,0,955,0.1,2.0,1.0,5.0,10.0,0.7,indicator
0.1144913313706248,5806.0,5,1729.2,1743.0,S1,qlearning,0,956,0.1,2.0,1.0,5.0,10.0,0.7,indicator
0.08685676827269748,5809.0,0,1709.8,1787.0,S1,qlearning,0,957,0.1,2.0,1.0,5.0,10.0,0.7,indicator
0.09595254710397767,5464.0,2,1459.0,1514.0,S1,qlearning,0,958,0.1,2.0,1.0,5.0,10.0,0.7,indicator
0.12754085292945397,4710.0,1,1378.0,1446.0,S1,qlearning,0,959,0.1,2.0,1.0,5.0,10.0,0.7,indicator
0.13097949886104784,4935.0,3,1457.2,1466.0,S1,qlearning,0,960,0.1,2.0,1.0,5.0,10.0,0.7,indicator
0.09506337558372248,5688.0,1,1502.8,1510.0,S1,qlearning,0,961,0.1,2.0,1.0,5.0,10.0,0.7,indicator
0.12292118582791034,5169.0,0,1701.3999999999999,1816.0,S1,qlearning,0,962,0.1,2.0,1.0,5.0,10.0,0.7,indicator
0.09681881051175657,5461.0,0,1488.4,1501.0,S1,qlearning,0,963,0.1,2.0,1.0,5.0,10.0,0.7,indicator
0.12378246753246754,4750.0,8,1267.4,1278.0,S1,qlearning,0,964,0.1,2.0,1.0,5.0,10.0,0.7,indicator
0.09863701578192252,5258.0,0,1251.8,1272.0,S1,qlearning,0,965,0.1,2.0,1.0,5.0,10.0,0.7,indicator
0.12681159420289856,5272.0,7,1401.8,1405.0,S1,qlearning,0,966,0.1,2.0,1.0,5.0,10.0,0.7,indicator
0.1319073083778966,5247.0,1,1339.8,1355.0,S1,qlearning,0,967,0.1,2.0,1.0,5.0,10.0,0.7,indicator
0.13222516055912353,4996.8,5,1403.84,1432.8,S1,qlearning,0,968,0.1,2.0,1.0,5.0,10.0,0.7,indicator
0.08403361344537816,5915.0,1,1596.6,1648.0,S1,qlearning,0,969,0.1,2.0,1.0,5.0,10.0,0.7,indicator
0.138994668697639,4869.0,0,1363.8,1403.0,S1,qlearning,0,970,0.1,2.0,1.0,5.0,10.0,0.7,indicator
0.10587431693989072,5553.0,1,1331.6,1340.0,S1,qlearning,0,971,0.1,2.0,1.0,5.0,10.0,0.7,indicator
0.11627906976744186,5386.2,4,1472.84,1499.3,S1,qlearning,0,972,0.1,2.0,1.0,5.0,10.0,0.7,indicator
0.1035344519814352,5269.0,0,1473.4,1498.0,S1,qlearning,0,973,0.1,2.0,1.0,5.0,10.0,0.7,indicator
0.10014836795252226,5104.0,0,1355.6,1387.0,S1,qlearning,0,974,0.1,2.0,1.0,5.0,10.0,0.7,indicator
0.10707803992740472,5182.0,0,1383.6,1396.0,S1,qlearning,0,975,0.1,2.0,1.0,5.0,10.0,0.7,indicator
0.13629283489096572,4758.0,0,1331.0,1337.0,S1,qlearning,0,976,0.1,2.0,1.0,5.0,10.0,0.7,indicator
0.14705882352941177,4755.0,0,1335.8,1378.0,S1,qlearning,0,977,0.1,2.0,1.0,5.0,10.0,0.7,indicator
0.1480932987782303,4989.0,2,1235.2,1240.0,S1,qlearning,0,978,0.1,2.0,1.0,5.0,10.0,0.7,indicator
0.09612141652613827,5702.0,6,1576.0,1604.0,S1,qlearning,0,979,0.1,2.0,1.0,5.0,10.0,0.7,indicator
0.11844938980617373,5329.0,6,1452.2,1467.0,S1,qlearning,0,980,0.1,2.0,1.0,5.0,10.0,0.7,indicator
0.10120738636363637,5324.0,1,1486.0,1510.0,S1,qlearning,0,981,0.1,2.0,1.0,5.0,10.0,0.7,indicator
0.1190040278286342,5109.0,1,1525.3999999999999,1575.0,S1,qlearning,0,982,0.1,2.0,1.0,5.0,10.0,0.7,indicator
0.13774104683195593,4719.0,0,1510.0,1626.0,S1,qlearning,0,983,0.1,2.0,1.0,5.0,10.0,0.7,indicator
0.07872696817420435,5707.0,0,1619.0,1621.0,S1,qlearning,0,984,0.1,2.0,1.0,5.0,10.0,0.7,indicator
0.09479489831092727,5484.0,0,1409.4,1431.0,S1,qlearning,0,985,0.1,2.0,1.0,5.0,10.0,0.7,indicator
0.10862516212710766,5815.0,0,1517.6,1530.0,S1,qlearning,0,986,0.1,2.0,1.0,5.0,10.0,0.7,indicator
0.08925775133103664,6058.0,0,1639.6,1699.0,S1,qlearning,0,987,0.1,2.0,1.0,5.0,10.0,0.7,indicator
0.10472972972972973,5607.0,0,1550.6,1567.0,S1,qlearning,0,988,0.1,2.0,1.0,5.0,10.0,0.7,indicator
0.11061946902654868,5101.0,1,1325.6,1366.0,S1,qlearning,0,989,0.1,2.0,1.0,5.0,10.0,0.7,indicator
0.10284538909838875,5546.0,2,1522.6,1535.0,S1,qlearning,0,990,0.1,2.0,1.0,5.0,10.0,0.7,indicator
0.14089595375722544,5143.0,2,1347.2,1367.0,S1,qlearning,0,991,0.1,2.0,1.0,5.0,10.0,0.7,indicator
0.12946116165150454,5308.0,0,1514.0,1568.0,S1,qlearning,0,992,0.1,2.0,1.0,5.0,10.0,0.7,indicator
0.1274131274131274,4837.0,0,1310.6,1326.0,S1,qlearning,0,993,0.1,2.0,1.0,5.0,10.0,0.7,indicator
0.13503781058696435,5156.0,0,1414.2,1462.0,S1,qlearning,0,994,0.1,2.0,1.0,5.0,10.0,0.7,indicator
0.117296918767507,5374.0,0,1450.0,1495.0,S1,qlearning,0,995,0.1,2.0,1.0,5.0,10.0,0.7,indicator
0.10638297872340426,6035.0,4,1625.6,1628.0,S1,qlearning,0,996,0.1,2.0,1.0,5.0,10.0,0.7,indicator
0.09401114206128133,5446.0,0,1470.8,1485.0,S1,qlearning,0,997,0.1,2.0,1.0,5.0,10.0,0.7,indicator
0.12717770034843207,5362.7,1,1288.56,1288.7,S1,qlearning,0,998,0.1,2.0,1.0,5.0,10.0,0.7,indicator
0.10905485789821547,5679.0,0,1373.6,1380.0,S1,qlearning,0,999,0.1,2.0,1.0,5.0,10.0,0.7,indicator
0.10542756735650137,4874.0,3,1567.1999999999998,1683.0,S1,qlearning,1,0,0.1,2.0,1.0,5.0,10.0,0.7,indicator
0.09221998658618377,5666.0,0,1512.4,1515.0,S1,qlearning,1,1,0.1,2.0,1.0,5.0,10.0,0.7,indicator
0.1226878067195168,4945.8,0,1453.96,1511.0,S1,qlearning,1,2,0.1,2.0,1.0,5.0,10.0,0.7,indicator
0.1676300578034682,4737.0,1,1345.8,1398.0,S1,qlearning,1,3,0.1,2.0,1.0,5.0,10.0,0.7,indicator
0.10641949879848953,5503.0,0,1456.8,1463.0,S1,qlearning,1,4,0.1,2.0,1.0,5.0,10.0,0.7,indicator
0.1211376404494382,5355.1,1,1470.6,1481.0,S1,qlearning,1,5,0.1,2.0,1.0,5.0,10.0,0.7,indicator
0.11243173787343398,5883.0,2,1614.6,1631.0,S1,qlearning,1,6,0.1,2.0,1.0,5.0,10.0,0.7,indicator
0.10645724258289703,5402.0,1,1535.0,1554.0,S1,qlearning,1,7,0.1,2.0,1.0,5.0,10.0,0.7,indicator
0.10856921287320667,4930.0,3,1338.2,1350.0,S1,qlearning,1,8,0.1,2.0,1.0,5.0,10.0,0.7,indicator
0.138939011187297,5130.4,1,1547.0,1646.0,S1,qlearning,1,9,0.1,2.0,1.0,5.0,10.0,0.7,indicator
0.11030741410488246,5332.0,7,1503.0,1514.0,S1,qlearning,1,10,0.1,2.0,1.0,5.0,10.0,0.7,indicator
0.10129235068110373,5433.0,1,1453.8,1457.0,S1,qlearning,1,11,0.1,2.0,1.0,5.0,10.0,0.7,indicator
0.1169811320754717,4992.0,0,1250.0,1257.0,S1,qlearning,1,12,0.1,2.0,1.0,5.0,10.0,0.7,indicator
0.11450381679389313,5401.0,0,1438.2,1461.0,S1,qlearning,1,13,0.1,2.0,1.0,5.0,10.0,0.7,indicator
0.11124657116732703,6174.0,0,1627.4,1641.0,S1,qlearning,1,14,0.1,2.0,1.0,5.0,10.0,0.7,indicator
0.13021830716200689,4889.0,1,1331.2,1350.0,S1,qlearning,1,15,0.1,2.0,1.0,5.0,10.0,0.7,indicator
0.12811512811512812,5345.0,3,1647.6,1686.0,S1,qlearning,1,16,0.1,2.0,1.0,5.0,10.0,0.7,indicator
0.11771747805267359,4704.0,0,1261.6,1283.0,S1,qlearning,1,17,0.1,2.0,1.0,5.0,10.0,0.7,indicator
0.12581168831168832,4648.5,1,1350.0,1428.0,S1,qlearning,1,18,0.1,2.0,1.0,5.0,10.0,0.7,indicator
0.10691613765452723,5723.0,5,1638.4,1661.0,S1,qlearning,1,19,0.1,2.0,1.0,5.0,10.0,0.7,indicator
0.10168302945301542,5406.0,1,1309.4,1314.0,S1,qlearning,1,20,0.1,2.0,1.0,5.0,10.0,0.7,indicator
0.11379551820728291,5354.0,0,1406.6,1422.0,S1,qlearning,1,21,0.1,2.0,1.0,5.0,10.0,0.7,indicator
0.1169993117687543,5444.0,1,1636.3999999999999,1673.0,S1,qlearning,1,22,0.1,2.0,1.0,5.0,10.0,0.7,indicator
0.14296754250386398,4848.0,4,1234.2,1244.0,S1,qlearning,1,23,0.1,2.0,1.0,5.0,10.0,0.7,indicator
0.09836612204068022,5705.0,2,1617.6,1683.0,S1,qlearning,1,24,0.1,2.0,1.0,5.0,10.0,0.7,indicator
0.11372397841171936,4895.0,0,1296.0,1306.0,S1,qlearning,1,25,0.1,2.0,1.0,5.0,10.0,0.7,indicator
0.13111268603827073,5236.0,0,1447.3999999999999,1481.0,S1,qlearning,1,26,0.1,2.0,1.0,5.0,10.0,0.7,indicator
0.12906647807637905,5288.0,1,1410.8,1416.0,S1,qlearning,1,27,0.1,2.0,1.0,5.0,10.0,0.7,indicator
0.1292466765140325,5073.0,3,1409.8,1426.0,S1,qlearning,1,28,0.1,2.0,1.0,5.0,10.0,0.7,indicator
0.10656583018219319,5495.0,0,1554.6,1579.0,S1,qlearning,1,29,0.1,2.0,1.0,5.0,10.0,0.7,indicator
0.14960629921259844,4657.3,0,1366.6,1403.0,S1,qlearning,1,30,0.1,2.0,1.0,5.0,10.0,0.7,indicator
0.1377952755905512,5220.0,3,1421.2,1477.0,S1,qlearning,1,31,0.1,2.0,1.0,5.0,10.0,0.7,indicator
0.11185682326621924,5076.0,2,1546.0,1603.0,S1,qlearning,1,32,0.1,2.0,1.0,5.0,10.0,0.7,indicator
0.13944954128440368,5047.0,0,1340.4,1349.0,S1,qlearning,1,33,0.1,2.0,1.0,5.0,10.0,0.7,indicator
0.12365766352098927,5843.0,7,1528.4,1533.0,S1,qlearning,1,34,0.1,2.0,1.0,5.0,10.0,0.7,indicator
0.12923799932863378,5540.0,0,1559.8,1588.0,S1,qlearning,1,35,0.1,2.0,1.0,5.0,10.0,0.7,indicator
0.10728104115371087,5353.0,0,1441.6,1467.0,S1,qlearning,1,36,0.1,2.0,1.0,5.0,10.0,0.7,indicator
0.11285038223516564,5176.0,0,1511.0,1562.0,S1,qlearning,1,37,0.1,2.0,1.0,5.0,10.0,0.7,indicator
0.11921965317919075,5248.0,3,1405.8,1441.0,S1,qlearning,1,38,0.1,2.0,1.0,5.0,10.0,0.7,indicator
0.13976891539321654,4953.0,0,1559.6,1648.0,S1,qlearning,1,39,0.1,2.0,1.0,5.0,10.0,0.7,indicator
0.11258767072720562,5120.2,1,1484.24,1559.0,S1,qlearning,1,40,0.1,2.0,1.0,5.0,10.0,0.7,indicator
0.09044368600682594,5617.0,4,1490.0,1525.0,S1,qlearning,1,41,0.1,2.0,1.0,5.0,10.0,0.7,indicator
0.09413241292751805,6106.6,4,2078.6,2196.0,S1,qlearning,1,42,0.1,2.0,1.0,5.0,10.0,0.7,indicator
0.10457516339869281,5782.0,0,1575.8,1625.0,S1,qlearning,1,43,0.1,2.0,1.0,5.0,10.0,0.7,indicator
0.11235955056179775,5290.0,5,1438.2,1442.0,S1,qlearning,1,44,0.1,2.0,1.0,5.0,10.0,0.7,indicator
0.1362862010221465,5432.0,0,1608.0,1683.0,S1,qlearning,1,45,0.1,2.0,1.0,5.0,10.0,0.7,indicator
0.12532734754956978,5013.0,2,1390.0,1392.0,S1,qlearning,1,46,0.1,2.0,1.0,5.0,10.0,0.7,indicator
0.1511627906976744,4772.0,1,1326.8,1383.0,S1,qlearning,1,47,0.1,2.0,1.0,5.0,10.0,0.7,indicator
0.12710127101271013,4535.0,0,1311.4,1338.0,S1,qlearning,1,48,0.1,2.0,1.0,5.0,10.0,0.7,indicator
0.12720156555772993,4792.0,0,1419.8,1473.0,S1,qlearning,1,49,0.1,2.0,1.0,5.0,10.0,0.7,indicator
0.131738954195379,4606.0,1,1269.6,1275.0,S1,qlearning,1,50,0.1,2.0,1.0,5.0,10.0,0.7,indicator
0.13282732447817835,4877.0,0,1480.3999999999999,1575.0,S1,qlearning,1,51,0.1,2.0,1.0,5.0,10.0,0.7,indicator
0.13003663003663005,5107.0,2,1454.6,1483.0,S1,qlearning,1,52,0.1,2.0,1.0,5.0,10.0,0.7,indicator
0.1277235161532682,4961.0,0,1386.2,1434.0,S1,qlearning,1,53,0.1,2.0,1.0,5.0,10.0,0.7,indicator
0.12313562261533126,5468.3,6,1616.4,1634.0,S1,qlearning,1,54,0.1,2.0,1.0,5.0,10.0,0.7,indicator
0.13380281690140844,5313.0,1,1421.2,1437.0,S1,qlearning,1,55,0.1,2.0,1.0,5.0,10.0,0.7,indicator
0.09328358208955224,5613.0,2,1718.1999999999998,1802.0,S1,qlearning,1,56,0.1,2.0,1.0,5.0,10.0,0.7,indicator
0.12838801711840228,5270.0,4,1392.6,1405.0,S1,qlearning,1,57,0.1,2.0,1.0,5.0,10.0,0.7,indicator
0.11174881836596894,5575.4,0,1603.0,1659.0,S1,qlearning,1,58,0.1,2.0,1.0,5.0,10.0,0.7,indicator
0.15246142542248348,5031.0,2,1423.4,1433.0,S1,qlearning,1,59,0.1,2.0,1.0,5.0,10.0,0.7,indicator
0.12181818181818181,5207.0,4,1483.8,1537.0,S1,qlearning,1,60,0.1,2.0,1.0,5.0,10.0,0.7,indicator
0.1320193380438825,5000.0,0,1300.2,1306.0,S1,qlearning,1,61,0.1,2.0,1.0,5.0,10.0,0.7,indicator
0.14728682170542637,4752.0,0,1315.0,1345.0,S1,qlearning,1,62,0.1,2.0,1.0,5.0,10.0,0.7,indicator
0.14297221103503827,4603.0,1,1199.8,1244.0,S1,qlearning,1,63,0.1,2.0,1.0,5.0,10.0,0.7,indicator
0.1016327890703099,5744.0,3,1563.2,1569.0,S1,qlearning,1,64,0.1,2.0,1.0,5.0,10.0,0.7,indicator
0.11793214862681745,5827.0,0,1664.3999999999999,1708.0,S1,qlearning,1,65,0.1,2.0,1.0,5.0,10.0,0.7,indicator
0.10611050128064398,5218.0,4,1466.0,1494.0,S1,qlearning,1,66,0.1,2.0,1.0,5.0,10.0,0.7,indicator
0.11945392491467577,4971.0,3,1501.6,1611.0,S1,qlearning,1,67,0.1,2.0,1.0,5.0,10.0,0.7,indicator
0.14002126905352713,5254.0,2,1446.6,1482.0,S1,qlearning,1,68,0.1,2.0,1.0,5.0,10.0,0.7,indicator
0.15070921985815602,5187.0,0,1611.2,1675.0,S1,qlearning,1,69,0.1,2.0,1.0,5.0,10.0,0.7,indicator
0.0914826498422713,6022.0,0,1660.0,1744.0,S1,qlearning,1,70,0.1,2.0,1.0,5.0,10.0,0.7,indicator
0.11583744777819978,4983.0,2,1208.4,1217.0,S1,qlearning,1,71,0.1,2.0,1.0,5.0,10.0,0.7,indicator
0.11896668932698844,5491.0,0,1337.0,1347.0,S1,qlearning,1,72,0.1,2.0,1.0,5.0,10.0,0.7,indicator
0.10630881840362495,5390.0,0,1531.6,1588.0,S1,qlearning,1,73,0.1,2.0,1.0,5.0,10.0,0.7,indicator
0.1293610348882791,4784.0,1,1318.0,1324.0,S1,qlearning,1,74,0.1,2.0,1.0,5.0,10.0,0.7,indicator
0.10327022375215146,5512.0,1,1390.4,1400.0,S1,qlearning,1,75,0.1,2.0,1.0,5.0,10.0,0.7,indicator
0.09513742071881606,5418.0,1,1507.6,1528.0,S1,qlearning,1,76,0.1,2.0,1.0,5.0,10.0,0.7,indicator
0.11036288814066592,5118.0,4,1311.6,1332.0,S1,qlearning,1,77,0.1,2.0,1.0,5.0,10.0,0.7,indicator
0.13403736799350122,4556.0,0,1361.8,1400.0,S1,qlearning,1,78,0.1,2.0,1.0,5.0,10.0,0.7,indicator
0.11651816312542837,5513.0,3,1903.8,2037.0,S1,qlearning,1,79,0.1,2.0,1.0,5.0,10.0,0.7,indicator
0.13631597343586158,5304.0,0,1409.2,1449.0,S1,qlearning,1,80,0.1,2.0,1.0,5.0,10.0,0.7,indicator
0.10192937750273025,5196.0,1,1427.0,1448.0,S1,qlearning,1,81,0.1,2.0,1.0,5.0,10.0,0.7,indicator
0.1363314447592068,5246.7,1,1551.8,1617.0,S1,qlearning,1,82,0.1,2.0,1.0,5.0,10.0,0.7,indicator
0.1158232359230221,5314.0,3,1444.6,1453.0,S1,qlearning,1,83,0.1,2.0,1.0,5.0,10.0,0.7,indicator
0.16306483300589392,4702.0,3,1291.8,1314.0,S1,qlearning,1,84,0.1,2.0,1.0,5.0,10.0,0.7,indicator
0.12489927477840451,4626.0,0,1430.0,1531.0,S1,qlearning,1,85,0.1,2.0,1.0,5.0,10.0,0.7,indicator
0.09906152241918666,5466.0,2,1446.4,1459.0,S1,qlearning,1,86,0.1,2.0,1.0,5.0,10.0,0.7,indicator
0.11971830985915492,5392.0,3,1560.2,1619.0,S1,qlearning,1,87,0.1,2.0,1.0,5.0,10.0,0.7,indicator
0.09696755994358251,5399.0,0,1422.8,1427.0,S1,qlearning,1,88,0.1,2.0,1.0,5.0,10.0,0.7,indicator
0.1280201947349441,5178.0,0,1395.0,1433.0,S1,qlearning,1,89,0.1,2.0,1.0,5.0,10.0,0.7,indicator
0.12352122477383437,5385.0,2,1608.0,1697.0,S1,qlearning,1,90,0.1,2.0,1.0,5.0,10.0,0.7,indicator
0.13479957431713374,5215.0,0,1331.8,1334.0,S1,qlearning,1,91,0.1,2.0,1.0,5.0,10.0,0.7,indicator
0.11287061994609164,5563.0,0,1497.4,1500.0,S1,qlearning,1,92,0.1,2.0,1.0,5.0,10.0,0.7,indicator
0.10873377762188706,5484.0,8,1399.3999999999999,1434.0,S1,qlearning,1,93,0.1,2.0,1.0,5.0,10.0,0.7,indicator
0.09470934030045722,5851.0,2,1609.6,1628.0,S1,qlearning,1,94,0.1,2.0,1.0,5.0,10.0,0.7,indicator
0.12704174228675136,5147.0,2,1238.6,1243.0,S1,qlearning,1,95,0.1,2.0,1.0,5.0,10.0,0.7,indicator
0.12509335324869306,4988.0,0,1486.0,1566.0,S1,qlearning,1,96,0.1,2.0,1.0,5.0,10.0,0.7,indicator
0.12148823082763857,4965.0,1,1305.6,1319.0,S1,qlearning,1,97,0.1,2.0,1.0,5.0,10.0,0.7,indicator
0.10701754385964912,5387.0,0,1338.2,1350.0,S1,qlearning,1,98,0.1,2.0,1.0,5.0,10.0,0.7,indicator
0.1414027149321267,4886.0,0,1266.6,1270.0,S1,qlearning,1,99,0.1,2.0,1.0,5.0,10.0,0.7,indicator
0.14547413793103448,5240.0,5,1523.0,1526.0,S1,qlearning,1,100,0.1,2.0,1.0,5.0,10.0,0.7,indicator
0.13330829891100263,5033.0,3,1435.2,1445.0,S1,qlearning,1,101,0.1,2.0,1.0,5.0,10.0,0.7,indicator
0.09340659340659341,5197.0,0,1361.4,1371.0,S1,qlearning,1,102,0.1,2.0,1.0,5.0,10.0,0.7,indicator
0.09420289855072464,5242.0,1,1463.4,1470.0,S1,qlearning,1,103,0.1,2.0,1.0,5.0,10.0,0.7,indicator
0.10668563300142248,5316.0,1,1436.8,1448.0,S1,qlearning,1,104,0.1,2.0,1.0,5.0,10.0,0.7,indicator
0.12297962052002812,5309.0,0,1501.6,1522.0,S1,qlearning,1,105,0.1,2.0,1.0,5.0,10.0,0.7,indicator
0.1077726975832789,5756.0,0,1634.2,1667.0,S1,qlearning,1,106,0.1,2.0,1.0,5.0,10.0,0.7,indicator
0.1082004555808656,5000.6,1,1407.0,1422.0,S1,qlearning,1,107,0.1,2.0,1.0,5.0,10.0,0.7,indicator
0.13608087091757387,4806.0,2,1328.2,1329.0,S1,qlearning,1,108,0.1,2.0,1.0,5.0,10.0,0.7,indicator
0.14374514374514374,4860.0,6,1270.2,1291.0,S1,qlearning,1,109,0.1,2.0,1.0,5.0,10.0,0.7,indicator
0.11098779134295228,5153.0,3,1448.6,1449.0,S1,qlearning,1,110,0.1,2.0,1.0,5.0,10.0,0.7,indicator
0.12504113195129976,5725.0,3,1377.6,1378.0,S1,qlearning,1,111,0.1,2.0,1.0,5.0,10.0,0.7,indicator
0.11075441412520064,5912.0,3,1667.6,1685.0,S1,qlearning,1,112,0.1,2.0,1.0,5.0,10.0,0.7,indicator
0.15308151093439365,4687.0,5,1208.8,1224.0,S1,qlearning,1,113,0.1,2.0,1.0,5.0,10.0,0.7,indicator
0.16076516076516076,4516.0,1,1086.8,1091.0,S1,qlearning,1,114,0.1,2.0,1.0,5.0,10.0,0.7,indicator
0.10707456978967496,4977.0,3,1385.2,1436.0,S1,qlearning,1,115,0.1,2.0,1.0,5.0,10.0,0.7,indicator
0.1165462902166776,5699.0,0,1412.6,1445.0,S1,qlearning,1,116,0.1,2.0,1.0,5.0,10.0,0.7,indicator
0.11575673807878369,5480.0,3,1352.4,1355.0,S1,qlearning,1,117,0.1,2.0,1.0,5.0,10.0,0.7,indicator
0.12208865514650638,4981.0,0,1286.4,1288.0,S1,qlearning,1,118,0.1,2.0,1.0,5.0,10.0,0.7,indicator
0.16366612111292964,4455.0,0,1259.0,1260.0,S1,qlearning,1,119,0.1,2.0,1.0,5.0,10.0,0.7,indicator
0.13157894736842105,4881.0,0,1313.2,1342.0,S1,qlearning,1,120,0.1,2.0,1.0,5.0,10.0,0.7,indicator
0.1603960396039604,4677.0,3,1388.6,1418.0,S1,qlearning,1,121,0.1,2.0,1.0,5.0,10.0,0.7,indicator
0.11908871246116673,5426.0,0,1543.0,1595.0,S1,qlearning,1,122,0.1,2.0,1.0,5.0,10.0,0.7,indicator
0.12406015037593984,4967.0,0,1230.8,1239.0,S1,qlearning,1,123,0.1,2.0,1.0,5.0,10.0,0.7,indicator
0.13664357197844496,4853.4,1,1199.6,1217.0,S1,qlearning,1,124,0.1,2.0,1.0,5.0,10.0,0.7,indicator
0.15434314429289303,5144.0,2,1383.0,1391.0,S1,qlearning,1,125,0.1,2.0,1.0,5.0,10.0,0.7,indicator
0.11246312684365782,5111.0,2,1394.0,1464.0,S1,qlearning,1,126,0.1,2.0,1.0,5.0,10.0,0.7,indicator
0.11164548265200962,5509.0,2,1729.3999999999999,1811.0,S1,qlearning,1,127,0.1,2.0,1.0,5.0,10.0,0.7,indicator
0.11758860549850944,5690.0,2,1609.2,1638.0,S1,qlearning,1,128,0.1,2.0,1.0,5.0,10.0,0.7,indicator
0.11514441842310695,4821.0,0,1310.2,1350.0,S1,qlearning,1,129,0.1,2.0,1.0,5.0,10.0,0.7,indicator
0.1109936575052854,5353.0,0,1477.3999999999999,1512.0,S1,qlearning,1,130,0.1,2.0,1.0,5.0,10.0,0.7,indicator
0.12135126270908494,5685.0,0,1505.6,1507.0,S1,qlearning,1,131,0.1,2.0,1.0,5.0,10.0,0.7,indicator
0.10577267837934744,5250.0,0,1361.4,1389.0,S1,qlearning,1,132,0.1,2.0,1.0,5.0,10.0,0.7,indicator
0.103125,6157.0,6,1665.3999999999999,1735.0,S1,qlearning,1,133,0.1,2.0,1.0,5.0,10.0,0.7,indicator
0.08078088185796028,5704.0,1,1597.0,1655.0,S1,qlearning,1,134,0.1,2.0,1.0,5.0,10.0,0.7,indicator
0.15212527964205816,4162.0,3,1136.8,1185.0,S1,qlearning,1,135,0.1,2.0,1.0,5.0,10.0,0.7,indicator
0.12476722532588454,5007.8,0,1367.6,1378.0,S1,qlearning,1,136,0.1,2.0,1.0,5.0,10.0,0.7,indicator
0.11496350364963503,5132.0,0,1364.8,1385.0,S1,qlearning,1,137,0.1,2.0,1.0,5.0,10.0,0.7,indicator
0.09885535900104059,5513.0,3,1487.3999999999999,1531.0,S1,qlearning,1,138,0.1,2.0,1.0,5.0,10.0,0.7,indicator
0.09688581314878893,5587.0,7,1331.2,1346.0,S1,qlearning,1,139,0.1,2.0,1.0,5.0,10.0,0.7,indicator
0.12338858195211787,5097.0,1,1423.6,1499.0,S1,qlearning,1,140,0.1,2.0,1.0,5.0,10.0,0.7,indicator
0.08993373303881351,6045.0,1,1504.0,1506.0,S1,qlearning,1,141,0.1,2.0,1.0,5.0,10.0,0.7,indicator
0.11327433628318584,5297.0,0,1279.0,1283.0,S1,qlearning,1,142,0.1,2.0,1.0,5.0,10.0,0.7,indicator
0.10756543564001435,5430.0,11,1472.2,1474.0,S1,qlearning,1,143,0.1,2.0,1.0,5.0,10.0,0.7,indicator
0.14368861404146963,5065.0,0,1541.3999999999999,1572.0,S1,qlearning,1,144,0.1,2.0,1.0,5.0,10.0,0.7,indicator
0.12165867032213845,5443.0,0,1453.6,1476.0,S1,qlearning,1,145,0.1,2.0,1.0,5.0,10.0,0.7,indicator
0.12148823082763857,4915.0,0,1558.2,1577.0,S1,qlearning,1,146,0.1,2.0,1.0,5.0,10.0,0.7,indicator
0.13221153846153846,4654.0,1,1423.3999999999999,1493.0,S1,qlearning,1,147,0.1,2.0,1.0,5.0,10.0,0.7,indicator
0.1053484602917342,5847.0,2,1528.0,1554.0,S1,qlearning,1,148,0.1,2.0,1.0,5.0,10.0,0.7,indicator
0.10307536329841163,5581.2,0,1571.8,1580.0,S1,qlearning,1,149,0.1,2.0,1.0,5.0,10.0,0.7,indicator
0.11049723756906077,5539.0,5,1562.2,1587.0,S1,qlearning,1,150,0.1,2.0,1.0,5.0,10.0,0.7,indicator
0.13148148148148148,5092.0,4,1381.3999999999999,1413.0,S1,qlearning,1,151,0.1,2.0,1.0,5.0,10.0,0.7,indicator
0.14548802946593,5037.0,0,1400.0,1402.0,S1,qlearning,1,152,0.1,2.0,1.0,5.0,10.0,0.7,indicator
0.11103400416377515,5416.0,0,1573.3999999999999,1644.0,S1,qlearning,1,153,0.1,2.0,1.0,5.0,10.0,0.7,indicator
0.10539046302695232,5465.0,1,1649.1999999999998,1760.0,S1,qlearning,1,154,0.1,2.0,1.0,5.0,10.0,0.7,indicator
0.08669609079445145,6076.0,1,1662.6,1727.0,S1,qlearning,1,155,0.1,2.0,1.0,5.0,10.0,0.7,indicator
0.11908871246116673,5406.0,0,1489.4,1514.0,S1,qlearning,1,156,0.1,2.0,1.0,5.0,10.0,0.7,indicator
0.10135135135135136,5436.0,7,1393.8,1400.0,S1,qlearning,1,157,0.1,2.0,1.0,5.0,10.0,0.7,indicator
0.11019283746556474,5485.0,0,1556.4,1580.0,S1,qlearning,1,158,0.1,2.0,1.0,5.0,10.0,0.7,indicator
0.10701754385964912,5427.0,3,1598.2,1600.0,S1,qlearning,1,159,0.1,2.0,1.0,5.0,10.0,0.7,indicator
0.1436388508891929,5410.0,1,1480.3999999999999,1529.0,S1,qlearning,1,160,0.1,2.0,1.0,5.0,10.0,0.7,indicator
0.11709977542508823,5871.0,3,1536.8,1572.0,S1,qlearning,1,161,0.1,2.0,1.0,5.0,10.0,0.7,indicator
0.1014760147601476,5112.0,0,1519.0,1555.0,S1,qlearning,1,162,0.1,2.0,1.0,5.0,10.0,0.7,indicator
0.13829787234042554,5207.0,0,1414.0,1437.0,S1,qlearning,1,163,0.1,2.0,1.0,5.0,10.0,0.7,indicator
0.13372093023255813,4812.0,0,1269.2,1309.0,S1,qlearning,1,164,0.1,2.0,1.0,5.0,10.0,0.7,indicator
0.08008008008008008,5736.0,0,1541.3999999999999,1576.0,S1,qlearning,1,165,0.1,2.0,1.0,5.0,10.0,0.7,indicator
0.12368133866860677,5185.0,3,1581.8,1660.0,S1,qlearning,1,166,0.1,2.0,1.0,5.0,10.0,0.7,indicator
0.0925589836660617,5237.0,1,1376.4,1403.0,S1,qlearning,1,167,0.1,2.0,1.0,5.0,10.0,0.7,indicator
0.11304062909567497,5761.0,1,1591.2,1600.0,S1,qlearning,1,168,0.1,2.0,1.0,5.0,10.0,0.7,indicator
0.11696869851729819,5702.0,0,1402.8,1414.0,S1,qlearning,1,169,0.1,2.0,1.0,5.0,10.0,0.7,indicator
0.11860637509266123,5043.0,0,1509.2,1550.0,S1,qlearning,1,170,0.1,2.0,1.0,5.0,10.0,0.7,indicator
0.10441226002020883,5640.0,3,1480.3999999999999,1518.0,S1,qlearning,1,171,0.1,2.0,1.0,5.0,10.0,0.7,indicator
0.13383939272872553,4668.0,0,1235.3999999999999,1273.0,S1,qlearning,1,172,0.1,2.0,1.0,5.0,10.0,0.7,indicator
0.11513714866237724,5573.0,1,1297.6,1301.0,S1,qlearning,1,173,0.1,2.0,1.0,5.0,10.0,0.7,indicator
0.1146288209606987,5148.0,0,1480.0,1486.0,S1,qlearning,1,174,0.1,2.0,1.0,5.0,10.0,0.7,indicator
0.15184381778741865,5069.0,0,1469.0,1505.0,S1,qlearning,1,175,0.1,2.0,1.0,5.0,10.0,0.7,indicator
0.1351832088224831,5264.0,1,1463.0,1475.0,S1,qlearning,1,176,0.1,2.0,1.0,5.0,10.0,0.7,indicator
0.08353221957040573,5608.0,1,1458.2,1468.0,S1,qlearning,1,177,0.1,2.0,1.0,5.0,10.0,0.7,indicator
0.12741046831955924,5425.0,0,1532.8,1569.0,S1,qlearning,1,178,0.1,2.0,1.0,5.0,10.0,0.7,indicator
0.13196480938416422,5103.0,3,1653.6,1732.0,S1,qlearning,1,179,0.1,2.0,1.0,5.0,10.0,0.7,indicator
0.0979381443298969,5522.0,2,1475.4,1492.0,S1,qlearning,1,180,0.1,2.0,1.0,5.0,10.0,0.7,indicator
0.10367097212780421,5571.0,1,1570.2,1597.0,S1,qlearning,1,181,0.1,2.0,1.0,5.0,10.0,0.7,indicator
0.13049696102967465,5211.0,0,1452.6,1513.0,S1,qlearning,1,182,0.1,2.0,1.0,5.0,10.0,0.7,indicator
0.1295601772928742,5483.0,0,1349.8,1350.0,S1,qlearning,1,183,0.1,2.0,1.0,5.0,10.0,0.7,indicator
0.12238382405108195,5260.0,0,1325.8,1331.0,S1,qlearning,1,184,0.1,2.0,1.0,5.0,10.0,0.7,indicator
0.14992503748125938,4973.0,4,1464.0,1470.0,S1,qlearning,1,185,0.1,2.0,1.0,5.0,10.0,0.7,indicator
0.1076158940397351,5717.0,2,1828.3999999999999,1895.0,S1,qlearning,1,186,0.1,2.0,1.0,5.0,10.0,0.7,indicator
0.12170037709976003,5486.0,1,1381.4,1396.0,S1,qlearning,1,187,0.1,2.0,1.0,5.0,10.0,0.7,indicator
0.09525588345162496,5136.0,5,1376.4,1404.0,S1,qlearning,1,188,0.1,2.0,1.0,5.0,10.0,0.7,indicator
0.11527377521613832,5224.0,0,1437.6,1478.0,S1,qlearning,1,189,0.1,2.0,1.0,5.0,10.0,0.7,indicator
0.12666112956810632,4473.0,0,1226.2,1257.0,S1,qlearning,1,190,0.1,2.0,1.0,5.0,10.0,0.7,indicator
0.10620915032679738,5767.0,0,1577.8,1614.0,S1,qlearning,1,191,0.1,2.0,1.0,5.0,10.0,0.7,indicator
0.11607142857142858,5357.0,6,1603.0,1671.0,S1,qlearning,1,192,0.1,2.0,1.0,5.0,10.0,0.7,indicator
0.07800063673989176,5994.0,0,1452.0,1459.0,S1,qlearning,1,193,0.1,2.0,1.0,5.0,10.0,0.7,indicator
0.11715933669790915,5185.0,0,1337.4,1345.0,S1,qlearning,1,194,0.1,2.0,1.0,5.0,10.0,0.7,indicator
0.1260043827611395,5168.0,4,1384.4,1411.0,S1,qlearning,1,195,0.1,2.0,1.0,5.0,10.0,0.7,indicator
0.09933774834437085,5183.0,3,1456.2,1463.0,S1,qlearning,1,196,0.1,2.0,1.0,5.0,10.0,0.7,indicator
0.1308485329103886,4691.0,0,1369.3999999999999,1427.0,S1,qlearning,1,197,0.1,2.0,1.0,5.0,10.0,0.7,indicator
0.09641407307171854,5649.0,2,1534.8,1592.0,S1,qlearning,1,198,0.1,2.0,1.0,5.0,10.0,0.7,indicator
0.12277161116717121,5558.0,0,1457.4,1464.0,S1,qlearning,1,199,0.1,2.0,1.0,5.0,10.0,0.7,indicator
0.09218907140462622,5693.0,0,1371.6,1373.0,S1,qlearning,1,200,0.1,2.0,1.0,5.0,10.0,0.7,indicator
0.11573236889692586,5207.0,1,1197.4,1199.0,S1,qlearning,1,201,0.1,2.0,1.0,5.0,10.0,0.7,indicator
0.13591117917304749,4856.0,2,1384.2,1385.0,S1,qlearning,1,202,0.1,2.0,1.0,5.0,10.0,0.7,indicator
0.1157580283793876,5023.0,0,1414.0,1440.0,S1,qlearning,1,203,0.1,2.0,1.0,5.0,10.0,0.7,indicator
0.13883677298311445,5032.0,5,1329.2,1333.0,S1,qlearning,1,204,0.1,2.0,1.0,5.0,10.0,0.7,indicator
0.15009746588693956,4732.0,2,1328.3999999999999,1362.0,S1,qlearning,1,205,0.1,2.0,1.0,5.0,10.0,0.7,indicator
0.13084438241451501,5319.0,0,1347.4,1348.0,S1,qlearning,1,206,0.1,2.0,1.0,5.0,10.0,0.7,indicator
0.12514439738159414,4836.0,0,1460.0,1476.0,S1,qlearning,1,207,0.1,2.0,1.0,5.0,10.0,0.7,indicator
0.10325911584382058,5850.0,1,1537.2,1564.0,S1,qlearning,1,208,0.1,2.0,1.0,5.0,10.0,0.7,indicator
0.1255589955280358,5471.0,4,1523.6,1535.0,S1,qlearning,1,209,0.1,2.0,1.0,5.0,10.0,0.7,indicator
0.11018237082066869,4986.3,1,1433.6,1483.0,S1,qlearning,1,210,0.1,2.0,1.0,5.0,10.0,0.7,indicator
0.115,5732.0,4,1614.2,1650.0,S1,qlearning,1,211,0.1,2.0,1.0,5.0,10.0,0.7,indicator
0.16473569876900795,5066.0,2,1504.0,1547.0,S1,qlearning,1,212,0.1,2.0,1.0,5.0,10.0,0.7,indicator
0.14672686230248308,4903.7,0,1384.36,1445.7,S1,qlearning,1,213,0.1,2.0,1.0,5.0,10.0,0.7,indicator
0.11852662290299051,5226.0,4,1429.0,1469.0,S1,qlearning,1,214,0.1,2.0,1.0,5.0,10.0,0.7,indicator
0.10642135642135642,5241.0,0,1459.0,1513.0,S1,qlearning,1,215,0.1,2.0,1.0,5.0,10.0,0.7,indicator
0.12017479970866715,5169.7,0,1387.3999999999999,1426.0,S1,qlearning,1,216,0.1,2.0,1.0,5.0,10.0,0.7,indicator
0.11402686660418619,6014.0,0,1691.3999999999999,1745.0,S1,qlearning,1,217,0.1,2.0,1.0,5.0,10.0,0.7,indicator
0.12894534257120863,4873.7,2,1378.68,1431.0,S1,qlearning,1,218,0.1,2.0,1.0,5.0,10.0,0.7,indicator
0.1298219584569733,5044.0,2,1264.0,1283.0,S1,qlearning,1,219,0.1,2.0,1.0,5.0,10.0,0.7,indicator
0.09863945578231292,5547.0,0,1531.6,1572.0,S1,qlearning,1,220,0.1,2.0,1.0,5.0,10.0,0.7,indicator
0.11336310546204054,5469.0,0,1538.0,1572.0,S1,qlearning,1,221,0.1,2.0,1.0,5.0,10.0,0.7,indicator
0.1360544217687075,4889.0,0,1459.8,1541.0,S1,qlearning,1,222,0.1,2.0,1.0,5.0,10.0,0.7,indicator
0.11996001332889036,5619.0,0,1468.2,1472.0,S1,qlearning,1,223,0.1,2.0,1.0,5.0,10.0,0.7,indicator
0.11148648648648649,5592.0,3,1810.8,1934.0,S1,qlearning,1,224,0.1,2.0,1.0,5.0,10.0,0.7,indicator
0.13414185961043734,5109.0,4,1468.2,1492.0,S1,qlearning,1,225,0.1,2.0,1.0,5.0,10.0,0.7,indicator
0.13999243284146803,4948.0,4,1509.8,1581.0,S1,qlearning,1,226,0.1,2.0,1.0,5.0,10.0,0.7,indicator
0.1362559241706161,4711.5,2,1255.3,1293.0,S1,qlearning,1,227,0.1,2.0,1.0,5.0,10.0,0.7,indicator
0.12203389830508475,5587.0,6,1453.0,1460.0,S1,qlearning,1,228,0.1,2.0,1.0,5.0,10.0,0.7,indicator
0.11519944979367262,5488.4,2,1522.4,1540.0,S1,qlearning,1,229,0.1,2.0,1.0,5.0,10.0,0.7,indicator
0.1443001443001443,5101.0,0,1416.8,1427.0,S1,qlearning,1,230,0.1,2.0,1.0,5.0,10.0,0.7,indicator
0.10999254287844892,5061.0,1,1348.0,1354.0,S1,qlearning,1,231,0.1,2.0,1.0,5.0,10.0,0.7,indicator
0.10826416456153014,5254.0,3,1382.6,1384.0,S1,qlearning,1,232,0.1,2.0,1.0,5.0,10.0,0.7,indicator
0.11162296243798725,5286.0,0,1452.8,1476.0,S1,qlearning,1,233,0.1,2.0,1.0,5.0,10.0,0.7,indicator
0.12938372488934285,5481.0,0,1396.8,1412.0,S1,qlearning,1,234,0.1,2.0,1.0,5.0,10.0,0.7,indicator
0.13070539419087138,4502.0,1,1238.6,1279.0,S1,qlearning,1,235,0.1,2.0,1.0,5.0,10.0,0.7,indicator
0.10645375914836992,5719.0,3,1557.0,1582.0,S1,qlearning,1,236,0.1,2.0,1.0,5.0,10.0,0.7,indicator
0.1039222259470332,5628.0,0,1460.2,1471.0,S1,qlearning,1,237,0.1,2.0,1.0,5.0,10.0,0.7,indicator
0.12128072445019406,5861.0,4,1639.3999999999999,1726.0,S1,qlearning,1,238,0.1,2.0,1.0,5.0,10.0,0.7,indicator
0.11690046760187041,5635.0,1,1535.8,1570.0,S1,qlearning,1,239,0.1,2.0,1.0,5.0,10.0,0.7,indicator
0.10771369006254343,5418.0,1,1574.3999999999999,1663.0,S1,qlearning,1,240,0.1,2.0,1.0,5.0,10.0,0.7,indicator
0.13771996939556236,4875.0,3,1255.6,1259.0,S1,qlearning,1,241,0.1,2.0,1.0,5.0,10.0,0.7,indicator
0.125,5297.0,0,1467.3999999999999,1508.0,S1,qlearning,1,242,0.1,2.0,1.0,5.0,10.0,0.7,indicator
0.1505016722408027,4954.0,1,1351.0,1370.0,S1,qlearning,1,243,0.1,2.0,1.0,5.0,10.0,0.7,indicator
0.10833022039596563,5026.0,0,1427.6,1458.0,S1,qlearning,1,244,0.1,2.0,1.0,5.0,10.0,0.7,indicator
0.12972148035101105,4924.0,3,1460.8,1519.0,S1,qlearning,1,245,0.1,2.0,1.0,5.0,10.0,0.7,indicator
0.12726638772663879,5343.0,1,1441.6,1494.0,S1,qlearning,1,246,0.1,2.0,1.0,5.0,10.0,0.7,indicator
0.1336996336996337,5077.0,1,1377.6,1396.0,S1,qlearning,1,247,0.1,2.0,1.0,5.0,10.0,0.7,indicator
0.11928763440860216,5554.0,0,1318.8,1331.0,S1,qlearning,1,248,0.1,2.0,1.0,5.0,10.0,0.7,indicator
0.12168543407192153,5148.0,0,1410.4,1415.0,S1,qlearning,1,249,0.1,2.0,1.0,5.0,10.0,0.7,indicator
0.1093210586881473,4966.0,3,1353.8,1426.0,S1,qlearning,1,250,0.1,2.0,1.0,5.0,10.0,0.7,indicator
0.11071428571428571,5282.0,0,1274.6,1282.0,S1,qlearning,1,251,0.1,2.0,1.0,5.0,10.0,0.7,indicator
0.10989010989010989,5339.0,2,1560.3999999999999,1603.0,S1,qlearning,1,252,0.1,2.0,1.0,5.0,10.0,0.7,indicator
0.11714589989350373,5281.0,0,1415.4,1431.0,S1,qlearning,1,253,0.1,2.0,1.0,5.0,10.0,0.7,indicator
0.14925373134328357,5111.0,2,1275.4,1288.0,S1,qlearning,1,254,0.1,2.0,1.0,5.0,10.0,0.7,indicator
0.10857563489142437,5131.0,2,1414.4,1435.0,S1,qlearning,1,255,0.1,2.0,1.0,5.0,10.0,0.7,indicator
0.11131386861313869,5212.0,4,1435.2,1466.0,S1,qlearning,1,256,0.1,2.0,1.0,5.0,10.0,0.7,indicator
0.12096774193548387,4880.0,1,1439.0,1467.0,S1,qlearning,1,257,0.1,2.0,1.0,5.0,10.0,0.7,indicator
0.10996807378503015,5350.0,2,1486.8,1528.0,S1,qlearning,1,258,0.1,2.0,1.0,5.0,10.0,0.7,indicator
0.09018036072144289,5675.0,0,1663.0,1752.0,S1,qlearning,1,259,0.1,2.0,1.0,5.0,10.0,0.7,indicator
0.09392265193370165,5192.0,1,1357.6,1386.0,S1,qlearning,1,260,0.1,2.0,1.0,5.0,10.0,0.7,indicator
0.09936005389019872,5630.0,1,1601.0,1612.0,S1,qlearning,1,261,0.1,2.0,1.0,5.0,10.0,0.7,indicator
0.10521042084168336,5635.0,0,1509.4,1529.0,S1,qlearning,1,262,0.1,2.0,1.0,5.0,10.0,0.7,indicator
0.10496850944716585,5463.0,5,1544.0,1601.0,S1,qlearning,1,263,0.1,2.0,1.0,5.0,10.0,0.7,indicator
0.0932475884244373,5919.0,0,1572.8,1591.0,S1,qlearning,1,264,0.1,2.0,1.0,5.0,10.0,0.7,indicator
0.09747523170341962,5965.0,2,1541.4,1543.0,S1,qlearning,1,265,0.1,2.0,1.0,5.0,10.0,0.7,indicator
0.09674134419551934,5564.0,0,1613.6,1664.0,S1,qlearning,1,266,0.1,2.0,1.0,5.0,10.0,0.7,indicator
0.13425393172228614,4861.0,1,1253.6,1273.0,S1,qlearning,1,267,0.1,2.0,1.0,5.0,10.0,0.7,indicator
0.1256887052341598,5415.0,0,1404.4,1408.0,S1,qlearning,1,268,0.1,2.0,1.0,5.0,10.0,0.7,indicator
0.10139860139860139,5392.0,0,1610.8,1696.0,S1,qlearning,1,269,0.1,2.0,1.0,5.0,10.0,0.7,indicator
0.12746234067207415,4880.1,4,1339.3999999999999,1370.0,S1,qlearning,1,270,0.1,2.0,1.0,5.0,10.0,0.7,indicator
0.11177581863979849,5954.0,0,1570.4,1594.0,S1,qlearning,1,271,0.1,2.0,1.0,5.0,10.0,0.7,indicator
0.12408248864033555,5339.0,0,1391.6,1420.0,S1,qlearning,1,272,0.1,2.0,1.0,5.0,10.0,0.7,indicator
0.11922503725782414,5010.0,0,1270.4,1277.0,S1,qlearning,1,273,0.1,2.0,1.0,5.0,10.0,0.7,indicator
0.1023541453428864,5589.0,2,1428.6,1437.0,S1,qlearning,1,274,0.1,2.0,1.0,5.0,10.0,0.7,indicator
0.12186115214180207,5088.0,0,1373.8,1410.0,S1,qlearning,1,275,0.1,2.0,1.0,5.0,10.0,0.7,indicator
0.12017479970866715,5134.0,0,1411.0,1446.0,S1,qlearning,1,276,0.1,2.0,1.0,5.0,10.0,0.7,indicator
0.11137162954279015,4805.0,0,1346.2,1401.0,S1,qlearning,1,277,0.1,2.0,1.0,5.0,10.0,0.7,indicator
0.14452027298273787,4594.0,1,1436.0,1510.0,S1,qlearning,1,278,0.1,2.0,1.0,5.0,10.0,0.7,indicator
0.09695290858725762,5483.0,1,1542.6,1596.0,S1,qlearning,1,279,0.1,2.0,1.0,5.0,10.0,0.7,indicator
0.12841091492776885,5787.0,0,1607.0,1640.0,S1,qlearning,1,280,0.1,2.0,1.0,5.0,10.0,0.7,indicator
0.0865561694290976,5197.0,3,1403.4,1411.0,S1,qlearning,1,281,0.1,2.0,1.0,5.0,10.0,0.7,indicator
0.11098981077147016,5188.0,0,1470.2,1473.0,S1,qlearning,1,282,0.1,2.0,1.0,5.0,10.0,0.7,indicator
0.09576768612913192,6151.0,1,1595.3999999999999,1637.0,S1,qlearning,1,283,0.1,2.0,1.0,5.0,10.0,0.7,indicator
0.12433392539964476,5257.0,0,1514.8,1576.0,S1,qlearning,1,284,0.1,2.0,1.0,5.0,10.0,0.7,indicator
0.11128284389489954,6147.0,4,1795.2,1800.0,S1,qlearning,1,285,0.1,2.0,1.0,5.0,10.0,0.7,indicator
0.13591573224600748,5444.1,0,1542.6,1551.0,S1,qlearning,1,286,0.1,2.0,1.0,5.0,10.0,0.7,indicator
0.14431538190777896,5269.0,1,1294.4,1301.0,S1,qlearning,1,287,0.1,2.0,1.0,5.0,10.0,0.7,indicator
0.10236498411577832,5393.0,3,1301.4,1304.0,S1,qlearning,1,288,0.1,2.0,1.0,5.0,10.0,0.7,indicator
0.09386973180076628,4957.0,0,1411.4,1422.0,S1,qlearning,1,289,0.1,2.0,1.0,5.0,10.0,0.7,indicator
0.12448132780082988,4984.4,2,1436.1999999999998,1509.0,S1,qlearning,1,290,0.1,2.0,1.0,5.0,10.0,0.7,indicator
0.11461318051575932,5271.0,1,1375.6,1386.0,S1,qlearning,1,291,0.1,2.0,1.0,5.0,10.0,0.7,indicator
0.11925640126271483,5374.0,3,1538.6,1614.0,S1,qlearning,1,292,0.1,2.0,1.0,5.0,10.0,0.7,indicator
0.11494252873563218,5558.0,0,1658.8,1751.0,S1,qlearning,1,293,0.1,2.0,1.0,5.0,10.0,0.7,indicator
0.13496932515337423,4607.0,1,1176.2,1183.0,S1,qlearning,1,294,0.1,2.0,1.0,5.0,10.0,0.7,indicator
0.1026830076184167,5750.0,1,1728.3999999999999,1790.0,S1,qlearning,1,295,0.1,2.0,1.0,5.0,10.0,0.7,indicator
0.1119942196531792,5198.0,0,1432.0,1479.0,S1,qlearning,1,296,0.1,2.0,1.0,5.0,10.0,0.7,indicator
0.14769594328475777,4700.0,0,1323.4,1328.0,S1,qlearning,1,297,0.1,2.0,1.0,5.0,10.0,0.7,indicator
0.1421239636794315,4663.0,0,1329.2,1396.0,S1,qlearning,1,298,0.1,2.0,1.0,5.0,10.0,0.7,indicator
0.12707875745214936,5971.0,1,1727.8,1804.0,S1,qlearning,1,299,0.1,2.0,1.0,5.0,10.0,0.7,indicator
0.1463917525773196,4472.0,1,1206.0,1215.0,S1,qlearning,1,300,0.1,2.0,1.0,5.0,10.0,0.7,indicator
0.1253858024691358,4826.0,0,1317.8,1323.0,S1,qlearning,1,301,0.1,2.0,1.0,5.0,10.0,0.7,indicator
0.11383849163998577,5294.0,1,1478.6,1506.0,S1,qlearning,1,302,0.1,2.0,1.0,5.0,10.0,0.7,indicator
0.11775043936731107,5347.0,0,1426.0,1462.0,S1,qlearning,1,303,0.1,2.0,1.0,5.0,10.0,0.7,indicator
0.1143317230273752,5832.0,0,1443.4,1445.0,S1,qlearning,1,304,0.1,2.0,1.0,5.0,10.0,0.7,indicator
0.1156368657231619,5611.0,10,1520.3999999999999,1568.0,S1,qlearning,1,305,0.1,2.0,1.0,5.0,10.0,0.7,indicator
0.13657056145675264,4884.0,1,1554.0,1610.0,S1,qlearning,1,306,0.1,2.0,1.0,5.0,10.0,0.7,indicator
0.14055472263868066,4923.0,0,1172.4,1187.0,S1,qlearning,1,307,0.1,2.0,1.0,5.0,10.0,0.7,indicator
0.11071428571428571,5262.0,0,1365.0,1369.0,S1,qlearning,1,308,0.1,2.0,1.0,5.0,10.0,0.7,indicator
0.13445679455001794,5215.0,2,1486.3999999999999,1536.0,S1,qlearning,1,309,0.1,2.0,1.0,5.0,10.0,0.7,indicator
0.12312427856868026,4855.0,0,1309.0,1335.0,S1,qlearning,1,310,0.1,2.0,1.0,5.0,10.0,0.7,indicator
0.13654618473895583,4617.0,0,1196.0,1208.0,S1,qlearning,1,311,0.1,2.0,1.0,5.0,10.0,0.7,indicator
0.10545698024774021,5666.0,1,1467.4,1485.0,S1,qlearning,1,312,0.1,2.0,1.0,5.0,10.0,0.7,indicator
0.12495834721759413,5589.0,0,1673.6,1728.0,S1,qlearning,1,313,0.1,2.0,1.0,5.0,10.0,0.7,indicator
0.08798140770252325,5786.0,3,1732.6,1745.0,S1,qlearning,1,314,0.1,2.0,1.0,5.0,10.0,0.7,indicator
0.12975471027372912,5378.0,8,1613.8,1660.0,S1,qlearning,1,315,0.1,2.0,1.0,5.0,10.0,0.7,indicator
0.10549982704946385,5459.0,0,1387.2,1397.0,S1,qlearning,1,316,0.1,2.0,1.0,5.0,10.0,0.7,indicator
0.13368983957219252,5626.0,4,1458.6,1486.0,S1,qlearning,1,317,0.1,2.0,1.0,5.0,10.0,0.7,indicator
0.09188626907073509,5480.0,0,1472.6,1518.0,S1,qlearning,1,318,0.1,2.0,1.0,5.0,10.0,0.7,indicator
0.11302294197031039,5550.4,0,1607.2,1637.0,S1,qlearning,1,319,0.1,2.0,1.0,5.0,10.0,0.7,indicator
0.11709192590003495,5349.0,0,1441.2,1476.0,S1,qlearning,1,320,0.1,2.0,1.0,5.0,10.0,0.7,indicator
0.12829779544633177,5166.0,0,1309.4,1323.0,S1,qlearning,1,321,0.1,2.0,1.0,5.0,10.0,0.7,indicator
0.13157894736842105,4967.0,1,1303.6,1310.0,S1,qlearning,1,322,0.1,2.0,1.0,5.0,10.0,0.7,indicator
0.11416339636104174,5298.0,2,1433.6,1454.0,S1,qlearning,1,323,0.1,2.0,1.0,5.0,10.0,0.7,indicator
0.14619883040935672,5074.0,1,1398.2,1436.0,S1,qlearning,1,324,0.1,2.0,1.0,5.0,10.0,0.7,indicator
0.12647262647262647,5399.0,2,1457.6,1489.0,S1,qlearning,1,325,0.1,2.0,1.0,5.0,10.0,0.7,indicator
0.15782828282828282,4374.0,0,1303.0,1345.0,S1,qlearning,1,326,0.1,2.0,1.0,5.0,10.0,0.7,indicator
0.121166224914805,4924.0,0,1301.4,1310.0,S1,qlearning,1,327,0.1,2.0,1.0,5.0,10.0,0.7,indicator
0.11712022046159146,5508.0,4,1467.8,1512.0,S1,qlearning,1,328,0.1,2.0,1.0,5.0,10.0,0.7,indicator
0.11778764083304882,5470.0,0,1680.0,1770.0,S1,qlearning,1,329,0.1,2.0,1.0,5.0,10.0,0.7,indicator
0.12018313620755437,4894.0,0,1295.4,1313.0,S1,qlearning,1,330,0.1,2.0,1.0,5.0,10.0,0.7,indicator
0.1256931608133087,5097.0,3,1411.8,1441.0,S1,qlearning,1,331,0.1,2.0,1.0,5.0,10.0,0.7,indicator
0.10049423393739704,5747.0,0,1550.8,1577.0,S1,qlearning,1,332,0.1,2.0,1.0,5.0,10.0,0.7,indicator
0.12520525451559936,4575.1,0,1329.2,1357.0,S1,qlearning,1,333,0.1,2.0,1.0,5.0,10.0,0.7,indicator
0.12707377338510412,5323.0,4,1549.6,1633.0,S1,qlearning,1,334,0.1,2.0,1.0,5.0,10.0,0.7,indicator
0.10983763132760267,5904.0,0,1775.4,1779.0,S1,qlearning,1,335,0.1,2.0,1.0,5.0,10.0,0.7,indicator
0.1340847260007773,4808.0,0,1254.8,1267.0,S1,qlearning,1,336,0.1,2.0,1.0,5.0,10.0,0.7,indicator
0.12570356472795496,4972.0,1,1505.0,1550.0,S1,qlearning,1,337,0.1,2.0,1.0,5.0,10.0,0.7,indicator
0.11070110701107011,5639.0,2,1519.8,1530.0,S1,qlearning,1,338,0.1,2.0,1.0,5.0,10.0,0.7,indicator
0.12001477104874446,5083.0,1,1564.8,1653.0,S1,qlearning,1,339,0.1,2.0,1.0,5.0,10.0,0.7,indicator
0.10011333585190782,5006.0,0,1328.0,1349.0,S1,qlearning,1,340,0.1,2.0,1.0,5.0,10.0,0.7,indicator
0.12824956672443674,5417.0,2,1507.1999999999998,1578.0,S1,qlearning,1,341,0.1,2.0,1.0,5.0,10.0,0.7,indicator
0.10294639687610933,5321.0,0,1439.0,1485.0,S1,qlearning,1,342,0.1,2.0,1.0,5.0,10.0,0.7,indicator
0.13059701492537312,4992.0,0,1479.6,1515.0,S1,qlearning,1,343,0.1,2.0,1.0,5.0,10.0,0.7,indicator
0.12407407407407407,5037.0,0,1369.0,1422.0,S1,qlearning,1,344,0.1,2.0,1.0,5.0,10.0,0.7,indicator
0.1499819298879653,5086.0,0,1585.3999999999999,1665.0,S1,qlearning,1,345,0.1,2.0,1.0,5.0,10.0,0.7,indicator
0.14958863126402394,4905.0,0,1333.6,1355.0,S1,qlearning,1,346,0.1,2.0,1.0,5.0,10.0,0.7,indicator
0.12944983818770225,5204.9,1,1460.0,1463.0,S1,qlearning,1,347,0.1,2.0,1.0,5.0,10.0,0.7,indicator
0.10058966354491848,5473.0,1,1534.2,1544.0,S1,qlearning,1,348,0.1,2.0,1.0,5.0,10.0,0.7,indicator
0.15613099771515612,4860.5,3,1352.4,1355.0,S1,qlearning,1,349,0.1,2.0,1.0,5.0,10.0,0.7,indicator
0.14157973174366617,5005.0,2,1255.4,1276.0,S1,qlearning,1,350,0.1,2.0,1.0,5.0,10.0,0.7,indicator
0.1347414420975965,5159.0,3,1334.0,1364.0,S1,qlearning,1,351,0.1,2.0,1.0,5.0,10.0,0.7,indicator
0.117096018735363,5595.0,0,1487.2,1512.0,S1,qlearning,1,352,0.1,2.0,1.0,5.0,10.0,0.7,indicator
0.1278906797477225,5360.0,2,1301.2,1312.0,S1,qlearning,1,353,0.1,2.0,1.0,5.0,10.0,0.7,indicator
0.08062015503875969,6172.0,0,1635.4,1636.0,S1,qlearning,1,354,0.1,2.0,1.0,5.0,10.0,0.7,indicator
0.13157894736842105,4572.0,0,1224.6,1240.0,S1,qlearning,1,355,0.1,2.0,1.0,5.0,10.0,0.7,indicator
0.1266713581984518,5291.0,0,1538.2,1586.0,S1,qlearning,1,356,0.1,2.0,1.0,5.0,10.0,0.7,indicator
0.10902381751090238,5609.0,0,1508.2,1520.0,S1,qlearning,1,357,0.1,2.0,1.0,5.0,10.0,0.7,indicator
0.10068259385665529,5577.0,2,1362.0,1364.0,S1,qlearning,1,358,0.1,2.0,1.0,5.0,10.0,0.7,indicator
0.11467889908256881,5355.0,2,1332.6,1335.0,S1,qlearning,1,359,0.1,2.0,1.0,5.0,10.0,0.7,indicator
0.12369540007730963,4846.0,0,1171.2,1172.0,S1,qlearning,1,360,0.1,2.0,1.0,5.0,10.0,0.7,indicator
0.09537784299339692,5259.0,6,1629.8,1749.0,S1,qlearning,1,361,0.1,2.0,1.0,5.0,10.0,0.7,indicator
0.10107816711590296,5633.0,2,1657.6,1729.0,S1,qlearning,1,362,0.1,2.0,1.0,5.0,10.0,0.7,indicator
0.1494345718901454,4574.0,2,1150.4,1162.0,S1,qlearning,1,363,0.1,2.0,1.0,5.0,10.0,0.7,indicator
0.1040582726326743,5468.0,1,1449.2,1463.0,S1,qlearning,1,364,0.1,2.0,1.0,5.0,10.0,0.7,indicator
0.09900990099009901,5388.0,2,1400.6,1420.0,S1,qlearning,1,365,0.1,2.0,1.0,5.0,10.0,0.7,indicator
0.12378902045209902,5211.0,0,1311.0,1331.0,S1,qlearning,1,366,0.1,2.0,1.0,5.0,10.0,0.7,indicator
0.1326839099764864,5556.0,1,1614.6,1664.0,S1,qlearning,1,367,0.1,2.0,1.0,5.0,10.0,0.7,indicator
0.12312633832976445,5286.0,3,1626.3999999999999,1717.0,S1,qlearning,1,368,0.1,2.0,1.0,5.0,10.0,0.7,indicator
0.10862068965517241,5457.0,0,1491.6,1576.0,S1,qlearning,1,369,0.1,2.0,1.0,5.0,10.0,0.7,indicator
0.09949348769898697,5265.0,1,1557.3999999999999,1613.0,S1,qlearning,1,370,0.1,2.0,1.0,5.0,10.0,0.7,indicator
0.10797950219619326,5186.0,3,1453.4,1481.0,S1,qlearning,1,371,0.1,2.0,1.0,5.0,10.0,0.7,indicator
0.10136315973435861,5434.0,0,1451.0,1462.0,S1,qlearning,1,372,0.1,2.0,1.0,5.0,10.0,0.7,indicator
0.10896748838871026,5285.0,1,1339.6,1340.0,S1,qlearning,1,373,0.1,2.0,1.0,5.0,10.0,0.7,indicator
0.11141120864280891,5586.0,2,1427.4,1445.0,S1,qlearning,1,374,0.1,2.0,1.0,5.0,10.0,0.7,indicator
0.11735537190082644,5687.0,0,1372.4,1375.0,S1,qlearning,1,375,0.1,2.0,1.0,5.0,10.0,0.7,indicator
0.1371664787673807,4949.0,1,1414.6,1424.0,S1,qlearning,1,376,0.1,2.0,1.0,5.0,10.0,0.7,indicator
0.12390392680137248,4968.0,3,1335.4,1347.0,S1,qlearning,1,377,0.1,2.0,1.0,5.0,10.0,0.7,indicator
0.07190459487898983,5464.0,0,1385.4,1411.0,S1,qlearning,1,378,0.1,2.0,1.0,5.0,10.0,0.7,indicator
0.11976047904191617,4981.0,0,1260.4,1266.0,S1,qlearning,1,379,0.1,2.0,1.0,5.0,10.0,0.7,indicator
0.10661764705882353,5202.0,4,1607.0,1707.0,S1,qlearning,1,380,0.1,2.0,1.0,5.0,10.0,0.7,indicator
0.10577267837934744,5330.0,4,1543.3999999999999,1625.0,S1,qlearning,1,381,0.1,2.0,1.0,5.0,10.0,0.7,indicator
0.13075722092115535,4766.0,0,1237.6,1254.0,S1,qlearning,1,382,0.1,2.0,1.0,5.0,10.0,0.7,indicator
0.13391173142210486,4969.0,2,1333.2,1345.0,S1,qlearning,1,383,0.1,2.0,1.0,5.0,10.0,0.7,indicator
0.1279527559055118,5693.0,2,1797.6,1922.0,S1,qlearning,1,384,0.1,2.0,1.0,5.0,10.0,0.7,indicator
0.12509064539521392,5173.0,2,1384.4,1399.0,S1,qlearning,1,385,0.1,2.0,1.0,5.0,10.0,0.7,indicator
0.11006289308176101,4865.0,4,1457.0,1517.0,S1,qlearning,1,386,0.1,2.0,1.0,5.0,10.0,0.7,indicator
0.10695187165775401,5626.0,0,1661.8,1702.0,S1,qlearning,1,387,0.1,2.0,1.0,5.0,10.0,0.7,indicator
0.15062454077883908,4996.0,0,1302.6,1320.0,S1,qlearning,1,388,0.1,2.0,1.0,5.0,10.0,0.7,indicator
0.12508809020436928,5303.0,1,1419.2,1440.0,S1,qlearning,1,389,0.1,2.0,1.0,5.0,10.0,0.7,indicator
0.1072961373390558,5269.0,0,1483.8,1544.0,S1,qlearning,1,390,0.1,2.0,1.0,5.0,10.0,0.7,indicator
0.11676263595649392,5934.0,5,1730.2,1765.0,S1,qlearning,1,391,0.1,2.0,1.0,5.0,10.0,0.7,indicator
0.09848751319029195,5403.0,0,1728.8,1827.0,S1,qlearning,1,392,0.1,2.0,1.0,5.0,10.0,0.7,indicator
0.12335248394727949,5530.0,0,1508.3999999999999,1554.0,S1,qlearning,1,393,0.1,2.0,1.0,5.0,10.0,0.7,indicator
0.11383849163998577,5339.0,4,1393.0,1447.0,S1,qlearning,1,394,0.1,2.0,1.0,5.0,10.0,0.7,indicator
0.11825572801182557,5109.0,2,1542.6,1622.0,S1,qlearning,1,395,0.1,2.0,1.0,5.0,10.0,0.7,indicator
0.13440860215053763,4498.0,1,1341.6,1372.0,S1,qlearning,1,396,0.1,2.0,1.0,5.0,10.0,0.7,indicator
0.10736196319018405,4928.0,1,1244.4,1253.0,S1,qlearning,1,397,0.1,2.0,1.0,5.0,10.0,0.7,indicator
0.1063049853372434,5193.0,2,1393.6,1394.0,S1,qlearning,1,398,0.1,2.0,1.0,5.0,10.0,0.7,indicator
0.1162007409902324,5575.0,0,1383.6,1388.0,S1,qlearning,1,399,0.1,2.0,1.0,5.0,10.0,0.7,indicator
0.12078152753108348,5277.0,1,1434.0,1499.0,S1,qlearning,1,400,0.1,2.0,1.0,5.0,10.0,0.7,indicator
0.12266355140186916,4783.0,0,1425.8,1505.0,S1,qlearning,1,401,0.1,2.0,1.0,5.0,10.0,0.7,indicator
0.10371361659417866,5660.7,1,1650.4,1663.0,S1,qlearning,1,402,0.1,2.0,1.0,5.0,10.0,0.7,indicator
0.12609457092819615,5357.4,2,1506.0,1535.0,S1,qlearning,1,403,0.1,2.0,1.0,5.0,10.0,0.7,indicator
0.1538746755654431,4956.1,0,1381.0,1420.0,S1,qlearning,1,404,0.1,2.0,1.0,5.0,10.0,0.7,indicator
0.07679465776293823,5752.0,0,1585.6,1614.0,S1,qlearning,1,405,0.1,2.0,1.0,5.0,10.0,0.7,indicator
0.11297611362169141,5898.0,5,1601.6,1607.0,S1,qlearning,1,406,0.1,2.0,1.0,5.0,10.0,0.7,indicator
0.10125361620057859,5894.0,0,1633.2,1654.0,S1,qlearning,1,407,0.1,2.0,1.0,5.0,10.0,0.7,indicator
0.09168081494057725,5667.0,3,1375.4,1388.0,S1,qlearning,1,408,0.1,2.0,1.0,5.0,10.0,0.7,indicator
0.10954063604240283,5332.0,1,1487.4,1493.0,S1,qlearning,1,409,0.1,2.0,1.0,5.0,10.0,0.7,indicator
0.1195012123311396,5396.7,0,1467.1399999999999,1502.0,S1,qlearning,1,410,0.1,2.0,1.0,5.0,10.0,0.7,indicator
0.13428991905813098,5028.0,0,1298.3999999999999,1336.0,S1,qlearning,1,411,0.1,2.0,1.0,5.0,10.0,0.7,indicator
0.10785305021907651,5606.0,1,1432.2,1448.0,S1,qlearning,1,412,0.1,2.0,1.0,5.0,10.0,0.7,indicator
0.11517367458866545,5167.0,1,1382.6,1405.0,S1,qlearning,1,413,0.1,2.0,1.0,5.0,10.0,0.7,indicator
0.12178387650085763,5447.9,0,1503.2,1506.0,S1,qlearning,1,414,0.1,2.0,1.0,5.0,10.0,0.7,indicator
0.10488415779586725,6025.0,0,1671.8,1694.0,S1,qlearning,1,415,0.1,2.0,1.0,5.0,10.0,0.7,indicator
0.13041880969875091,5051.0,0,1313.8,1345.0,S1,qlearning,1,416,0.1,2.0,1.0,5.0,10.0,0.7,indicator
0.12739907346128393,5631.0,0,1634.6,1648.0,S1,qlearning,1,417,0.1,2.0,1.0,5.0,10.0,0.7,indicator
0.13358778625954199,4887.0,0,1425.0,1440.0,S1,qlearning,1,418,0.1,2.0,1.0,5.0,10.0,0.7,indicator
0.11832197920401577,5270.0,1,1387.4,1403.0,S1,qlearning,1,419,0.1,2.0,1.0,5.0,10.0,0.7,indicator
0.10838663823738451,5320.0,1,1396.8,1401.0,S1,qlearning,1,420,0.1,2.0,1.0,5.0,10.0,0.7,indicator
0.12293430068520758,4689.0,2,1190.2,1198.0,S1,qlearning,1,421,0.1,2.0,1.0,5.0,10.0,0.7,indicator
0.13092029264536004,4886.0,2,1306.2,1326.0,S1,qlearning,1,422,0.1,2.0,1.0,5.0,10.0,0.7,indicator
0.1388888888888889,5347.0,0,1372.0,1388.0,S1,qlearning,1,423,0.1,2.0,1.0,5.0,10.0,0.7,indicator
0.11480865224625623,5642.0,0,1605.2,1635.0,S1,qlearning,1,424,0.1,2.0,1.0,5.0,10.0,0.7,indicator
0.11511511511511512,5631.0,0,1441.6,1446.0,S1,qlearning,1,425,0.1,2.0,1.0,5.0,10.0,0.7,indicator
0.137398024903392,4355.7,3,1314.8,1324.0,S1,qlearning,1,426,0.1,2.0,1.0,5.0,10.0,0.7,indicator
0.11896431070678797,5348.0,0,1551.8,1601.0,S1,qlearning,1,427,0.1,2.0,1.0,5.0,10.0,0.7,indicator
0.11766551615939755,6086.0,7,1735.8,1823.0,S1,qlearning,1,428,0.1,2.0,1.0,5.0,10.0,0.7,indicator
0.14156079854809436,5102.0,1,1410.2,1428.0,S1,qlearning,1,429,0.1,2.0,1.0,5.0,10.0,0.7,indicator
0.1253973860826563,5409.0,7,1519.8,1526.0,S1,qlearning,1,430,0.1,2.0,1.0,5.0,10.0,0.7,indicator
0.12180974477958237,4849.0,1,1293.2,1313.0,S1,qlearning,1,431,0.1,2.0,1.0,5.0,10.0,0.7,indicator
0.09985734664764621,5325.0,2,1414.4,1429.0,S1,qlearning,1,432,0.1,2.0,1.0,5.0,10.0,0.7,indicator
0.11276827937431794,5185.0,2,1530.0,1551.0,S1,qlearning,1,433,0.1,2.0,1.0,5.0,10.0,0.7,indicator
0.13409961685823754,5392.3,3,1515.6,1518.0,S1,qlearning,1,434,0.1,2.0,1.0,5.0,10.0,0.7,indicator
0.10109664153529815,5603.0,5,1720.6,1759.0,S1,qlearning,1,435,0.1,2.0,1.0,5.0,10.0,0.7,indicator
0.11214230471771075,4934.0,6,1277.6,1311.0,S1,qlearning,1,436,0.1,2.0,1.0,5.0,10.0,0.7,indicator
0.12382739212007504,5017.0,2,1440.3999999999999,1476.0,S1,qlearning,1,437,0.1,2.0,1.0,5.0,10.0,0.7,indicator
0.1362957430918596,5048.0,6,1556.0,1626.0,S1,qlearning,1,438,0.1,2.0,1.0,5.0,10.0,0.7,indicator
0.11631885049606569,5503.0,2,1550.0,1611.0,S1,qlearning,1,439,0.1,2.0,1.0,5.0,10.0,0.7,indicator
0.1068090787716956,5639.0,0,1431.4,1447.0,S1,qlearning,1,440,0.1,2.0,1.0,5.0,10.0,0.7,indicator
0.13340849304772642,4994.0,2,1498.3999999999999,1588.0,S1,qlearning,1,441,0.1,2.0,1.0,5.0,10.0,0.7,indicator
0.10700389105058365,4852.0,0,1245.6,1261.0,S1,qlearning,1,442,0.1,2.0,1.0,5.0,10.0,0.7,indicator
0.12163656468853667,5088.0,0,1249.2,1265.0,S1,qlearning,1,443,0.1,2.0,1.0,5.0,10.0,0.7,indicator
0.10627356873500171,5501.0,0,1534.6,1598.0,S1,qlearning,1,444,0.1,2.0,1.0,5.0,10.0,0.7,indicator
0.1272857655073503,5195.0,0,1482.8,1536.0,S1,qlearning,1,445,0.1,2.0,1.0,5.0,10.0,0.7,indicator
0.12658227848101267,4989.0,0,1325.0,1339.0,S1,qlearning,1,446,0.1,2.0,1.0,5.0,10.0,0.7,indicator
0.12281292059219381,5562.2,0,1568.6,1584.0,S1,qlearning,1,447,0.1,2.0,1.0,5.0,10.0,0.7,indicator
0.1273996509598604,5397.0,3,1589.3999999999999,1671.0,S1,qlearning,1,448,0.1,2.0,1.0,5.0,10.0,0.7,indicator
0.10888654724271163,5356.0,0,1517.3999999999999,1585.0,S1,qlearning,1,449,0.1,2.0,1.0,5.0,10.0,0.7,indicator
0.1430781129156999,4794.0,1,1320.6,1337.0,S1,qlearning,1,450,0.1,2.0,1.0,5.0,10.0,0.7,indicator
0.1550695825049702,4602.0,0,1244.8,1251.0,S1,qlearning,1,451,0.1,2.0,1.0,5.0,10.0,0.7,indicator
0.13873473917869034,5008.0,0,1385.8,1434.0,S1,qlearning,1,452,0.1,2.0,1.0,5.0,10.0,0.7,indicator
0.13114148503878834,5031.0,0,1439.3999999999999,1477.0,S1,qlearning,1,453,0.1,2.0,1.0,5.0,10.0,0.7,indicator
0.09575208913649025,5456.0,2,1787.1999999999998,1909.0,S1,qlearning,1,454,0.1,2.0,1.0,5.0,10.0,0.7,indicator
0.14498933901918976,4307.0,0,1325.4,1327.0,S1,qlearning,1,455,0.1,2.0,1.0,5.0,10.0,0.7,indicator
0.12577469923441487,5145.4,1,1431.6,1467.0,S1,qlearning,1,456,0.1,2.0,1.0,5.0,10.0,0.7,indicator
0.1416579223504722,5295.0,0,1531.0,1546.0,S1,qlearning,1,457,0.1,2.0,1.0,5.0,10.0,0.7,indicator
0.09604076832614661,4864.0,3,1566.0,1623.0,S1,qlearning,1,458,0.1,2.0,1.0,5.0,10.0,0.7,indicator
0.08424182358771061,5821.0,2,1609.0,1652.0,S1,qlearning,1,459,0.1,2.0,1.0,5.0,10.0,0.7,indicator
0.11488340192043896,5454.0,0,1519.3999999999999,1593.0,S1,qlearning,1,460,0.1,2.0,1.0,5.0,10.0,0.7,indicator
0.1104775481111903,5264.0,0,1428.6,1457.0,S1,qlearning,1,461,0.1,2.0,1.0,5.0,10.0,0.7,indicator
0.11313868613138686,5162.0,2,1391.6,1427.0,S1,qlearning,1,462,0.1,2.0,1.0,5.0,10.0,0.7,indicator
0.11916922029281579,5516.0,0,1474.4,1475.0,S1,qlearning,1,463,0.1,2.0,1.0,5.0,10.0,0.7,indicator
0.13748191027496381,5215.0,6,1227.0,1239.0,S1,qlearning,1,464,0.1,2.0,1.0,5.0,10.0,0.7,indicator
0.10737790093522688,5451.0,0,1440.0,1472.0,S1,qlearning,1,465,0.1,2.0,1.0,5.0,10.0,0.7,indicator
0.1094632768361582,5351.0,2,1390.0,1403.0,S1,qlearning,1,466,0.1,2.0,1.0,5.0,10.0,0.7,indicator
0.10770975056689343,4969.0,0,1262.0,1268.0,S1,qlearning,1,467,0.1,2.0,1.0,5.0,10.0,0.7,indicator
0.14487228364468166,4833.0,0,1439.6,1460.0,S1,qlearning,1,468,0.1,2.0,1.0,5.0,10.0,0.7,indicator
0.13507896924355778,4494.0,0,1289.6,1359.0,S1,qlearning,1,469,0.1,2.0,1.0,5.0,10.0,0.7,indicator
0.13726835964310227,5460.0,3,1611.2,1674.0,S1,qlearning,1,470,0.1,2.0,1.0,5.0,10.0,0.7,indicator
0.09944064636420137,6108.0,1,1630.2,1631.0,S1,qlearning,1,471,0.1,2.0,1.0,5.0,10.0,0.7,indicator
0.15576923076923077,4762.0,0,1203.2,1230.0,S1,qlearning,1,472,0.1,2.0,1.0,5.0,10.0,0.7,indicator
0.10365853658536585,6267.0,4,1652.0,1655.0,S1,qlearning,1,473,0.1,2.0,1.0,5.0,10.0,0.7,indicator
0.10989010989010989,6017.0,1,1599.6,1612.0,S1,qlearning,1,474,0.1,2.0,1.0,5.0,10.0,0.7,indicator
0.10282776349614396,5128.0,0,1490.6,1494.0,S1,qlearning,1,475,0.1,2.0,1.0,5.0,10.0,0.7,indicator
0.10679611650485436,5897.0,5,1647.0,1650.0,S1,qlearning,1,476,0.1,2.0,1.0,5.0,10.0,0.7,indicator
0.12086092715231789,5732.0,4,1457.0,1460.0,S1,qlearning,1,477,0.1,2.0,1.0,5.0,10.0,0.7,indicator
0.1222921034241789,5361.0,0,1585.6,1651.0,S1,qlearning,1,478,0.1,2.0,1.0,5.0,10.0,0.7,indicator
0.1264524948735475,5524.0,4,1406.6,1414.0,S1,qlearning,1,479,0.1,2.0,1.0,5.0,10.0,0.7,indicator
0.12440541529454811,5170.0,4,1444.8,1486.0,S1,qlearning,1,480,0.1,2.0,1.0,5.0,10.0,0.7,indicator
0.1445966514459665,4898.0,3,1355.8,1402.0,S1,qlearning,1,481,0.1,2.0,1.0,5.0,10.0,0.7,indicator
0.13582677165354332,4707.0,1,1334.6,1369.0,S1,qlearning,1,482,0.1,2.0,1.0,5.0,10.0,0.7,indicator
0.1436893203883495,4822.0,3,1210.8,1215.0,S1,qlearning,1,483,0.1,2.0,1.0,5.0,10.0,0.7,indicator
0.11402902557014513,5460.0,2,1526.3999999999999,1559.0,S1,qlearning,1,484,0.1,2.0,1.0,5.0,10.0,0.7,indicator
0.12127894156560089,5139.0,4,1392.2,1419.0,S1,qlearning,1,485,0.1,2.0,1.0,5.0,10.0,0.7,indicator
0.12138728323699421,4857.0,0,1423.6,1467.0,S1,qlearning,1,486,0.1,2.0,1.0,5.0,10.0,0.7,indicator
0.1280201947349441,5163.0,0,1389.6,1406.0,S1,qlearning,1,487,0.1,2.0,1.0,5.0,10.0,0.7,indicator
0.09627937336814621,5815.0,0,1601.2,1639.0,S1,qlearning,1,488,0.1,2.0,1.0,5.0,10.0,0.7,indicator
0.12279488066413007,5429.0,2,1472.3999999999999,1502.0,S1,qlearning,1,489,0.1,2.0,1.0,5.0,10.0,0.7,indicator
0.10207553589656346,5595.0,2,1693.8,1752.0,S1,qlearning,1,490,0.1,2.0,1.0,5.0,10.0,0.7,indicator
0.14285714285714285,4892.0,3,1327.8,1333.0,S1,qlearning,1,491,0.1,2.0,1.0,5.0,10.0,0.7,indicator
0.11877394636015326,4947.0,3,1453.6,1507.0,S1,qlearning,1,492,0.1,2.0,1.0,5.0,10.0,0.7,indicator
0.11213955144179423,5315.0,2,1507.6,1511.0,S1,qlearning,1,493,0.1,2.0,1.0,5.0,10.0,0.7,indicator
0.14602587800369685,5027.1,2,1405.2,1429.0,S1,qlearning,1,494,0.1,2.0,1.0,5.0,10.0,0.7,indicator
0.13080324244657332,5095.0,3,1610.1999999999998,1725.0,S1,qlearning,1,495,0.1,2.0,1.0,5.0,10.0,0.7,indicator
0.11683976261127596,5054.0,0,1615.6,1731.0,S1,qlearning,1,496,0.1,2.0,1.0,5.0,10.0,0.7,indicator
0.11547344110854503,4883.0,1,1277.4,1296.0,S1,qlearning,1,497,0.1,2.0,1.0,5.0,10.0,0.7,indicator
0.13297872340425532,4891.0,1,1300.4,1309.0,S1,qlearning,1,498,0.1,2.0,1.0,5.0,10.0,0.7,indicator
0.11172161172161173,5172.0,2,1355.3999999999999,1386.0,S1,qlearning,1,499,0.1,2.0,1.0,5.0,10.0,0.7,indicator
0.11815675462780623,4760.0,0,1213.2,1220.0,S1,qlearning,1,500,0.1,2.0,1.0,5.0,10.0,0.7,indicator
0.1050275482093664,5555.0,4,1391.0,1408.0,S1,qlearning,1,501,0.1,2.0,1.0,5.0,10.0,0.7,indicator
0.12474849094567404,4662.0,2,1296.0,1322.0,S1,qlearning,1,502,0.1,2.0,1.0,5.0,10.0,0.7,indicator
0.09066930431915596,5768.0,0,1623.6,1665.0,S1,qlearning,1,503,0.1,2.0,1.0,5.0,10.0,0.7,indicator
0.07046764894298527,6021.0,1,1627.0,1651.0,S1,qlearning,1,504,0.1,2.0,1.0,5.0,10.0,0.7,indicator
0.12310939148786493,5368.0,2,1456.8,1504.0,S1,qlearning,1,505,0.1,2.0,1.0,5.0,10.0,0.7,indicator
0.10452299505891297,4969.0,0,1306.6,1308.0,S1,qlearning,1,506,0.1,2.0,1.0,5.0,10.0,0.7,indicator
0.1359463276836158,5261.0,0,1547.0,1598.0,S1,qlearning,1,507,0.1,2.0,1.0,5.0,10.0,0.7,indicator
0.09957048028114018,4854.6,0,1379.0,1398.0,S1,qlearning,1,508,0.1,2.0,1.0,5.0,10.0,0.7,indicator
0.14811849479583666,4603.0,1,1293.8,1304.0,S1,qlearning,1,509,0.1,2.0,1.0,5.0,10.0,0.7,indicator
0.1290097629009763,5358.0,2,1506.3999999999999,1556.0,S1,qlearning,1,510,0.1,2.0,1.0,5.0,10.0,0.7,indicator
0.11387526278906797,5345.0,0,1506.6,1528.0,S1,qlearning,1,511,0.1,2.0,1.0,5.0,10.0,0.7,indicator
0.08395855662736691,5430.0,6,1412.8,1414.0,S1,qlearning,1,512,0.1,2.0,1.0,5.0,10.0,0.7,indicator
0.11764705882352941,5137.0,3,1365.8,1376.0,S1,qlearning,1,513,0.1,2.0,1.0,5.0,10.0,0.7,indicator
0.1334910442717134,5550.0,3,1422.0,1428.0,S1,qlearning,1,514,0.1,2.0,1.0,5.0,10.0,0.7,indicator
0.1303181295515523,4855.0,0,1303.8,1332.0,S1,qlearning,1,515,0.1,2.0,1.0,5.0,10.0,0.7,indicator
0.1052262364082778,5374.0,0,1442.8,1458.0,S1,qlearning,1,516,0.1,2.0,1.0,5.0,10.0,0.7,indicator
0.09526938239159001,5760.0,0,1511.0,1525.0,S1,qlearning,1,517,0.1,2.0,1.0,5.0,10.0,0.7,indicator
0.10486743173723784,4756.0,0,1413.0,1462.0,S1,qlearning,1,518,0.1,2.0,1.0,5.0,10.0,0.7,indicator
0.11648429226967878,5318.0,0,1485.3999999999999,1566.0,S1,qlearning,1,519,0.1,2.0,1.0,5.0,10.0,0.7,indicator
0.11541072640868975,5544.0,2,1508.6,1524.0,S1,qlearning,1,520,0.1,2.0,1.0,5.0,10.0,0.7,indicator
0.16287878787878787,4827.0,1,1309.8,1313.0,S1,qlearning,1,521,0.1,2.0,1.0,5.0,10.0,0.7,indicator
0.13584905660377358,4953.1,1,1404.6,1430.0,S1,qlearning,1,522,0.1,2.0,1.0,5.0,10.0,0.7,indicator
0.09575208913649025,5431.0,0,1525.6,1579.0,S1,qlearning,1,523,0.1,2.0,1.0,5.0,10.0,0.7,indicator
0.12112575703598147,5251.0,0,1330.8,1339.0,S1,qlearning,1,524,0.1,2.0,1.0,5.0,10.0,0.7,indicator
0.12495472654835205,5249.0,5,1559.2,1611.0,S1,qlearning,1,525,0.1,2.0,1.0,5.0,10.0,0.7,indicator
0.11233740638549468,4821.0,4,1357.2,1361.0,S1,qlearning,1,526,0.1,2.0,1.0,5.0,10.0,0.7,indicator
0.11599297012302284,5317.0,0,1603.0,1702.0,S1,qlearning,1,527,0.1,2.0,1.0,5.0,10.0,0.7,indicator
0.10400907715582451,5000.0,0,1395.3999999999999,1425.0,S1,qlearning,1,528,0.1,2.0,1.0,5.0,10.0,0.7,indicator
0.1257183908045977,5270.0,4,1527.2,1575.0,S1,qlearning,1,529,0.1,2.0,1.0,5.0,10.0,0.7,indicator
0.09877384196185286,5569.0,0,1492.3999999999999,1538.0,S1,qlearning,1,530,0.1,2.0,1.0,5.0,10.0,0.7,indicator
0.1359577922077922,4585.0,0,1231.0,1239.0,S1,qlearning,1,531,0.1,2.0,1.0,5.0,10.0,0.7,indicator
0.13184584178498987,4582.0,0,1314.0,1315.0,S1,qlearning,1,532,0.1,2.0,1.0,5.0,10.0,0.7,indicator
0.08726899383983573,5556.0,0,1375.6,1379.0,S1,qlearning,1,533,0.1,2.0,1.0,5.0,10.0,0.7,indicator
0.10834236186348863,5225.0,1,1513.0,1561.0,S1,qlearning,1,534,0.1,2.0,1.0,5.0,10.0,0.7,indicator
0.1598360655737705,4462.0,1,1199.2,1201.0,S1,qlearning,1,535,0.1,2.0,1.0,5.0,10.0,0.7,indicator
0.13840224246671337,5305.0,0,1545.3999999999999,1590.0,S1,qlearning,1,536,0.1,2.0,1.0,5.0,10.0,0.7,indicator
0.10726643598615918,5497.0,3,1473.8,1491.0,S1,qlearning,1,537,0.1,2.0,1.0,5.0,10.0,0.7,indicator
0.11904761904761904,5947.0,4,1480.4,1494.0,S1,qlearning,1,538,0.1,2.0,1.0,5.0,10.0,0.7,indicator
0.15189346650020807,4398.0,0,1251.6,1278.0,S1,qlearning,1,539,0.1,2.0,1.0,5.0,10.0,0.7,indicator
0.12741046831955924,5480.0,5,1595.6,1666.0,S1,qlearning,1,540,0.1,2.0,1.0,5.0,10.0,0.7,indicator
0.11558887847547641,5989.0,0,1725.6,1808.0,S1,qlearning,1,541,0.1,2.0,1.0,5.0,10.0,0.7,indicator
0.14181678804139516,4820.0,0,1252.6,1266.0,S1,qlearning,1,542,0.1,2.0,1.0,5.0,10.0,0.7,indicator
0.09154929577464789,5457.0,2,1431.8,1445.0,S1,qlearning,1,543,0.1,2.0,1.0,5.0,10.0,0.7,indicator
0.11917659804983749,5220.0,1,1326.4,1341.0,S1,qlearning,1,544,0.1,2.0,1.0,5.0,10.0,0.7,indicator
0.10851135978297728,5580.0,2,1370.4,1372.0,S1,qlearning,1,545,0.1,2.0,1.0,5.0,10.0,0.7,indicator
0.11316872427983539,5474.0,0,1604.6,1619.0,S1,qlearning,1,546,0.1,2.0,1.0,5.0,10.0,0.7,indicator
0.12789491876944348,5403.0,1,1478.0,1512.0,S1,qlearning,1,547,0.1,2.0,1.0,5.0,10.0,0.7,indicator
0.12868908716540836,5455.0,1,1480.4,1504.0,S1,qlearning,1,548,0.1,2.0,1.0,5.0,10.0,0.7,indicator
0.14087301587301587,4692.0,2,1331.8,1353.0,S1,qlearning,1,549,0.1,2.0,1.0,5.0,10.0,0.7,indicator
0.10534351145038168,6197.0,1,1574.2,1612.0,S1,qlearning,1,550,0.1,2.0,1.0,5.0,10.0,0.7,indicator
0.12076353720296065,4791.0,0,1369.3999999999999,1401.0,S1,qlearning,1,551,0.1,2.0,1.0,5.0,10.0,0.7,indicator
0.10051169590643275,5154.6,0,1402.4,1416.0,S1,qlearning,1,552,0.1,2.0,1.0,5.0,10.0,0.7,indicator
0.10972813625941696,5748.0,0,1524.0,1545.0,S1,qlearning,1,553,0.1,2.0,1.0,5.0,10.0,0.7,indicator
0.1275797373358349,4982.0,0,1323.0,1352.0,S1,qlearning,1,554,0.1,2.0,1.0,5.0,10.0,0.7,indicator
0.1094765651727677,5508.0,0,1485.0,1521.0,S1,qlearning,1,555,0.1,2.0,1.0,5.0,10.0,0.7,indicator
0.13320825515947468,4962.0,2,1317.4,1320.0,S1,qlearning,1,556,0.1,2.0,1.0,5.0,10.0,0.7,indicator
0.11888352860096485,5481.0,2,1405.2,1416.0,S1,qlearning,1,557,0.1,2.0,1.0,5.0,10.0,0.7,indicator
0.12441399206635413,5203.0,2,1495.6,1528.0,S1,qlearning,1,558,0.1,2.0,1.0,5.0,10.0,0.7,indicator
0.14144271570014144,5213.0,0,1329.2,1335.0,S1,qlearning,1,559,0.1,2.0,1.0,5.0,10.0,0.7,indicator
0.09967320261437909,5827.0,3,1575.2,1587.0,S1,qlearning,1,560,0.1,2.0,1.0,5.0,10.0,0.7,indicator
0.11371841155234658,5262.0,3,1426.6,1452.0,S1,qlearning,1,561,0.1,2.0,1.0,5.0,10.0,0.7,indicator
0.1075058639562158,4833.0,0,1195.6,1203.0,S1,qlearning,1,562,0.1,2.0,1.0,5.0,10.0,0.7,indicator
0.09767092411720511,5076.0,3,1534.8,1581.0,S1,qlearning,1,563,0.1,2.0,1.0,5.0,10.0,0.7,indicator
0.11693700490380989,4981.0,2,1527.6,1564.0,S1,qlearning,1,564,0.1,2.0,1.0,5.0,10.0,0.7,indicator
0.10601915184678523,5555.0,3,1555.8,1641.0,S1,qlearning,1,565,0.1,2.0,1.0,5.0,10.0,0.7,indicator
0.11090573012939002,5127.0,3,1427.6,1442.0,S1,qlearning,1,566,0.1,2.0,1.0,5.0,10.0,0.7,indicator
0.09719934102141681,5792.0,3,1584.3999999999999,1621.0,S1,qlearning,1,567,0.1,2.0,1.0,5.0,10.0,0.7,indicator
0.12289068231841525,5144.0,3,1282.2,1286.0,S1,qlearning,1,568,0.1,2.0,1.0,5.0,10.0,0.7,indicator
0.1432469304229195,5476.0,4,1671.3999999999999,1773.0,S1,qlearning,1,569,0.1,2.0,1.0,5.0,10.0,0.7,indicator
0.1079136690647482,5490.0,0,1451.6,1499.0,S1,qlearning,1,570,0.1,2.0,1.0,5.0,10.0,0.7,indicator
0.12354651162790697,5126.0,0,1346.0,1346.0,S1,qlearning,1,571,0.1,2.0,1.0,5.0,10.0,0.7,indicator
0.13027082619129243,5441.0,1,1481.8,1513.0,S1,qlearning,1,572,0.1,2.0,1.0,5.0,10.0,0.7,indicator
0.11264290517821117,5580.0,0,1676.6,1710.0,S1,qlearning,1,573,0.1,2.0,1.0,5.0,10.0,0.7,indicator
0.12275558812751924,5110.0,0,1466.1999999999998,1538.0,S1,qlearning,1,574,0.1,2.0,1.0,5.0,10.0,0.7,indicator
0.11774744027303755,5492.0,0,1485.2,1489.0,S1,qlearning,1,575,0.1,2.0,1.0,5.0,10.0,0.7,indicator
0.09671848013816926,5482.0,0,1596.3999999999999,1630.0,S1,qlearning,1,576,0.1,2.0,1.0,5.0,10.0,0.7,indicator
0.156567710451403,4525.0,1,1194.0,1203.0,S1,qlearning,1,577,0.1,2.0,1.0,5.0,10.0,0.7,indicator
0.10475557033588294,5676.0,0,1509.2,1540.0,S1,qlearning,1,578,0.1,2.0,1.0,5.0,10.0,0.7,indicator
0.11042097998619738,5493.0,2,1750.0,1859.0,S1,qlearning,1,579,0.1,2.0,1.0,5.0,10.0,0.7,indicator
0.1284796573875803,5236.1,1,1446.6,1488.0,S1,qlearning,1,580,0.1,2.0,1.0,5.0,10.0,0.7,indicator
0.12263099219620958,5089.0,4,1364.0,1369.0,S1,qlearning,1,581,0.1,2.0,1.0,5.0,10.0,0.7,indicator
0.10798765855330819,5481.0,0,1436.8,1461.0,S1,qlearning,1,582,0.1,2.0,1.0,5.0,10.0,0.7,indicator
0.12,5647.0,3,1544.8,1562.0,S1,qlearning,1,583,0.1,2.0,1.0,5.0,10.0,0.7,indicator
0.12033045977011494,5205.0,0,1517.3999999999999,1596.0,S1,qlearning,1,584,0.1,2.0,1.0,5.0,10.0,0.7,indicator
0.13726207906295754,5111.0,3,1612.8,1648.0,S1,qlearning,1,585,0.1,2.0,1.0,5.0,10.0,0.7,indicator
0.1039919490103992,5709.0,4,1694.0,1741.0,S1,qlearning,1,586,0.1,2.0,1.0,5.0,10.0,0.7,indicator
0.11413843888070692,5149.0,3,1424.6,1446.0,S1,qlearning,1,587,0.1,2.0,1.0,5.0,10.0,0.7,indicator
0.12845849802371542,4707.7,0,1088.6,1091.0,S1,qlearning,1,588,0.1,2.0,1.0,5.0,10.0,0.7,indicator
0.11459129106187929,4933.0,0,1340.8,1357.0,S1,qlearning,1,589,0.1,2.0,1.0,5.0,10.0,0.7,indicator
0.11573165947430365,4795.0,1,1337.8,1359.0,S1,qlearning,1,590,0.1,2.0,1.0,5.0,10.0,0.7,indicator
0.12001477104874446,5118.0,4,1303.8,1315.0,S1,qlearning,1,591,0.1,2.0,1.0,5.0,10.0,0.7,indicator
0.11363636363636363,4947.0,0,1310.8,1316.0,S1,qlearning,1,592,0.1,2.0,1.0,5.0,10.0,0.7,indicator
0.10372771474878444,5837.0,1,1490.2,1491.0,S1,qlearning,1,593,0.1,2.0,1.0,5.0,10.0,0.7,indicator
0.10955152345087299,5604.0,8,1602.6,1620.0,S1,qlearning,1,594,0.1,2.0,1.0,5.0,10.0,0.7,indicator
0.10200612036722204,5564.0,0,1761.3999999999999,1836.0,S1,qlearning,1,595,0.1,2.0,1.0,5.0,10.0,0.7,indicator
0.11052631578947368,5427.0,4,1492.2,1556.0,S1,qlearning,1,596,0.1,2.0,1.0,5.0,10.0,0.7,indicator
0.14721532458318554,5181.2,0,1318.3600000000001,1343.2,S1,qlearning,1,597,0.1,2.0,1.0,5.0,10.0,0.7,indicator
0.14163756305781916,4751.0,0,1491.1999999999998,1572.0,S1,qlearning,1,598,0.1,2.0,1.0,5.0,10.0,0.7,indicator
0.11041009463722397,5363.0,0,1344.0,1359.0,S1,qlearning,1,599,0.1,2.0,1.0,5.0,10.0,0.7,indicator
0.12037037037037036,5047.0,0,1315.0,1343.0,S1,qlearning,1,600,0.1,2.0,1.0,5.0,10.0,0.7,indicator
0.12417539774932092,4846.0,2,1346.3999999999999,1386.0,S1,qlearning,1,601,0.1,2.0,1.0,5.0,10.0,0.7,indicator
0.1,5587.0,6,1476.6,1491.0,S1,qlearning,1,602,0.1,2.0,1.0,5.0,10.0,0.7,indicator
0.12280058651026393,5118.0,0,1449.3999999999999,1495.0,S1,qlearning,1,603,0.1,2.0,1.0,5.0,10.0,0.7,indicator
0.11126326600479287,5530.0,3,1584.0,1590.0,S1,qlearning,1,604,0.1,2.0,1.0,5.0,10.0,0.7,indicator
0.09631922944616443,5516.0,1,1462.6,1469.0,S1,qlearning,1,605,0.1,2.0,1.0,5.0,10.0,0.7,indicator
0.14011208967173738,4644.5,1,1251.5,1271.0,S1,qlearning,1,606,0.1,2.0,1.0,5.0,10.0,0.7,indicator
0.11969532100108814,5166.0,0,1356.4,1364.0,S1,qlearning,1,607,0.1,2.0,1.0,5.0,10.0,0.7,indicator
0.11867364746945899,5502.0,7,1403.6,1438.0,S1,qlearning,1,608,0.1,2.0,1.0,5.0,10.0,0.7,indicator
0.1308698999230177,4843.0,1,1225.4,1235.0,S1,qlearning,1,609,0.1,2.0,1.0,5.0,10.0,0.7,indicator
0.11023079572855667,5453.0,0,1488.4,1493.0,S1,qlearning,1,610,0.1,2.0,1.0,5.0,10.0,0.7,indicator
0.12044046799724707,5514.0,3,1668.0,1721.0,S1,qlearning,1,611,0.1,2.0,1.0,5.0,10.0,0.7,indicator
0.11984659635666348,5860.0,0,1545.8,1565.0,S1,qlearning,1,612,0.1,2.0,1.0,5.0,10.0,0.7,indicator
0.12124502352515382,5213.0,3,1613.3999999999999,1710.0,S1,qlearning,1,613,0.1,2.0,1.0,5.0,10.0,0.7,indicator
0.09907755380936112,5541.0,0,1501.8,1516.0,S1,qlearning,1,614,0.1,2.0,1.0,5.0,10.0,0.7,indicator
0.12203166226912929,5651.0,0,1618.6,1653.0,S1,qlearning,1,615,0.1,2.0,1.0,5.0,10.0,0.7,indicator
0.11065006915629322,5451.0,2,1572.4,1589.0,S1,qlearning,1,616,0.1,2.0,1.0,5.0,10.0,0.7,indicator
0.10427712972781902,5375.0,3,1362.2,1371.0,S1,qlearning,1,617,0.1,2.0,1.0,5.0,10.0,0.7,indicator
0.12005410889414947,5541.0,0,1570.0,1597.0,S1,qlearning,1,618,0.1,2.0,1.0,5.0,10.0,0.7,indicator
0.11001517450682853,4975.3,1,1286.2,1295.0,S1,qlearning,1,619,0.1,2.0,1.0,5.0,10.0,0.7,indicator
0.12696041822255413,4998.0,0,1345.3999999999999,1380.0,S1,qlearning,1,620,0.1,2.0,1.0,5.0,10.0,0.7,indicator
0.12691377921031427,4626.0,0,1350.6,1406.0,S1,qlearning,1,621,0.1,2.0,1.0,5.0,10.0,0.7,indicator
0.09345794392523364,4898.0,0,1259.4,1272.0,S1,qlearning,1,622,0.1,2.0,1.0,5.0,10.0,0.7,indicator
0.11924478304074197,5725.0,3,1611.8,1674.0,S1,qlearning,1,623,0.1,2.0,1.0,5.0,10.0,0.7,indicator
0.1306532663316583,5567.0,1,1465.6,1483.0,S1,qlearning,1,624,0.1,2.0,1.0,5.0,10.0,0.7,indicator
0.11314655172413793,5235.0,0,1543.0,1635.0,S1,qlearning,1,625,0.1,2.0,1.0,5.0,10.0,0.7,indicator
0.13426423200859292,5258.0,4,1340.6,1379.0,S1,qlearning,1,626,0.1,2.0,1.0,5.0,10.0,0.7,indicator
0.114603798297315,5745.0,0,1546.4,1570.0,S1,qlearning,1,627,0.1,2.0,1.0,5.0,10.0,0.7,indicator
0.1102336294833827,5720.0,0,1563.8,1599.0,S1,qlearning,1,628,0.1,2.0,1.0,5.0,10.0,0.7,indicator
0.13333333333333333,5057.0,4,1449.2,1515.0,S1,qlearning,1,629,0.1,2.0,1.0,5.0,10.0,0.7,indicator
0.09844395046046364,5960.0,0,1577.4,1603.0,S1,qlearning,1,630,0.1,2.0,1.0,5.0,10.0,0.7,indicator
0.14527845036319612,5329.0,0,1341.2,1363.0,S1,qlearning,1,631,0.1,2.0,1.0,5.0,10.0,0.7,indicator
0.10120068610634649,5507.0,1,1482.6,1512.0,S1,qlearning,1,632,0.1,2.0,1.0,5.0,10.0,0.7,indicator
0.14087152516904583,4951.0,2,1262.4,1265.0,S1,qlearning,1,633,0.1,2.0,1.0,5.0,10.0,0.7,indicator
0.09384775808133472,5441.0,0,1397.6,1398.0,S1,qlearning,1,634,0.1,2.0,1.0,5.0,10.0,0.7,indicator
0.12710207274149393,4757.2,0,1285.3999999999999,1321.0,S1,qlearning,1,635,0.1,2.0,1.0,5.0,10.0,0.7,indicator
0.12623490669593854,5128.0,3,1454.6,1463.0,S1,qlearning,1,636,0.1,2.0,1.0,5.0,10.0,0.7,indicator
0.1367419738406659,4678.0,0,1211.6,1216.0,S1,qlearning,1,637,0.1,2.0,1.0,5.0,10.0,0.7,indicator
0.10480054090601758,5578.0,1,1468.4,1480.0,S1,qlearning,1,638,0.1,2.0,1.0,5.0,10.0,0.7,indicator
0.13061851709565886,4825.0,0,1284.0,1302.0,S1,qlearning,1,639,0.1,2.0,1.0,5.0,10.0,0.7,indicator
0.10697159719660641,5209.0,5,1418.4,1426.0,S1,qlearning,1,640,0.1,2.0,1.0,5.0,10.0,0.7,indicator
0.12768130745658834,5466.0,0,1413.2,1432.0,S1,qlearning,1,641,0.1,2.0,1.0,5.0,10.0,0.7,indicator
0.12722202858138723,5405.0,4,1398.2,1430.0,S1,qlearning,1,642,0.1,2.0,1.0,5.0,10.0,0.7,indicator
0.09557344064386318,5646.0,0,1580.8,1624.0,S1,qlearning,1,643,0.1,2.0,1.0,5.0,10.0,0.7,indicator
0.11496113989637306,5863.0,4,1402.0,1413.0,S1,qlearning,1,644,0.1,2.0,1.0,5.0,10.0,0.7,indicator
0.09950248756218906,5390.0,5,1634.6,1673.0,S1,qlearning,1,645,0.1,2.0,1.0,5.0,10.0,0.7,indicator
0.10856632956573468,6431.0,7,1706.4,1711.0,S1,qlearning,1,646,0.1,2.0,1.0,5.0,10.0,0.7,indicator
0.11812411847672778,5334.0,0,1315.2,1320.0,S1,qlearning,1,647,0.1,2.0,1.0,5.0,10.0,0.7,indicator
0.131852879944483,5351.0,0,1337.8,1339.0,S1,qlearning,1,648,0.1,2.0,1.0,5.0,10.0,0.7,indicator
0.11090909090909092,5157.0,0,1367.2,1381.0,S1,qlearning,1,649,0.1,2.0,1.0,5.0,10.0,0.7,indicator
0.1373534338358459,5592.0,3,1447.0,1474.0,S1,qlearning,1,650,0.1,2.0,1.0,5.0,10.0,0.7,indicator
0.12701682114658427,5473.0,3,1476.8,1510.0,S1,qlearning,1,651,0.1,2.0,1.0,5.0,10.0,0.7,indicator
0.08251404494382023,5518.0,5,1496.8,1504.0,S1,qlearning,1,652,0.1,2.0,1.0,5.0,10.0,0.7,indicator
0.11619047619047619,5032.0,8,1328.0,1334.0,S1,qlearning,1,653,0.1,2.0,1.0,5.0,10.0,0.7,indicator
0.12448132780082988,5401.0,0,1361.4,1363.0,S1,qlearning,1,654,0.1,2.0,1.0,5.0,10.0,0.7,indicator
0.11083743842364532,5326.0,0,1420.0,1432.0,S1,qlearning,1,655,0.1,2.0,1.0,5.0,10.0,0.7,indicator
0.13942140118508192,5340.0,2,1532.8,1555.0,S1,qlearning,1,656,0.1,2.0,1.0,5.0,10.0,0.7,indicator
0.14359792580773834,4616.0,0,1198.8,1214.0,S1,qlearning,1,657,0.1,2.0,1.0,5.0,10.0,0.7,indicator
0.1355479190530737,4845.0,0,1282.6,1302.0,S1,qlearning,1,658,0.1,2.0,1.0,5.0,10.0,0.7,indicator
0.1431678144255165,5105.0,1,1450.0,1476.0,S1,qlearning,1,659,0.1,2.0,1.0,5.0,10.0,0.7,indicator
0.12212905577834487,5153.0,1,1439.4,1449.0,S1,qlearning,1,660,0.1,2.0,1.0,5.0,10.0,0.7,indicator
0.14495631453534552,4653.0,1,1287.8,1306.0,S1,qlearning,1,661,0.1,2.0,1.0,5.0,10.0,0.7,indicator
0.12102351313969571,5431.0,1,1355.6,1359.0,S1,qlearning,1,662,0.1,2.0,1.0,5.0,10.0,0.7,indicator
0.10671798460461862,5393.0,0,1715.8,1760.0,S1,qlearning,1,663,0.1,2.0,1.0,5.0,10.0,0.7,indicator
0.12283236994219653,5168.0,0,1485.6,1525.0,S1,qlearning,1,664,0.1,2.0,1.0,5.0,10.0,0.7,indicator
0.1179736294240111,5396.0,0,1394.6,1401.0,S1,qlearning,1,665,0.1,2.0,1.0,5.0,10.0,0.7,indicator
0.13565891472868216,4838.9,1,1366.4,1374.0,S1,qlearning,1,666,0.1,2.0,1.0,5.0,10.0,0.7,indicator
0.12010981468771448,5455.0,0,1553.2,1602.0,S1,qlearning,1,667,0.1,2.0,1.0,5.0,10.0,0.7,indicator
0.13969521044992744,5084.0,0,1239.8,1242.0,S1,qlearning,1,668,0.1,2.0,1.0,5.0,10.0,0.7,indicator
0.1013856032443393,5615.0,0,1650.6,1676.0,S1,qlearning,1,669,0.1,2.0,1.0,5.0,10.0,0.7,indicator
0.13007284079084286,5368.0,0,1491.4,1506.0,S1,qlearning,1,670,0.1,2.0,1.0,5.0,10.0,0.7,indicator
0.1281112737920937,5106.0,1,1300.8,1322.0,S1,qlearning,1,671,0.1,2.0,1.0,5.0,10.0,0.7,indicator
0.10825688073394496,5137.0,1,1548.6,1624.0,S1,qlearning,1,672,0.1,2.0,1.0,5.0,10.0,0.7,indicator
0.12594458438287154,5225.5,3,1442.8,1464.0,S1,qlearning,1,673,0.1,2.0,1.0,5.0,10.0,0.7,indicator
0.1,5627.0,3,1554.0,1619.0,S1,qlearning,1,674,0.1,2.0,1.0,5.0,10.0,0.7,indicator
0.08812615955473098,6205.0,4,1609.2,1623.0,S1,qlearning,1,675,0.1,2.0,1.0,5.0,10.0,0.7,indicator
0.1132404181184669,5372.0,0,1431.6,1449.0,S1,qlearning,1,676,0.1,2.0,1.0,5.0,10.0,0.7,indicator
0.11973314606741572,5358.4,0,1451.8,1463.0,S1,qlearning,1,677,0.1,2.0,1.0,5.0,10.0,0.7,indicator
0.13487099296325253,4768.0,2,1282.2,1283.0,S1,qlearning,1,678,0.1,2.0,1.0,5.0,10.0,0.7,indicator
0.1078894133513149,5604.0,1,1567.6,1573.0,S1,qlearning,1,679,0.1,2.0,1.0,5.0,10.0,0.7,indicator
0.12195121951219512,4637.0,1,1301.8,1341.0,S1,qlearning,1,680,0.1,2.0,1.0,5.0,10.0,0.7,indicator
0.11678832116788321,5207.0,3,1363.2,1368.0,S1,qlearning,1,681,0.1,2.0,1.0,5.0,10.0,0.7,indicator
0.09971953879713306,6130.0,3,1644.0,1676.0,S1,qlearning,1,682,0.1,2.0,1.0,5.0,10.0,0.7,indicator
0.1572565365668814,4820.0,0,1413.2,1445.0,S1,qlearning,1,683,0.1,2.0,1.0,5.0,10.0,0.7,indicator
0.11789924973204716,5231.1,0,1302.8,1305.0,S1,qlearning,1,684,0.1,2.0,1.0,5.0,10.0,0.7,indicator
0.1282051282051282,4936.0,0,1406.2,1428.0,S1,qlearning,1,685,0.1,2.0,1.0,5.0,10.0,0.7,indicator
0.11371467953135768,5476.0,0,1425.0,1457.0,S1,qlearning,1,686,0.1,2.0,1.0,5.0,10.0,0.7,indicator
0.12463343108504399,5108.0,1,1376.6,1388.0,S1,qlearning,1,687,0.1,2.0,1.0,5.0,10.0,0.7,indicator
0.11728182131769575,5490.0,5,1681.0,1735.0,S1,qlearning,1,688,0.1,2.0,1.0,5.0,10.0,0.7,indicator
0.12905748924520924,4751.0,0,1432.0,1529.0,S1,qlearning,1,689,0.1,2.0,1.0,5.0,10.0,0.7,indicator
0.1383399209486166,5143.0,0,1418.6,1430.0,S1,qlearning,1,690,0.1,2.0,1.0,5.0,10.0,0.7,indicator
0.10675533776688835,5436.0,2,1432.6,1452.0,S1,qlearning,1,691,0.1,2.0,1.0,5.0,10.0,0.7,indicator
0.09602649006622517,5712.0,0,1560.4,1586.0,S1,qlearning,1,692,0.1,2.0,1.0,5.0,10.0,0.7,indicator
0.12084592145015106,5565.0,0,1467.6,1495.0,S1,qlearning,1,693,0.1,2.0,1.0,5.0,10.0,0.7,indicator
0.1411764705882353,4737.5,1,1502.2,1542.0,S1,qlearning,1,694,0.1,2.0,1.0,5.0,10.0,0.7,indicator
0.10656583018219319,5475.0,0,1696.6,1819.0,S1,qlearning,1,695,0.1,2.0,1.0,5.0,10.0,0.7,indicator
0.10258514567090685,4626.0,1,1165.4,1175.0,S1,qlearning,1,696,0.1,2.0,1.0,5.0,10.0,0.7,indicator
0.12128325508607199,4789.0,2,1225.6,1229.0,S1,qlearning,1,697,0.1,2.0,1.0,5.0,10.0,0.7,indicator
0.1298219584569733,5059.0,3,1308.8,1314.0,S1,qlearning,1,698,0.1,2.0,1.0,5.0,10.0,0.7,indicator
0.11399125546533416,6001.0,0,1624.0,1661.0,S1,qlearning,1,699,0.1,2.0,1.0,5.0,10.0,0.7,indicator
0.12235208181154127,5178.0,3,1359.8,1377.0,S1,qlearning,1,700,0.1,2.0,1.0,5.0,10.0,0.7,indicator
0.11713520749665328,5645.3,3,1471.0,1498.0,S1,qlearning,1,701,0.1,2.0,1.0,5.0,10.0,0.7,indicator
0.08610086100861009,6206.4,0,1848.8,1906.0,S1,qlearning,1,702,0.1,2.0,1.0,5.0,10.0,0.7,indicator
0.1167654234925061,5370.0,0,1520.3999999999999,1569.0,S1,qlearning,1,703,0.1,2.0,1.0,5.0,10.0,0.7,indicator
0.12595837897042717,5155.0,2,1377.6,1381.0,S1,qlearning,1,704,0.1,2.0,1.0,5.0,10.0,0.7,indicator
0.1282051282051282,5034.0,2,1293.8,1322.0,S1,qlearning,1,705,0.1,2.0,1.0,5.0,10.0,0.7,indicator
0.1429618768328446,5098.0,4,1505.2,1514.0,S1,qlearning,1,706,0.1,2.0,1.0,5.0,10.0,0.7,indicator
0.13591881116346502,5150.0,0,1357.6,1380.0,S1,qlearning,1,707,0.1,2.0,1.0,5.0,10.0,0.7,indicator
0.12597889002383383,5491.0,0,1462.0,1507.0,S1,qlearning,1,708,0.1,2.0,1.0,5.0,10.0,0.7,indicator
0.11490584104691988,5933.0,3,1732.6,1777.0,S1,qlearning,1,709,0.1,2.0,1.0,5.0,10.0,0.7,indicator
0.10441226002020883,5645.0,1,1492.6,1497.0,S1,qlearning,1,710,0.1,2.0,1.0,5.0,10.0,0.7,indicator
0.1076388888888889,5447.0,2,1544.6,1587.0,S1,qlearning,1,711,0.1,2.0,1.0,5.0,10.0,0.7,indicator
0.1182170542635659,4827.0,1,1361.4,1388.0,S1,qlearning,1,712,0.1,2.0,1.0,5.0,10.0,0.7,indicator
0.13701201201201202,4985.0,4,1360.6,1382.0,S1,qlearning,1,713,0.1,2.0,1.0,5.0,10.0,0.7,indicator
0.12594893029675638,5409.8,1,1452.4,1458.0,S1,qlearning,1,714,0.1,2.0,1.0,5.0,10.0,0.7,indicator
0.12830333205668326,4889.0,2,1484.0,1544.0,S1,qlearning,1,715,0.1,2.0,1.0,5.0,10.0,0.7,indicator
0.13945704722945332,4970.0,0,1381.3999999999999,1431.0,S1,qlearning,1,716,0.1,2.0,1.0,5.0,10.0,0.7,indicator
0.1026936026936027,5607.0,0,1461.2,1515.0,S1,qlearning,1,717,0.1,2.0,1.0,5.0,10.0,0.7,indicator
0.12203626220362622,5368.0,1,1493.2,1496.0,S1,qlearning,1,718,0.1,2.0,1.0,5.0,10.0,0.7,indicator
0.11560693641618497,5524.0,0,1507.8,1521.0,S1,qlearning,1,719,0.1,2.0,1.0,5.0,10.0,0.7,indicator
0.13611615245009073,5117.0,0,1495.2,1514.0,S1,qlearning,1,720,0.1,2.0,1.0,5.0,10.0,0.7,indicator
0.09560618388934093,4693.0,2,1157.0,1159.0,S1,qlearning,1,721,0.1,2.0,1.0,5.0,10.0,0.7,indicator
0.13368983957219252,4923.0,2,1454.1999999999998,1538.0,S1,qlearning,1,722,0.1,2.0,1.0,5.0,10.0,0.7,indicator
0.12486023108460678,5018.0,0,1357.2,1381.0,S1,qlearning,1,723,0.1,2.0,1.0,5.0,10.0,0.7,indicator
0.09787377657779278,5633.0,1,1569.8,1572.0,S1,qlearning,1,724,0.1,2.0,1.0,5.0,10.0,0.7,indicator
0.11468738438771735,5168.0,6,1400.0,1403.0,S1,qlearning,1,725,0.1,2.0,1.0,5.0,10.0,0.7,indicator
0.13524108192865542,4730.4,0,1149.48,1154.0,S1,qlearning,1,726,0.1,2.0,1.0,5.0,10.0,0.7,indicator
0.15077271013946475,4903.0,2,1413.0,1488.0,S1,qlearning,1,727,0.1,2.0,1.0,5.0,10.0,0.7,indicator
0.11753731343283583,5042.0,2,1338.6,1357.0,S1,qlearning,1,728,0.1,2.0,1.0,5.0,10.0,0.7,indicator
0.09231285666330984,5710.0,4,1547.0,1571.0,S1,qlearning,1,729,0.1,2.0,1.0,5.0,10.0,0.7,indicator
0.11219147344801796,5130.0,4,1326.2,1327.0,S1,qlearning,1,730,0.1,2.0,1.0,5.0,10.0,0.7,indicator
0.09923916639100232,5733.0,1,1577.3999999999999,1617.0,S1,qlearning,1,731,0.1,2.0,1.0,5.0,10.0,0.7,indicator
0.1288855193328279,4928.0,1,1368.3999999999999,1414.0,S1,qlearning,1,732,0.1,2.0,1.0,5.0,10.0,0.7,indicator
0.1132485262178095,6093.0,1,1667.3999999999999,1696.0,S1,qlearning,1,733,0.1,2.0,1.0,5.0,10.0,0.7,indicator
0.11606819006166122,5196.0,2,1303.8,1312.0,S1,qlearning,1,734,0.1,2.0,1.0,5.0,10.0,0.7,indicator
0.0979772439949431,6030.0,3,1506.4,1508.0,S1,qlearning,1,735,0.1,2.0,1.0,5.0,10.0,0.7,indicator
0.1247364722417428,5434.0,7,1497.0,1499.0,S1,qlearning,1,736,0.1,2.0,1.0,5.0,10.0,0.7,indicator
0.10832025117739404,6007.0,0,1735.6,1747.0,S1,qlearning,1,737,0.1,2.0,1.0,5.0,10.0,0.7,indicator
0.11304062909567497,5776.0,1,1553.8,1572.0,S1,qlearning,1,738,0.1,2.0,1.0,5.0,10.0,0.7,indicator
0.10836501901140684,4992.0,3,1471.8,1531.0,S1,qlearning,1,739,0.1,2.0,1.0,5.0,10.0,0.7,indicator
0.11925640126271483,5329.0,0,1445.4,1459.0,S1,qlearning,1,740,0.1,2.0,1.0,5.0,10.0,0.7,indicator
0.14009471191791634,4740.0,3,1323.0,1344.0,S1,qlearning,1,741,0.1,2.0,1.0,5.0,10.0,0.7,indicator
0.14097744360902256,4922.0,0,1422.2,1439.0,S1,qlearning,1,742,0.1,2.0,1.0,5.0,10.0,0.7,indicator
0.10891089108910891,5722.0,1,1704.3999999999999,1784.0,S1,qlearning,1,743,0.1,2.0,1.0,5.0,10.0,0.7,indicator
0.1340346114692908,5536.0,3,1516.0,1541.0,S1,qlearning,1,744,0.1,2.0,1.0,5.0,10.0,0.7,indicator
0.09467040673211781,5496.0,3,1636.0,1660.0,S1,qlearning,1,745,0.1,2.0,1.0,5.0,10.0,0.7,indicator
0.11771300448430494,5064.0,2,1429.0,1443.0,S1,qlearning,1,746,0.1,2.0,1.0,5.0,10.0,0.7,indicator
0.11459802538787024,5374.0,1,1519.2,1556.0,S1,qlearning,1,747,0.1,2.0,1.0,5.0,10.0,0.7,indicator
0.09562398703403566,5892.0,4,1672.0,1676.0,S1,qlearning,1,748,0.1,2.0,1.0,5.0,10.0,0.7,indicator
0.13133892739875958,5174.0,6,1458.0,1479.0,S1,qlearning,1,749,0.1,2.0,1.0,5.0,10.0,0.7,indicator
0.11537211569710758,5781.0,0,1504.6,1516.0,S1,qlearning,1,750,0.1,2.0,1.0,5.0,10.0,0.7,indicator
0.12723521320495185,5438.0,0,1382.2,1384.0,S1,qlearning,1,751,0.1,2.0,1.0,5.0,10.0,0.7,indicator
0.09858180560359737,5519.0,3,1419.0,1451.0,S1,qlearning,1,752,0.1,2.0,1.0,5.0,10.0,0.7,indicator
0.12182566918325326,5465.0,1,1605.3999999999999,1667.0,S1,qlearning,1,753,0.1,2.0,1.0,5.0,10.0,0.7,indicator
0.14688601645123384,4763.0,4,1462.0,1536.0,S1,qlearning,1,754,0.1,2.0,1.0,5.0,10.0,0.7,indicator
0.1490367139222101,5139.0,5,1339.2,1377.0,S1,qlearning,1,755,0.1,2.0,1.0,5.0,10.0,0.7,indicator
0.11964285714285715,5267.0,0,1372.6,1388.0,S1,qlearning,1,756,0.1,2.0,1.0,5.0,10.0,0.7,indicator
0.10710259301014656,5024.0,1,1389.0,1405.0,S1,qlearning,1,757,0.1,2.0,1.0,5.0,10.0,0.7,indicator
0.13069586718474038,5275.3,1,1444.2,1451.0,S1,qlearning,1,758,0.1,2.0,1.0,5.0,10.0,0.7,indicator
0.121464829586657,5153.0,0,1293.0,1311.0,S1,qlearning,1,759,0.1,2.0,1.0,5.0,10.0,0.7,indicator
0.12211441953830712,5670.0,5,1529.4,1533.0,S1,qlearning,1,760,0.1,2.0,1.0,5.0,10.0,0.7,indicator
0.13333333333333333,5302.0,0,1574.2,1598.0,S1,qlearning,1,761,0.1,2.0,1.0,5.0,10.0,0.7,indicator
0.10934744268077601,5332.0,0,1384.6,1408.0,S1,qlearning,1,762,0.1,2.0,1.0,5.0,10.0,0.7,indicator
0.129043358568479,5494.0,6,1441.2,1457.0,S1,qlearning,1,763,0.1,2.0,1.0,5.0,10.0,0.7,indicator
0.11940800538176925,5568.0,0,1591.0,1649.0,S1,qlearning,1,764,0.1,2.0,1.0,5.0,10.0,0.7,indicator
0.11137360782990213,5563.0,0,1522.2,1555.0,S1,qlearning,1,765,0.1,2.0,1.0,5.0,10.0,0.7,indicator
0.113290497125465,5536.0,0,1475.0,1477.0,S1,qlearning,1,766,0.1,2.0,1.0,5.0,10.0,0.7,indicator
0.10328479512360311,5598.0,2,1689.1999999999998,1764.0,S1,qlearning,1,767,0.1,2.0,1.0,5.0,10.0,0.7,indicator
0.10677466863033873,5124.0,0,1453.2,1497.0,S1,qlearning,1,768,0.1,2.0,1.0,5.0,10.0,0.7,indicator
0.10973936899862825,5489.0,0,1549.6,1639.0,S1,qlearning,1,769,0.1,2.0,1.0,5.0,10.0,0.7,indicator
0.15370705244122965,5067.0,0,1324.2,1334.0,S1,qlearning,1,770,0.1,2.0,1.0,5.0,10.0,0.7,indicator
0.1275318829707427,4954.0,0,1299.8,1313.0,S1,qlearning,1,771,0.1,2.0,1.0,5.0,10.0,0.7,indicator
0.11042097998619738,5448.0,0,1526.6,1529.0,S1,qlearning,1,772,0.1,2.0,1.0,5.0,10.0,0.7,indicator
0.14072272411396802,5368.0,3,1298.8,1316.0,S1,qlearning,1,773,0.1,2.0,1.0,5.0,10.0,0.7,indicator
0.1293422025129342,5039.0,0,1316.2,1348.0,S1,qlearning,1,774,0.1,2.0,1.0,5.0,10.0,0.7,indicator
0.13328656611715187,5344.0,2,1402.4,1420.0,S1,qlearning,1,775,0.1,2.0,1.0,5.0,10.0,0.7,indicator
0.12694877505567928,4233.2,3,1225.2,1256.0,S1,qlearning,1,776,0.1,2.0,1.0,5.0,10.0,0.7,indicator
0.1053864168618267,4821.0,0,1354.8,1385.0,S1,qlearning,1,777,0.1,2.0,1.0,5.0,10.0,0.7,indicator
0.12849162011173185,5027.0,2,1428.6,1443.0,S1,qlearning,1,778,0.1,2.0,1.0,5.0,10.0,0.7,indicator
0.11130434782608696,5482.0,4,1417.8,1424.0,S1,qlearning,1,779,0.1,2.0,1.0,5.0,10.0,0.7,indicator
0.14990859232175502,5032.9,0,1534.1999999999998,1626.0,S1,qlearning,1,780,0.1,2.0,1.0,5.0,10.0,0.7,indicator
0.0785175879396985,6110.0,0,1571.6,1611.0,S1,qlearning,1,781,0.1,2.0,1.0,5.0,10.0,0.7,indicator
0.14566780174044647,4883.0,1,1308.4,1325.0,S1,qlearning,1,782,0.1,2.0,1.0,5.0,10.0,0.7,indicator
0.1195840554592721,5442.0,2,1536.6,1555.0,S1,qlearning,1,783,0.1,2.0,1.0,5.0,10.0,0.7,indicator
0.10031347962382445,6032.0,0,1484.0,1507.0,S1,qlearning,1,784,0.1,2.0,1.0,5.0,10.0,0.7,indicator
0.12765121759622938,4739.0,1,1224.2,1225.0,S1,qlearning,1,785,0.1,2.0,1.0,5.0,10.0,0.7,indicator
0.10068259385665529,5532.0,0,1634.2,1636.0,S1,qlearning,1,786,0.1,2.0,1.0,5.0,10.0,0.7,indicator
0.12665198237885464,5085.0,0,1413.3999999999999,1480.0,S1,qlearning,1,787,0.1,2.0,1.0,5.0,10.0,0.7,indicator
0.10538261997405966,5810.0,0,1800.6,1875.0,S1,qlearning,1,788,0.1,2.0,1.0,5.0,10.0,0.7,indicator
0.11519078473722102,5248.0,2,1435.6,1457.0,S1,qlearning,1,789,0.1,2.0,1.0,5.0,10.0,0.7,indicator
0.11115160349854228,5170.0,1,1420.0,1496.0,S1,qlearning,1,790,0.1,2.0,1.0,5.0,10.0,0.7,indicator
0.10718315156073711,5050.0,2,1355.2,1357.0,S1,qlearning,1,791,0.1,2.0,1.0,5.0,10.0,0.7,indicator
0.12110726643598616,5407.0,0,1549.4,1566.0,S1,qlearning,1,792,0.1,2.0,1.0,5.0,10.0,0.7,indicator
0.12509064539521392,5183.0,3,1459.0,1484.0,S1,qlearning,1,793,0.1,2.0,1.0,5.0,10.0,0.7,indicator
0.11970853573907009,5431.0,1,1376.6,1397.0,S1,qlearning,1,794,0.1,2.0,1.0,5.0,10.0,0.7,indicator
0.15241488519398258,4719.0,5,1257.0,1278.0,S1,qlearning,1,795,0.1,2.0,1.0,5.0,10.0,0.7,indicator
0.1338366506520247,5470.0,4,1552.6,1554.0,S1,qlearning,1,796,0.1,2.0,1.0,5.0,10.0,0.7,indicator
0.1306370794559771,5200.0,0,1414.0,1426.0,S1,qlearning,1,797,0.1,2.0,1.0,5.0,10.0,0.7,indicator
0.08673469387755102,5592.0,0,1584.2,1609.0,S1,qlearning,1,798,0.1,2.0,1.0,5.0,10.0,0.7,indicator
0.12704490080055691,5353.0,1,1450.0,1457.0,S1,qlearning,1,799,0.1,2.0,1.0,5.0,10.0,0.7,indicator
0.12780790085205268,4916.0,7,1292.4,1308.0,S1,qlearning,1,800,0.1,2.0,1.0,5.0,10.0,0.7,indicator
0.11548655812192352,5079.0,6,1474.1999999999998,1556.0,S1,qlearning,1,801,0.1,2.0,1.0,5.0,10.0,0.7,indicator
0.12389680923285812,5519.0,1,1626.6,1679.0,S1,qlearning,1,802,0.1,2.0,1.0,5.0,10.0,0.7,indicator
0.10884353741496598,5662.0,8,1547.3999999999999,1592.0,S1,qlearning,1,803,0.1,2.0,1.0,5.0,10.0,0.7,indicator
0.15631183221210923,4617.5,0,1300.72,1357.0,S1,qlearning,1,804,0.1,2.0,1.0,5.0,10.0,0.7,indicator
0.10851135978297728,5560.0,1,1587.3999999999999,1633.0,S1,qlearning,1,805,0.1,2.0,1.0,5.0,10.0,0.7,indicator
0.1291248206599713,5238.0,3,1418.4,1419.0,S1,qlearning,1,806,0.1,2.0,1.0,5.0,10.0,0.7,indicator
0.1,5437.0,3,1424.6,1437.0,S1,qlearning,1,807,0.1,2.0,1.0,5.0,10.0,0.7,indicator
0.12479201331114809,5622.0,0,1459.2,1474.0,S1,qlearning,1,808,0.1,2.0,1.0,5.0,10.0,0.7,indicator
0.11827546737886303,4974.0,4,1452.8,1501.0,S1,qlearning,1,809,0.1,2.0,1.0,5.0,10.0,0.7,indicator
0.11049723756906077,5459.0,2,1463.2,1474.0,S1,qlearning,1,810,0.1,2.0,1.0,5.0,10.0,0.7,indicator
0.15173945225758698,5031.0,3,1448.3999999999999,1528.0,S1,qlearning,1,811,0.1,2.0,1.0,5.0,10.0,0.7,indicator
0.1399930867611476,5358.0,0,1421.0,1434.0,S1,qlearning,1,812,0.1,2.0,1.0,5.0,10.0,0.7,indicator
0.11130434782608696,5397.0,0,1397.2,1407.0,S1,qlearning,1,813,0.1,2.0,1.0,5.0,10.0,0.7,indicator
0.12135068589518115,5418.0,5,1441.6,1467.0,S1,qlearning,1,814,0.1,2.0,1.0,5.0,10.0,0.7,indicator
0.08769132653061225,5999.0,1,1699.8,1798.0,S1,qlearning,1,815,0.1,2.0,1.0,5.0,10.0,0.7,indicator
0.12609649122807018,5124.0,1,1445.3999999999999,1539.0,S1,qlearning,1,816,0.1,2.0,1.0,5.0,10.0,0.7,indicator
0.12285425782564793,5564.0,0,1744.6,1872.0,S1,qlearning,1,817,0.1,2.0,1.0,5.0,10.0,0.7,indicator
0.15180630284396618,4776.0,0,1433.6,1516.0,S1,qlearning,1,818,0.1,2.0,1.0,5.0,10.0,0.7,indicator
0.1645004061738424,4496.0,0,1269.0,1291.0,S1,qlearning,1,819,0.1,2.0,1.0,5.0,10.0,0.7,indicator
0.0838466803559206,5626.0,2,1448.2,1480.0,S1,qlearning,1,820,0.1,2.0,1.0,5.0,10.0,0.7,indicator
0.14956521739130435,5342.0,4,1624.6,1697.0,S1,qlearning,1,821,0.1,2.0,1.0,5.0,10.0,0.7,indicator
0.0973393900064893,5851.0,0,1520.2,1538.0,S1,qlearning,1,822,0.1,2.0,1.0,5.0,10.0,0.7,indicator
0.12139338494018297,5316.0,0,1564.8,1622.0,S1,qlearning,1,823,0.1,2.0,1.0,5.0,10.0,0.7,indicator
0.12372634643377002,5268.0,8,1498.6,1571.0,S1,qlearning,1,824,0.1,2.0,1.0,5.0,10.0,0.7,indicator
0.11978221415607986,5159.6,0,1451.8,1504.0,S1,qlearning,1,825,0.1,2.0,1.0,5.0,10.0,0.7,indicator
0.11254612546125461,5122.0,2,1494.3999999999999,1568.0,S1,qlearning,1,826,0.1,2.0,1.0,5.0,10.0,0.7,indicator
0.12010347376201035,5074.0,0,1473.3999999999999,1554.0,S1,qlearning,1,827,0.1,2.0,1.0,5.0,10.0,0.7,indicator
0.10255487585462396,5250.0,0,1259.6,1266.0,S1,qlearning,1,828,0.1,2.0,1.0,5.0,10.0,0.7,indicator
0.11904761904761904,4638.0,1,1195.2,1199.0,S1,qlearning,1,829,0.1,2.0,1.0,5.0,10.0,0.7,indicator
0.13457164518574677,4908.0,0,1370.6,1415.0,S1,qlearning,1,830,0.1,2.0,1.0,5.0,10.0,0.7,indicator
0.11077027948193592,5505.0,0,1599.6,1639.0,S1,qlearning,1,831,0.1,2.0,1.0,5.0,10.0,0.7,indicator
0.15091627739849084,5123.0,0,1530.8,1594.0,S1,qlearning,1,832,0.1,2.0,1.0,5.0,10.0,0.7,indicator
0.12701682114658427,5438.0,0,1430.6,1465.0,S1,qlearning,1,833,0.1,2.0,1.0,5.0,10.0,0.7,indicator
0.13247404224847834,5233.0,4,1510.8,1577.0,S1,qlearning,1,834,0.1,2.0,1.0,5.0,10.0,0.7,indicator
0.11723570547099958,4554.0,0,1250.2,1270.0,S1,qlearning,1,835,0.1,2.0,1.0,5.0,10.0,0.7,indicator
0.12017603249830738,5595.0,5,1566.2,1567.0,S1,qlearning,1,836,0.1,2.0,1.0,5.0,10.0,0.7,indicator
0.12504059759662228,5755.0,1,1599.4,1624.0,S1,qlearning,1,837,0.1,2.0,1.0,5.0,10.0,0.7,indicator
0.12298232129131437,4961.0,5,1308.0,1342.0,S1,qlearning,1,838,0.1,2.0,1.0,5.0,10.0,0.7,indicator
0.11559633027522936,5127.0,1,1462.0,1501.0,S1,qlearning,1,839,0.1,2.0,1.0,5.0,10.0,0.7,indicator
0.0947867298578199,5253.0,2,1332.8,1339.0,S1,qlearning,1,840,0.1,2.0,1.0,5.0,10.0,0.7,indicator
0.13307984790874525,5358.0,0,1473.4,1495.0,S1,qlearning,1,841,0.1,2.0,1.0,5.0,10.0,0.7,indicator
0.12707377338510412,5283.0,0,1446.0,1468.0,S1,qlearning,1,842,0.1,2.0,1.0,5.0,10.0,0.7,indicator
0.1383960255500355,5228.0,1,1445.0,1471.0,S1,qlearning,1,843,0.1,2.0,1.0,5.0,10.0,0.7,indicator
0.12472885032537961,5229.0,5,1392.0,1411.0,S1,qlearning,1,844,0.1,2.0,1.0,5.0,10.0,0.7,indicator
0.11873350923482849,4998.0,0,1474.0,1506.0,S1,qlearning,1,845,0.1,2.0,1.0,5.0,10.0,0.7,indicator
0.10003390979993218,5560.0,0,1496.2,1534.0,S1,qlearning,1,846,0.1,2.0,1.0,5.0,10.0,0.7,indicator
0.12726638772663879,5328.0,0,1543.6,1615.0,S1,qlearning,1,847,0.1,2.0,1.0,5.0,10.0,0.7,indicator
0.1570475068708284,4741.6,3,1376.2,1410.0,S1,qlearning,1,848,0.1,2.0,1.0,5.0,10.0,0.7,indicator
0.12694651320243738,5600.0,4,1413.6,1417.0,S1,qlearning,1,849,0.1,2.0,1.0,5.0,10.0,0.7,indicator
0.08869814020028613,6667.0,2,1906.1999999999998,1980.0,S1,qlearning,1,850,0.1,2.0,1.0,5.0,10.0,0.7,indicator
0.11959876543209877,4941.0,4,1472.0,1524.0,S1,qlearning,1,851,0.1,2.0,1.0,5.0,10.0,0.7,indicator
0.09577278731836196,5748.0,1,1682.0,1772.0,S1,qlearning,1,852,0.1,2.0,1.0,5.0,10.0,0.7,indicator
0.09687287559483344,5571.0,0,1488.4,1493.0,S1,qlearning,1,853,0.1,2.0,1.0,5.0,10.0,0.7,indicator
0.11615439599714081,5273.0,1,1358.8,1362.0,S1,qlearning,1,854,0.1,2.0,1.0,5.0,10.0,0.7,indicator
0.12694202349374764,4930.0,0,1359.2,1391.0,S1,qlearning,1,855,0.1,2.0,1.0,5.0,10.0,0.7,indicator
0.13764880952380953,5033.0,3,1412.6,1464.0,S1,qlearning,1,856,0.1,2.0,1.0,5.0,10.0,0.7,indicator
0.10204081632653061,5454.0,0,1557.6,1585.0,S1,qlearning,1,857,0.1,2.0,1.0,5.0,10.0,0.7,indicator
0.12067578439259855,4689.0,2,1283.6,1298.0,S1,qlearning,1,858,0.1,2.0,1.0,5.0,10.0,0.7,indicator
0.12039660056657224,5330.0,3,1341.6,1353.0,S1,qlearning,1,859,0.1,2.0,1.0,5.0,10.0,0.7,indicator
0.11940298507462686,5007.0,0,1420.2,1487.0,S1,qlearning,1,860,0.1,2.0,1.0,5.0,10.0,0.7,indicator
0.13005272407732865,5302.0,1,1519.6,1535.0,S1,qlearning,1,861,0.1,2.0,1.0,5.0,10.0,0.7,indicator
0.13143071723619978,4978.0,0,1242.0,1253.0,S1,qlearning,1,862,0.1,2.0,1.0,5.0,10.0,0.7,indicator
0.11502265597769258,5415.0,1,1591.8,1633.0,S1,qlearning,1,863,0.1,2.0,1.0,5.0,10.0,0.7,indicator
0.13085145595281975,5048.0,0,1440.2,1495.0,S1,qlearning,1,864,0.1,2.0,1.0,5.0,10.0,0.7,indicator
0.10420346167432003,5339.0,0,1421.0,1425.0,S1,qlearning,1,865,0.1,2.0,1.0,5.0,10.0,0.7,indicator
0.10463121783876501,5497.0,0,1375.8,1387.0,S1,qlearning,1,866,0.1,2.0,1.0,5.0,10.0,0.7,indicator
0.1194331983805668,4607.0,0,1276.4,1279.0,S1,qlearning,1,867,0.1,2.0,1.0,5.0,10.0,0.7,indicator
0.14099783080260303,5124.0,1,1423.2,1462.0,S1,qlearning,1,868,0.1,2.0,1.0,5.0,10.0,0.7,indicator
0.14711158952278436,5136.0,0,1370.2,1380.0,S1,qlearning,1,869,0.1,2.0,1.0,5.0,10.0,0.7,indicator
0.12765121759622938,4774.0,3,1418.0,1472.0,S1,qlearning,1,870,0.1,2.0,1.0,5.0,10.0,0.7,indicator
0.13208876364917224,5290.0,1,1406.8,1425.0,S1,qlearning,1,871,0.1,2.0,1.0,5.0,10.0,0.7,indicator
0.1233627779469997,6143.0,1,1637.3999999999999,1692.0,S1,qlearning,1,872,0.1,2.0,1.0,5.0,10.0,0.7,indicator
0.13074352548036758,4455.7,0,1316.3999999999999,1361.0,S1,qlearning,1,873,0.1,2.0,1.0,5.0,10.0,0.7,indicator
0.1119676945668135,5170.0,2,1380.8,1409.0,S1,qlearning,1,874,0.1,2.0,1.0,5.0,10.0,0.7,indicator
0.12372634643377002,5168.0,1,1399.6,1465.0,S1,qlearning,1,875,0.1,2.0,1.0,5.0,10.0,0.7,indicator
0.1242861941551898,5556.0,0,1607.6,1680.0,S1,qlearning,1,876,0.1,2.0,1.0,5.0,10.0,0.7,indicator
0.116751269035533,5542.0,0,1585.0,1636.0,S1,qlearning,1,877,0.1,2.0,1.0,5.0,10.0,0.7,indicator
0.12229350441058541,4680.0,1,1388.0,1405.0,S1,qlearning,1,878,0.1,2.0,1.0,5.0,10.0,0.7,indicator
0.1445966514459665,4868.0,1,1366.8,1429.0,S1,qlearning,1,879,0.1,2.0,1.0,5.0,10.0,0.7,indicator
0.08665511265164645,5497.0,0,1517.8,1575.0,S1,qlearning,1,880,0.1,2.0,1.0,5.0,10.0,0.7,indicator
0.13663366336633664,4737.0,3,1307.4,1314.0,S1,qlearning,1,881,0.1,2.0,1.0,5.0,10.0,0.7,indicator
0.17190929041697148,4980.0,1,1306.8,1311.0,S1,qlearning,1,882,0.1,2.0,1.0,5.0,10.0,0.7,indicator
0.13258336681398153,4675.0,2,1329.2,1376.0,S1,qlearning,1,883,0.1,2.0,1.0,5.0,10.0,0.7,indicator
0.12055109070034443,4873.0,0,1333.0,1346.0,S1,qlearning,1,884,0.1,2.0,1.0,5.0,10.0,0.7,indicator
0.1293867422899681,5299.0,2,1416.4,1435.0,S1,qlearning,1,885,0.1,2.0,1.0,5.0,10.0,0.7,indicator
0.12463033375580904,4461.4,1,1142.6,1157.0,S1,qlearning,1,886,0.1,2.0,1.0,5.0,10.0,0.7,indicator
0.12869565217391304,5372.0,1,1512.0,1543.0,S1,qlearning,1,887,0.1,2.0,1.0,5.0,10.0,0.7,indicator
0.11443337024732374,5080.0,0,1362.6,1374.0,S1,qlearning,1,888,0.1,2.0,1.0,5.0,10.0,0.7,indicator
0.1441932969602494,4759.0,2,1236.4,1247.0,S1,qlearning,1,889,0.1,2.0,1.0,5.0,10.0,0.7,indicator
0.14819091608929946,4768.0,0,1382.0,1408.0,S1,qlearning,1,890,0.1,2.0,1.0,5.0,10.0,0.7,indicator
0.10827121050763223,5336.0,2,1662.1999999999998,1754.0,S1,qlearning,1,891,0.1,2.0,1.0,5.0,10.0,0.7,indicator
0.12724804886325075,5501.0,1,1618.1999999999998,1689.0,S1,qlearning,1,892,0.1,2.0,1.0,5.0,10.0,0.7,indicator
0.10554089709762533,5766.0,1,1550.0,1560.0,S1,qlearning,1,893,0.1,2.0,1.0,5.0,10.0,0.7,indicator
0.10285095633345363,5289.0,4,1374.4,1392.0,S1,qlearning,1,894,0.1,2.0,1.0,5.0,10.0,0.7,indicator
0.1270078446021666,5006.0,1,1222.0,1229.0,S1,qlearning,1,895,0.1,2.0,1.0,5.0,10.0,0.7,indicator
0.11844660194174757,4847.0,0,1342.8,1366.0,S1,qlearning,1,896,0.1,2.0,1.0,5.0,10.0,0.7,indicator
0.09302325581395349,5347.0,3,1475.0,1519.0,S1,qlearning,1,897,0.1,2.0,1.0,5.0,10.0,0.7,indicator
0.15539305301645337,4005.9,0,1092.8,1110.0,S1,qlearning,1,898,0.1,2.0,1.0,5.0,10.0,0.7,indicator
0.09538674991328477,5513.0,4,1501.6,1530.0,S1,qlearning,1,899,0.1,2.0,1.0,5.0,10.0,0.7,indicator
0.09940357852882704,5724.4,0,1640.2,1645.0,S1,qlearning,1,900,0.1,2.0,1.0,5.0,10.0,0.7,indicator
0.12398157987956075,5258.0,0,1550.0,1599.0,S1,qlearning,1,901,0.1,2.0,1.0,5.0,10.0,0.7,indicator
0.1091703056768559,5243.0,3,1344.8,1353.0,S1,qlearning,1,902,0.1,2.0,1.0,5.0,10.0,0.7,indicator
0.13211760327502792,5036.0,2,1311.0,1330.0,S1,qlearning,1,903,0.1,2.0,1.0,5.0,10.0,0.7,indicator
0.11513778784446961,4975.0,0,1293.4,1305.0,S1,qlearning,1,904,0.1,2.0,1.0,5.0,10.0,0.7,indicator
0.12764528048370843,5546.0,0,1555.8,1565.0,S1,qlearning,1,905,0.1,2.0,1.0,5.0,10.0,0.7,indicator
0.09037191518943344,5471.0,0,1456.4,1484.0,S1,qlearning,1,906,0.1,2.0,1.0,5.0,10.0,0.7,indicator
0.10071474983755685,5868.0,3,1539.8,1554.0,S1,qlearning,1,907,0.1,2.0,1.0,5.0,10.0,0.7,indicator
0.10355029585798817,5125.0,2,1435.6,1493.0,S1,qlearning,1,908,0.1,2.0,1.0,5.0,10.0,0.7,indicator
0.11268629589240277,5184.0,2,1518.3999999999999,1560.0,S1,qlearning,1,909,0.1,2.0,1.0,5.0,10.0,0.7,indicator
0.08925506350841057,5543.0,0,1554.8,1584.0,S1,qlearning,1,910,0.1,2.0,1.0,5.0,10.0,0.7,indicator
0.1030759162303665,5799.0,2,1446.4,1454.0,S1,qlearning,1,911,0.1,2.0,1.0,5.0,10.0,0.7,indicator
0.1244343891402715,4986.0,1,1296.4,1302.0,S1,qlearning,1,912,0.1,2.0,1.0,5.0,10.0,0.7,indicator
0.1241782322863404,5153.0,2,1489.0,1543.0,S1,qlearning,1,913,0.1,2.0,1.0,5.0,10.0,0.7,indicator
0.1485148514851485,4864.0,2,1257.2,1269.0,S1,qlearning,1,914,0.1,2.0,1.0,5.0,10.0,0.7,indicator
0.11371588523442967,5403.0,2,1472.8,1478.0,S1,qlearning,1,915,0.1,2.0,1.0,5.0,10.0,0.7,indicator
0.10438056125941136,5517.7,0,1592.3999999999999,1648.0,S1,qlearning,1,916,0.1,2.0,1.0,5.0,10.0,0.7,indicator
0.141287284144427,4708.0,0,1377.2,1426.0,S1,qlearning,1,917,0.1,2.0,1.0,5.0,10.0,0.7,indicator
0.13662171753016322,5223.0,0,1495.6,1576.0,S1,qlearning,1,918,0.1,2.0,1.0,5.0,10.0,0.7,indicator
0.10624597553122987,5904.0,2,1513.6,1540.0,S1,qlearning,1,919,0.1,2.0,1.0,5.0,10.0,0.7,indicator
0.1026936026936027,5647.0,2,1598.2,1635.0,S1,qlearning,1,920,0.1,2.0,1.0,5.0,10.0,0.7,indicator
0.1272845953002611,5720.0,0,1524.4,1526.0,S1,qlearning,1,921,0.1,2.0,1.0,5.0,10.0,0.7,indicator
0.10550113036925396,5025.0,0,1384.8,1422.0,S1,qlearning,1,922,0.1,2.0,1.0,5.0,10.0,0.7,indicator
0.1261054700294792,5703.0,1,1571.0,1590.0,S1,qlearning,1,923,0.1,2.0,1.0,5.0,10.0,0.7,indicator
0.1069615663524293,5198.0,1,1460.0,1507.0,S1,qlearning,1,924,0.1,2.0,1.0,5.0,10.0,0.7,indicator
0.1216317365269461,5041.0,3,1409.8,1461.0,S1,qlearning,1,925,0.1,2.0,1.0,5.0,10.0,0.7,indicator
0.09476223294279806,5546.0,2,1516.0,1522.0,S1,qlearning,1,926,0.1,2.0,1.0,5.0,10.0,0.7,indicator
0.11058981233243968,5625.0,0,1481.2,1488.0,S1,qlearning,1,927,0.1,2.0,1.0,5.0,10.0,0.7,indicator
0.11732851985559567,5232.0,2,1523.3999999999999,1579.0,S1,qlearning,1,928,0.1,2.0,1.0,5.0,10.0,0.7,indicator
0.1288763592428514,4663.0,2,1343.3999999999999,1404.0,S1,qlearning,1,929,0.1,2.0,1.0,5.0,10.0,0.7,indicator
0.10688042752171009,5650.0,0,1529.6,1544.0,S1,qlearning,1,930,0.1,2.0,1.0,5.0,10.0,0.7,indicator
0.11352578657152125,5828.0,2,1538.3999999999999,1574.0,S1,qlearning,1,931,0.1,2.0,1.0,5.0,10.0,0.7,indicator
0.12164124909222948,5130.0,0,1427.8,1445.0,S1,qlearning,1,932,0.1,2.0,1.0,5.0,10.0,0.7,indicator
0.09979353062629043,5489.0,0,1408.6,1424.0,S1,qlearning,1,933,0.1,2.0,1.0,5.0,10.0,0.7,indicator
0.09369951534733441,5932.0,3,1745.3999999999999,1815.0,S1,qlearning,1,934,0.1,2.0,1.0,5.0,10.0,0.7,indicator
0.14149209849320102,5124.0,4,1381.2,1391.0,S1,qlearning,1,935,0.1,2.0,1.0,5.0,10.0,0.7,indicator
0.12536873156342182,5081.0,1,1281.8,1302.0,S1,qlearning,1,936,0.1,2.0,1.0,5.0,10.0,0.7,indicator
0.11510289501220788,5386.0,1,1552.2,1587.0,S1,qlearning,1,937,0.1,2.0,1.0,5.0,10.0,0.7,indicator
0.09700756330154554,5794.0,0,1647.3999999999999,1689.0,S1,qlearning,1,938,0.1,2.0,1.0,5.0,10.0,0.7,indicator
0.10165184243964422,5983.0,3,1569.6,1570.0,S1,qlearning,1,939,0.1,2.0,1.0,5.0,10.0,0.7,indicator
0.09828904259191845,5206.0,1,1482.6,1553.0,S1,qlearning,1,940,0.1,2.0,1.0,5.0,10.0,0.7,indicator
0.11064278187565858,5371.0,0,1487.2,1489.0,S1,qlearning,1,941,0.1,2.0,1.0,5.0,10.0,0.7,indicator
0.10684474123539232,5697.0,4,1563.8,1590.0,S1,qlearning,1,942,0.1,2.0,1.0,5.0,10.0,0.7,indicator
0.11041009463722397,5398.0,2,1393.4,1394.0,S1,qlearning,1,943,0.1,2.0,1.0,5.0,10.0,0.7,indicator
0.1091916558018253,5798.0,2,1674.0,1748.0,S1,qlearning,1,944,0.1,2.0,1.0,5.0,10.0,0.7,indicator
0.11742025937609533,5373.0,2,1391.0,1426.0,S1,qlearning,1,945,0.1,2.0,1.0,5.0,10.0,0.7,indicator
0.14131647452584603,5070.0,6,1244.8,1245.0,S1,qlearning,1,946,0.1,2.0,1.0,5.0,10.0,0.7,indicator
0.10671798460461862,5398.0,1,1583.0,1673.0,S1,qlearning,1,947,0.1,2.0,1.0,5.0,10.0,0.7,indicator
0.13665293897416697,4944.0,0,1322.4,1348.0,S1,qlearning,1,948,0.1,2.0,1.0,5.0,10.0,0.7,indicator
0.11787072243346007,4967.0,4,1332.6,1352.0,S1,qlearning,1,949,0.1,2.0,1.0,5.0,10.0,0.7,indicator
0.12048192771084337,5261.0,0,1548.6,1605.0,S1,qlearning,1,950,0.1,2.0,1.0,5.0,10.0,0.7,indicator
0.12521440823327615,5422.0,0,1465.4,1481.0,S1,qlearning,1,951,0.1,2.0,1.0,5.0,10.0,0.7,indicator
0.10622974432841195,5256.0,1,1463.6,1487.0,S1,qlearning,1,952,0.1,2.0,1.0,5.0,10.0,0.7,indicator
0.12977382276603633,5056.0,1,1291.2,1311.0,S1,qlearning,1,953,0.1,2.0,1.0,5.0,10.0,0.7,indicator
0.111358574610245,5080.0,2,1343.4,1366.0,S1,qlearning,1,954,0.1,2.0,1.0,5.0,10.0,0.7,indicator
0.10645604395604395,5526.0,3,1467.6,1469.0,S1,qlearning,1,955,0.1,2.0,1.0,5.0,10.0,0.7,indicator
0.13044970820460006,5428.0,1,1718.8,1803.0,S1,qlearning,1,956,0.1,2.0,1.0,5.0,10.0,0.7,indicator
0.13101290574892452,4754.5,0,1257.8,1259.5,S1,qlearning,1,957,0.1,2.0,1.0,5.0,10.0,0.7,indicator
0.11623931623931624,5467.0,0,1520.8,1527.0,S1,qlearning,1,958,0.1,2.0,1.0,5.0,10.0,0.7,indicator
0.158311345646438,4858.0,0,1533.0,1611.0,S1,qlearning,1,959,0.1,2.0,1.0,5.0,10.0,0.7,indicator
0.09492635024549918,5847.0,1,1625.3999999999999,1676.0,S1,qlearning,1,960,0.1,2.0,1.0,5.0,10.0,0.7,indicator
0.15391014975041598,4405.0,0,1174.2,1189.0,S1,qlearning,1,961,0.1,2.0,1.0,5.0,10.0,0.7,indicator
0.11809593023255814,5221.0,4,1428.8,1453.0,S1,qlearning,1,962,0.1,2.0,1.0,5.0,10.0,0.7,indicator
0.11721366376423309,5665.3,5,1551.26,1594.0,S1,qlearning,1,963,0.1,2.0,1.0,5.0,10.0,0.7,indicator
0.11604641856742696,4700.0,0,1294.4,1315.0,S1,qlearning,1,964,0.1,2.0,1.0,5.0,10.0,0.7,indicator
0.11508951406649616,5156.0,1,1382.2,1409.0,S1,qlearning,1,965,0.1,2.0,1.0,5.0,10.0,0.7,indicator
0.11587685921826357,5424.0,0,1345.6,1364.0,S1,qlearning,1,966,0.1,2.0,1.0,5.0,10.0,0.7,indicator
0.1059850374064838,6048.0,1,1632.0,1702.0,S1,qlearning,1,967,0.1,2.0,1.0,5.0,10.0,0.7,indicator
0.12650085763293312,4406.0,2,1285.0,1334.0,S1,qlearning,1,968,0.1,2.0,1.0,5.0,10.0,0.7,indicator
0.10439970171513796,5126.0,2,1418.2,1420.0,S1,qlearning,1,969,0.1,2.0,1.0,5.0,10.0,0.7,indicator
0.10560941828254848,5438.0,0,1522.0,1580.0,S1,qlearning,1,970,0.1,2.0,1.0,5.0,10.0,0.7,indicator
0.09272727272727273,5242.0,2,1457.6,1524.0,S1,qlearning,1,971,0.1,2.0,1.0,5.0,10.0,0.7,indicator
0.13742071881606766,5253.0,0,1615.1999999999998,1740.0,S1,qlearning,1,972,0.1,2.0,1.0,5.0,10.0,0.7,indicator
0.09924215084806928,5244.0,1,1502.8,1543.0,S1,qlearning,1,973,0.1,2.0,1.0,5.0,10.0,0.7,indicator
0.15466015466015465,4536.0,2,1249.0,1250.0,S1,qlearning,1,974,0.1,2.0,1.0,5.0,10.0,0.7,indicator
0.13578869047619047,5003.0,2,1300.2,1304.0,S1,qlearning,1,975,0.1,2.0,1.0,5.0,10.0,0.7,indicator
0.13157894736842105,5692.0,2,1571.8,1635.0,S1,qlearning,1,976,0.1,2.0,1.0,5.0,10.0,0.7,indicator
0.10210301737275221,6219.0,2,1765.2,1794.0,S1,qlearning,1,977,0.1,2.0,1.0,5.0,10.0,0.7,indicator
0.13045171339563863,4758.0,0,1292.8,1300.0,S1,qlearning,1,978,0.1,2.0,1.0,5.0,10.0,0.7,indicator
0.10576923076923077,5887.0,1,1725.3999999999999,1796.0,S1,qlearning,1,979,0.1,2.0,1.0,5.0,10.0,0.7,indicator
0.11758511758511758,5350.0,1,1474.8,1508.0,S1,qlearning,1,980,0.1,2.0,1.0,5.0,10.0,0.7,indicator
0.1170177198261451,5589.0,0,1581.4,1583.0,S1,qlearning,1,981,0.1,2.0,1.0,5.0,10.0,0.7,indicator
0.1090854751942618,6289.0,0,1527.0,1530.0,S1,qlearning,1,982,0.1,2.0,1.0,5.0,10.0,0.7,indicator
0.08999653859466944,5510.0,1,1494.2,1502.0,S1,qlearning,1,983,0.1,2.0,1.0,5.0,10.0,0.7,indicator
0.11819887429643527,5017.0,1,1548.6,1654.0,S1,qlearning,1,984,0.1,2.0,1.0,5.0,10.0,0.7,indicator
0.12376237623762376,5273.0,0,1498.2,1511.0,S1,qlearning,1,985,0.1,2.0,1.0,5.0,10.0,0.7,indicator
0.10976773783009863,5968.0,4,1537.6,1540.0,S1,qlearning,1,986,0.1,2.0,1.0,5.0,10.0,0.7,indicator
0.13975155279503104,5363.0,0,1553.0,1592.0,S1,qlearning,1,987,0.1,2.0,1.0,5.0,10.0,0.7,indicator
0.10790172642762284,5806.0,9,1453.2,1471.0,S1,qlearning,1,988,0.1,2.0,1.0,5.0,10.0,0.7,indicator
0.11735419630156473,5301.0,2,1450.0,1452.0,S1,qlearning,1,989,0.1,2.0,1.0,5.0,10.0,0.7,indicator
0.10560941828254848,5463.0,0,1438.8,1468.0,S1,qlearning,1,990,0.1,2.0,1.0,5.0,10.0,0.7,indicator
0.13603069410533658,5376.0,3,1559.8,1610.0,S1,qlearning,1,991,0.1,2.0,1.0,5.0,10.0,0.7,indicator
0.11701337295690936,5051.0,0,1314.0,1328.0,S1,qlearning,1,992,0.1,2.0,1.0,5.0,10.0,0.7,indicator
0.11436740528949249,5273.0,1,1525.3999999999999,1557.0,S1,qlearning,1,993,0.1,2.0,1.0,5.0,10.0,0.7,indicator
0.1536926147704591,4597.0,0,1273.3999999999999,1316.0,S1,qlearning,1,994,0.1,2.0,1.0,5.0,10.0,0.7,indicator
0.12464887640449439,5353.4,3,1457.8,1496.0,S1,qlearning,1,995,0.1,2.0,1.0,5.0,10.0,0.7,indicator
0.1347488770926909,4645.0,6,1337.4,1349.0,S1,qlearning,1,996,0.1,2.0,1.0,5.0,10.0,0.7,indicator
0.08744038155802862,5992.0,0,1640.4,1665.0,S1,qlearning,1,997,0.1,2.0,1.0,5.0,10.0,0.7,indicator
0.1439232409381663,5250.0,4,1397.6,1422.0,S1,qlearning,1,998,0.1,2.0,1.0,5.0,10.0,0.7,indicator
0.133308984660336,5103.0,2,1451.6,1515.0,S1,qlearning,1,999,0.1,2.0,1.0,5.0,10.0,0.7,indicator
0.11338697878566203,5155.0,2,1284.4,1285.0,S1,qlearning,2,0,0.1,2.0,1.0,5.0,10.0,0.7,indicator
0.10219822599305824,4903.0,0,1400.4,1416.0,S1,qlearning,2,1,0.1,2.0,1.0,5.0,10.0,0.7,indicator
0.12167423750811161,5771.0,0,1644.6,1661.0,S1,qlearning,2,2,0.1,2.0,1.0,5.0,10.0,0.7,indicator
0.125,5192.0,2,1496.0,1553.0,S1,qlearning,2,3,0.1,2.0,1.0,5.0,10.0,0.7,indicator
0.1395007342143906,5095.9,3,1429.92,1490.9,S1,qlearning,2,4,0.1,2.0,1.0,5.0,10.0,0.7,indicator
0.1232454638822321,5479.0,2,1632.8,1678.0,S1,qlearning,2,5,0.1,2.0,1.0,5.0,10.0,0.7,indicator
0.1279673590504451,5034.0,0,1488.2,1519.0,S1,qlearning,2,6,0.1,2.0,1.0,5.0,10.0,0.7,indicator
0.11560693641618497,5263.0,3,1532.3999999999999,1598.0,S1,qlearning,2,7,0.1,2.0,1.0,5.0,10.0,0.7,indicator
0.12254901960784313,5329.0,0,1453.2,1482.0,S1,qlearning,2,8,0.1,2.0,1.0,5.0,10.0,0.7,indicator
0.10312600708991299,5883.0,1,1660.3999999999999,1714.0,S1,qlearning,2,9,0.1,2.0,1.0,5.0,10.0,0.7,indicator
0.14071294559099437,4947.0,2,1393.6,1449.0,S1,qlearning,2,10,0.1,2.0,1.0,5.0,10.0,0.7,indicator
0.14089595375722544,5108.0,0,1447.2,1469.0,S1,qlearning,2,11,0.1,2.0,1.0,5.0,10.0,0.7,indicator
0.1134089392928619,5623.0,0,1547.0,1581.0,S1,qlearning,2,12,0.1,2.0,1.0,5.0,10.0,0.7,indicator
0.1286833271167475,4999.0,0,1277.2,1296.0,S1,qlearning,2,13,0.1,2.0,1.0,5.0,10.0,0.7,indicator
0.10936300844205679,4954.0,4,1318.6,1349.0,S1,qlearning,2,14,0.1,2.0,1.0,5.0,10.0,0.7,indicator
0.11380057803468208,5188.0,0,1509.0,1550.0,S1,qlearning,2,15,0.1,2.0,1.0,5.0,10.0,0.7,indicator
0.16965678627145087,4740.0,4,1375.8,1392.0,S1,qlearning,2,16,0.1,2.0,1.0,5.0,10.0,0.7,indicator
0.10645266950540452,5808.0,3,1629.6,1663.0,S1,qlearning,2,17,0.1,2.0,1.0,5.0,10.0,0.7,indicator
0.14477017734346725,5143.9,2,1359.58,1395.0,S1,qlearning,2,18,0.1,2.0,1.0,5.0,10.0,0.7,indicator
0.1245995016019936,5235.2,0,1482.0,1499.0,S1,qlearning,2,19,0.1,2.0,1.0,5.0,10.0,0.7,indicator
0.11270491803278689,5543.0,2,1491.3999999999999,1545.0,S1,qlearning,2,20,0.1,2.0,1.0,5.0,10.0,0.7,indicator
0.09786787836420832,5494.0,4,1542.2,1555.0,S1,qlearning,2,21,0.1,2.0,1.0,5.0,10.0,0.7,indicator
0.1153184165232358,5447.0,1,1470.0,1549.0,S1,qlearning,2,22,0.1,2.0,1.0,5.0,10.0,0.7,indicator
0.10979121670266379,5268.0,2,1356.6,1362.0,S1,qlearning,2,23,0.1,2.0,1.0,5.0,10.0,0.7,indicator
0.11126810314376545,5319.0,0,1460.6,1478.0,S1,qlearning,2,24,0.1,2.0,1.0,5.0,10.0,0.7,indicator
0.12100840336134454,5572.0,1,1482.0,1497.0,S1,qlearning,2,25,0.1,2.0,1.0,5.0,10.0,0.7,indicator
0.12463872832369942,5238.2,4,1375.4,1393.0,S1,qlearning,2,26,0.1,2.0,1.0,5.0,10.0,0.7,indicator
0.1294390972452705,5603.0,0,1321.6,1323.0,S1,qlearning,2,27,0.1,2.0,1.0,5.0,10.0,0.7,indicator
0.11266643905769887,5485.0,0,1453.2,1479.0,S1,qlearning,2,28,0.1,2.0,1.0,5.0,10.0,0.7,indicator
0.13004146249528836,4943.5,1,1422.6,1457.0,S1,qlearning,2,29,0.1,2.0,1.0,5.0,10.0,0.7,indicator
0.07902298850574713,5375.0,3,1586.0,1636.0,S1,qlearning,2,30,0.1,2.0,1.0,5.0,10.0,0.7,indicator
0.12579671251257968,5624.0,3,1539.0,1551.0,S1,qlearning,2,31,0.1,2.0,1.0,5.0,10.0,0.7,indicator
0.10353021045485404,5564.7,0,1577.8,1650.0,S1,qlearning,2,32,0.1,2.0,1.0,5.0,10.0,0.7,indicator
0.10731052984574112,5631.0,0,1500.2,1533.0,S1,qlearning,2,33,0.1,2.0,1.0,5.0,10.0,0.7,indicator
0.12311227839789889,5714.0,2,1643.2,1703.0,S1,qlearning,2,34,0.1,2.0,1.0,5.0,10.0,0.7,indicator
0.09725599166377215,5525.0,3,1539.2,1542.0,S1,qlearning,2,35,0.1,2.0,1.0,5.0,10.0,0.7,indicator
0.10958395245170877,5066.0,0,1325.8,1348.0,S1,qlearning,2,36,0.1,2.0,1.0,5.0,10.0,0.7,indicator
0.12475633528265107,4777.8,0,1241.6,1268.0,S1,qlearning,2,37,0.1,2.0,1.0,5.0,10.0,0.7,indicator
0.13075722092115535,4781.0,1,1254.3999999999999,1284.0,S1,qlearning,2,38,0.1,2.0,1.0,5.0,10.0,0.7,indicator
0.10176843510176843,5701.0,3,1460.2,1471.0,S1,qlearning,2,39,0.1,2.0,1.0,5.0,10.0,0.7,indicator
0.12345679012345678,5327.0,2,1377.4,1383.0,S1,qlearning,2,40,0.1,2.0,1.0,5.0,10.0,0.7,indicator
0.13347022587268995,4507.0,0,1286.2,1310.0,S1,qlearning,2,41,0.1,2.0,1.0,5.0,10.0,0.7,indicator
0.13551077136900624,5343.0,1,1463.6,1466.0,S1,qlearning,2,42,0.1,2.0,1.0,5.0,10.0,0.7,indicator
0.1337448559670782,4572.0,2,1213.2,1227.0,S1,qlearning,2,43,0.1,2.0,1.0,5.0,10.0,0.7,indicator
0.12226931855233127,5736.0,0,1639.4,1661.0,S1,qlearning,2,44,0.1,2.0,1.0,5.0,10.0,0.7,indicator
0.15092120736965894,4724.0,2,1338.2,1389.0,S1,qlearning,2,45,0.1,2.0,1.0,5.0,10.0,0.7,indicator
0.11777301927194861,5266.0,0,1301.0,1325.0,S1,qlearning,2,46,0.1,2.0,1.0,5.0,10.0,0.7,indicator
0.11876947040498442,4813.1,1,1275.8,1276.0,S1,qlearning,2,47,0.1,2.0,1.0,5.0,10.0,0.7,indicator
0.09561128526645768,6072.0,0,1623.8,1675.0,S1,qlearning,2,48,0.1,2.0,1.0,5.0,10.0,0.7,indicator
0.09287338893100834,4998.0,0,1516.3999999999999,1591.0,S1,qlearning,2,49,0.1,2.0,1.0,5.0,10.0,0.7,indicator
0.1134020618556701,5502.0,0,1462.0,1484.0,S1,qlearning,2,50,0.1,2.0,1.0,5.0,10.0,0.7,indicator
0.11838697743248243,5093.0,1,1267.0,1291.0,S1,qlearning,2,51,0.1,2.0,1.0,5.0,10.0,0.7,indicator
0.1375968992248062,4812.0,2,1331.4,1356.0,S1,qlearning,2,52,0.1,2.0,1.0,5.0,10.0,0.7,indicator
0.11571056062581486,5863.0,6,1525.6,1538.0,S1,qlearning,2,53,0.1,2.0,1.0,5.0,10.0,0.7,indicator
0.09317803660565724,5757.0,4,1414.8,1432.0,S1,qlearning,2,54,0.1,2.0,1.0,5.0,10.0,0.7,indicator
0.1551094890510949,5047.7,1,1331.0,1393.0,S1,qlearning,2,55,0.1,2.0,1.0,5.0,10.0,0.7,indicator
0.10459469555472543,5081.0,3,1439.8,1494.0,S1,qlearning,2,56,0.1,2.0,1.0,5.0,10.0,0.7,indicator
0.12290701816886355,5246.0,0,1411.4,1416.0,S1,qlearning,2,57,0.1,2.0,1.0,5.0,10.0,0.7,indicator
0.09689274974941531,5688.0,1,1426.6,1429.0,S1,qlearning,2,58,0.1,2.0,1.0,5.0,10.0,0.7,indicator
0.11483550589695841,6041.0,0,1644.2,1655.0,S1,qlearning,2,59,0.1,2.0,1.0,5.0,10.0,0.7,indicator
0.1055512118842846,4833.0,1,1220.4,1227.0,S1,qlearning,2,60,0.1,2.0,1.0,5.0,10.0,0.7,indicator
0.11510289501220788,5436.0,2,1523.6,1556.0,S1,qlearning,2,61,0.1,2.0,1.0,5.0,10.0,0.7,indicator
0.09146341463414634,5353.0,2,1612.8,1701.0,S1,qlearning,2,62,0.1,2.0,1.0,5.0,10.0,0.7,indicator
0.14489795918367346,4512.4,0,1268.08,1318.0,S1,qlearning,2,63,0.1,2.0,1.0,5.0,10.0,0.7,indicator
0.10533707865168539,5423.0,3,1495.4,1517.0,S1,qlearning,2,64,0.1,2.0,1.0,5.0,10.0,0.7,indicator
0.11574886004910558,5344.0,1,1414.3999999999999,1451.0,S1,qlearning,2,65,0.1,2.0,1.0,5.0,10.0,0.7,indicator
0.12111352133044107,5169.0,1,1307.4,1322.0,S1,qlearning,2,66,0.1,2.0,1.0,5.0,10.0,0.7,indicator
0.11138613861386139,4575.0,1,1272.0,1297.0,S1,qlearning,2,67,0.1,2.0,1.0,5.0,10.0,0.7,indicator
0.12126865671641791,5032.0,1,1314.4,1339.0,S1,qlearning,2,68,0.1,2.0,1.0,5.0,10.0,0.7,indicator
0.1207115628970775,5918.0,2,1528.0,1551.0,S1,qlearning,2,69,0.1,2.0,1.0,5.0,10.0,0.7,indicator
0.12743362831858407,5247.0,0,1347.0,1353.0,S1,qlearning,2,70,0.1,2.0,1.0,5.0,10.0,0.7,indicator
0.15652792600498044,5145.1,0,1425.8799999999999,1465.1,S1,qlearning,2,71,0.1,2.0,1.0,5.0,10.0,0.7,indicator
0.1312869822485207,5020.0,0,1373.6,1447.0,S1,qlearning,2,72,0.1,2.0,1.0,5.0,10.0,0.7,indicator
0.10542689249913585,5463.0,0,1545.0,1593.0,S1,qlearning,2,73,0.1,2.0,1.0,5.0,10.0,0.7,indicator
0.11895910780669144,5042.0,1,1399.0,1422.0,S1,qlearning,2,74,0.1,2.0,1.0,5.0,10.0,0.7,indicator
0.115957078573901,5425.0,0,1582.3999999999999,1632.0,S1,qlearning,2,75,0.1,2.0,1.0,5.0,10.0,0.7,indicator
0.11783327470981357,5308.0,0,1522.3999999999999,1599.0,S1,qlearning,2,76,0.1,2.0,1.0,5.0,10.0,0.7,indicator
0.1283855082659163,5293.0,1,1424.0,1430.0,S1,qlearning,2,77,0.1,2.0,1.0,5.0,10.0,0.7,indicator
0.1305025321386833,4801.0,1,1325.3999999999999,1365.0,S1,qlearning,2,78,0.1,2.0,1.0,5.0,10.0,0.7,indicator
0.10837438423645321,5737.0,1,1591.2,1605.0,S1,qlearning,2,79,0.1,2.0,1.0,5.0,10.0,0.7,indicator
0.12271973466003316,5727.0,5,1457.8,1465.0,S1,qlearning,2,80,0.1,2.0,1.0,5.0,10.0,0.7,indicator
0.11165387299371947,5409.0,2,1646.1999999999998,1732.0,S1,qlearning,2,81,0.1,2.0,1.0,5.0,10.0,0.7,indicator
0.1303680981595092,4879.8,1,1332.0,1342.0,S1,qlearning,2,82,0.1,2.0,1.0,5.0,10.0,0.7,indicator
0.09001058948111543,5488.0,5,1453.2,1467.0,S1,qlearning,2,83,0.1,2.0,1.0,5.0,10.0,0.7,indicator
0.14556040756914118,5088.0,1,1377.4,1388.0,S1,qlearning,2,84,0.1,2.0,1.0,5.0,10.0,0.7,indicator
0.13456362937331795,4829.0,0,1310.0,1347.0,S1,qlearning,2,85,0.1,2.0,1.0,5.0,10.0,0.7,indicator
0.10673536989326463,5156.0,2,1383.2,1425.0,S1,qlearning,2,86,0.1,2.0,1.0,5.0,10.0,0.7,indicator
0.10675533776688835,5421.0,1,1441.8,1468.0,S1,qlearning,2,87,0.1,2.0,1.0,5.0,10.0,0.7,indicator
0.0996221229817932,5489.0,0,1449.2,1460.0,S1,qlearning,2,88,0.1,2.0,1.0,5.0,10.0,0.7,indicator
0.11267605633802817,5372.0,3,1494.2,1524.0,S1,qlearning,2,89,0.1,2.0,1.0,5.0,10.0,0.7,indicator
0.0991994430908458,5508.0,6,1672.3999999999999,1746.0,S1,qlearning,2,90,0.1,2.0,1.0,5.0,10.0,0.7,indicator
0.11593242795627691,5650.0,0,1604.3999999999999,1667.0,S1,qlearning,2,91,0.1,2.0,1.0,5.0,10.0,0.7,indicator
0.1452599388379205,4829.0,1,1221.6,1231.0,S1,qlearning,2,92,0.1,2.0,1.0,5.0,10.0,0.7,indicator
0.10996563573883161,5482.0,1,1429.2,1475.0,S1,qlearning,2,93,0.1,2.0,1.0,5.0,10.0,0.7,indicator
0.13727560718057022,5249.0,0,1315.6,1326.0,S1,qlearning,2,94,0.1,2.0,1.0,5.0,10.0,0.7,indicator
0.14285714285714285,4852.0,0,1388.4,1396.0,S1,qlearning,2,95,0.1,2.0,1.0,5.0,10.0,0.7,indicator
0.11775700934579439,5037.0,2,1459.3999999999999,1520.0,S1,qlearning,2,96,0.1,2.0,1.0,5.0,10.0,0.7,indicator
0.16186340307935254,4628.0,1,1365.2,1415.0,S1,qlearning,2,97,0.1,2.0,1.0,5.0,10.0,0.7,indicator
0.11727475800446761,5069.7,3,1366.34,1388.0,S1,qlearning,2,98,0.1,2.0,1.0,5.0,10.0,0.7,indicator
0.12209531311539977,4760.0,0,1188.6,1196.0,S1,qlearning,2,99,0.1,2.0,1.0,5.0,10.0,0.7,indicator
0.11411516853932584,5413.0,4,1427.2,1459.0,S1,qlearning,2,100,0.1,2.0,1.0,5.0,10.0,0.7,indicator
0.12195121951219512,5963.0,0,1750.6,1777.0,S1,qlearning,2,101,0.1,2.0,1.0,5.0,10.0,0.7,indicator
0.1532349602724177,4849.0,0,1537.8,1611.0,S1,qlearning,2,102,0.1,2.0,1.0,5.0,10.0,0.7,indicator
0.1610239471511148,4461.0,2,1285.2,1319.0,S1,qlearning,2,103,0.1,2.0,1.0,5.0,10.0,0.7,indicator
0.11909058101768315,5234.0,2,1444.6,1500.0,S1,qlearning,2,104,0.1,2.0,1.0,5.0,10.0,0.7,indicator
0.10382513661202186,5167.0,0,1349.0,1350.0,S1,qlearning,2,105,0.1,2.0,1.0,5.0,10.0,0.7,indicator
0.11219147344801796,5025.0,0,1415.0,1422.0,S1,qlearning,2,106,0.1,2.0,1.0,5.0,10.0,0.7,indicator
0.11260556771973726,5991.0,0,1713.8,1761.0,S1,qlearning,2,107,0.1,2.0,1.0,5.0,10.0,0.7,indicator
0.12441399206635413,5158.0,0,1662.0,1667.0,S1,qlearning,2,108,0.1,2.0,1.0,5.0,10.0,0.7,indicator
0.11819484240687679,5241.7,1,1668.0,1744.0,S1,qlearning,2,109,0.1,2.0,1.0,5.0,10.0,0.7,indicator
0.1111871365035922,5498.0,1,1604.6,1608.0,S1,qlearning,2,110,0.1,2.0,1.0,5.0,10.0,0.7,indicator
0.11382382052128011,5674.0,0,1536.2,1582.0,S1,qlearning,2,111,0.1,2.0,1.0,5.0,10.0,0.7,indicator
0.10178117048346055,5229.0,2,1560.8,1656.0,S1,qlearning,2,112,0.1,2.0,1.0,5.0,10.0,0.7,indicator
0.14221556886227546,4986.0,2,1252.0,1265.0,S1,qlearning,2,113,0.1,2.0,1.0,5.0,10.0,0.7,indicator
0.11106997408367271,5074.0,1,1363.8,1365.0,S1,qlearning,2,114,0.1,2.0,1.0,5.0,10.0,0.7,indicator
0.10804769001490314,5045.0,0,1315.8,1318.0,S1,qlearning,2,115,0.1,2.0,1.0,5.0,10.0,0.7,indicator
0.11444921316165951,5234.0,0,1392.4,1411.0,S1,qlearning,2,116,0.1,2.0,1.0,5.0,10.0,0.7,indicator
0.10061391541609822,5561.0,1,1581.4,1595.0,S1,qlearning,2,117,0.1,2.0,1.0,5.0,10.0,0.7,indicator
0.10906298003072197,6167.0,2,1872.8,1961.0,S1,qlearning,2,118,0.1,2.0,1.0,5.0,10.0,0.7,indicator
0.11518324607329843,5442.0,4,1405.8,1422.0,S1,qlearning,2,119,0.1,2.0,1.0,5.0,10.0,0.7,indicator
0.11827608554763448,5794.0,0,1535.2,1536.0,S1,qlearning,2,120,0.1,2.0,1.0,5.0,10.0,0.7,indicator
0.11276758409785932,4974.0,4,1334.6,1349.0,S1,qlearning,2,121,0.1,2.0,1.0,5.0,10.0,0.7,indicator
0.10518934081346423,5381.0,0,1462.2,1492.0,S1,qlearning,2,122,0.1,2.0,1.0,5.0,10.0,0.7,indicator
0.14571948998178508,5077.0,1,1419.2,1456.0,S1,qlearning,2,123,0.1,2.0,1.0,5.0,10.0,0.7,indicator
0.12358049432197729,5630.0,3,1545.6,1599.0,S1,qlearning,2,124,0.1,2.0,1.0,5.0,10.0,0.7,indicator
0.14209591474245115,5247.0,3,1472.8,1495.0,S1,qlearning,2,125,0.1,2.0,1.0,5.0,10.0,0.7,indicator
0.1362397820163488,4745.0,0,1340.0,1368.0,S1,qlearning,2,126,0.1,2.0,1.0,5.0,10.0,0.7,indicator
0.10904425914047466,5938.0,4,1677.6,1697.0,S1,qlearning,2,127,0.1,2.0,1.0,5.0,10.0,0.7,indicator
0.12076537013801757,5953.0,0,1762.0,1780.0,S1,qlearning,2,128,0.1,2.0,1.0,5.0,10.0,0.7,indicator
0.10676156583629894,5372.0,6,1763.0,1846.0,S1,qlearning,2,129,0.1,2.0,1.0,5.0,10.0,0.7,indicator
0.12317834836918806,5426.0,3,1562.0,1598.0,S1,qlearning,2,130,0.1,2.0,1.0,5.0,10.0,0.7,indicator
0.1051939513477975,5721.0,0,1577.0,1593.0,S1,qlearning,2,131,0.1,2.0,1.0,5.0,10.0,0.7,indicator
0.09327115256495669,5741.0,3,1594.2,1640.0,S1,qlearning,2,132,0.1,2.0,1.0,5.0,10.0,0.7,indicator
0.10858500169664065,5581.0,2,1585.6,1634.0,S1,qlearning,2,133,0.1,2.0,1.0,5.0,10.0,0.7,indicator
0.08396946564885496,5182.0,11,1364.4,1372.0,S1,qlearning,2,134,0.1,2.0,1.0,5.0,10.0,0.7,indicator
0.12628111273792095,5081.0,0,1435.0,1473.0,S1,qlearning,2,135,0.1,2.0,1.0,5.0,10.0,0.7,indicator
0.1012216404886562,5417.0,0,1578.0,1650.0,S1,qlearning,2,136,0.1,2.0,1.0,5.0,10.0,0.7,indicator
0.12671594508975711,5384.0,4,1314.6,1327.0,S1,qlearning,2,137,0.1,2.0,1.0,5.0,10.0,0.7,indicator
0.09828788839568801,5970.0,0,1569.8,1606.0,S1,qlearning,2,138,0.1,2.0,1.0,5.0,10.0,0.7,indicator
0.12448132780082988,5482.4,4,1500.6,1510.0,S1,qlearning,2,139,0.1,2.0,1.0,5.0,10.0,0.7,indicator
0.10397665085735133,5179.0,0,1408.2,1453.0,S1,qlearning,2,140,0.1,2.0,1.0,5.0,10.0,0.7,indicator
0.1255539143279173,5123.0,4,1382.0,1393.0,S1,qlearning,2,141,0.1,2.0,1.0,5.0,10.0,0.7,indicator
0.15426147319706904,4788.7,2,1370.3999999999999,1419.0,S1,qlearning,2,142,0.1,2.0,1.0,5.0,10.0,0.7,indicator
0.13523956723338484,4803.0,0,1417.2,1468.0,S1,qlearning,2,143,0.1,2.0,1.0,5.0,10.0,0.7,indicator
0.13864513864513864,5285.0,0,1295.4,1297.0,S1,qlearning,2,144,0.1,2.0,1.0,5.0,10.0,0.7,indicator
0.12570965125709652,4679.2,5,1361.0,1376.0,S1,qlearning,2,145,0.1,2.0,1.0,5.0,10.0,0.7,indicator
0.1053864168618267,5725.0,3,1601.2,1628.0,S1,qlearning,2,146,0.1,2.0,1.0,5.0,10.0,0.7,indicator
0.12693935119887165,5284.0,0,1371.6,1379.0,S1,qlearning,2,147,0.1,2.0,1.0,5.0,10.0,0.7,indicator
0.09943181818181818,5314.0,0,1341.4,1358.0,S1,qlearning,2,148,0.1,2.0,1.0,5.0,10.0,0.7,indicator
0.14155889549108702,5334.0,4,1403.2,1416.0,S1,qlearning,2,149,0.1,2.0,1.0,5.0,10.0,0.7,indicator
0.1445188579485372,5246.0,0,1473.0,1498.0,S1,qlearning,2,150,0.1,2.0,1.0,5.0,10.0,0.7,indicator
0.14576747453459782,5261.0,1,1477.8,1490.0,S1,qlearning,2,151,0.1,2.0,1.0,5.0,10.0,0.7,indicator
0.11913357400722022,5167.0,0,1339.8,1374.0,S1,qlearning,2,152,0.1,2.0,1.0,5.0,10.0,0.7,indicator
0.11171171171171171,5217.0,0,1400.8,1447.0,S1,qlearning,2,153,0.1,2.0,1.0,5.0,10.0,0.7,indicator
0.1348819782690146,4980.0,2,1502.8,1571.0,S1,qlearning,2,154,0.1,2.0,1.0,5.0,10.0,0.7,indicator
0.12959381044487428,4892.0,4,1316.4,1330.0,S1,qlearning,2,155,0.1,2.0,1.0,5.0,10.0,0.7,indicator
0.11371467953135768,5456.0,1,1506.0,1520.0,S1,qlearning,2,156,0.1,2.0,1.0,5.0,10.0,0.7,indicator
0.1159366948840633,5126.0,1,1474.0,1483.0,S1,qlearning,2,157,0.1,2.0,1.0,5.0,10.0,0.7,indicator
0.10047683923705722,5609.0,2,1577.6,1624.0,S1,qlearning,2,158,0.1,2.0,1.0,5.0,10.0,0.7,indicator
0.12893439514599925,4911.0,0,1515.3999999999999,1560.0,S1,qlearning,2,159,0.1,2.0,1.0,5.0,10.0,0.7,indicator
0.10078740157480315,6057.0,3,1695.6,1756.0,S1,qlearning,2,160,0.1,2.0,1.0,5.0,10.0,0.7,indicator
0.1022884882108183,5465.0,2,1336.0,1341.0,S1,qlearning,2,161,0.1,2.0,1.0,5.0,10.0,0.7,indicator
0.10299625468164794,6085.0,2,1683.2,1730.0,S1,qlearning,2,162,0.1,2.0,1.0,5.0,10.0,0.7,indicator
0.1524008350730689,4412.0,2,1154.2,1168.0,S1,qlearning,2,163,0.1,2.0,1.0,5.0,10.0,0.7,indicator
0.1294435857805255,4798.0,0,1280.8,1290.0,S1,qlearning,2,164,0.1,2.0,1.0,5.0,10.0,0.7,indicator
0.1308139534883721,5106.0,0,1362.8,1392.0,S1,qlearning,2,165,0.1,2.0,1.0,5.0,10.0,0.7,indicator
0.09940704569236135,5416.0,0,1551.8,1593.0,S1,qlearning,2,166,0.1,2.0,1.0,5.0,10.0,0.7,indicator
0.1021753460777851,5715.0,0,1696.2,1760.0,S1,qlearning,2,167,0.1,2.0,1.0,5.0,10.0,0.7,indicator
0.1270358306188925,5782.0,5,1562.2,1565.0,S1,qlearning,2,168,0.1,2.0,1.0,5.0,10.0,0.7,indicator
0.10007552870090634,5078.0,5,1317.8,1321.0,S1,qlearning,2,169,0.1,2.0,1.0,5.0,10.0,0.7,indicator
0.13693693693693693,5147.0,1,1317.6,1320.0,S1,qlearning,2,170,0.1,2.0,1.0,5.0,10.0,0.7,indicator
0.12199497667743094,5203.8,0,1500.6,1528.0,S1,qlearning,2,171,0.1,2.0,1.0,5.0,10.0,0.7,indicator
0.14463566459172464,5059.0,2,1436.4,1455.0,S1,qlearning,2,172,0.1,2.0,1.0,5.0,10.0,0.7,indicator
0.11450381679389313,5179.0,1,1389.8,1427.0,S1,qlearning,2,173,0.1,2.0,1.0,5.0,10.0,0.7,indicator
0.13417521704814522,4716.1,0,1269.8,1293.0,S1,qlearning,2,174,0.1,2.0,1.0,5.0,10.0,0.7,indicator
0.13208876364917224,5280.0,0,1442.2,1474.0,S1,qlearning,2,175,0.1,2.0,1.0,5.0,10.0,0.7,indicator
0.11590003621876131,5189.0,0,1437.8,1467.0,S1,qlearning,2,176,0.1,2.0,1.0,5.0,10.0,0.7,indicator
0.12588652482269502,5262.0,0,1343.4,1356.0,S1,qlearning,2,177,0.1,2.0,1.0,5.0,10.0,0.7,indicator
0.1052819414703783,5306.0,1,1447.6,1478.0,S1,qlearning,2,178,0.1,2.0,1.0,5.0,10.0,0.7,indicator
0.15433499773036768,4028.0,0,1069.2,1095.0,S1,qlearning,2,179,0.1,2.0,1.0,5.0,10.0,0.7,indicator
0.1417074877536739,5268.0,0,1496.8,1558.0,S1,qlearning,2,180,0.1,2.0,1.0,5.0,10.0,0.7,indicator
0.11079342387419586,5348.3,6,1423.4,1433.0,S1,qlearning,2,181,0.1,2.0,1.0,5.0,10.0,0.7,indicator
0.11997405966277562,5821.2,2,1505.8,1543.0,S1,qlearning,2,182,0.1,2.0,1.0,5.0,10.0,0.7,indicator
0.11623475609756098,4930.0,0,1535.3999999999999,1620.0,S1,qlearning,2,183,0.1,2.0,1.0,5.0,10.0,0.7,indicator
0.09854014598540146,5182.0,1,1400.2,1431.0,S1,qlearning,2,184,0.1,2.0,1.0,5.0,10.0,0.7,indicator
0.09943181818181818,5399.0,4,1595.8,1683.0,S1,qlearning,2,185,0.1,2.0,1.0,5.0,10.0,0.7,indicator
0.1361731843575419,5320.0,0,1467.0,1495.0,S1,qlearning,2,186,0.1,2.0,1.0,5.0,10.0,0.7,indicator
0.126769838656569,5666.0,1,1530.8,1561.0,S1,qlearning,2,187,0.1,2.0,1.0,5.0,10.0,0.7,indicator
0.10249839846252402,5936.0,1,1612.6,1613.0,S1,qlearning,2,188,0.1,2.0,1.0,5.0,10.0,0.7,indicator
0.10136257892987703,5695.0,0,1476.8,1497.0,S1,qlearning,2,189,0.1,2.0,1.0,5.0,10.0,0.7,indicator
0.11444921316165951,5249.0,1,1485.4,1504.0,S1,qlearning,2,190,0.1,2.0,1.0,5.0,10.0,0.7,indicator
0.12935680919870643,5228.0,3,1496.6,1525.0,S1,qlearning,2,191,0.1,2.0,1.0,5.0,10.0,0.7,indicator
0.10154905335628227,5492.0,0,1399.4,1424.0,S1,qlearning,2,192,0.1,2.0,1.0,5.0,10.0,0.7,indicator
0.1446364001607071,4640.0,3,1288.3999999999999,1319.0,S1,qlearning,2,193,0.1,2.0,1.0,5.0,10.0,0.7,indicator
0.10141253169141615,5294.0,2,1434.6,1487.0,S1,qlearning,2,194,0.1,2.0,1.0,5.0,10.0,0.7,indicator
0.12091038406827881,5346.0,6,1337.8,1369.0,S1,qlearning,2,195,0.1,2.0,1.0,5.0,10.0,0.7,indicator
0.125,4987.0,0,1401.2,1414.0,S1,qlearning,2,196,0.1,2.0,1.0,5.0,10.0,0.7,indicator
0.12558306422676713,5206.0,1,1418.6,1459.0,S1,qlearning,2,197,0.1,2.0,1.0,5.0,10.0,0.7,indicator
0.15714833269451897,4765.0,0,1285.8,1298.0,S1,qlearning,2,198,0.1,2.0,1.0,5.0,10.0,0.7,indicator
0.12459371614301191,5160.0,0,1466.3999999999999,1532.0,S1,qlearning,2,199,0.1,2.0,1.0,5.0,10.0,0.7,indicator
0.13335987261146498,4751.0,4,1450.6,1494.0,S1,qlearning,2,200,0.1,2.0,1.0,5.0,10.0,0.7,indicator
0.12682551883166795,4911.5,5,1324.4,1328.0,S1,qlearning,2,201,0.1,2.0,1.0,5.0,10.0,0.7,indicator
0.16532258064516128,4607.0,4,1288.6,1338.0,S1,qlearning,2,202,0.1,2.0,1.0,5.0,10.0,0.7,indicator
0.1106676342525399,5199.0,1,1367.0,1369.0,S1,qlearning,2,203,0.1,2.0,1.0,5.0,10.0,0.7,indicator
0.1072961373390558,5705.0,1,1405.6,1412.0,S1,qlearning,2,204,0.1,2.0,1.0,5.0,10.0,0.7,indicator
0.12682551883166795,4886.0,2,1358.6,1442.0,S1,qlearning,2,205,0.1,2.0,1.0,5.0,10.0,0.7,indicator
0.12208454810495627,5160.0,2,1440.4,1456.0,S1,qlearning,2,206,0.1,2.0,1.0,5.0,10.0,0.7,indicator
0.1310641627543036,4804.0,4,1270.2,1289.0,S1,qlearning,2,207,0.1,2.0,1.0,5.0,10.0,0.7,indicator
0.11598857958601,5311.0,2,1469.8,1491.0,S1,qlearning,2,208,0.1,2.0,1.0,5.0,10.0,0.7,indicator
0.11913229018492176,5261.0,0,1349.4,1354.0,S1,qlearning,2,209,0.1,2.0,1.0,5.0,10.0,0.7,indicator
0.10560146923783287,6161.0,0,1790.4,1793.0,S1,qlearning,2,210,0.1,2.0,1.0,5.0,10.0,0.7,indicator
0.12614259597806216,5102.0,0,1417.8,1447.0,S1,qlearning,2,211,0.1,2.0,1.0,5.0,10.0,0.7,indicator
0.10934393638170974,5683.0,0,1608.4,1626.0,S1,qlearning,2,212,0.1,2.0,1.0,5.0,10.0,0.7,indicator
0.15549273021001617,4574.0,2,1212.0,1240.0,S1,qlearning,2,213,0.1,2.0,1.0,5.0,10.0,0.7,indicator
0.1348590110339191,4581.0,2,1258.2,1263.0,S1,qlearning,2,214,0.1,2.0,1.0,5.0,10.0,0.7,indicator
0.11737089201877934,5195.0,0,1459.4,1478.0,S1,qlearning,2,215,0.1,2.0,1.0,5.0,10.0,0.7,indicator
0.102803738317757,5087.0,0,1323.6,1334.0,S1,qlearning,2,216,0.1,2.0,1.0,5.0,10.0,0.7,indicator
0.13498312710911137,4932.0,0,1436.8,1473.0,S1,qlearning,2,217,0.1,2.0,1.0,5.0,10.0,0.7,indicator
0.11725293132328309,5577.0,0,1641.2,1691.0,S1,qlearning,2,218,0.1,2.0,1.0,5.0,10.0,0.7,indicator
0.13384671800513384,5056.0,0,1285.8,1296.0,S1,qlearning,2,219,0.1,2.0,1.0,5.0,10.0,0.7,indicator
0.11389096340552651,5013.0,0,1316.8,1337.0,S1,qlearning,2,220,0.1,2.0,1.0,5.0,10.0,0.7,indicator
0.11817865832464372,5411.0,0,1431.6,1445.0,S1,qlearning,2,221,0.1,2.0,1.0,5.0,10.0,0.7,indicator
0.1320193380438825,5010.0,1,1498.8,1552.0,S1,qlearning,2,222,0.1,2.0,1.0,5.0,10.0,0.7,indicator
0.11042097998619738,5453.0,0,1443.4,1462.0,S1,qlearning,2,223,0.1,2.0,1.0,5.0,10.0,0.7,indicator
0.12636612021857924,5513.0,2,1433.0,1468.0,S1,qlearning,2,224,0.1,2.0,1.0,5.0,10.0,0.7,indicator
0.156567710451403,4540.0,2,1147.4,1148.0,S1,qlearning,2,225,0.1,2.0,1.0,5.0,10.0,0.7,indicator
0.10683760683760683,5288.0,0,1531.0,1610.0,S1,qlearning,2,226,0.1,2.0,1.0,5.0,10.0,0.7,indicator
0.11619840443981963,5468.0,5,1458.0,1493.0,S1,qlearning,2,227,0.1,2.0,1.0,5.0,10.0,0.7,indicator
0.12363636363636364,5192.0,3,1444.4,1458.0,S1,qlearning,2,228,0.1,2.0,1.0,5.0,10.0,0.7,indicator
0.12893356643356643,4303.0,1,1114.8,1117.0,S1,qlearning,2,229,0.1,2.0,1.0,5.0,10.0,0.7,indicator
0.1146384479717813,5342.0,2,1543.0,1553.0,S1,qlearning,2,230,0.1,2.0,1.0,5.0,10.0,0.7,indicator
0.14127324749642345,5169.0,1,1452.8,1484.0,S1,qlearning,2,231,0.1,2.0,1.0,5.0,10.0,0.7,indicator
0.10748959778085991,5420.6,0,1542.8,1572.0,S1,qlearning,2,232,0.1,2.0,1.0,5.0,10.0,0.7,indicator
0.12360311547578734,5543.0,1,1439.4,1443.0,S1,qlearning,2,233,0.1,2.0,1.0,5.0,10.0,0.7,indicator
0.12932604735883424,5122.0,0,1393.0,1440.0,S1,qlearning,2,234,0.1,2.0,1.0,5.0,10.0,0.7,indicator
0.13503514613392525,5053.0,1,1333.0,1346.0,S1,qlearning,2,235,0.1,2.0,1.0,5.0,10.0,0.7,indicator
0.16031686156167485,4884.0,2,1270.0,1295.0,S1,qlearning,2,236,0.1,2.0,1.0,5.0,10.0,0.7,indicator
0.10571923743500866,5457.0,2,1479.2,1491.0,S1,qlearning,2,237,0.1,2.0,1.0,5.0,10.0,0.7,indicator
0.10125361620057859,5889.0,1,1649.8,1660.0,S1,qlearning,2,238,0.1,2.0,1.0,5.0,10.0,0.7,indicator
0.1447067783701447,4879.0,1,1436.0,1472.0,S1,qlearning,2,239,0.1,2.0,1.0,5.0,10.0,0.7,indicator
0.13009708737864079,4797.0,1,1193.8,1231.0,S1,qlearning,2,240,0.1,2.0,1.0,5.0,10.0,0.7,indicator
0.08945998698763825,5860.0,0,1595.4,1612.0,S1,qlearning,2,241,0.1,2.0,1.0,5.0,10.0,0.7,indicator
0.11875654907439749,5413.0,3,1451.8,1466.0,S1,qlearning,2,242,0.1,2.0,1.0,5.0,10.0,0.7,indicator
0.11921216309606082,5415.0,0,1624.8,1637.0,S1,qlearning,2,243,0.1,2.0,1.0,5.0,10.0,0.7,indicator
0.13412816691505217,5095.0,7,1369.8,1371.0,S1,qlearning,2,244,0.1,2.0,1.0,5.0,10.0,0.7,indicator
0.15036351619299404,5574.0,0,1520.2,1550.0,S1,qlearning,2,245,0.1,2.0,1.0,5.0,10.0,0.7,indicator
0.12094207511139402,5861.0,0,1654.6,1698.0,S1,qlearning,2,246,0.1,2.0,1.0,5.0,10.0,0.7,indicator
0.1324634242783709,4695.2,0,1107.04,1110.0,S1,qlearning,2,247,0.1,2.0,1.0,5.0,10.0,0.7,indicator
0.11320754716981132,5482.0,0,1502.8,1535.0,S1,qlearning,2,248,0.1,2.0,1.0,5.0,10.0,0.7,indicator
0.11311417462000707,5315.0,0,1533.3999999999999,1629.0,S1,qlearning,2,249,0.1,2.0,1.0,5.0,10.0,0.7,indicator
0.11030741410488246,5197.0,0,1360.0,1364.0,S1,qlearning,2,250,0.1,2.0,1.0,5.0,10.0,0.7,indicator
0.1405775075987842,4916.0,4,1360.8,1384.0,S1,qlearning,2,251,0.1,2.0,1.0,5.0,10.0,0.7,indicator
0.1120199146514936,5296.5,0,1269.7,1281.0,S1,qlearning,2,252,0.1,2.0,1.0,5.0,10.0,0.7,indicator
0.1627728839525086,4789.0,1,1357.6,1408.0,S1,qlearning,2,253,0.1,2.0,1.0,5.0,10.0,0.7,indicator
0.12211668928086838,5498.0,0,1440.6,1450.0,S1,qlearning,2,254,0.1,2.0,1.0,5.0,10.0,0.7,indicator
0.12144992526158445,5014.0,0,1323.2,1373.0,S1,qlearning,2,255,0.1,2.0,1.0,5.0,10.0,0.7,indicator
0.12377138696760102,5236.0,8,1526.6,1554.0,S1,qlearning,2,256,0.1,2.0,1.0,5.0,10.0,0.7,indicator
0.12495406100698273,5109.0,2,1462.3999999999999,1529.0,S1,qlearning,2,257,0.1,2.0,1.0,5.0,10.0,0.7,indicator
0.13651877133105803,5432.0,1,1460.6,1469.0,S1,qlearning,2,258,0.1,2.0,1.0,5.0,10.0,0.7,indicator
0.11739594450373532,5254.0,0,1379.0,1391.0,S1,qlearning,2,259,0.1,2.0,1.0,5.0,10.0,0.7,indicator
0.10434782608695652,5442.0,2,1522.3999999999999,1556.0,S1,qlearning,2,260,0.1,2.0,1.0,5.0,10.0,0.7,indicator
0.10740740740740741,5127.0,2,1445.3999999999999,1490.0,S1,qlearning,2,261,0.1,2.0,1.0,5.0,10.0,0.7,indicator
0.14601272931486334,4939.0,1,1345.8,1359.0,S1,qlearning,2,262,0.1,2.0,1.0,5.0,10.0,0.7,indicator
0.11467054969057153,5196.0,2,1619.8,1730.0,S1,qlearning,2,263,0.1,2.0,1.0,5.0,10.0,0.7,indicator
0.11757425742574257,6046.0,0,1638.8,1695.0,S1,qlearning,2,264,0.1,2.0,1.0,5.0,10.0,0.7,indicator
0.09315589353612168,4997.0,0,1488.0,1568.0,S1,qlearning,2,265,0.1,2.0,1.0,5.0,10.0,0.7,indicator
0.0975699558173785,5214.6,3,1469.72,1513.0,S1,qlearning,2,266,0.1,2.0,1.0,5.0,10.0,0.7,indicator
0.15306122448979592,4723.0,3,1258.6,1260.0,S1,qlearning,2,267,0.1,2.0,1.0,5.0,10.0,0.7,indicator
0.09563758389261745,5667.0,1,1558.6,1625.0,S1,qlearning,2,268,0.1,2.0,1.0,5.0,10.0,0.7,indicator
0.12802768166089964,5397.0,2,1538.2,1544.0,S1,qlearning,2,269,0.1,2.0,1.0,5.0,10.0,0.7,indicator
0.129043358568479,5419.0,1,1503.2,1556.0,S1,qlearning,2,270,0.1,2.0,1.0,5.0,10.0,0.7,indicator
0.10728882833787466,5604.0,3,1544.8,1562.0,S1,qlearning,2,271,0.1,2.0,1.0,5.0,10.0,0.7,indicator
0.13328396890040725,5029.0,0,1507.1999999999998,1587.0,S1,qlearning,2,272,0.1,2.0,1.0,5.0,10.0,0.7,indicator
0.12842762929538354,5379.0,0,1613.3999999999999,1648.0,S1,qlearning,2,273,0.1,2.0,1.0,5.0,10.0,0.7,indicator
0.12345679012345678,5357.0,4,1514.6,1518.0,S1,qlearning,2,274,0.1,2.0,1.0,5.0,10.0,0.7,indicator
0.13376717281272596,5184.0,3,1547.0,1661.0,S1,qlearning,2,275,0.1,2.0,1.0,5.0,10.0,0.7,indicator
0.14817781337605127,4636.0,2,1356.8,1414.0,S1,qlearning,2,276,0.1,2.0,1.0,5.0,10.0,0.7,indicator
0.0936599423631124,5264.0,0,1471.6,1477.0,S1,qlearning,2,277,0.1,2.0,1.0,5.0,10.0,0.7,indicator
0.11348005502063274,5458.0,0,1513.4,1520.0,S1,qlearning,2,278,0.1,2.0,1.0,5.0,10.0,0.7,indicator
0.13374862587028216,5120.0,1,1313.6,1314.0,S1,qlearning,2,279,0.1,2.0,1.0,5.0,10.0,0.7,indicator
0.121492128678987,5476.0,0,1328.4,1332.0,S1,qlearning,2,280,0.1,2.0,1.0,5.0,10.0,0.7,indicator
0.11597084161696487,5678.0,1,1519.0,1541.0,S1,qlearning,2,281,0.1,2.0,1.0,5.0,10.0,0.7,indicator
0.11078823102070469,5189.3,0,1368.6,1394.0,S1,qlearning,2,282,0.1,2.0,1.0,5.0,10.0,0.7,indicator
0.1156767955801105,5489.0,4,1465.3999999999999,1509.0,S1,qlearning,2,283,0.1,2.0,1.0,5.0,10.0,0.7,indicator
0.11343176089305006,5226.0,0,1407.2,1453.0,S1,qlearning,2,284,0.1,2.0,1.0,5.0,10.0,0.7,indicator
0.11286277319957004,5299.0,2,1397.8,1406.0,S1,qlearning,2,285,0.1,2.0,1.0,5.0,10.0,0.7,indicator
0.10994587280108255,5544.0,0,1381.2,1385.0,S1,qlearning,2,286,0.1,2.0,1.0,5.0,10.0,0.7,indicator
0.08350730688935282,5525.0,2,1614.6,1713.0,S1,qlearning,2,287,0.1,2.0,1.0,5.0,10.0,0.7,indicator
0.11404779145546705,5226.0,2,1405.6,1425.0,S1,qlearning,2,288,0.1,2.0,1.0,5.0,10.0,0.7,indicator
0.09154929577464789,5402.0,0,1495.8,1574.0,S1,qlearning,2,289,0.1,2.0,1.0,5.0,10.0,0.7,indicator
0.09479489831092727,5509.0,1,1468.2,1479.0,S1,qlearning,2,290,0.1,2.0,1.0,5.0,10.0,0.7,indicator
0.12356421858684302,5398.8,2,1396.1599999999999,1424.0,S1,qlearning,2,291,0.1,2.0,1.0,5.0,10.0,0.7,indicator
0.10351966873706005,5486.0,0,1426.2,1427.0,S1,qlearning,2,292,0.1,2.0,1.0,5.0,10.0,0.7,indicator
0.11880515953835709,5504.0,0,1451.2,1486.0,S1,qlearning,2,293,0.1,2.0,1.0,5.0,10.0,0.7,indicator
0.1037483266398929,5633.0,0,1551.8,1571.0,S1,qlearning,2,294,0.1,2.0,1.0,5.0,10.0,0.7,indicator
0.1076923076923077,4892.6,0,1319.0,1334.0,S1,qlearning,2,295,0.1,2.0,1.0,5.0,10.0,0.7,indicator
0.10887772194304858,5642.0,2,1689.2,1745.0,S1,qlearning,2,296,0.1,2.0,1.0,5.0,10.0,0.7,indicator
0.12221041445270989,5338.0,4,1473.2,1506.0,S1,qlearning,2,297,0.1,2.0,1.0,5.0,10.0,0.7,indicator
0.14412053717654766,5643.0,0,1729.0,1829.0,S1,qlearning,2,298,0.1,2.0,1.0,5.0,10.0,0.7,indicator
0.13574660633484162,4499.0,0,1184.6,1227.0,S1,qlearning,2,299,0.1,2.0,1.0,5.0,10.0,0.7,indicator
0.12334644261708974,5236.0,1,1522.0,1575.0,S1,qlearning,2,300,0.1,2.0,1.0,5.0,10.0,0.7,indicator
0.10210493245366006,6038.0,1,1470.0,1475.0,S1,qlearning,2,301,0.1,2.0,1.0,5.0,10.0,0.7,indicator
0.10227272727272728,5822.0,1,1569.6,1619.0,S1,qlearning,2,302,0.1,2.0,1.0,5.0,10.0,0.7,indicator
0.12564543889845095,5407.0,0,1656.0,1694.0,S1,qlearning,2,303,0.1,2.0,1.0,5.0,10.0,0.7,indicator
0.11610762992996683,5113.0,1,1334.0,1346.0,S1,qlearning,2,304,0.1,2.0,1.0,5.0,10.0,0.7,indicator
0.10341261633919338,5489.0,0,1533.0,1542.0,S1,qlearning,2,305,0.1,2.0,1.0,5.0,10.0,0.7,indicator
0.13386123680241327,4941.0,0,1318.2,1322.0,S1,qlearning,2,306,0.1,2.0,1.0,5.0,10.0,0.7,indicator
0.15355805243445692,4907.0,1,1472.8,1487.0,S1,qlearning,2,307,0.1,2.0,1.0,5.0,10.0,0.7,indicator
0.1252847380410023,4915.0,0,1427.0,1453.0,S1,qlearning,2,308,0.1,2.0,1.0,5.0,10.0,0.7,indicator
0.10776738511590077,4640.0,0,1183.4,1198.0,S1,qlearning,2,309,0.1,2.0,1.0,5.0,10.0,0.7,indicator
0.11254612546125461,5122.0,2,1461.8,1513.0,S1,qlearning,2,310,0.1,2.0,1.0,5.0,10.0,0.7,indicator
0.10760667903525047,5072.0,0,1351.8,1358.0,S1,qlearning,2,311,0.1,2.0,1.0,5.0,10.0,0.7,indicator
0.12853949329359166,5060.0,4,1501.1999999999998,1574.0,S1,qlearning,2,312,0.1,2.0,1.0,5.0,10.0,0.7,indicator
0.11713286713286714,5407.0,2,1459.2,1478.0,S1,qlearning,2,313,0.1,2.0,1.0,5.0,10.0,0.7,indicator
0.1477832512315271,4860.0,0,1385.2,1449.0,S1,qlearning,2,314,0.1,2.0,1.0,5.0,10.0,0.7,indicator
0.10248324793062673,4781.0,0,1310.6,1331.0,S1,qlearning,2,315,0.1,2.0,1.0,5.0,10.0,0.7,indicator
0.13396375098502758,4713.7,1,1320.94,1322.0,S1,qlearning,2,316,0.1,2.0,1.0,5.0,10.0,0.7,indicator
0.1152516327314637,4863.0,0,1493.8,1559.0,S1,qlearning,2,317,0.1,2.0,1.0,5.0,10.0,0.7,indicator
0.11331444759206799,5290.0,0,1407.6,1417.0,S1,qlearning,2,318,0.1,2.0,1.0,5.0,10.0,0.7,indicator
0.08277130594727161,6261.0,2,1595.8,1607.0,S1,qlearning,2,319,0.1,2.0,1.0,5.0,10.0,0.7,indicator
0.1399662731871838,5497.0,0,1404.8,1412.0,S1,qlearning,2,320,0.1,2.0,1.0,5.0,10.0,0.7,indicator
0.0979020979020979,5437.0,1,1451.6,1475.0,S1,qlearning,2,321,0.1,2.0,1.0,5.0,10.0,0.7,indicator
0.12089498376037532,5214.0,3,1440.0,1472.0,S1,qlearning,2,322,0.1,2.0,1.0,5.0,10.0,0.7,indicator
0.11153712094806553,5435.0,3,1476.0,1508.0,S1,qlearning,2,323,0.1,2.0,1.0,5.0,10.0,0.7,indicator
0.10672188595093979,6015.0,5,1674.6,1723.0,S1,qlearning,2,324,0.1,2.0,1.0,5.0,10.0,0.7,indicator
0.12022630834512023,5273.0,0,1521.2,1562.0,S1,qlearning,2,325,0.1,2.0,1.0,5.0,10.0,0.7,indicator
0.08771929824561403,5407.0,0,1412.4,1421.0,S1,qlearning,2,326,0.1,2.0,1.0,5.0,10.0,0.7,indicator
0.11797752808988764,4982.0,0,1348.8,1381.0,S1,qlearning,2,327,0.1,2.0,1.0,5.0,10.0,0.7,indicator
0.10349507974211063,5591.0,2,1581.6,1616.0,S1,qlearning,2,328,0.1,2.0,1.0,5.0,10.0,0.7,indicator
0.13351393188854488,4805.0,1,1242.8,1261.0,S1,qlearning,2,329,0.1,2.0,1.0,5.0,10.0,0.7,indicator
0.12243428159884767,5261.0,4,1450.0,1463.0,S1,qlearning,2,330,0.1,2.0,1.0,5.0,10.0,0.7,indicator
0.11114797611147977,5680.9,2,1529.0,1556.0,S1,qlearning,2,331,0.1,2.0,1.0,5.0,10.0,0.7,indicator
0.129985754985755,5223.0,0,1415.2,1479.0,S1,qlearning,2,332,0.1,2.0,1.0,5.0,10.0,0.7,indicator
0.12211902304781562,5486.0,3,1526.2,1535.0,S1,qlearning,2,333,0.1,2.0,1.0,5.0,10.0,0.7,indicator
0.10834411384217335,5856.0,0,1516.2,1528.0,S1,qlearning,2,334,0.1,2.0,1.0,5.0,10.0,0.7,indicator
0.09753593429158111,5591.0,4,1650.0,1679.0,S1,qlearning,2,335,0.1,2.0,1.0,5.0,10.0,0.7,indicator
0.15384615384615385,4682.0,2,1376.6,1414.0,S1,qlearning,2,336,0.1,2.0,1.0,5.0,10.0,0.7,indicator
0.12150220913107511,5089.0,1,1372.6,1379.0,S1,qlearning,2,337,0.1,2.0,1.0,5.0,10.0,0.7,indicator
0.14610639938319198,4777.6,0,1303.4,1319.0,S1,qlearning,2,338,0.1,2.0,1.0,5.0,10.0,0.7,indicator
0.13777467736309731,5376.0,5,1409.6,1414.0,S1,qlearning,2,339,0.1,2.0,1.0,5.0,10.0,0.7,indicator
0.12318029115341546,4995.0,0,1253.2,1256.0,S1,qlearning,2,340,0.1,2.0,1.0,5.0,10.0,0.7,indicator
0.1301796846351302,5186.0,7,1329.6,1339.0,S1,qlearning,2,341,0.1,2.0,1.0,5.0,10.0,0.7,indicator
0.11480865224625623,5647.0,1,1551.6,1595.0,S1,qlearning,2,342,0.1,2.0,1.0,5.0,10.0,0.7,indicator
0.10821831869510665,6078.0,5,1667.6,1671.0,S1,qlearning,2,343,0.1,2.0,1.0,5.0,10.0,0.7,indicator
0.1466615206483983,4789.0,2,1363.6,1378.0,S1,qlearning,2,344,0.1,2.0,1.0,5.0,10.0,0.7,indicator
0.12781701984527413,5538.0,1,1527.2,1575.0,S1,qlearning,2,345,0.1,2.0,1.0,5.0,10.0,0.7,indicator
0.12881854987118144,5066.0,1,1352.3999999999999,1396.0,S1,qlearning,2,346,0.1,2.0,1.0,5.0,10.0,0.7,indicator
0.1269217018233822,5196.0,0,1508.2,1536.0,S1,qlearning,2,347,0.1,2.0,1.0,5.0,10.0,0.7,indicator
0.12191048764195057,5625.0,3,1612.4,1637.0,S1,qlearning,2,348,0.1,2.0,1.0,5.0,10.0,0.7,indicator
0.10504976041282713,5178.0,3,1408.2,1422.0,S1,qlearning,2,349,0.1,2.0,1.0,5.0,10.0,0.7,indicator
0.12414965986394558,5502.0,1,1569.3999999999999,1618.0,S1,qlearning,2,350,0.1,2.0,1.0,5.0,10.0,0.7,indicator
0.11063526052819414,5276.0,1,1458.6,1474.0,S1,qlearning,2,351,0.1,2.0,1.0,5.0,10.0,0.7,indicator
0.10469314079422383,5227.0,0,1395.8,1398.0,S1,qlearning,2,352,0.1,2.0,1.0,5.0,10.0,0.7,indicator
0.13607699966810488,5573.0,0,1512.6,1517.0,S1,qlearning,2,353,0.1,2.0,1.0,5.0,10.0,0.7,indicator
0.10897203051216854,5179.2,0,1301.8,1307.0,S1,qlearning,2,354,0.1,2.0,1.0,5.0,10.0,0.7,indicator
0.09418096199125463,5648.0,1,1448.4,1465.0,S1,qlearning,2,355,0.1,2.0,1.0,5.0,10.0,0.7,indicator
0.13924990716672855,5033.0,2,1381.4,1404.0,S1,qlearning,2,356,0.1,2.0,1.0,5.0,10.0,0.7,indicator
0.09344082081348479,5215.0,2,1413.6,1450.0,S1,qlearning,2,357,0.1,2.0,1.0,5.0,10.0,0.7,indicator
0.09907120743034056,6127.0,1,1675.3999999999999,1736.0,S1,qlearning,2,358,0.1,2.0,1.0,5.0,10.0,0.7,indicator
0.10335917312661498,5909.0,4,1664.2,1692.0,S1,qlearning,2,359,0.1,2.0,1.0,5.0,10.0,0.7,indicator
0.11871508379888268,5350.0,0,1699.3999999999999,1824.0,S1,qlearning,2,360,0.1,2.0,1.0,5.0,10.0,0.7,indicator
0.08330248056275454,5184.0,3,1651.6,1771.0,S1,qlearning,2,361,0.1,2.0,1.0,5.0,10.0,0.7,indicator
0.10340226817878585,5698.0,2,1544.4,1569.0,S1,qlearning,2,362,0.1,2.0,1.0,5.0,10.0,0.7,indicator
0.11730703842230533,5534.0,2,1434.2,1451.0,S1,qlearning,2,363,0.1,2.0,1.0,5.0,10.0,0.7,indicator
0.13335642535503983,5356.0,0,1465.4,1478.0,S1,qlearning,2,364,0.1,2.0,1.0,5.0,10.0,0.7,indicator
0.10141987829614604,5588.0,0,1487.0,1500.0,S1,qlearning,2,365,0.1,2.0,1.0,5.0,10.0,0.7,indicator
0.13381078024877496,4918.0,0,1345.2,1369.0,S1,qlearning,2,366,0.1,2.0,1.0,5.0,10.0,0.7,indicator
0.13865962363816442,5625.0,1,1575.2,1612.0,S1,qlearning,2,367,0.1,2.0,1.0,5.0,10.0,0.7,indicator
0.13130252100840337,5329.0,0,1615.0,1683.0,S1,qlearning,2,368,0.1,2.0,1.0,5.0,10.0,0.7,indicator
0.14141061452513967,5345.0,3,1419.0,1445.0,S1,qlearning,2,369,0.1,2.0,1.0,5.0,10.0,0.7,indicator
0.10167029774872913,5185.0,0,1522.0,1565.0,S1,qlearning,2,370,0.1,2.0,1.0,5.0,10.0,0.7,indicator
0.10207388204795852,5864.0,3,1556.2,1593.0,S1,qlearning,2,371,0.1,2.0,1.0,5.0,10.0,0.7,indicator
0.10813428018076178,5868.0,3,1564.6,1574.0,S1,qlearning,2,372,0.1,2.0,1.0,5.0,10.0,0.7,indicator
0.12398157987956075,5273.0,1,1381.8,1402.0,S1,qlearning,2,373,0.1,2.0,1.0,5.0,10.0,0.7,indicator
0.12614259597806216,5092.0,0,1303.4,1316.0,S1,qlearning,2,374,0.1,2.0,1.0,5.0,10.0,0.7,indicator
0.13599105812220566,4990.0,0,1388.0,1416.0,S1,qlearning,2,375,0.1,2.0,1.0,5.0,10.0,0.7,indicator
0.10577568838146408,5618.0,0,1616.3999999999999,1683.0,S1,qlearning,2,376,0.1,2.0,1.0,5.0,10.0,0.7,indicator
0.1253374469726186,4828.0,0,1349.3999999999999,1381.0,S1,qlearning,2,377,0.1,2.0,1.0,5.0,10.0,0.7,indicator
0.12421208750463478,5086.0,3,1332.3999999999999,1366.0,S1,qlearning,2,378,0.1,2.0,1.0,5.0,10.0,0.7,indicator
0.10283687943262411,5367.0,2,1432.6,1457.0,S1,qlearning,2,379,0.1,2.0,1.0,5.0,10.0,0.7,indicator
0.140641904075009,5143.0,1,1433.8,1447.0,S1,qlearning,2,380,0.1,2.0,1.0,5.0,10.0,0.7,indicator
0.12833502195204322,5584.0,3,1363.4,1384.0,S1,qlearning,2,381,0.1,2.0,1.0,5.0,10.0,0.7,indicator
0.13720598717034926,5204.0,0,1604.0,1666.0,S1,qlearning,2,382,0.1,2.0,1.0,5.0,10.0,0.7,indicator
0.09810442301296973,5726.0,1,1576.2,1611.0,S1,qlearning,2,383,0.1,2.0,1.0,5.0,10.0,0.7,indicator
0.1137780548628429,6098.0,3,1589.2,1604.0,S1,qlearning,2,384,0.1,2.0,1.0,5.0,10.0,0.7,indicator
0.1056578050443081,5585.0,3,1510.3999999999999,1557.0,S1,qlearning,2,385,0.1,2.0,1.0,5.0,10.0,0.7,indicator
0.10475557033588294,5706.0,3,1568.0,1595.0,S1,qlearning,2,386,0.1,2.0,1.0,5.0,10.0,0.7,indicator
0.10986964618249534,5072.0,2,1431.8,1494.0,S1,qlearning,2,387,0.1,2.0,1.0,5.0,10.0,0.7,indicator
0.0993485342019544,5807.0,0,1502.0,1524.0,S1,qlearning,2,388,0.1,2.0,1.0,5.0,10.0,0.7,indicator
0.12316176470588236,5072.0,0,1481.8,1570.0,S1,qlearning,2,389,0.1,2.0,1.0,5.0,10.0,0.7,indicator
0.10192937750273025,5181.0,0,1455.4,1482.0,S1,qlearning,2,390,0.1,2.0,1.0,5.0,10.0,0.7,indicator
0.11037891268533773,5732.0,2,1601.0,1622.0,S1,qlearning,2,391,0.1,2.0,1.0,5.0,10.0,0.7,indicator
0.11363636363636363,4967.0,2,1503.1999999999998,1585.0,S1,qlearning,2,392,0.1,2.0,1.0,5.0,10.0,0.7,indicator
0.11790102955828628,5634.0,0,1596.8,1656.0,S1,qlearning,2,393,0.1,2.0,1.0,5.0,10.0,0.7,indicator
0.11691348402182385,4819.0,1,1486.0,1524.0,S1,qlearning,2,394,0.1,2.0,1.0,5.0,10.0,0.7,indicator
0.1511917467093561,5219.0,3,1493.0,1542.0,S1,qlearning,2,395,0.1,2.0,1.0,5.0,10.0,0.7,indicator
0.1101878612716763,5239.8,0,1393.0,1439.0,S1,qlearning,2,396,0.1,2.0,1.0,5.0,10.0,0.7,indicator
0.1263001485884101,5031.5,0,1409.5,1463.0,S1,qlearning,2,397,0.1,2.0,1.0,5.0,10.0,0.7,indicator
0.14937759336099585,4472.0,3,1190.8,1200.0,S1,qlearning,2,398,0.1,2.0,1.0,5.0,10.0,0.7,indicator
0.10828463389480922,5525.3,4,1509.6399999999999,1536.3,S1,qlearning,2,399,0.1,2.0,1.0,5.0,10.0,0.7,indicator
0.12014134275618374,5347.0,2,1597.3999999999999,1660.0,S1,qlearning,2,400,0.1,2.0,1.0,5.0,10.0,0.7,indicator
0.11964285714285715,5232.0,0,1435.6,1478.0,S1,qlearning,2,401,0.1,2.0,1.0,5.0,10.0,0.7,indicator
0.13384671800513384,5061.0,0,1456.0,1459.0,S1,qlearning,2,402,0.1,2.0,1.0,5.0,10.0,0.7,indicator
0.0885896527285613,5361.0,0,1388.0,1418.0,S1,qlearning,2,403,0.1,2.0,1.0,5.0,10.0,0.7,indicator
0.13929618768328444,5088.0,3,1547.3999999999999,1611.0,S1,qlearning,2,404,0.1,2.0,1.0,5.0,10.0,0.7,indicator
0.11354046797084771,4995.8,5,1288.4,1299.0,S1,qlearning,2,405,0.1,2.0,1.0,5.0,10.0,0.7,indicator
0.12277580071174377,5252.0,0,1274.8,1294.0,S1,qlearning,2,406,0.1,2.0,1.0,5.0,10.0,0.7,indicator
0.14145141451414514,4505.0,0,1195.4,1204.0,S1,qlearning,2,407,0.1,2.0,1.0,5.0,10.0,0.7,indicator
0.11872455902306649,5623.0,6,1647.3999999999999,1687.0,S1,qlearning,2,408,0.1,2.0,1.0,5.0,10.0,0.7,indicator
0.09684473601999376,6129.0,4,1816.3999999999999,1907.0,S1,qlearning,2,409,0.1,2.0,1.0,5.0,10.0,0.7,indicator
0.144076840981857,5199.0,0,1306.6,1316.0,S1,qlearning,2,410,0.1,2.0,1.0,5.0,10.0,0.7,indicator
0.13468013468013468,4978.0,2,1300.4,1308.0,S1,qlearning,2,411,0.1,2.0,1.0,5.0,10.0,0.7,indicator
0.099527665317139,5635.0,1,1384.0,1388.0,S1,qlearning,2,412,0.1,2.0,1.0,5.0,10.0,0.7,indicator
0.11511511511511512,5721.9,5,1691.6,1760.0,S1,qlearning,2,413,0.1,2.0,1.0,5.0,10.0,0.7,indicator
0.1335676625659051,5327.0,2,1477.6,1536.0,S1,qlearning,2,414,0.1,2.0,1.0,5.0,10.0,0.7,indicator
0.11555989583333333,5756.0,0,1582.2,1605.0,S1,qlearning,2,415,0.1,2.0,1.0,5.0,10.0,0.7,indicator
0.12701100762066045,4421.4,2,1570.0,1688.0,S1,qlearning,2,416,0.1,2.0,1.0,5.0,10.0,0.7,indicator
0.10092653871608206,5761.0,3,1573.3999999999999,1625.0,S1,qlearning,2,417,0.1,2.0,1.0,5.0,10.0,0.7,indicator
0.11605035405192761,4766.0,0,1433.8,1455.0,S1,qlearning,2,418,0.1,2.0,1.0,5.0,10.0,0.7,indicator
0.09933774834437085,5984.0,0,1602.8,1607.0,S1,qlearning,2,419,0.1,2.0,1.0,5.0,10.0,0.7,indicator
0.11540962288686606,5779.0,0,1535.4,1536.0,S1,qlearning,2,420,0.1,2.0,1.0,5.0,10.0,0.7,indicator
0.1303894297635605,5334.4,0,1459.2,1485.0,S1,qlearning,2,421,0.1,2.0,1.0,5.0,10.0,0.7,indicator
0.1054481546572935,5372.0,0,1361.8,1385.0,S1,qlearning,2,422,0.1,2.0,1.0,5.0,10.0,0.7,indicator
0.10565902578796561,5271.0,0,1355.0,1363.0,S1,qlearning,2,423,0.1,2.0,1.0,5.0,10.0,0.7,indicator
0.12283737024221453,5507.0,5,1659.6,1706.0,S1,qlearning,2,424,0.1,2.0,1.0,5.0,10.0,0.7,indicator
0.09904492394764769,5356.0,0,1534.2,1576.0,S1,qlearning,2,425,0.1,2.0,1.0,5.0,10.0,0.7,indicator
0.08631921824104234,5872.0,2,1580.4,1588.0,S1,qlearning,2,426,0.1,2.0,1.0,5.0,10.0,0.7,indicator
0.11893434823977164,5923.0,2,1784.3999999999999,1829.0,S1,qlearning,2,427,0.1,2.0,1.0,5.0,10.0,0.7,indicator
0.08354522339266254,5363.0,5,1492.1999999999998,1563.0,S1,qlearning,2,428,0.1,2.0,1.0,5.0,10.0,0.7,indicator
0.127301214257736,4748.0,0,1283.0,1310.0,S1,qlearning,2,429,0.1,2.0,1.0,5.0,10.0,0.7,indicator
0.08043758043758044,5953.0,1,1838.6,1932.0,S1,qlearning,2,430,0.1,2.0,1.0,5.0,10.0,0.7,indicator
0.11209114296214627,5109.9,0,1434.0,1482.0,S1,qlearning,2,431,0.1,2.0,1.0,5.0,10.0,0.7,indicator
0.10423348300192431,5928.1,3,1616.0,1636.0,S1,qlearning,2,432,0.1,2.0,1.0,5.0,10.0,0.7,indicator
0.12452830188679245,4937.0,0,1419.3999999999999,1477.0,S1,qlearning,2,433,0.1,2.0,1.0,5.0,10.0,0.7,indicator
0.1264288188430897,5406.0,2,1699.3999999999999,1791.0,S1,qlearning,2,434,0.1,2.0,1.0,5.0,10.0,0.7,indicator
0.1143560872624912,5321.0,0,1436.6,1482.0,S1,qlearning,2,435,0.1,2.0,1.0,5.0,10.0,0.7,indicator
0.10171306209850108,5351.0,5,1501.8,1582.0,S1,qlearning,2,436,0.1,2.0,1.0,5.0,10.0,0.7,indicator
0.10914565299209635,5056.0,4,1382.6,1415.0,S1,qlearning,2,437,0.1,2.0,1.0,5.0,10.0,0.7,indicator
0.15384615384615385,4637.0,0,1156.4,1179.0,S1,qlearning,2,438,0.1,2.0,1.0,5.0,10.0,0.7,indicator
0.12815884476534295,5162.0,0,1387.2,1403.0,S1,qlearning,2,439,0.1,2.0,1.0,5.0,10.0,0.7,indicator
0.12310606060606061,4957.0,2,1511.1999999999998,1609.0,S1,qlearning,2,440,0.1,2.0,1.0,5.0,10.0,0.7,indicator
0.10925230454079891,5520.0,1,1588.3999999999999,1643.0,S1,qlearning,2,441,0.1,2.0,1.0,5.0,10.0,0.7,indicator
0.13573232323232323,5943.0,2,1542.2,1554.0,S1,qlearning,2,442,0.1,2.0,1.0,5.0,10.0,0.7,indicator
0.10012919896640828,5869.0,2,1561.6,1568.0,S1,qlearning,2,443,0.1,2.0,1.0,5.0,10.0,0.7,indicator
0.12912197059992053,4671.0,0,1167.6,1169.0,S1,qlearning,2,444,0.1,2.0,1.0,5.0,10.0,0.7,indicator
0.13112884834663627,4909.0,0,1388.2,1411.0,S1,qlearning,2,445,0.1,2.0,1.0,5.0,10.0,0.7,indicator
0.09960809928151534,5796.0,0,1488.8,1495.0,S1,qlearning,2,446,0.1,2.0,1.0,5.0,10.0,0.7,indicator
0.12594458438287154,5217.9,2,1446.1799999999998,1516.0,S1,qlearning,2,447,0.1,2.0,1.0,5.0,10.0,0.7,indicator
0.12148559527941687,5374.0,0,1473.2,1490.0,S1,qlearning,2,448,0.1,2.0,1.0,5.0,10.0,0.7,indicator
0.13445050662509742,4809.0,2,1240.8,1256.0,S1,qlearning,2,449,0.1,2.0,1.0,5.0,10.0,0.7,indicator
0.12160228898426323,5219.0,0,1337.2,1341.0,S1,qlearning,2,450,0.1,2.0,1.0,5.0,10.0,0.7,indicator
0.13917884481558804,5320.0,0,1388.6,1403.0,S1,qlearning,2,451,0.1,2.0,1.0,5.0,10.0,0.7,indicator
0.1280558789289872,4836.0,2,1384.0,1413.0,S1,qlearning,2,452,0.1,2.0,1.0,5.0,10.0,0.7,indicator
0.11254612546125461,5117.0,0,1380.0,1437.0,S1,qlearning,2,453,0.1,2.0,1.0,5.0,10.0,0.7,indicator
0.1515740380878352,4798.0,4,1326.8,1357.0,S1,qlearning,2,454,0.1,2.0,1.0,5.0,10.0,0.7,indicator
0.09285213735108619,5410.0,0,1547.8,1587.0,S1,qlearning,2,455,0.1,2.0,1.0,5.0,10.0,0.7,indicator
0.11269472986410341,5706.0,2,1524.4,1531.0,S1,qlearning,2,456,0.1,2.0,1.0,5.0,10.0,0.7,indicator
0.11274509803921569,5817.0,5,1519.2,1523.0,S1,qlearning,2,457,0.1,2.0,1.0,5.0,10.0,0.7,indicator
0.14058265582655827,5476.0,2,1440.8,1463.0,S1,qlearning,2,458,0.1,2.0,1.0,5.0,10.0,0.7,indicator
0.12485368708544674,4828.0,3,1362.2,1407.0,S1,qlearning,2,459,0.1,2.0,1.0,5.0,10.0,0.7,indicator
0.11627906976744186,4827.0,0,1378.2,1403.0,S1,qlearning,2,460,0.1,2.0,1.0,5.0,10.0,0.7,indicator
0.14772727272727273,4892.0,1,1266.4,1274.0,S1,qlearning,2,461,0.1,2.0,1.0,5.0,10.0,0.7,indicator
0.12367491166077739,5282.0,0,1418.6,1437.0,S1,qlearning,2,462,0.1,2.0,1.0,5.0,10.0,0.7,indicator
0.12653516933382955,5026.0,1,1353.0,1361.0,S1,qlearning,2,463,0.1,2.0,1.0,5.0,10.0,0.7,indicator
0.12530885986586657,5318.0,2,1334.8,1345.0,S1,qlearning,2,464,0.1,2.0,1.0,5.0,10.0,0.7,indicator
0.1201923076923077,5471.0,2,1547.2,1605.0,S1,qlearning,2,465,0.1,2.0,1.0,5.0,10.0,0.7,indicator
0.11550577528876443,5346.0,0,1533.3999999999999,1600.0,S1,qlearning,2,466,0.1,2.0,1.0,5.0,10.0,0.7,indicator
0.11639676113360324,5585.0,2,1739.6,1818.0,S1,qlearning,2,467,0.1,2.0,1.0,5.0,10.0,0.7,indicator
0.12998901501281582,5089.0,1,1234.2,1241.0,S1,qlearning,2,468,0.1,2.0,1.0,5.0,10.0,0.7,indicator
0.10078387458006718,5070.3,1,1474.86,1521.0,S1,qlearning,2,469,0.1,2.0,1.0,5.0,10.0,0.7,indicator
0.1429108687476495,4910.0,0,1370.3999999999999,1411.0,S1,qlearning,2,470,0.1,2.0,1.0,5.0,10.0,0.7,indicator
0.12280701754385964,5342.0,1,1436.0,1443.0,S1,qlearning,2,471,0.1,2.0,1.0,5.0,10.0,0.7,indicator
0.11266094420600858,5279.0,1,1499.6,1509.0,S1,qlearning,2,472,0.1,2.0,1.0,5.0,10.0,0.7,indicator
0.11406844106463879,5483.0,2,1496.8,1573.0,S1,qlearning,2,473,0.1,2.0,1.0,5.0,10.0,0.7,indicator
0.12495472654835205,5184.0,3,1399.0,1400.0,S1,qlearning,2,474,0.1,2.0,1.0,5.0,10.0,0.7,indicator
0.10442643391521197,6043.0,0,1778.2,1820.0,S1,qlearning,2,475,0.1,2.0,1.0,5.0,10.0,0.7,indicator
0.10254055708601163,6181.0,1,1647.6,1685.0,S1,qlearning,2,476,0.1,2.0,1.0,5.0,10.0,0.7,indicator
0.1430811446491572,4719.0,0,1179.6,1204.0,S1,qlearning,2,477,0.1,2.0,1.0,5.0,10.0,0.7,indicator
0.11948529411764706,5077.0,0,1323.0,1350.0,S1,qlearning,2,478,0.1,2.0,1.0,5.0,10.0,0.7,indicator
0.12413289521723257,5115.0,0,1375.4,1387.0,S1,qlearning,2,479,0.1,2.0,1.0,5.0,10.0,0.7,indicator
0.14077509108976483,5635.0,4,1468.8,1479.0,S1,qlearning,2,480,0.1,2.0,1.0,5.0,10.0,0.7,indicator
0.11023079572855667,5503.0,2,1554.4,1575.0,S1,qlearning,2,481,0.1,2.0,1.0,5.0,10.0,0.7,indicator
0.0970873786407767,5465.0,1,1401.6,1421.0,S1,qlearning,2,482,0.1,2.0,1.0,5.0,10.0,0.7,indicator
0.14178810555336746,4680.0,0,1314.3999999999999,1344.0,S1,qlearning,2,483,0.1,2.0,1.0,5.0,10.0,0.7,indicator
0.12285012285012285,4566.0,0,1416.8,1436.0,S1,qlearning,2,484,0.1,2.0,1.0,5.0,10.0,0.7,indicator
0.11747187293183323,5702.0,3,1591.8,1641.0,S1,qlearning,2,485,0.1,2.0,1.0,5.0,10.0,0.7,indicator
0.11513157894736842,5687.0,0,1491.2,1499.0,S1,qlearning,2,486,0.1,2.0,1.0,5.0,10.0,0.7,indicator
0.09009009009009009,5786.0,6,1451.6,1455.0,S1,qlearning,2,487,0.1,2.0,1.0,5.0,10.0,0.7,indicator
0.09378663540445487,4895.0,2,1332.2,1359.0,S1,qlearning,2,488,0.1,2.0,1.0,5.0,10.0,0.7,indicator
0.14327700220426157,5086.0,3,1359.4,1379.0,S1,qlearning,2,489,0.1,2.0,1.0,5.0,10.0,0.7,indicator
0.1240846216436127,4668.0,5,1445.3999999999999,1542.0,S1,qlearning,2,490,0.1,2.0,1.0,5.0,10.0,0.7,indicator
0.10214333556597455,5679.0,3,1582.8,1668.0,S1,qlearning,2,491,0.1,2.0,1.0,5.0,10.0,0.7,indicator
0.10286677908937605,5612.0,0,1449.8,1461.0,S1,qlearning,2,492,0.1,2.0,1.0,5.0,10.0,0.7,indicator
0.1290785227680172,5240.0,2,1429.0,1431.0,S1,qlearning,2,493,0.1,2.0,1.0,5.0,10.0,0.7,indicator
0.13425393172228614,4911.8,5,1411.6,1429.0,S1,qlearning,2,494,0.1,2.0,1.0,5.0,10.0,0.7,indicator
0.12509197939661515,5118.0,4,1329.8,1339.0,S1,qlearning,2,495,0.1,2.0,1.0,5.0,10.0,0.7,indicator
0.12165867032213845,5473.0,1,1532.6,1602.0,S1,qlearning,2,496,0.1,2.0,1.0,5.0,10.0,0.7,indicator
0.0859325270528326,6001.0,0,1783.2,1838.0,S1,qlearning,2,497,0.1,2.0,1.0,5.0,10.0,0.7,indicator
0.12136752136752137,5537.0,4,1400.8,1425.0,S1,qlearning,2,498,0.1,2.0,1.0,5.0,10.0,0.7,indicator
0.1202928870292887,5488.0,8,1416.4,1426.0,S1,qlearning,2,499,0.1,2.0,1.0,5.0,10.0,0.7,indicator
0.14629629629629629,4977.0,0,1303.8,1314.0,S1,qlearning,2,500,0.1,2.0,1.0,5.0,10.0,0.7,indicator
0.14807302231237324,4537.0,0,1178.6,1188.0,S1,qlearning,2,501,0.1,2.0,1.0,5.0,10.0,0.7,indicator
0.12283236994219653,5203.0,1,1309.6,1327.0,S1,qlearning,2,502,0.1,2.0,1.0,5.0,10.0,0.7,indicator
0.09079324625676967,5980.0,1,1599.2,1618.0,S1,qlearning,2,503,0.1,2.0,1.0,5.0,10.0,0.7,indicator
0.08859913072550986,5689.0,0,1525.2,1550.0,S1,qlearning,2,504,0.1,2.0,1.0,5.0,10.0,0.7,indicator
0.13486513486513488,5643.0,4,1546.6,1602.0,S1,qlearning,2,505,0.1,2.0,1.0,5.0,10.0,0.7,indicator
0.10695187165775401,4948.0,0,1395.6,1404.0,S1,qlearning,2,506,0.1,2.0,1.0,5.0,10.0,0.7,indicator
0.10609632873021219,5620.0,0,1647.2,1699.0,S1,qlearning,2,507,0.1,2.0,1.0,5.0,10.0,0.7,indicator
0.11212333566923616,5365.0,0,1420.2,1424.0,S1,qlearning,2,508,0.1,2.0,1.0,5.0,10.0,0.7,indicator
0.11894995898277276,4553.0,0,1223.4,1249.0,S1,qlearning,2,509,0.1,2.0,1.0,5.0,10.0,0.7,indicator
0.1304009342156481,4760.0,0,1267.8,1273.0,S1,qlearning,2,510,0.1,2.0,1.0,5.0,10.0,0.7,indicator
0.13183404420317954,4860.0,4,1383.3999999999999,1427.0,S1,qlearning,2,511,0.1,2.0,1.0,5.0,10.0,0.7,indicator
0.11876075731497418,5452.0,0,1639.6,1736.0,S1,qlearning,2,512,0.1,2.0,1.0,5.0,10.0,0.7,indicator
0.14020329477742727,5298.0,2,1555.3999999999999,1621.0,S1,qlearning,2,513,0.1,2.0,1.0,5.0,10.0,0.7,indicator
0.15436746987951808,4864.9,0,1312.6,1329.0,S1,qlearning,2,514,0.1,2.0,1.0,5.0,10.0,0.7,indicator
0.10915492957746478,5347.0,0,1473.8,1477.0,S1,qlearning,2,515,0.1,2.0,1.0,5.0,10.0,0.7,indicator
0.09265734265734266,5432.0,0,1523.0,1540.0,S1,qlearning,2,516,0.1,2.0,1.0,5.0,10.0,0.7,indicator
0.10899182561307902,5524.0,0,1470.6,1506.0,S1,qlearning,2,517,0.1,2.0,1.0,5.0,10.0,0.7,indicator
0.11240164855751218,5070.0,3,1531.6,1642.0,S1,qlearning,2,518,0.1,2.0,1.0,5.0,10.0,0.7,indicator
0.12399708242159008,5116.5,0,1535.8,1550.0,S1,qlearning,2,519,0.1,2.0,1.0,5.0,10.0,0.7,indicator
0.12304250559284116,5031.0,1,1419.2,1438.0,S1,qlearning,2,520,0.1,2.0,1.0,5.0,10.0,0.7,indicator
0.1302274394717535,5090.1,2,1459.2,1476.0,S1,qlearning,2,521,0.1,2.0,1.0,5.0,10.0,0.7,indicator
0.09871839279528923,5486.0,2,1456.4,1473.0,S1,qlearning,2,522,0.1,2.0,1.0,5.0,10.0,0.7,indicator
0.12326043737574553,4747.0,1,1348.2,1379.0,S1,qlearning,2,523,0.1,2.0,1.0,5.0,10.0,0.7,indicator
0.11329556814395202,5634.0,0,1564.2,1573.0,S1,qlearning,2,524,0.1,2.0,1.0,5.0,10.0,0.7,indicator
0.11094674556213018,5100.0,0,1355.6,1391.0,S1,qlearning,2,525,0.1,2.0,1.0,5.0,10.0,0.7,indicator
0.11163337250293771,4798.0,0,1315.8,1359.0,S1,qlearning,2,526,0.1,2.0,1.0,5.0,10.0,0.7,indicator
0.1044987601842012,5328.1,0,1561.6,1603.0,S1,qlearning,2,527,0.1,2.0,1.0,5.0,10.0,0.7,indicator
0.11532447224394057,4873.0,6,1246.0,1269.0,S1,qlearning,2,528,0.1,2.0,1.0,5.0,10.0,0.7,indicator
0.12375323236054674,5126.0,4,1240.0,1251.0,S1,qlearning,2,529,0.1,2.0,1.0,5.0,10.0,0.7,indicator
0.11949924127465858,4979.0,2,1247.2,1249.0,S1,qlearning,2,530,0.1,2.0,1.0,5.0,10.0,0.7,indicator
0.09882643607164916,6153.0,2,1602.2,1605.0,S1,qlearning,2,531,0.1,2.0,1.0,5.0,10.0,0.7,indicator
0.14654161781946073,4760.0,3,1329.0,1335.0,S1,qlearning,2,532,0.1,2.0,1.0,5.0,10.0,0.7,indicator
0.1013856032443393,5603.8,0,1548.6,1562.0,S1,qlearning,2,533,0.1,2.0,1.0,5.0,10.0,0.7,indicator
0.11850017686593563,5281.0,0,1471.0,1519.0,S1,qlearning,2,534,0.1,2.0,1.0,5.0,10.0,0.7,indicator
0.11619718309859155,5317.0,0,1528.2,1583.0,S1,qlearning,2,535,0.1,2.0,1.0,5.0,10.0,0.7,indicator
0.16156105749055813,4348.0,0,1221.4,1241.0,S1,qlearning,2,536,0.1,2.0,1.0,5.0,10.0,0.7,indicator
0.14746227709190673,5379.0,0,1460.8,1479.0,S1,qlearning,2,537,0.1,2.0,1.0,5.0,10.0,0.7,indicator
0.12092873266688164,5784.0,0,1543.6,1552.0,S1,qlearning,2,538,0.1,2.0,1.0,5.0,10.0,0.7,indicator
0.14711224119142755,5068.0,0,1364.6,1367.0,S1,qlearning,2,539,0.1,2.0,1.0,5.0,10.0,0.7,indicator
0.0979718116191131,5500.0,0,1581.4,1597.0,S1,qlearning,2,540,0.1,2.0,1.0,5.0,10.0,0.7,indicator
0.1168736303871439,5228.0,6,1455.6,1476.0,S1,qlearning,2,541,0.1,2.0,1.0,5.0,10.0,0.7,indicator
0.0915982312065698,6029.0,1,1593.6,1602.0,S1,qlearning,2,542,0.1,2.0,1.0,5.0,10.0,0.7,indicator
0.12265235722499042,4855.0,0,1372.2,1379.0,S1,qlearning,2,543,0.1,2.0,1.0,5.0,10.0,0.7,indicator
0.1221001221001221,4616.0,1,1285.0,1297.0,S1,qlearning,2,544,0.1,2.0,1.0,5.0,10.0,0.7,indicator
0.1139287026828372,5119.0,0,1460.2,1528.0,S1,qlearning,2,545,0.1,2.0,1.0,5.0,10.0,0.7,indicator
0.11702468739980763,5850.0,0,1485.8,1486.0,S1,qlearning,2,546,0.1,2.0,1.0,5.0,10.0,0.7,indicator
0.10248655913978495,5629.0,1,1521.8,1558.0,S1,qlearning,2,547,0.1,2.0,1.0,5.0,10.0,0.7,indicator
0.10266281681103626,5871.0,0,1643.8,1682.0,S1,qlearning,2,548,0.1,2.0,1.0,5.0,10.0,0.7,indicator
0.14464425332290853,4723.0,0,1412.3999999999999,1493.0,S1,qlearning,2,549,0.1,2.0,1.0,5.0,10.0,0.7,indicator
0.10271703114645461,5683.0,0,1540.2,1546.0,S1,qlearning,2,550,0.1,2.0,1.0,5.0,10.0,0.7,indicator
0.1493948562783661,4925.0,3,1352.6,1396.0,S1,qlearning,2,551,0.1,2.0,1.0,5.0,10.0,0.7,indicator
0.10876730388925511,5695.0,0,1482.0,1498.0,S1,qlearning,2,552,0.1,2.0,1.0,5.0,10.0,0.7,indicator
0.09622113365990204,5453.0,2,1396.2,1407.0,S1,qlearning,2,553,0.1,2.0,1.0,5.0,10.0,0.7,indicator
0.13417190775681342,4407.0,0,1243.2,1265.0,S1,qlearning,2,554,0.1,2.0,1.0,5.0,10.0,0.7,indicator
0.1310592459605027,5193.0,0,1416.4,1442.0,S1,qlearning,2,555,0.1,2.0,1.0,5.0,10.0,0.7,indicator
0.12277161116717121,5628.0,4,1439.4,1458.0,S1,qlearning,2,556,0.1,2.0,1.0,5.0,10.0,0.7,indicator
0.1282051282051282,5070.4,0,1372.2,1379.0,S1,qlearning,2,557,0.1,2.0,1.0,5.0,10.0,0.7,indicator
0.1176250933532487,5023.0,1,1531.6,1611.0,S1,qlearning,2,558,0.1,2.0,1.0,5.0,10.0,0.7,indicator
0.1273532668881506,5085.0,3,1465.0,1520.0,S1,qlearning,2,559,0.1,2.0,1.0,5.0,10.0,0.7,indicator
0.10858670230537922,5718.0,5,1509.3999999999999,1548.0,S1,qlearning,2,560,0.1,2.0,1.0,5.0,10.0,0.7,indicator
0.11797090051120723,4778.0,1,1301.2,1310.0,S1,qlearning,2,561,0.1,2.0,1.0,5.0,10.0,0.7,indicator
0.1529497450837582,5124.0,5,1561.2,1624.0,S1,qlearning,2,562,0.1,2.0,1.0,5.0,10.0,0.7,indicator
0.09884371503170458,5134.0,5,1317.2,1318.0,S1,qlearning,2,563,0.1,2.0,1.0,5.0,10.0,0.7,indicator
0.09932533733133433,5043.0,0,1366.0,1387.0,S1,qlearning,2,564,0.1,2.0,1.0,5.0,10.0,0.7,indicator
0.08724619289340102,6201.0,13,1704.2,1762.0,S1,qlearning,2,565,0.1,2.0,1.0,5.0,10.0,0.7,indicator
0.13428671084757587,5361.1,2,1521.6,1523.0,S1,qlearning,2,566,0.1,2.0,1.0,5.0,10.0,0.7,indicator
0.1050999310820124,5481.0,0,1577.8,1629.0,S1,qlearning,2,567,0.1,2.0,1.0,5.0,10.0,0.7,indicator
0.11181513231457324,5093.0,3,1400.4,1404.0,S1,qlearning,2,568,0.1,2.0,1.0,5.0,10.0,0.7,indicator
0.09532374100719425,5362.0,5,1595.2,1660.0,S1,qlearning,2,569,0.1,2.0,1.0,5.0,10.0,0.7,indicator
0.1381957773512476,4847.9,2,1317.8,1341.0,S1,qlearning,2,570,0.1,2.0,1.0,5.0,10.0,0.7,indicator
0.1366742596810934,4875.0,0,1291.3999999999999,1324.0,S1,qlearning,2,571,0.1,2.0,1.0,5.0,10.0,0.7,indicator
0.11150047785919083,5910.0,1,1691.8,1796.0,S1,qlearning,2,572,0.1,2.0,1.0,5.0,10.0,0.7,indicator
0.1042054335690361,5066.0,0,1400.8,1419.0,S1,qlearning,2,573,0.1,2.0,1.0,5.0,10.0,0.7,indicator
0.11029411764705882,5389.0,1,1412.0,1424.0,S1,qlearning,2,574,0.1,2.0,1.0,5.0,10.0,0.7,indicator
0.14411990776325903,4796.0,0,1274.2,1276.0,S1,qlearning,2,575,0.1,2.0,1.0,5.0,10.0,0.7,indicator
0.1424287856071964,4923.2,0,1544.6,1582.0,S1,qlearning,2,576,0.1,2.0,1.0,5.0,10.0,0.7,indicator
0.12472487160674982,5099.9,2,1407.2,1417.0,S1,qlearning,2,577,0.1,2.0,1.0,5.0,10.0,0.7,indicator
0.15128593040847202,4845.0,0,1357.0,1374.0,S1,qlearning,2,578,0.1,2.0,1.0,5.0,10.0,0.7,indicator
0.12255840674071238,4889.5,1,1429.0,1477.0,S1,qlearning,2,579,0.1,2.0,1.0,5.0,10.0,0.7,indicator
0.12106537530266344,5429.0,0,1621.2,1637.0,S1,qlearning,2,580,0.1,2.0,1.0,5.0,10.0,0.7,indicator
0.11228533685601057,5683.0,0,1617.8,1693.0,S1,qlearning,2,581,0.1,2.0,1.0,5.0,10.0,0.7,indicator
0.13796909492273732,5028.0,0,1329.4,1336.0,S1,qlearning,2,582,0.1,2.0,1.0,5.0,10.0,0.7,indicator
0.11133899794901846,6448.0,3,1803.0,1807.0,S1,qlearning,2,583,0.1,2.0,1.0,5.0,10.0,0.7,indicator
0.12297962052002812,5299.0,0,1514.6,1595.0,S1,qlearning,2,584,0.1,2.0,1.0,5.0,10.0,0.7,indicator
0.11912983425414364,5514.0,6,1725.8,1806.0,S1,qlearning,2,585,0.1,2.0,1.0,5.0,10.0,0.7,indicator
0.11233885819521179,5137.0,1,1452.4,1479.0,S1,qlearning,2,586,0.1,2.0,1.0,5.0,10.0,0.7,indicator
0.1007423117709438,5380.0,2,1825.8,1969.0,S1,qlearning,2,587,0.1,2.0,1.0,5.0,10.0,0.7,indicator
0.14771877337322364,4935.0,0,1320.4,1337.0,S1,qlearning,2,588,0.1,2.0,1.0,5.0,10.0,0.7,indicator
0.13340849304772642,4969.0,2,1413.6,1421.0,S1,qlearning,2,589,0.1,2.0,1.0,5.0,10.0,0.7,indicator
0.125,5577.0,2,1558.3999999999999,1632.0,S1,qlearning,2,590,0.1,2.0,1.0,5.0,10.0,0.7,indicator
0.1266689489900719,5434.0,0,1612.0,1690.0,S1,qlearning,2,591,0.1,2.0,1.0,5.0,10.0,0.7,indicator
0.11274663326025681,6028.0,1,1771.3999999999999,1824.0,S1,qlearning,2,592,0.1,2.0,1.0,5.0,10.0,0.7,indicator
0.11511024643320363,5790.0,0,1577.4,1597.0,S1,qlearning,2,593,0.1,2.0,1.0,5.0,10.0,0.7,indicator
0.11631562401760452,5989.0,0,1618.4,1622.0,S1,qlearning,2,594,0.1,2.0,1.0,5.0,10.0,0.7,indicator
0.11214953271028037,6022.0,0,1671.6,1728.0,S1,qlearning,2,595,0.1,2.0,1.0,5.0,10.0,0.7,indicator
0.1251303441084463,5351.0,0,1522.6,1560.0,S1,qlearning,2,596,0.1,2.0,1.0,5.0,10.0,0.7,indicator
0.10773751224289912,5833.0,5,1481.0,1493.0,S1,qlearning,2,597,0.1,2.0,1.0,5.0,10.0,0.7,indicator
0.10536713862364175,5746.0,0,1603.2,1636.0,S1,qlearning,2,598,0.1,2.0,1.0,5.0,10.0,0.7,indicator
0.12551517422255526,5000.0,2,1420.3999999999999,1450.0,S1,qlearning,2,599,0.1,2.0,1.0,5.0,10.0,0.7,indicator
0.11613691931540342,4580.0,0,1306.0,1359.0,S1,qlearning,2,600,0.1,2.0,1.0,5.0,10.0,0.7,indicator
0.11694915254237288,5557.0,1,1428.3999999999999,1468.0,S1,qlearning,2,601,0.1,2.0,1.0,5.0,10.0,0.7,indicator
0.09947643979057591,5417.0,1,1432.2,1457.0,S1,qlearning,2,602,0.1,2.0,1.0,5.0,10.0,0.7,indicator
0.1282051282051282,5774.0,3,1737.0,1846.0,S1,qlearning,2,603,0.1,2.0,1.0,5.0,10.0,0.7,indicator
0.13288377627925427,4735.5,4,1473.0,1562.0,S1,qlearning,2,604,0.1,2.0,1.0,5.0,10.0,0.7,indicator
0.1409707351891506,5221.0,2,1563.3999999999999,1646.0,S1,qlearning,2,605,0.1,2.0,1.0,5.0,10.0,0.7,indicator
0.11922785768357305,4991.0,2,1492.6,1581.0,S1,qlearning,2,606,0.1,2.0,1.0,5.0,10.0,0.7,indicator
0.1134672619047619,5098.0,1,1402.6,1444.0,S1,qlearning,2,607,0.1,2.0,1.0,5.0,10.0,0.7,indicator
0.1263952724885095,5684.0,0,1484.0,1512.0,S1,qlearning,2,608,0.1,2.0,1.0,5.0,10.0,0.7,indicator
0.11748550503509307,6196.0,4,1746.3999999999999,1801.0,S1,qlearning,2,609,0.1,2.0,1.0,5.0,10.0,0.7,indicator
0.1288855193328279,4918.0,0,1263.2,1268.0,S1,qlearning,2,610,0.1,2.0,1.0,5.0,10.0,0.7,indicator
0.11811023622047244,5245.0,1,1552.0,1555.0,S1,qlearning,2,611,0.1,2.0,1.0,5.0,10.0,0.7,indicator
0.11798355380765105,5291.0,3,1454.6,1471.0,S1,qlearning,2,612,0.1,2.0,1.0,5.0,10.0,0.7,indicator
0.12252252252252252,5172.0,0,1337.8,1340.0,S1,qlearning,2,613,0.1,2.0,1.0,5.0,10.0,0.7,indicator
0.11147660818713451,5179.0,2,1309.0,1321.0,S1,qlearning,2,614,0.1,2.0,1.0,5.0,10.0,0.7,indicator
0.11010136315973436,5444.0,2,1538.6,1583.0,S1,qlearning,2,615,0.1,2.0,1.0,5.0,10.0,0.7,indicator
0.10877318116975748,5275.0,0,1401.0,1434.0,S1,qlearning,2,616,0.1,2.0,1.0,5.0,10.0,0.7,indicator
0.13386396526772792,5145.0,2,1333.2,1344.0,S1,qlearning,2,617,0.1,2.0,1.0,5.0,10.0,0.7,indicator
0.11237839651123784,5594.0,0,1377.2,1378.0,S1,qlearning,2,618,0.1,2.0,1.0,5.0,10.0,0.7,indicator
0.1183320811419985,4996.0,1,1376.8,1377.0,S1,qlearning,2,619,0.1,2.0,1.0,5.0,10.0,0.7,indicator
0.12064805239572561,5444.0,1,1391.6,1406.0,S1,qlearning,2,620,0.1,2.0,1.0,5.0,10.0,0.7,indicator
0.12339055793991416,5274.0,1,1539.0,1593.0,S1,qlearning,2,621,0.1,2.0,1.0,5.0,10.0,0.7,indicator
0.1420345489443378,4827.0,1,1314.0,1335.0,S1,qlearning,2,622,0.1,2.0,1.0,5.0,10.0,0.7,indicator
0.1282051282051282,4951.0,0,1457.6,1463.0,S1,qlearning,2,623,0.1,2.0,1.0,5.0,10.0,0.7,indicator
0.12014787430683918,5117.0,3,1470.2,1505.0,S1,qlearning,2,624,0.1,2.0,1.0,5.0,10.0,0.7,indicator
0.1157329755115733,5614.0,2,1554.2,1599.0,S1,qlearning,2,625,0.1,2.0,1.0,5.0,10.0,0.7,indicator
0.12320328542094455,5466.0,0,1377.6,1382.0,S1,qlearning,2,626,0.1,2.0,1.0,5.0,10.0,0.7,indicator
0.12536564981195153,4448.4,0,1396.0,1455.0,S1,qlearning,2,627,0.1,2.0,1.0,5.0,10.0,0.7,indicator
0.14584891548242335,4960.0,1,1302.8,1350.0,S1,qlearning,2,628,0.1,2.0,1.0,5.0,10.0,0.7,indicator
0.09687287559483344,5671.0,4,1718.6,1798.0,S1,qlearning,2,629,0.1,2.0,1.0,5.0,10.0,0.7,indicator
0.09103641456582633,5469.0,0,1413.6,1429.0,S1,qlearning,2,630,0.1,2.0,1.0,5.0,10.0,0.7,indicator
0.11884550084889643,5517.0,0,1488.4,1508.0,S1,qlearning,2,631,0.1,2.0,1.0,5.0,10.0,0.7,indicator
0.1401664476565922,4320.1,4,1145.2,1152.0,S1,qlearning,2,632,0.1,2.0,1.0,5.0,10.0,0.7,indicator
0.13111545988258316,4762.0,0,1306.4,1308.0,S1,qlearning,2,633,0.1,2.0,1.0,5.0,10.0,0.7,indicator
0.10135135135135136,5707.0,6,1542.0,1588.0,S1,qlearning,2,634,0.1,2.0,1.0,5.0,10.0,0.7,indicator
0.12413289521723257,5125.0,1,1301.0,1313.0,S1,qlearning,2,635,0.1,2.0,1.0,5.0,10.0,0.7,indicator
0.1385809312638581,5064.0,4,1312.6,1337.0,S1,qlearning,2,636,0.1,2.0,1.0,5.0,10.0,0.7,indicator
0.09888529306005034,5284.0,1,1428.3999999999999,1462.0,S1,qlearning,2,637,0.1,2.0,1.0,5.0,10.0,0.7,indicator
0.1207464324917673,5138.0,1,1439.6,1477.0,S1,qlearning,2,638,0.1,2.0,1.0,5.0,10.0,0.7,indicator
0.10756676557863501,5127.1,3,1401.0,1439.0,S1,qlearning,2,639,0.1,2.0,1.0,5.0,10.0,0.7,indicator
0.1424917793204238,5056.0,1,1474.8,1503.0,S1,qlearning,2,640,0.1,2.0,1.0,5.0,10.0,0.7,indicator
0.11307767944936087,5824.0,4,1621.8,1673.0,S1,qlearning,2,641,0.1,2.0,1.0,5.0,10.0,0.7,indicator
0.09322337755467909,5305.0,0,1623.0,1699.0,S1,qlearning,2,642,0.1,2.0,1.0,5.0,10.0,0.7,indicator
0.14199166982203712,4884.0,1,1277.8,1282.0,S1,qlearning,2,643,0.1,2.0,1.0,5.0,10.0,0.7,indicator
0.10906612133605999,5530.0,1,1490.8,1548.0,S1,qlearning,2,644,0.1,2.0,1.0,5.0,10.0,0.7,indicator
0.0961254066844129,6539.0,8,1766.2,1773.0,S1,qlearning,2,645,0.1,2.0,1.0,5.0,10.0,0.7,indicator
0.14556040756914118,5058.0,0,1526.0,1594.0,S1,qlearning,2,646,0.1,2.0,1.0,5.0,10.0,0.7,indicator
0.10403329065300897,5975.7,5,1696.6,1751.0,S1,qlearning,2,647,0.1,2.0,1.0,5.0,10.0,0.7,indicator
0.11088011088011088,5464.0,3,1479.0,1519.0,S1,qlearning,2,648,0.1,2.0,1.0,5.0,10.0,0.7,indicator
0.12207882804325078,5406.0,3,1438.0,1445.0,S1,qlearning,2,649,0.1,2.0,1.0,5.0,10.0,0.7,indicator
0.10170056685561854,5685.0,1,1555.6,1559.0,S1,qlearning,2,650,0.1,2.0,1.0,5.0,10.0,0.7,indicator
0.11790714812085483,5120.0,1,1389.3999999999999,1434.0,S1,qlearning,2,651,0.1,2.0,1.0,5.0,10.0,0.7,indicator
0.1022977651872836,6021.0,1,1644.0,1682.0,S1,qlearning,2,652,0.1,2.0,1.0,5.0,10.0,0.7,indicator
0.11916922029281579,5506.0,0,1501.4,1516.0,S1,qlearning,2,653,0.1,2.0,1.0,5.0,10.0,0.7,indicator
0.11823647294589178,4692.0,0,1426.3999999999999,1504.0,S1,qlearning,2,654,0.1,2.0,1.0,5.0,10.0,0.7,indicator
0.1457000710732054,5305.3,7,1596.0,1650.0,S1,qlearning,2,655,0.1,2.0,1.0,5.0,10.0,0.7,indicator
0.10500525026251313,5416.0,3,1438.2,1489.0,S1,qlearning,2,656,0.1,2.0,1.0,5.0,10.0,0.7,indicator
0.11875654907439749,5378.0,1,1474.6,1504.0,S1,qlearning,2,657,0.1,2.0,1.0,5.0,10.0,0.7,indicator
0.14118078474514117,5141.0,6,1377.8,1415.0,S1,qlearning,2,658,0.1,2.0,1.0,5.0,10.0,0.7,indicator
0.12776506483600306,4881.0,0,1346.2,1355.0,S1,qlearning,2,659,0.1,2.0,1.0,5.0,10.0,0.7,indicator
0.10369068541300527,5427.0,4,1362.2,1378.0,S1,qlearning,2,660,0.1,2.0,1.0,5.0,10.0,0.7,indicator
0.08410290237467019,5921.0,7,1671.4,1699.0,S1,qlearning,2,661,0.1,2.0,1.0,5.0,10.0,0.7,indicator
0.13783987915407855,4908.1,0,1286.3999999999999,1324.0,S1,qlearning,2,662,0.1,2.0,1.0,5.0,10.0,0.7,indicator
0.1375968992248062,4777.0,0,1262.8,1289.0,S1,qlearning,2,663,0.1,2.0,1.0,5.0,10.0,0.7,indicator
0.1182074805928017,5335.0,2,1417.2,1462.0,S1,qlearning,2,664,0.1,2.0,1.0,5.0,10.0,0.7,indicator
0.11359782977280435,5545.0,1,1549.8,1593.0,S1,qlearning,2,665,0.1,2.0,1.0,5.0,10.0,0.7,indicator
0.1255539143279173,5053.0,0,1562.8,1626.0,S1,qlearning,2,666,0.1,2.0,1.0,5.0,10.0,0.7,indicator
0.10599536270288175,5715.0,1,1756.8,1766.0,S1,qlearning,2,667,0.1,2.0,1.0,5.0,10.0,0.7,indicator
0.08366141732283465,5863.0,2,1646.8,1737.0,S1,qlearning,2,668,0.1,2.0,1.0,5.0,10.0,0.7,indicator
0.16322314049586778,4447.0,2,1150.8,1177.0,S1,qlearning,2,669,0.1,2.0,1.0,5.0,10.0,0.7,indicator
0.12383345297918162,5224.0,1,1485.8,1506.0,S1,qlearning,2,670,0.1,2.0,1.0,5.0,10.0,0.7,indicator
0.1371610845295056,5857.0,2,1565.6,1579.0,S1,qlearning,2,671,0.1,2.0,1.0,5.0,10.0,0.7,indicator
0.1278825995807128,4442.8,0,1299.8,1344.0,S1,qlearning,2,672,0.1,2.0,1.0,5.0,10.0,0.7,indicator
0.14351320321469574,4822.6,0,1293.4,1304.0,S1,qlearning,2,673,0.1,2.0,1.0,5.0,10.0,0.7,indicator
0.11587485515643106,4880.0,0,1436.3999999999999,1485.0,S1,qlearning,2,674,0.1,2.0,1.0,5.0,10.0,0.7,indicator
0.12624466571834994,5226.0,0,1268.4,1272.0,S1,qlearning,2,675,0.1,2.0,1.0,5.0,10.0,0.7,indicator
0.14002585092632486,4279.0,0,1213.6,1238.0,S1,qlearning,2,676,0.1,2.0,1.0,5.0,10.0,0.7,indicator
0.1257396449704142,5065.0,2,1486.2,1545.0,S1,qlearning,2,677,0.1,2.0,1.0,5.0,10.0,0.7,indicator
0.12525389302640488,5505.0,0,1478.2,1491.0,S1,qlearning,2,678,0.1,2.0,1.0,5.0,10.0,0.7,indicator
0.12478336221837089,5407.0,1,1394.2,1405.0,S1,qlearning,2,679,0.1,2.0,1.0,5.0,10.0,0.7,indicator
0.10704554301284547,4855.0,0,1464.2,1515.0,S1,qlearning,2,680,0.1,2.0,1.0,5.0,10.0,0.7,indicator
0.11395027624309392,5429.0,0,1447.4,1462.0,S1,qlearning,2,681,0.1,2.0,1.0,5.0,10.0,0.7,indicator
0.133499466002136,5205.0,0,1456.2,1513.0,S1,qlearning,2,682,0.1,2.0,1.0,5.0,10.0,0.7,indicator
0.1400862068965517,5225.0,5,1474.2,1542.0,S1,qlearning,2,683,0.1,2.0,1.0,5.0,10.0,0.7,indicator
0.1109616677874916,5590.0,0,1500.0,1501.0,S1,qlearning,2,684,0.1,2.0,1.0,5.0,10.0,0.7,indicator
0.11944677284157586,4474.4,0,1329.8799999999999,1363.0,S1,qlearning,2,685,0.1,2.0,1.0,5.0,10.0,0.7,indicator
0.10621177985194721,5971.0,6,1446.8,1448.0,S1,qlearning,2,686,0.1,2.0,1.0,5.0,10.0,0.7,indicator
0.0915032679738562,5842.0,1,1543.8,1561.0,S1,qlearning,2,687,0.1,2.0,1.0,5.0,10.0,0.7,indicator
0.14252245216712223,4724.0,0,1370.8,1393.0,S1,qlearning,2,688,0.1,2.0,1.0,5.0,10.0,0.7,indicator
0.12571428571428572,4917.0,2,1376.4,1395.0,S1,qlearning,2,689,0.1,2.0,1.0,5.0,10.0,0.7,indicator
0.12742282842785355,5214.0,1,1412.6,1432.0,S1,qlearning,2,690,0.1,2.0,1.0,5.0,10.0,0.7,indicator
0.11506276150627615,5438.0,3,1636.3999999999999,1763.0,S1,qlearning,2,691,0.1,2.0,1.0,5.0,10.0,0.7,indicator
0.10739856801909307,5528.0,0,1474.0,1475.0,S1,qlearning,2,692,0.1,2.0,1.0,5.0,10.0,0.7,indicator
0.1032067821599705,5124.3,0,1380.8,1397.0,S1,qlearning,2,693,0.1,2.0,1.0,5.0,10.0,0.7,indicator
0.15432098765432098,4766.7,0,1415.2,1451.0,S1,qlearning,2,694,0.1,2.0,1.0,5.0,10.0,0.7,indicator
0.11015911872705018,4619.0,0,1158.2,1188.0,S1,qlearning,2,695,0.1,2.0,1.0,5.0,10.0,0.7,indicator
0.13217391304347825,5342.0,1,1411.8,1415.0,S1,qlearning,2,696,0.1,2.0,1.0,5.0,10.0,0.7,indicator
0.10892480674631061,5374.0,1,1412.2,1415.0,S1,qlearning,2,697,0.1,2.0,1.0,5.0,10.0,0.7,indicator
0.09843856076035302,5559.0,0,1514.8,1576.0,S1,qlearning,2,698,0.1,2.0,1.0,5.0,10.0,0.7,indicator
0.09612303748798462,5944.0,0,1638.3999999999999,1693.0,S1,qlearning,2,699,0.1,2.0,1.0,5.0,10.0,0.7,indicator
0.11484098939929328,5307.0,0,1600.0,1679.0,S1,qlearning,2,700,0.1,2.0,1.0,5.0,10.0,0.7,indicator
0.11141120864280891,5656.0,6,1627.2,1680.0,S1,qlearning,2,701,0.1,2.0,1.0,5.0,10.0,0.7,indicator
0.12336160370084812,4840.0,0,1275.2,1279.0,S1,qlearning,2,702,0.1,2.0,1.0,5.0,10.0,0.7,indicator
0.12199630314232902,5102.0,2,1306.2,1313.0,S1,qlearning,2,703,0.1,2.0,1.0,5.0,10.0,0.7,indicator
0.12495266944339266,4954.0,2,1468.6,1520.0,S1,qlearning,2,704,0.1,2.0,1.0,5.0,10.0,0.7,indicator
0.11572226656025539,4709.0,1,1298.4,1303.0,S1,qlearning,2,705,0.1,2.0,1.0,5.0,10.0,0.7,indicator
0.114305507447177,5441.0,1,1485.6,1569.0,S1,qlearning,2,706,0.1,2.0,1.0,5.0,10.0,0.7,indicator
0.13646702047005307,4933.0,0,1348.0,1406.0,S1,qlearning,2,707,0.1,2.0,1.0,5.0,10.0,0.7,indicator
0.13825757575757575,4872.0,0,1351.0,1366.0,S1,qlearning,2,708,0.1,2.0,1.0,5.0,10.0,0.7,indicator
0.13098931402964495,5439.0,3,1645.0,1695.0,S1,qlearning,2,709,0.1,2.0,1.0,5.0,10.0,0.7,indicator
0.13028169014084506,5328.4,2,1457.8,1477.0,S1,qlearning,2,710,0.1,2.0,1.0,5.0,10.0,0.7,indicator
0.12806637806637808,5181.0,0,1371.8,1372.0,S1,qlearning,2,711,0.1,2.0,1.0,5.0,10.0,0.7,indicator
0.11794019933554817,5622.0,0,1453.0,1457.0,S1,qlearning,2,712,0.1,2.0,1.0,5.0,10.0,0.7,indicator
0.13138686131386862,5092.0,0,1497.0,1548.0,S1,qlearning,2,713,0.1,2.0,1.0,5.0,10.0,0.7,indicator
0.10487144790257104,5644.0,4,1506.6,1513.0,S1,qlearning,2,714,0.1,2.0,1.0,5.0,10.0,0.7,indicator
0.10088495575221239,5322.0,0,1487.0,1514.0,S1,qlearning,2,715,0.1,2.0,1.0,5.0,10.0,0.7,indicator
0.12965050732807215,4934.0,0,1341.2,1353.0,S1,qlearning,2,716,0.1,2.0,1.0,5.0,10.0,0.7,indicator
0.11044552602021715,5044.0,2,1467.6,1504.0,S1,qlearning,2,717,0.1,2.0,1.0,5.0,10.0,0.7,indicator
0.1303680981595092,4868.8,1,1280.0,1295.0,S1,qlearning,2,718,0.1,2.0,1.0,5.0,10.0,0.7,indicator
0.13641133263378805,5295.0,0,1411.8,1435.0,S1,qlearning,2,719,0.1,2.0,1.0,5.0,10.0,0.7,indicator
0.11760242792109256,5019.0,5,1285.6,1327.0,S1,qlearning,2,720,0.1,2.0,1.0,5.0,10.0,0.7,indicator
0.11970534069981584,5152.0,3,1421.8,1457.0,S1,qlearning,2,721,0.1,2.0,1.0,5.0,10.0,0.7,indicator
0.1286833271167475,5029.0,3,1315.6,1324.0,S1,qlearning,2,722,0.1,2.0,1.0,5.0,10.0,0.7,indicator
0.09712230215827339,5287.0,0,1481.6,1529.0,S1,qlearning,2,723,0.1,2.0,1.0,5.0,10.0,0.7,indicator
0.14489953632148378,4778.0,0,1198.4,1215.0,S1,qlearning,2,724,0.1,2.0,1.0,5.0,10.0,0.7,indicator
0.09891196834817013,5768.0,1,1550.4,1567.0,S1,qlearning,2,725,0.1,2.0,1.0,5.0,10.0,0.7,indicator
0.12227362855254462,5664.0,1,1495.0,1547.0,S1,qlearning,2,726,0.1,2.0,1.0,5.0,10.0,0.7,indicator
0.10908440629470673,5244.0,0,1517.0,1525.0,S1,qlearning,2,727,0.1,2.0,1.0,5.0,10.0,0.7,indicator
0.14133627019089573,5040.0,0,1340.6,1341.0,S1,qlearning,2,728,0.1,2.0,1.0,5.0,10.0,0.7,indicator
0.11707317073170732,5802.0,2,1569.2,1605.0,S1,qlearning,2,729,0.1,2.0,1.0,5.0,10.0,0.7,indicator
0.13157894736842105,4876.0,0,1270.2,1291.0,S1,qlearning,2,730,0.1,2.0,1.0,5.0,10.0,0.7,indicator
0.10065885797950219,5186.0,0,1266.4,1275.0,S1,qlearning,2,731,0.1,2.0,1.0,5.0,10.0,0.7,indicator
0.13144240747146316,5429.0,2,1499.2,1556.0,S1,qlearning,2,732,0.1,2.0,1.0,5.0,10.0,0.7,indicator
0.15092120736965894,4749.3,3,1307.84,1337.3,S1,qlearning,2,733,0.1,2.0,1.0,5.0,10.0,0.7,indicator
0.10561056105610561,5752.0,1,1531.6,1537.0,S1,qlearning,2,734,0.1,2.0,1.0,5.0,10.0,0.7,indicator
0.13578549329666553,5390.0,0,1438.2,1458.0,S1,qlearning,2,735,0.1,2.0,1.0,5.0,10.0,0.7,indicator
0.12750455373406194,5162.8,3,1646.0,1714.0,S1,qlearning,2,736,0.1,2.0,1.0,5.0,10.0,0.7,indicator
0.16223113379511483,5033.0,1,1330.8,1335.0,S1,qlearning,2,737,0.1,2.0,1.0,5.0,10.0,0.7,indicator
0.12815818381545221,5074.0,0,1414.2,1435.0,S1,qlearning,2,738,0.1,2.0,1.0,5.0,10.0,0.7,indicator
0.13300861745972276,4960.0,0,1407.2,1473.0,S1,qlearning,2,739,0.1,2.0,1.0,5.0,10.0,0.7,indicator
0.10142999667442634,5721.0,1,1670.3999999999999,1724.0,S1,qlearning,2,740,0.1,2.0,1.0,5.0,10.0,0.7,indicator
0.10317460317460317,4747.0,0,1230.2,1242.0,S1,qlearning,2,741,0.1,2.0,1.0,5.0,10.0,0.7,indicator
0.1312477526069759,5194.0,2,1462.3999999999999,1526.0,S1,qlearning,2,742,0.1,2.0,1.0,5.0,10.0,0.7,indicator
0.10276399716513111,5376.0,2,1469.6,1505.0,S1,qlearning,2,743,0.1,2.0,1.0,5.0,10.0,0.7,indicator
0.11605415860735009,4902.0,2,1463.2,1472.0,S1,qlearning,2,744,0.1,2.0,1.0,5.0,10.0,0.7,indicator
0.1013277428371768,5431.0,1,1393.8,1411.0,S1,qlearning,2,745,0.1,2.0,1.0,5.0,10.0,0.7,indicator
0.1067016098839386,5024.0,0,1347.4,1355.0,S1,qlearning,2,746,0.1,2.0,1.0,5.0,10.0,0.7,indicator
0.11592550361079437,4934.0,0,1538.3999999999999,1598.0,S1,qlearning,2,747,0.1,2.0,1.0,5.0,10.0,0.7,indicator
0.10197027307293467,5508.0,3,1651.6,1680.0,S1,qlearning,2,748,0.1,2.0,1.0,5.0,10.0,0.7,indicator
0.14121144555927165,4989.0,1,1363.4,1366.0,S1,qlearning,2,749,0.1,2.0,1.0,5.0,10.0,0.7,indicator
0.1376967095851216,5246.7,4,1432.54,1489.0,S1,qlearning,2,750,0.1,2.0,1.0,5.0,10.0,0.7,indicator
0.11891062523973916,4866.0,0,1371.2,1412.0,S1,qlearning,2,751,0.1,2.0,1.0,5.0,10.0,0.7,indicator
0.13020833333333334,4988.0,0,1332.8,1333.0,S1,qlearning,2,752,0.1,2.0,1.0,5.0,10.0,0.7,indicator
0.11155815654718361,5125.0,0,1411.0,1462.0,S1,qlearning,2,753,0.1,2.0,1.0,5.0,10.0,0.7,indicator
0.10014306151645208,5334.0,3,1377.0,1386.0,S1,qlearning,2,754,0.1,2.0,1.0,5.0,10.0,0.7,indicator
0.1264099572150914,4824.0,1,1279.4,1303.0,S1,qlearning,2,755,0.1,2.0,1.0,5.0,10.0,0.7,indicator
0.1362763915547025,4882.3,4,1324.26,1361.0,S1,qlearning,2,756,0.1,2.0,1.0,5.0,10.0,0.7,indicator
0.13672616786935055,4988.0,8,1320.8,1348.0,S1,qlearning,2,757,0.1,2.0,1.0,5.0,10.0,0.7,indicator
0.1067479984750286,4943.0,0,1403.6,1418.0,S1,qlearning,2,758,0.1,2.0,1.0,5.0,10.0,0.7,indicator
0.09967845659163987,5942.0,2,1520.8,1544.0,S1,qlearning,2,759,0.1,2.0,1.0,5.0,10.0,0.7,indicator
0.12761432116270827,5239.0,0,1518.3999999999999,1560.0,S1,qlearning,2,760,0.1,2.0,1.0,5.0,10.0,0.7,indicator
0.12855473315153876,4906.4,7,1409.8,1463.0,S1,qlearning,2,761,0.1,2.0,1.0,5.0,10.0,0.7,indicator
0.11545988258317025,4772.5,0,1310.4,1311.0,S1,qlearning,2,762,0.1,2.0,1.0,5.0,10.0,0.7,indicator
0.13089005235602094,4693.0,4,1228.4,1251.0,S1,qlearning,2,763,0.1,2.0,1.0,5.0,10.0,0.7,indicator
0.11379310344827587,5428.2,0,1615.3999999999999,1669.0,S1,qlearning,2,764,0.1,2.0,1.0,5.0,10.0,0.7,indicator
0.11742025937609533,5349.4,0,1604.1999999999998,1711.0,S1,qlearning,2,765,0.1,2.0,1.0,5.0,10.0,0.7,indicator
0.13055895552835578,4639.2,4,1308.0,1323.0,S1,qlearning,2,766,0.1,2.0,1.0,5.0,10.0,0.7,indicator
0.12800620636152055,4803.1,0,1338.2,1344.0,S1,qlearning,2,767,0.1,2.0,1.0,5.0,10.0,0.7,indicator
0.10398613518197573,5492.0,3,1536.2,1562.0,S1,qlearning,2,768,0.1,2.0,1.0,5.0,10.0,0.7,indicator
0.1346153846153846,4922.0,6,1482.0,1536.0,S1,qlearning,2,769,0.1,2.0,1.0,5.0,10.0,0.7,indicator
0.1283739302172482,5668.0,0,1658.6,1678.0,S1,qlearning,2,770,0.1,2.0,1.0,5.0,10.0,0.7,indicator
0.10846372688477951,5296.0,0,1530.6,1556.0,S1,qlearning,2,771,0.1,2.0,1.0,5.0,10.0,0.7,indicator
0.11498257839721254,5377.0,0,1438.8,1469.0,S1,qlearning,2,772,0.1,2.0,1.0,5.0,10.0,0.7,indicator
0.11320754716981132,5002.0,0,1458.2,1515.0,S1,qlearning,2,773,0.1,2.0,1.0,5.0,10.0,0.7,indicator
0.14022603599832567,4420.6,0,1202.72,1223.0,S1,qlearning,2,774,0.1,2.0,1.0,5.0,10.0,0.7,indicator
0.12066365007541478,4961.0,0,1351.0,1383.0,S1,qlearning,2,775,0.1,2.0,1.0,5.0,10.0,0.7,indicator
0.11771097428467947,5184.0,2,1478.3999999999999,1518.0,S1,qlearning,2,776,0.1,2.0,1.0,5.0,10.0,0.7,indicator
0.0946215139442231,5721.0,0,1436.0,1436.0,S1,qlearning,2,777,0.1,2.0,1.0,5.0,10.0,0.7,indicator
0.10412926391382406,5277.0,1,1379.8,1383.0,S1,qlearning,2,778,0.1,2.0,1.0,5.0,10.0,0.7,indicator
0.1176063645797302,5429.0,0,1525.0,1557.0,S1,qlearning,2,779,0.1,2.0,1.0,5.0,10.0,0.7,indicator
0.10404624277456648,4887.0,0,1266.0,1297.0,S1,qlearning,2,780,0.1,2.0,1.0,5.0,10.0,0.7,indicator
0.10658307210031348,6047.0,3,1648.2,1649.0,S1,qlearning,2,781,0.1,2.0,1.0,5.0,10.0,0.7,indicator
0.1404494382022472,4641.4,0,1364.8,1400.0,S1,qlearning,2,782,0.1,2.0,1.0,5.0,10.0,0.7,indicator
0.13077237433592154,4541.0,0,1252.3999999999999,1291.0,S1,qlearning,2,783,0.1,2.0,1.0,5.0,10.0,0.7,indicator
0.1304009342156481,4780.0,1,1243.6,1252.0,S1,qlearning,2,784,0.1,2.0,1.0,5.0,10.0,0.7,indicator
0.10545698024774021,5661.0,1,1559.6,1617.0,S1,qlearning,2,785,0.1,2.0,1.0,5.0,10.0,0.7,indicator
0.13489527866524673,5216.0,0,1534.0,1571.0,S1,qlearning,2,786,0.1,2.0,1.0,5.0,10.0,0.7,indicator
0.13818606461658234,4745.0,0,1317.8,1377.0,S1,qlearning,2,787,0.1,2.0,1.0,5.0,10.0,0.7,indicator
0.12012012012012012,4975.0,0,1275.6,1291.0,S1,qlearning,2,788,0.1,2.0,1.0,5.0,10.0,0.7,indicator
0.10786360473208072,5435.0,0,1541.0,1588.0,S1,qlearning,2,789,0.1,2.0,1.0,5.0,10.0,0.7,indicator
0.14185703758290347,5020.0,0,1309.2,1313.0,S1,qlearning,2,790,0.1,2.0,1.0,5.0,10.0,0.7,indicator
0.13345521023765997,5082.0,0,1325.2,1338.0,S1,qlearning,2,791,0.1,2.0,1.0,5.0,10.0,0.7,indicator
0.10590277777777778,5432.0,0,1517.8,1563.0,S1,qlearning,2,792,0.1,2.0,1.0,5.0,10.0,0.7,indicator
0.11494252873563218,5051.0,0,1532.0,1643.0,S1,qlearning,2,793,0.1,2.0,1.0,5.0,10.0,0.7,indicator
0.1403449442002029,5541.0,3,1409.4,1412.0,S1,qlearning,2,794,0.1,2.0,1.0,5.0,10.0,0.7,indicator
0.11206574523720583,5026.0,0,1305.2,1320.0,S1,qlearning,2,795,0.1,2.0,1.0,5.0,10.0,0.7,indicator
0.14042995839112343,5360.0,2,1587.6,1660.0,S1,qlearning,2,796,0.1,2.0,1.0,5.0,10.0,0.7,indicator
0.09684832567301378,5764.0,0,1713.0,1765.0,S1,qlearning,2,797,0.1,2.0,1.0,5.0,10.0,0.7,indicator
0.10270270270270271,5257.0,0,1482.3999999999999,1527.0,S1,qlearning,2,798,0.1,2.0,1.0,5.0,10.0,0.7,indicator
0.1007423117709438,5335.0,0,1524.2,1525.0,S1,qlearning,2,799,0.1,2.0,1.0,5.0,10.0,0.7,indicator
0.11947045527930256,5836.0,3,1520.4,1522.0,S1,qlearning,2,800,0.1,2.0,1.0,5.0,10.0,0.7,indicator
0.13734224201930215,5010.0,1,1388.8,1406.0,S1,qlearning,2,801,0.1,2.0,1.0,5.0,10.0,0.7,indicator
0.11796042617960426,4943.0,0,1382.4,1383.0,S1,qlearning,2,802,0.1,2.0,1.0,5.0,10.0,0.7,indicator
0.120817843866171,5022.0,0,1326.2,1352.0,S1,qlearning,2,803,0.1,2.0,1.0,5.0,10.0,0.7,indicator
0.1079136690647482,5821.7,2,1609.8,1612.0,S1,qlearning,2,804,0.1,2.0,1.0,5.0,10.0,0.7,indicator
0.11174968071519796,5931.0,1,1556.8,1590.0,S1,qlearning,2,805,0.1,2.0,1.0,5.0,10.0,0.7,indicator
0.14207650273224043,5102.0,2,1385.6,1420.0,S1,qlearning,2,806,0.1,2.0,1.0,5.0,10.0,0.7,indicator
0.12925392670157068,5724.0,3,1487.2,1507.0,S1,qlearning,2,807,0.1,2.0,1.0,5.0,10.0,0.7,indicator
0.11813885859687387,5179.0,2,1419.2,1445.0,S1,qlearning,2,808,0.1,2.0,1.0,5.0,10.0,0.7,indicator
0.1285140562248996,4652.0,0,1342.3999999999999,1384.0,S1,qlearning,2,809,0.1,2.0,1.0,5.0,10.0,0.7,indicator
0.1272984441301273,5343.0,5,1612.8,1622.0,S1,qlearning,2,810,0.1,2.0,1.0,5.0,10.0,0.7,indicator
0.11151662611516626,4649.0,1,1295.8,1311.0,S1,qlearning,2,811,0.1,2.0,1.0,5.0,10.0,0.7,indicator
0.14446227929373998,4611.2,0,1290.2,1329.0,S1,qlearning,2,812,0.1,2.0,1.0,5.0,10.0,0.7,indicator
0.13821138211382114,4592.0,2,1319.3999999999999,1365.0,S1,qlearning,2,813,0.1,2.0,1.0,5.0,10.0,0.7,indicator
0.10305614783226724,5355.0,2,1678.6,1705.0,S1,qlearning,2,814,0.1,2.0,1.0,5.0,10.0,0.7,indicator
0.11326860841423948,5284.0,4,1510.0,1541.0,S1,qlearning,2,815,0.1,2.0,1.0,5.0,10.0,0.7,indicator
0.10850843954529797,5463.0,0,1735.0,1842.0,S1,qlearning,2,816,0.1,2.0,1.0,5.0,10.0,0.7,indicator
0.10102865540044086,5166.4,0,1392.2,1402.0,S1,qlearning,2,817,0.1,2.0,1.0,5.0,10.0,0.7,indicator
0.11468675111263266,5479.0,1,1387.0,1388.0,S1,qlearning,2,818,0.1,2.0,1.0,5.0,10.0,0.7,indicator
0.09056078021595262,5454.0,0,1534.2,1553.0,S1,qlearning,2,819,0.1,2.0,1.0,5.0,10.0,0.7,indicator
0.13374092472296523,4851.0,0,1578.0,1703.0,S1,qlearning,2,820,0.1,2.0,1.0,5.0,10.0,0.7,indicator
0.13029315960912052,5143.0,0,1311.4,1312.0,S1,qlearning,2,821,0.1,2.0,1.0,5.0,10.0,0.7,indicator
0.09017412935323384,6144.0,2,1738.6,1791.0,S1,qlearning,2,822,0.1,2.0,1.0,5.0,10.0,0.7,indicator
0.13538236370289058,5063.0,0,1413.2,1450.0,S1,qlearning,2,823,0.1,2.0,1.0,5.0,10.0,0.7,indicator
0.101568068424804,5304.0,0,1299.8,1300.0,S1,qlearning,2,824,0.1,2.0,1.0,5.0,10.0,0.7,indicator
0.1296370163542082,4661.0,0,1300.3999999999999,1352.0,S1,qlearning,2,825,0.1,2.0,1.0,5.0,10.0,0.7,indicator
0.12613875262789068,5305.0,0,1500.3999999999999,1550.0,S1,qlearning,2,826,0.1,2.0,1.0,5.0,10.0,0.7,indicator
0.12199434229137199,5278.0,0,1479.8,1537.0,S1,qlearning,2,827,0.1,2.0,1.0,5.0,10.0,0.7,indicator
0.11406196799455226,5546.0,1,1411.4,1432.0,S1,qlearning,2,828,0.1,2.0,1.0,5.0,10.0,0.7,indicator
0.11691223574631647,5846.0,0,1553.6,1582.0,S1,qlearning,2,829,0.1,2.0,1.0,5.0,10.0,0.7,indicator
0.11383849163998577,5329.0,3,1437.6,1444.0,S1,qlearning,2,830,0.1,2.0,1.0,5.0,10.0,0.7,indicator
0.11721159777914868,6111.0,3,1764.6,1855.0,S1,qlearning,2,831,0.1,2.0,1.0,5.0,10.0,0.7,indicator
0.11724386724386725,5196.0,1,1420.6,1435.0,S1,qlearning,2,832,0.1,2.0,1.0,5.0,10.0,0.7,indicator
0.13708781030011116,5065.0,2,1405.6,1442.0,S1,qlearning,2,833,0.1,2.0,1.0,5.0,10.0,0.7,indicator
0.12486809708054872,5323.0,0,1411.8,1421.0,S1,qlearning,2,834,0.1,2.0,1.0,5.0,10.0,0.7,indicator
0.11156882938551321,5473.0,1,1536.3999999999999,1586.0,S1,qlearning,2,835,0.1,2.0,1.0,5.0,10.0,0.7,indicator
0.11888111888111888,5392.0,2,1338.2,1345.0,S1,qlearning,2,836,0.1,2.0,1.0,5.0,10.0,0.7,indicator
0.10617760617760617,4902.0,1,1397.0,1451.0,S1,qlearning,2,837,0.1,2.0,1.0,5.0,10.0,0.7,indicator
0.11078286558345643,5073.0,0,1430.2,1482.0,S1,qlearning,2,838,0.1,2.0,1.0,5.0,10.0,0.7,indicator
0.1257979722117912,5028.0,4,1405.2,1419.0,S1,qlearning,2,839,0.1,2.0,1.0,5.0,10.0,0.7,indicator
0.12559155442300693,5106.0,0,1311.4,1320.0,S1,qlearning,2,840,0.1,2.0,1.0,5.0,10.0,0.7,indicator
0.12518684603886399,4994.0,0,1353.4,1367.0,S1,qlearning,2,841,0.1,2.0,1.0,5.0,10.0,0.7,indicator
0.11194029850746269,5320.0,2,1425.6,1467.0,S1,qlearning,2,842,0.1,2.0,1.0,5.0,10.0,0.7,indicator
0.13900245298446443,4559.0,2,1232.8,1262.0,S1,qlearning,2,843,0.1,2.0,1.0,5.0,10.0,0.7,indicator
0.11998567335243553,5266.0,2,1527.4,1533.0,S1,qlearning,2,844,0.1,2.0,1.0,5.0,10.0,0.7,indicator
0.1292318893338187,5131.0,1,1364.0,1365.0,S1,qlearning,2,845,0.1,2.0,1.0,5.0,10.0,0.7,indicator
0.11538461538461539,5857.0,0,1598.6,1628.0,S1,qlearning,2,846,0.1,2.0,1.0,5.0,10.0,0.7,indicator
0.1225114854517611,4866.0,0,1278.4,1291.0,S1,qlearning,2,847,0.1,2.0,1.0,5.0,10.0,0.7,indicator
0.0975609756097561,5807.0,0,1491.2,1524.0,S1,qlearning,2,848,0.1,2.0,1.0,5.0,10.0,0.7,indicator
0.11475409836065574,5152.0,1,1469.2,1523.0,S1,qlearning,2,849,0.1,2.0,1.0,5.0,10.0,0.7,indicator
0.11177844511177845,5651.0,0,1499.6,1515.0,S1,qlearning,2,850,0.1,2.0,1.0,5.0,10.0,0.7,indicator
0.13707037643207856,4565.0,3,1261.8,1291.0,S1,qlearning,2,851,0.1,2.0,1.0,5.0,10.0,0.7,indicator
0.0728718118582312,5840.0,3,1771.8,1785.0,S1,qlearning,2,852,0.1,2.0,1.0,5.0,10.0,0.7,indicator
0.13002364066193853,4724.5,0,1449.8,1534.0,S1,qlearning,2,853,0.1,2.0,1.0,5.0,10.0,0.7,indicator
0.125,5142.0,4,1369.2,1388.0,S1,qlearning,2,854,0.1,2.0,1.0,5.0,10.0,0.7,indicator
0.10739856801909307,5528.0,0,1489.6,1499.0,S1,qlearning,2,855,0.1,2.0,1.0,5.0,10.0,0.7,indicator
0.11535552193645991,4990.0,0,1386.8,1442.0,S1,qlearning,2,856,0.1,2.0,1.0,5.0,10.0,0.7,indicator
0.13046424940698068,5504.0,1,1455.3999999999999,1497.0,S1,qlearning,2,857,0.1,2.0,1.0,5.0,10.0,0.7,indicator
0.12152166255723847,5350.0,1,1440.8,1471.0,S1,qlearning,2,858,0.1,2.0,1.0,5.0,10.0,0.7,indicator
0.10921501706484642,5517.0,1,1498.0,1516.0,S1,qlearning,2,859,0.1,2.0,1.0,5.0,10.0,0.7,indicator
0.11173184357541899,5385.0,0,1446.6,1487.0,S1,qlearning,2,860,0.1,2.0,1.0,5.0,10.0,0.7,indicator
0.13750954927425516,4869.3,0,1320.6,1334.0,S1,qlearning,2,861,0.1,2.0,1.0,5.0,10.0,0.7,indicator
0.13935340022296544,5034.0,3,1340.8,1353.0,S1,qlearning,2,862,0.1,2.0,1.0,5.0,10.0,0.7,indicator
0.12785072563925362,5375.0,0,1318.2,1334.0,S1,qlearning,2,863,0.1,2.0,1.0,5.0,10.0,0.7,indicator
0.1047506639126586,6455.0,2,1797.0,1830.0,S1,qlearning,2,864,0.1,2.0,1.0,5.0,10.0,0.7,indicator
0.12152777777777778,4862.1,0,1279.2,1282.0,S1,qlearning,2,865,0.1,2.0,1.0,5.0,10.0,0.7,indicator
0.12825348924933988,4964.0,0,1263.6,1279.0,S1,qlearning,2,866,0.1,2.0,1.0,5.0,10.0,0.7,indicator
0.1038961038961039,5102.0,0,1370.4,1376.0,S1,qlearning,2,867,0.1,2.0,1.0,5.0,10.0,0.7,indicator
0.13757861635220126,4745.0,2,1237.0,1254.0,S1,qlearning,2,868,0.1,2.0,1.0,5.0,10.0,0.7,indicator
0.12897822445561138,5552.0,0,1698.8,1797.0,S1,qlearning,2,869,0.1,2.0,1.0,5.0,10.0,0.7,indicator
0.11359472334188347,5130.0,0,1398.8,1427.0,S1,qlearning,2,870,0.1,2.0,1.0,5.0,10.0,0.7,indicator
0.11082848837209303,5261.0,6,1591.1999999999998,1673.0,S1,qlearning,2,871,0.1,2.0,1.0,5.0,10.0,0.7,indicator
0.12434061793519216,4935.0,0,1381.8,1430.0,S1,qlearning,2,872,0.1,2.0,1.0,5.0,10.0,0.7,indicator
0.1215088864708016,5186.7,0,1461.8,1501.0,S1,qlearning,2,873,0.1,2.0,1.0,5.0,10.0,0.7,indicator
0.09865005192107996,5480.0,2,1370.6,1377.0,S1,qlearning,2,874,0.1,2.0,1.0,5.0,10.0,0.7,indicator
0.1143141153081511,5688.0,2,1607.2,1621.0,S1,qlearning,2,875,0.1,2.0,1.0,5.0,10.0,0.7,indicator
0.12738853503184713,4980.0,0,1311.0,1328.0,S1,qlearning,2,876,0.1,2.0,1.0,5.0,10.0,0.7,indicator
0.07891202149093351,5788.0,5,1508.0,1521.0,S1,qlearning,2,877,0.1,2.0,1.0,5.0,10.0,0.7,indicator
0.10482180293501048,5391.0,0,1487.6,1503.0,S1,qlearning,2,878,0.1,2.0,1.0,5.0,10.0,0.7,indicator
0.12109375,4802.0,1,1297.6,1342.0,S1,qlearning,2,879,0.1,2.0,1.0,5.0,10.0,0.7,indicator
0.10124101894186806,5776.0,0,1545.2,1550.0,S1,qlearning,2,880,0.1,2.0,1.0,5.0,10.0,0.7,indicator
0.12389053254437869,5135.0,5,1377.8,1384.0,S1,qlearning,2,881,0.1,2.0,1.0,5.0,10.0,0.7,indicator
0.10892480674631061,5364.0,1,1695.3999999999999,1787.0,S1,qlearning,2,882,0.1,2.0,1.0,5.0,10.0,0.7,indicator
0.11909058101768315,5234.0,3,1399.6,1413.0,S1,qlearning,2,883,0.1,2.0,1.0,5.0,10.0,0.7,indicator
0.10028149190710767,5496.0,7,1471.4,1495.0,S1,qlearning,2,884,0.1,2.0,1.0,5.0,10.0,0.7,indicator
0.13352073085031624,5289.0,0,1515.6,1523.0,S1,qlearning,2,885,0.1,2.0,1.0,5.0,10.0,0.7,indicator
0.1494661921708185,5167.0,0,1430.8,1463.0,S1,qlearning,2,886,0.1,2.0,1.0,5.0,10.0,0.7,indicator
0.13167795334838225,4983.0,1,1340.2,1396.0,S1,qlearning,2,887,0.1,2.0,1.0,5.0,10.0,0.7,indicator
0.10207736389684814,5296.0,0,1556.3999999999999,1638.0,S1,qlearning,2,888,0.1,2.0,1.0,5.0,10.0,0.7,indicator
0.11966701352757544,5498.0,6,1452.6,1504.0,S1,qlearning,2,889,0.1,2.0,1.0,5.0,10.0,0.7,indicator
0.08719973675551168,5790.0,1,1621.6,1666.0,S1,qlearning,2,890,0.1,2.0,1.0,5.0,10.0,0.7,indicator
0.11489698890649762,4720.0,0,1279.6,1317.0,S1,qlearning,2,891,0.1,2.0,1.0,5.0,10.0,0.7,indicator
0.12106975063245393,5191.0,1,1662.0,1763.0,S1,qlearning,2,892,0.1,2.0,1.0,5.0,10.0,0.7,indicator
0.12486023108460678,5023.0,2,1307.4,1326.0,S1,qlearning,2,893,0.1,2.0,1.0,5.0,10.0,0.7,indicator
0.13274336283185842,4739.1,7,1384.3999999999999,1422.0,S1,qlearning,2,894,0.1,2.0,1.0,5.0,10.0,0.7,indicator
0.10676741130091984,5765.0,1,1735.1999999999998,1856.0,S1,qlearning,2,895,0.1,2.0,1.0,5.0,10.0,0.7,indicator
0.11013215859030837,5549.0,1,1389.0,1395.0,S1,qlearning,2,896,0.1,2.0,1.0,5.0,10.0,0.7,indicator
0.1402524544179523,5261.0,0,1429.0,1452.0,S1,qlearning,2,897,0.1,2.0,1.0,5.0,10.0,0.7,indicator
0.12161084529505582,4728.1,2,1271.0,1291.0,S1,qlearning,2,898,0.1,2.0,1.0,5.0,10.0,0.7,indicator
0.09880028228652082,5445.0,5,1455.6,1487.0,S1,qlearning,2,899,0.1,2.0,1.0,5.0,10.0,0.7,indicator
0.09625862695241555,5288.0,4,1521.8,1539.0,S1,qlearning,2,900,0.1,2.0,1.0,5.0,10.0,0.7,indicator
0.11929460580912864,5406.0,0,1600.6,1647.0,S1,qlearning,2,901,0.1,2.0,1.0,5.0,10.0,0.7,indicator
0.13848920863309352,5192.0,3,1369.6,1371.0,S1,qlearning,2,902,0.1,2.0,1.0,5.0,10.0,0.7,indicator
0.10031131096506399,5539.0,4,1570.0,1606.0,S1,qlearning,2,903,0.1,2.0,1.0,5.0,10.0,0.7,indicator
0.1040268456375839,5617.0,0,1623.0,1670.0,S1,qlearning,2,904,0.1,2.0,1.0,5.0,10.0,0.7,indicator
0.11439114391143912,5117.0,1,1325.2,1335.0,S1,qlearning,2,905,0.1,2.0,1.0,5.0,10.0,0.7,indicator
0.14016967908520842,5064.0,3,1460.6,1483.0,S1,qlearning,2,906,0.1,2.0,1.0,5.0,10.0,0.7,indicator
0.12958963282937366,5228.0,3,1458.8,1495.0,S1,qlearning,2,907,0.1,2.0,1.0,5.0,10.0,0.7,indicator
0.13148907103825136,5463.0,1,1432.6,1455.0,S1,qlearning,2,908,0.1,2.0,1.0,5.0,10.0,0.7,indicator
0.12318255250403877,4629.0,0,1225.4,1237.0,S1,qlearning,2,909,0.1,2.0,1.0,5.0,10.0,0.7,indicator
0.14031971580817051,5207.0,0,1412.6,1428.0,S1,qlearning,2,910,0.1,2.0,1.0,5.0,10.0,0.7,indicator
0.11392405063291139,5217.0,2,1482.0,1536.0,S1,qlearning,2,911,0.1,2.0,1.0,5.0,10.0,0.7,indicator
0.10336906584992343,4926.0,0,1335.4,1345.0,S1,qlearning,2,912,0.1,2.0,1.0,5.0,10.0,0.7,indicator
0.1278772378516624,4369.0,0,1230.8,1254.0,S1,qlearning,2,913,0.1,2.0,1.0,5.0,10.0,0.7,indicator
0.13043478260869565,5362.0,2,1388.6,1398.0,S1,qlearning,2,914,0.1,2.0,1.0,5.0,10.0,0.7,indicator
0.1167687595712098,4901.0,0,1326.0,1344.0,S1,qlearning,2,915,0.1,2.0,1.0,5.0,10.0,0.7,indicator
0.1407318053880177,4601.1,0,1299.0,1326.0,S1,qlearning,2,916,0.1,2.0,1.0,5.0,10.0,0.7,indicator
0.12148823082763857,4940.6,1,1475.8,1530.0,S1,qlearning,2,917,0.1,2.0,1.0,5.0,10.0,0.7,indicator
0.12568735271013354,4824.0,3,1249.2,1269.0,S1,qlearning,2,918,0.1,2.0,1.0,5.0,10.0,0.7,indicator
0.14443651925820256,5190.0,0,1458.3999999999999,1488.0,S1,qlearning,2,919,0.1,2.0,1.0,5.0,10.0,0.7,indicator
0.13020833333333334,4639.3,0,1328.2,1394.0,S1,qlearning,2,920,0.1,2.0,1.0,5.0,10.0,0.7,indicator
0.119649477586788,5571.5,1,1509.8,1544.0,S1,qlearning,2,921,0.1,2.0,1.0,5.0,10.0,0.7,indicator
0.1134089392928619,5628.5,0,1512.8,1561.0,S1,qlearning,2,922,0.1,2.0,1.0,5.0,10.0,0.7,indicator
0.12987012987012986,4903.8,1,1401.2,1419.0,S1,qlearning,2,923,0.1,2.0,1.0,5.0,10.0,0.7,indicator
0.14053254437869822,5000.0,1,1398.8,1416.0,S1,qlearning,2,924,0.1,2.0,1.0,5.0,10.0,0.7,indicator
0.11219022103148024,5724.0,6,1460.2,1471.0,S1,qlearning,2,925,0.1,2.0,1.0,5.0,10.0,0.7,indicator
0.12382281130101151,5376.0,1,1318.0,1337.0,S1,qlearning,2,926,0.1,2.0,1.0,5.0,10.0,0.7,indicator
0.11921708185053381,5277.0,1,1530.6,1596.0,S1,qlearning,2,927,0.1,2.0,1.0,5.0,10.0,0.7,indicator
0.11322011322011322,5623.0,0,1550.2,1593.0,S1,qlearning,2,928,0.1,2.0,1.0,5.0,10.0,0.7,indicator
0.12343470483005367,5247.0,0,1402.3999999999999,1449.0,S1,qlearning,2,929,0.1,2.0,1.0,5.0,10.0,0.7,indicator
0.12131392310563643,5080.0,6,1448.4,1451.0,S1,qlearning,2,930,0.1,2.0,1.0,5.0,10.0,0.7,indicator
0.10737790093522688,5506.0,3,1590.0,1657.0,S1,qlearning,2,931,0.1,2.0,1.0,5.0,10.0,0.7,indicator
0.13596193065941536,5486.0,1,1561.8,1605.0,S1,qlearning,2,932,0.1,2.0,1.0,5.0,10.0,0.7,indicator
0.1349741961095673,4665.0,0,1242.8,1285.0,S1,qlearning,2,933,0.1,2.0,1.0,5.0,10.0,0.7,indicator
0.1141396933560477,5587.0,4,1481.2,1486.0,S1,qlearning,2,934,0.1,2.0,1.0,5.0,10.0,0.7,indicator
0.10305614783226724,5340.0,2,1564.2,1606.0,S1,qlearning,2,935,0.1,2.0,1.0,5.0,10.0,0.7,indicator
0.11119081779053085,5238.0,0,1551.3999999999999,1581.0,S1,qlearning,2,936,0.1,2.0,1.0,5.0,10.0,0.7,indicator
0.12883668056081848,5000.0,6,1474.3999999999999,1510.0,S1,qlearning,2,937,0.1,2.0,1.0,5.0,10.0,0.7,indicator
0.1088,5912.0,1,1738.6,1841.0,S1,qlearning,2,938,0.1,2.0,1.0,5.0,10.0,0.7,indicator
0.10231660231660232,4967.0,5,1408.2,1428.0,S1,qlearning,2,939,0.1,2.0,1.0,5.0,10.0,0.7,indicator
0.13022618231665525,5493.0,4,1565.0,1641.0,S1,qlearning,2,940,0.1,2.0,1.0,5.0,10.0,0.7,indicator
0.10699457042478441,5929.0,2,1513.2,1550.0,S1,qlearning,2,941,0.1,2.0,1.0,5.0,10.0,0.7,indicator
0.11846689895470383,5467.0,6,1498.6,1536.0,S1,qlearning,2,942,0.1,2.0,1.0,5.0,10.0,0.7,indicator
0.09777015437392796,5552.0,2,1595.6,1692.0,S1,qlearning,2,943,0.1,2.0,1.0,5.0,10.0,0.7,indicator
0.11214354373598205,5919.0,1,1591.2,1640.0,S1,qlearning,2,944,0.1,2.0,1.0,5.0,10.0,0.7,indicator
0.12736660929432014,5412.0,0,1585.8,1655.0,S1,qlearning,2,945,0.1,2.0,1.0,5.0,10.0,0.7,indicator
0.10578279266572638,5344.0,1,1354.2,1364.0,S1,qlearning,2,946,0.1,2.0,1.0,5.0,10.0,0.7,indicator
0.11875654907439749,5428.0,4,1516.6,1565.0,S1,qlearning,2,947,0.1,2.0,1.0,5.0,10.0,0.7,indicator
0.10067114093959731,5344.0,0,1556.0,1597.0,S1,qlearning,2,948,0.1,2.0,1.0,5.0,10.0,0.7,indicator
0.09572072072072071,5040.0,0,1359.8,1375.0,S1,qlearning,2,949,0.1,2.0,1.0,5.0,10.0,0.7,indicator
0.1317743132887899,5015.7,0,1298.2,1301.0,S1,qlearning,2,950,0.1,2.0,1.0,5.0,10.0,0.7,indicator
0.111328125,4818.6,0,1379.6,1402.0,S1,qlearning,2,951,0.1,2.0,1.0,5.0,10.0,0.7,indicator
0.1207983193277311,5409.0,4,1525.0,1542.0,S1,qlearning,2,952,0.1,2.0,1.0,5.0,10.0,0.7,indicator
0.1207464324917673,5113.0,0,1457.2,1492.0,S1,qlearning,2,953,0.1,2.0,1.0,5.0,10.0,0.7,indicator
0.11538461538461539,5412.0,4,1512.4,1537.0,S1,qlearning,2,954,0.1,2.0,1.0,5.0,10.0,0.7,indicator
0.11666666666666667,5617.0,0,1498.4,1523.0,S1,qlearning,2,955,0.1,2.0,1.0,5.0,10.0,0.7,indicator
0.10233450591621363,5946.0,1,1465.6,1467.0,S1,qlearning,2,956,0.1,2.0,1.0,5.0,10.0,0.7,indicator
0.12602058927937523,5296.0,2,1403.4,1410.0,S1,qlearning,2,957,0.1,2.0,1.0,5.0,10.0,0.7,indicator
0.1088929219600726,5197.0,2,1466.3999999999999,1537.0,S1,qlearning,2,958,0.1,2.0,1.0,5.0,10.0,0.7,indicator
0.10357815442561205,5027.0,1,1460.3999999999999,1509.0,S1,qlearning,2,959,0.1,2.0,1.0,5.0,10.0,0.7,indicator
0.09813232035454257,5995.0,1,1666.2,1690.0,S1,qlearning,2,960,0.1,2.0,1.0,5.0,10.0,0.7,indicator
0.08281909710945112,5935.0,2,1585.4,1598.0,S1,qlearning,2,961,0.1,2.0,1.0,5.0,10.0,0.7,indicator
0.1437829080599433,4540.0,0,1376.8,1423.0,S1,qlearning,2,962,0.1,2.0,1.0,5.0,10.0,0.7,indicator
0.11048812664907652,5756.0,2,1595.0,1631.0,S1,qlearning,2,963,0.1,2.0,1.0,5.0,10.0,0.7,indicator
0.10211027910142954,5603.0,2,1557.8,1584.0,S1,qlearning,2,964,0.1,2.0,1.0,5.0,10.0,0.7,indicator
0.09238960225493266,6078.0,0,1768.8,1789.0,S1,qlearning,2,965,0.1,2.0,1.0,5.0,10.0,0.7,indicator
0.12369540007730963,4846.0,1,1336.2,1381.0,S1,qlearning,2,966,0.1,2.0,1.0,5.0,10.0,0.7,indicator
0.1169284467713787,5362.0,0,1369.0,1380.0,S1,qlearning,2,967,0.1,2.0,1.0,5.0,10.0,0.7,indicator
0.12281354670636398,5041.0,2,1234.0,1240.0,S1,qlearning,2,968,0.1,2.0,1.0,5.0,10.0,0.7,indicator
0.11904761904761904,5138.0,7,1356.4,1376.0,S1,qlearning,2,969,0.1,2.0,1.0,5.0,10.0,0.7,indicator
0.09612403100775194,6152.0,2,1837.3999999999999,1892.0,S1,qlearning,2,970,0.1,2.0,1.0,5.0,10.0,0.7,indicator
0.11583011583011583,5335.0,0,1371.6,1386.0,S1,qlearning,2,971,0.1,2.0,1.0,5.0,10.0,0.7,indicator
0.1384869780901199,4476.7,0,1220.6,1238.0,S1,qlearning,2,972,0.1,2.0,1.0,5.0,10.0,0.7,indicator
0.10817307692307693,5486.0,1,1410.6,1427.0,S1,qlearning,2,973,0.1,2.0,1.0,5.0,10.0,0.7,indicator
0.12078042737689687,6050.0,1,1645.0,1679.0,S1,qlearning,2,974,0.1,2.0,1.0,5.0,10.0,0.7,indicator
0.1226890756302521,5557.0,1,1388.4,1398.0,S1,qlearning,2,975,0.1,2.0,1.0,5.0,10.0,0.7,indicator
0.10970174837161467,5616.0,6,1578.2,1584.0,S1,qlearning,2,976,0.1,2.0,1.0,5.0,10.0,0.7,indicator
0.11201235998455002,4865.0,0,1355.2,1406.0,S1,qlearning,2,977,0.1,2.0,1.0,5.0,10.0,0.7,indicator
0.12249443207126949,5085.0,3,1439.8,1467.0,S1,qlearning,2,978,0.1,2.0,1.0,5.0,10.0,0.7,indicator
0.12356421858684302,5348.0,0,1560.3999999999999,1631.0,S1,qlearning,2,979,0.1,2.0,1.0,5.0,10.0,0.7,indicator
0.11673151750972763,5312.2,0,1459.0,1490.0,S1,qlearning,2,980,0.1,2.0,1.0,5.0,10.0,0.7,indicator
0.11448948948948949,5060.0,4,1583.2,1614.0,S1,qlearning,2,981,0.1,2.0,1.0,5.0,10.0,0.7,indicator
0.12279488066413007,5469.0,3,1382.2,1388.0,S1,qlearning,2,982,0.1,2.0,1.0,5.0,10.0,0.7,indicator
0.12487343908201147,5523.0,0,1493.4,1504.0,S1,qlearning,2,983,0.1,2.0,1.0,5.0,10.0,0.7,indicator
0.12186115214180207,5060.3,0,1436.04,1452.0,S1,qlearning,2,984,0.1,2.0,1.0,5.0,10.0,0.7,indicator
0.13274336283185842,5463.0,0,1448.6,1474.0,S1,qlearning,2,985,0.1,2.0,1.0,5.0,10.0,0.7,indicator
0.12359142130134497,5219.0,3,1435.6,1495.0,S1,qlearning,2,986,0.1,2.0,1.0,5.0,10.0,0.7,indicator
0.12874779541446207,5262.0,0,1440.6,1465.0,S1,qlearning,2,987,0.1,2.0,1.0,5.0,10.0,0.7,indicator
0.11859086152772934,5366.0,0,1447.4,1448.0,S1,qlearning,2,988,0.1,2.0,1.0,5.0,10.0,0.7,indicator
0.12260536398467432,4907.0,2,1309.3999999999999,1357.0,S1,qlearning,2,989,0.1,2.0,1.0,5.0,10.0,0.7,indicator
0.09945130315500686,5529.0,2,1456.2,1463.0,S1,qlearning,2,990,0.1,2.0,1.0,5.0,10.0,0.7,indicator
0.12996658002227998,5034.1,1,1320.2,1324.0,S1,qlearning,2,991,0.1,2.0,1.0,5.0,10.0,0.7,indicator
0.15883668903803133,4087.0,0,1081.6,1087.0,S1,qlearning,2,992,0.1,2.0,1.0,5.0,10.0,0.7,indicator
0.10361784334387074,5391.0,1,1442.0,1460.0,S1,qlearning,2,993,0.1,2.0,1.0,5.0,10.0,0.7,indicator
0.09002770083102493,5548.0,4,1589.3999999999999,1631.0,S1,qlearning,2,994,0.1,2.0,1.0,5.0,10.0,0.7,indicator
0.11136216914138154,5903.0,6,1639.2,1674.0,S1,qlearning,2,995,0.1,2.0,1.0,5.0,10.0,0.7,indicator
0.10015710919088766,4834.0,0,1358.3999999999999,1406.0,S1,qlearning,2,996,0.1,2.0,1.0,5.0,10.0,0.7,indicator
0.11952191235059761,4742.0,3,1264.4,1266.0,S1,qlearning,2,997,0.1,2.0,1.0,5.0,10.0,0.7,indicator
0.11797090051120723,4808.0,2,1236.0,1253.0,S1,qlearning,2,998,0.1,2.0,1.0,5.0,10.0,0.7,indicator
0.1341781587774879,5023.2,1,1338.6,1350.0,S1,qlearning,2,999,0.1,2.0,1.0,5.0,10.0,0.7,indicator
