service_level,total_cost,scri_viol,VaR95,TVaR95,scenario,method,seed,episode,c_h,c_b,c_o,c_disruption,lambda_scri,scri_threshold,scri_mode
0.10315297781237835,5324.3,1,1358.7600000000002,1381.8000000000002,S3,qlearning,0,0,0.25,2.2,1.0,4.0,9.0,0.7,indicator
0.1596153846153846,5226.5,1,1482.64,1505.8000000000002,S3,qlearning,0,1,0.25,2.2,1.0,4.0,9.0,0.7,indicator
0.13562026326286397,5074.900000000001,0,1322.88,1344.2,S3,qlearning,0,2,0.25,2.2,1.0,4.0,9.0,0.7,indicator
0.10797016097369454,5324.900000000001,3,1374.04,1403.8,S3,qlearning,0,3,0.25,2.2,1.0,4.0,9.0,0.7,indicator
0.13383297644539616,5696.900000000001,0,1534.92,1540.8000000000002,S3,qlearning,0,4,0.25,2.2,1.0,4.0,9.0,0.7,indicator
0.13567438148443736,5107.700000000001,2,1390.56,1415.4,S3,qlearning,0,5,0.25,2.2,1.0,4.0,9.0,0.7,indicator
0.13466717968449404,5275.3,0,1366.1200000000001,1381.0,S3,qlearning,0,6,0.25,2.2,1.0,4.0,9.0,0.7,indicator
0.11873350923482849,5472.1,2,1418.0400000000002,1426.4,S3,qlearning,0,7,0.25,2.2,1.0,4.0,9.0,0.7,indicator
0.15183028286189684,4823.3,0,1364.68,1428.6000000000001,S3,qlearning,0,8,0.25,2.2,1.0,4.0,9.0,0.7,indicator
0.13738390092879257,5249.3,1,1515.68,1555.8000000000002,S3,qlearning,0,9,0.25,2.2,1.0,4.0,9.0,0.7,indicator
0.11971567527123082,5477.1,1,1458.48,1487.2,S3,qlearning,0,10,0.25,2.2,1.0,4.0,9.0,0.7,indicator
0.13382467028704423,5314.1,5,1444.0,1454.2,S3,qlearning,0,11,0.25,2.2,1.0,4.0,9.0,0.7,indicator
0.14782261286456252,5030.1,0,1355.04,1364.0,S3,qlearning,0,12,0.25,2.2,1.0,4.0,9.0,0.7,indicator
0.12876386687797148,5220.3,6,1397.2800000000002,1403.6000000000001,S3,qlearning,0,13,0.25,2.2,1.0,4.0,9.0,0.7,indicator
0.1194239550403934,5896.900000000001,4,1730.8400000000001,1854.0000000000002,S3,qlearning,0,14,0.25,2.2,1.0,4.0,9.0,0.7,indicator
0.13631406761177753,5614.700000000001,2,1535.76,1577.0,S3,qlearning,0,15,0.25,2.2,1.0,4.0,9.0,0.7,indicator
0.09211873080859775,6091.700000000001,0,1625.16,1647.0,S3,qlearning,0,16,0.25,2.2,1.0,4.0,9.0,0.7,indicator
0.11598857958601,5767.900000000001,2,1611.72,1651.2,S3,qlearning,0,17,0.25,2.2,1.0,4.0,9.0,0.7,indicator
0.10476190476190476,5457.5,0,1294.3600000000001,1306.8000000000002,S3,qlearning,0,18,0.25,2.2,1.0,4.0,9.0,0.7,indicator
0.12547528517110265,5357.5,0,1549.16,1591.0000000000002,S3,qlearning,0,19,0.25,2.2,1.0,4.0,9.0,0.7,indicator
0.13690232938291785,4976.900000000001,1,1490.04,1569.4,S3,qlearning,0,20,0.25,2.2,1.0,4.0,9.0,0.7,indicator
0.13782542113323124,5303.900000000001,1,1553.4,1566.6000000000001,S3,qlearning,0,21,0.25,2.2,1.0,4.0,9.0,0.7,indicator
0.10420346167432003,5871.950000000001,1,1701.96,1726.4,S3,qlearning,0,22,0.25,2.2,1.0,4.0,9.0,0.7,indicator
0.14246141669964385,5114.900000000001,0,1452.52,1496.0,S3,qlearning,0,23,0.25,2.2,1.0,4.0,9.0,0.7,indicator
0.11115227862171174,5586.3,2,1557.5200000000002,1568.8000000000002,S3,qlearning,0,24,0.25,2.2,1.0,4.0,9.0,0.7,indicator
0.12979683972911965,5419.1,0,1398.6000000000001,1419.6000000000001,S3,qlearning,0,25,0.25,2.2,1.0,4.0,9.0,0.7,indicator
0.1254600200736032,6121.3,1,1589.96,1627.4,S3,qlearning,0,26,0.25,2.2,1.0,4.0,9.0,0.7,indicator
0.10857356795207787,5528.700000000001,1,1442.5200000000002,1442.8000000000002,S3,qlearning,0,27,0.25,2.2,1.0,4.0,9.0,0.7,indicator
0.10362694300518134,5605.900000000001,0,1478.3200000000002,1479.8000000000002,S3,qlearning,0,28,0.25,2.2,1.0,4.0,9.0,0.7,indicator
0.13743218806509946,5664.5,4,1508.24,1549.2,S3,qlearning,0,29,0.25,2.2,1.0,4.0,9.0,0.7,indicator
0.1022270901788974,5683.3,1,1576.76,1627.4,S3,qlearning,0,30,0.25,2.2,1.0,4.0,9.0,0.7,indicator
0.12887495646116337,5906.700000000001,4,1644.68,1690.0000000000002,S3,qlearning,0,31,0.25,2.2,1.0,4.0,9.0,0.7,indicator
0.13377926421404682,5511.700000000001,4,1534.4,1545.0,S3,qlearning,0,32,0.25,2.2,1.0,4.0,9.0,0.7,indicator
0.12918254976704785,4805.700000000001,0,1313.4,1347.6000000000001,S3,qlearning,0,33,0.25,2.2,1.0,4.0,9.0,0.7,indicator
0.09303112313937753,6150.700000000001,0,1571.8000000000002,1585.0000000000002,S3,qlearning,0,34,0.25,2.2,1.0,4.0,9.0,0.7,indicator
0.11500547645125958,5615.3,0,1681.24,1737.4,S3,qlearning,0,35,0.25,2.2,1.0,4.0,9.0,0.7,indicator
0.11580882352941177,5573.5,0,1512.2400000000002,1578.0000000000002,S3,qlearning,0,36,0.25,2.2,1.0,4.0,9.0,0.7,indicator
0.11209114296214627,5608.700000000001,1,1515.7200000000003,1530.8000000000002,S3,qlearning,0,37,0.25,2.2,1.0,4.0,9.0,0.7,indicator
0.1456876456876457,5180.3,0,1325.44,1331.8000000000002,S3,qlearning,0,38,0.25,2.2,1.0,4.0,9.0,0.7,indicator
0.13172541743970315,5477.0,0,1660.96,1741.6000000000001,S3,qlearning,0,39,0.25,2.2,1.0,4.0,9.0,0.7,indicator
0.11018237082066869,5449.900000000001,2,1444.6000000000001,1455.0,S3,qlearning,0,40,0.25,2.2,1.0,4.0,9.0,0.7,indicator
0.12769784172661872,5731.5,4,1679.0800000000002,1760.8000000000002,S3,qlearning,0,41,0.25,2.2,1.0,4.0,9.0,0.7,indicator
0.14958044509303173,5505.700000000001,0,1435.04,1444.2,S3,qlearning,0,42,0.25,2.2,1.0,4.0,9.0,0.7,indicator
0.12098373661245537,5193.700000000001,2,1499.8400000000001,1505.2,S3,qlearning,0,43,0.25,2.2,1.0,4.0,9.0,0.7,indicator
0.1341609931918302,5068.900000000001,0,1512.7600000000002,1539.6000000000001,S3,qlearning,0,44,0.25,2.2,1.0,4.0,9.0,0.7,indicator
0.10571216617210683,5612.700000000001,4,1656.64,1716.6000000000001,S3,qlearning,0,45,0.25,2.2,1.0,4.0,9.0,0.7,indicator
0.13133208255159476,5444.5,2,1470.16,1486.2,S3,qlearning,0,46,0.25,2.2,1.0,4.0,9.0,0.7,indicator
0.12646627565982405,5555.1,0,1338.92,1340.2,S3,qlearning,0,47,0.25,2.2,1.0,4.0,9.0,0.7,indicator
0.1378309756982227,5576.900000000001,0,1648.32,1705.8,S3,qlearning,0,48,0.25,2.2,1.0,4.0,9.0,0.7,indicator
0.1385809312638581,5470.700000000001,0,1436.4,1466.4,S3,qlearning,0,49,0.25,2.2,1.0,4.0,9.0,0.7,indicator
0.12551517422255526,5467.3,0,1663.16,1743.6000000000001,S3,qlearning,0,50,0.25,2.2,1.0,4.0,9.0,0.7,indicator
0.16536118363794605,4661.1,5,1242.4400000000003,1259.0000000000002,S3,qlearning,0,51,0.25,2.2,1.0,4.0,9.0,0.7,indicator
0.12143407864302236,5329.3,1,1396.64,1398.2,S3,qlearning,0,52,0.25,2.2,1.0,4.0,9.0,0.7,indicator
0.09078681909885676,6273.3,4,1704.9600000000003,1717.8000000000002,S3,qlearning,0,53,0.25,2.2,1.0,4.0,9.0,0.7,indicator
0.1079913606911447,5719.1,0,1596.0000000000002,1636.8000000000002,S3,qlearning,0,54,0.25,2.2,1.0,4.0,9.0,0.7,indicator
0.15188335358444716,5009.8,3,1247.88,1258.4,S3,qlearning,0,55,0.25,2.2,1.0,4.0,9.0,0.7,indicator
0.1590623691921306,4777.3,0,1433.3200000000002,1476.6000000000001,S3,qlearning,0,56,0.25,2.2,1.0,4.0,9.0,0.7,indicator
0.12062937062937062,5845.5,0,1499.6000000000001,1504.6000000000001,S3,qlearning,0,57,0.25,2.2,1.0,4.0,9.0,0.7,indicator
0.11927300265051118,5421.700000000001,1,1408.2,1420.0,S3,qlearning,0,58,0.25,2.2,1.0,4.0,9.0,0.7,indicator
0.12295081967213115,5253.900000000001,1,1561.04,1671.2,S3,qlearning,0,59,0.25,2.2,1.0,4.0,9.0,0.7,indicator
0.10891089108910891,5212.5,0,1375.92,1402.6000000000001,S3,qlearning,0,60,0.25,2.2,1.0,4.0,9.0,0.7,indicator
0.12841756420878211,4926.3,0,1336.88,1399.8000000000002,S3,qlearning,0,61,0.25,2.2,1.0,4.0,9.0,0.7,indicator
0.0967982129560685,5569.700000000001,0,1550.0800000000002,1590.0000000000002,S3,qlearning,0,62,0.25,2.2,1.0,4.0,9.0,0.7,indicator
0.15221579961464354,5222.5,0,1396.2400000000002,1409.6000000000001,S3,qlearning,0,63,0.25,2.2,1.0,4.0,9.0,0.7,indicator
0.10802469135802469,6053.700000000001,3,1673.8000000000002,1700.8000000000002,S3,qlearning,0,64,0.25,2.2,1.0,4.0,9.0,0.7,indicator
0.10660980810234541,5818.3,0,1686.76,1741.0,S3,qlearning,0,65,0.25,2.2,1.0,4.0,9.0,0.7,indicator
0.12207702888583219,5952.1,1,1669.88,1698.8000000000002,S3,qlearning,0,66,0.25,2.2,1.0,4.0,9.0,0.7,indicator
0.12386156648451731,5618.500000000001,0,1603.8000000000002,1663.8000000000002,S3,qlearning,0,67,0.25,2.2,1.0,4.0,9.0,0.7,indicator
0.11681348142474147,5360.700000000001,0,1425.4,1426.8000000000002,S3,qlearning,0,68,0.25,2.2,1.0,4.0,9.0,0.7,indicator
0.1000363768643143,5700.3,0,1549.0,1559.2,S3,qlearning,0,69,0.25,2.2,1.0,4.0,9.0,0.7,indicator
0.09963768115942029,5709.5,0,1449.96,1466.4,S3,qlearning,0,70,0.25,2.2,1.0,4.0,9.0,0.7,indicator
0.12964858410098942,5969.700000000001,0,1814.44,1927.6000000000001,S3,qlearning,0,71,0.25,2.2,1.0,4.0,9.0,0.7,indicator
0.12562814070351758,5338.900000000001,4,1390.3200000000002,1398.4,S3,qlearning,0,72,0.25,2.2,1.0,4.0,9.0,0.7,indicator
0.14380101049358726,5309.1,7,1460.16,1469.8000000000002,S3,qlearning,0,73,0.25,2.2,1.0,4.0,9.0,0.7,indicator
0.1350844277673546,5444.5,2,1467.88,1515.2,S3,qlearning,0,74,0.25,2.2,1.0,4.0,9.0,0.7,indicator
0.1502534395365677,5545.900000000001,0,1472.2,1505.4,S3,qlearning,0,75,0.25,2.2,1.0,4.0,9.0,0.7,indicator
0.1037037037037037,5581.5,0,1566.76,1584.4,S3,qlearning,0,76,0.25,2.2,1.0,4.0,9.0,0.7,indicator
0.11723111276516561,5513.900000000001,1,1505.28,1542.2,S3,qlearning,0,77,0.25,2.2,1.0,4.0,9.0,0.7,indicator
0.13670411985018727,5418.5,0,1554.72,1576.6000000000001,S3,qlearning,0,78,0.25,2.2,1.0,4.0,9.0,0.7,indicator
0.14067524115755628,5053.1,0,1498.44,1575.4,S3,qlearning,0,79,0.25,2.2,1.0,4.0,9.0,0.7,indicator
0.13765025203567274,5256.3,1,1493.3600000000001,1535.0000000000002,S3,qlearning,0,80,0.25,2.2,1.0,4.0,9.0,0.7,indicator
0.1218568665377176,5291.5,0,1521.96,1545.8000000000002,S3,qlearning,0,81,0.25,2.2,1.0,4.0,9.0,0.7,indicator
0.13948082138705928,5258.700000000001,2,1325.24,1327.4,S3,qlearning,0,82,0.25,2.2,1.0,4.0,9.0,0.7,indicator
0.14225941422594143,4837.5,0,1265.7600000000002,1298.8000000000002,S3,qlearning,0,83,0.25,2.2,1.0,4.0,9.0,0.7,indicator
0.1375,4855.5,0,1611.08,1704.0,S3,qlearning,0,84,0.25,2.2,1.0,4.0,9.0,0.7,indicator
0.12102601156069365,5681.1,2,1409.68,1410.4,S3,qlearning,0,85,0.25,2.2,1.0,4.0,9.0,0.7,indicator
0.11691022964509394,4900.500000000001,0,1295.0,1309.2,S3,qlearning,0,86,0.25,2.2,1.0,4.0,9.0,0.7,indicator
0.13116057233704292,5106.700000000001,0,1327.48,1350.4,S3,qlearning,0,87,0.25,2.2,1.0,4.0,9.0,0.7,indicator
0.08996041741633681,5801.3,0,1673.68,1718.0,S3,qlearning,0,88,0.25,2.2,1.0,4.0,9.0,0.7,indicator
0.13606745879647375,5301.3,0,1499.6800000000003,1557.2000000000003,S3,qlearning,0,89,0.25,2.2,1.0,4.0,9.0,0.7,indicator
0.12839598064756233,5477.900000000001,1,1544.0800000000002,1557.2,S3,qlearning,0,90,0.25,2.2,1.0,4.0,9.0,0.7,indicator
0.14306676449009537,5501.700000000001,0,1484.6,1506.0,S3,qlearning,0,91,0.25,2.2,1.0,4.0,9.0,0.7,indicator
0.13959822948586995,5949.900000000001,1,1635.2400000000002,1661.0000000000002,S3,qlearning,0,92,0.25,2.2,1.0,4.0,9.0,0.7,indicator
0.13488543976348855,5501.700000000001,0,1480.24,1491.0,S3,qlearning,0,93,0.25,2.2,1.0,4.0,9.0,0.7,indicator
0.12665627435697585,5272.700000000001,2,1610.32,1661.4,S3,qlearning,0,94,0.25,2.2,1.0,4.0,9.0,0.7,indicator
0.1134020618556701,5991.5,1,1770.44,1809.8000000000002,S3,qlearning,0,95,0.25,2.2,1.0,4.0,9.0,0.7,indicator
0.14269829503335804,5461.1,0,1416.76,1425.0,S3,qlearning,0,96,0.25,2.2,1.0,4.0,9.0,0.7,indicator
0.10984699882306787,5248.3,0,1466.5600000000002,1515.6000000000001,S3,qlearning,0,97,0.25,2.2,1.0,4.0,9.0,0.7,indicator
0.11731843575418995,5514.500000000001,1,1491.16,1511.8000000000002,S3,qlearning,0,98,0.25,2.2,1.0,4.0,9.0,0.7,indicator
0.1479514415781487,5345.700000000001,3,1444.88,1459.8000000000002,S3,qlearning,0,99,0.25,2.2,1.0,4.0,9.0,0.7,indicator
0.13987252124645894,5734.3,1,1496.8000000000002,1521.4,S3,qlearning,0,100,0.25,2.2,1.0,4.0,9.0,0.7,indicator
0.12264150943396226,5447.5,2,1436.8400000000001,1456.2,S3,qlearning,0,101,0.25,2.2,1.0,4.0,9.0,0.7,indicator
0.1130610867364158,6112.1,1,1745.7600000000002,1827.0000000000002,S3,qlearning,0,102,0.25,2.2,1.0,4.0,9.0,0.7,indicator
0.12533232054690469,5386.1,1,1425.3200000000002,1434.0000000000002,S3,qlearning,0,103,0.25,2.2,1.0,4.0,9.0,0.7,indicator
0.10903426791277258,5971.3,2,1698.2,1741.6000000000001,S3,qlearning,0,104,0.25,2.2,1.0,4.0,9.0,0.7,indicator
0.14121981170691772,4933.1,0,1387.3600000000001,1414.6000000000001,S3,qlearning,0,105,0.25,2.2,1.0,4.0,9.0,0.7,indicator
0.15587529976019185,5020.900000000001,1,1314.5600000000002,1321.6000000000001,S3,qlearning,0,106,0.25,2.2,1.0,4.0,9.0,0.7,indicator
0.1423027166882277,4693.3,0,1458.08,1541.6000000000001,S3,qlearning,0,107,0.25,2.2,1.0,4.0,9.0,0.7,indicator
0.13682564503518374,5193.1,1,1298.0,1308.2,S3,qlearning,0,108,0.25,2.2,1.0,4.0,9.0,0.7,indicator
0.1070110701107011,5601.5,0,1594.44,1636.2,S3,qlearning,0,109,0.25,2.2,1.0,4.0,9.0,0.7,indicator
0.12931034482758622,5195.900000000001,0,1346.6000000000001,1355.4,S3,qlearning,0,110,0.25,2.2,1.0,4.0,9.0,0.7,indicator
0.1254980079681275,5115.5,0,1401.8400000000001,1404.6000000000001,S3,qlearning,0,111,0.25,2.2,1.0,4.0,9.0,0.7,indicator
0.15139281388776746,5020.900000000001,2,1342.0,1355.2,S3,qlearning,0,112,0.25,2.2,1.0,4.0,9.0,0.7,indicator
0.1016767748840528,5822.1,0,1609.04,1628.2,S3,qlearning,0,113,0.25,2.2,1.0,4.0,9.0,0.7,indicator
0.11684885035808519,5533.1,6,1446.2,1480.4,S3,qlearning,0,114,0.25,2.2,1.0,4.0,9.0,0.7,indicator
0.15825491873396064,4667.1,0,1255.16,1285.6000000000001,S3,qlearning,0,115,0.25,2.2,1.0,4.0,9.0,0.7,indicator
0.14110657259561826,5498.1,3,1445.6000000000001,1445.6000000000001,S3,qlearning,0,116,0.25,2.2,1.0,4.0,9.0,0.7,indicator
0.11928763440860216,6093.700000000001,0,1666.4199999999998,1753.0,S3,qlearning,0,117,0.25,2.2,1.0,4.0,9.0,0.7,indicator
0.1392272885485555,5846.1,2,1562.0400000000002,1586.6000000000001,S3,qlearning,0,118,0.25,2.2,1.0,4.0,9.0,0.7,indicator
0.12913026965438662,5382.1,0,1466.16,1500.4,S3,qlearning,0,119,0.25,2.2,1.0,4.0,9.0,0.7,indicator
0.1304654442877292,5777.700000000001,0,1442.2800000000002,1442.4,S3,qlearning,0,120,0.25,2.2,1.0,4.0,9.0,0.7,indicator
0.125,5625.5,0,1564.28,1598.2,S3,qlearning,0,121,0.25,2.2,1.0,4.0,9.0,0.7,indicator
0.1564310544611819,5187.3,0,1275.48,1277.2,S3,qlearning,0,122,0.25,2.2,1.0,4.0,9.0,0.7,indicator
0.13946280991735538,5887.3,1,1614.8400000000001,1641.8000000000002,S3,qlearning,0,123,0.25,2.2,1.0,4.0,9.0,0.7,indicator
0.09605662285136501,6185.900000000001,1,1672.6800000000003,1711.2000000000003,S3,qlearning,0,124,0.25,2.2,1.0,4.0,9.0,0.7,indicator
0.14489953632148378,5211.85,0,1365.56,1380.2,S3,qlearning,0,125,0.25,2.2,1.0,4.0,9.0,0.7,indicator
0.1420345489443378,5297.5,1,1470.5200000000002,1479.2000000000003,S3,qlearning,0,126,0.25,2.2,1.0,4.0,9.0,0.7,indicator
0.12095273539263118,5501.900000000001,1,1627.48,1667.6000000000001,S3,qlearning,0,127,0.25,2.2,1.0,4.0,9.0,0.7,indicator
0.09980366492146597,6434.700000000001,6,1758.04,1836.8000000000002,S3,qlearning,0,128,0.25,2.2,1.0,4.0,9.0,0.7,indicator
0.13872606486908948,5180.3,0,1449.5600000000002,1485.6000000000001,S3,qlearning,0,129,0.25,2.2,1.0,4.0,9.0,0.7,indicator
0.12794882047181128,5085.700000000001,0,1353.96,1376.6000000000001,S3,qlearning,0,130,0.25,2.2,1.0,4.0,9.0,0.7,indicator
0.1610337972166998,5019.5,0,1356.6000000000001,1384.8000000000002,S3,qlearning,0,131,0.25,2.2,1.0,4.0,9.0,0.7,indicator
0.16558966074313408,4922.700000000001,0,1374.36,1416.2,S3,qlearning,0,132,0.25,2.2,1.0,4.0,9.0,0.7,indicator
0.1375968992248062,5227.5,0,1426.3600000000001,1433.0000000000002,S3,qlearning,0,133,0.25,2.2,1.0,4.0,9.0,0.7,indicator
0.1221671388101983,5785.3,0,1509.88,1527.6000000000001,S3,qlearning,0,134,0.25,2.2,1.0,4.0,9.0,0.7,indicator
0.1402354570637119,5835.1,0,1633.96,1657.4,S3,qlearning,0,135,0.25,2.2,1.0,4.0,9.0,0.7,indicator
0.13272658323852862,5363.900000000001,0,1372.92,1376.2,S3,qlearning,0,136,0.25,2.2,1.0,4.0,9.0,0.7,indicator
0.1233644859813084,5456.5,0,1386.3600000000001,1412.4,S3,qlearning,0,137,0.25,2.2,1.0,4.0,9.0,0.7,indicator
0.1243691420331651,5671.3,0,1551.5600000000002,1588.6000000000001,S3,qlearning,0,138,0.25,2.2,1.0,4.0,9.0,0.7,indicator
0.1025010250102501,5033.3,0,1403.0000000000002,1445.8000000000002,S3,qlearning,0,139,0.25,2.2,1.0,4.0,9.0,0.7,indicator
0.11220673240394424,6074.700000000001,1,1610.16,1631.2,S3,qlearning,0,140,0.25,2.2,1.0,4.0,9.0,0.7,indicator
0.13168238993710693,5162.3,0,1418.24,1437.0,S3,qlearning,0,141,0.25,2.2,1.0,4.0,9.0,0.7,indicator
0.11984282907662082,5210.5,0,1462.72,1535.6000000000001,S3,qlearning,0,142,0.25,2.2,1.0,4.0,9.0,0.7,indicator
0.13763352506162696,4948.3,2,1513.68,1567.0,S3,qlearning,0,143,0.25,2.2,1.0,4.0,9.0,0.7,indicator
0.12853470437017994,4757.3,0,1434.6800000000003,1498.2000000000003,S3,qlearning,0,144,0.25,2.2,1.0,4.0,9.0,0.7,indicator
0.1581758422350041,4965.3,6,1538.2,1619.2,S3,qlearning,0,145,0.25,2.2,1.0,4.0,9.0,0.7,indicator
0.12133072407045009,5217.25,0,1451.5200000000002,1498.8000000000002,S3,qlearning,0,146,0.25,2.2,1.0,4.0,9.0,0.7,indicator
0.10543245175125089,5769.1,0,1477.56,1509.4,S3,qlearning,0,147,0.25,2.2,1.0,4.0,9.0,0.7,indicator
0.10307346326836582,5512.1,0,1473.4,1487.0,S3,qlearning,0,148,0.25,2.2,1.0,4.0,9.0,0.7,indicator
0.12389380530973451,5762.500000000001,0,1686.56,1758.4,S3,qlearning,0,149,0.25,2.2,1.0,4.0,9.0,0.7,indicator
0.13763129300977905,5586.200000000001,0,1503.0400000000002,1525.2000000000003,S3,qlearning,0,150,0.25,2.2,1.0,4.0,9.0,0.7,indicator
0.142,5084.5,2,1418.6,1490.2,S3,qlearning,0,151,0.25,2.2,1.0,4.0,9.0,0.7,indicator
0.1252371916508539,5446.5,6,1689.2,1713.4,S3,qlearning,0,152,0.25,2.2,1.0,4.0,9.0,0.7,indicator
0.11995430312261995,5366.700000000001,0,1460.0400000000002,1472.6000000000001,S3,qlearning,0,153,0.25,2.2,1.0,4.0,9.0,0.7,indicator
0.14196165191740412,5519.150000000001,3,1414.92,1428.0,S3,qlearning,0,154,0.25,2.2,1.0,4.0,9.0,0.7,indicator
0.14002333722287047,5196.200000000001,0,1352.88,1368.2,S3,qlearning,0,155,0.25,2.2,1.0,4.0,9.0,0.7,indicator
0.11375947995666305,5702.05,0,1575.6000000000001,1591.6000000000001,S3,qlearning,0,156,0.25,2.2,1.0,4.0,9.0,0.7,indicator
0.1429123213595983,5234.3,0,1352.88,1363.2,S3,qlearning,0,157,0.25,2.2,1.0,4.0,9.0,0.7,indicator
0.13234788587143348,5918.3,1,1634.6000000000001,1659.6000000000001,S3,qlearning,0,158,0.25,2.2,1.0,4.0,9.0,0.7,indicator
0.15468409586056645,4610.5,0,1243.8400000000001,1262.4,S3,qlearning,0,159,0.25,2.2,1.0,4.0,9.0,0.7,indicator
0.12343532684283727,5868.700000000001,0,1612.5200000000002,1616.8000000000002,S3,qlearning,0,160,0.25,2.2,1.0,4.0,9.0,0.7,indicator
0.12486023108460678,5483.1,0,1423.3200000000002,1430.2,S3,qlearning,0,161,0.25,2.2,1.0,4.0,9.0,0.7,indicator
0.16317016317016317,5143.3,1,1351.48,1353.0,S3,qlearning,0,162,0.25,2.2,1.0,4.0,9.0,0.7,indicator
0.13523956723338484,5277.1,2,1452.8000000000002,1466.6000000000001,S3,qlearning,0,163,0.25,2.2,1.0,4.0,9.0,0.7,indicator
0.1664730933023616,5174.1,0,1507.8,1599.2,S3,qlearning,0,164,0.25,2.2,1.0,4.0,9.0,0.7,indicator
0.15145476285372658,5031.3,0,1386.0800000000002,1386.6000000000001,S3,qlearning,0,165,0.25,2.2,1.0,4.0,9.0,0.7,indicator
0.12860483242400625,5250.700000000001,2,1397.7200000000003,1423.8000000000002,S3,qlearning,0,166,0.25,2.2,1.0,4.0,9.0,0.7,indicator
0.1037344398340249,5999.900000000001,2,1636.44,1684.4,S3,qlearning,0,167,0.25,2.2,1.0,4.0,9.0,0.7,indicator
0.11363636363636363,5970.3,0,1755.2800000000002,1833.8000000000002,S3,qlearning,0,168,0.25,2.2,1.0,4.0,9.0,0.7,indicator
0.14343508642883412,5506.3,1,1534.24,1559.2,S3,qlearning,0,169,0.25,2.2,1.0,4.0,9.0,0.7,indicator
0.11363636363636363,5792.700000000001,0,1537.3200000000002,1550.6000000000001,S3,qlearning,0,170,0.25,2.2,1.0,4.0,9.0,0.7,indicator
0.1749611197511664,5100.900000000001,0,1341.76,1359.0,S3,qlearning,0,171,0.25,2.2,1.0,4.0,9.0,0.7,indicator
0.10377032168799723,5967.700000000001,0,1611.2800000000002,1647.8000000000002,S3,qlearning,0,172,0.25,2.2,1.0,4.0,9.0,0.7,indicator
0.1683692773363602,5261.1,1,1406.96,1431.0,S3,qlearning,0,173,0.25,2.2,1.0,4.0,9.0,0.7,indicator
0.124185667752443,5014.700000000001,0,1321.92,1354.0,S3,qlearning,0,174,0.25,2.2,1.0,4.0,9.0,0.7,indicator
0.16054076890578792,4718.900000000001,0,1194.1200000000001,1209.8000000000002,S3,qlearning,0,175,0.25,2.2,1.0,4.0,9.0,0.7,indicator
0.14330585001963095,5142.900000000001,0,1341.04,1341.2,S3,qlearning,0,176,0.25,2.2,1.0,4.0,9.0,0.7,indicator
0.12122342409548675,5515.700000000001,0,1412.2800000000002,1417.6000000000001,S3,qlearning,0,177,0.25,2.2,1.0,4.0,9.0,0.7,indicator
0.1298932384341637,5711.5,0,1570.1999999999998,1665.0,S3,qlearning,0,178,0.25,2.2,1.0,4.0,9.0,0.7,indicator
0.08807339449541285,5705.500000000001,2,1569.2,1590.4,S3,qlearning,0,179,0.25,2.2,1.0,4.0,9.0,0.7,indicator
0.14642717688402968,5151.700000000001,0,1501.0800000000002,1587.0000000000002,S3,qlearning,0,180,0.25,2.2,1.0,4.0,9.0,0.7,indicator
0.13391173142210486,5393.700000000001,0,1323.96,1329.6000000000001,S3,qlearning,0,181,0.25,2.2,1.0,4.0,9.0,0.7,indicator
0.11161558834657587,5428.1,0,1529.48,1606.8000000000002,S3,qlearning,0,182,0.25,2.2,1.0,4.0,9.0,0.7,indicator
0.1223348479552604,5854.700000000001,1,1512.7200000000003,1530.8000000000002,S3,qlearning,0,183,0.25,2.2,1.0,4.0,9.0,0.7,indicator
0.15062597809076683,5231.700000000001,6,1408.2400000000002,1434.6000000000001,S3,qlearning,0,184,0.25,2.2,1.0,4.0,9.0,0.7,indicator
0.11565468814539447,5001.700000000001,2,1337.4800000000002,1355.0000000000002,S3,qlearning,0,185,0.25,2.2,1.0,4.0,9.0,0.7,indicator
0.13038548752834467,5374.700000000001,0,1422.56,1453.4,S3,qlearning,0,186,0.25,2.2,1.0,4.0,9.0,0.7,indicator
0.11730769230769231,5334.5,1,1619.5600000000002,1679.0000000000002,S3,qlearning,0,187,0.25,2.2,1.0,4.0,9.0,0.7,indicator
0.14022281982328083,5256.1,0,1533.4,1583.0000000000002,S3,qlearning,0,188,0.25,2.2,1.0,4.0,9.0,0.7,indicator
0.13356562137049943,5236.1,0,1436.6400000000003,1439.2000000000003,S3,qlearning,0,189,0.25,2.2,1.0,4.0,9.0,0.7,indicator
0.11347262247838617,5714.700000000001,1,1542.68,1578.8000000000002,S3,qlearning,0,190,0.25,2.2,1.0,4.0,9.0,0.7,indicator
0.12953367875647667,5491.900000000001,0,1480.0800000000002,1509.4,S3,qlearning,0,191,0.25,2.2,1.0,4.0,9.0,0.7,indicator
0.1161504424778761,5595.900000000001,0,1525.3600000000001,1531.2,S3,qlearning,0,192,0.25,2.2,1.0,4.0,9.0,0.7,indicator
0.12796027501909854,5335.1,0,1418.6000000000001,1426.6000000000001,S3,qlearning,0,193,0.25,2.2,1.0,4.0,9.0,0.7,indicator
0.13925982449446775,5347.700000000001,4,1445.76,1456.4,S3,qlearning,0,194,0.25,2.2,1.0,4.0,9.0,0.7,indicator
0.1268939393939394,5378.5,0,1437.88,1456.2,S3,qlearning,0,195,0.25,2.2,1.0,4.0,9.0,0.7,indicator
0.14275120504263997,5515.900000000001,4,1479.0400000000002,1523.8000000000002,S3,qlearning,0,196,0.25,2.2,1.0,4.0,9.0,0.7,indicator
0.12448132780082988,5424.700000000001,1,1484.4,1497.8000000000002,S3,qlearning,0,197,0.25,2.2,1.0,4.0,9.0,0.7,indicator
0.10225669957686882,5888.700000000001,2,1609.8000000000002,1653.2000000000003,S3,qlearning,0,198,0.25,2.2,1.0,4.0,9.0,0.7,indicator
0.11970853573907009,5991.900000000001,6,1554.24,1567.4,S3,qlearning,0,199,0.25,2.2,1.0,4.0,9.0,0.7,indicator
0.13173188686555598,5278.700000000001,2,1324.84,1349.0,S3,qlearning,0,200,0.25,2.2,1.0,4.0,9.0,0.7,indicator
0.1477312697854379,5812.1,5,1602.0800000000002,1613.8000000000002,S3,qlearning,0,201,0.25,2.2,1.0,4.0,9.0,0.7,indicator
0.12533875338753386,6077.900000000001,4,1604.8,1619.0,S3,qlearning,0,202,0.25,2.2,1.0,4.0,9.0,0.7,indicator
0.11231448054552748,5168.1,4,1587.0,1694.6000000000001,S3,qlearning,0,203,0.25,2.2,1.0,4.0,9.0,0.7,indicator
0.15684051398337112,5290.700000000001,0,1374.44,1412.0000000000002,S3,qlearning,0,204,0.25,2.2,1.0,4.0,9.0,0.7,indicator
0.126723816623183,5499.1,1,1516.76,1551.6000000000001,S3,qlearning,0,205,0.25,2.2,1.0,4.0,9.0,0.7,indicator
0.09604302727621974,5476.1,6,1460.48,1464.4,S3,qlearning,0,206,0.25,2.2,1.0,4.0,9.0,0.7,indicator
0.08421052631578947,6003.5,3,1554.2,1575.4,S3,qlearning,0,207,0.25,2.2,1.0,4.0,9.0,0.7,indicator
0.11430823807646827,5278.900000000001,2,1351.72,1354.6000000000001,S3,qlearning,0,208,0.25,2.2,1.0,4.0,9.0,0.7,indicator
0.13904761904761906,5338.5,0,1364.44,1374.2,S3,qlearning,0,209,0.25,2.2,1.0,4.0,9.0,0.7,indicator
0.10788690476190477,5566.1,1,1553.72,1560.2,S3,qlearning,0,210,0.25,2.2,1.0,4.0,9.0,0.7,indicator
0.14280483339436104,5507.700000000001,0,1474.2800000000002,1485.0000000000002,S3,qlearning,0,211,0.25,2.2,1.0,4.0,9.0,0.7,indicator
0.13807069219440354,5518.700000000001,2,1495.5,1575.0000000000002,S3,qlearning,0,212,0.25,2.2,1.0,4.0,9.0,0.7,indicator
0.15722049689440995,5161.700000000001,1,1521.68,1558.8000000000002,S3,qlearning,0,213,0.25,2.2,1.0,4.0,9.0,0.7,indicator
0.11580882352941177,5573.5,0,1618.4,1668.6000000000001,S3,qlearning,0,214,0.25,2.2,1.0,4.0,9.0,0.7,indicator
0.13878326996197718,5335.5,0,1474.0,1516.4,S3,qlearning,0,215,0.25,2.2,1.0,4.0,9.0,0.7,indicator
0.1405241169768325,5361.1,2,1440.5600000000002,1455.0000000000002,S3,qlearning,0,216,0.25,2.2,1.0,4.0,9.0,0.7,indicator
0.12448903753251579,5567.700000000001,6,1457.0800000000002,1469.8000000000002,S3,qlearning,0,217,0.25,2.2,1.0,4.0,9.0,0.7,indicator
0.11878247958426132,5510.3,0,1609.92,1639.6000000000001,S3,qlearning,0,218,0.25,2.2,1.0,4.0,9.0,0.7,indicator
0.1196547665751275,5243.3,2,1305.5600000000002,1311.4,S3,qlearning,0,219,0.25,2.2,1.0,4.0,9.0,0.7,indicator
0.11441647597254005,5446.650000000001,5,1592.08,1618.2,S3,qlearning,0,220,0.25,2.2,1.0,4.0,9.0,0.7,indicator
0.12830188679245283,5447.5,3,1490.2,1492.4,S3,qlearning,0,221,0.25,2.2,1.0,4.0,9.0,0.7,indicator
0.13610586011342155,5393.5,3,1389.16,1411.6000000000001,S3,qlearning,0,222,0.25,2.2,1.0,4.0,9.0,0.7,indicator
0.11689691817215728,5783.85,0,1722.28,1750.2,S3,qlearning,0,223,0.25,2.2,1.0,4.0,9.0,0.7,indicator
0.10285095633345363,5772.700000000001,1,1429.8000000000002,1440.4,S3,qlearning,0,224,0.25,2.2,1.0,4.0,9.0,0.7,indicator
0.12575075075075076,5446.3,0,1356.48,1384.0,S3,qlearning,0,225,0.25,2.2,1.0,4.0,9.0,0.7,indicator
0.11733535200605602,5465.900000000001,3,1483.7600000000002,1521.8000000000002,S3,qlearning,0,226,0.25,2.2,1.0,4.0,9.0,0.7,indicator
0.12324611300720516,5452.900000000001,2,1372.48,1381.4,S3,qlearning,0,227,0.25,2.2,1.0,4.0,9.0,0.7,indicator
0.08399040109701748,6121.900000000001,1,1707.64,1722.6000000000001,S3,qlearning,0,228,0.25,2.2,1.0,4.0,9.0,0.7,indicator
0.12577319587628866,4961.5,0,1470.72,1537.4,S3,qlearning,0,229,0.25,2.2,1.0,4.0,9.0,0.7,indicator
0.11492156147391464,5629.700000000001,0,1526.28,1560.4,S3,qlearning,0,230,0.25,2.2,1.0,4.0,9.0,0.7,indicator
0.13721804511278196,5381.5,0,1438.4,1473.6000000000001,S3,qlearning,0,231,0.25,2.2,1.0,4.0,9.0,0.7,indicator
0.1513859275053305,4701.0,0,1251.4800000000002,1267.8000000000002,S3,qlearning,0,232,0.25,2.2,1.0,4.0,9.0,0.7,indicator
0.11342506507995537,5585.3,3,1493.64,1522.8000000000002,S3,qlearning,0,233,0.25,2.2,1.0,4.0,9.0,0.7,indicator
0.11926605504587157,5592.5,0,1526.6000000000001,1530.2,S3,qlearning,0,234,0.25,2.2,1.0,4.0,9.0,0.7,indicator
0.12161084529505582,5134.1,0,1281.72,1297.2,S3,qlearning,0,235,0.25,2.2,1.0,4.0,9.0,0.7,indicator
0.11478260869565217,5896.5,0,1738.3600000000001,1781.6000000000001,S3,qlearning,0,236,0.25,2.2,1.0,4.0,9.0,0.7,indicator
0.11753731343283583,5532.5,3,1497.0000000000002,1513.6000000000001,S3,qlearning,0,237,0.25,2.2,1.0,4.0,9.0,0.7,indicator
0.1330998248686515,5898.500000000001,7,1601.16,1624.4,S3,qlearning,0,238,0.25,2.2,1.0,4.0,9.0,0.7,indicator
0.14433433864713485,4671.700000000001,0,1313.8000000000002,1363.6000000000001,S3,qlearning,0,239,0.25,2.2,1.0,4.0,9.0,0.7,indicator
0.1255660765747221,4968.3,1,1438.92,1490.6000000000001,S3,qlearning,0,240,0.25,2.2,1.0,4.0,9.0,0.7,indicator
0.12410744644678681,6044.700000000001,2,1621.64,1642.6000000000001,S3,qlearning,0,241,0.25,2.2,1.0,4.0,9.0,0.7,indicator
0.1338958180484226,5544.700000000001,1,1617.3600000000001,1684.0000000000002,S3,qlearning,0,242,0.25,2.2,1.0,4.0,9.0,0.7,indicator
0.11168727562824092,5146.900000000001,0,1440.28,1462.0,S3,qlearning,0,243,0.25,2.2,1.0,4.0,9.0,0.7,indicator
0.15437392795883362,4719.900000000001,2,1371.68,1418.4,S3,qlearning,0,244,0.25,2.2,1.0,4.0,9.0,0.7,indicator
0.11881947106170947,5340.3,0,1366.6000000000001,1370.0,S3,qlearning,0,245,0.25,2.2,1.0,4.0,9.0,0.7,indicator
0.14158262218774242,5209.1,0,1485.5600000000002,1541.0000000000002,S3,qlearning,0,246,0.25,2.2,1.0,4.0,9.0,0.7,indicator
0.1547427652733119,4979.1,0,1367.72,1388.4,S3,qlearning,0,247,0.25,2.2,1.0,4.0,9.0,0.7,indicator
0.13789195315451455,5352.900000000001,0,1417.8000000000002,1462.0000000000002,S3,qlearning,0,248,0.25,2.2,1.0,4.0,9.0,0.7,indicator
0.11744320369657296,5344.900000000001,2,1427.64,1435.2,S3,qlearning,0,249,0.25,2.2,1.0,4.0,9.0,0.7,indicator
0.11438542070569989,5341.3,3,1285.2800000000002,1296.6000000000001,S3,qlearning,0,250,0.25,2.2,1.0,4.0,9.0,0.7,indicator
0.12682551883166795,5295.900000000001,0,1489.9600000000003,1547.2000000000003,S3,qlearning,0,251,0.25,2.2,1.0,4.0,9.0,0.7,indicator
0.12096774193548387,5361.3,3,1503.92,1507.0,S3,qlearning,0,252,0.25,2.2,1.0,4.0,9.0,0.7,indicator
0.1252408477842004,5296.5,0,1450.52,1483.4,S3,qlearning,0,253,0.25,2.2,1.0,4.0,9.0,0.7,indicator
0.11130742049469965,5839.500000000001,0,1500.7200000000003,1519.2000000000003,S3,qlearning,0,254,0.25,2.2,1.0,4.0,9.0,0.7,indicator
0.14492753623188406,5289.900000000001,0,1512.8000000000002,1520.4,S3,qlearning,0,255,0.25,2.2,1.0,4.0,9.0,0.7,indicator
0.1251896813353566,5370.700000000001,0,1598.5600000000002,1662.0000000000002,S3,qlearning,0,256,0.25,2.2,1.0,4.0,9.0,0.7,indicator
0.11836441893830703,5715.1,0,1569.88,1573.0000000000002,S3,qlearning,0,257,0.25,2.2,1.0,4.0,9.0,0.7,indicator
0.10257366654233495,5535.700000000001,0,1620.3600000000001,1712.6000000000001,S3,qlearning,0,258,0.25,2.2,1.0,4.0,9.0,0.7,indicator
0.12778386272362177,5604.3,2,1421.9600000000003,1425.0000000000002,S3,qlearning,0,259,0.25,2.2,1.0,4.0,9.0,0.7,indicator
0.1282051282051282,5154.5,0,1477.44,1515.2,S3,qlearning,0,260,0.25,2.2,1.0,4.0,9.0,0.7,indicator
0.1617199391171994,5286.1,3,1313.8000000000002,1321.6000000000001,S3,qlearning,0,261,0.25,2.2,1.0,4.0,9.0,0.7,indicator
0.144024912417283,5225.3,2,1586.3200000000002,1654.8000000000002,S3,qlearning,0,262,0.25,2.2,1.0,4.0,9.0,0.7,indicator
0.1277139208173691,6397.900000000001,0,1832.0400000000002,1846.8000000000002,S3,qlearning,0,263,0.25,2.2,1.0,4.0,9.0,0.7,indicator
0.12295081967213115,6477.900000000001,0,1714.52,1754.2,S3,qlearning,0,264,0.25,2.2,1.0,4.0,9.0,0.7,indicator
0.11983775811209439,5543.900000000001,0,1603.64,1645.2,S3,qlearning,0,265,0.25,2.2,1.0,4.0,9.0,0.7,indicator
0.1437246963562753,5018.25,1,1208.5600000000002,1216.15,S3,qlearning,0,266,0.25,2.2,1.0,4.0,9.0,0.7,indicator
0.14067524115755628,5035.1,0,1418.32,1477.4,S3,qlearning,0,267,0.25,2.2,1.0,4.0,9.0,0.7,indicator
0.13518385003604902,5625.3,0,1539.1200000000001,1566.4,S3,qlearning,0,268,0.25,2.2,1.0,4.0,9.0,0.7,indicator
0.11611289746337977,5795.3,4,1612.08,1655.2,S3,qlearning,0,269,0.25,2.2,1.0,4.0,9.0,0.7,indicator
0.12953367875647667,5511.900000000001,0,1642.7600000000002,1724.8000000000002,S3,qlearning,0,270,0.25,2.2,1.0,4.0,9.0,0.7,indicator
0.15988372093023256,4814.35,0,1238.92,1248.25,S3,qlearning,0,271,0.25,2.2,1.0,4.0,9.0,0.7,indicator
0.13524264120922833,5090.3,0,1485.5200000000002,1527.8000000000002,S3,qlearning,0,272,0.25,2.2,1.0,4.0,9.0,0.7,indicator
0.12287334593572778,5401.5,0,1417.2400000000002,1417.8000000000002,S3,qlearning,0,273,0.25,2.2,1.0,4.0,9.0,0.7,indicator
0.14391447368421054,4912.900000000001,0,1368.88,1379.4,S3,qlearning,0,274,0.25,2.2,1.0,4.0,9.0,0.7,indicator
0.13381078024877496,5408.1,2,1452.1200000000001,1459.0000000000002,S3,qlearning,0,275,0.25,2.2,1.0,4.0,9.0,0.7,indicator
0.09742790335151988,5362.700000000001,2,1377.8000000000002,1385.4,S3,qlearning,0,276,0.25,2.2,1.0,4.0,9.0,0.7,indicator
0.12445095168374817,5569.900000000001,0,1567.32,1578.0,S3,qlearning,0,277,0.25,2.2,1.0,4.0,9.0,0.7,indicator
0.13724035608308605,5464.700000000001,0,1421.3600000000001,1425.0,S3,qlearning,0,278,0.25,2.2,1.0,4.0,9.0,0.7,indicator
0.10722933241093048,5975.700000000001,0,1572.8000000000002,1597.8000000000002,S3,qlearning,0,279,0.25,2.2,1.0,4.0,9.0,0.7,indicator
0.1532643312101911,5031.900000000001,0,1402.88,1437.4,S3,qlearning,0,280,0.25,2.2,1.0,4.0,9.0,0.7,indicator
0.13533020570191268,5627.700000000001,0,1524.88,1553.4,S3,qlearning,0,281,0.25,2.2,1.0,4.0,9.0,0.7,indicator
0.11967545638945233,5054.5,1,1405.96,1409.6000000000001,S3,qlearning,0,282,0.25,2.2,1.0,4.0,9.0,0.7,indicator
0.1322345726331928,5313.3,0,1400.3600000000001,1439.4,S3,qlearning,0,283,0.25,2.2,1.0,4.0,9.0,0.7,indicator
0.12305944717909882,5417.700000000001,0,1392.2,1430.8000000000002,S3,qlearning,0,284,0.25,2.2,1.0,4.0,9.0,0.7,indicator
0.0917907862833391,6013.900000000001,1,1612.76,1668.0,S3,qlearning,0,285,0.25,2.2,1.0,4.0,9.0,0.7,indicator
0.1009009009009009,5783.500000000001,3,1527.1200000000001,1531.6000000000001,S3,qlearning,0,286,0.25,2.2,1.0,4.0,9.0,0.7,indicator
0.1240846216436127,5035.1,2,1446.72,1455.4,S3,qlearning,0,287,0.25,2.2,1.0,4.0,9.0,0.7,indicator
0.133406432748538,5553.700000000001,0,1436.0000000000002,1444.8000000000002,S3,qlearning,0,288,0.25,2.2,1.0,4.0,9.0,0.7,indicator
0.1430781129156999,5285.700000000001,5,1468.28,1500.8,S3,qlearning,0,289,0.25,2.2,1.0,4.0,9.0,0.7,indicator
0.1163213376953835,5640.700000000001,0,1494.8,1527.4,S3,qlearning,0,290,0.25,2.2,1.0,4.0,9.0,0.7,indicator
0.11367942402425162,5413.3,0,1455.2400000000002,1455.8000000000002,S3,qlearning,0,291,0.25,2.2,1.0,4.0,9.0,0.7,indicator
0.14564967420467612,5261.3,0,1367.7600000000002,1379.0000000000002,S3,qlearning,0,292,0.25,2.2,1.0,4.0,9.0,0.7,indicator
0.11586452762923351,5803.500000000001,2,1601.2800000000002,1620.8000000000002,S3,qlearning,0,293,0.25,2.2,1.0,4.0,9.0,0.7,indicator
0.1407635942923255,5234.1,0,1515.96,1543.8000000000002,S3,qlearning,0,294,0.25,2.2,1.0,4.0,9.0,0.7,indicator
0.11007462686567164,5558.5,2,1421.1200000000001,1450.4,S3,qlearning,0,295,0.25,2.2,1.0,4.0,9.0,0.7,indicator
0.11714589989350373,5812.900000000001,3,1584.48,1621.6000000000001,S3,qlearning,0,296,0.25,2.2,1.0,4.0,9.0,0.7,indicator
0.14916467780429593,5058.3,0,1330.92,1331.4,S3,qlearning,0,297,0.25,2.2,1.0,4.0,9.0,0.7,indicator
0.11483776886620488,5661.35,2,1452.24,1453.0,S3,qlearning,0,298,0.25,2.2,1.0,4.0,9.0,0.7,indicator
0.14601769911504425,4553.5,0,1258.64,1283.2,S3,qlearning,0,299,0.25,2.2,1.0,4.0,9.0,0.7,indicator
0.13209779179810727,5177.700000000001,1,1490.96,1519.8000000000002,S3,qlearning,0,300,0.25,2.2,1.0,4.0,9.0,0.7,indicator
0.1549942594718714,5243.1,1,1347.0800000000002,1370.2,S3,qlearning,0,301,0.25,2.2,1.0,4.0,9.0,0.7,indicator
0.11003356956359567,5551.700000000001,2,1623.6,1636.0,S3,qlearning,0,302,0.25,2.2,1.0,4.0,9.0,0.7,indicator
0.15225563909774437,5366.75,2,1640.1200000000001,1663.4,S3,qlearning,0,303,0.25,2.2,1.0,4.0,9.0,0.7,indicator
0.14003944773175542,5141.5,1,1293.64,1304.2,S3,qlearning,0,304,0.25,2.2,1.0,4.0,9.0,0.7,indicator
0.13764880952380953,5457.1,0,1406.68,1415.8000000000002,S3,qlearning,0,305,0.25,2.2,1.0,4.0,9.0,0.7,indicator
0.14622104063805544,5352.1,3,1398.0000000000002,1420.6000000000001,S3,qlearning,0,306,0.25,2.2,1.0,4.0,9.0,0.7,indicator
0.10642201834862386,5614.5,0,1463.88,1483.2,S3,qlearning,0,307,0.25,2.2,1.0,4.0,9.0,0.7,indicator
0.14255910987482615,5815.700000000001,1,1615.96,1677.8000000000002,S3,qlearning,0,308,0.25,2.2,1.0,4.0,9.0,0.7,indicator
0.1298232960692391,5636.1,0,1718.12,1803.0,S3,qlearning,0,309,0.25,2.2,1.0,4.0,9.0,0.7,indicator
0.1405071967100754,5915.1,0,1470.4,1479.6000000000001,S3,qlearning,0,310,0.25,2.2,1.0,4.0,9.0,0.7,indicator
0.12230741146403797,5619.3,1,1430.56,1443.0,S3,qlearning,0,311,0.25,2.2,1.0,4.0,9.0,0.7,indicator
0.1145631067961165,5309.5,2,1557.16,1617.0,S3,qlearning,0,312,0.25,2.2,1.0,4.0,9.0,0.7,indicator
0.14781966001478197,5460.700000000001,0,1516.0000000000002,1579.8000000000002,S3,qlearning,0,313,0.25,2.2,1.0,4.0,9.0,0.7,indicator
0.14817629179331307,5302.900000000001,1,1509.4,1531.0,S3,qlearning,0,314,0.25,2.2,1.0,4.0,9.0,0.7,indicator
0.1389904901243599,5531.3,0,1642.2000000000003,1660.8000000000002,S3,qlearning,0,315,0.25,2.2,1.0,4.0,9.0,0.7,indicator
0.1273510971786834,5231.900000000001,2,1468.68,1490.0,S3,qlearning,0,316,0.25,2.2,1.0,4.0,9.0,0.7,indicator
0.1036468330134357,5437.5,3,1379.0,1403.0,S3,qlearning,0,317,0.25,2.2,1.0,4.0,9.0,0.7,indicator
0.13774104683195593,5137.700000000001,0,1425.3200000000002,1462.8000000000002,S3,qlearning,0,318,0.25,2.2,1.0,4.0,9.0,0.7,indicator
0.14149274849663954,5716.900000000001,0,1717.8400000000001,1771.4,S3,qlearning,0,319,0.25,2.2,1.0,4.0,9.0,0.7,indicator
0.09320175438596491,5700.700000000001,0,1521.0000000000002,1523.0000000000002,S3,qlearning,0,320,0.25,2.2,1.0,4.0,9.0,0.7,indicator
0.10698198198198199,5506.3,0,1541.3200000000002,1542.2,S3,qlearning,0,321,0.25,2.2,1.0,4.0,9.0,0.7,indicator
0.12921751615218952,5674.700000000001,0,1485.3200000000002,1491.6000000000001,S3,qlearning,0,322,0.25,2.2,1.0,4.0,9.0,0.7,indicator
0.13142857142857142,5343.500000000001,0,1491.96,1510.4,S3,qlearning,0,323,0.25,2.2,1.0,4.0,9.0,0.7,indicator
0.15625,4926.3,0,1283.68,1295.4,S3,qlearning,0,324,0.25,2.2,1.0,4.0,9.0,0.7,indicator
0.15945330296127563,5258.3,0,1430.16,1471.0000000000002,S3,qlearning,0,325,0.25,2.2,1.0,4.0,9.0,0.7,indicator
0.13507896924355778,4909.700000000001,3,1325.5600000000002,1347.6000000000001,S3,qlearning,0,326,0.25,2.2,1.0,4.0,9.0,0.7,indicator
0.13132105056840454,5210.700000000001,1,1497.0,1541.8,S3,qlearning,0,327,0.25,2.2,1.0,4.0,9.0,0.7,indicator
0.13993948562783662,5345.3,0,1471.88,1482.0000000000002,S3,qlearning,0,328,0.25,2.2,1.0,4.0,9.0,0.7,indicator
0.12295081967213115,5240.900000000001,0,1551.4399999999998,1638.0,S3,qlearning,0,329,0.25,2.2,1.0,4.0,9.0,0.7,indicator
0.1207464324917673,5658.1,5,1495.3999999999999,1530.0,S3,qlearning,0,330,0.25,2.2,1.0,4.0,9.0,0.7,indicator
0.1565718994643593,4855.900000000001,0,1282.96,1312.6000000000001,S3,qlearning,0,331,0.25,2.2,1.0,4.0,9.0,0.7,indicator
0.13291634089132134,5187.1,0,1444.3600000000001,1468.0,S3,qlearning,0,332,0.25,2.2,1.0,4.0,9.0,0.7,indicator
0.09974141115626155,5628.900000000001,2,1664.52,1722.6000000000001,S3,qlearning,0,333,0.25,2.2,1.0,4.0,9.0,0.7,indicator
0.11705033164260632,5264.1,1,1376.28,1382.0,S3,qlearning,0,334,0.25,2.2,1.0,4.0,9.0,0.7,indicator
0.11134676564156946,5818.3,0,1658.5600000000002,1678.0000000000002,S3,qlearning,0,335,0.25,2.2,1.0,4.0,9.0,0.7,indicator
0.14154704944178628,5059.1,0,1263.94,1267.2,S3,qlearning,0,336,0.25,2.2,1.0,4.0,9.0,0.7,indicator
0.16906170752324598,4717.700000000001,1,1309.64,1359.6000000000001,S3,qlearning,0,337,0.25,2.2,1.0,4.0,9.0,0.7,indicator
0.11367803447011368,5655.900000000001,4,1580.28,1608.2,S3,qlearning,0,338,0.25,2.2,1.0,4.0,9.0,0.7,indicator
0.11363636363636363,5472.5,3,1492.32,1504.0,S3,qlearning,0,339,0.25,2.2,1.0,4.0,9.0,0.7,indicator
0.13013956997359488,5420.700000000001,2,1542.3600000000001,1566.0,S3,qlearning,0,340,0.25,2.2,1.0,4.0,9.0,0.7,indicator
0.1155651859877212,5701.3,2,1553.72,1563.6000000000001,S3,qlearning,0,341,0.25,2.2,1.0,4.0,9.0,0.7,indicator
0.1718146718146718,5131.5,0,1479.36,1526.2,S3,qlearning,0,342,0.25,2.2,1.0,4.0,9.0,0.7,indicator
0.15572232645403378,5342.5,0,1568.16,1634.2000000000003,S3,qlearning,0,343,0.25,2.2,1.0,4.0,9.0,0.7,indicator
0.12139917695473251,4993.5,2,1368.8000000000002,1409.6000000000001,S3,qlearning,0,344,0.25,2.2,1.0,4.0,9.0,0.7,indicator
0.1016260162601626,5603.700000000001,1,1564.72,1590.6000000000001,S3,qlearning,0,345,0.25,2.2,1.0,4.0,9.0,0.7,indicator
0.11730703842230533,6038.700000000001,0,1595.56,1643.0,S3,qlearning,0,346,0.25,2.2,1.0,4.0,9.0,0.7,indicator
0.11824324324324324,5452.05,0,1462.79,1521.4,S3,qlearning,0,347,0.25,2.2,1.0,4.0,9.0,0.7,indicator
0.1187477509895646,5741.3,4,1411.3600000000001,1426.0,S3,qlearning,0,348,0.25,2.2,1.0,4.0,9.0,0.7,indicator
0.1391465677179963,5450.5,0,1437.76,1444.2,S3,qlearning,0,349,0.25,2.2,1.0,4.0,9.0,0.7,indicator
0.1466108149276466,5313.700000000001,2,1516.2,1566.8000000000002,S3,qlearning,0,350,0.25,2.2,1.0,4.0,9.0,0.7,indicator
0.14659890539483972,5145.1,0,1450.4800000000002,1490.0000000000002,S3,qlearning,0,351,0.25,2.2,1.0,4.0,9.0,0.7,indicator
0.11477761836441894,5743.1,1,1563.7600000000002,1582.6000000000001,S3,qlearning,0,352,0.25,2.2,1.0,4.0,9.0,0.7,indicator
0.1474382602285293,5456.1,0,1463.2400000000002,1470.8000000000002,S3,qlearning,0,353,0.25,2.2,1.0,4.0,9.0,0.7,indicator
0.12639405204460966,5524.5,3,1551.32,1629.0,S3,qlearning,0,354,0.25,2.2,1.0,4.0,9.0,0.7,indicator
0.15017327685791299,5227.900000000001,0,1514.0800000000002,1568.6000000000001,S3,qlearning,0,355,0.25,2.2,1.0,4.0,9.0,0.7,indicator
0.11977118341079729,5859.900000000001,7,1502.76,1514.2,S3,qlearning,0,356,0.25,2.2,1.0,4.0,9.0,0.7,indicator
0.1174884437596302,5325.700000000001,1,1497.96,1533.6000000000001,S3,qlearning,0,357,0.25,2.2,1.0,4.0,9.0,0.7,indicator
0.09669021941242098,5584.3,1,1447.68,1448.8000000000002,S3,qlearning,0,358,0.25,2.2,1.0,4.0,9.0,0.7,indicator
0.15246449456975772,4796.55,0,1468.76,1513.2,S3,qlearning,0,359,0.25,2.2,1.0,4.0,9.0,0.7,indicator
0.1408179012345679,5231.900000000001,0,1373.68,1375.4,S3,qlearning,0,360,0.25,2.2,1.0,4.0,9.0,0.7,indicator
0.12103951584193663,5825.3,6,1528.68,1532.8000000000002,S3,qlearning,0,361,0.25,2.2,1.0,4.0,9.0,0.7,indicator
0.13028169014084506,5781.5,0,1548.88,1561.8000000000002,S3,qlearning,0,362,0.25,2.2,1.0,4.0,9.0,0.7,indicator
0.1220865704772475,5566.1,3,1509.96,1553.4,S3,qlearning,0,363,0.25,2.2,1.0,4.0,9.0,0.7,indicator
0.11464497041420119,5584.3,0,1514.5200000000002,1538.8000000000002,S3,qlearning,0,364,0.25,2.2,1.0,4.0,9.0,0.7,indicator
0.14154411764705882,5494.5,0,1459.5600000000002,1481.6000000000001,S3,qlearning,0,365,0.25,2.2,1.0,4.0,9.0,0.7,indicator
0.138,5053.500000000001,0,1323.2800000000002,1341.0000000000002,S3,qlearning,0,366,0.25,2.2,1.0,4.0,9.0,0.7,indicator
0.15557306025994486,5125.3,2,1388.16,1402.6000000000001,S3,qlearning,0,367,0.25,2.2,1.0,4.0,9.0,0.7,indicator
0.12393767705382436,5760.3,0,1655.68,1692.0,S3,qlearning,0,368,0.25,2.2,1.0,4.0,9.0,0.7,indicator
0.11912640635340833,6215.900000000001,1,1722.5600000000002,1730.6000000000001,S3,qlearning,0,369,0.25,2.2,1.0,4.0,9.0,0.7,indicator
0.143049478290138,6030.700000000001,1,1614.8000000000002,1626.8000000000002,S3,qlearning,0,370,0.25,2.2,1.0,4.0,9.0,0.7,indicator
0.08528784648187633,5924.3,3,1612.1200000000001,1642.2,S3,qlearning,0,371,0.25,2.2,1.0,4.0,9.0,0.7,indicator
0.12600229095074456,5335.3,0,1474.44,1516.8000000000002,S3,qlearning,0,372,0.25,2.2,1.0,4.0,9.0,0.7,indicator
0.13074484944532488,5164.3,0,1346.2,1361.0,S3,qlearning,0,373,0.25,2.2,1.0,4.0,9.0,0.7,indicator
0.12554802710243124,5220.55,7,1455.92,1515.2,S3,qlearning,0,374,0.25,2.2,1.0,4.0,9.0,0.7,indicator
0.12587930396149574,5552.700000000001,2,1548.0400000000002,1580.0000000000002,S3,qlearning,0,375,0.25,2.2,1.0,4.0,9.0,0.7,indicator
0.11338289962825279,5539.5,0,1547.5600000000002,1564.2000000000003,S3,qlearning,0,376,0.25,2.2,1.0,4.0,9.0,0.7,indicator
0.13363415480735855,5914.200000000001,4,1774.24,1829.6000000000001,S3,qlearning,0,377,0.25,2.2,1.0,4.0,9.0,0.7,indicator
0.1332398316970547,5790.900000000001,0,1515.5600000000002,1552.0000000000002,S3,qlearning,0,378,0.25,2.2,1.0,4.0,9.0,0.7,indicator
0.16634050880626222,5079.5,0,1616.44,1632.2,S3,qlearning,0,379,0.25,2.2,1.0,4.0,9.0,0.7,indicator
0.12995896032831739,5957.3,1,1566.2800000000002,1586.4,S3,qlearning,0,380,0.25,2.2,1.0,4.0,9.0,0.7,indicator
0.13482719331560958,5334.1,0,1389.0800000000002,1392.2,S3,qlearning,0,381,0.25,2.2,1.0,4.0,9.0,0.7,indicator
0.14285714285714285,5576.500000000001,0,1549.96,1590.4,S3,qlearning,0,382,0.25,2.2,1.0,4.0,9.0,0.7,indicator
0.14364423455332545,5129.700000000001,0,1410.1200000000001,1439.6000000000001,S3,qlearning,0,383,0.25,2.2,1.0,4.0,9.0,0.7,indicator
0.12786259541984732,5329.5,0,1481.4,1497.8000000000002,S3,qlearning,0,384,0.25,2.2,1.0,4.0,9.0,0.7,indicator
0.11428571428571428,5771.5,1,1511.28,1541.2,S3,qlearning,0,385,0.25,2.2,1.0,4.0,9.0,0.7,indicator
0.13079222720478326,5454.700000000001,0,1402.48,1417.0,S3,qlearning,0,386,0.25,2.2,1.0,4.0,9.0,0.7,indicator
0.11428571428571428,5410.500000000001,1,1505.0400000000002,1507.4,S3,qlearning,0,387,0.25,2.2,1.0,4.0,9.0,0.7,indicator
0.13259031514219832,5277.900000000001,0,1420.2,1430.2,S3,qlearning,0,388,0.25,2.2,1.0,4.0,9.0,0.7,indicator
0.13741297178453646,5549.3,1,1314.88,1331.4,S3,qlearning,0,389,0.25,2.2,1.0,4.0,9.0,0.7,indicator
0.14122137404580154,5304.5,1,1526.56,1601.2,S3,qlearning,0,390,0.25,2.2,1.0,4.0,9.0,0.7,indicator
0.1407318053880177,5028.900000000001,0,1352.6399999999999,1395.0,S3,qlearning,0,391,0.25,2.2,1.0,4.0,9.0,0.7,indicator
0.13328255902513328,5370.700000000001,2,1520.5600000000002,1550.2000000000003,S3,qlearning,0,392,0.25,2.2,1.0,4.0,9.0,0.7,indicator
0.11655948553054662,5098.1,0,1506.0800000000002,1510.0000000000002,S3,qlearning,0,393,0.25,2.2,1.0,4.0,9.0,0.7,indicator
0.12530315278900567,5058.3,0,1376.5200000000002,1394.8000000000002,S3,qlearning,0,394,0.25,2.2,1.0,4.0,9.0,0.7,indicator
0.1354534746760895,5173.900000000001,1,1417.0800000000002,1423.6000000000001,S3,qlearning,0,395,0.25,2.2,1.0,4.0,9.0,0.7,indicator
0.11802173098538779,5461.3,0,1513.0400000000002,1563.6000000000001,S3,qlearning,0,396,0.25,2.2,1.0,4.0,9.0,0.7,indicator
0.12063377745768815,5706.900000000001,1,1523.64,1538.0,S3,qlearning,0,397,0.25,2.2,1.0,4.0,9.0,0.7,indicator
0.13790532985464032,5431.1,0,1566.64,1617.4,S3,qlearning,0,398,0.25,2.2,1.0,4.0,9.0,0.7,indicator
0.12276394247632409,5819.700000000001,0,1696.16,1720.6000000000001,S3,qlearning,0,399,0.25,2.2,1.0,4.0,9.0,0.7,indicator
0.13648596693579393,5293.700000000001,0,1473.7600000000002,1530.0000000000002,S3,qlearning,0,400,0.25,2.2,1.0,4.0,9.0,0.7,indicator
0.10082150858849888,5595.6,4,1528.2000000000003,1541.0000000000002,S3,qlearning,0,401,0.25,2.2,1.0,4.0,9.0,0.7,indicator
0.10721944245889921,5786.1,1,1496.2400000000002,1515.6000000000001,S3,qlearning,0,402,0.25,2.2,1.0,4.0,9.0,0.7,indicator
0.1320901320901321,5255.3,1,1499.8000000000002,1554.8000000000002,S3,qlearning,0,403,0.25,2.2,1.0,4.0,9.0,0.7,indicator
0.10276532137518685,5557.700000000001,1,1533.2800000000002,1547.6000000000001,S3,qlearning,0,404,0.25,2.2,1.0,4.0,9.0,0.7,indicator
0.1783542764491285,4867.400000000001,0,1397.04,1426.0,S3,qlearning,0,405,0.25,2.2,1.0,4.0,9.0,0.7,indicator
0.11481880157875853,5729.900000000001,0,1583.8000000000002,1609.6000000000001,S3,qlearning,0,406,0.25,2.2,1.0,4.0,9.0,0.7,indicator
0.13069454817027631,5444.1,0,1490.3600000000001,1503.4,S3,qlearning,0,407,0.25,2.2,1.0,4.0,9.0,0.7,indicator
0.14341846758349705,5145.5,1,1325.88,1326.2,S3,qlearning,0,408,0.25,2.2,1.0,4.0,9.0,0.7,indicator
0.10814046288906624,5173.0,0,1468.3200000000002,1476.6000000000001,S3,qlearning,0,409,0.25,2.2,1.0,4.0,9.0,0.7,indicator
0.12082853855005754,5333.900000000001,0,1521.72,1541.4,S3,qlearning,0,410,0.25,2.2,1.0,4.0,9.0,0.7,indicator
0.11948157148643175,5045.3,0,1457.0800000000002,1488.6000000000001,S3,qlearning,0,411,0.25,2.2,1.0,4.0,9.0,0.7,indicator
0.15219155844155843,4941.05,0,1304.64,1327.4,S3,qlearning,0,412,0.25,2.2,1.0,4.0,9.0,0.7,indicator
0.12330235882773409,5739.1,2,1407.2,1411.6000000000001,S3,qlearning,0,413,0.25,2.2,1.0,4.0,9.0,0.7,indicator
0.10003705075954057,5591.3,0,1543.92,1549.8000000000002,S3,qlearning,0,414,0.25,2.2,1.0,4.0,9.0,0.7,indicator
0.08333333333333333,5683.5,2,1471.0800000000002,1482.2,S3,qlearning,0,415,0.25,2.2,1.0,4.0,9.0,0.7,indicator
0.1555275325767129,4775.3,1,1445.2,1503.6000000000001,S3,qlearning,0,416,0.25,2.2,1.0,4.0,9.0,0.7,indicator
0.12041696621135874,5708.900000000001,1,1577.6000000000001,1612.8000000000002,S3,qlearning,0,417,0.25,2.2,1.0,4.0,9.0,0.7,indicator
0.11289147851420248,5656.700000000001,0,1625.1200000000001,1657.2,S3,qlearning,0,418,0.25,2.2,1.0,4.0,9.0,0.7,indicator
0.13477600607441154,5353.3,1,1494.28,1531.2,S3,qlearning,0,419,0.25,2.2,1.0,4.0,9.0,0.7,indicator
0.12050426399703375,5543.900000000001,1,1422.3600000000001,1440.2,S3,qlearning,0,420,0.25,2.2,1.0,4.0,9.0,0.7,indicator
0.14328247115742462,5443.900000000001,1,1539.4,1567.4,S3,qlearning,0,421,0.25,2.2,1.0,4.0,9.0,0.7,indicator
0.1199400299850075,5463.1,0,1552.44,1571.6000000000001,S3,qlearning,0,422,0.25,2.2,1.0,4.0,9.0,0.7,indicator
0.11384170581857607,5710.900000000001,0,1682.7600000000002,1758.0000000000002,S3,qlearning,0,423,0.25,2.2,1.0,4.0,9.0,0.7,indicator
0.12679162072767364,5552.700000000001,1,1543.92,1549.0,S3,qlearning,0,424,0.25,2.2,1.0,4.0,9.0,0.7,indicator
0.12404961984793918,5096.05,0,1449.68,1492.8000000000002,S3,qlearning,0,425,0.25,2.2,1.0,4.0,9.0,0.7,indicator
0.11423220973782772,5480.500000000001,0,1598.24,1650.6000000000001,S3,qlearning,0,426,0.25,2.2,1.0,4.0,9.0,0.7,indicator
0.10336370007007709,5941.3,3,1636.2800000000002,1675.8000000000002,S3,qlearning,0,427,0.25,2.2,1.0,4.0,9.0,0.7,indicator
0.11940298507462686,5492.500000000001,1,1522.2800000000002,1547.0000000000002,S3,qlearning,0,428,0.25,2.2,1.0,4.0,9.0,0.7,indicator
0.1232876712328767,5959.5,0,1629.0000000000002,1644.6000000000001,S3,qlearning,0,429,0.25,2.2,1.0,4.0,9.0,0.7,indicator
0.12031625988312135,5947.3,0,1549.0800000000002,1568.8000000000002,S3,qlearning,0,430,0.25,2.2,1.0,4.0,9.0,0.7,indicator
0.13671089666264577,5030.900000000001,0,1410.16,1462.2,S3,qlearning,0,431,0.25,2.2,1.0,4.0,9.0,0.7,indicator
0.1271186440677966,5297.7,0,1482.88,1523.6000000000001,S3,qlearning,0,432,0.25,2.2,1.0,4.0,9.0,0.7,indicator
0.1636631114380287,5467.3,2,1483.0400000000002,1493.6000000000001,S3,qlearning,0,433,0.25,2.2,1.0,4.0,9.0,0.7,indicator
0.11094943615860313,5662.3,1,1567.8400000000001,1601.4,S3,qlearning,0,434,0.25,2.2,1.0,4.0,9.0,0.7,indicator
0.16056910569105692,4925.5,0,1459.16,1504.2,S3,qlearning,0,435,0.25,2.2,1.0,4.0,9.0,0.7,indicator
0.1366231647634584,4959.900000000001,0,1413.8400000000001,1423.6000000000001,S3,qlearning,0,436,0.25,2.2,1.0,4.0,9.0,0.7,indicator
0.10634588563458856,5921.1,0,1796.64,1864.0000000000002,S3,qlearning,0,437,0.25,2.2,1.0,4.0,9.0,0.7,indicator
0.16680567139282734,4783.1,0,1308.16,1332.2,S3,qlearning,0,438,0.25,2.2,1.0,4.0,9.0,0.7,indicator
0.12001477104874446,5557.1,1,1465.48,1488.6000000000001,S3,qlearning,0,439,0.25,2.2,1.0,4.0,9.0,0.7,indicator
0.13203214695752008,5328.1,2,1469.88,1513.6000000000001,S3,qlearning,0,440,0.25,2.2,1.0,4.0,9.0,0.7,indicator
0.12602058927937523,5738.900000000001,0,1738.8400000000001,1808.0000000000002,S3,qlearning,0,441,0.25,2.2,1.0,4.0,9.0,0.7,indicator
0.14018691588785046,4972.700000000001,0,1465.3,1530.4,S3,qlearning,0,442,0.25,2.2,1.0,4.0,9.0,0.7,indicator
0.11797090051120723,5202.1,0,1354.0800000000002,1360.4,S3,qlearning,0,443,0.25,2.2,1.0,4.0,9.0,0.7,indicator
0.14296606938619902,5293.1,0,1465.3999999999999,1509.0,S3,qlearning,0,444,0.25,2.2,1.0,4.0,9.0,0.7,indicator
0.14473176379776148,5258.700000000001,2,1466.7200000000003,1473.8000000000002,S3,qlearning,0,445,0.25,2.2,1.0,4.0,9.0,0.7,indicator
0.12909441233140656,5274.5,0,1490.5600000000002,1503.6000000000001,S3,qlearning,0,446,0.25,2.2,1.0,4.0,9.0,0.7,indicator
0.12853005068790732,5627.900000000001,0,1575.44,1577.6000000000001,S3,qlearning,0,447,0.25,2.2,1.0,4.0,9.0,0.7,indicator
0.11417180137731062,5679.3,0,1596.92,1663.8000000000002,S3,qlearning,0,448,0.25,2.2,1.0,4.0,9.0,0.7,indicator
0.11664899257688228,5828.3,0,1674.4,1699.8000000000002,S3,qlearning,0,449,0.25,2.2,1.0,4.0,9.0,0.7,indicator
0.14177693761814744,5336.5,0,1511.1200000000001,1525.6000000000001,S3,qlearning,0,450,0.25,2.2,1.0,4.0,9.0,0.7,indicator
0.13290229885057472,5691.3,3,1447.6000000000001,1461.8000000000002,S3,qlearning,0,451,0.25,2.2,1.0,4.0,9.0,0.7,indicator
0.12582268679829656,5275.1,0,1405.8400000000001,1422.6000000000001,S3,qlearning,0,452,0.25,2.2,1.0,4.0,9.0,0.7,indicator
0.12311358220810167,5175.1,2,1482.7600000000002,1485.8000000000002,S3,qlearning,0,453,0.25,2.2,1.0,4.0,9.0,0.7,indicator
0.13129102844638948,5628.900000000001,4,1493.8400000000001,1500.2,S3,qlearning,0,454,0.25,2.2,1.0,4.0,9.0,0.7,indicator
0.1444111027756939,5409.700000000001,3,1518.64,1537.6000000000001,S3,qlearning,0,455,0.25,2.2,1.0,4.0,9.0,0.7,indicator
0.11912983425414364,5924.700000000001,0,1667.16,1675.8000000000002,S3,qlearning,0,456,0.25,2.2,1.0,4.0,9.0,0.7,indicator
0.12350443844075647,5298.700000000001,0,1355.88,1378.4,S3,qlearning,0,457,0.25,2.2,1.0,4.0,9.0,0.7,indicator
0.14728986645718775,5146.700000000001,1,1402.2400000000002,1421.8000000000002,S3,qlearning,0,458,0.25,2.2,1.0,4.0,9.0,0.7,indicator
0.13785394932935915,5463.3,0,1549.0000000000002,1575.8000000000002,S3,qlearning,0,459,0.25,2.2,1.0,4.0,9.0,0.7,indicator
0.11367673179396093,5831.500000000001,2,1511.44,1528.6000000000001,S3,qlearning,0,460,0.25,2.2,1.0,4.0,9.0,0.7,indicator
0.15567765567765568,5463.5,0,1544.6000000000001,1600.0000000000002,S3,qlearning,0,461,0.25,2.2,1.0,4.0,9.0,0.7,indicator
0.11811023622047244,5483.900000000001,1,1534.48,1594.0,S3,qlearning,0,462,0.25,2.2,1.0,4.0,9.0,0.7,indicator
0.15228426395939088,5151.700000000001,1,1531.24,1581.0,S3,qlearning,0,463,0.25,2.2,1.0,4.0,9.0,0.7,indicator
0.09957325746799431,5853.900000000001,2,1454.1200000000001,1464.4,S3,qlearning,0,464,0.25,2.2,1.0,4.0,9.0,0.7,indicator
0.11766772040744644,5833.900000000001,0,1443.3200000000002,1445.8000000000002,S3,qlearning,0,465,0.25,2.2,1.0,4.0,9.0,0.7,indicator
0.10634526763559021,5858.700000000001,2,1686.12,1756.2,S3,qlearning,0,466,0.25,2.2,1.0,4.0,9.0,0.7,indicator
0.11049723756906077,5585.5,0,1471.24,1479.2,S3,qlearning,0,467,0.25,2.2,1.0,4.0,9.0,0.7,indicator
0.11632068718682892,5739.3,0,1439.2,1440.2,S3,qlearning,0,468,0.25,2.2,1.0,4.0,9.0,0.7,indicator
0.16500383729854182,5234.700000000001,2,1404.0800000000002,1408.4,S3,qlearning,0,469,0.25,2.2,1.0,4.0,9.0,0.7,indicator
0.1090014064697609,5872.3,0,1772.08,1858.0,S3,qlearning,0,470,0.25,2.2,1.0,4.0,9.0,0.7,indicator
0.12719790497568276,5445.1,0,1408.0000000000002,1428.6000000000001,S3,qlearning,0,471,0.25,2.2,1.0,4.0,9.0,0.7,indicator
0.10830324909747292,6322.900000000001,3,1587.4,1601.0,S3,qlearning,0,472,0.25,2.2,1.0,4.0,9.0,0.7,indicator
0.13665293897416697,5405.700000000001,0,1561.24,1570.2,S3,qlearning,0,473,0.25,2.2,1.0,4.0,9.0,0.7,indicator
0.17130189439742038,4933.450000000001,0,1310.0400000000002,1339.8000000000002,S3,qlearning,0,474,0.25,2.2,1.0,4.0,9.0,0.7,indicator
0.12558869701726844,5189.1,0,1513.5600000000002,1607.2000000000003,S3,qlearning,0,475,0.25,2.2,1.0,4.0,9.0,0.7,indicator
0.12797724848915748,5724.1,0,1622.24,1659.4,S3,qlearning,0,476,0.25,2.2,1.0,4.0,9.0,0.7,indicator
0.09187798603454612,5688.700000000001,0,1473.24,1503.2,S3,qlearning,0,477,0.25,2.2,1.0,4.0,9.0,0.7,indicator
0.14331210191082802,5061.900000000001,0,1411.04,1420.0,S3,qlearning,0,478,0.25,2.2,1.0,4.0,9.0,0.7,indicator
0.13392857142857142,5806.5,7,1428.44,1438.2,S3,qlearning,0,479,0.25,2.2,1.0,4.0,9.0,0.7,indicator
0.12856639661852765,5795.3,0,1615.08,1678.2,S3,qlearning,0,480,0.25,2.2,1.0,4.0,9.0,0.7,indicator
0.10104935872522347,5331.1,0,1381.44,1389.4,S3,qlearning,0,481,0.25,2.2,1.0,4.0,9.0,0.7,indicator
0.1329500538986705,5704.1,3,1565.6399999999999,1615.8,S3,qlearning,0,482,0.25,2.2,1.0,4.0,9.0,0.7,indicator
0.10634396773010635,5695.900000000001,3,1477.0400000000002,1490.6000000000001,S3,qlearning,0,483,0.25,2.2,1.0,4.0,9.0,0.7,indicator
0.13565150936186474,5342.900000000001,3,1401.8,1418.2,S3,qlearning,0,484,0.25,2.2,1.0,4.0,9.0,0.7,indicator
0.1396761133603239,5027.5,2,1382.96,1386.2,S3,qlearning,0,485,0.25,2.2,1.0,4.0,9.0,0.7,indicator
0.1271186440677966,5537.3,1,1530.2,1534.2,S3,qlearning,0,486,0.25,2.2,1.0,4.0,9.0,0.7,indicator
0.12227741688956821,5383.900000000001,3,1410.88,1449.8000000000002,S3,qlearning,0,487,0.25,2.2,1.0,4.0,9.0,0.7,indicator
0.16135538523598225,4975.3,2,1381.4,1394.2,S3,qlearning,0,488,0.25,2.2,1.0,4.0,9.0,0.7,indicator
0.12766768292682926,5373.3,0,1535.48,1606.8000000000002,S3,qlearning,0,489,0.25,2.2,1.0,4.0,9.0,0.7,indicator
0.12313432835820895,5482.5,0,1441.92,1458.4,S3,qlearning,0,490,0.25,2.2,1.0,4.0,9.0,0.7,indicator
0.12195121951219512,5610.700000000001,6,1519.68,1562.0000000000002,S3,qlearning,0,491,0.25,2.2,1.0,4.0,9.0,0.7,indicator
0.11478599221789883,5272.5,0,1358.6000000000001,1359.4,S3,qlearning,0,492,0.25,2.2,1.0,4.0,9.0,0.7,indicator
0.10222381635581061,5827.1,3,1600.64,1603.8000000000002,S3,qlearning,0,493,0.25,2.2,1.0,4.0,9.0,0.7,indicator
0.1349380014587892,5560.900000000001,0,1480.3,1531.4,S3,qlearning,0,494,0.25,2.2,1.0,4.0,9.0,0.7,indicator
0.1058914131690412,5365.900000000001,0,1396.3600000000001,1406.4,S3,qlearning,0,495,0.25,2.2,1.0,4.0,9.0,0.7,indicator
0.11270890011659541,5293.1,1,1393.4,1413.4,S3,qlearning,0,496,0.25,2.2,1.0,4.0,9.0,0.7,indicator
0.1358203549438609,5604.700000000001,1,1471.4,1485.2,S3,qlearning,0,497,0.25,2.2,1.0,4.0,9.0,0.7,indicator
0.1423076923076923,5276.75,1,1518.2,1573.4,S3,qlearning,0,498,0.25,2.2,1.0,4.0,9.0,0.7,indicator
0.11553918285331548,6204.700000000001,3,1681.64,1739.4,S3,qlearning,0,499,0.25,2.2,1.0,4.0,9.0,0.7,indicator
0.12457337883959044,6053.500000000001,6,1731.4,1766.8000000000002,S3,qlearning,0,500,0.25,2.2,1.0,4.0,9.0,0.7,indicator
0.1388374676045909,5507.700000000001,1,1508.28,1539.4,S3,qlearning,0,501,0.25,2.2,1.0,4.0,9.0,0.7,indicator
0.12713547874453715,5148.900000000001,1,1353.56,1357.0,S3,qlearning,0,502,0.25,2.2,1.0,4.0,9.0,0.7,indicator
0.10810810810810811,5769.500000000001,3,1595.6000000000001,1610.4,S3,qlearning,0,503,0.25,2.2,1.0,4.0,9.0,0.7,indicator
0.11860637509266123,5552.1,1,1390.64,1393.4,S3,qlearning,0,504,0.25,2.2,1.0,4.0,9.0,0.7,indicator
0.09568480300187618,5524.5,0,1508.0800000000002,1517.6000000000001,S3,qlearning,0,505,0.25,2.2,1.0,4.0,9.0,0.7,indicator
0.12392241379310345,5693.3,0,1518.56,1547.4,S3,qlearning,0,506,0.25,2.2,1.0,4.0,9.0,0.7,indicator
0.15267175572519084,5010.3,1,1453.44,1477.8000000000002,S3,qlearning,0,507,0.25,2.2,1.0,4.0,9.0,0.7,indicator
0.1436130007558579,5370.700000000001,2,1431.44,1435.0,S3,qlearning,0,508,0.25,2.2,1.0,4.0,9.0,0.7,indicator
0.13765025203567274,5267.3,4,1627.92,1713.2000000000003,S3,qlearning,0,509,0.25,2.2,1.0,4.0,9.0,0.7,indicator
0.11130434782608696,5944.5,2,1599.44,1641.8000000000002,S3,qlearning,0,510,0.25,2.2,1.0,4.0,9.0,0.7,indicator
0.12013910844135314,6470.1,0,1857.72,1893.2,S3,qlearning,0,511,0.25,2.2,1.0,4.0,9.0,0.7,indicator
0.14109347442680775,5737.5,1,1504.04,1509.2,S3,qlearning,0,512,0.25,2.2,1.0,4.0,9.0,0.7,indicator
0.13253012048192772,5049.5,0,1288.08,1303.0,S3,qlearning,0,513,0.25,2.2,1.0,4.0,9.0,0.7,indicator
0.09843856076035302,6139.700000000001,3,1671.96,1673.6000000000001,S3,qlearning,0,514,0.25,2.2,1.0,4.0,9.0,0.7,indicator
0.1316765578635015,5547.700000000001,5,1454.0800000000002,1469.2000000000003,S3,qlearning,0,515,0.25,2.2,1.0,4.0,9.0,0.7,indicator
0.1076187222412026,6074.900000000001,2,1811.6,1877.2,S3,qlearning,0,516,0.25,2.2,1.0,4.0,9.0,0.7,indicator
0.11066398390342053,5124.5,0,1300.3200000000002,1317.2,S3,qlearning,0,517,0.25,2.2,1.0,4.0,9.0,0.7,indicator
0.14928193499622072,5329.700000000001,0,1501.72,1548.6000000000001,S3,qlearning,0,518,0.25,2.2,1.0,4.0,9.0,0.7,indicator
0.13043478260869565,5157.5,0,1487.04,1543.4,S3,qlearning,0,519,0.25,2.2,1.0,4.0,9.0,0.7,indicator
0.1627630011909488,5030.3,1,1388.1200000000001,1411.0,S3,qlearning,0,520,0.25,2.2,1.0,4.0,9.0,0.7,indicator
0.14056224899598393,5045.5,0,1344.68,1353.2,S3,qlearning,0,521,0.25,2.2,1.0,4.0,9.0,0.7,indicator
0.15440335493709492,5252.1,0,1566.5200000000002,1590.8000000000002,S3,qlearning,0,522,0.25,2.2,1.0,4.0,9.0,0.7,indicator
0.10884353741496598,6084.5,1,1563.6000000000001,1571.4,S3,qlearning,0,523,0.25,2.2,1.0,4.0,9.0,0.7,indicator
0.1171003717472119,5532.5,0,1600.2,1617.6000000000001,S3,qlearning,0,524,0.25,2.2,1.0,4.0,9.0,0.7,indicator
0.11848341232227488,6513.500000000001,1,1756.3200000000002,1780.0000000000002,S3,qlearning,0,525,0.25,2.2,1.0,4.0,9.0,0.7,indicator
0.128,5103.5,0,1421.96,1448.4,S3,qlearning,0,526,0.25,2.2,1.0,4.0,9.0,0.7,indicator
0.1643668831168831,4902.3,0,1436.92,1500.8000000000002,S3,qlearning,0,527,0.25,2.2,1.0,4.0,9.0,0.7,indicator
0.1354534746760895,5176.900000000001,0,1517.44,1520.0,S3,qlearning,0,528,0.25,2.2,1.0,4.0,9.0,0.7,indicator
0.11949685534591195,4900.5,1,1311.68,1315.2,S3,qlearning,0,529,0.25,2.2,1.0,4.0,9.0,0.7,indicator
0.1322314049586777,4907.5,0,1412.16,1437.8000000000002,S3,qlearning,0,530,0.25,2.2,1.0,4.0,9.0,0.7,indicator
0.11035955856176576,5805.3,0,1625.2,1700.0000000000002,S3,qlearning,0,531,0.25,2.2,1.0,4.0,9.0,0.7,indicator
0.14214368036880523,5265.1,0,1409.64,1412.6000000000001,S3,qlearning,0,532,0.25,2.2,1.0,4.0,9.0,0.7,indicator
0.12490815576781777,5552.900000000001,0,1462.92,1468.2,S3,qlearning,0,533,0.25,2.2,1.0,4.0,9.0,0.7,indicator
0.09944751381215469,5631.500000000001,0,1531.5600000000002,1542.4,S3,qlearning,0,534,0.25,2.2,1.0,4.0,9.0,0.7,indicator
0.13085399449035812,5942.3,2,1613.16,1660.0000000000002,S3,qlearning,0,535,0.25,2.2,1.0,4.0,9.0,0.7,indicator
0.14296463506395787,5379.1,0,1415.68,1419.0,S3,qlearning,0,536,0.25,2.2,1.0,4.0,9.0,0.7,indicator
0.11596180081855388,6014.900000000001,0,1596.3200000000002,1608.6000000000001,S3,qlearning,0,537,0.25,2.2,1.0,4.0,9.0,0.7,indicator
0.10329131652661064,5896.700000000001,0,1585.6000000000001,1602.2,S3,qlearning,0,538,0.25,2.2,1.0,4.0,9.0,0.7,indicator
0.09947218838814453,5092.1,0,1597.8400000000001,1679.4,S3,qlearning,0,539,0.25,2.2,1.0,4.0,9.0,0.7,indicator
0.1248662147698894,5714.1,0,1604.68,1629.6000000000001,S3,qlearning,0,540,0.25,2.2,1.0,4.0,9.0,0.7,indicator
0.13029315960912052,5634.1,0,1565.24,1582.0,S3,qlearning,0,541,0.25,2.2,1.0,4.0,9.0,0.7,indicator
0.12332628611698379,5806.1,0,1673.9600000000003,1721.0000000000002,S3,qlearning,0,542,0.25,2.2,1.0,4.0,9.0,0.7,indicator
0.11934900542495479,5667.5,1,1585.24,1619.8000000000002,S3,qlearning,0,543,0.25,2.2,1.0,4.0,9.0,0.7,indicator
0.10051107325383304,6080.500000000001,0,1630.8400000000001,1639.8000000000002,S3,qlearning,0,544,0.25,2.2,1.0,4.0,9.0,0.7,indicator
0.14453125,5160.5,0,1436.4,1487.4,S3,qlearning,0,545,0.25,2.2,1.0,4.0,9.0,0.7,indicator
0.15250101667344448,4927.8,0,1424.24,1457.8000000000002,S3,qlearning,0,546,0.25,2.2,1.0,4.0,9.0,0.7,indicator
0.12305944717909882,5422.700000000001,2,1543.4,1566.0,S3,qlearning,0,547,0.25,2.2,1.0,4.0,9.0,0.7,indicator
0.12016718913270637,5884.700000000001,0,1578.88,1622.6000000000001,S3,qlearning,0,548,0.25,2.2,1.0,4.0,9.0,0.7,indicator
0.1217739003998546,5645.700000000001,1,1723.92,1745.8000000000002,S3,qlearning,0,549,0.25,2.2,1.0,4.0,9.0,0.7,indicator
0.15961857379767827,4863.900000000001,4,1328.1200000000001,1333.4,S3,qlearning,0,550,0.25,2.2,1.0,4.0,9.0,0.7,indicator
0.13735283624687836,5687.1,0,1535.72,1575.0,S3,qlearning,0,551,0.25,2.2,1.0,4.0,9.0,0.7,indicator
0.09619084263178146,5390.3,0,1398.5600000000002,1403.8000000000002,S3,qlearning,0,552,0.25,2.2,1.0,4.0,9.0,0.7,indicator
0.13389441469013008,5308.3,0,1543.36,1637.4,S3,qlearning,0,553,0.25,2.2,1.0,4.0,9.0,0.7,indicator
0.1187178472497032,5218.900000000001,3,1364.52,1374.4,S3,qlearning,0,554,0.25,2.2,1.0,4.0,9.0,0.7,indicator
0.16233766233766234,4908.3,0,1313.12,1345.0,S3,qlearning,0,555,0.25,2.2,1.0,4.0,9.0,0.7,indicator
0.11585807385952208,5674.900000000001,0,1555.56,1563.0,S3,qlearning,0,556,0.25,2.2,1.0,4.0,9.0,0.7,indicator
0.13437625350982751,5067.1,1,1337.2,1369.0,S3,qlearning,0,557,0.25,2.2,1.0,4.0,9.0,0.7,indicator
0.11766712141882674,6018.900000000001,0,1588.28,1602.2,S3,qlearning,0,558,0.25,2.2,1.0,4.0,9.0,0.7,indicator
0.15625,5295.3,3,1380.16,1399.0,S3,qlearning,0,559,0.25,2.2,1.0,4.0,9.0,0.7,indicator
0.10424286759326994,5660.3,0,1416.0400000000002,1429.0000000000002,S3,qlearning,0,560,0.25,2.2,1.0,4.0,9.0,0.7,indicator
0.138353765323993,5802.5,1,1495.1200000000001,1512.0,S3,qlearning,0,561,0.25,2.2,1.0,4.0,9.0,0.7,indicator
0.09201324990798675,5704.900000000001,2,1672.0,1758.6000000000001,S3,qlearning,0,562,0.25,2.2,1.0,4.0,9.0,0.7,indicator
0.1180053292729349,5394.900000000001,0,1388.2400000000002,1395.8000000000002,S3,qlearning,0,563,0.25,2.2,1.0,4.0,9.0,0.7,indicator
0.1748841129372103,4737.1,3,1303.88,1337.6000000000001,S3,qlearning,0,564,0.25,2.2,1.0,4.0,9.0,0.7,indicator
0.1413934426229508,4951.5,2,1331.3200000000002,1351.8000000000002,S3,qlearning,0,565,0.25,2.2,1.0,4.0,9.0,0.7,indicator
0.11433756805807622,5665.5,0,1609.96,1632.6000000000001,S3,qlearning,0,566,0.25,2.2,1.0,4.0,9.0,0.7,indicator
0.16473230999625607,5320.700000000001,0,1395.3600000000001,1451.8000000000002,S3,qlearning,0,567,0.25,2.2,1.0,4.0,9.0,0.7,indicator
0.1461038961038961,4984.8,1,1473.96,1521.0,S3,qlearning,0,568,0.25,2.2,1.0,4.0,9.0,0.7,indicator
0.10671798460461862,5904.1,0,1533.48,1541.2,S3,qlearning,0,569,0.25,2.2,1.0,4.0,9.0,0.7,indicator
0.12753036437246965,5059.5,2,1429.76,1436.4,S3,qlearning,0,570,0.25,2.2,1.0,4.0,9.0,0.7,indicator
0.12630662020905922,4740.700000000001,4,1366.0000000000002,1428.8000000000002,S3,qlearning,0,571,0.25,2.2,1.0,4.0,9.0,0.7,indicator
0.10934025203854707,5590.1,2,1736.8400000000001,1828.8000000000002,S3,qlearning,0,572,0.25,2.2,1.0,4.0,9.0,0.7,indicator
0.15432098765432098,4902.5,3,1321.8,1325.0,S3,qlearning,0,573,0.25,2.2,1.0,4.0,9.0,0.7,indicator
0.14380918975797966,5762.950000000001,1,1467.7200000000003,1474.8000000000002,S3,qlearning,0,574,0.25,2.2,1.0,4.0,9.0,0.7,indicator
0.13704318936877077,4879.1,0,1410.68,1430.6000000000001,S3,qlearning,0,575,0.25,2.2,1.0,4.0,9.0,0.7,indicator
0.1276525198938992,6158.700000000001,1,1624.8400000000001,1656.4,S3,qlearning,0,576,0.25,2.2,1.0,4.0,9.0,0.7,indicator
0.1079646017699115,5852.5,2,1615.8400000000001,1676.4,S3,qlearning,0,577,0.25,2.2,1.0,4.0,9.0,0.7,indicator
0.12773722627737227,5601.500000000001,2,1482.3600000000001,1483.2,S3,qlearning,0,578,0.25,2.2,1.0,4.0,9.0,0.7,indicator
0.1395157981124333,4964.900000000001,2,1267.16,1286.0,S3,qlearning,0,579,0.25,2.2,1.0,4.0,9.0,0.7,indicator
0.12592018597442853,5255.700000000001,0,1404.04,1431.2,S3,qlearning,0,580,0.25,2.2,1.0,4.0,9.0,0.7,indicator
0.12738853503184713,5446.8,0,1504.72,1557.2,S3,qlearning,0,581,0.25,2.2,1.0,4.0,9.0,0.7,indicator
0.12138728323699421,5298.5,0,1356.0400000000002,1357.8000000000002,S3,qlearning,0,582,0.25,2.2,1.0,4.0,9.0,0.7,indicator
0.10520487264673312,5613.3,1,1536.44,1540.2,S3,qlearning,0,583,0.25,2.2,1.0,4.0,9.0,0.7,indicator
0.14876352395672335,5204.1,0,1553.48,1644.6000000000001,S3,qlearning,0,584,0.25,2.2,1.0,4.0,9.0,0.7,indicator
0.14477017734346725,5601.1,2,1603.5600000000002,1672.8000000000002,S3,qlearning,0,585,0.25,2.2,1.0,4.0,9.0,0.7,indicator
0.13665293897416697,5405.700000000001,0,1439.2000000000003,1464.8000000000002,S3,qlearning,0,586,0.25,2.2,1.0,4.0,9.0,0.7,indicator
0.14252245216712223,5163.700000000001,0,1571.8,1662.2,S3,qlearning,0,587,0.25,2.2,1.0,4.0,9.0,0.7,indicator
0.1321253303133258,5395.3,0,1525.8400000000001,1563.6000000000001,S3,qlearning,0,588,0.25,2.2,1.0,4.0,9.0,0.7,indicator
0.09761388286334056,5743.700000000001,0,1502.5600000000002,1513.6000000000001,S3,qlearning,0,589,0.25,2.2,1.0,4.0,9.0,0.7,indicator
0.12015781922525108,5719.1,0,1589.76,1599.0,S3,qlearning,0,590,0.25,2.2,1.0,4.0,9.0,0.7,indicator
0.1362957430918596,5421.1,0,1432.44,1465.6000000000001,S3,qlearning,0,591,0.25,2.2,1.0,4.0,9.0,0.7,indicator
0.13162639740353407,5635.1,0,1479.28,1480.2,S3,qlearning,0,592,0.25,2.2,1.0,4.0,9.0,0.7,indicator
0.117455728225515,5677.900000000001,1,1612.1200000000001,1660.2,S3,qlearning,0,593,0.25,2.2,1.0,4.0,9.0,0.7,indicator
0.1361432301380082,5452.700000000001,0,1626.2800000000002,1705.0000000000002,S3,qlearning,0,594,0.25,2.2,1.0,4.0,9.0,0.7,indicator
0.11681348142474147,5362.700000000001,1,1502.72,1557.6000000000001,S3,qlearning,0,595,0.25,2.2,1.0,4.0,9.0,0.7,indicator
0.10983075261073101,5751.900000000001,2,1530.2400000000002,1558.8000000000002,S3,qlearning,0,596,0.25,2.2,1.0,4.0,9.0,0.7,indicator
0.13418662262592898,4960.650000000001,3,1249.64,1255.0,S3,qlearning,0,597,0.25,2.2,1.0,4.0,9.0,0.7,indicator
0.12799339388934763,4923.900000000001,0,1357.68,1369.0,S3,qlearning,0,598,0.25,2.2,1.0,4.0,9.0,0.7,indicator
0.14269406392694065,5370.1,4,1439.52,1457.0,S3,qlearning,0,599,0.25,2.2,1.0,4.0,9.0,0.7,indicator
0.13750498206456754,5091.3,1,1353.92,1380.2,S3,qlearning,0,600,0.25,2.2,1.0,4.0,9.0,0.7,indicator
0.14250814332247558,4950.700000000001,0,1416.16,1443.4,S3,qlearning,0,601,0.25,2.2,1.0,4.0,9.0,0.7,indicator
0.11673850574712644,5722.3,0,1626.2800000000002,1659.2000000000003,S3,qlearning,0,602,0.25,2.2,1.0,4.0,9.0,0.7,indicator
0.13002364066193853,5168.1,1,1530.96,1624.8000000000002,S3,qlearning,0,603,0.25,2.2,1.0,4.0,9.0,0.7,indicator
0.1521491061240015,5271.3,0,1514.04,1594.2,S3,qlearning,0,604,0.25,2.2,1.0,4.0,9.0,0.7,indicator
0.15469824293353704,5246.1,0,1273.52,1276.2,S3,qlearning,0,605,0.25,2.2,1.0,4.0,9.0,0.7,indicator
0.13717156105100464,5255.1,0,1496.0,1523.2,S3,qlearning,0,606,0.25,2.2,1.0,4.0,9.0,0.7,indicator
0.1317365269461078,5136.5,2,1307.72,1313.0,S3,qlearning,0,607,0.25,2.2,1.0,4.0,9.0,0.7,indicator
0.1099476439790576,5892.500000000001,0,1603.5600000000002,1610.6000000000001,S3,qlearning,0,608,0.25,2.2,1.0,4.0,9.0,0.7,indicator
0.1326790258087968,5581.700000000001,0,1466.0800000000002,1498.4,S3,qlearning,0,609,0.25,2.2,1.0,4.0,9.0,0.7,indicator
0.12371134020618557,4977.5,2,1348.4,1398.2,S3,qlearning,0,610,0.25,2.2,1.0,4.0,9.0,0.7,indicator
0.08860249697946034,5166.1,0,1474.16,1542.4,S3,qlearning,0,611,0.25,2.2,1.0,4.0,9.0,0.7,indicator
0.13282732447817835,5369.5,0,1429.84,1443.0,S3,qlearning,0,612,0.25,2.2,1.0,4.0,9.0,0.7,indicator
0.14789038712483688,4642.3,0,1319.68,1344.8000000000002,S3,qlearning,0,613,0.25,2.2,1.0,4.0,9.0,0.7,indicator
0.1421623643845866,5436.35,1,1516.6000000000001,1565.4,S3,qlearning,0,614,0.25,2.2,1.0,4.0,9.0,0.7,indicator
0.11062821019359936,5311.700000000001,5,1517.96,1570.6000000000001,S3,qlearning,0,615,0.25,2.2,1.0,4.0,9.0,0.7,indicator
0.12372634643377002,5605.1,0,1575.44,1599.8000000000002,S3,qlearning,0,616,0.25,2.2,1.0,4.0,9.0,0.7,indicator
0.1443478260869565,5814.500000000001,0,1624.44,1660.8000000000002,S3,qlearning,0,617,0.25,2.2,1.0,4.0,9.0,0.7,indicator
0.12474012474012475,5906.700000000001,1,1699.72,1773.2,S3,qlearning,0,618,0.25,2.2,1.0,4.0,9.0,0.7,indicator
0.10908440629470673,5752.700000000001,0,1640.12,1705.0,S3,qlearning,0,619,0.25,2.2,1.0,4.0,9.0,0.7,indicator
0.11700468018720749,5248.3,0,1314.0000000000002,1314.0000000000002,S3,qlearning,0,620,0.25,2.2,1.0,4.0,9.0,0.7,indicator
0.14175779667881733,4994.3,0,1350.72,1364.4,S3,qlearning,0,621,0.25,2.2,1.0,4.0,9.0,0.7,indicator
0.14864864864864866,5232.5,1,1464.16,1483.4,S3,qlearning,0,622,0.25,2.2,1.0,4.0,9.0,0.7,indicator
0.10083449235048679,6015.700000000001,5,1624.52,1635.4,S3,qlearning,0,623,0.25,2.2,1.0,4.0,9.0,0.7,indicator
0.14472640761300556,5077.900000000001,0,1318.2000000000003,1322.8000000000002,S3,qlearning,0,624,0.25,2.2,1.0,4.0,9.0,0.7,indicator
0.10954063604240283,5861.500000000001,2,1487.0800000000002,1510.2,S3,qlearning,0,625,0.25,2.2,1.0,4.0,9.0,0.7,indicator
0.12921348314606743,5513.5,6,1511.16,1550.6000000000001,S3,qlearning,0,626,0.25,2.2,1.0,4.0,9.0,0.7,indicator
0.15696649029982362,5674.75,0,1552.24,1593.0,S3,qlearning,0,627,0.25,2.2,1.0,4.0,9.0,0.7,indicator
0.12934362934362933,5289.5,2,1441.5600000000002,1448.4,S3,qlearning,0,628,0.25,2.2,1.0,4.0,9.0,0.7,indicator
0.1365125591554423,5612.900000000001,4,1521.64,1547.6000000000001,S3,qlearning,0,629,0.25,2.2,1.0,4.0,9.0,0.7,indicator
0.15012815818381545,5494.950000000001,0,1553.2800000000002,1564.4,S3,qlearning,0,630,0.25,2.2,1.0,4.0,9.0,0.7,indicator
0.13519222644697929,4848.900000000001,2,1276.4,1298.4,S3,qlearning,0,631,0.25,2.2,1.0,4.0,9.0,0.7,indicator
0.13352506162695152,5006.3,5,1368.6,1374.0,S3,qlearning,0,632,0.25,2.2,1.0,4.0,9.0,0.7,indicator
0.17092257001647446,4821.1,0,1355.48,1405.6000000000001,S3,qlearning,0,633,0.25,2.2,1.0,4.0,9.0,0.7,indicator
0.11376564277588168,5460.900000000001,4,1413.72,1424.2,S3,qlearning,0,634,0.25,2.2,1.0,4.0,9.0,0.7,indicator
0.12067156348373557,5847.3,0,1514.48,1534.4,S3,qlearning,0,635,0.25,2.2,1.0,4.0,9.0,0.7,indicator
0.13298928146089717,5122.3,0,1362.5200000000002,1384.6000000000001,S3,qlearning,0,636,0.25,2.2,1.0,4.0,9.0,0.7,indicator
0.15204003079291764,5243.1,2,1319.0,1335.2,S3,qlearning,0,637,0.25,2.2,1.0,4.0,9.0,0.7,indicator
0.1232928679817906,5381.700000000001,0,1400.0,1434.6000000000001,S3,qlearning,0,638,0.25,2.2,1.0,4.0,9.0,0.7,indicator
0.17083333333333334,4760.5,0,1276.72,1289.6000000000001,S3,qlearning,0,639,0.25,2.2,1.0,4.0,9.0,0.7,indicator
0.14526542324246772,5685.1,4,1574.8,1606.0,S3,qlearning,0,640,0.25,2.2,1.0,4.0,9.0,0.7,indicator
0.1238390092879257,5333.3,4,1394.0,1402.0,S3,qlearning,0,641,0.25,2.2,1.0,4.0,9.0,0.7,indicator
0.14356814701378254,5306.900000000001,3,1493.72,1531.4,S3,qlearning,0,642,0.25,2.2,1.0,4.0,9.0,0.7,indicator
0.13049696102967465,5739.650000000001,3,1419.88,1427.75,S3,qlearning,0,643,0.25,2.2,1.0,4.0,9.0,0.7,indicator
0.12195121951219512,5608.900000000001,0,1571.92,1606.4,S3,qlearning,0,644,0.25,2.2,1.0,4.0,9.0,0.7,indicator
0.10238907849829351,5474.900000000001,0,1472.2800000000002,1475.8000000000002,S3,qlearning,0,645,0.25,2.2,1.0,4.0,9.0,0.7,indicator
0.14380530973451328,5478.900000000001,1,1604.5200000000002,1616.2000000000003,S3,qlearning,0,646,0.25,2.2,1.0,4.0,9.0,0.7,indicator
0.14104372355430184,5752.700000000001,2,1829.84,1924.0,S3,qlearning,0,647,0.25,2.2,1.0,4.0,9.0,0.7,indicator
0.13426423200859292,5666.1,0,1627.64,1666.8000000000002,S3,qlearning,0,648,0.25,2.2,1.0,4.0,9.0,0.7,indicator
0.12780790085205268,5251.900000000001,0,1498.7600000000002,1570.8000000000002,S3,qlearning,0,649,0.25,2.2,1.0,4.0,9.0,0.7,indicator
0.1274131274131274,5269.5,0,1416.5200000000002,1458.8000000000002,S3,qlearning,0,650,0.25,2.2,1.0,4.0,9.0,0.7,indicator
0.12984418697562924,5089.1,0,1380.44,1424.0000000000002,S3,qlearning,0,651,0.25,2.2,1.0,4.0,9.0,0.7,indicator
0.14619883040935672,5200.5,2,1674.96,1754.8000000000002,S3,qlearning,0,652,0.25,2.2,1.0,4.0,9.0,0.7,indicator
0.14219694276573053,5689.1,0,1446.5300000000002,1468.6000000000001,S3,qlearning,0,653,0.25,2.2,1.0,4.0,9.0,0.7,indicator
0.1523597175771089,5425.700000000001,0,1555.84,1631.2,S3,qlearning,0,654,0.25,2.2,1.0,4.0,9.0,0.7,indicator
0.1479408236705318,5025.700000000001,0,1451.92,1485.8000000000002,S3,qlearning,0,655,0.25,2.2,1.0,4.0,9.0,0.7,indicator
0.12308839985080194,5588.700000000001,7,1481.16,1494.0,S3,qlearning,0,656,0.25,2.2,1.0,4.0,9.0,0.7,indicator
0.11216730038022814,5452.500000000001,3,1437.92,1445.6000000000001,S3,qlearning,0,657,0.25,2.2,1.0,4.0,9.0,0.7,indicator
0.13617960986382038,5523.900000000001,1,1722.52,1777.2,S3,qlearning,0,658,0.25,2.2,1.0,4.0,9.0,0.7,indicator
0.1322463768115942,5606.5,0,1582.44,1606.2,S3,qlearning,0,659,0.25,2.2,1.0,4.0,9.0,0.7,indicator
0.1511144692104269,5333.900000000001,1,1689.5200000000002,1761.0000000000002,S3,qlearning,0,660,0.25,2.2,1.0,4.0,9.0,0.7,indicator
0.12909979064898813,5855.700000000001,1,1710.72,1740.4,S3,qlearning,0,661,0.25,2.2,1.0,4.0,9.0,0.7,indicator
0.12883668056081848,5380.3,0,1410.0800000000002,1424.6000000000001,S3,qlearning,0,662,0.25,2.2,1.0,4.0,9.0,0.7,indicator
0.11837881219903691,5172.900000000001,3,1431.5600000000002,1474.6000000000001,S3,qlearning,0,663,0.25,2.2,1.0,4.0,9.0,0.7,indicator
0.13529411764705881,5163.5,0,1396.0400000000002,1441.8000000000002,S3,qlearning,0,664,0.25,2.2,1.0,4.0,9.0,0.7,indicator
0.132375189107413,5385.3,1,1391.3200000000002,1410.6000000000001,S3,qlearning,0,665,0.25,2.2,1.0,4.0,9.0,0.7,indicator
0.1191806331471136,5505.5,0,1705.48,1753.6000000000001,S3,qlearning,0,666,0.25,2.2,1.0,4.0,9.0,0.7,indicator
0.12137823022709475,5242.3,1,1503.2,1505.4,S3,qlearning,0,667,0.25,2.2,1.0,4.0,9.0,0.7,indicator
0.09384984025559105,5194.3,0,1421.76,1473.4,S3,qlearning,0,668,0.25,2.2,1.0,4.0,9.0,0.7,indicator
0.0935074100211715,5899.3,0,1736.64,1788.6000000000001,S3,qlearning,0,669,0.25,2.2,1.0,4.0,9.0,0.7,indicator
0.12159174649963155,5562.3,0,1434.8400000000001,1442.4,S3,qlearning,0,670,0.25,2.2,1.0,4.0,9.0,0.7,indicator
0.13624841571609633,6394.700000000001,0,1707.6800000000003,1718.0000000000002,S3,qlearning,0,671,0.25,2.2,1.0,4.0,9.0,0.7,indicator
0.14371894960965223,5681.1,0,1565.4,1609.6000000000001,S3,qlearning,0,672,0.25,2.2,1.0,4.0,9.0,0.7,indicator
0.1265322261763543,5160.3,1,1438.68,1456.2,S3,qlearning,0,673,0.25,2.2,1.0,4.0,9.0,0.7,indicator
0.17833259028087384,4422.1,0,1247.0800000000002,1281.8000000000002,S3,qlearning,0,674,0.25,2.2,1.0,4.0,9.0,0.7,indicator
0.13577981651376148,5537.5,0,1582.76,1606.0,S3,qlearning,0,675,0.25,2.2,1.0,4.0,9.0,0.7,indicator
0.13671162960262487,5566.1,0,1539.8400000000001,1585.8000000000002,S3,qlearning,0,676,0.25,2.2,1.0,4.0,9.0,0.7,indicator
0.11913357400722022,5689.5,0,1416.4,1434.0,S3,qlearning,0,677,0.25,2.2,1.0,4.0,9.0,0.7,indicator
0.1063410791650256,5252.3,1,1309.4,1310.5000000000002,S3,qlearning,0,678,0.25,2.2,1.0,4.0,9.0,0.7,indicator
0.12152777777777778,5343.650000000001,3,1473.1200000000001,1480.2,S3,qlearning,0,679,0.25,2.2,1.0,4.0,9.0,0.7,indicator
0.14679556032939492,5620.1,0,1638.7600000000002,1698.8000000000002,S3,qlearning,0,680,0.25,2.2,1.0,4.0,9.0,0.7,indicator
0.1346562721474132,5740.900000000001,1,1483.72,1489.2,S3,qlearning,0,681,0.25,2.2,1.0,4.0,9.0,0.7,indicator
0.12365376944555245,5141.900000000001,2,1488.52,1536.2,S3,qlearning,0,682,0.25,2.2,1.0,4.0,9.0,0.7,indicator
0.14327855035819637,4789.1,0,1302.72,1324.0,S3,qlearning,0,683,0.25,2.2,1.0,4.0,9.0,0.7,indicator
0.12651057401812688,5425.1,0,1505.1200000000001,1524.8000000000002,S3,qlearning,0,684,0.25,2.2,1.0,4.0,9.0,0.7,indicator
0.09238728750923873,5635.700000000001,0,1492.72,1514.0,S3,qlearning,0,685,0.25,2.2,1.0,4.0,9.0,0.7,indicator
0.1353412123522684,5332.1,0,1463.2800000000002,1509.0000000000002,S3,qlearning,0,686,0.25,2.2,1.0,4.0,9.0,0.7,indicator
0.1553784860557769,5034.5,1,1408.44,1441.8000000000002,S3,qlearning,0,687,0.25,2.2,1.0,4.0,9.0,0.7,indicator
0.13295880149812733,5429.5,0,1481.44,1495.8000000000002,S3,qlearning,0,688,0.25,2.2,1.0,4.0,9.0,0.7,indicator
0.1219032638615808,5220.1,0,1480.44,1513.0,S3,qlearning,0,689,0.25,2.2,1.0,4.0,9.0,0.7,indicator
0.14152772392400156,5203.3,0,1483.0000000000002,1529.8000000000002,S3,qlearning,0,690,0.25,2.2,1.0,4.0,9.0,0.7,indicator
0.10510510510510511,5512.3,0,1445.0000000000002,1452.6000000000001,S3,qlearning,0,691,0.25,2.2,1.0,4.0,9.0,0.7,indicator
0.10273972602739725,5733.3,0,1482.8000000000002,1491.6000000000001,S3,qlearning,0,692,0.25,2.2,1.0,4.0,9.0,0.7,indicator
0.14337641357027464,5003.700000000001,0,1241.7600000000002,1248.8000000000002,S3,qlearning,0,693,0.25,2.2,1.0,4.0,9.0,0.7,indicator
0.08295093540416519,5918.1,0,1514.76,1538.2,S3,qlearning,0,694,0.25,2.2,1.0,4.0,9.0,0.7,indicator
0.11714174150722374,5266.700000000001,0,1353.44,1372.8000000000002,S3,qlearning,0,695,0.25,2.2,1.0,4.0,9.0,0.7,indicator
0.11303692539562923,5461.3,0,1457.6,1485.0,S3,qlearning,0,696,0.25,2.2,1.0,4.0,9.0,0.7,indicator
0.12392039053698836,5430.1,0,1544.5600000000002,1548.6000000000001,S3,qlearning,0,697,0.25,2.2,1.0,4.0,9.0,0.7,indicator
0.13597941933112825,5558.700000000001,3,1469.5600000000002,1476.4,S3,qlearning,0,698,0.25,2.2,1.0,4.0,9.0,0.7,indicator
0.13097345132743363,5738.500000000001,0,1683.44,1781.2000000000003,S3,qlearning,0,699,0.25,2.2,1.0,4.0,9.0,0.7,indicator
0.1058574453069866,5862.3,0,1527.1200000000001,1550.6000000000001,S3,qlearning,0,700,0.25,2.2,1.0,4.0,9.0,0.7,indicator
0.16004627844195912,5199.1,0,1317.28,1324.2,S3,qlearning,0,701,0.25,2.2,1.0,4.0,9.0,0.7,indicator
0.11250953470633104,5414.900000000001,1,1425.68,1458.0000000000002,S3,qlearning,0,702,0.25,2.2,1.0,4.0,9.0,0.7,indicator
0.10143858354850609,5606.700000000001,0,1636.3600000000001,1652.6000000000001,S3,qlearning,0,703,0.25,2.2,1.0,4.0,9.0,0.7,indicator
0.14828544949026876,4345.1,1,1122.16,1141.4,S3,qlearning,0,704,0.25,2.2,1.0,4.0,9.0,0.7,indicator
0.1391267123287671,4761.700000000001,2,1256.9600000000003,1268.8000000000002,S3,qlearning,0,705,0.25,2.2,1.0,4.0,9.0,0.7,indicator
0.13763197586727,5393.900000000001,2,1426.3600000000001,1441.4,S3,qlearning,0,706,0.25,2.2,1.0,4.0,9.0,0.7,indicator
0.1343784994400896,5549.3,8,1448.4800000000002,1453.6000000000001,S3,qlearning,0,707,0.25,2.2,1.0,4.0,9.0,0.7,indicator
0.12853470437017994,5553.1,0,1463.16,1469.4,S3,qlearning,0,708,0.25,2.2,1.0,4.0,9.0,0.7,indicator
0.1303106033559443,5691.700000000001,0,1535.8400000000001,1584.6000000000001,S3,qlearning,0,709,0.25,2.2,1.0,4.0,9.0,0.7,indicator
0.1165748198389148,4858.8,0,1435.48,1464.8,S3,qlearning,0,710,0.25,2.2,1.0,4.0,9.0,0.7,indicator
0.15513126491646778,5035.3,0,1420.6000000000001,1456.8000000000002,S3,qlearning,0,711,0.25,2.2,1.0,4.0,9.0,0.7,indicator
0.13109381401065137,4983.700000000001,0,1384.3600000000001,1442.8000000000002,S3,qlearning,0,712,0.25,2.2,1.0,4.0,9.0,0.7,indicator
0.1241453760345448,5731.3,2,1580.48,1590.2,S3,qlearning,0,713,0.25,2.2,1.0,4.0,9.0,0.7,indicator
0.14027671022290547,5266.900000000001,1,1468.44,1502.6000000000001,S3,qlearning,0,714,0.25,2.2,1.0,4.0,9.0,0.7,indicator
0.1505901505901506,4946.900000000001,1,1464.0800000000002,1494.4,S3,qlearning,0,715,0.25,2.2,1.0,4.0,9.0,0.7,indicator
0.09581881533101046,5956.500000000001,0,1715.4800000000002,1765.0000000000002,S3,qlearning,0,716,0.25,2.2,1.0,4.0,9.0,0.7,indicator
0.12526464361326747,5776.3,0,1462.2400000000002,1481.8000000000002,S3,qlearning,0,717,0.25,2.2,1.0,4.0,9.0,0.7,indicator
0.12219156484036263,5196.900000000001,0,1433.0,1453.2,S3,qlearning,0,718,0.25,2.2,1.0,4.0,9.0,0.7,indicator
0.1171303074670571,5700.900000000001,5,1473.92,1495.2,S3,qlearning,0,719,0.25,2.2,1.0,4.0,9.0,0.7,indicator
0.13008130081300814,5015.75,0,1397.92,1440.0,S3,qlearning,0,720,0.25,2.2,1.0,4.0,9.0,0.7,indicator
0.1564288439526898,5249.700000000001,0,1307.24,1314.0,S3,qlearning,0,721,0.25,2.2,1.0,4.0,9.0,0.7,indicator
0.11035955856176576,5818.3,1,1630.12,1661.0,S3,qlearning,0,722,0.25,2.2,1.0,4.0,9.0,0.7,indicator
0.11355311355311355,5676.500000000001,4,1493.16,1493.6000000000001,S3,qlearning,0,723,0.25,2.2,1.0,4.0,9.0,0.7,indicator
0.1584201388888889,4661.3,3,1171.1200000000001,1176.2,S3,qlearning,0,724,0.25,2.2,1.0,4.0,9.0,0.7,indicator
0.12937898089171976,5103.900000000001,0,1355.0,1371.2,S3,qlearning,0,725,0.25,2.2,1.0,4.0,9.0,0.7,indicator
0.12392241379310345,5678.3,0,1653.8799999999999,1721.0,S3,qlearning,0,726,0.25,2.2,1.0,4.0,9.0,0.7,indicator
0.11043819023868899,5798.900000000001,1,1436.24,1439.4,S3,qlearning,0,727,0.25,2.2,1.0,4.0,9.0,0.7,indicator
0.1259259259259259,5543.5,3,1558.6000000000001,1595.4,S3,qlearning,0,728,0.25,2.2,1.0,4.0,9.0,0.7,indicator
0.1348819782690146,5407.3,0,1431.3600000000001,1444.8000000000002,S3,qlearning,0,729,0.25,2.2,1.0,4.0,9.0,0.7,indicator
0.12032580525731211,5585.700000000001,3,1524.92,1558.4,S3,qlearning,0,730,0.25,2.2,1.0,4.0,9.0,0.7,indicator
0.11751075802714334,6212.700000000001,1,1733.16,1764.2,S3,qlearning,0,731,0.25,2.2,1.0,4.0,9.0,0.7,indicator
0.13743708865660084,5224.1,0,1398.2800000000002,1403.4,S3,qlearning,0,732,0.25,2.2,1.0,4.0,9.0,0.7,indicator
0.11949924127465858,5388.700000000001,0,1362.64,1369.4,S3,qlearning,0,733,0.25,2.2,1.0,4.0,9.0,0.7,indicator
0.17430473952213082,5082.1,1,1329.92,1356.8000000000002,S3,qlearning,0,734,0.25,2.2,1.0,4.0,9.0,0.7,indicator
0.12959381044487428,5262.5,0,1504.3200000000002,1519.2,S3,qlearning,0,735,0.25,2.2,1.0,4.0,9.0,0.7,indicator
0.12830635609948676,5166.1,0,1329.5200000000002,1378.8000000000002,S3,qlearning,0,736,0.25,2.2,1.0,4.0,9.0,0.7,indicator
0.11788175553137469,5646.900000000001,0,1509.28,1546.4,S3,qlearning,0,737,0.25,2.2,1.0,4.0,9.0,0.7,indicator
0.14192139737991266,5580.1,2,1529.7600000000002,1536.6000000000001,S3,qlearning,0,738,0.25,2.2,1.0,4.0,9.0,0.7,indicator
0.12055109070034443,5343.1,0,1325.16,1334.2,S3,qlearning,0,739,0.25,2.2,1.0,4.0,9.0,0.7,indicator
0.14785992217898833,5193.5,1,1378.1200000000001,1378.6000000000001,S3,qlearning,0,740,0.25,2.2,1.0,4.0,9.0,0.7,indicator
0.09175962576466355,5780.3,0,1694.04,1793.6000000000001,S3,qlearning,0,741,0.25,2.2,1.0,4.0,9.0,0.7,indicator
0.1237234878240377,5220.700000000001,0,1430.0400000000002,1458.6000000000001,S3,qlearning,0,742,0.25,2.2,1.0,4.0,9.0,0.7,indicator
0.12181195279786829,5385.900000000001,1,1459.5600000000002,1505.0000000000002,S3,qlearning,0,743,0.25,2.2,1.0,4.0,9.0,0.7,indicator
0.099527665317139,6192.3,3,1642.0800000000002,1672.0000000000002,S3,qlearning,0,744,0.25,2.2,1.0,4.0,9.0,0.7,indicator
0.12578616352201258,5515.1,0,1561.76,1604.4,S3,qlearning,0,745,0.25,2.2,1.0,4.0,9.0,0.7,indicator
0.10217983651226158,6076.700000000001,0,1647.0800000000002,1683.8000000000002,S3,qlearning,0,746,0.25,2.2,1.0,4.0,9.0,0.7,indicator
0.10355540214014498,5980.900000000001,0,1736.08,1801.0,S3,qlearning,0,747,0.25,2.2,1.0,4.0,9.0,0.7,indicator
0.13239875389408098,5239.1,2,1657.1200000000001,1723.2,S3,qlearning,0,748,0.25,2.2,1.0,4.0,9.0,0.7,indicator
0.13137254901960785,5175.5,0,1407.24,1436.4,S3,qlearning,0,749,0.25,2.2,1.0,4.0,9.0,0.7,indicator
0.13976891539321654,5513.1,6,1506.8000000000002,1533.6000000000001,S3,qlearning,0,750,0.25,2.2,1.0,4.0,9.0,0.7,indicator
0.12775842044134728,5298.1,1,1438.72,1476.4,S3,qlearning,0,751,0.25,2.2,1.0,4.0,9.0,0.7,indicator
0.12471655328798185,5418.700000000001,2,1611.0800000000002,1654.4,S3,qlearning,0,752,0.25,2.2,1.0,4.0,9.0,0.7,indicator
0.14893617021276595,4732.0,1,1490.76,1520.4,S3,qlearning,0,753,0.25,2.2,1.0,4.0,9.0,0.7,indicator
0.11909410386567747,5255.700000000001,0,1328.8000000000002,1339.8000000000002,S3,qlearning,0,754,0.25,2.2,1.0,4.0,9.0,0.7,indicator
0.1773927392739274,4825.3,1,1349.2,1363.0,S3,qlearning,0,755,0.25,2.2,1.0,4.0,9.0,0.7,indicator
0.12537425149700598,5486.900000000001,1,1451.76,1483.0,S3,qlearning,0,756,0.25,2.2,1.0,4.0,9.0,0.7,indicator
0.12741471434443075,4982.1,2,1348.3600000000001,1353.8000000000002,S3,qlearning,0,757,0.25,2.2,1.0,4.0,9.0,0.7,indicator
0.11839708561020036,5656.5,0,1598.8400000000001,1608.2,S3,qlearning,0,758,0.25,2.2,1.0,4.0,9.0,0.7,indicator
0.11693834160170093,5819.900000000001,2,1554.1200000000001,1594.6000000000001,S3,qlearning,0,759,0.25,2.2,1.0,4.0,9.0,0.7,indicator
0.1389403482771397,5470.3,0,1353.2800000000002,1361.4,S3,qlearning,0,760,0.25,2.2,1.0,4.0,9.0,0.7,indicator
0.13391098857818037,5177.3,1,1407.7600000000002,1471.0000000000002,S3,qlearning,0,761,0.25,2.2,1.0,4.0,9.0,0.7,indicator
0.13328255902513328,5341.700000000001,1,1452.0400000000002,1466.8000000000002,S3,qlearning,0,762,0.25,2.2,1.0,4.0,9.0,0.7,indicator
0.12273413897280967,5434.1,2,1436.72,1442.2,S3,qlearning,0,763,0.25,2.2,1.0,4.0,9.0,0.7,indicator
0.12150220913107511,5563.700000000001,1,1488.2,1494.6000000000001,S3,qlearning,0,764,0.25,2.2,1.0,4.0,9.0,0.7,indicator
0.10288808664259928,5732.500000000001,1,1449.48,1452.2,S3,qlearning,0,765,0.25,2.2,1.0,4.0,9.0,0.7,indicator
0.10520684736091299,5838.3,4,1626.72,1675.0,S3,qlearning,0,766,0.25,2.2,1.0,4.0,9.0,0.7,indicator
0.08928571428571429,5358.700000000001,0,1359.72,1375.4,S3,qlearning,0,767,0.25,2.2,1.0,4.0,9.0,0.7,indicator
0.12221041445270989,5764.1,0,1544.52,1574.4,S3,qlearning,0,768,0.25,2.2,1.0,4.0,9.0,0.7,indicator
0.1401673640167364,4902.5,4,1250.76,1252.2,S3,qlearning,0,769,0.25,2.2,1.0,4.0,9.0,0.7,indicator
0.17805976258698322,4837.1,1,1444.2800000000002,1464.4,S3,qlearning,0,770,0.25,2.2,1.0,4.0,9.0,0.7,indicator
0.11003861003861004,5353.5,0,1470.44,1511.4,S3,qlearning,0,771,0.25,2.2,1.0,4.0,9.0,0.7,indicator
0.1431159420289855,5580.5,0,1419.2400000000002,1445.6000000000001,S3,qlearning,0,772,0.25,2.2,1.0,4.0,9.0,0.7,indicator
0.11586802827965435,5233.700000000001,0,1408.3600000000001,1420.8000000000002,S3,qlearning,0,773,0.25,2.2,1.0,4.0,9.0,0.7,indicator
0.15650741350906094,4873.1,0,1342.4,1374.2,S3,qlearning,0,774,0.25,2.2,1.0,4.0,9.0,0.7,indicator
0.10520275439938791,5455.3,3,1527.04,1564.2,S3,qlearning,0,775,0.25,2.2,1.0,4.0,9.0,0.7,indicator
0.14078674948240166,4953.5,5,1374.88,1392.8000000000002,S3,qlearning,0,776,0.25,2.2,1.0,4.0,9.0,0.7,indicator
0.14243197278911565,4786.900000000001,1,1402.28,1458.0,S3,qlearning,0,777,0.25,2.2,1.0,4.0,9.0,0.7,indicator
0.1490367139222101,5537.700000000001,0,1510.88,1547.4,S3,qlearning,0,778,0.25,2.2,1.0,4.0,9.0,0.7,indicator
0.09916094584286804,5456.900000000001,1,1497.1200000000001,1537.4,S3,qlearning,0,779,0.25,2.2,1.0,4.0,9.0,0.7,indicator
0.15370018975332067,5303.500000000001,0,1506.68,1550.4,S3,qlearning,0,780,0.25,2.2,1.0,4.0,9.0,0.7,indicator
0.1586998087954111,5235.5,1,1328.4,1347.4,S3,qlearning,0,781,0.25,2.2,1.0,4.0,9.0,0.7,indicator
0.1265322261763543,5241.3,5,1320.2000000000003,1331.0000000000002,S3,qlearning,0,782,0.25,2.2,1.0,4.0,9.0,0.7,indicator
0.11588145896656535,5401.900000000001,0,1631.0800000000002,1664.8000000000002,S3,qlearning,0,783,0.25,2.2,1.0,4.0,9.0,0.7,indicator
0.13086150490730644,5617.700000000001,2,1634.7600000000002,1657.0000000000002,S3,qlearning,0,784,0.25,2.2,1.0,4.0,9.0,0.7,indicator
0.0990990990990991,5762.5,0,1684.5600000000002,1737.8000000000002,S3,qlearning,0,785,0.25,2.2,1.0,4.0,9.0,0.7,indicator
0.11274342330030748,6027.900000000001,1,1654.48,1665.4,S3,qlearning,0,786,0.25,2.2,1.0,4.0,9.0,0.7,indicator
0.10842516885886953,5843.1,2,1654.0800000000002,1681.0000000000002,S3,qlearning,0,787,0.25,2.2,1.0,4.0,9.0,0.7,indicator
0.15618898867629832,5121.700000000001,0,1388.8400000000001,1398.6000000000001,S3,qlearning,0,788,0.25,2.2,1.0,4.0,9.0,0.7,indicator
0.10668065757257783,5891.3,0,1715.7600000000002,1767.0000000000002,S3,qlearning,0,789,0.25,2.2,1.0,4.0,9.0,0.7,indicator
0.12355212355212356,5337.5,2,1424.2800000000002,1439.6000000000001,S3,qlearning,0,790,0.25,2.2,1.0,4.0,9.0,0.7,indicator
0.11869978086194302,5616.1,0,1537.64,1589.2,S3,qlearning,0,791,0.25,2.2,1.0,4.0,9.0,0.7,indicator
0.13262599469496023,5353.3,0,1511.0000000000002,1537.0000000000002,S3,qlearning,0,792,0.25,2.2,1.0,4.0,9.0,0.7,indicator
0.1393596986817326,5385.5,1,1425.16,1436.4,S3,qlearning,0,793,0.25,2.2,1.0,4.0,9.0,0.7,indicator
0.12389380530973451,5828.500000000001,2,1590.88,1607.0000000000002,S3,qlearning,0,794,0.25,2.2,1.0,4.0,9.0,0.7,indicator
0.08955792682926829,5499.3,2,1481.48,1518.8000000000002,S3,qlearning,0,795,0.25,2.2,1.0,4.0,9.0,0.7,indicator
0.1188734455010973,5635.3,3,1618.44,1681.6000000000001,S3,qlearning,0,796,0.25,2.2,1.0,4.0,9.0,0.7,indicator
0.10051241623965314,5259.400000000001,0,1365.0000000000002,1378.8000000000002,S3,qlearning,0,797,0.25,2.2,1.0,4.0,9.0,0.7,indicator
0.15543071161048688,5348.5,0,1382.5600000000002,1383.8000000000002,S3,qlearning,0,798,0.25,2.2,1.0,4.0,9.0,0.7,indicator
0.13445679455001794,5663.3,0,1536.72,1597.6000000000001,S3,qlearning,0,799,0.25,2.2,1.0,4.0,9.0,0.7,indicator
0.1415929203539823,5702.5,0,1516.32,1560.2,S3,qlearning,0,800,0.25,2.2,1.0,4.0,9.0,0.7,indicator
0.11865035224323323,5581.900000000001,5,1480.3200000000002,1489.6000000000001,S3,qlearning,0,801,0.25,2.2,1.0,4.0,9.0,0.7,indicator
0.12278801011195377,5661.3,0,1464.3600000000001,1472.6000000000001,S3,qlearning,0,802,0.25,2.2,1.0,4.0,9.0,0.7,indicator
0.10436079016026836,5539.1,0,1517.6399999999999,1550.0,S3,qlearning,0,803,0.25,2.2,1.0,4.0,9.0,0.7,indicator
0.1323251417769376,5392.5,2,1528.04,1559.2,S3,qlearning,0,804,0.25,2.2,1.0,4.0,9.0,0.7,indicator
0.13647151898734178,5176.1,4,1554.8,1641.0,S3,qlearning,0,805,0.25,2.2,1.0,4.0,9.0,0.7,indicator
0.1245688003066309,5368.3,2,1458.56,1486.0,S3,qlearning,0,806,0.25,2.2,1.0,4.0,9.0,0.7,indicator
0.14329384791746275,5297.900000000001,1,1397.92,1403.2,S3,qlearning,0,807,0.25,2.2,1.0,4.0,9.0,0.7,indicator
0.1250446588067167,5744.3,3,1646.44,1692.8000000000002,S3,qlearning,0,808,0.25,2.2,1.0,4.0,9.0,0.7,indicator
0.12232415902140673,5414.700000000001,4,1421.28,1423.2,S3,qlearning,0,809,0.25,2.2,1.0,4.0,9.0,0.7,indicator
0.14039310068190936,5091.1,3,1378.88,1401.8000000000002,S3,qlearning,0,810,0.25,2.2,1.0,4.0,9.0,0.7,indicator
0.10014054813773718,5901.700000000001,0,1692.16,1713.6000000000001,S3,qlearning,0,811,0.25,2.2,1.0,4.0,9.0,0.7,indicator
0.15885947046843177,4928.5,1,1223.84,1228.0,S3,qlearning,0,812,0.25,2.2,1.0,4.0,9.0,0.7,indicator
0.1252408477842004,5311.5,1,1451.8,1504.4,S3,qlearning,0,813,0.25,2.2,1.0,4.0,9.0,0.7,indicator
0.1634117178158629,4995.3,0,1278.5600000000002,1299.4,S3,qlearning,0,814,0.25,2.2,1.0,4.0,9.0,0.7,indicator
0.13119533527696792,5600.3,1,1513.72,1543.4,S3,qlearning,0,815,0.25,2.2,1.0,4.0,9.0,0.7,indicator
0.15516537362188648,4919.3,0,1271.16,1276.2,S3,qlearning,0,816,0.25,2.2,1.0,4.0,9.0,0.7,indicator
0.11682242990654206,5785.900000000001,6,1602.84,1617.0,S3,qlearning,0,817,0.25,2.2,1.0,4.0,9.0,0.7,indicator
0.13274336283185842,5060.700000000001,0,1270.76,1283.2,S3,qlearning,0,818,0.25,2.2,1.0,4.0,9.0,0.7,indicator
0.14546159813809154,5198.1,0,1525.48,1571.6000000000001,S3,qlearning,0,819,0.25,2.2,1.0,4.0,9.0,0.7,indicator
0.1446516939474686,5290.900000000001,0,1535.16,1554.4,S3,qlearning,0,820,0.25,2.2,1.0,4.0,9.0,0.7,indicator
0.10334137099552188,6080.1,4,1548.56,1573.0,S3,qlearning,0,821,0.25,2.2,1.0,4.0,9.0,0.7,indicator
0.11308861698183166,5596.900000000001,4,1523.92,1537.4,S3,qlearning,0,822,0.25,2.2,1.0,4.0,9.0,0.7,indicator
0.08489258489258489,6037.700000000001,0,1586.92,1605.0,S3,qlearning,0,823,0.25,2.2,1.0,4.0,9.0,0.7,indicator
0.1252371916508539,5373.5,0,1408.96,1413.4,S3,qlearning,0,824,0.25,2.2,1.0,4.0,9.0,0.7,indicator
0.13287775246772968,5347.3,0,1526.72,1563.2,S3,qlearning,0,825,0.25,2.2,1.0,4.0,9.0,0.7,indicator
0.12490678598061149,5548.900000000001,5,1737.92,1818.0000000000002,S3,qlearning,0,826,0.25,2.2,1.0,4.0,9.0,0.7,indicator
0.09242801279772485,5844.1,0,1586.0,1613.6000000000001,S3,qlearning,0,827,0.25,2.2,1.0,4.0,9.0,0.7,indicator
0.10901162790697674,5661.900000000001,0,1414.48,1421.6000000000001,S3,qlearning,0,828,0.25,2.2,1.0,4.0,9.0,0.7,indicator
0.1324634242783709,5166.3,1,1442.1200000000001,1462.4,S3,qlearning,0,829,0.25,2.2,1.0,4.0,9.0,0.7,indicator
0.14342774146695716,5592.3,2,1501.4,1515.8000000000002,S3,qlearning,0,830,0.25,2.2,1.0,4.0,9.0,0.7,indicator
0.1436893203883495,5188.5,0,1441.3600000000001,1471.0000000000002,S3,qlearning,0,831,0.25,2.2,1.0,4.0,9.0,0.7,indicator
0.10207939508506617,5482.500000000001,0,1480.0400000000002,1482.8000000000002,S3,qlearning,0,832,0.25,2.2,1.0,4.0,9.0,0.7,indicator
0.11245384357166835,6147.3,1,1708.5200000000002,1726.0000000000002,S3,qlearning,0,833,0.25,2.2,1.0,4.0,9.0,0.7,indicator
0.14444444444444443,5439.5,0,1488.68,1519.8000000000002,S3,qlearning,0,834,0.25,2.2,1.0,4.0,9.0,0.7,indicator
0.11120097048119693,5078.1,0,1300.2800000000002,1301.8000000000002,S3,qlearning,0,835,0.25,2.2,1.0,4.0,9.0,0.7,indicator
0.1119146005509642,6006.3,2,1552.28,1565.2,S3,qlearning,0,836,0.25,2.2,1.0,4.0,9.0,0.7,indicator
0.12108792846497765,5482.3,0,1377.16,1377.4,S3,qlearning,0,837,0.25,2.2,1.0,4.0,9.0,0.7,indicator
0.11723910171730516,6203.1,0,1661.6000000000001,1670.6000000000001,S3,qlearning,0,838,0.25,2.2,1.0,4.0,9.0,0.7,indicator
0.14602587800369685,5457.25,0,1556.9200000000003,1563.0000000000002,S3,qlearning,0,839,0.25,2.2,1.0,4.0,9.0,0.7,indicator
0.1125776397515528,5329.700000000001,1,1440.44,1453.6000000000001,S3,qlearning,0,840,0.25,2.2,1.0,4.0,9.0,0.7,indicator
0.14084507042253522,5488.1,1,1542.28,1636.0,S3,qlearning,0,841,0.25,2.2,1.0,4.0,9.0,0.7,indicator
0.12595419847328243,5340.500000000001,0,1299.0400000000002,1299.8000000000002,S3,qlearning,0,842,0.25,2.2,1.0,4.0,9.0,0.7,indicator
0.133630289532294,5477.3,0,1448.68,1471.8000000000002,S3,qlearning,0,843,0.25,2.2,1.0,4.0,9.0,0.7,indicator
0.09068712940355772,5993.900000000001,2,1585.3600000000001,1602.0000000000002,S3,qlearning,0,844,0.25,2.2,1.0,4.0,9.0,0.7,indicator
0.1101157148189623,5517.3,0,1574.8400000000001,1609.8000000000002,S3,qlearning,0,845,0.25,2.2,1.0,4.0,9.0,0.7,indicator
0.14404033129276198,5596.900000000001,0,1585.1200000000001,1606.8000000000002,S3,qlearning,0,846,0.25,2.2,1.0,4.0,9.0,0.7,indicator
0.10785007072135785,5843.1,0,1721.0,1767.2,S3,qlearning,0,847,0.25,2.2,1.0,4.0,9.0,0.7,indicator
0.1294889502762431,5888.700000000001,0,1596.3200000000002,1612.8000000000002,S3,qlearning,0,848,0.25,2.2,1.0,4.0,9.0,0.7,indicator
0.10612244897959183,5107.5,3,1384.0,1415.4,S3,qlearning,0,849,0.25,2.2,1.0,4.0,9.0,0.7,indicator
0.11918951132300358,5154.900000000001,0,1386.96,1418.0,S3,qlearning,0,850,0.25,2.2,1.0,4.0,9.0,0.7,indicator
0.09660107334525939,5802.5,0,1526.6000000000001,1531.6000000000001,S3,qlearning,0,851,0.25,2.2,1.0,4.0,9.0,0.7,indicator
0.14028934677772906,4669.200000000001,4,1266.1200000000001,1304.6000000000001,S3,qlearning,0,852,0.25,2.2,1.0,4.0,9.0,0.7,indicator
0.13655462184873948,4833.5,0,1358.44,1358.8000000000002,S3,qlearning,0,853,0.25,2.2,1.0,4.0,9.0,0.7,indicator
0.10719476744186046,5697.900000000001,0,1510.2,1517.2,S3,qlearning,0,854,0.25,2.2,1.0,4.0,9.0,0.7,indicator
0.15694239290989662,5422.35,0,1489.6000000000001,1500.2,S3,qlearning,0,855,0.25,2.2,1.0,4.0,9.0,0.7,indicator
0.12302960399846213,5465.700000000001,10,1445.04,1460.0,S3,qlearning,0,856,0.25,2.2,1.0,4.0,9.0,0.7,indicator
0.1396761133603239,5013.5,2,1475.64,1499.0,S3,qlearning,0,857,0.25,2.2,1.0,4.0,9.0,0.7,indicator
0.11183261183261184,5698.900000000001,0,1566.1200000000001,1596.6000000000001,S3,qlearning,0,858,0.25,2.2,1.0,4.0,9.0,0.7,indicator
0.14194994396712737,5415.900000000001,0,1493.6000000000001,1506.4,S3,qlearning,0,859,0.25,2.2,1.0,4.0,9.0,0.7,indicator
0.1621727237202032,5103.3,0,1416.4,1434.0000000000002,S3,qlearning,0,860,0.25,2.2,1.0,4.0,9.0,0.7,indicator
0.11721611721611722,5589.500000000001,0,1522.3200000000002,1532.4,S3,qlearning,0,861,0.25,2.2,1.0,4.0,9.0,0.7,indicator
0.0984251968503937,5804.3,0,1567.9600000000003,1618.0000000000002,S3,qlearning,0,862,0.25,2.2,1.0,4.0,9.0,0.7,indicator
0.11914217633042097,5170.1,1,1295.0400000000002,1301.4,S3,qlearning,0,863,0.25,2.2,1.0,4.0,9.0,0.7,indicator
0.12324611300720516,5393.900000000001,0,1432.5600000000002,1445.6000000000001,S3,qlearning,0,864,0.25,2.2,1.0,4.0,9.0,0.7,indicator
0.14602803738317757,5181.1,0,1323.72,1333.4,S3,qlearning,0,865,0.25,2.2,1.0,4.0,9.0,0.7,indicator
0.09045760908123449,5896.3,1,1685.0,1746.2,S3,qlearning,0,866,0.25,2.2,1.0,4.0,9.0,0.7,indicator
0.13883677298311445,5416.5,2,1656.1200000000001,1726.2000000000003,S3,qlearning,0,867,0.25,2.2,1.0,4.0,9.0,0.7,indicator
0.10857956568173727,5828.3,3,1544.44,1545.6000000000001,S3,qlearning,0,868,0.25,2.2,1.0,4.0,9.0,0.7,indicator
0.11384845091452034,5518.3,0,1418.3200000000002,1443.8000000000002,S3,qlearning,0,869,0.25,2.2,1.0,4.0,9.0,0.7,indicator
0.11279585798816567,5565.3,0,1633.4,1657.6000000000001,S3,qlearning,0,870,0.25,2.2,1.0,4.0,9.0,0.7,indicator
0.12477396021699819,5646.5,0,1487.12,1517.0,S3,qlearning,0,871,0.25,2.2,1.0,4.0,9.0,0.7,indicator
0.12617702448210924,5421.5,0,1439.6000000000001,1464.4,S3,qlearning,0,872,0.25,2.2,1.0,4.0,9.0,0.7,indicator
0.11359404096834265,5528.5,0,1386.4,1400.4,S3,qlearning,0,873,0.25,2.2,1.0,4.0,9.0,0.7,indicator
0.13200723327305605,5653.5,2,1429.72,1440.6000000000001,S3,qlearning,0,874,0.25,2.2,1.0,4.0,9.0,0.7,indicator
0.18214936247723132,4318.700000000001,0,1032.1200000000001,1045.7,S3,qlearning,0,875,0.25,2.2,1.0,4.0,9.0,0.7,indicator
0.1495645588792124,5356.700000000001,3,1385.44,1393.6000000000001,S3,qlearning,0,876,0.25,2.2,1.0,4.0,9.0,0.7,indicator
0.12777777777777777,5540.5,3,1597.68,1620.4,S3,qlearning,0,877,0.25,2.2,1.0,4.0,9.0,0.7,indicator
0.12650352550808794,4905.700000000001,0,1334.0400000000002,1360.8000000000002,S3,qlearning,0,878,0.25,2.2,1.0,4.0,9.0,0.7,indicator
0.12682551883166795,5308.900000000001,1,1473.0,1484.4,S3,qlearning,0,879,0.25,2.2,1.0,4.0,9.0,0.7,indicator
0.11381172839506173,5315.900000000001,0,1490.0400000000002,1535.6000000000001,S3,qlearning,0,880,0.25,2.2,1.0,4.0,9.0,0.7,indicator
0.10784678319077724,5562.3,1,1550.88,1596.2,S3,qlearning,0,881,0.25,2.2,1.0,4.0,9.0,0.7,indicator
0.10317997293640054,6114.700000000001,0,1656.1200000000001,1679.8000000000002,S3,qlearning,0,882,0.25,2.2,1.0,4.0,9.0,0.7,indicator
0.17562420651713923,4724.6,2,1411.8400000000001,1421.4,S3,qlearning,0,883,0.25,2.2,1.0,4.0,9.0,0.7,indicator
0.14501160092807425,5221.700000000001,0,1503.52,1536.0,S3,qlearning,0,884,0.25,2.2,1.0,4.0,9.0,0.7,indicator
0.15221579961464354,5222.5,0,1545.72,1624.4,S3,qlearning,0,885,0.25,2.2,1.0,4.0,9.0,0.7,indicator
0.1382144191258872,5412.900000000001,0,1312.7600000000002,1321.8000000000002,S3,qlearning,0,886,0.25,2.2,1.0,4.0,9.0,0.7,indicator
0.12830793905372895,5090.3,0,1294.4,1314.2,S3,qlearning,0,887,0.25,2.2,1.0,4.0,9.0,0.7,indicator
0.15625,5338.700000000001,2,1523.0800000000002,1549.4,S3,qlearning,0,888,0.25,2.2,1.0,4.0,9.0,0.7,indicator
0.15565031982942432,4701.5,1,1158.92,1160.8000000000002,S3,qlearning,0,889,0.25,2.2,1.0,4.0,9.0,0.7,indicator
0.11611030478955008,5671.700000000001,0,1416.8400000000001,1440.2,S3,qlearning,0,890,0.25,2.2,1.0,4.0,9.0,0.7,indicator
0.10514457378895982,5526.1,2,1557.28,1596.0,S3,qlearning,0,891,0.25,2.2,1.0,4.0,9.0,0.7,indicator
0.15145476285372658,5041.3,0,1263.16,1268.6000000000001,S3,qlearning,0,892,0.25,2.2,1.0,4.0,9.0,0.7,indicator
0.13153087321885276,5635.900000000001,4,1439.7200000000003,1441.8000000000002,S3,qlearning,0,893,0.25,2.2,1.0,4.0,9.0,0.7,indicator
0.1267710663683818,5459.900000000001,0,1344.2400000000002,1350.6000000000001,S3,qlearning,0,894,0.25,2.2,1.0,4.0,9.0,0.7,indicator
0.12582268679829656,5265.1,0,1345.96,1386.6000000000001,S3,qlearning,0,895,0.25,2.2,1.0,4.0,9.0,0.7,indicator
0.15398886827458255,5464.500000000001,3,1396.88,1400.8000000000002,S3,qlearning,0,896,0.25,2.2,1.0,4.0,9.0,0.7,indicator
0.14046039797112758,5202.1,1,1325.56,1350.4,S3,qlearning,0,897,0.25,2.2,1.0,4.0,9.0,0.7,indicator
0.1255539143279173,5576.1,3,1527.68,1545.6000000000001,S3,qlearning,0,898,0.25,2.2,1.0,4.0,9.0,0.7,indicator
0.13311451495258936,5561.900000000001,0,1477.24,1489.4,S3,qlearning,0,899,0.25,2.2,1.0,4.0,9.0,0.7,indicator
0.12929442186922793,5506.900000000001,0,1609.2,1617.2,S3,qlearning,0,900,0.25,2.2,1.0,4.0,9.0,0.7,indicator
0.14733660748016622,5355.650000000001,1,1469.88,1505.8000000000002,S3,qlearning,0,901,0.25,2.2,1.0,4.0,9.0,0.7,indicator
0.12583271650629163,5583.900000000001,4,1474.1200000000001,1475.8000000000002,S3,qlearning,0,902,0.25,2.2,1.0,4.0,9.0,0.7,indicator
0.14585764294049008,5173.700000000001,0,1337.0400000000002,1374.6000000000001,S3,qlearning,0,903,0.25,2.2,1.0,4.0,9.0,0.7,indicator
0.11860637509266123,5557.1,1,1520.2400000000002,1553.2000000000003,S3,qlearning,0,904,0.25,2.2,1.0,4.0,9.0,0.7,indicator
0.1408987052551409,5315.700000000001,0,1358.96,1389.0,S3,qlearning,0,905,0.25,2.2,1.0,4.0,9.0,0.7,indicator
0.1282051282051282,6032.3,0,1724.68,1757.0000000000002,S3,qlearning,0,906,0.25,2.2,1.0,4.0,9.0,0.7,indicator
0.16563944530046226,5162.700000000001,0,1388.64,1417.8000000000002,S3,qlearning,0,907,0.25,2.2,1.0,4.0,9.0,0.7,indicator
0.13105639396346305,5160.1,1,1463.2,1491.0,S3,qlearning,0,908,0.25,2.2,1.0,4.0,9.0,0.7,indicator
0.13386123680241327,5375.900000000001,0,1480.2,1535.6000000000001,S3,qlearning,0,909,0.25,2.2,1.0,4.0,9.0,0.7,indicator
0.14626218851570963,5601.3,1,1524.2800000000002,1575.0000000000002,S3,qlearning,0,910,0.25,2.2,1.0,4.0,9.0,0.7,indicator
0.09761388286334056,5728.700000000001,0,1685.6000000000001,1737.4,S3,qlearning,0,911,0.25,2.2,1.0,4.0,9.0,0.7,indicator
0.12255840674071238,5340.700000000001,1,1536.44,1600.8000000000002,S3,qlearning,0,912,0.25,2.2,1.0,4.0,9.0,0.7,indicator
0.13405362144857944,5083.3,0,1432.68,1478.6000000000001,S3,qlearning,0,913,0.25,2.2,1.0,4.0,9.0,0.7,indicator
0.12263489838822705,5841.3,0,1714.88,1778.6000000000001,S3,qlearning,0,914,0.25,2.2,1.0,4.0,9.0,0.7,indicator
0.12954369682907965,5285.700000000001,2,1379.88,1396.4,S3,qlearning,0,915,0.25,2.2,1.0,4.0,9.0,0.7,indicator
0.113882863340564,5694.700000000001,0,1499.32,1504.0,S3,qlearning,0,916,0.25,2.2,1.0,4.0,9.0,0.7,indicator
0.141287284144427,5169.1,1,1496.1200000000001,1576.8000000000002,S3,qlearning,0,917,0.25,2.2,1.0,4.0,9.0,0.7,indicator
0.16017473607571897,5562.900000000001,5,1668.1200000000001,1703.8000000000002,S3,qlearning,0,918,0.25,2.2,1.0,4.0,9.0,0.7,indicator
0.11351728955640936,5902.1,2,1630.0800000000002,1686.4,S3,qlearning,0,919,0.25,2.2,1.0,4.0,9.0,0.7,indicator
0.12415349887133183,5443.1,0,1534.0800000000002,1559.4,S3,qlearning,0,920,0.25,2.2,1.0,4.0,9.0,0.7,indicator
0.14674606550404085,4755.700000000001,2,1336.6,1360.0,S3,qlearning,0,921,0.25,2.2,1.0,4.0,9.0,0.7,indicator
0.1371841155234657,5618.5,1,1368.4,1372.2,S3,qlearning,0,922,0.25,2.2,1.0,4.0,9.0,0.7,indicator
0.13071895424836602,5607.3,1,1708.08,1798.2,S3,qlearning,0,923,0.25,2.2,1.0,4.0,9.0,0.7,indicator
0.1007423117709438,5961.3,5,1526.68,1545.6000000000001,S3,qlearning,0,924,0.25,2.2,1.0,4.0,9.0,0.7,indicator
0.1124949779027722,5145.3,1,1456.44,1506.0,S3,qlearning,0,925,0.25,2.2,1.0,4.0,9.0,0.7,indicator
0.1394335511982571,4714.5,3,1302.68,1322.0,S3,qlearning,0,926,0.25,2.2,1.0,4.0,9.0,0.7,indicator
0.13177159590043924,5545.900000000001,0,1584.3600000000001,1598.2000000000003,S3,qlearning,0,927,0.25,2.2,1.0,4.0,9.0,0.7,indicator
0.12357063814090742,5529.700000000001,0,1421.8400000000001,1423.2,S3,qlearning,0,928,0.25,2.2,1.0,4.0,9.0,0.7,indicator
0.12531783508899383,5615.1,0,1495.2800000000002,1507.6000000000001,S3,qlearning,0,929,0.25,2.2,1.0,4.0,9.0,0.7,indicator
0.11997046880767812,5567.3,0,1396.0,1422.2,S3,qlearning,0,930,0.25,2.2,1.0,4.0,9.0,0.7,indicator
0.09907755380936112,6084.900000000001,2,1574.0,1574.4,S3,qlearning,0,931,0.25,2.2,1.0,4.0,9.0,0.7,indicator
0.11253395421032208,5303.900000000001,0,1537.44,1569.0000000000002,S3,qlearning,0,932,0.25,2.2,1.0,4.0,9.0,0.7,indicator
0.12731902510003637,5615.3,0,1758.3600000000001,1864.2000000000003,S3,qlearning,0,933,0.25,2.2,1.0,4.0,9.0,0.7,indicator
0.11973875181422351,5649.700000000001,0,1629.08,1711.4,S3,qlearning,0,934,0.25,2.2,1.0,4.0,9.0,0.7,indicator
0.14746227709190673,5866.700000000001,0,1627.64,1664.0000000000002,S3,qlearning,0,935,0.25,2.2,1.0,4.0,9.0,0.7,indicator
0.1283987915407855,5385.1,0,1502.1200000000001,1539.8000000000002,S3,qlearning,0,936,0.25,2.2,1.0,4.0,9.0,0.7,indicator
0.1132404181184669,5891.500000000001,0,1554.0000000000002,1555.2000000000003,S3,qlearning,0,937,0.25,2.2,1.0,4.0,9.0,0.7,indicator
0.1623740201567749,5386.3,2,1503.4400000000003,1504.8000000000002,S3,qlearning,0,938,0.25,2.2,1.0,4.0,9.0,0.7,indicator
0.15308322552824494,4648.3,0,1310.8,1340.0,S3,qlearning,0,939,0.25,2.2,1.0,4.0,9.0,0.7,indicator
0.1534090909090909,5289.5,0,1319.16,1324.8000000000002,S3,qlearning,0,940,0.25,2.2,1.0,4.0,9.0,0.7,indicator
0.15267175572519084,4992.3,0,1403.44,1460.4,S3,qlearning,0,941,0.25,2.2,1.0,4.0,9.0,0.7,indicator
0.11877394636015326,5342.5,0,1521.8,1560.2,S3,qlearning,0,942,0.25,2.2,1.0,4.0,9.0,0.7,indicator
0.13606823720552397,4981.900000000001,0,1419.2400000000002,1425.0000000000002,S3,qlearning,0,943,0.25,2.2,1.0,4.0,9.0,0.7,indicator
0.1111111111111111,5658.5,1,1611.9600000000003,1655.0000000000002,S3,qlearning,0,944,0.25,2.2,1.0,4.0,9.0,0.7,indicator
0.12317834836918806,5881.900000000001,0,1554.08,1556.0,S3,qlearning,0,945,0.25,2.2,1.0,4.0,9.0,0.7,indicator
0.13695987654320987,5258.900000000001,0,1569.64,1602.6000000000001,S3,qlearning,0,946,0.25,2.2,1.0,4.0,9.0,0.7,indicator
0.11181513231457324,5525.1,0,1692.28,1760.4,S3,qlearning,0,947,0.25,2.2,1.0,4.0,9.0,0.7,indicator
0.14777468706536856,5784.700000000001,0,1559.88,1570.8000000000002,S3,qlearning,0,948,0.25,2.2,1.0,4.0,9.0,0.7,indicator
0.12001477104874446,5539.1,0,1507.72,1514.6000000000001,S3,qlearning,0,949,0.25,2.2,1.0,4.0,9.0,0.7,indicator
0.106829454406715,5465.700000000001,1,1578.72,1618.0,S3,qlearning,0,950,0.25,2.2,1.0,4.0,9.0,0.7,indicator
0.10649819494584838,5728.750000000001,0,1532.88,1546.4,S3,qlearning,0,951,0.25,2.2,1.0,4.0,9.0,0.7,indicator
0.12992125984251968,5198.5,3,1386.92,1396.6000000000001,S3,qlearning,0,952,0.25,2.2,1.0,4.0,9.0,0.7,indicator
0.14893617021276595,5192.5,0,1349.72,1352.0,S3,qlearning,0,953,0.25,2.2,1.0,4.0,9.0,0.7,indicator
0.12593467138921685,5183.450000000001,0,1359.75,1373.4,S3,qlearning,0,954,0.25,2.2,1.0,4.0,9.0,0.7,indicator
0.10741510741510742,6025.700000000001,4,1715.68,1759.2,S3,qlearning,0,955,0.25,2.2,1.0,4.0,9.0,0.7,indicator
0.10484454085321765,5743.700000000001,2,1537.64,1575.8000000000002,S3,qlearning,0,956,0.25,2.2,1.0,4.0,9.0,0.7,indicator
0.11029411764705882,5632.500000000001,2,1512.6000000000001,1546.2000000000003,S3,qlearning,0,957,0.25,2.2,1.0,4.0,9.0,0.7,indicator
0.13838964773544213,5655.900000000001,1,1431.1200000000001,1435.8000000000002,S3,qlearning,0,958,0.25,2.2,1.0,4.0,9.0,0.7,indicator
0.10952902519167579,5653.3,0,1542.68,1558.6000000000001,S3,qlearning,0,959,0.25,2.2,1.0,4.0,9.0,0.7,indicator
0.12035010940919037,5629.900000000001,1,1490.76,1505.2,S3,qlearning,0,960,0.25,2.2,1.0,4.0,9.0,0.7,indicator
0.13141932875050547,5042.1,0,1341.3,1407.4,S3,qlearning,0,961,0.25,2.2,1.0,4.0,9.0,0.7,indicator
0.14689265536723164,5368.5,1,1502.3600000000001,1546.0000000000002,S3,qlearning,0,962,0.25,2.2,1.0,4.0,9.0,0.7,indicator
0.13910969793322733,5105.700000000001,1,1535.52,1573.2,S3,qlearning,0,963,0.25,2.2,1.0,4.0,9.0,0.7,indicator
0.16278135048231512,4979.1,0,1327.2400000000002,1333.0000000000002,S3,qlearning,0,964,0.25,2.2,1.0,4.0,9.0,0.7,indicator
0.12445887445887446,5715.900000000001,2,1557.0000000000002,1563.6000000000001,S3,qlearning,0,965,0.25,2.2,1.0,4.0,9.0,0.7,indicator
0.10964148973198747,5933.1,1,1587.92,1636.4,S3,qlearning,0,966,0.25,2.2,1.0,4.0,9.0,0.7,indicator
0.11086474501108648,5560.700000000001,0,1414.2,1416.4,S3,qlearning,0,967,0.25,2.2,1.0,4.0,9.0,0.7,indicator
0.12199630314232902,5532.5,0,1518.24,1546.6000000000001,S3,qlearning,0,968,0.25,2.2,1.0,4.0,9.0,0.7,indicator
0.14801297648012976,5020.700000000001,3,1390.96,1396.2,S3,qlearning,0,969,0.25,2.2,1.0,4.0,9.0,0.7,indicator
0.12863070539419086,4907.5,0,1412.08,1483.2,S3,qlearning,0,970,0.25,2.2,1.0,4.0,9.0,0.7,indicator
0.14836223506743737,5214.5,0,1402.4400000000003,1408.0000000000002,S3,qlearning,0,971,0.25,2.2,1.0,4.0,9.0,0.7,indicator
0.10754467240238252,6235.900000000001,0,1710.24,1734.4,S3,qlearning,0,972,0.25,2.2,1.0,4.0,9.0,0.7,indicator
0.1573161485974223,5288.1,0,1546.0400000000002,1612.8000000000002,S3,qlearning,0,973,0.25,2.2,1.0,4.0,9.0,0.7,indicator
0.11846689895470383,5893.500000000001,0,1497.76,1511.4,S3,qlearning,0,974,0.25,2.2,1.0,4.0,9.0,0.7,indicator
0.10480664980122877,5760.900000000001,2,1553.1200000000001,1597.2,S3,qlearning,0,975,0.25,2.2,1.0,4.0,9.0,0.7,indicator
0.0983416891631315,5499.1,6,1472.1200000000001,1496.2,S3,qlearning,0,976,0.25,2.2,1.0,4.0,9.0,0.7,indicator
0.12330235882773409,5787.1,5,1509.3600000000001,1518.2,S3,qlearning,0,977,0.25,2.2,1.0,4.0,9.0,0.7,indicator
0.1347708894878706,5260.900000000001,0,1513.4,1541.2,S3,qlearning,0,978,0.25,2.2,1.0,4.0,9.0,0.7,indicator
0.17543859649122806,4626.900000000001,0,1418.8,1520.4,S3,qlearning,0,979,0.25,2.2,1.0,4.0,9.0,0.7,indicator
0.1391536408692337,5300.1,0,1398.2000000000003,1408.8000000000002,S3,qlearning,0,980,0.25,2.2,1.0,4.0,9.0,0.7,indicator
0.14801297648012976,4979.700000000001,0,1357.68,1396.0,S3,qlearning,0,981,0.25,2.2,1.0,4.0,9.0,0.7,indicator
0.12976799056232796,5196.1,0,1323.4,1327.8000000000002,S3,qlearning,0,982,0.25,2.2,1.0,4.0,9.0,0.7,indicator
0.12448132780082988,5403.700000000001,0,1514.8400000000001,1578.0000000000002,S3,qlearning,0,983,0.25,2.2,1.0,4.0,9.0,0.7,indicator
0.12929370899266693,5302.700000000001,1,1451.8,1469.0,S3,qlearning,0,984,0.25,2.2,1.0,4.0,9.0,0.7,indicator
0.12589252160841788,5430.450000000001,0,1681.1599999999999,1793.0,S3,qlearning,0,985,0.25,2.2,1.0,4.0,9.0,0.7,indicator
0.12472487160674982,5560.700000000001,0,1496.2800000000002,1514.6000000000001,S3,qlearning,0,986,0.25,2.2,1.0,4.0,9.0,0.7,indicator
0.13215061549601737,5626.900000000001,1,1494.0800000000002,1496.8000000000002,S3,qlearning,0,987,0.25,2.2,1.0,4.0,9.0,0.7,indicator
0.11327433628318584,5837.5,3,1578.4,1597.2,S3,qlearning,0,988,0.25,2.2,1.0,4.0,9.0,0.7,indicator
0.09313556398758192,6041.3,0,1561.2,1582.4,S3,qlearning,0,989,0.25,2.2,1.0,4.0,9.0,0.7,indicator
0.10261194029850747,5533.5,0,1400.68,1426.8000000000002,S3,qlearning,0,990,0.25,2.2,1.0,4.0,9.0,0.7,indicator
0.13879128601546029,5754.700000000001,0,1570.2,1614.4,S3,qlearning,0,991,0.25,2.2,1.0,4.0,9.0,0.7,indicator
0.11307420494699646,5880.5,4,1645.5200000000002,1681.2000000000003,S3,qlearning,0,992,0.25,2.2,1.0,4.0,9.0,0.7,indicator
0.12978986402966625,4933.900000000001,0,1398.3200000000002,1415.8000000000002,S3,qlearning,0,993,0.25,2.2,1.0,4.0,9.0,0.7,indicator
0.14734774066797643,5139.5,1,1337.88,1351.0,S3,qlearning,0,994,0.25,2.2,1.0,4.0,9.0,0.7,indicator
0.11815453863465866,5454.700000000001,0,1349.1200000000001,1362.8000000000002,S3,qlearning,0,995,0.25,2.2,1.0,4.0,9.0,0.7,indicator
0.14356814701378254,5288.900000000001,0,1433.4,1454.4,S3,qlearning,0,996,0.25,2.2,1.0,4.0,9.0,0.7,indicator
0.12129860863360685,5746.1,0,1488.52,1513.4,S3,qlearning,0,997,0.25,2.2,1.0,4.0,9.0,0.7,indicator
0.13045098770033545,5458.1,0,1555.16,1561.2,S3,qlearning,0,998,0.25,2.2,1.0,4.0,9.0,0.7,indicator
0.11175337186897881,5427.500000000001,7,1606.3200000000002,1642.8000000000002,S3,qlearning,0,999,0.25,2.2,1.0,4.0,9.0,0.7,indicator
0.1693548387096774,4937.5,1,1489.8000000000002,1587.8000000000002,S3,qlearning,1,0,0.25,2.2,1.0,4.0,9.0,0.7,indicator
0.11504747991234478,5623.1,0,1527.0000000000002,1551.2000000000003,S3,qlearning,1,1,0.25,2.2,1.0,4.0,9.0,0.7,indicator
0.11010617381046009,5261.1,0,1358.6000000000001,1374.6000000000001,S3,qlearning,1,2,0.25,2.2,1.0,4.0,9.0,0.7,indicator
0.12472487160674982,5623.700000000001,4,1488.3600000000001,1489.4,S3,qlearning,1,3,0.25,2.2,1.0,4.0,9.0,0.7,indicator
0.14905149051490515,5208.1,0,1398.0800000000002,1418.6000000000001,S3,qlearning,1,4,0.25,2.2,1.0,4.0,9.0,0.7,indicator
0.14028776978417265,5663.5,1,1540.68,1593.8000000000002,S3,qlearning,1,5,0.25,2.2,1.0,4.0,9.0,0.7,indicator
0.11504120879120878,5994.900000000001,1,1602.68,1612.8000000000002,S3,qlearning,1,6,0.25,2.2,1.0,4.0,9.0,0.7,indicator
0.09963768115942029,5709.5,0,1530.48,1543.4,S3,qlearning,1,7,0.25,2.2,1.0,4.0,9.0,0.7,indicator
0.14869888475836432,4896.700000000001,2,1350.2,1358.4,S3,qlearning,1,8,0.25,2.2,1.0,4.0,9.0,0.7,indicator
0.1199400299850075,5473.1,0,1584.44,1640.2,S3,qlearning,1,9,0.25,2.2,1.0,4.0,9.0,0.7,indicator
0.11886204208885424,5298.700000000001,4,1538.92,1569.0000000000002,S3,qlearning,1,10,0.25,2.2,1.0,4.0,9.0,0.7,indicator
0.1420345489443378,5301.5,2,1407.0800000000002,1416.2,S3,qlearning,1,11,0.25,2.2,1.0,4.0,9.0,0.7,indicator
0.14274385408406026,5103.900000000001,0,1318.72,1332.2,S3,qlearning,1,12,0.25,2.2,1.0,4.0,9.0,0.7,indicator
0.10692279811525915,5713.3,0,1526.72,1546.6000000000001,S3,qlearning,1,13,0.25,2.2,1.0,4.0,9.0,0.7,indicator
0.11418685121107267,5929.500000000001,0,1528.96,1545.2,S3,qlearning,1,14,0.25,2.2,1.0,4.0,9.0,0.7,indicator
0.1261513816579896,5102.900000000001,0,1370.0400000000002,1382.4,S3,qlearning,1,15,0.25,2.2,1.0,4.0,9.0,0.7,indicator
0.1445643793369314,5254.3,2,1494.4,1496.6000000000001,S3,qlearning,1,16,0.25,2.2,1.0,4.0,9.0,0.7,indicator
0.12785741960480435,5254.700000000001,0,1390.44,1419.6000000000001,S3,qlearning,1,17,0.25,2.2,1.0,4.0,9.0,0.7,indicator
0.17168291649003814,4681.3,0,1256.88,1292.2,S3,qlearning,1,18,0.25,2.2,1.0,4.0,9.0,0.7,indicator
0.12155881301394351,5770.900000000001,3,1559.0400000000002,1560.6000000000001,S3,qlearning,1,19,0.25,2.2,1.0,4.0,9.0,0.7,indicator
0.10545454545454545,5739.5,3,1528.72,1542.2,S3,qlearning,1,20,0.25,2.2,1.0,4.0,9.0,0.7,indicator
0.12284561789512284,5584.900000000001,0,1561.9600000000003,1590.0000000000002,S3,qlearning,1,21,0.25,2.2,1.0,4.0,9.0,0.7,indicator
0.13322231473771856,4935.900000000001,3,1369.8,1403.2,S3,qlearning,1,22,0.25,2.2,1.0,4.0,9.0,0.7,indicator
0.10596962204168138,5869.700000000001,2,1653.64,1666.0,S3,qlearning,1,23,0.25,2.2,1.0,4.0,9.0,0.7,indicator
0.10424422933730454,5581.700000000001,2,1475.1200000000001,1483.4,S3,qlearning,1,24,0.25,2.2,1.0,4.0,9.0,0.7,indicator
0.14688368400158794,5100.05,0,1396.4,1410.4,S3,qlearning,1,25,0.25,2.2,1.0,4.0,9.0,0.7,indicator
0.14024152707440593,5182.900000000001,0,1539.8400000000001,1542.4,S3,qlearning,1,26,0.25,2.2,1.0,4.0,9.0,0.7,indicator
0.11075949367088607,5851.3,0,1755.2,1802.0000000000002,S3,qlearning,1,27,0.25,2.2,1.0,4.0,9.0,0.7,indicator
0.13254486133768353,4976.900000000001,0,1422.0400000000002,1424.6000000000001,S3,qlearning,1,28,0.25,2.2,1.0,4.0,9.0,0.7,indicator
0.11254612546125461,5593.5,0,1570.16,1637.0,S3,qlearning,1,29,0.25,2.2,1.0,4.0,9.0,0.7,indicator
0.14650481372959398,4823.3,0,1235.4,1247.4,S3,qlearning,1,30,0.25,2.2,1.0,4.0,9.0,0.7,indicator
0.12446657183499289,5750.900000000001,1,1638.88,1708.4,S3,qlearning,1,31,0.25,2.2,1.0,4.0,9.0,0.7,indicator
0.15265736901620808,5327.1,0,1500.48,1514.0,S3,qlearning,1,32,0.25,2.2,1.0,4.0,9.0,0.7,indicator
0.1042830540037244,5558.5,0,1387.16,1407.4,S3,qlearning,1,33,0.25,2.2,1.0,4.0,9.0,0.7,indicator
0.13429752066115702,4931.5,2,1458.88,1492.4,S3,qlearning,1,34,0.25,2.2,1.0,4.0,9.0,0.7,indicator
0.13038324772817067,5149.700000000001,0,1410.92,1443.0,S3,qlearning,1,35,0.25,2.2,1.0,4.0,9.0,0.7,indicator
0.09900990099009901,5858.1,0,1588.32,1635.0,S3,qlearning,1,36,0.25,2.2,1.0,4.0,9.0,0.7,indicator
0.13269443420567636,5514.1,0,1366.3200000000002,1388.6000000000001,S3,qlearning,1,37,0.25,2.2,1.0,4.0,9.0,0.7,indicator
0.1504950495049505,5099.75,1,1412.05,1475.0,S3,qlearning,1,38,0.25,2.2,1.0,4.0,9.0,0.7,indicator
0.1348396501457726,5560.3,0,1595.2,1626.4,S3,qlearning,1,39,0.25,2.2,1.0,4.0,9.0,0.7,indicator
0.11313056379821959,5608.700000000001,3,1461.28,1479.0,S3,qlearning,1,40,0.25,2.2,1.0,4.0,9.0,0.7,indicator
0.1441932969602494,5183.700000000001,0,1396.96,1422.4,S3,qlearning,1,41,0.25,2.2,1.0,4.0,9.0,0.7,indicator
0.11601369341955116,5434.3,3,1574.88,1587.6000000000001,S3,qlearning,1,42,0.25,2.2,1.0,4.0,9.0,0.7,indicator
0.14607532558958114,5764.700000000001,2,1716.72,1818.0,S3,qlearning,1,43,0.25,2.2,1.0,4.0,9.0,0.7,indicator
0.09307135470527404,6025.700000000001,0,1583.16,1624.2,S3,qlearning,1,44,0.25,2.2,1.0,4.0,9.0,0.7,indicator
0.09566787003610108,5758.5,0,1613.8799999999999,1679.0,S3,qlearning,1,45,0.25,2.2,1.0,4.0,9.0,0.7,indicator
0.1220865704772475,5537.1,1,1570.5600000000002,1574.8000000000002,S3,qlearning,1,46,0.25,2.2,1.0,4.0,9.0,0.7,indicator
0.11521652761223679,5156.900000000001,0,1408.8400000000001,1417.8000000000002,S3,qlearning,1,47,0.25,2.2,1.0,4.0,9.0,0.7,indicator
0.14302059496567507,5285.900000000001,0,1375.0000000000002,1390.6000000000001,S3,qlearning,1,48,0.25,2.2,1.0,4.0,9.0,0.7,indicator
0.1341991341991342,4692.5,0,1432.48,1461.8000000000002,S3,qlearning,1,49,0.25,2.2,1.0,4.0,9.0,0.7,indicator
0.1348747591522158,5256.5,0,1324.92,1336.8000000000002,S3,qlearning,1,50,0.25,2.2,1.0,4.0,9.0,0.7,indicator
0.14298093587521662,4679.1,0,1209.98,1243.8000000000002,S3,qlearning,1,51,0.25,2.2,1.0,4.0,9.0,0.7,indicator
0.11929107021131562,6017.3,0,1540.44,1561.4,S3,qlearning,1,52,0.25,2.2,1.0,4.0,9.0,0.7,indicator
0.13107170393215112,5296.3,0,1393.5200000000002,1417.8000000000002,S3,qlearning,1,53,0.25,2.2,1.0,4.0,9.0,0.7,indicator
0.13053348467650397,5383.1,0,1530.4,1555.6000000000001,S3,qlearning,1,54,0.25,2.2,1.0,4.0,9.0,0.7,indicator
0.13503909026297087,5715.3,1,1582.2800000000002,1601.8000000000002,S3,qlearning,1,55,0.25,2.2,1.0,4.0,9.0,0.7,indicator
0.15359741309620048,4999.3,2,1363.92,1376.4,S3,qlearning,1,56,0.25,2.2,1.0,4.0,9.0,0.7,indicator
0.1506740681998414,5068.650000000001,0,1365.5600000000002,1367.5500000000002,S3,qlearning,1,57,0.25,2.2,1.0,4.0,9.0,0.7,indicator
0.1269956458635704,5614.950000000001,0,1628.24,1677.8000000000002,S3,qlearning,1,58,0.25,2.2,1.0,4.0,9.0,0.7,indicator
0.13394565633371602,5296.1,0,1485.16,1494.8000000000002,S3,qlearning,1,59,0.25,2.2,1.0,4.0,9.0,0.7,indicator
0.1280120481927711,5480.700000000001,6,1530.8000000000002,1553.8000000000002,S3,qlearning,1,60,0.25,2.2,1.0,4.0,9.0,0.7,indicator
0.14813389765294344,5265.3,2,1446.88,1472.6000000000001,S3,qlearning,1,61,0.25,2.2,1.0,4.0,9.0,0.7,indicator
0.12584898122253296,5111.1,0,1326.0800000000002,1329.8000000000002,S3,qlearning,1,62,0.25,2.2,1.0,4.0,9.0,0.7,indicator
0.14492753623188406,5283.900000000001,0,1493.9600000000003,1512.8000000000002,S3,qlearning,1,63,0.25,2.2,1.0,4.0,9.0,0.7,indicator
0.1658010387534958,4976.1,0,1281.64,1293.4,S3,qlearning,1,64,0.25,2.2,1.0,4.0,9.0,0.7,indicator
0.1012829169480081,6166.900000000001,1,1575.3200000000002,1595.2000000000003,S3,qlearning,1,65,0.25,2.2,1.0,4.0,9.0,0.7,indicator
0.12176265945110167,5293.900000000001,1,1497.4800000000002,1525.2000000000003,S3,qlearning,1,66,0.25,2.2,1.0,4.0,9.0,0.7,indicator
0.11691633175009133,5634.900000000001,2,1380.6000000000001,1387.2,S3,qlearning,1,67,0.25,2.2,1.0,4.0,9.0,0.7,indicator
0.14534883720930233,5208.5,0,1467.28,1520.4,S3,qlearning,1,68,0.25,2.2,1.0,4.0,9.0,0.7,indicator
0.1262433052792655,5354.3,1,1388.64,1400.0,S3,qlearning,1,69,0.25,2.2,1.0,4.0,9.0,0.7,indicator
0.12363636363636364,5609.5,0,1504.24,1517.0,S3,qlearning,1,70,0.25,2.2,1.0,4.0,9.0,0.7,indicator
0.14716840536512668,5456.3,3,1426.3200000000002,1451.8000000000002,S3,qlearning,1,71,0.25,2.2,1.0,4.0,9.0,0.7,indicator
0.11623931623931624,6007.500000000001,1,1594.44,1638.4,S3,qlearning,1,72,0.25,2.2,1.0,4.0,9.0,0.7,indicator
0.12338858195211787,5538.5,0,1535.3600000000001,1546.0,S3,qlearning,1,73,0.25,2.2,1.0,4.0,9.0,0.7,indicator
0.12048192771084337,5436.700000000001,0,1533.8400000000001,1570.8000000000002,S3,qlearning,1,74,0.25,2.2,1.0,4.0,9.0,0.7,indicator
0.1143265451947124,5761.3,0,1578.68,1604.0,S3,qlearning,1,75,0.25,2.2,1.0,4.0,9.0,0.7,indicator
0.11190053285968028,5787.5,0,1741.92,1819.4,S3,qlearning,1,76,0.25,2.2,1.0,4.0,9.0,0.7,indicator
0.14958863126402394,5390.3,0,1572.48,1579.4,S3,qlearning,1,77,0.25,2.2,1.0,4.0,9.0,0.7,indicator
0.12321909896033885,5341.400000000001,3,1432.96,1488.2,S3,qlearning,1,78,0.25,2.2,1.0,4.0,9.0,0.7,indicator
0.1787819253438114,5020.5,0,1343.48,1352.2,S3,qlearning,1,79,0.25,2.2,1.0,4.0,9.0,0.7,indicator
0.12504665920119448,5459.3,0,1465.44,1489.8000000000002,S3,qlearning,1,80,0.25,2.2,1.0,4.0,9.0,0.7,indicator
0.14992503748125938,5377.1,0,1491.16,1536.2,S3,qlearning,1,81,0.25,2.2,1.0,4.0,9.0,0.7,indicator
0.13630975898854208,5146.700000000001,0,1342.0400000000002,1358.0000000000002,S3,qlearning,1,82,0.25,2.2,1.0,4.0,9.0,0.7,indicator
0.1091703056768559,5688.1,0,1691.0,1728.6000000000001,S3,qlearning,1,83,0.25,2.2,1.0,4.0,9.0,0.7,indicator
0.1423076923076923,5260.5,1,1452.68,1488.8000000000002,S3,qlearning,1,84,0.25,2.2,1.0,4.0,9.0,0.7,indicator
0.14805097451274363,5384.1,1,1471.76,1510.6000000000001,S3,qlearning,1,85,0.25,2.2,1.0,4.0,9.0,0.7,indicator
0.14084507042253522,5591.3,0,1461.64,1469.4,S3,qlearning,1,86,0.25,2.2,1.0,4.0,9.0,0.7,indicator
0.14811849479583666,5019.1,0,1230.0400000000002,1232.8000000000002,S3,qlearning,1,87,0.25,2.2,1.0,4.0,9.0,0.7,indicator
0.1286231884057971,5633.5,0,1491.68,1491.8000000000002,S3,qlearning,1,88,0.25,2.2,1.0,4.0,9.0,0.7,indicator
0.133499466002136,5742.3,2,1529.48,1568.4,S3,qlearning,1,89,0.25,2.2,1.0,4.0,9.0,0.7,indicator
0.1498847040737894,5257.900000000001,2,1459.92,1484.4,S3,qlearning,1,90,0.25,2.2,1.0,4.0,9.0,0.7,indicator
0.13085145595281975,5510.1,0,1504.24,1525.4,S3,qlearning,1,91,0.25,2.2,1.0,4.0,9.0,0.7,indicator
0.1377245508982036,5069.5,0,1332.72,1342.6000000000001,S3,qlearning,1,92,0.25,2.2,1.0,4.0,9.0,0.7,indicator
0.1591187270501836,4937.700000000001,2,1346.8400000000001,1373.8000000000002,S3,qlearning,1,93,0.25,2.2,1.0,4.0,9.0,0.7,indicator
0.1478494623655914,5256.3,0,1509.48,1538.0,S3,qlearning,1,94,0.25,2.2,1.0,4.0,9.0,0.7,indicator
0.12790697674418605,5249.5,0,1286.76,1293.2,S3,qlearning,1,95,0.25,2.2,1.0,4.0,9.0,0.7,indicator
0.10950413223140495,4991.75,1,1481.0,1513.6000000000001,S3,qlearning,1,96,0.25,2.2,1.0,4.0,9.0,0.7,indicator
0.1409289400555776,5083.3,0,1282.0800000000002,1303.2,S3,qlearning,1,97,0.25,2.2,1.0,4.0,9.0,0.7,indicator
0.11867704280155641,5270.5,0,1379.72,1392.0,S3,qlearning,1,98,0.25,2.2,1.0,4.0,9.0,0.7,indicator
0.1238390092879257,5268.3,0,1465.8400000000001,1479.2,S3,qlearning,1,99,0.25,2.2,1.0,4.0,9.0,0.7,indicator
0.1298219584569733,5501.700000000001,1,1528.96,1536.2,S3,qlearning,1,100,0.25,2.2,1.0,4.0,9.0,0.7,indicator
0.12638835695135964,5374.700000000001,3,1462.4,1472.8000000000002,S3,qlearning,1,101,0.25,2.2,1.0,4.0,9.0,0.7,indicator
0.11576626240352811,5575.700000000001,0,1426.88,1431.0,S3,qlearning,1,102,0.25,2.2,1.0,4.0,9.0,0.7,indicator
0.1464009760065067,4948.8,0,1405.46,1477.4,S3,qlearning,1,103,0.25,2.2,1.0,4.0,9.0,0.7,indicator
0.1455923414439569,5057.900000000001,1,1481.48,1492.6000000000001,S3,qlearning,1,104,0.25,2.2,1.0,4.0,9.0,0.7,indicator
0.126232741617357,5227.5,3,1425.32,1472.4,S3,qlearning,1,105,0.25,2.2,1.0,4.0,9.0,0.7,indicator
0.1272264631043257,4810.1,0,1208.0800000000002,1213.2,S3,qlearning,1,106,0.25,2.2,1.0,4.0,9.0,0.7,indicator
0.1690427698574338,4871.25,0,1323.68,1334.4,S3,qlearning,1,107,0.25,2.2,1.0,4.0,9.0,0.7,indicator
0.13861386138613863,5117.5,0,1439.68,1480.8000000000002,S3,qlearning,1,108,0.25,2.2,1.0,4.0,9.0,0.7,indicator
0.13277843836702338,5172.1,4,1428.48,1452.4,S3,qlearning,1,109,0.25,2.2,1.0,4.0,9.0,0.7,indicator
0.1184402332361516,5634.3,0,1565.04,1612.4,S3,qlearning,1,110,0.25,2.2,1.0,4.0,9.0,0.7,indicator
0.11951480556546558,5827.1,7,1552.2800000000002,1581.8000000000002,S3,qlearning,1,111,0.25,2.2,1.0,4.0,9.0,0.7,indicator
0.12062521236833164,6079.1,3,1664.4,1709.2,S3,qlearning,1,112,0.25,2.2,1.0,4.0,9.0,0.7,indicator
0.1200154858691444,5282.1,0,1435.0000000000002,1436.6000000000001,S3,qlearning,1,113,0.25,2.2,1.0,4.0,9.0,0.7,indicator
0.14018691588785046,5019.700000000001,3,1421.1200000000001,1454.8000000000002,S3,qlearning,1,114,0.25,2.2,1.0,4.0,9.0,0.7,indicator
0.15088013411567477,4784.700000000001,0,1431.92,1493.4,S3,qlearning,1,115,0.25,2.2,1.0,4.0,9.0,0.7,indicator
0.11674718196457327,5128.3,2,1584.64,1625.6000000000001,S3,qlearning,1,116,0.25,2.2,1.0,4.0,9.0,0.7,indicator
0.13951734539969834,5398.900000000001,2,1592.16,1619.0,S3,qlearning,1,117,0.25,2.2,1.0,4.0,9.0,0.7,indicator
0.13894482480869916,5026.1,0,1418.1200000000001,1507.6000000000001,S3,qlearning,1,118,0.25,2.2,1.0,4.0,9.0,0.7,indicator
0.09504950495049505,5234.5,0,1400.08,1454.2,S3,qlearning,1,119,0.25,2.2,1.0,4.0,9.0,0.7,indicator
0.11983775811209439,5558.900000000001,0,1568.44,1589.0,S3,qlearning,1,120,0.25,2.2,1.0,4.0,9.0,0.7,indicator
0.1352493660185968,4801.700000000001,1,1293.28,1298.2,S3,qlearning,1,121,0.25,2.2,1.0,4.0,9.0,0.7,indicator
0.11007911936704506,5978.900000000001,0,1805.44,1876.6000000000001,S3,qlearning,1,122,0.25,2.2,1.0,4.0,9.0,0.7,indicator
0.14964459408903855,5415.1,3,1395.8000000000002,1400.6000000000001,S3,qlearning,1,123,0.25,2.2,1.0,4.0,9.0,0.7,indicator
0.14154552410099464,5274.3,0,1360.48,1373.4,S3,qlearning,1,124,0.25,2.2,1.0,4.0,9.0,0.7,indicator
0.12653516933382955,5490.900000000001,0,1501.92,1534.0,S3,qlearning,1,125,0.25,2.2,1.0,4.0,9.0,0.7,indicator
0.11214230471771075,5329.700000000001,1,1472.84,1520.2,S3,qlearning,1,126,0.25,2.2,1.0,4.0,9.0,0.7,indicator
0.1417004048582996,4996.5,0,1302.44,1324.4,S3,qlearning,1,127,0.25,2.2,1.0,4.0,9.0,0.7,indicator
0.113882863340564,5674.700000000001,0,1552.96,1566.6000000000001,S3,qlearning,1,128,0.25,2.2,1.0,4.0,9.0,0.7,indicator
0.09948415622697127,5671.3,4,1545.3600000000001,1571.2,S3,qlearning,1,129,0.25,2.2,1.0,4.0,9.0,0.7,indicator
0.1249519415609381,5319.700000000001,0,1299.24,1306.4,S3,qlearning,1,130,0.25,2.2,1.0,4.0,9.0,0.7,indicator
0.12129860863360685,5794.1,2,1460.64,1464.4,S3,qlearning,1,131,0.25,2.2,1.0,4.0,9.0,0.7,indicator
0.13375295043273014,5201.900000000001,2,1374.5600000000002,1383.6000000000001,S3,qlearning,1,132,0.25,2.2,1.0,4.0,9.0,0.7,indicator
0.09585758301951386,6106.700000000001,3,1714.5600000000002,1734.4,S3,qlearning,1,133,0.25,2.2,1.0,4.0,9.0,0.7,indicator
0.11290322580645161,5737.5,0,1590.76,1633.6000000000001,S3,qlearning,1,134,0.25,2.2,1.0,4.0,9.0,0.7,indicator
0.13929618768328444,5552.1,2,1516.6000000000001,1538.6000000000001,S3,qlearning,1,135,0.25,2.2,1.0,4.0,9.0,0.7,indicator
0.11425648021828104,6043.900000000001,1,1739.68,1794.2,S3,qlearning,1,136,0.25,2.2,1.0,4.0,9.0,0.7,indicator
0.11678832116788321,5616.5,0,1441.64,1443.6000000000001,S3,qlearning,1,137,0.25,2.2,1.0,4.0,9.0,0.7,indicator
0.12671976828385229,5652.900000000001,0,1489.0800000000002,1490.6000000000001,S3,qlearning,1,138,0.25,2.2,1.0,4.0,9.0,0.7,indicator
0.11735282801077337,5319.3,0,1488.2,1519.4,S3,qlearning,1,139,0.25,2.2,1.0,4.0,9.0,0.7,indicator
0.11072056239015818,5848.5,0,1489.6000000000001,1493.2,S3,qlearning,1,140,0.25,2.2,1.0,4.0,9.0,0.7,indicator
0.11475409836065574,5681.5,3,1573.88,1624.6000000000001,S3,qlearning,1,141,0.25,2.2,1.0,4.0,9.0,0.7,indicator
0.1466615206483983,5232.950000000001,0,1363.48,1387.1000000000001,S3,qlearning,1,142,0.25,2.2,1.0,4.0,9.0,0.7,indicator
0.11437908496732026,5668.3,0,1525.6000000000001,1536.2,S3,qlearning,1,143,0.25,2.2,1.0,4.0,9.0,0.7,indicator
0.15631343889565572,4944.1,0,1411.0400000000002,1445.0000000000002,S3,qlearning,1,144,0.25,2.2,1.0,4.0,9.0,0.7,indicator
0.1363803907113896,5535.1,3,1531.52,1555.0,S3,qlearning,1,145,0.25,2.2,1.0,4.0,9.0,0.7,indicator
0.13289676425269645,5277.700000000001,1,1565.72,1584.4,S3,qlearning,1,146,0.25,2.2,1.0,4.0,9.0,0.7,indicator
0.162426614481409,5090.5,0,1556.6,1579.0,S3,qlearning,1,147,0.25,2.2,1.0,4.0,9.0,0.7,indicator
0.12256669069935111,5695.55,2,1505.52,1531.2,S3,qlearning,1,148,0.25,2.2,1.0,4.0,9.0,0.7,indicator
0.12007168458781362,5703.5,0,1637.88,1642.0000000000002,S3,qlearning,1,149,0.25,2.2,1.0,4.0,9.0,0.7,indicator
0.10464231354642313,5428.1,0,1595.08,1682.4,S3,qlearning,1,150,0.25,2.2,1.0,4.0,9.0,0.7,indicator
0.1335725677830941,5103.1,0,1382.52,1386.0,S3,qlearning,1,151,0.25,2.2,1.0,4.0,9.0,0.7,indicator
0.1468904998092331,5313.700000000001,1,1432.72,1450.2,S3,qlearning,1,152,0.25,2.2,1.0,4.0,9.0,0.7,indicator
0.12014787430683918,5569.5,1,1591.48,1648.4,S3,qlearning,1,153,0.25,2.2,1.0,4.0,9.0,0.7,indicator
0.15151515151515152,5585.400000000001,0,1614.7200000000003,1633.2000000000003,S3,qlearning,1,154,0.25,2.2,1.0,4.0,9.0,0.7,indicator
0.13053536021150033,6165.700000000001,0,1681.88,1730.2000000000003,S3,qlearning,1,155,0.25,2.2,1.0,4.0,9.0,0.7,indicator
0.13256897169473308,5683.700000000001,0,1636.0800000000002,1659.4,S3,qlearning,1,156,0.25,2.2,1.0,4.0,9.0,0.7,indicator
0.10230179028132992,5696.900000000001,3,1582.6000000000001,1611.6000000000001,S3,qlearning,1,157,0.25,2.2,1.0,4.0,9.0,0.7,indicator
0.10211659858893428,5603.1,2,1717.04,1826.8000000000002,S3,qlearning,1,158,0.25,2.2,1.0,4.0,9.0,0.7,indicator
0.13473606496862311,5494.3,0,1504.2,1546.6000000000001,S3,qlearning,1,159,0.25,2.2,1.0,4.0,9.0,0.7,indicator
0.11327988846287905,5925.3,2,1661.2,1724.2,S3,qlearning,1,160,0.25,2.2,1.0,4.0,9.0,0.7,indicator
0.1344286781179985,5475.1,2,1604.76,1660.6000000000001,S3,qlearning,1,161,0.25,2.2,1.0,4.0,9.0,0.7,indicator
0.12514220705346984,5389.900000000001,1,1469.56,1523.4,S3,qlearning,1,162,0.25,2.2,1.0,4.0,9.0,0.7,indicator
0.1040863531225906,5373.3,1,1487.92,1503.8000000000002,S3,qlearning,1,163,0.25,2.2,1.0,4.0,9.0,0.7,indicator
0.12660693416439422,5224.900000000001,0,1381.6000000000001,1387.2,S3,qlearning,1,164,0.25,2.2,1.0,4.0,9.0,0.7,indicator
0.13736263736263737,5540.5,1,1511.5200000000002,1533.6000000000001,S3,qlearning,1,165,0.25,2.2,1.0,4.0,9.0,0.7,indicator
0.11219147344801796,5495.3,0,1619.08,1679.0,S3,qlearning,1,166,0.25,2.2,1.0,4.0,9.0,0.7,indicator
0.12633241215949467,5193.1,1,1370.48,1385.4,S3,qlearning,1,167,0.25,2.2,1.0,4.0,9.0,0.7,indicator
0.09856331440026729,6202.1,0,1762.5600000000002,1815.4000000000003,S3,qlearning,1,168,0.25,2.2,1.0,4.0,9.0,0.7,indicator
0.11332417582417582,5997.900000000001,0,1605.0000000000002,1624.8000000000002,S3,qlearning,1,169,0.25,2.2,1.0,4.0,9.0,0.7,indicator
0.14154870940882597,4869.900000000001,2,1279.24,1284.0,S3,qlearning,1,170,0.25,2.2,1.0,4.0,9.0,0.7,indicator
0.1394647568790049,5446.1,6,1621.5600000000002,1670.6000000000001,S3,qlearning,1,171,0.25,2.2,1.0,4.0,9.0,0.7,indicator
0.1475343573160873,4977.3,0,1539.0800000000002,1629.8000000000002,S3,qlearning,1,172,0.25,2.2,1.0,4.0,9.0,0.7,indicator
0.10923535253227408,6290.700000000001,3,1567.2,1573.6000000000001,S3,qlearning,1,173,0.25,2.2,1.0,4.0,9.0,0.7,indicator
0.16775777414075285,4883.3,2,1301.26,1348.6000000000001,S3,qlearning,1,174,0.25,2.2,1.0,4.0,9.0,0.7,indicator
0.1410060975609756,5316.3,0,1386.7600000000002,1403.8000000000002,S3,qlearning,1,175,0.25,2.2,1.0,4.0,9.0,0.7,indicator
0.16935801496652225,5051.3,0,1510.8,1570.2,S3,qlearning,1,176,0.25,2.2,1.0,4.0,9.0,0.7,indicator
0.11570561456752655,5410.700000000001,0,1488.4,1490.2,S3,qlearning,1,177,0.25,2.2,1.0,4.0,9.0,0.7,indicator
0.11977186311787072,5420.5,2,1492.64,1530.4,S3,qlearning,1,178,0.25,2.2,1.0,4.0,9.0,0.7,indicator
0.13107170393215112,5266.3,0,1533.4,1585.2,S3,qlearning,1,179,0.25,2.2,1.0,4.0,9.0,0.7,indicator
0.1571201272871917,5024.3,0,1332.96,1338.2,S3,qlearning,1,180,0.25,2.2,1.0,4.0,9.0,0.7,indicator
0.12606599925843529,5507.900000000001,0,1366.0800000000002,1371.2,S3,qlearning,1,181,0.25,2.2,1.0,4.0,9.0,0.7,indicator
0.13187641296156744,5386.8,0,1673.18,1756.2,S3,qlearning,1,182,0.25,2.2,1.0,4.0,9.0,0.7,indicator
0.11924009700889249,5098.8,2,1355.68,1384.4,S3,qlearning,1,183,0.25,2.2,1.0,4.0,9.0,0.7,indicator
0.11478260869565217,5900.500000000001,0,1609.2000000000003,1617.0000000000002,S3,qlearning,1,184,0.25,2.2,1.0,4.0,9.0,0.7,indicator
0.1251987281399046,5149.700000000001,0,1402.3600000000001,1410.0000000000002,S3,qlearning,1,185,0.25,2.2,1.0,4.0,9.0,0.7,indicator
0.1348364279398762,4588.150000000001,0,1576.4,1723.8000000000002,S3,qlearning,1,186,0.25,2.2,1.0,4.0,9.0,0.7,indicator
0.11475988700564972,5860.900000000001,3,1559.08,1598.2,S3,qlearning,1,187,0.25,2.2,1.0,4.0,9.0,0.7,indicator
0.1411042944785276,4993.5,2,1378.64,1410.6000000000001,S3,qlearning,1,188,0.25,2.2,1.0,4.0,9.0,0.7,indicator
0.1199400299850075,5467.1,0,1463.2,1464.2,S3,qlearning,1,189,0.25,2.2,1.0,4.0,9.0,0.7,indicator
0.1298219584569733,5500.700000000001,1,1429.88,1436.0,S3,qlearning,1,190,0.25,2.2,1.0,4.0,9.0,0.7,indicator
0.12898330804248861,5420.700000000001,3,1353.6000000000001,1367.2,S3,qlearning,1,191,0.25,2.2,1.0,4.0,9.0,0.7,indicator
0.07777393708952644,6062.1,0,1665.96,1701.0,S3,qlearning,1,192,0.25,2.2,1.0,4.0,9.0,0.7,indicator
0.10653665583243048,5740.3,0,1488.5600000000002,1510.6000000000001,S3,qlearning,1,193,0.25,2.2,1.0,4.0,9.0,0.7,indicator
0.13094798967170787,5531.700000000001,2,1460.7200000000003,1467.8000000000002,S3,qlearning,1,194,0.25,2.2,1.0,4.0,9.0,0.7,indicator
0.11578541103820919,5324.700000000001,1,1343.16,1351.8000000000002,S3,qlearning,1,195,0.25,2.2,1.0,4.0,9.0,0.7,indicator
0.139739663093415,5275.900000000001,0,1612.8,1698.4,S3,qlearning,1,196,0.25,2.2,1.0,4.0,9.0,0.7,indicator
0.1561822125813449,4624.5,1,1324.0000000000002,1330.6000000000001,S3,qlearning,1,197,0.25,2.2,1.0,4.0,9.0,0.7,indicator
0.13945704722945332,5433.3,0,1490.3200000000002,1491.8000000000002,S3,qlearning,1,198,0.25,2.2,1.0,4.0,9.0,0.7,indicator
0.1051272593139063,5609.700000000001,0,1442.48,1462.0,S3,qlearning,1,199,0.25,2.2,1.0,4.0,9.0,0.7,indicator
0.1382488479262673,5264.3,0,1503.4,1557.6000000000001,S3,qlearning,1,200,0.25,2.2,1.0,4.0,9.0,0.7,indicator
0.11766903249906611,5478.900000000001,0,1488.0800000000002,1510.0000000000002,S3,qlearning,1,201,0.25,2.2,1.0,4.0,9.0,0.7,indicator
0.1046639735585751,5626.1,0,1659.4,1714.2,S3,qlearning,1,202,0.25,2.2,1.0,4.0,9.0,0.7,indicator
0.13666536509176103,5204.700000000001,1,1372.76,1405.4,S3,qlearning,1,203,0.25,2.2,1.0,4.0,9.0,0.7,indicator
0.14331853048041987,5031.900000000001,2,1311.28,1348.8,S3,qlearning,1,204,0.25,2.2,1.0,4.0,9.0,0.7,indicator
0.14274540477121628,5154.900000000001,0,1305.64,1306.0,S3,qlearning,1,205,0.25,2.2,1.0,4.0,9.0,0.7,indicator
0.15942606616181745,5025.3,1,1390.4,1425.2,S3,qlearning,1,206,0.25,2.2,1.0,4.0,9.0,0.7,indicator
0.127134724857685,5389.5,1,1488.3000000000002,1512.4,S3,qlearning,1,207,0.25,2.2,1.0,4.0,9.0,0.7,indicator
0.13972809667673716,5349.1,0,1451.24,1452.8,S3,qlearning,1,208,0.25,2.2,1.0,4.0,9.0,0.7,indicator
0.12845465161541456,5223.3,0,1377.76,1398.2,S3,qlearning,1,209,0.25,2.2,1.0,4.0,9.0,0.7,indicator
0.12624172185430463,4926.700000000001,0,1250.1200000000001,1259.6000000000001,S3,qlearning,1,210,0.25,2.2,1.0,4.0,9.0,0.7,indicator
0.12683313515655964,5162.1,1,1292.28,1298.0,S3,qlearning,1,211,0.25,2.2,1.0,4.0,9.0,0.7,indicator
0.11935844834017158,5499.700000000001,1,1458.48,1466.4,S3,qlearning,1,212,0.25,2.2,1.0,4.0,9.0,0.7,indicator
0.1519392243102759,5063.950000000001,2,1272.88,1297.6000000000001,S3,qlearning,1,213,0.25,2.2,1.0,4.0,9.0,0.7,indicator
0.10293556995806329,5424.1,0,1492.0400000000002,1537.8000000000002,S3,qlearning,1,214,0.25,2.2,1.0,4.0,9.0,0.7,indicator
0.1360924683072334,5442.900000000001,1,1457.0800000000002,1462.4,S3,qlearning,1,215,0.25,2.2,1.0,4.0,9.0,0.7,indicator
0.13701431492842536,4984.5,2,1404.92,1430.0,S3,qlearning,1,216,0.25,2.2,1.0,4.0,9.0,0.7,indicator
0.13489208633093525,5675.5,2,1601.2800000000002,1607.8000000000002,S3,qlearning,1,217,0.25,2.2,1.0,4.0,9.0,0.7,indicator
0.1356443104747551,5374.3,0,1403.24,1417.0,S3,qlearning,1,218,0.25,2.2,1.0,4.0,9.0,0.7,indicator
0.14435695538057744,5377.900000000001,0,1398.88,1408.6000000000001,S3,qlearning,1,219,0.25,2.2,1.0,4.0,9.0,0.7,indicator
0.14280125195618154,5219.700000000001,3,1342.0800000000002,1349.2,S3,qlearning,1,220,0.25,2.2,1.0,4.0,9.0,0.7,indicator
0.14837325706113694,5734.900000000001,6,1473.2,1506.6000000000001,S3,qlearning,1,221,0.25,2.2,1.0,4.0,9.0,0.7,indicator
0.11974872398900667,5204.900000000001,0,1582.3999999999999,1648.0,S3,qlearning,1,222,0.25,2.2,1.0,4.0,9.0,0.7,indicator
0.11099899091826437,6112.1,0,1607.1200000000001,1649.6000000000001,S3,qlearning,1,223,0.25,2.2,1.0,4.0,9.0,0.7,indicator
0.13800820589332338,5441.700000000001,0,1729.64,1825.4,S3,qlearning,1,224,0.25,2.2,1.0,4.0,9.0,0.7,indicator
0.13685427910562836,5263.3,0,1413.24,1448.6000000000001,S3,qlearning,1,225,0.25,2.2,1.0,4.0,9.0,0.7,indicator
0.13523956723338484,5251.1,0,1411.9200000000003,1423.0000000000002,S3,qlearning,1,226,0.25,2.2,1.0,4.0,9.0,0.7,indicator
0.10085836909871244,4835.5,0,1356.64,1403.4,S3,qlearning,1,227,0.25,2.2,1.0,4.0,9.0,0.7,indicator
0.14775413711583923,5101.1,0,1407.2800000000002,1452.8000000000002,S3,qlearning,1,228,0.25,2.2,1.0,4.0,9.0,0.7,indicator
0.13452914798206278,5007.1,1,1518.48,1548.2,S3,qlearning,1,229,0.25,2.2,1.0,4.0,9.0,0.7,indicator
0.12071651090342679,5250.1,0,1432.72,1433.0,S3,qlearning,1,230,0.25,2.2,1.0,4.0,9.0,0.7,indicator
0.15946709729511505,5032.900000000001,6,1372.24,1376.0,S3,qlearning,1,231,0.25,2.2,1.0,4.0,9.0,0.7,indicator
0.11588785046728972,5495.5,0,1381.92,1383.8000000000002,S3,qlearning,1,232,0.25,2.2,1.0,4.0,9.0,0.7,indicator
0.13257575757575757,5386.5,2,1538.3600000000001,1616.8000000000002,S3,qlearning,1,233,0.25,2.2,1.0,4.0,9.0,0.7,indicator
0.12991573033707865,5809.1,0,1476.0800000000002,1476.8000000000002,S3,qlearning,1,234,0.25,2.2,1.0,4.0,9.0,0.7,indicator
0.12932604735883424,5593.5,1,1482.8400000000001,1500.6000000000001,S3,qlearning,1,235,0.25,2.2,1.0,4.0,9.0,0.7,indicator
0.10869565217391304,5602.3,1,1571.32,1616.4,S3,qlearning,1,236,0.25,2.2,1.0,4.0,9.0,0.7,indicator
0.13290902283788844,5417.700000000001,0,1523.8400000000001,1555.4,S3,qlearning,1,237,0.25,2.2,1.0,4.0,9.0,0.7,indicator
0.14395782643957827,4989.700000000001,1,1364.68,1381.6000000000001,S3,qlearning,1,238,0.25,2.2,1.0,4.0,9.0,0.7,indicator
0.12848751835535976,5568.3,1,1476.0800000000002,1479.6000000000001,S3,qlearning,1,239,0.25,2.2,1.0,4.0,9.0,0.7,indicator
0.1339124140427072,5615.1,1,1391.88,1396.2,S3,qlearning,1,240,0.25,2.2,1.0,4.0,9.0,0.7,indicator
0.13371150729335493,5016.1,0,1255.3600000000001,1264.2,S3,qlearning,1,241,0.25,2.2,1.0,4.0,9.0,0.7,indicator
0.11170212765957446,5793.5,0,1629.68,1633.4,S3,qlearning,1,242,0.25,2.2,1.0,4.0,9.0,0.7,indicator
0.1431451612903226,5047.500000000001,2,1302.3600000000001,1315.4,S3,qlearning,1,243,0.25,2.2,1.0,4.0,9.0,0.7,indicator
0.13142408787759907,5198.3,0,1425.2800000000002,1440.6000000000001,S3,qlearning,1,244,0.25,2.2,1.0,4.0,9.0,0.7,indicator
0.13404825737265416,5291.700000000001,0,1443.44,1444.4,S3,qlearning,1,245,0.25,2.2,1.0,4.0,9.0,0.7,indicator
0.14684554024655547,5579.1,0,1430.6,1434.0,S3,qlearning,1,246,0.25,2.2,1.0,4.0,9.0,0.7,indicator
0.10642009769713887,5916.700000000001,0,1488.04,1499.2,S3,qlearning,1,247,0.25,2.2,1.0,4.0,9.0,0.7,indicator
0.1313841598815692,5505.900000000001,0,1417.7600000000002,1429.8000000000002,S3,qlearning,1,248,0.25,2.2,1.0,4.0,9.0,0.7,indicator
0.1280148423005566,5497.5,0,1487.44,1510.2,S3,qlearning,1,249,0.25,2.2,1.0,4.0,9.0,0.7,indicator
0.14263384134427512,5159.3,0,1386.84,1427.0,S3,qlearning,1,250,0.25,2.2,1.0,4.0,9.0,0.7,indicator
0.1438140267927502,5118.1,0,1411.64,1421.4,S3,qlearning,1,251,0.25,2.2,1.0,4.0,9.0,0.7,indicator
0.1168736303871439,5655.1,3,1516.7600000000002,1579.0000000000002,S3,qlearning,1,252,0.25,2.2,1.0,4.0,9.0,0.7,indicator
0.10285913528591353,5932.1,0,1631.76,1668.6000000000001,S3,qlearning,1,253,0.25,2.2,1.0,4.0,9.0,0.7,indicator
0.12989530825901513,5264.3,0,1426.64,1434.6000000000001,S3,qlearning,1,254,0.25,2.2,1.0,4.0,9.0,0.7,indicator
0.13862869988759835,5415.3,0,1485.7200000000003,1534.0000000000002,S3,qlearning,1,255,0.25,2.2,1.0,4.0,9.0,0.7,indicator
0.11147069399496584,5718.700000000001,0,1721.1200000000001,1776.4,S3,qlearning,1,256,0.25,2.2,1.0,4.0,9.0,0.7,indicator
0.1266540642722117,5384.5,0,1338.4,1346.0,S3,qlearning,1,257,0.25,2.2,1.0,4.0,9.0,0.7,indicator
0.12180511182108626,5153.3,3,1335.4,1346.6000000000001,S3,qlearning,1,258,0.25,2.2,1.0,4.0,9.0,0.7,indicator
0.10156510156510157,6248.1,0,1770.0,1799.2,S3,qlearning,1,259,0.25,2.2,1.0,4.0,9.0,0.7,indicator
0.14868471216164697,5309.1,2,1351.4800000000002,1359.8000000000002,S3,qlearning,1,260,0.25,2.2,1.0,4.0,9.0,0.7,indicator
0.1728826728826729,5160.3,2,1361.92,1387.6000000000001,S3,qlearning,1,261,0.25,2.2,1.0,4.0,9.0,0.7,indicator
0.11912983425414364,5924.700000000001,0,1551.96,1566.4,S3,qlearning,1,262,0.25,2.2,1.0,4.0,9.0,0.7,indicator
0.12230741146403797,5591.3,0,1636.5600000000002,1650.6000000000001,S3,qlearning,1,263,0.25,2.2,1.0,4.0,9.0,0.7,indicator
0.11426592797783934,5951.1,2,1662.88,1691.0000000000002,S3,qlearning,1,264,0.25,2.2,1.0,4.0,9.0,0.7,indicator
0.1217564870259481,5122.5,0,1283.0400000000002,1290.4,S3,qlearning,1,265,0.25,2.2,1.0,4.0,9.0,0.7,indicator
0.11173184357541899,5897.3,1,1628.4,1702.4,S3,qlearning,1,266,0.25,2.2,1.0,4.0,9.0,0.7,indicator
0.125,5399.500000000001,0,1466.0800000000002,1472.6000000000001,S3,qlearning,1,267,0.25,2.2,1.0,4.0,9.0,0.7,indicator
0.12648524338827136,5311.3,0,1392.96,1404.6000000000001,S3,qlearning,1,268,0.25,2.2,1.0,4.0,9.0,0.7,indicator
0.12728719172633254,5179.3,4,1383.76,1392.0,S3,qlearning,1,269,0.25,2.2,1.0,4.0,9.0,0.7,indicator
0.12061014544164597,5791.3,0,1542.8400000000001,1549.2,S3,qlearning,1,270,0.25,2.2,1.0,4.0,9.0,0.7,indicator
0.11983327544286211,5887.3,0,1560.4,1567.0,S3,qlearning,1,271,0.25,2.2,1.0,4.0,9.0,0.7,indicator
0.11804087385482734,5850.1,2,1733.1200000000001,1797.2000000000003,S3,qlearning,1,272,0.25,2.2,1.0,4.0,9.0,0.7,indicator
0.14241123683183768,5219.85,2,1374.56,1395.55,S3,qlearning,1,273,0.25,2.2,1.0,4.0,9.0,0.7,indicator
0.12366737739872068,4796.5,1,1463.76,1516.2,S3,qlearning,1,274,0.25,2.2,1.0,4.0,9.0,0.7,indicator
0.13363879343260787,5324.3,0,1328.16,1365.2,S3,qlearning,1,275,0.25,2.2,1.0,4.0,9.0,0.7,indicator
0.14487632508833923,5726.500000000001,0,1446.0000000000002,1454.6000000000001,S3,qlearning,1,276,0.25,2.2,1.0,4.0,9.0,0.7,indicator
0.1482059282371295,5187.3,2,1510.5600000000002,1532.0000000000002,S3,qlearning,1,277,0.25,2.2,1.0,4.0,9.0,0.7,indicator
0.14501633986928106,4937.1,0,1314.4,1316.4,S3,qlearning,1,278,0.25,2.2,1.0,4.0,9.0,0.7,indicator
0.11833274461321087,5828.700000000001,0,1473.3600000000001,1492.2,S3,qlearning,1,279,0.25,2.2,1.0,4.0,9.0,0.7,indicator
0.12128892107168718,5641.900000000001,0,1511.64,1522.4,S3,qlearning,1,280,0.25,2.2,1.0,4.0,9.0,0.7,indicator
0.12110091743119267,5566.5,0,1567.16,1607.2000000000003,S3,qlearning,1,281,0.25,2.2,1.0,4.0,9.0,0.7,indicator
0.13279445727482678,5289.1,0,1504.0400000000002,1518.8000000000002,S3,qlearning,1,282,0.25,2.2,1.0,4.0,9.0,0.7,indicator
0.11488158359844468,5821.3,0,1546.64,1547.6000000000001,S3,qlearning,1,283,0.25,2.2,1.0,4.0,9.0,0.7,indicator
0.1267056530214425,5247.5,1,1394.64,1401.4,S3,qlearning,1,284,0.25,2.2,1.0,4.0,9.0,0.7,indicator
0.09684832567301378,6334.700000000001,0,1766.28,1797.0,S3,qlearning,1,285,0.25,2.2,1.0,4.0,9.0,0.7,indicator
0.115342365433907,5627.700000000001,0,1587.4,1617.2,S3,qlearning,1,286,0.25,2.2,1.0,4.0,9.0,0.7,indicator
0.13114148503878834,5523.900000000001,1,1489.48,1544.4,S3,qlearning,1,287,0.25,2.2,1.0,4.0,9.0,0.7,indicator
0.10586011342155009,5480.5,2,1518.24,1570.0,S3,qlearning,1,288,0.25,2.2,1.0,4.0,9.0,0.7,indicator
0.1448076127430699,4864.900000000001,0,1251.6000000000001,1265.4,S3,qlearning,1,289,0.25,2.2,1.0,4.0,9.0,0.7,indicator
0.1256092988376453,5442.900000000001,0,1411.5200000000002,1434.8000000000002,S3,qlearning,1,290,0.25,2.2,1.0,4.0,9.0,0.7,indicator
0.13446567586694974,5751.700000000001,1,1441.72,1450.6000000000001,S3,qlearning,1,291,0.25,2.2,1.0,4.0,9.0,0.7,indicator
0.13242375601926162,5112.900000000001,3,1302.7600000000002,1311.8000000000002,S3,qlearning,1,292,0.25,2.2,1.0,4.0,9.0,0.7,indicator
0.0932977913175933,5499.700000000001,3,1321.2800000000002,1337.4,S3,qlearning,1,293,0.25,2.2,1.0,4.0,9.0,0.7,indicator
0.13609467455621302,5156.5,2,1333.68,1362.2,S3,qlearning,1,294,0.25,2.2,1.0,4.0,9.0,0.7,indicator
0.14811849479583666,5049.1,2,1406.8,1436.0,S3,qlearning,1,295,0.25,2.2,1.0,4.0,9.0,0.7,indicator
0.1312106368089573,5833.1,1,1729.76,1771.6000000000001,S3,qlearning,1,296,0.25,2.2,1.0,4.0,9.0,0.7,indicator
0.11942675159235669,5176.900000000001,1,1415.52,1445.4,S3,qlearning,1,297,0.25,2.2,1.0,4.0,9.0,0.7,indicator
0.12554585152838427,5619.1,0,1382.64,1386.0000000000002,S3,qlearning,1,298,0.25,2.2,1.0,4.0,9.0,0.7,indicator
0.1421239636794315,5128.1,0,1382.8000000000002,1430.8000000000002,S3,qlearning,1,299,0.25,2.2,1.0,4.0,9.0,0.7,indicator
0.14773940904236382,5649.3,0,1499.0000000000002,1519.8000000000002,S3,qlearning,1,300,0.25,2.2,1.0,4.0,9.0,0.7,indicator
0.11979823455233292,4859.3,0,1228.24,1250.0,S3,qlearning,1,301,0.25,2.2,1.0,4.0,9.0,0.7,indicator
0.12190547636909227,5465.700000000001,1,1449.2000000000003,1461.8000000000002,S3,qlearning,1,302,0.25,2.2,1.0,4.0,9.0,0.7,indicator
0.09666413949962092,5531.1,4,1424.0000000000002,1436.8000000000002,S3,qlearning,1,303,0.25,2.2,1.0,4.0,9.0,0.7,indicator
0.12379896526237989,5538.700000000001,0,1580.4800000000002,1616.2000000000003,S3,qlearning,1,304,0.25,2.2,1.0,4.0,9.0,0.7,indicator
0.1346923917000364,5579.900000000001,1,1531.16,1558.6000000000001,S3,qlearning,1,305,0.25,2.2,1.0,4.0,9.0,0.7,indicator
0.14405762304921968,5033.3,0,1408.8,1440.2,S3,qlearning,1,306,0.25,2.2,1.0,4.0,9.0,0.7,indicator
0.1536926147704591,5036.5,0,1372.44,1400.4,S3,qlearning,1,307,0.25,2.2,1.0,4.0,9.0,0.7,indicator
0.12225818051060769,5729.700000000001,4,1662.9600000000003,1681.0000000000002,S3,qlearning,1,308,0.25,2.2,1.0,4.0,9.0,0.7,indicator
0.11802942182689018,6035.1,1,1756.0800000000002,1840.8000000000002,S3,qlearning,1,309,0.25,2.2,1.0,4.0,9.0,0.7,indicator
0.09907755380936112,6096.900000000001,1,1620.6000000000001,1667.8000000000002,S3,qlearning,1,310,0.25,2.2,1.0,4.0,9.0,0.7,indicator
0.12275558812751924,5579.3,0,1621.1200000000001,1689.8000000000002,S3,qlearning,1,311,0.25,2.2,1.0,4.0,9.0,0.7,indicator
0.13328396890040725,5497.700000000001,0,1574.64,1593.8000000000002,S3,qlearning,1,312,0.25,2.2,1.0,4.0,9.0,0.7,indicator
0.13200723327305605,5612.5,0,1467.96,1481.4,S3,qlearning,1,313,0.25,2.2,1.0,4.0,9.0,0.7,indicator
0.1096727795756922,5724.700000000001,0,1636.3600000000001,1638.0000000000002,S3,qlearning,1,314,0.25,2.2,1.0,4.0,9.0,0.7,indicator
0.10719225449515905,5970.900000000001,1,1617.5600000000002,1661.2000000000003,S3,qlearning,1,315,0.25,2.2,1.0,4.0,9.0,0.7,indicator
0.16895874263261296,5050.5,0,1591.4,1657.4,S3,qlearning,1,316,0.25,2.2,1.0,4.0,9.0,0.7,indicator
0.1822371177209887,4736.900000000001,2,1377.08,1414.2,S3,qlearning,1,317,0.25,2.2,1.0,4.0,9.0,0.7,indicator
0.12203876525484565,5706.700000000001,1,1557.92,1570.8000000000002,S3,qlearning,1,318,0.25,2.2,1.0,4.0,9.0,0.7,indicator
0.12765192376842863,5659.700000000001,0,1494.0,1518.4,S3,qlearning,1,319,0.25,2.2,1.0,4.0,9.0,0.7,indicator
0.1375961149332254,5045.700000000001,2,1490.56,1530.4,S3,qlearning,1,320,0.25,2.2,1.0,4.0,9.0,0.7,indicator
0.13851992409867173,5346.5,0,1411.92,1455.4,S3,qlearning,1,321,0.25,2.2,1.0,4.0,9.0,0.7,indicator
0.1450640542577242,5364.3,0,1471.8000000000002,1491.8000000000002,S3,qlearning,1,322,0.25,2.2,1.0,4.0,9.0,0.7,indicator
0.14518002322880372,5200.1,0,1329.0800000000002,1338.6000000000001,S3,qlearning,1,323,0.25,2.2,1.0,4.0,9.0,0.7,indicator
0.10256410256410256,6082.500000000001,0,1543.16,1555.2,S3,qlearning,1,324,0.25,2.2,1.0,4.0,9.0,0.7,indicator
0.12401574803149606,5185.5,0,1571.76,1655.0,S3,qlearning,1,325,0.25,2.2,1.0,4.0,9.0,0.7,indicator
0.1075487012987013,5133.3,3,1500.8799999999999,1597.0,S3,qlearning,1,326,0.25,2.2,1.0,4.0,9.0,0.7,indicator
0.15168539325842698,5374.5,0,1428.68,1454.8000000000002,S3,qlearning,1,327,0.25,2.2,1.0,4.0,9.0,0.7,indicator
0.11960014280614066,5740.700000000001,1,1596.08,1643.2,S3,qlearning,1,328,0.25,2.2,1.0,4.0,9.0,0.7,indicator
0.11168384879725086,6026.500000000001,1,1640.6000000000001,1679.2000000000003,S3,qlearning,1,329,0.25,2.2,1.0,4.0,9.0,0.7,indicator
0.14316392269148176,5636.3,0,1491.2400000000002,1494.0000000000002,S3,qlearning,1,330,0.25,2.2,1.0,4.0,9.0,0.7,indicator
0.13708781030011116,5519.05,4,1483.7600000000002,1499.6000000000001,S3,qlearning,1,331,0.25,2.2,1.0,4.0,9.0,0.7,indicator
0.1262135922330097,5262.5,0,1380.92,1402.6000000000001,S3,qlearning,1,332,0.25,2.2,1.0,4.0,9.0,0.7,indicator
0.14376996805111822,5046.55,0,1348.44,1377.4,S3,qlearning,1,333,0.25,2.2,1.0,4.0,9.0,0.7,indicator
0.09470361276745001,5943.700000000001,1,1681.0400000000002,1719.2000000000003,S3,qlearning,1,334,0.25,2.2,1.0,4.0,9.0,0.7,indicator
0.09954593084177436,5934.1,0,1626.6000000000001,1650.6000000000001,S3,qlearning,1,335,0.25,2.2,1.0,4.0,9.0,0.7,indicator
0.11581614187477379,5703.1,2,1416.1000000000001,1430.2,S3,qlearning,1,336,0.25,2.2,1.0,4.0,9.0,0.7,indicator
0.13203883495145632,5254.500000000001,0,1385.0400000000002,1386.8000000000002,S3,qlearning,1,337,0.25,2.2,1.0,4.0,9.0,0.7,indicator
0.1336996336996337,5555.5,0,1493.7600000000002,1540.8000000000002,S3,qlearning,1,338,0.25,2.2,1.0,4.0,9.0,0.7,indicator
0.12087026591458501,5082.900000000001,0,1335.96,1363.6000000000001,S3,qlearning,1,339,0.25,2.2,1.0,4.0,9.0,0.7,indicator
0.15043877977434184,4850.1,2,1296.4,1297.0,S3,qlearning,1,340,0.25,2.2,1.0,4.0,9.0,0.7,indicator
0.12589252160841788,5464.700000000001,1,1576.1200000000001,1622.8000000000002,S3,qlearning,1,341,0.25,2.2,1.0,4.0,9.0,0.7,indicator
0.1183087664856478,5273.1,0,1342.2400000000002,1351.8000000000002,S3,qlearning,1,342,0.25,2.2,1.0,4.0,9.0,0.7,indicator
0.11213235294117647,5628.500000000001,3,1462.1200000000001,1484.6000000000001,S3,qlearning,1,343,0.25,2.2,1.0,4.0,9.0,0.7,indicator
0.14988897113249444,5471.900000000001,2,1444.1200000000001,1462.8000000000002,S3,qlearning,1,344,0.25,2.2,1.0,4.0,9.0,0.7,indicator
0.15898899306971057,4896.1,0,1415.4,1429.8000000000002,S3,qlearning,1,345,0.25,2.2,1.0,4.0,9.0,0.7,indicator
0.13545816733067728,5081.5,0,1385.3600000000001,1429.6000000000001,S3,qlearning,1,346,0.25,2.2,1.0,4.0,9.0,0.7,indicator
0.13264129181084197,5275.700000000001,0,1351.0400000000002,1365.4,S3,qlearning,1,347,0.25,2.2,1.0,4.0,9.0,0.7,indicator
0.13178294573643412,5255.5,0,1394.8000000000002,1423.6000000000001,S3,qlearning,1,348,0.25,2.2,1.0,4.0,9.0,0.7,indicator
0.12200081333875559,5022.3,0,1416.0400000000002,1463.0000000000002,S3,qlearning,1,349,0.25,2.2,1.0,4.0,9.0,0.7,indicator
0.10458715596330276,5624.500000000001,0,1505.48,1541.4,S3,qlearning,1,350,0.25,2.2,1.0,4.0,9.0,0.7,indicator
0.11821974965229486,5901.700000000001,0,1719.08,1807.4,S3,qlearning,1,351,0.25,2.2,1.0,4.0,9.0,0.7,indicator
0.11683976261127596,5576.700000000001,2,1591.0800000000002,1605.4,S3,qlearning,1,352,0.25,2.2,1.0,4.0,9.0,0.7,indicator
0.11393350765782592,5510.900000000001,0,1439.92,1467.8000000000002,S3,qlearning,1,353,0.25,2.2,1.0,4.0,9.0,0.7,indicator
0.1321900678813862,5711.3,2,1730.68,1810.4,S3,qlearning,1,354,0.25,2.2,1.0,4.0,9.0,0.7,indicator
0.1318232454511697,5479.1,1,1492.72,1510.4,S3,qlearning,1,355,0.25,2.2,1.0,4.0,9.0,0.7,indicator
0.13964151729887453,4909.3,2,1249.92,1265.6000000000001,S3,qlearning,1,356,0.25,2.2,1.0,4.0,9.0,0.7,indicator
0.13012477718360071,5717.5,1,1753.52,1813.2,S3,qlearning,1,357,0.25,2.2,1.0,4.0,9.0,0.7,indicator
0.13462976813762154,5422.3,0,1584.8000000000002,1650.0000000000002,S3,qlearning,1,358,0.25,2.2,1.0,4.0,9.0,0.7,indicator
0.12263489838822705,5831.3,0,1670.6000000000001,1711.6000000000001,S3,qlearning,1,359,0.25,2.2,1.0,4.0,9.0,0.7,indicator
0.13012477718360071,5715.5,0,1454.6000000000001,1462.8000000000002,S3,qlearning,1,360,0.25,2.2,1.0,4.0,9.0,0.7,indicator
0.14171511627906977,5577.900000000001,0,1442.76,1472.4,S3,qlearning,1,361,0.25,2.2,1.0,4.0,9.0,0.7,indicator
0.12620192307692307,5090.700000000001,0,1347.1200000000001,1359.4,S3,qlearning,1,362,0.25,2.2,1.0,4.0,9.0,0.7,indicator
0.12686266612968183,5130.1,6,1276.8400000000001,1291.4,S3,qlearning,1,363,0.25,2.2,1.0,4.0,9.0,0.7,indicator
0.13853445133065986,5546.1,0,1512.48,1518.2,S3,qlearning,1,364,0.25,2.2,1.0,4.0,9.0,0.7,indicator
0.11461318051575932,5726.900000000001,0,1677.48,1759.8000000000002,S3,qlearning,1,365,0.25,2.2,1.0,4.0,9.0,0.7,indicator
0.11801016702977488,5656.3,0,1538.1200000000001,1543.0000000000002,S3,qlearning,1,366,0.25,2.2,1.0,4.0,9.0,0.7,indicator
0.13357994245787094,4980.1,1,1453.0000000000002,1507.2000000000003,S3,qlearning,1,367,0.25,2.2,1.0,4.0,9.0,0.7,indicator
0.12435040831477358,5520.3,1,1568.56,1606.2,S3,qlearning,1,368,0.25,2.2,1.0,4.0,9.0,0.7,indicator
0.1325478645066274,5544.700000000001,2,1536.8400000000001,1563.6000000000001,S3,qlearning,1,369,0.25,2.2,1.0,4.0,9.0,0.7,indicator
0.15873015873015872,5032.0,0,1342.48,1352.4,S3,qlearning,1,370,0.25,2.2,1.0,4.0,9.0,0.7,indicator
0.12466943709860219,5394.900000000001,0,1379.96,1385.2,S3,qlearning,1,371,0.25,2.2,1.0,4.0,9.0,0.7,indicator
0.13349514563106796,5865.3,0,1601.88,1630.8000000000002,S3,qlearning,1,372,0.25,2.2,1.0,4.0,9.0,0.7,indicator
0.14705882352941177,4981.1,4,1348.92,1368.8,S3,qlearning,1,373,0.25,2.2,1.0,4.0,9.0,0.7,indicator
0.1312127236580517,5134.5,2,1471.3200000000002,1490.8000000000002,S3,qlearning,1,374,0.25,2.2,1.0,4.0,9.0,0.7,indicator
0.13800820589332338,5469.700000000001,1,1540.4400000000003,1590.2000000000003,S3,qlearning,1,375,0.25,2.2,1.0,4.0,9.0,0.7,indicator
0.1400454201362604,5352.900000000001,1,1531.5200000000002,1543.6000000000001,S3,qlearning,1,376,0.25,2.2,1.0,4.0,9.0,0.7,indicator
0.13063233623627413,5400.700000000001,1,1327.2000000000003,1333.8000000000002,S3,qlearning,1,377,0.25,2.2,1.0,4.0,9.0,0.7,indicator
0.10180560891279293,5376.1,0,1423.64,1441.6000000000001,S3,qlearning,1,378,0.25,2.2,1.0,4.0,9.0,0.7,indicator
0.11854210898796887,5797.700000000001,0,1564.8000000000002,1574.8000000000002,S3,qlearning,1,379,0.25,2.2,1.0,4.0,9.0,0.7,indicator
0.10842067220816769,5737.900000000001,1,1500.76,1520.2,S3,qlearning,1,380,0.25,2.2,1.0,4.0,9.0,0.7,indicator
0.11301369863013698,6025.5,2,1604.56,1634.0,S3,qlearning,1,381,0.25,2.2,1.0,4.0,9.0,0.7,indicator
0.12622456669178597,5484.3,6,1497.7600000000002,1514.8000000000002,S3,qlearning,1,382,0.25,2.2,1.0,4.0,9.0,0.7,indicator
0.1408987052551409,5326.700000000001,2,1480.2400000000002,1493.6000000000001,S3,qlearning,1,383,0.25,2.2,1.0,4.0,9.0,0.7,indicator
0.11799410029498525,5575.900000000001,2,1467.44,1470.8000000000002,S3,qlearning,1,384,0.25,2.2,1.0,4.0,9.0,0.7,indicator
0.10369410239792612,6453.700000000001,4,1717.5200000000002,1748.8000000000002,S3,qlearning,1,385,0.25,2.2,1.0,4.0,9.0,0.7,indicator
0.1330584707646177,5448.1,1,1387.16,1404.8000000000002,S3,qlearning,1,386,0.25,2.2,1.0,4.0,9.0,0.7,indicator
0.14143730886850153,5278.700000000001,0,1423.48,1449.6000000000001,S3,qlearning,1,387,0.25,2.2,1.0,4.0,9.0,0.7,indicator
0.12148823082763857,5424.3,2,1470.88,1483.4,S3,qlearning,1,388,0.25,2.2,1.0,4.0,9.0,0.7,indicator
0.1156677181913775,5848.1,0,1551.56,1571.2,S3,qlearning,1,389,0.25,2.2,1.0,4.0,9.0,0.7,indicator
0.12013256006628004,4994.3,3,1397.7600000000002,1420.8000000000002,S3,qlearning,1,390,0.25,2.2,1.0,4.0,9.0,0.7,indicator
0.1223128243143069,5507.1,0,1527.0,1563.2,S3,qlearning,1,391,0.25,2.2,1.0,4.0,9.0,0.7,indicator
0.11793270898369754,5902.1,0,1572.68,1601.6000000000001,S3,qlearning,1,392,0.25,2.2,1.0,4.0,9.0,0.7,indicator
0.1567524115755627,4975.35,0,1379.72,1418.6000000000001,S3,qlearning,1,393,0.25,2.2,1.0,4.0,9.0,0.7,indicator
0.13473606496862311,5509.3,0,1409.76,1423.0,S3,qlearning,1,394,0.25,2.2,1.0,4.0,9.0,0.7,indicator
0.1180797522260937,5288.1,0,1412.3200000000002,1427.2,S3,qlearning,1,395,0.25,2.2,1.0,4.0,9.0,0.7,indicator
0.1487845766974015,4811.700000000001,1,1269.44,1276.0,S3,qlearning,1,396,0.25,2.2,1.0,4.0,9.0,0.7,indicator
0.12922465208747516,5110.5,0,1349.8,1395.0,S3,qlearning,1,397,0.25,2.2,1.0,4.0,9.0,0.7,indicator
0.09200283085633404,5914.700000000001,1,1536.8400000000001,1568.8000000000002,S3,qlearning,1,398,0.25,2.2,1.0,4.0,9.0,0.7,indicator
0.11983775811209439,5563.900000000001,0,1543.72,1551.2,S3,qlearning,1,399,0.25,2.2,1.0,4.0,9.0,0.7,indicator
0.11393350765782592,5490.900000000001,0,1348.2400000000002,1350.8000000000002,S3,qlearning,1,400,0.25,2.2,1.0,4.0,9.0,0.7,indicator
0.11757902852737086,5334.3,2,1559.8,1610.0,S3,qlearning,1,401,0.25,2.2,1.0,4.0,9.0,0.7,indicator
0.13830195927775643,5289.1,1,1394.24,1429.2,S3,qlearning,1,402,0.25,2.2,1.0,4.0,9.0,0.7,indicator
0.09410944579993029,6033.3,6,1765.4,1849.6000000000001,S3,qlearning,1,403,0.25,2.2,1.0,4.0,9.0,0.7,indicator
0.11739799846035412,5355.1,1,1441.64,1475.4,S3,qlearning,1,404,0.25,2.2,1.0,4.0,9.0,0.7,indicator
0.1407884151246983,5043.700000000001,1,1416.4,1426.0,S3,qlearning,1,405,0.25,2.2,1.0,4.0,9.0,0.7,indicator
0.09334691106585201,6118.700000000001,0,1634.5600000000002,1647.6000000000001,S3,qlearning,1,406,0.25,2.2,1.0,4.0,9.0,0.7,indicator
0.15895953757225434,4833.900000000001,0,1472.88,1567.4,S3,qlearning,1,407,0.25,2.2,1.0,4.0,9.0,0.7,indicator
0.10804769001490314,5529.3,0,1545.72,1574.4,S3,qlearning,1,408,0.25,2.2,1.0,4.0,9.0,0.7,indicator
0.12783053323593865,5571.1,0,1510.92,1522.6000000000001,S3,qlearning,1,409,0.25,2.2,1.0,4.0,9.0,0.7,indicator
0.12552301255230125,5870.1,0,1464.88,1472.4,S3,qlearning,1,410,0.25,2.2,1.0,4.0,9.0,0.7,indicator
0.13691128148959475,5563.3,0,1470.0800000000002,1496.4,S3,qlearning,1,411,0.25,2.2,1.0,4.0,9.0,0.7,indicator
0.12199563000728332,5671.700000000001,3,1452.0,1464.2,S3,qlearning,1,412,0.25,2.2,1.0,4.0,9.0,0.7,indicator
0.14018691588785046,5205.1,0,1446.88,1485.6000000000001,S3,qlearning,1,413,0.25,2.2,1.0,4.0,9.0,0.7,indicator
0.15296719498709915,5473.1,2,1476.5600000000002,1482.2,S3,qlearning,1,414,0.25,2.2,1.0,4.0,9.0,0.7,indicator
0.09878419452887538,5491.900000000001,2,1460.68,1475.6000000000001,S3,qlearning,1,415,0.25,2.2,1.0,4.0,9.0,0.7,indicator
0.09464285714285714,5864.500000000001,2,1527.52,1553.6000000000001,S3,qlearning,1,416,0.25,2.2,1.0,4.0,9.0,0.7,indicator
0.13468013468013468,5465.1,3,1514.36,1542.2,S3,qlearning,1,417,0.25,2.2,1.0,4.0,9.0,0.7,indicator
0.1474582848273186,5195.900000000001,0,1343.54,1384.4,S3,qlearning,1,418,0.25,2.2,1.0,4.0,9.0,0.7,indicator
0.1511917467093561,5646.700000000001,0,1477.2800000000002,1484.4,S3,qlearning,1,419,0.25,2.2,1.0,4.0,9.0,0.7,indicator
0.11011699931176876,6009.700000000001,1,1578.1200000000001,1590.0000000000002,S3,qlearning,1,420,0.25,2.2,1.0,4.0,9.0,0.7,indicator
0.14925373134328357,5148.450000000001,0,1435.2,1456.8000000000002,S3,qlearning,1,421,0.25,2.2,1.0,4.0,9.0,0.7,indicator
0.15004055150040552,4963.700000000001,0,1359.64,1396.8000000000002,S3,qlearning,1,422,0.25,2.2,1.0,4.0,9.0,0.7,indicator
0.11857707509881422,5188.5,0,1463.68,1479.0,S3,qlearning,1,423,0.25,2.2,1.0,4.0,9.0,0.7,indicator
0.14166666666666666,4854.5,0,1228.08,1231.0,S3,qlearning,1,424,0.25,2.2,1.0,4.0,9.0,0.7,indicator
0.14219694276573053,5721.1,2,1466.96,1471.4,S3,qlearning,1,425,0.25,2.2,1.0,4.0,9.0,0.7,indicator
0.13706793802145412,5118.900000000001,1,1462.8,1543.4,S3,qlearning,1,426,0.25,2.2,1.0,4.0,9.0,0.7,indicator
0.1312785388127854,5337.1,0,1435.3600000000001,1440.8000000000002,S3,qlearning,1,427,0.25,2.2,1.0,4.0,9.0,0.7,indicator
0.13193116634799235,5335.500000000001,1,1443.2,1467.4,S3,qlearning,1,428,0.25,2.2,1.0,4.0,9.0,0.7,indicator
0.1132404181184669,5919.5,1,1627.8000000000002,1635.4,S3,qlearning,1,429,0.25,2.2,1.0,4.0,9.0,0.7,indicator
0.13439883763167454,5636.1,4,1434.2,1451.0,S3,qlearning,1,430,0.25,2.2,1.0,4.0,9.0,0.7,indicator
0.11210762331838565,5034.1,0,1363.1200000000001,1379.8000000000002,S3,qlearning,1,431,0.25,2.2,1.0,4.0,9.0,0.7,indicator
0.15552099533437014,5193.900000000001,3,1405.96,1441.4,S3,qlearning,1,432,0.25,2.2,1.0,4.0,9.0,0.7,indicator
0.14269186270728884,5228.1,0,1497.32,1532.4,S3,qlearning,1,433,0.25,2.2,1.0,4.0,9.0,0.7,indicator
0.1143265451947124,5784.3,1,1515.0000000000002,1523.0000000000002,S3,qlearning,1,434,0.25,2.2,1.0,4.0,9.0,0.7,indicator
0.16818361693707953,5049.900000000001,1,1428.2400000000002,1437.0000000000002,S3,qlearning,1,435,0.25,2.2,1.0,4.0,9.0,0.7,indicator
0.11964107676969092,6175.3,0,1667.92,1690.4,S3,qlearning,1,436,0.25,2.2,1.0,4.0,9.0,0.7,indicator
0.12404580152671756,5371.0,1,1455.52,1502.4,S3,qlearning,1,437,0.25,2.2,1.0,4.0,9.0,0.7,indicator
0.09771386430678466,5643.900000000001,1,1567.2800000000002,1570.0000000000002,S3,qlearning,1,438,0.25,2.2,1.0,4.0,9.0,0.7,indicator
0.11102454226723803,5272.900000000001,0,1288.0800000000002,1289.8000000000002,S3,qlearning,1,439,0.25,2.2,1.0,4.0,9.0,0.7,indicator
0.11704582921200132,6288.1,3,1827.0800000000002,1892.6000000000001,S3,qlearning,1,440,0.25,2.2,1.0,4.0,9.0,0.7,indicator
0.13173188686555598,5247.700000000001,0,1394.72,1411.4,S3,qlearning,1,441,0.25,2.2,1.0,4.0,9.0,0.7,indicator
0.13843941028407047,5640.700000000001,1,1526.3200000000002,1544.4,S3,qlearning,1,442,0.25,2.2,1.0,4.0,9.0,0.7,indicator
0.11974872398900667,5370.900000000001,11,1492.16,1510.4,S3,qlearning,1,443,0.25,2.2,1.0,4.0,9.0,0.7,indicator
0.09223128769067045,5935.3,3,1581.8400000000001,1609.4,S3,qlearning,1,444,0.25,2.2,1.0,4.0,9.0,0.7,indicator
0.12835249042145594,5307.5,0,1431.0,1436.2,S3,qlearning,1,445,0.25,2.2,1.0,4.0,9.0,0.7,indicator
0.13616339607529035,5066.150000000001,1,1346.24,1349.2,S3,qlearning,1,446,0.25,2.2,1.0,4.0,9.0,0.7,indicator
0.134024303073624,5699.1,2,1568.7200000000003,1574.6000000000001,S3,qlearning,1,447,0.25,2.2,1.0,4.0,9.0,0.7,indicator
0.13641446142377936,5435.900000000001,0,1545.6000000000001,1564.4,S3,qlearning,1,448,0.25,2.2,1.0,4.0,9.0,0.7,indicator
0.09224397590361445,5575.700000000001,3,1551.6000000000001,1587.8000000000002,S3,qlearning,1,449,0.25,2.2,1.0,4.0,9.0,0.7,indicator
0.11309740970448741,5638.700000000001,1,1571.1200000000001,1613.4,S3,qlearning,1,450,0.25,2.2,1.0,4.0,9.0,0.7,indicator
0.12594458438287154,4881.900000000001,2,1268.0,1279.2,S3,qlearning,1,451,0.25,2.2,1.0,4.0,9.0,0.7,indicator
0.14355874574990554,5362.900000000001,1,1547.2,1571.6000000000001,S3,qlearning,1,452,0.25,2.2,1.0,4.0,9.0,0.7,indicator
0.10899653979238755,5967.5,0,1560.8400000000001,1576.2,S3,qlearning,1,453,0.25,2.2,1.0,4.0,9.0,0.7,indicator
0.13805004314063848,4683.1,0,1232.52,1245.2,S3,qlearning,1,454,0.25,2.2,1.0,4.0,9.0,0.7,indicator
0.1085814360770578,5886.5,0,1435.8,1443.2,S3,qlearning,1,455,0.25,2.2,1.0,4.0,9.0,0.7,indicator
0.11070780399274047,5662.5,0,1580.64,1613.6000000000001,S3,qlearning,1,456,0.25,2.2,1.0,4.0,9.0,0.7,indicator
0.15426147319706904,5197.1,0,1559.16,1594.2,S3,qlearning,1,457,0.25,2.2,1.0,4.0,9.0,0.7,indicator
0.13312034078807242,5734.900000000001,0,1551.24,1565.0,S3,qlearning,1,458,0.25,2.2,1.0,4.0,9.0,0.7,indicator
0.1341948310139165,6141.1,0,1668.2,1724.4,S3,qlearning,1,459,0.25,2.2,1.0,4.0,9.0,0.7,indicator
0.12886597938144329,5537.700000000001,0,1540.96,1564.2,S3,qlearning,1,460,0.25,2.2,1.0,4.0,9.0,0.7,indicator
0.15681983953318746,5536.900000000001,1,1446.3600000000001,1461.2,S3,qlearning,1,461,0.25,2.2,1.0,4.0,9.0,0.7,indicator
0.12625324916450056,5523.1,2,1496.88,1532.8000000000002,S3,qlearning,1,462,0.25,2.2,1.0,4.0,9.0,0.7,indicator
0.1416636396658191,5597.1,2,1582.68,1632.0000000000002,S3,qlearning,1,463,0.25,2.2,1.0,4.0,9.0,0.7,indicator
0.12387387387387387,5469.3,1,1611.52,1694.2,S3,qlearning,1,464,0.25,2.2,1.0,4.0,9.0,0.7,indicator
0.14579439252336449,5385.0,0,1503.3400000000001,1530.6000000000001,S3,qlearning,1,465,0.25,2.2,1.0,4.0,9.0,0.7,indicator
0.1318417898521774,5078.1,0,1441.8400000000001,1506.4,S3,qlearning,1,466,0.25,2.2,1.0,4.0,9.0,0.7,indicator
0.13137852246763138,5333.950000000001,0,1514.64,1549.4,S3,qlearning,1,467,0.25,2.2,1.0,4.0,9.0,0.7,indicator
0.1293274970155193,5130.35,0,1440.6,1484.0,S3,qlearning,1,468,0.25,2.2,1.0,4.0,9.0,0.7,indicator
0.10252904989747096,6049.700000000001,0,1673.48,1725.4,S3,qlearning,1,469,0.25,2.2,1.0,4.0,9.0,0.7,indicator
0.13004658385093168,5265.700000000001,1,1303.4,1304.6000000000001,S3,qlearning,1,470,0.25,2.2,1.0,4.0,9.0,0.7,indicator
0.144024912417283,5188.3,1,1333.76,1345.4,S3,qlearning,1,471,0.25,2.2,1.0,4.0,9.0,0.7,indicator
0.13323464100666174,5489.900000000001,0,1559.3200000000002,1644.8000000000002,S3,qlearning,1,472,0.25,2.2,1.0,4.0,9.0,0.7,indicator
0.11936850211782826,5328.900000000001,0,1515.44,1540.2,S3,qlearning,1,473,0.25,2.2,1.0,4.0,9.0,0.7,indicator
0.15605749486652978,4901.5,1,1251.4,1258.4,S3,qlearning,1,474,0.25,2.2,1.0,4.0,9.0,0.7,indicator
0.12910365178900773,5511.700000000001,0,1465.8000000000002,1468.8000000000002,S3,qlearning,1,475,0.25,2.2,1.0,4.0,9.0,0.7,indicator
0.11567164179104478,5516.5,0,1476.96,1508.8000000000002,S3,qlearning,1,476,0.25,2.2,1.0,4.0,9.0,0.7,indicator
0.13103706476974916,5423.700000000001,0,1526.2,1534.6000000000001,S3,qlearning,1,477,0.25,2.2,1.0,4.0,9.0,0.7,indicator
0.15711645101663585,5413.5,0,1541.0000000000002,1567.2000000000003,S3,qlearning,1,478,0.25,2.2,1.0,4.0,9.0,0.7,indicator
0.11139992573338285,5562.1,2,1489.3200000000002,1496.8000000000002,S3,qlearning,1,479,0.25,2.2,1.0,4.0,9.0,0.7,indicator
0.13012618296529968,5188.700000000001,1,1309.5200000000002,1322.8000000000002,S3,qlearning,1,480,0.25,2.2,1.0,4.0,9.0,0.7,indicator
0.1591187270501836,4892.200000000001,0,1476.3600000000001,1486.4,S3,qlearning,1,481,0.25,2.2,1.0,4.0,9.0,0.7,indicator
0.148397309062129,5104.900000000001,1,1333.02,1381.0,S3,qlearning,1,482,0.25,2.2,1.0,4.0,9.0,0.7,indicator
0.13064576334453154,5514.3,5,1461.4,1479.6000000000001,S3,qlearning,1,483,0.25,2.2,1.0,4.0,9.0,0.7,indicator
0.11917280056081318,5851.1,0,1692.2400000000002,1695.6000000000001,S3,qlearning,1,484,0.25,2.2,1.0,4.0,9.0,0.7,indicator
0.13477600607441154,5370.3,2,1387.8,1407.2,S3,qlearning,1,485,0.25,2.2,1.0,4.0,9.0,0.7,indicator
0.13753327417923691,4558.3,0,1241.72,1301.6000000000001,S3,qlearning,1,486,0.25,2.2,1.0,4.0,9.0,0.7,indicator
0.13379204892966362,5361.700000000001,3,1655.96,1724.8000000000002,S3,qlearning,1,487,0.25,2.2,1.0,4.0,9.0,0.7,indicator
0.12713403559752998,5614.1,0,1693.48,1730.8000000000002,S3,qlearning,1,488,0.25,2.2,1.0,4.0,9.0,0.7,indicator
0.11503067484662577,5368.1,1,1555.6000000000001,1565.4,S3,qlearning,1,489,0.25,2.2,1.0,4.0,9.0,0.7,indicator
0.15220700152207,5307.1,1,1393.92,1429.8000000000002,S3,qlearning,1,490,0.25,2.2,1.0,4.0,9.0,0.7,indicator
0.12226750648388292,5522.3,1,1428.52,1437.2,S3,qlearning,1,491,0.25,2.2,1.0,4.0,9.0,0.7,indicator
0.1342138900724329,4762.900000000001,0,1214.2800000000002,1227.8000000000002,S3,qlearning,1,492,0.25,2.2,1.0,4.0,9.0,0.7,indicator
0.13457164518574677,5345.1,0,1458.04,1482.2,S3,qlearning,1,493,0.25,2.2,1.0,4.0,9.0,0.7,indicator
0.1220865704772475,5518.1,0,1501.2,1513.2,S3,qlearning,1,494,0.25,2.2,1.0,4.0,9.0,0.7,indicator
0.1192368839427663,5151.700000000001,0,1351.8400000000001,1372.2,S3,qlearning,1,495,0.25,2.2,1.0,4.0,9.0,0.7,indicator
0.12642450142450143,5779.1,4,1703.3600000000001,1758.2,S3,qlearning,1,496,0.25,2.2,1.0,4.0,9.0,0.7,indicator
0.12368815592203898,5510.1,5,1444.2,1458.2,S3,qlearning,1,497,0.25,2.2,1.0,4.0,9.0,0.7,indicator
0.1511535401750199,5075.3,1,1275.24,1288.4,S3,qlearning,1,498,0.25,2.2,1.0,4.0,9.0,0.7,indicator
0.12446518864255153,5252.700000000001,1,1379.0400000000002,1407.0000000000002,S3,qlearning,1,499,0.25,2.2,1.0,4.0,9.0,0.7,indicator
0.17391304347826086,5234.5,0,1506.5200000000002,1542.2000000000003,S3,qlearning,1,500,0.25,2.2,1.0,4.0,9.0,0.7,indicator
0.13518808777429467,5187.900000000001,0,1352.8000000000002,1356.6000000000001,S3,qlearning,1,501,0.25,2.2,1.0,4.0,9.0,0.7,indicator
0.1200960768614892,5143.1,0,1363.32,1394.0,S3,qlearning,1,502,0.25,2.2,1.0,4.0,9.0,0.7,indicator
0.13038324772817067,5152.700000000001,1,1334.4,1354.2,S3,qlearning,1,503,0.25,2.2,1.0,4.0,9.0,0.7,indicator
0.12168543407192153,5756.1,7,1646.44,1687.6000000000001,S3,qlearning,1,504,0.25,2.2,1.0,4.0,9.0,0.7,indicator
0.13671875,5700.700000000001,0,1481.68,1505.8000000000002,S3,qlearning,1,505,0.25,2.2,1.0,4.0,9.0,0.7,indicator
0.11316872427983539,6003.700000000001,1,1564.4800000000002,1566.0000000000002,S3,qlearning,1,506,0.25,2.2,1.0,4.0,9.0,0.7,indicator
0.11494252873563218,4860.55,3,1441.6,1525.2,S3,qlearning,1,507,0.25,2.2,1.0,4.0,9.0,0.7,indicator
0.10857763300760044,5701.1,0,1553.68,1577.6000000000001,S3,qlearning,1,508,0.25,2.2,1.0,4.0,9.0,0.7,indicator
0.15751575157515751,4436.150000000001,0,1282.48,1324.0,S3,qlearning,1,509,0.25,2.2,1.0,4.0,9.0,0.7,indicator
0.1031661330487371,5844.700000000001,2,1601.3200000000002,1619.4,S3,qlearning,1,510,0.25,2.2,1.0,4.0,9.0,0.7,indicator
0.13963039014373715,4916.5,0,1440.96,1521.4,S3,qlearning,1,511,0.25,2.2,1.0,4.0,9.0,0.7,indicator
0.1350192884697814,4783.1,3,1261.9600000000003,1268.8000000000002,S3,qlearning,1,512,0.25,2.2,1.0,4.0,9.0,0.7,indicator
0.11066027296200664,5581.700000000001,0,1396.3200000000002,1397.8000000000002,S3,qlearning,1,513,0.25,2.2,1.0,4.0,9.0,0.7,indicator
0.11801730920535011,5244.900000000001,2,1403.3200000000002,1418.2000000000003,S3,qlearning,1,514,0.25,2.2,1.0,4.0,9.0,0.7,indicator
0.1322463768115942,5670.5,5,1551.72,1600.8000000000002,S3,qlearning,1,515,0.25,2.2,1.0,4.0,9.0,0.7,indicator
0.13899920571882446,5087.1,0,1445.36,1500.2,S3,qlearning,1,516,0.25,2.2,1.0,4.0,9.0,0.7,indicator
0.11887608069164265,5678.700000000001,0,1444.68,1463.8000000000002,S3,qlearning,1,517,0.25,2.2,1.0,4.0,9.0,0.7,indicator
0.1319212188777406,5476.700000000001,0,1577.24,1629.8000000000002,S3,qlearning,1,518,0.25,2.2,1.0,4.0,9.0,0.7,indicator
0.09633547412164714,5524.900000000001,2,1632.0800000000002,1668.6000000000001,S3,qlearning,1,519,0.25,2.2,1.0,4.0,9.0,0.7,indicator
0.11166730843280709,5380.900000000001,2,1601.8000000000002,1632.6000000000001,S3,qlearning,1,520,0.25,2.2,1.0,4.0,9.0,0.7,indicator
0.1386806596701649,5417.6,1,1402.3600000000001,1405.0,S3,qlearning,1,521,0.25,2.2,1.0,4.0,9.0,0.7,indicator
0.10997643362136685,5278.700000000001,2,1343.0,1348.0,S3,qlearning,1,522,0.25,2.2,1.0,4.0,9.0,0.7,indicator
0.16352443247402848,5179.3,0,1338.8,1354.0,S3,qlearning,1,523,0.25,2.2,1.0,4.0,9.0,0.7,indicator
0.1190040278286342,5585.700000000001,0,1462.0400000000002,1464.4,S3,qlearning,1,524,0.25,2.2,1.0,4.0,9.0,0.7,indicator
0.14705882352941177,4616.85,2,1311.08,1339.2,S3,qlearning,1,525,0.25,2.2,1.0,4.0,9.0,0.7,indicator
0.12489233419465978,4731.900000000001,0,1243.7600000000002,1253.6000000000001,S3,qlearning,1,526,0.25,2.2,1.0,4.0,9.0,0.7,indicator
0.13908959537572255,5702.1,7,1490.76,1504.4,S3,qlearning,1,527,0.25,2.2,1.0,4.0,9.0,0.7,indicator
0.16148566814695195,4946.900000000001,0,1227.1200000000001,1229.0,S3,qlearning,1,528,0.25,2.2,1.0,4.0,9.0,0.7,indicator
0.1052833078101072,5440.900000000001,4,1430.72,1468.6000000000001,S3,qlearning,1,529,0.25,2.2,1.0,4.0,9.0,0.7,indicator
0.1225854383358098,5495.900000000001,0,1591.4800000000002,1650.0000000000002,S3,qlearning,1,530,0.25,2.2,1.0,4.0,9.0,0.7,indicator
0.13171759747102213,5790.900000000001,0,1602.72,1621.2,S3,qlearning,1,531,0.25,2.2,1.0,4.0,9.0,0.7,indicator
0.1338055883510429,5149.700000000001,0,1408.44,1443.4,S3,qlearning,1,532,0.25,2.2,1.0,4.0,9.0,0.7,indicator
0.14906832298136646,4908.5,4,1403.4,1490.0000000000002,S3,qlearning,1,533,0.25,2.2,1.0,4.0,9.0,0.7,indicator
0.12248628884826325,5587.5,0,1491.0800000000002,1516.6000000000001,S3,qlearning,1,534,0.25,2.2,1.0,4.0,9.0,0.7,indicator
0.13293650793650794,5124.5,0,1537.84,1571.2,S3,qlearning,1,535,0.25,2.2,1.0,4.0,9.0,0.7,indicator
0.13492968453059673,5359.700000000001,2,1432.68,1481.4,S3,qlearning,1,536,0.25,2.2,1.0,4.0,9.0,0.7,indicator
0.12736236647493837,4955.3,0,1416.08,1475.0,S3,qlearning,1,537,0.25,2.2,1.0,4.0,9.0,0.7,indicator
0.13012477718360071,5715.500000000001,0,1480.1200000000001,1523.2000000000003,S3,qlearning,1,538,0.25,2.2,1.0,4.0,9.0,0.7,indicator
0.1309390198279087,5454.1,2,1507.28,1552.2,S3,qlearning,1,539,0.25,2.2,1.0,4.0,9.0,0.7,indicator
0.1182225845902976,5079.1,3,1409.52,1435.0,S3,qlearning,1,540,0.25,2.2,1.0,4.0,9.0,0.7,indicator
0.13312034078807242,5795.900000000001,3,1579.0000000000002,1581.6000000000001,S3,qlearning,1,541,0.25,2.2,1.0,4.0,9.0,0.7,indicator
0.14606741573033707,5383.5,0,1495.5200000000002,1507.8000000000002,S3,qlearning,1,542,0.25,2.2,1.0,4.0,9.0,0.7,indicator
0.15768958185683912,5641.900000000001,0,1669.04,1708.2,S3,qlearning,1,543,0.25,2.2,1.0,4.0,9.0,0.7,indicator
0.09632536567962897,5876.1,2,1504.56,1561.0,S3,qlearning,1,544,0.25,2.2,1.0,4.0,9.0,0.7,indicator
0.1167608286252354,5436.5,0,1433.4,1474.0,S3,qlearning,1,545,0.25,2.2,1.0,4.0,9.0,0.7,indicator
0.10724852071005918,5599.3,2,1502.3200000000002,1509.8000000000002,S3,qlearning,1,546,0.25,2.2,1.0,4.0,9.0,0.7,indicator
0.10431400282885431,5926.1,4,1582.6,1591.6,S3,qlearning,1,547,0.25,2.2,1.0,4.0,9.0,0.7,indicator
0.11275415896487985,5653.5,4,1440.24,1451.4,S3,qlearning,1,548,0.25,2.2,1.0,4.0,9.0,0.7,indicator
0.15445719329214475,4562.200000000001,1,1198.5200000000002,1206.6000000000001,S3,qlearning,1,549,0.25,2.2,1.0,4.0,9.0,0.7,indicator
0.12235208181154127,5609.1,0,1638.4,1698.4,S3,qlearning,1,550,0.25,2.2,1.0,4.0,9.0,0.7,indicator
0.10987094523892571,5926.900000000001,0,1583.84,1628.2,S3,qlearning,1,551,0.25,2.2,1.0,4.0,9.0,0.7,indicator
0.14084507042253522,5351.900000000001,2,1477.38,1529.8000000000002,S3,qlearning,1,552,0.25,2.2,1.0,4.0,9.0,0.7,indicator
0.12660693416439422,5246.900000000001,1,1376.5600000000002,1400.8000000000002,S3,qlearning,1,553,0.25,2.2,1.0,4.0,9.0,0.7,indicator
0.13575525812619502,5340.5,2,1523.0800000000002,1602.8000000000002,S3,qlearning,1,554,0.25,2.2,1.0,4.0,9.0,0.7,indicator
0.13866559485530547,5057.1,0,1401.04,1415.0,S3,qlearning,1,555,0.25,2.2,1.0,4.0,9.0,0.7,indicator
0.14485165794066318,5798.5,2,1612.6,1693.2,S3,qlearning,1,556,0.25,2.2,1.0,4.0,9.0,0.7,indicator
0.14323911382734913,5311.1,2,1445.84,1476.2,S3,qlearning,1,557,0.25,2.2,1.0,4.0,9.0,0.7,indicator
0.11197828299966067,6054.900000000001,0,1642.2800000000002,1681.8000000000002,S3,qlearning,1,558,0.25,2.2,1.0,4.0,9.0,0.7,indicator
0.14622104063805544,5298.1,0,1423.68,1463.8000000000002,S3,qlearning,1,559,0.25,2.2,1.0,4.0,9.0,0.7,indicator
0.12199497667743094,5743.900000000001,3,1536.92,1565.2,S3,qlearning,1,560,0.25,2.2,1.0,4.0,9.0,0.7,indicator
0.14045968624589567,5548.700000000001,1,1524.0,1529.4,S3,qlearning,1,561,0.25,2.2,1.0,4.0,9.0,0.7,indicator
0.12992125984251968,5174.5,0,1365.4,1384.6000000000001,S3,qlearning,1,562,0.25,2.2,1.0,4.0,9.0,0.7,indicator
0.14623397435897437,5020.700000000001,0,1477.24,1530.0,S3,qlearning,1,563,0.25,2.2,1.0,4.0,9.0,0.7,indicator
0.133406432748538,5558.700000000001,0,1565.4,1620.4,S3,qlearning,1,564,0.25,2.2,1.0,4.0,9.0,0.7,indicator
0.11098981077147016,5739.1,5,1534.8400000000001,1555.8000000000002,S3,qlearning,1,565,0.25,2.2,1.0,4.0,9.0,0.7,indicator
0.143496086470369,5426.1,0,1607.5200000000002,1656.0000000000002,S3,qlearning,1,566,0.25,2.2,1.0,4.0,9.0,0.7,indicator
0.11662347278785636,5555.700000000001,0,1569.1200000000001,1610.6000000000001,S3,qlearning,1,567,0.25,2.2,1.0,4.0,9.0,0.7,indicator
0.11544585987261147,5168.900000000001,1,1405.4,1414.6000000000001,S3,qlearning,1,568,0.25,2.2,1.0,4.0,9.0,0.7,indicator
0.12514665623777865,5213.900000000001,0,1569.88,1668.6000000000001,S3,qlearning,1,569,0.25,2.2,1.0,4.0,9.0,0.7,indicator
0.1331582895723931,5457.700000000001,2,1423.52,1436.0,S3,qlearning,1,570,0.25,2.2,1.0,4.0,9.0,0.7,indicator
0.12013729977116705,5357.900000000001,0,1495.24,1514.0,S3,qlearning,1,571,0.25,2.2,1.0,4.0,9.0,0.7,indicator
0.11671686746987951,5479.700000000001,1,1551.64,1564.4,S3,qlearning,1,572,0.25,2.2,1.0,4.0,9.0,0.7,indicator
0.156480117820324,5432.700000000001,0,1489.72,1535.8000000000002,S3,qlearning,1,573,0.25,2.2,1.0,4.0,9.0,0.7,indicator
0.12433052792654935,5328.3,0,1465.48,1520.4,S3,qlearning,1,574,0.25,2.2,1.0,4.0,9.0,0.7,indicator
0.11598857958601,5751.900000000001,0,1641.9600000000003,1664.8000000000002,S3,qlearning,1,575,0.25,2.2,1.0,4.0,9.0,0.7,indicator
0.14954486345903772,4628.900000000001,0,1296.0,1312.4,S3,qlearning,1,576,0.25,2.2,1.0,4.0,9.0,0.7,indicator
0.13079667063020214,5122.1,0,1465.4,1514.4,S3,qlearning,1,577,0.25,2.2,1.0,4.0,9.0,0.7,indicator
0.15502273666804464,4839.3,0,1430.16,1498.2,S3,qlearning,1,578,0.25,2.2,1.0,4.0,9.0,0.7,indicator
0.1316284317412561,5410.3,1,1589.64,1603.8000000000002,S3,qlearning,1,579,0.25,2.2,1.0,4.0,9.0,0.7,indicator
0.12992125984251968,5207.5,3,1379.92,1388.4,S3,qlearning,1,580,0.25,2.2,1.0,4.0,9.0,0.7,indicator
0.11436070491188602,5540.900000000001,4,1493.64,1503.6000000000001,S3,qlearning,1,581,0.25,2.2,1.0,4.0,9.0,0.7,indicator
0.11273957158962795,5461.700000000001,0,1585.64,1609.8000000000002,S3,qlearning,1,582,0.25,2.2,1.0,4.0,9.0,0.7,indicator
0.11882308562806489,5436.700000000001,0,1458.88,1460.0000000000002,S3,qlearning,1,583,0.25,2.2,1.0,4.0,9.0,0.7,indicator
0.15037593984962405,5378.5,2,1558.92,1582.2,S3,qlearning,1,584,0.25,2.2,1.0,4.0,9.0,0.7,indicator
0.13118440779610194,5473.1,3,1352.0,1363.2,S3,qlearning,1,585,0.25,2.2,1.0,4.0,9.0,0.7,indicator
0.11971567527123082,5464.1,0,1551.6,1609.2,S3,qlearning,1,586,0.25,2.2,1.0,4.0,9.0,0.7,indicator
0.0972834067547724,5676.3,2,1760.64,1858.6000000000001,S3,qlearning,1,587,0.25,2.2,1.0,4.0,9.0,0.7,indicator
0.11303692539562923,5446.3,0,1509.44,1552.8000000000002,S3,qlearning,1,588,0.25,2.2,1.0,4.0,9.0,0.7,indicator
0.10890332441727169,5448.900000000001,4,1433.12,1470.0,S3,qlearning,1,589,0.25,2.2,1.0,4.0,9.0,0.7,indicator
0.12398223538119911,5519.900000000001,0,1571.96,1625.2,S3,qlearning,1,590,0.25,2.2,1.0,4.0,9.0,0.7,indicator
0.13168724279835392,4955.5,2,1361.98,1424.2,S3,qlearning,1,591,0.25,2.2,1.0,4.0,9.0,0.7,indicator
0.10693215339233038,5630.900000000001,2,1527.5200000000002,1554.8000000000002,S3,qlearning,1,592,0.25,2.2,1.0,4.0,9.0,0.7,indicator
0.09532062391681109,6007.500000000001,1,1592.52,1622.2,S3,qlearning,1,593,0.25,2.2,1.0,4.0,9.0,0.7,indicator
0.11419536191145467,5851.700000000001,1,1625.8,1655.2,S3,qlearning,1,594,0.25,2.2,1.0,4.0,9.0,0.7,indicator
0.10692279811525915,5723.3,2,1621.44,1688.8000000000002,S3,qlearning,1,595,0.25,2.2,1.0,4.0,9.0,0.7,indicator
0.14832022873481057,5638.1,1,1478.8400000000001,1497.0000000000002,S3,qlearning,1,596,0.25,2.2,1.0,4.0,9.0,0.7,indicator
0.11853867081228138,5272.1,0,1432.64,1498.8000000000002,S3,qlearning,1,597,0.25,2.2,1.0,4.0,9.0,0.7,indicator
0.12190082644628099,4963.5,2,1402.8799999999999,1459.0,S3,qlearning,1,598,0.25,2.2,1.0,4.0,9.0,0.7,indicator
0.10036496350364964,5694.500000000001,0,1524.9600000000003,1533.0000000000002,S3,qlearning,1,599,0.25,2.2,1.0,4.0,9.0,0.7,indicator
0.12374461979913917,5704.1,1,1586.0,1617.0,S3,qlearning,1,600,0.25,2.2,1.0,4.0,9.0,0.7,indicator
0.1418305597579425,5339.3,0,1423.04,1454.0,S3,qlearning,1,601,0.25,2.2,1.0,4.0,9.0,0.7,indicator
0.14600084638171815,4783.1,2,1206.64,1214.8000000000002,S3,qlearning,1,602,0.25,2.2,1.0,4.0,9.0,0.7,indicator
0.11096389532957933,6207.3,0,1658.16,1672.2,S3,qlearning,1,603,0.25,2.2,1.0,4.0,9.0,0.7,indicator
0.1002551950419249,5729.1,3,1693.72,1775.4,S3,qlearning,1,604,0.25,2.2,1.0,4.0,9.0,0.7,indicator
0.14375230372281608,5473.1,0,1466.64,1506.8000000000002,S3,qlearning,1,605,0.25,2.2,1.0,4.0,9.0,0.7,indicator
0.1407318053880177,5023.900000000001,0,1478.1200000000001,1496.8000000000002,S3,qlearning,1,606,0.25,2.2,1.0,4.0,9.0,0.7,indicator
0.14029180695847362,5416.1,1,1387.46,1412.6000000000001,S3,qlearning,1,607,0.25,2.2,1.0,4.0,9.0,0.7,indicator
0.11086474501108648,5583.700000000001,1,1462.88,1486.0000000000002,S3,qlearning,1,608,0.25,2.2,1.0,4.0,9.0,0.7,indicator
0.11051829268292683,5453.3,2,1502.24,1531.4,S3,qlearning,1,609,0.25,2.2,1.0,4.0,9.0,0.7,indicator
0.14507989907485283,4798.1,1,1277.2,1281.4,S3,qlearning,1,610,0.25,2.2,1.0,4.0,9.0,0.7,indicator
0.11661284535342663,5751.900000000001,3,1474.0400000000002,1500.6000000000001,S3,qlearning,1,611,0.25,2.2,1.0,4.0,9.0,0.7,indicator
0.11095937179924889,6111.3,6,1686.1200000000001,1724.8000000000002,S3,qlearning,1,612,0.25,2.2,1.0,4.0,9.0,0.7,indicator
0.13542795232936078,5629.3,0,1546.48,1549.6000000000001,S3,qlearning,1,613,0.25,2.2,1.0,4.0,9.0,0.7,indicator
0.1180637544273908,5211.700000000001,0,1287.92,1298.6000000000001,S3,qlearning,1,614,0.25,2.2,1.0,4.0,9.0,0.7,indicator
0.12435991221653256,5600.3,2,1709.56,1737.0,S3,qlearning,1,615,0.25,2.2,1.0,4.0,9.0,0.7,indicator
0.10053110773899848,5448.700000000001,0,1562.24,1622.8000000000002,S3,qlearning,1,616,0.25,2.2,1.0,4.0,9.0,0.7,indicator
0.09760589318600368,5647.5,0,1442.2,1457.0,S3,qlearning,1,617,0.25,2.2,1.0,4.0,9.0,0.7,indicator
0.13094798967170787,5521.450000000001,0,1470.0,1502.4,S3,qlearning,1,618,0.25,2.2,1.0,4.0,9.0,0.7,indicator
0.1266984943077488,5571.35,2,1461.0400000000002,1512.6000000000001,S3,qlearning,1,619,0.25,2.2,1.0,4.0,9.0,0.7,indicator
0.13453815261044177,5047.500000000001,0,1348.8000000000002,1366.8000000000002,S3,qlearning,1,620,0.25,2.2,1.0,4.0,9.0,0.7,indicator
0.13305052063247205,5293.1,0,1381.72,1392.2,S3,qlearning,1,621,0.25,2.2,1.0,4.0,9.0,0.7,indicator
0.11977263499796996,5032.1,0,1482.92,1526.8000000000002,S3,qlearning,1,622,0.25,2.2,1.0,4.0,9.0,0.7,indicator
0.12240356083086053,5522.700000000001,0,1517.76,1554.0,S3,qlearning,1,623,0.25,2.2,1.0,4.0,9.0,0.7,indicator
0.13528336380255943,5540.5,0,1483.52,1509.0,S3,qlearning,1,624,0.25,2.2,1.0,4.0,9.0,0.7,indicator
0.1554889471712252,5398.3,3,1672.88,1761.6000000000001,S3,qlearning,1,625,0.25,2.2,1.0,4.0,9.0,0.7,indicator
0.10774287801314829,5637.1,0,1629.32,1694.4,S3,qlearning,1,626,0.25,2.2,1.0,4.0,9.0,0.7,indicator
0.12627214474180173,5438.1,2,1615.3600000000001,1683.4,S3,qlearning,1,627,0.25,2.2,1.0,4.0,9.0,0.7,indicator
0.16251582946390883,4717.3,0,1395.64,1476.0000000000002,S3,qlearning,1,628,0.25,2.2,1.0,4.0,9.0,0.7,indicator
0.13877715205148833,5027.700000000001,0,1439.44,1472.0000000000002,S3,qlearning,1,629,0.25,2.2,1.0,4.0,9.0,0.7,indicator
0.14827327327327328,5354.3,0,1372.3200000000002,1374.2,S3,qlearning,1,630,0.25,2.2,1.0,4.0,9.0,0.7,indicator
0.09272467902995721,5859.3,2,1591.8000000000002,1603.8000000000002,S3,qlearning,1,631,0.25,2.2,1.0,4.0,9.0,0.7,indicator
0.1250459727841118,5571.3,0,1437.6000000000001,1474.8000000000002,S3,qlearning,1,632,0.25,2.2,1.0,4.0,9.0,0.7,indicator
0.11367803447011368,5600.150000000001,0,1531.2,1534.4,S3,qlearning,1,633,0.25,2.2,1.0,4.0,9.0,0.7,indicator
0.13430127041742287,5584.5,0,1435.16,1485.0,S3,qlearning,1,634,0.25,2.2,1.0,4.0,9.0,0.7,indicator
0.13041945717307016,5779.900000000001,0,1606.88,1642.2,S3,qlearning,1,635,0.25,2.2,1.0,4.0,9.0,0.7,indicator
0.1250480954213159,5310.3,0,1441.68,1502.0000000000002,S3,qlearning,1,636,0.25,2.2,1.0,4.0,9.0,0.7,indicator
0.13571990558615263,5152.150000000001,0,1519.92,1616.6000000000001,S3,qlearning,1,637,0.25,2.2,1.0,4.0,9.0,0.7,indicator
0.16371340523882896,5173.700000000001,0,1361.28,1399.6000000000001,S3,qlearning,1,638,0.25,2.2,1.0,4.0,9.0,0.7,indicator
0.12561857632280168,5373.900000000001,1,1416.4,1448.2,S3,qlearning,1,639,0.25,2.2,1.0,4.0,9.0,0.7,indicator
0.1403580146460537,4961.1,0,1264.16,1270.6000000000001,S3,qlearning,1,640,0.25,2.2,1.0,4.0,9.0,0.7,indicator
0.12009149828440717,5388.1,1,1529.1200000000001,1569.8000000000002,S3,qlearning,1,641,0.25,2.2,1.0,4.0,9.0,0.7,indicator
0.11450381679389313,5371.5,0,1572.24,1607.4,S3,qlearning,1,642,0.25,2.2,1.0,4.0,9.0,0.7,indicator
0.10245901639344263,5590.3,1,1363.52,1365.2,S3,qlearning,1,643,0.25,2.2,1.0,4.0,9.0,0.7,indicator
0.10295769374766005,5543.700000000001,2,1525.68,1571.0,S3,qlearning,1,644,0.25,2.2,1.0,4.0,9.0,0.7,indicator
0.1068840579710145,5752.5,4,1533.92,1551.2,S3,qlearning,1,645,0.25,2.2,1.0,4.0,9.0,0.7,indicator
0.13657056145675264,5354.700000000001,0,1531.96,1581.6000000000001,S3,qlearning,1,646,0.25,2.2,1.0,4.0,9.0,0.7,indicator
0.09494743981010512,6147.3,1,1655.24,1689.6000000000001,S3,qlearning,1,647,0.25,2.2,1.0,4.0,9.0,0.7,indicator
0.12836700336700338,4865.700000000001,1,1245.88,1269.0000000000002,S3,qlearning,1,648,0.25,2.2,1.0,4.0,9.0,0.7,indicator
0.11539916761256148,5502.1,6,1458.5200000000002,1480.6000000000001,S3,qlearning,1,649,0.25,2.2,1.0,4.0,9.0,0.7,indicator
0.12509773260359655,5231.1,0,1597.48,1672.0000000000002,S3,qlearning,1,650,0.25,2.2,1.0,4.0,9.0,0.7,indicator
0.11853867081228138,5277.1,0,1386.32,1440.2,S3,qlearning,1,651,0.25,2.2,1.0,4.0,9.0,0.7,indicator
0.12482168330955777,5720.3,0,1673.96,1705.2,S3,qlearning,1,652,0.25,2.2,1.0,4.0,9.0,0.7,indicator
0.1226478494623656,6099.700000000001,1,1783.44,1833.8000000000002,S3,qlearning,1,653,0.25,2.2,1.0,4.0,9.0,0.7,indicator
0.10815602836879433,5831.500000000001,2,1654.88,1694.4,S3,qlearning,1,654,0.25,2.2,1.0,4.0,9.0,0.7,indicator
0.11450381679389313,5748.700000000001,7,1537.96,1558.4,S3,qlearning,1,655,0.25,2.2,1.0,4.0,9.0,0.7,indicator
0.11632200886262925,5587.1,2,1540.64,1561.4,S3,qlearning,1,656,0.25,2.2,1.0,4.0,9.0,0.7,indicator
0.15129151291512916,5463.5,2,1347.8000000000002,1352.0000000000002,S3,qlearning,1,657,0.25,2.2,1.0,4.0,9.0,0.7,indicator
0.11524163568773234,5526.5,1,1525.16,1576.0,S3,qlearning,1,658,0.25,2.2,1.0,4.0,9.0,0.7,indicator
0.14243820695433598,4835.900000000001,0,1351.6000000000001,1397.6000000000001,S3,qlearning,1,659,0.25,2.2,1.0,4.0,9.0,0.7,indicator
0.13186813186813187,5541.500000000001,0,1571.0,1637.4,S3,qlearning,1,660,0.25,2.2,1.0,4.0,9.0,0.7,indicator
0.14432206608431447,5319.1,0,1309.48,1310.2,S3,qlearning,1,661,0.25,2.2,1.0,4.0,9.0,0.7,indicator
0.12917329093799682,5132.700000000001,0,1408.7200000000003,1459.2000000000003,S3,qlearning,1,662,0.25,2.2,1.0,4.0,9.0,0.7,indicator
0.13425253991291727,5633.700000000001,3,1546.0800000000002,1582.4,S3,qlearning,1,663,0.25,2.2,1.0,4.0,9.0,0.7,indicator
0.13815291445874336,5351.900000000001,0,1531.8400000000001,1555.0000000000002,S3,qlearning,1,664,0.25,2.2,1.0,4.0,9.0,0.7,indicator
0.12796386902521642,5404.900000000001,0,1384.48,1386.4,S3,qlearning,1,665,0.25,2.2,1.0,4.0,9.0,0.7,indicator
0.14311926605504588,5494.5,0,1560.0400000000002,1565.6000000000001,S3,qlearning,1,666,0.25,2.2,1.0,4.0,9.0,0.7,indicator
0.10007698229407236,5371.1,0,1444.68,1447.6000000000001,S3,qlearning,1,667,0.25,2.2,1.0,4.0,9.0,0.7,indicator
0.15026759983532317,4878.3,0,1569.96,1681.0000000000002,S3,qlearning,1,668,0.25,2.2,1.0,4.0,9.0,0.7,indicator
0.10893648449039882,5571.1,0,1545.64,1548.4,S3,qlearning,1,669,0.25,2.2,1.0,4.0,9.0,0.7,indicator
0.12238382405108195,5814.3,3,1515.44,1539.8000000000002,S3,qlearning,1,670,0.25,2.2,1.0,4.0,9.0,0.7,indicator
0.14106583072100312,5162.900000000001,1,1413.12,1443.0,S3,qlearning,1,671,0.25,2.2,1.0,4.0,9.0,0.7,indicator
0.1277445109780439,5109.5,0,1312.0800000000002,1313.4,S3,qlearning,1,672,0.25,2.2,1.0,4.0,9.0,0.7,indicator
0.1479174776177501,5163.3,0,1332.96,1348.6000000000001,S3,qlearning,1,673,0.25,2.2,1.0,4.0,9.0,0.7,indicator
0.12355212355212356,5311.500000000001,0,1366.64,1377.6000000000001,S3,qlearning,1,674,0.25,2.2,1.0,4.0,9.0,0.7,indicator
0.09600614439324116,5515.3,5,1411.4,1454.4,S3,qlearning,1,675,0.25,2.2,1.0,4.0,9.0,0.7,indicator
0.1037636299683433,5868.1,0,1534.08,1537.0,S3,qlearning,1,676,0.25,2.2,1.0,4.0,9.0,0.7,indicator
0.13118916631400762,4833.1,3,1294.1200000000001,1313.2,S3,qlearning,1,677,0.25,2.2,1.0,4.0,9.0,0.7,indicator
0.11588145896656535,5408.900000000001,1,1481.24,1492.2,S3,qlearning,1,678,0.25,2.2,1.0,4.0,9.0,0.7,indicator
0.1206181681115718,5424.1,0,1647.8,1745.6000000000001,S3,qlearning,1,679,0.25,2.2,1.0,4.0,9.0,0.7,indicator
0.14084507042253522,5017.75,0,1516.3200000000002,1535.4,S3,qlearning,1,680,0.25,2.2,1.0,4.0,9.0,0.7,indicator
0.13234634365186182,4563.3,2,1399.88,1482.4,S3,qlearning,1,681,0.25,2.2,1.0,4.0,9.0,0.7,indicator
0.1062596599690881,5364.1,1,1452.2800000000002,1474.8000000000002,S3,qlearning,1,682,0.25,2.2,1.0,4.0,9.0,0.7,indicator
0.13763007720711648,6042.3,1,1557.5600000000002,1568.8000000000002,S3,qlearning,1,683,0.25,2.2,1.0,4.0,9.0,0.7,indicator
0.11106855610877059,5419.700000000001,4,1734.92,1776.2000000000003,S3,qlearning,1,684,0.25,2.2,1.0,4.0,9.0,0.7,indicator
0.12177121771217712,5533.500000000001,0,1459.5200000000002,1469.4,S3,qlearning,1,685,0.25,2.2,1.0,4.0,9.0,0.7,indicator
0.11611541168191415,5838.900000000001,0,1666.16,1733.2000000000003,S3,qlearning,1,686,0.25,2.2,1.0,4.0,9.0,0.7,indicator
0.1441031475161168,5312.900000000001,0,1512.68,1541.8000000000002,S3,qlearning,1,687,0.25,2.2,1.0,4.0,9.0,0.7,indicator
0.15838011226944668,5013.3,1,1378.0000000000002,1392.8000000000002,S3,qlearning,1,688,0.25,2.2,1.0,4.0,9.0,0.7,indicator
0.1529108327192336,5440.3,0,1513.92,1551.2,S3,qlearning,1,689,0.25,2.2,1.0,4.0,9.0,0.7,indicator
0.11299435028248588,5116.1,1,1469.32,1508.0,S3,qlearning,1,690,0.25,2.2,1.0,4.0,9.0,0.7,indicator
0.11119212541013489,5682.1,2,1467.96,1483.2,S3,qlearning,1,691,0.25,2.2,1.0,4.0,9.0,0.7,indicator
0.148397309062129,5102.900000000001,2,1385.44,1396.6000000000001,S3,qlearning,1,692,0.25,2.2,1.0,4.0,9.0,0.7,indicator
0.13795542978422357,5718.900000000001,0,1648.28,1693.6000000000001,S3,qlearning,1,693,0.25,2.2,1.0,4.0,9.0,0.7,indicator
0.10424028268551237,5839.500000000001,0,1534.0,1552.2,S3,qlearning,1,694,0.25,2.2,1.0,4.0,9.0,0.7,indicator
0.11880789367700363,5076.1,0,1349.0400000000002,1388.6000000000001,S3,qlearning,1,695,0.25,2.2,1.0,4.0,9.0,0.7,indicator
0.09529366005445351,5329.700000000001,0,1338.64,1368.0000000000002,S3,qlearning,1,696,0.25,2.2,1.0,4.0,9.0,0.7,indicator
0.13221153846153846,5062.700000000001,0,1303.92,1328.2,S3,qlearning,1,697,0.25,2.2,1.0,4.0,9.0,0.7,indicator
0.12834821428571427,5492.1,0,1412.4400000000003,1427.0000000000002,S3,qlearning,1,698,0.25,2.2,1.0,4.0,9.0,0.7,indicator
0.13580719204284622,5313.55,0,1499.76,1532.0,S3,qlearning,1,699,0.25,2.2,1.0,4.0,9.0,0.7,indicator
0.13157894736842105,5290.3,2,1437.6800000000003,1469.2000000000003,S3,qlearning,1,700,0.25,2.2,1.0,4.0,9.0,0.7,indicator
0.10943667025475422,5732.900000000001,0,1469.0400000000002,1495.6000000000001,S3,qlearning,1,701,0.25,2.2,1.0,4.0,9.0,0.7,indicator
0.10181818181818182,5686.500000000001,0,1542.0400000000002,1592.2000000000003,S3,qlearning,1,702,0.25,2.2,1.0,4.0,9.0,0.7,indicator
0.1405700898086685,5174.700000000001,0,1408.44,1442.0,S3,qlearning,1,703,0.25,2.2,1.0,4.0,9.0,0.7,indicator
0.12504402958788305,5813.3,2,1572.68,1620.0000000000002,S3,qlearning,1,704,0.25,2.2,1.0,4.0,9.0,0.7,indicator
0.1405384006334125,5137.700000000001,3,1347.8400000000001,1357.2,S3,qlearning,1,705,0.25,2.2,1.0,4.0,9.0,0.7,indicator
0.16196646341463414,5250.3,0,1388.76,1398.0,S3,qlearning,1,706,0.25,2.2,1.0,4.0,9.0,0.7,indicator
0.11728617827499098,5716.700000000001,1,1654.8400000000001,1695.8000000000002,S3,qlearning,1,707,0.25,2.2,1.0,4.0,9.0,0.7,indicator
0.1759788825340959,4514.1,2,1205.2,1217.4,S3,qlearning,1,708,0.25,2.2,1.0,4.0,9.0,0.7,indicator
0.11380597014925373,5567.5,4,1399.88,1415.8000000000002,S3,qlearning,1,709,0.25,2.2,1.0,4.0,9.0,0.7,indicator
0.09970993473531545,5784.1,5,1655.76,1704.4,S3,qlearning,1,710,0.25,2.2,1.0,4.0,9.0,0.7,indicator
0.14879885263535317,5638.3,1,1560.64,1582.6000000000001,S3,qlearning,1,711,0.25,2.2,1.0,4.0,9.0,0.7,indicator
0.11434108527131782,5289.500000000001,0,1465.16,1505.2000000000003,S3,qlearning,1,712,0.25,2.2,1.0,4.0,9.0,0.7,indicator
0.13613380007779075,5220.700000000001,1,1497.92,1546.2,S3,qlearning,1,713,0.25,2.2,1.0,4.0,9.0,0.7,indicator
0.1085814360770578,5891.5,0,1581.52,1598.2,S3,qlearning,1,714,0.25,2.2,1.0,4.0,9.0,0.7,indicator
0.1126573889993373,6242.1,3,1772.96,1805.4,S3,qlearning,1,715,0.25,2.2,1.0,4.0,9.0,0.7,indicator
0.10461760461760462,5721.900000000001,0,1481.36,1536.2,S3,qlearning,1,716,0.25,2.2,1.0,4.0,9.0,0.7,indicator
0.14396887159533073,5235.5,3,1482.92,1523.6000000000001,S3,qlearning,1,717,0.25,2.2,1.0,4.0,9.0,0.7,indicator
0.10211524434719182,5719.900000000001,2,1428.44,1439.4,S3,qlearning,1,718,0.25,2.2,1.0,4.0,9.0,0.7,indicator
0.1586998087954111,5222.500000000001,0,1420.88,1463.6000000000001,S3,qlearning,1,719,0.25,2.2,1.0,4.0,9.0,0.7,indicator
0.11615439599714081,5748.1,0,1499.32,1508.0,S3,qlearning,1,720,0.25,2.2,1.0,4.0,9.0,0.7,indicator
0.15876052027543994,5220.3,0,1489.12,1543.0,S3,qlearning,1,721,0.25,2.2,1.0,4.0,9.0,0.7,indicator
0.10882238631947143,5312.1,0,1441.76,1460.2,S3,qlearning,1,722,0.25,2.2,1.0,4.0,9.0,0.7,indicator
0.1090767432800935,5278.900000000001,0,1501.7200000000003,1562.0000000000002,S3,qlearning,1,723,0.25,2.2,1.0,4.0,9.0,0.7,indicator
0.1322345726331928,5294.3,0,1475.28,1537.4,S3,qlearning,1,724,0.25,2.2,1.0,4.0,9.0,0.7,indicator
0.16390041493775934,4834.5,3,1422.0400000000002,1466.2000000000003,S3,qlearning,1,725,0.25,2.2,1.0,4.0,9.0,0.7,indicator
0.12199563000728332,5606.700000000001,0,1424.44,1435.0,S3,qlearning,1,726,0.25,2.2,1.0,4.0,9.0,0.7,indicator
0.153279006596818,5175.900000000001,1,1333.48,1336.6000000000001,S3,qlearning,1,727,0.25,2.2,1.0,4.0,9.0,0.7,indicator
0.1398188263095707,5127.3,0,1368.3600000000001,1379.2,S3,qlearning,1,728,0.25,2.2,1.0,4.0,9.0,0.7,indicator
0.13964313421256788,5224.1,1,1407.4,1431.0,S3,qlearning,1,729,0.25,2.2,1.0,4.0,9.0,0.7,indicator
0.14939852541715173,5189.900000000001,0,1449.3600000000001,1520.8000000000002,S3,qlearning,1,730,0.25,2.2,1.0,4.0,9.0,0.7,indicator
0.10951812027080844,5180.700000000001,0,1446.0,1476.2,S3,qlearning,1,731,0.25,2.2,1.0,4.0,9.0,0.7,indicator
0.10803024846957147,5738.900000000001,1,1529.7200000000003,1544.8000000000002,S3,qlearning,1,732,0.25,2.2,1.0,4.0,9.0,0.7,indicator
0.1209992193598751,5262.900000000001,2,1447.48,1475.2,S3,qlearning,1,733,0.25,2.2,1.0,4.0,9.0,0.7,indicator
0.1143560872624912,5846.900000000001,1,1591.52,1592.4,S3,qlearning,1,734,0.25,2.2,1.0,4.0,9.0,0.7,indicator
0.13979318268862506,5346.700000000001,5,1468.4,1488.4,S3,qlearning,1,735,0.25,2.2,1.0,4.0,9.0,0.7,indicator
0.1323360184119678,5308.900000000001,0,1545.48,1615.6000000000001,S3,qlearning,1,736,0.25,2.2,1.0,4.0,9.0,0.7,indicator
0.14683734939759036,5362.700000000001,0,1406.4,1428.2,S3,qlearning,1,737,0.25,2.2,1.0,4.0,9.0,0.7,indicator
0.12267788293024887,5873.1,3,1712.5200000000002,1739.0000000000002,S3,qlearning,1,738,0.25,2.2,1.0,4.0,9.0,0.7,indicator
0.12857660268018833,5628.700000000001,1,1531.5600000000002,1542.6000000000001,S3,qlearning,1,739,0.25,2.2,1.0,4.0,9.0,0.7,indicator
0.148,5023.5,0,1415.72,1431.6000000000001,S3,qlearning,1,740,0.25,2.2,1.0,4.0,9.0,0.7,indicator
0.140946873870618,5620.900000000001,2,1532.28,1558.2,S3,qlearning,1,741,0.25,2.2,1.0,4.0,9.0,0.7,indicator
0.11397058823529412,5589.5,0,1470.56,1486.2,S3,qlearning,1,742,0.25,2.2,1.0,4.0,9.0,0.7,indicator
0.14723203769140164,5145.900000000001,0,1343.88,1349.8000000000002,S3,qlearning,1,743,0.25,2.2,1.0,4.0,9.0,0.7,indicator
0.1094632768361582,5843.900000000001,1,1612.96,1669.8000000000002,S3,qlearning,1,744,0.25,2.2,1.0,4.0,9.0,0.7,indicator
0.10535405872193437,5980.5,0,1607.52,1672.2,S3,qlearning,1,745,0.25,2.2,1.0,4.0,9.0,0.7,indicator
0.1383946223803875,5126.3,0,1496.8,1554.0,S3,qlearning,1,746,0.25,2.2,1.0,4.0,9.0,0.7,indicator
0.14014839241549876,4939.700000000001,3,1313.3600000000001,1316.2,S3,qlearning,1,747,0.25,2.2,1.0,4.0,9.0,0.7,indicator
0.12382075471698113,5239.3,1,1427.0000000000002,1445.8000000000002,S3,qlearning,1,748,0.25,2.2,1.0,4.0,9.0,0.7,indicator
0.11258041458184417,5745.1,0,1660.84,1690.2,S3,qlearning,1,749,0.25,2.2,1.0,4.0,9.0,0.7,indicator
0.10617760617760617,5353.500000000001,1,1507.7600000000002,1519.8000000000002,S3,qlearning,1,750,0.25,2.2,1.0,4.0,9.0,0.7,indicator
0.13424052960647298,5548.3,1,1486.2000000000003,1494.8000000000002,S3,qlearning,1,751,0.25,2.2,1.0,4.0,9.0,0.7,indicator
0.13560635412630764,5225.700000000001,0,1481.0800000000002,1488.4,S3,qlearning,1,752,0.25,2.2,1.0,4.0,9.0,0.7,indicator
0.14501633986928106,4927.1,0,1392.44,1418.4,S3,qlearning,1,753,0.25,2.2,1.0,4.0,9.0,0.7,indicator
0.12163656468853667,5545.1,0,1534.0400000000002,1550.0000000000002,S3,qlearning,1,754,0.25,2.2,1.0,4.0,9.0,0.7,indicator
0.10954326030449313,5576.1,0,1480.92,1512.0,S3,qlearning,1,755,0.25,2.2,1.0,4.0,9.0,0.7,indicator
0.11585365853658537,5037.5,0,1413.4,1441.6000000000001,S3,qlearning,1,756,0.25,2.2,1.0,4.0,9.0,0.7,indicator
0.125,5379.5,0,1570.2,1617.2,S3,qlearning,1,757,0.25,2.2,1.0,4.0,9.0,0.7,indicator
0.12117822520507084,5502.900000000001,0,1369.2400000000002,1370.8000000000002,S3,qlearning,1,758,0.25,2.2,1.0,4.0,9.0,0.7,indicator
0.1529229578010066,5221.1,2,1371.8000000000002,1384.6000000000001,S3,qlearning,1,759,0.25,2.2,1.0,4.0,9.0,0.7,indicator
0.1416636396658191,5599.1,3,1534.52,1571.0,S3,qlearning,1,760,0.25,2.2,1.0,4.0,9.0,0.7,indicator
0.10219530658591976,5524.900000000001,3,1581.5600000000002,1602.4,S3,qlearning,1,761,0.25,2.2,1.0,4.0,9.0,0.7,indicator
0.12545394519643446,6175.3,0,1708.52,1729.2,S3,qlearning,1,762,0.25,2.2,1.0,4.0,9.0,0.7,indicator
0.12815884476534295,5680.5,2,1574.16,1588.8000000000002,S3,qlearning,1,763,0.25,2.2,1.0,4.0,9.0,0.7,indicator
0.11537030145143283,5544.900000000001,1,1454.3600000000001,1487.8000000000002,S3,qlearning,1,764,0.25,2.2,1.0,4.0,9.0,0.7,indicator
0.11213955144179423,5799.3,2,1480.68,1503.4,S3,qlearning,1,765,0.25,2.2,1.0,4.0,9.0,0.7,indicator
0.1377513030528667,5432.700000000001,0,1444.4800000000002,1446.8000000000002,S3,qlearning,1,766,0.25,2.2,1.0,4.0,9.0,0.7,indicator
0.10930888575458392,5854.700000000001,0,1682.16,1711.2,S3,qlearning,1,767,0.25,2.2,1.0,4.0,9.0,0.7,indicator
0.1510738987986895,5538.900000000001,2,1649.1599999999999,1722.0,S3,qlearning,1,768,0.25,2.2,1.0,4.0,9.0,0.7,indicator
0.13723150357995226,5114.3,0,1360.0800000000002,1387.6000000000001,S3,qlearning,1,769,0.25,2.2,1.0,4.0,9.0,0.7,indicator
0.1528709917971663,5380.900000000001,0,1550.16,1609.0000000000002,S3,qlearning,1,770,0.25,2.2,1.0,4.0,9.0,0.7,indicator
0.14518002322880372,5200.1,0,1537.2,1538.4,S3,qlearning,1,771,0.25,2.2,1.0,4.0,9.0,0.7,indicator
0.11645962732919254,5332.700000000001,3,1332.04,1339.2,S3,qlearning,1,772,0.25,2.2,1.0,4.0,9.0,0.7,indicator
0.1288756070227867,5447.900000000001,0,1377.5600000000002,1393.4,S3,qlearning,1,773,0.25,2.2,1.0,4.0,9.0,0.7,indicator
0.12268847795163584,5739.900000000001,0,1405.3200000000002,1413.4,S3,qlearning,1,774,0.25,2.2,1.0,4.0,9.0,0.7,indicator
0.14552641034854474,5619.1,0,1516.1200000000001,1535.2,S3,qlearning,1,775,0.25,2.2,1.0,4.0,9.0,0.7,indicator
0.13122346584330374,5279.700000000001,0,1467.2,1473.0,S3,qlearning,1,776,0.25,2.2,1.0,4.0,9.0,0.7,indicator
0.09249183895538629,5740.900000000001,0,1657.64,1731.0000000000002,S3,qlearning,1,777,0.25,2.2,1.0,4.0,9.0,0.7,indicator
0.12839325018341893,5548.700000000001,0,1499.8000000000002,1506.4,S3,qlearning,1,778,0.25,2.2,1.0,4.0,9.0,0.7,indicator
0.11521580102414046,5619.3,0,1627.1200000000001,1689.0000000000002,S3,qlearning,1,779,0.25,2.2,1.0,4.0,9.0,0.7,indicator
0.11859086152772934,5876.900000000001,0,1623.1200000000001,1666.4,S3,qlearning,1,780,0.25,2.2,1.0,4.0,9.0,0.7,indicator
0.1455745341614907,5199.700000000001,0,1464.2800000000002,1532.0000000000002,S3,qlearning,1,781,0.25,2.2,1.0,4.0,9.0,0.7,indicator
0.13916500994035785,5090.5,0,1412.72,1447.6000000000001,S3,qlearning,1,782,0.25,2.2,1.0,4.0,9.0,0.7,indicator
0.1482059282371295,5172.3,0,1392.2000000000003,1402.8000000000002,S3,qlearning,1,783,0.25,2.2,1.0,4.0,9.0,0.7,indicator
0.10339445961763559,5311.1,1,1515.44,1540.6000000000001,S3,qlearning,1,784,0.25,2.2,1.0,4.0,9.0,0.7,indicator
0.1225296442687747,5181.5,0,1415.0000000000002,1416.8000000000002,S3,qlearning,1,785,0.25,2.2,1.0,4.0,9.0,0.7,indicator
0.12856012658227847,5154.1,0,1477.48,1516.8000000000002,S3,qlearning,1,786,0.25,2.2,1.0,4.0,9.0,0.7,indicator
0.1035814606741573,5884.1,0,1598.72,1613.6000000000001,S3,qlearning,1,787,0.25,2.2,1.0,4.0,9.0,0.7,indicator
0.13132105056840454,5198.700000000001,1,1469.3600000000001,1481.0000000000002,S3,qlearning,1,788,0.25,2.2,1.0,4.0,9.0,0.7,indicator
0.09724186704384724,5879.1,0,1504.0,1523.4,S3,qlearning,1,789,0.25,2.2,1.0,4.0,9.0,0.7,indicator
0.14354066985645933,5114.1,4,1480.72,1512.8000000000002,S3,qlearning,1,790,0.25,2.2,1.0,4.0,9.0,0.7,indicator
0.14683153013910355,5210.1,0,1399.3200000000002,1407.0000000000002,S3,qlearning,1,791,0.25,2.2,1.0,4.0,9.0,0.7,indicator
0.15390846496557312,4968.3,0,1305.64,1334.4,S3,qlearning,1,792,0.25,2.2,1.0,4.0,9.0,0.7,indicator
0.10140117994100295,5620.150000000001,0,1510.16,1523.6000000000001,S3,qlearning,1,793,0.25,2.2,1.0,4.0,9.0,0.7,indicator
0.1255980861244019,5117.1,0,1443.72,1448.4,S3,qlearning,1,794,0.25,2.2,1.0,4.0,9.0,0.7,indicator
0.10916179337231968,5382.5,8,1486.64,1511.6000000000001,S3,qlearning,1,795,0.25,2.2,1.0,4.0,9.0,0.7,indicator
0.14464425332290853,5194.1,3,1330.7200000000003,1345.8000000000002,S3,qlearning,1,796,0.25,2.2,1.0,4.0,9.0,0.7,indicator
0.10905730129390019,5579.5,0,1611.0800000000002,1679.6000000000001,S3,qlearning,1,797,0.25,2.2,1.0,4.0,9.0,0.7,indicator
0.12855209742895804,6027.700000000001,1,1654.7600000000002,1704.8000000000002,S3,qlearning,1,798,0.25,2.2,1.0,4.0,9.0,0.7,indicator
0.1192368839427663,5185.700000000001,3,1354.5600000000002,1381.6000000000001,S3,qlearning,1,799,0.25,2.2,1.0,4.0,9.0,0.7,indicator
0.12456140350877193,5824.5,1,1676.48,1711.0,S3,qlearning,1,800,0.25,2.2,1.0,4.0,9.0,0.7,indicator
0.11153846153846154,5387.5,3,1473.52,1514.4,S3,qlearning,1,801,0.25,2.2,1.0,4.0,9.0,0.7,indicator
0.11651676206050696,5124.700000000001,5,1281.8000000000002,1286.4,S3,qlearning,1,802,0.25,2.2,1.0,4.0,9.0,0.7,indicator
0.13271028037383178,5441.5,0,1469.72,1493.0,S3,qlearning,1,803,0.25,2.2,1.0,4.0,9.0,0.7,indicator
0.11913229018492176,5761.900000000001,0,1585.24,1602.4,S3,qlearning,1,804,0.25,2.2,1.0,4.0,9.0,0.7,indicator
0.10742898761835397,5667.700000000001,1,1377.5600000000002,1380.4,S3,qlearning,1,805,0.25,2.2,1.0,4.0,9.0,0.7,indicator
0.13929088277858176,5624.3,2,1700.0400000000002,1782.2000000000003,S3,qlearning,1,806,0.25,2.2,1.0,4.0,9.0,0.7,indicator
0.14301230992034758,5612.900000000001,3,1555.0,1582.6000000000001,S3,qlearning,1,807,0.25,2.2,1.0,4.0,9.0,0.7,indicator
0.1243691420331651,5693.3,1,1649.88,1678.2,S3,qlearning,1,808,0.25,2.2,1.0,4.0,9.0,0.7,indicator
0.1193444959030994,5798.900000000001,3,1501.7200000000003,1508.8000000000002,S3,qlearning,1,809,0.25,2.2,1.0,4.0,9.0,0.7,indicator
0.11593118922961855,5478.3,0,1523.4,1581.8000000000002,S3,qlearning,1,810,0.25,2.2,1.0,4.0,9.0,0.7,indicator
0.14223982715160244,5602.900000000001,0,1473.0800000000002,1491.2,S3,qlearning,1,811,0.25,2.2,1.0,4.0,9.0,0.7,indicator
0.12371862849063273,5797.3,2,1548.88,1570.0,S3,qlearning,1,812,0.25,2.2,1.0,4.0,9.0,0.7,indicator
0.12237762237762238,5880.5,2,1682.2,1711.0,S3,qlearning,1,813,0.25,2.2,1.0,4.0,9.0,0.7,indicator
0.12226277372262774,5613.5,0,1441.4,1469.0,S3,qlearning,1,814,0.25,2.2,1.0,4.0,9.0,0.7,indicator
0.12364760432766615,5359.1,2,1386.8400000000001,1392.4,S3,qlearning,1,815,0.25,2.2,1.0,4.0,9.0,0.7,indicator
0.1239946380697051,6106.3,1,1601.2800000000002,1627.4,S3,qlearning,1,816,0.25,2.2,1.0,4.0,9.0,0.7,indicator
0.12648524338827136,5337.05,0,1449.2700000000002,1462.8000000000002,S3,qlearning,1,817,0.25,2.2,1.0,4.0,9.0,0.7,indicator
0.12800620636152055,5283.1,2,1347.48,1367.6000000000001,S3,qlearning,1,818,0.25,2.2,1.0,4.0,9.0,0.7,indicator
0.15649149922720249,5175.1,0,1506.72,1530.4,S3,qlearning,1,819,0.25,2.2,1.0,4.0,9.0,0.7,indicator
0.1465550057099353,5294.900000000001,0,1449.44,1464.4,S3,qlearning,1,820,0.25,2.2,1.0,4.0,9.0,0.7,indicator
0.12316176470588236,5592.500000000001,3,1536.7600000000002,1548.6000000000001,S3,qlearning,1,821,0.25,2.2,1.0,4.0,9.0,0.7,indicator
0.10956521739130434,5918.5,0,1549.2000000000003,1564.8000000000002,S3,qlearning,1,822,0.25,2.2,1.0,4.0,9.0,0.7,indicator
0.11310711909514305,6212.700000000001,2,1705.3600000000001,1733.2000000000003,S3,qlearning,1,823,0.25,2.2,1.0,4.0,9.0,0.7,indicator
0.14273893256102607,4887.900000000001,1,1312.28,1313.4,S3,qlearning,1,824,0.25,2.2,1.0,4.0,9.0,0.7,indicator
0.12800917080626673,5348.900000000001,2,1485.92,1527.8000000000002,S3,qlearning,1,825,0.25,2.2,1.0,4.0,9.0,0.7,indicator
0.1170018281535649,5637.500000000001,1,1557.7600000000002,1620.0000000000002,S3,qlearning,1,826,0.25,2.2,1.0,4.0,9.0,0.7,indicator
0.13363879343260787,5309.3,0,1450.8400000000001,1457.6000000000001,S3,qlearning,1,827,0.25,2.2,1.0,4.0,9.0,0.7,indicator
0.1294559099437148,5473.5,2,1558.96,1604.4,S3,qlearning,1,828,0.25,2.2,1.0,4.0,9.0,0.7,indicator
0.11969111969111969,5313.5,0,1403.16,1409.2,S3,qlearning,1,829,0.25,2.2,1.0,4.0,9.0,0.7,indicator
0.1079414032382421,5356.3,1,1422.76,1453.4,S3,qlearning,1,830,0.25,2.2,1.0,4.0,9.0,0.7,indicator
0.16455194290245836,5017.900000000001,0,1317.76,1332.4,S3,qlearning,1,831,0.25,2.2,1.0,4.0,9.0,0.7,indicator
0.16625397948355147,5626.900000000001,0,1509.64,1525.0,S3,qlearning,1,832,0.25,2.2,1.0,4.0,9.0,0.7,indicator
0.12906846240179573,5478.1,3,1658.92,1725.0000000000002,S3,qlearning,1,833,0.25,2.2,1.0,4.0,9.0,0.7,indicator
0.1356521739130435,5824.500000000001,0,1456.76,1485.6000000000001,S3,qlearning,1,834,0.25,2.2,1.0,4.0,9.0,0.7,indicator
0.13132483584395518,5265.3,0,1471.2800000000002,1546.8000000000002,S3,qlearning,1,835,0.25,2.2,1.0,4.0,9.0,0.7,indicator
0.11698265429608713,5115.3,1,1381.1200000000001,1389.8000000000002,S3,qlearning,1,836,0.25,2.2,1.0,4.0,9.0,0.7,indicator
0.12261089073205914,5703.1,3,1540.0800000000002,1585.0000000000002,S3,qlearning,1,837,0.25,2.2,1.0,4.0,9.0,0.7,indicator
0.11470281543274244,5999.900000000001,7,1547.76,1548.2,S3,qlearning,1,838,0.25,2.2,1.0,4.0,9.0,0.7,indicator
0.0946676970633694,5367.1,0,1393.1200000000003,1395.2000000000003,S3,qlearning,1,839,0.25,2.2,1.0,4.0,9.0,0.7,indicator
0.11802173098538779,5496.3,0,1543.26,1613.0,S3,qlearning,1,840,0.25,2.2,1.0,4.0,9.0,0.7,indicator
0.15318146111547526,5100.700000000001,0,1426.8000000000002,1453.6000000000001,S3,qlearning,1,841,0.25,2.2,1.0,4.0,9.0,0.7,indicator
0.1421608448415922,4980.650000000001,0,1408.04,1433.0,S3,qlearning,1,842,0.25,2.2,1.0,4.0,9.0,0.7,indicator
0.1446280991735537,4913.0,0,1470.92,1523.6000000000001,S3,qlearning,1,843,0.25,2.2,1.0,4.0,9.0,0.7,indicator
0.15666794038975926,5282.900000000001,2,1322.16,1329.6000000000001,S3,qlearning,1,844,0.25,2.2,1.0,4.0,9.0,0.7,indicator
0.15370018975332067,5319.5,2,1382.84,1388.0,S3,qlearning,1,845,0.25,2.2,1.0,4.0,9.0,0.7,indicator
0.11312217194570136,5454.900000000001,1,1470.16,1477.4,S3,qlearning,1,846,0.25,2.2,1.0,4.0,9.0,0.7,indicator
0.12160733168840324,5876.900000000001,4,1589.0400000000002,1590.8000000000002,S3,qlearning,1,847,0.25,2.2,1.0,4.0,9.0,0.7,indicator
0.13147249190938512,5090.900000000001,5,1355.1200000000001,1362.0,S3,qlearning,1,848,0.25,2.2,1.0,4.0,9.0,0.7,indicator
0.11323003575685339,5162.900000000001,0,1407.52,1470.2,S3,qlearning,1,849,0.25,2.2,1.0,4.0,9.0,0.7,indicator
0.13302926643861648,5357.700000000001,0,1493.92,1502.6000000000001,S3,qlearning,1,850,0.25,2.2,1.0,4.0,9.0,0.7,indicator
0.12654012654012653,6138.1,0,1679.88,1684.0000000000002,S3,qlearning,1,851,0.25,2.2,1.0,4.0,9.0,0.7,indicator
0.1389403482771397,5484.05,1,1554.67,1589.6000000000001,S3,qlearning,1,852,0.25,2.2,1.0,4.0,9.0,0.7,indicator
0.13935340022296544,5483.700000000001,2,1672.8000000000002,1723.6000000000001,S3,qlearning,1,853,0.25,2.2,1.0,4.0,9.0,0.7,indicator
0.11527873365450791,5971.700000000001,1,1642.52,1666.4,S3,qlearning,1,854,0.25,2.2,1.0,4.0,9.0,0.7,indicator
0.12442572741194487,5328.900000000001,0,1360.2,1371.6000000000001,S3,qlearning,1,855,0.25,2.2,1.0,4.0,9.0,0.7,indicator
0.14813389765294344,5263.3,2,1400.4,1409.6000000000001,S3,qlearning,1,856,0.25,2.2,1.0,4.0,9.0,0.7,indicator
0.11346153846153846,5369.5,2,1526.76,1619.0,S3,qlearning,1,857,0.25,2.2,1.0,4.0,9.0,0.7,indicator
0.1388374676045909,5487.700000000001,1,1402.44,1416.0,S3,qlearning,1,858,0.25,2.2,1.0,4.0,9.0,0.7,indicator
0.13445050662509742,5198.700000000001,0,1347.4,1355.8000000000002,S3,qlearning,1,859,0.25,2.2,1.0,4.0,9.0,0.7,indicator
0.14478381594605316,5090.700000000001,0,1343.88,1390.6000000000001,S3,qlearning,1,860,0.25,2.2,1.0,4.0,9.0,0.7,indicator
0.12133072407045009,5216.5,0,1472.5600000000002,1490.6000000000001,S3,qlearning,1,861,0.25,2.2,1.0,4.0,9.0,0.7,indicator
0.10394644115574349,5877.1,0,1611.9600000000003,1627.0000000000002,S3,qlearning,1,862,0.25,2.2,1.0,4.0,9.0,0.7,indicator
0.1195784353465748,5113.900000000001,3,1297.88,1305.6000000000001,S3,qlearning,1,863,0.25,2.2,1.0,4.0,9.0,0.7,indicator
0.11623683254631312,5735.1,5,1528.2400000000002,1529.6000000000001,S3,qlearning,1,864,0.25,2.2,1.0,4.0,9.0,0.7,indicator
0.1539039039039039,5402.3,4,1493.3200000000002,1505.6000000000001,S3,qlearning,1,865,0.25,2.2,1.0,4.0,9.0,0.7,indicator
0.1282051282051282,5473.700000000001,0,1614.5600000000002,1643.6000000000001,S3,qlearning,1,866,0.25,2.2,1.0,4.0,9.0,0.7,indicator
0.14107142857142857,5673.5,0,1550.96,1618.0,S3,qlearning,1,867,0.25,2.2,1.0,4.0,9.0,0.7,indicator
0.12859304084720122,5376.3,0,1420.44,1448.6000000000001,S3,qlearning,1,868,0.25,2.2,1.0,4.0,9.0,0.7,indicator
0.13528963414634146,5318.3,0,1440.92,1476.4,S3,qlearning,1,869,0.25,2.2,1.0,4.0,9.0,0.7,indicator
0.1215088864708016,5640.900000000001,0,1549.44,1579.8000000000002,S3,qlearning,1,870,0.25,2.2,1.0,4.0,9.0,0.7,indicator
0.1438994730441832,4988.900000000001,0,1303.24,1317.2,S3,qlearning,1,871,0.25,2.2,1.0,4.0,9.0,0.7,indicator
0.12568735271013354,5226.700000000001,1,1444.84,1506.0,S3,qlearning,1,872,0.25,2.2,1.0,4.0,9.0,0.7,indicator
0.12457337883959044,5975.5,0,1728.2800000000002,1822.0000000000002,S3,qlearning,1,873,0.25,2.2,1.0,4.0,9.0,0.7,indicator
0.12325390304026294,4996.3,2,1369.24,1414.0,S3,qlearning,1,874,0.25,2.2,1.0,4.0,9.0,0.7,indicator
0.146484375,5169.5,0,1408.0000000000002,1408.6000000000001,S3,qlearning,1,875,0.25,2.2,1.0,4.0,9.0,0.7,indicator
0.13455538221528862,5228.3,2,1374.2800000000002,1379.8000000000002,S3,qlearning,1,876,0.25,2.2,1.0,4.0,9.0,0.7,indicator
0.11550577528876443,5882.900000000001,2,1656.56,1665.2,S3,qlearning,1,877,0.25,2.2,1.0,4.0,9.0,0.7,indicator
0.12660550458715597,5597.5,2,1432.52,1461.0,S3,qlearning,1,878,0.25,2.2,1.0,4.0,9.0,0.7,indicator
0.1369311316955296,5037.1,0,1299.96,1313.4,S3,qlearning,1,879,0.25,2.2,1.0,4.0,9.0,0.7,indicator
0.10931021485111195,5491.1,2,1589.88,1643.8000000000002,S3,qlearning,1,880,0.25,2.2,1.0,4.0,9.0,0.7,indicator
0.1037483266398929,6169.1,0,1694.88,1719.8000000000002,S3,qlearning,1,881,0.25,2.2,1.0,4.0,9.0,0.7,indicator
0.11875511875511875,5004.900000000001,1,1357.72,1376.2,S3,qlearning,1,882,0.25,2.2,1.0,4.0,9.0,0.7,indicator
0.15016233766233766,4964.3,0,1344.3600000000001,1389.4,S3,qlearning,1,883,0.25,2.2,1.0,4.0,9.0,0.7,indicator
0.13820522529344945,5339.700000000001,0,1475.0400000000002,1524.2000000000003,S3,qlearning,1,884,0.25,2.2,1.0,4.0,9.0,0.7,indicator
0.13800820589332338,5460.700000000001,3,1439.6000000000001,1453.6000000000001,S3,qlearning,1,885,0.25,2.2,1.0,4.0,9.0,0.7,indicator
0.1434583014537108,5293.3,0,1383.72,1395.4,S3,qlearning,1,886,0.25,2.2,1.0,4.0,9.0,0.7,indicator
0.1368726669431771,4935.700000000001,4,1337.5800000000002,1380.8000000000002,S3,qlearning,1,887,0.25,2.2,1.0,4.0,9.0,0.7,indicator
0.13713460844460484,5607.700000000001,0,1457.92,1466.6000000000001,S3,qlearning,1,888,0.25,2.2,1.0,4.0,9.0,0.7,indicator
0.15077271013946475,5324.1,0,1434.1200000000001,1455.0,S3,qlearning,1,889,0.25,2.2,1.0,4.0,9.0,0.7,indicator
0.19263698630136986,4571.7,0,1296.8400000000001,1314.8000000000002,S3,qlearning,1,890,0.25,2.2,1.0,4.0,9.0,0.7,indicator
0.13761467889908258,5353.700000000001,3,1420.24,1443.0,S3,qlearning,1,891,0.25,2.2,1.0,4.0,9.0,0.7,indicator
0.11989978525411596,5785.3,4,1521.3600000000001,1572.0000000000002,S3,qlearning,1,892,0.25,2.2,1.0,4.0,9.0,0.7,indicator
0.1154562383612663,5519.5,1,1407.9600000000003,1409.0000000000002,S3,qlearning,1,893,0.25,2.2,1.0,4.0,9.0,0.7,indicator
0.13456362937331795,5282.700000000001,1,1484.9600000000003,1502.0000000000002,S3,qlearning,1,894,0.25,2.2,1.0,4.0,9.0,0.7,indicator
0.1255660765747221,5012.3,4,1409.96,1435.2,S3,qlearning,1,895,0.25,2.2,1.0,4.0,9.0,0.7,indicator
0.1181235234559568,6076.1,0,1850.0,1950.0,S3,qlearning,1,896,0.25,2.2,1.0,4.0,9.0,0.7,indicator
0.12133072407045009,5269.5,1,1508.76,1565.4,S3,qlearning,1,897,0.25,2.2,1.0,4.0,9.0,0.7,indicator
0.13335704125177808,5708.900000000001,0,1673.6800000000003,1739.2000000000003,S3,qlearning,1,898,0.25,2.2,1.0,4.0,9.0,0.7,indicator
0.13916901976603469,5050.3,3,1343.96,1376.4,S3,qlearning,1,899,0.25,2.2,1.0,4.0,9.0,0.7,indicator
0.12655836796373252,5444.900000000001,4,1500.0000000000002,1518.2000000000003,S3,qlearning,1,900,0.25,2.2,1.0,4.0,9.0,0.7,indicator
0.11560693641618497,6059.700000000001,2,1771.76,1835.6000000000001,S3,qlearning,1,901,0.25,2.2,1.0,4.0,9.0,0.7,indicator
0.12283737024221453,5899.500000000001,0,1654.1600000000003,1695.2000000000003,S3,qlearning,1,902,0.25,2.2,1.0,4.0,9.0,0.7,indicator
0.1400862068965517,5654.3,2,1498.52,1523.2,S3,qlearning,1,903,0.25,2.2,1.0,4.0,9.0,0.7,indicator
0.1419925512104283,4360.6,1,1114.1200000000001,1116.8000000000002,S3,qlearning,1,904,0.25,2.2,1.0,4.0,9.0,0.7,indicator
0.12476370510396975,5426.5,2,1411.88,1431.6000000000001,S3,qlearning,1,905,0.25,2.2,1.0,4.0,9.0,0.7,indicator
0.12366186784791436,5545.3,0,1347.8600000000001,1362.4,S3,qlearning,1,906,0.25,2.2,1.0,4.0,9.0,0.7,indicator
0.15393386545039908,5269.700000000001,0,1475.8,1502.2,S3,qlearning,1,907,0.25,2.2,1.0,4.0,9.0,0.7,indicator
0.13845075359270942,5791.1,1,1539.88,1590.4,S3,qlearning,1,908,0.25,2.2,1.0,4.0,9.0,0.7,indicator
0.14023934181002243,5400.3,0,1563.16,1619.4,S3,qlearning,1,909,0.25,2.2,1.0,4.0,9.0,0.7,indicator
0.1649269311064718,4777.5,0,1388.0800000000002,1459.8000000000002,S3,qlearning,1,910,0.25,2.2,1.0,4.0,9.0,0.7,indicator
0.13523391812865498,5542.700000000001,0,1491.3200000000002,1494.4,S3,qlearning,1,911,0.25,2.2,1.0,4.0,9.0,0.7,indicator
0.11966701352757544,5901.1,0,1621.8000000000002,1649.0000000000002,S3,qlearning,1,912,0.25,2.2,1.0,4.0,9.0,0.7,indicator
0.15053353658536586,5266.3,0,1496.64,1518.4,S3,qlearning,1,913,0.25,2.2,1.0,4.0,9.0,0.7,indicator
0.13215859030837004,5069.900000000001,0,1443.48,1464.0,S3,qlearning,1,914,0.25,2.2,1.0,4.0,9.0,0.7,indicator
0.1111111111111111,5763.5,8,1779.52,1877.0,S3,qlearning,1,915,0.25,2.2,1.0,4.0,9.0,0.7,indicator
0.11542689629901062,5606.3,1,1516.04,1530.0,S3,qlearning,1,916,0.25,2.2,1.0,4.0,9.0,0.7,indicator
0.13110846245530394,5123.900000000001,0,1479.32,1480.0,S3,qlearning,1,917,0.25,2.2,1.0,4.0,9.0,0.7,indicator
0.10775862068965517,5264.900000000001,1,1338.4800000000002,1361.6000000000001,S3,qlearning,1,918,0.25,2.2,1.0,4.0,9.0,0.7,indicator
0.1333827343460541,5511.3,1,1624.2,1689.2,S3,qlearning,1,919,0.25,2.2,1.0,4.0,9.0,0.7,indicator
0.14504116032928263,5179.700000000001,2,1354.4,1357.8000000000002,S3,qlearning,1,920,0.25,2.2,1.0,4.0,9.0,0.7,indicator
0.09398496240601503,6107.700000000001,1,1737.8,1767.2,S3,qlearning,1,921,0.25,2.2,1.0,4.0,9.0,0.7,indicator
0.0905861456483126,5937.500000000001,6,1545.68,1585.0000000000002,S3,qlearning,1,922,0.25,2.2,1.0,4.0,9.0,0.7,indicator
0.0947176684881603,5714.5,0,1446.28,1452.0,S3,qlearning,1,923,0.25,2.2,1.0,4.0,9.0,0.7,indicator
0.137444279346211,5455.900000000001,0,1514.92,1519.0,S3,qlearning,1,924,0.25,2.2,1.0,4.0,9.0,0.7,indicator
0.11867088607594936,5217.6,2,1512.2,1515.4,S3,qlearning,1,925,0.25,2.2,1.0,4.0,9.0,0.7,indicator
0.10903426791277258,5294.1,1,1365.2,1376.2,S3,qlearning,1,926,0.25,2.2,1.0,4.0,9.0,0.7,indicator
0.12287988923502942,5910.3,1,1641.56,1674.0,S3,qlearning,1,927,0.25,2.2,1.0,4.0,9.0,0.7,indicator
0.1328044153156261,5893.3,0,1549.8000000000002,1566.6000000000001,S3,qlearning,1,928,0.25,2.2,1.0,4.0,9.0,0.7,indicator
0.12103951584193663,5739.3,0,1495.0000000000002,1495.6000000000001,S3,qlearning,1,929,0.25,2.2,1.0,4.0,9.0,0.7,indicator
0.14164827078734363,5528.1,3,1521.8400000000001,1524.8000000000002,S3,qlearning,1,930,0.25,2.2,1.0,4.0,9.0,0.7,indicator
0.13553657630894914,5516.1,4,1499.5200000000002,1510.8000000000002,S3,qlearning,1,931,0.25,2.2,1.0,4.0,9.0,0.7,indicator
0.1307433694434068,5505.900000000001,2,1403.0800000000002,1429.8000000000002,S3,qlearning,1,932,0.25,2.2,1.0,4.0,9.0,0.7,indicator
0.08740105540897097,6392.900000000001,5,1705.1200000000001,1715.0,S3,qlearning,1,933,0.25,2.2,1.0,4.0,9.0,0.7,indicator
0.13217522658610273,5412.1,3,1503.52,1559.4,S3,qlearning,1,934,0.25,2.2,1.0,4.0,9.0,0.7,indicator
0.1039098274040155,5859.3,0,1746.72,1827.0,S3,qlearning,1,935,0.25,2.2,1.0,4.0,9.0,0.7,indicator
0.1294559099437148,5421.5,0,1344.0800000000002,1348.2,S3,qlearning,1,936,0.25,2.2,1.0,4.0,9.0,0.7,indicator
0.10011778563015312,5343.900000000001,4,1386.92,1394.0,S3,qlearning,1,937,0.25,2.2,1.0,4.0,9.0,0.7,indicator
0.10552233556102708,5875.1,1,1595.96,1598.2,S3,qlearning,1,938,0.25,2.2,1.0,4.0,9.0,0.7,indicator
0.10770784247728038,6159.700000000001,0,1792.3200000000002,1840.0000000000002,S3,qlearning,1,939,0.25,2.2,1.0,4.0,9.0,0.7,indicator
0.1705170517051705,5421.900000000001,1,1431.5200000000002,1437.6000000000001,S3,qlearning,1,940,0.25,2.2,1.0,4.0,9.0,0.7,indicator
0.12867647058823528,5018.1,1,1291.72,1300.6000000000001,S3,qlearning,1,941,0.25,2.2,1.0,4.0,9.0,0.7,indicator
0.11708744968898646,5629.1,1,1601.44,1631.8000000000002,S3,qlearning,1,942,0.25,2.2,1.0,4.0,9.0,0.7,indicator
0.11107193229901269,5845.700000000001,1,1529.44,1540.8000000000002,S3,qlearning,1,943,0.25,2.2,1.0,4.0,9.0,0.7,indicator
0.10533962949509626,5725.1,3,1467.1200000000001,1470.2,S3,qlearning,1,944,0.25,2.2,1.0,4.0,9.0,0.7,indicator
0.11342506507995537,5535.3,1,1594.2,1669.8000000000002,S3,qlearning,1,945,0.25,2.2,1.0,4.0,9.0,0.7,indicator
0.11969532100108814,5702.900000000001,3,1632.4,1702.6000000000001,S3,qlearning,1,946,0.25,2.2,1.0,4.0,9.0,0.7,indicator
0.12242725337118524,5753.1,0,1488.3200000000002,1494.2,S3,qlearning,1,947,0.25,2.2,1.0,4.0,9.0,0.7,indicator
0.138994668697639,5306.700000000001,0,1439.0800000000002,1499.8000000000002,S3,qlearning,1,948,0.25,2.2,1.0,4.0,9.0,0.7,indicator
0.1339608979000724,5619.900000000001,0,1524.16,1545.8000000000002,S3,qlearning,1,949,0.25,2.2,1.0,4.0,9.0,0.7,indicator
0.1229224376731302,5951.1,4,1751.8000000000002,1787.6000000000001,S3,qlearning,1,950,0.25,2.2,1.0,4.0,9.0,0.7,indicator
0.12433052792654935,5348.3,0,1365.4,1385.8000000000002,S3,qlearning,1,951,0.25,2.2,1.0,4.0,9.0,0.7,indicator
0.14948256036795707,5294.3,3,1495.9600000000003,1506.8000000000002,S3,qlearning,1,952,0.25,2.2,1.0,4.0,9.0,0.7,indicator
0.15804030027657054,5085.700000000001,2,1375.4400000000003,1391.2000000000003,S3,qlearning,1,953,0.25,2.2,1.0,4.0,9.0,0.7,indicator
0.09940704569236135,5942.900000000001,0,1686.5200000000002,1720.8000000000002,S3,qlearning,1,954,0.25,2.2,1.0,4.0,9.0,0.7,indicator
0.13082583810302534,4964.700000000001,0,1387.1200000000001,1398.6000000000001,S3,qlearning,1,955,0.25,2.2,1.0,4.0,9.0,0.7,indicator
0.10574018126888217,5560.1,6,1429.64,1444.2,S3,qlearning,1,956,0.25,2.2,1.0,4.0,9.0,0.7,indicator
0.10730356524749048,5966.3,0,1655.6000000000001,1673.6000000000001,S3,qlearning,1,957,0.25,2.2,1.0,4.0,9.0,0.7,indicator
0.10887772194304858,4993.35,4,1278.44,1300.8000000000002,S3,qlearning,1,958,0.25,2.2,1.0,4.0,9.0,0.7,indicator
0.14425030475416498,4960.700000000001,0,1344.4,1391.8000000000002,S3,qlearning,1,959,0.25,2.2,1.0,4.0,9.0,0.7,indicator
0.10638297872340426,6298.500000000001,0,1675.64,1685.8000000000002,S3,qlearning,1,960,0.25,2.2,1.0,4.0,9.0,0.7,indicator
0.11864406779661017,6076.0,1,1702.8400000000001,1710.8000000000002,S3,qlearning,1,961,0.25,2.2,1.0,4.0,9.0,0.7,indicator
0.11882998171846434,5653.5,3,1517.6000000000001,1562.4,S3,qlearning,1,962,0.25,2.2,1.0,4.0,9.0,0.7,indicator
0.15951595159515952,5457.900000000001,1,1523.2000000000003,1536.8000000000002,S3,qlearning,1,963,0.25,2.2,1.0,4.0,9.0,0.7,indicator
0.13883532587736214,5240.1,0,1399.8400000000001,1407.8000000000002,S3,qlearning,1,964,0.25,2.2,1.0,4.0,9.0,0.7,indicator
0.1638349514563107,4919.900000000001,0,1333.3200000000002,1355.8000000000002,S3,qlearning,1,965,0.25,2.2,1.0,4.0,9.0,0.7,indicator
0.12788632326820604,5728.500000000001,0,1618.4,1651.0000000000002,S3,qlearning,1,966,0.25,2.2,1.0,4.0,9.0,0.7,indicator
0.13262599469496023,5358.3,0,1535.88,1541.4,S3,qlearning,1,967,0.25,2.2,1.0,4.0,9.0,0.7,indicator
0.09669479606188466,5976.3,4,1726.2,1753.2,S3,qlearning,1,968,0.25,2.2,1.0,4.0,9.0,0.7,indicator
0.17176292940732352,5266.3,1,1375.0800000000002,1400.6000000000001,S3,qlearning,1,969,0.25,2.2,1.0,4.0,9.0,0.7,indicator
0.1485912774990351,5244.700000000001,3,1409.9600000000003,1419.8000000000002,S3,qlearning,1,970,0.25,2.2,1.0,4.0,9.0,0.7,indicator
0.131738954195379,5018.900000000001,0,1337.96,1354.4,S3,qlearning,1,971,0.25,2.2,1.0,4.0,9.0,0.7,indicator
0.134765625,5195.5,0,1346.6000000000001,1364.8000000000002,S3,qlearning,1,972,0.25,2.2,1.0,4.0,9.0,0.7,indicator
0.11921965317919075,5724.1,3,1584.2,1617.6000000000001,S3,qlearning,1,973,0.25,2.2,1.0,4.0,9.0,0.7,indicator
0.12356979405034325,5386.85,2,1548.6000000000001,1600.0000000000002,S3,qlearning,1,974,0.25,2.2,1.0,4.0,9.0,0.7,indicator
0.14014839241549876,4919.700000000001,1,1292.6800000000003,1302.0000000000002,S3,qlearning,1,975,0.25,2.2,1.0,4.0,9.0,0.7,indicator
0.09423294383716548,5514.1,0,1525.5600000000002,1534.8000000000002,S3,qlearning,1,976,0.25,2.2,1.0,4.0,9.0,0.7,indicator
0.13918252290345315,5763.1,2,1578.88,1608.6000000000001,S3,qlearning,1,977,0.25,2.2,1.0,4.0,9.0,0.7,indicator
0.1510136532892015,4856.900000000001,0,1313.0800000000002,1320.4,S3,qlearning,1,978,0.25,2.2,1.0,4.0,9.0,0.7,indicator
0.1579163248564397,4874.1,0,1347.8400000000001,1371.8000000000002,S3,qlearning,1,979,0.25,2.2,1.0,4.0,9.0,0.7,indicator
0.15211879753712423,5570.700000000001,1,1439.9600000000003,1441.8000000000002,S3,qlearning,1,980,0.25,2.2,1.0,4.0,9.0,0.7,indicator
0.12724014336917563,5692.5,1,1573.32,1640.4,S3,qlearning,1,981,0.25,2.2,1.0,4.0,9.0,0.7,indicator
0.11587078651685394,5837.1,0,1785.04,1889.6000000000001,S3,qlearning,1,982,0.25,2.2,1.0,4.0,9.0,0.7,indicator
0.1344364012409514,5958.700000000001,5,1493.52,1504.0,S3,qlearning,1,983,0.25,2.2,1.0,4.0,9.0,0.7,indicator
0.11697979439914924,5799.950000000001,0,1576.08,1607.2,S3,qlearning,1,984,0.25,2.2,1.0,4.0,9.0,0.7,indicator
0.10379945162553858,5291.1,0,1387.56,1434.4,S3,qlearning,1,985,0.25,2.2,1.0,4.0,9.0,0.7,indicator
0.1532137518684604,5382.700000000001,0,1445.3600000000001,1472.6000000000001,S3,qlearning,1,986,0.25,2.2,1.0,4.0,9.0,0.7,indicator
0.1512770137524558,5135.25,0,1473.76,1544.6000000000001,S3,qlearning,1,987,0.25,2.2,1.0,4.0,9.0,0.7,indicator
0.12101421436803687,5316.1,0,1476.0400000000002,1479.8000000000002,S3,qlearning,1,988,0.25,2.2,1.0,4.0,9.0,0.7,indicator
0.11837455830388692,5796.5,0,1560.8400000000001,1586.8000000000002,S3,qlearning,1,989,0.25,2.2,1.0,4.0,9.0,0.7,indicator
0.13325825825825827,5415.3,1,1398.0800000000002,1401.0000000000002,S3,qlearning,1,990,0.25,2.2,1.0,4.0,9.0,0.7,indicator
0.12593984962406016,5432.5,0,1398.1200000000001,1407.6000000000001,S3,qlearning,1,991,0.25,2.2,1.0,4.0,9.0,0.7,indicator
0.13012618296529968,5163.700000000001,1,1437.0,1494.4,S3,qlearning,1,992,0.25,2.2,1.0,4.0,9.0,0.7,indicator
0.13834846519671423,4697.1,0,1159.64,1161.2,S3,qlearning,1,993,0.25,2.2,1.0,4.0,9.0,0.7,indicator
0.12323305545487495,5720.3,6,1568.68,1624.4,S3,qlearning,1,994,0.25,2.2,1.0,4.0,9.0,0.7,indicator
0.12152777777777778,5319.900000000001,1,1344.48,1355.2,S3,qlearning,1,995,0.25,2.2,1.0,4.0,9.0,0.7,indicator
0.14623172103487064,5371.900000000001,0,1528.32,1549.0,S3,qlearning,1,996,0.25,2.2,1.0,4.0,9.0,0.7,indicator
0.12558869701726844,5207.1,1,1295.0000000000002,1295.8000000000002,S3,qlearning,1,997,0.25,2.2,1.0,4.0,9.0,0.7,indicator
0.14423076923076922,5046.700000000001,0,1342.0,1364.4,S3,qlearning,1,998,0.25,2.2,1.0,4.0,9.0,0.7,indicator
0.1545595054095827,5181.1,0,1400.6,1434.2,S3,qlearning,1,999,0.25,2.2,1.0,4.0,9.0,0.7,indicator
0.14895182052225084,5463.3,0,1514.92,1570.2,S3,qlearning,2,0,0.25,2.2,1.0,4.0,9.0,0.7,indicator
0.13190954773869346,4868.1,0,1251.72,1273.0,S3,qlearning,2,1,0.25,2.2,1.0,4.0,9.0,0.7,indicator
0.12505210504376824,4900.3,0,1245.4,1268.8000000000002,S3,qlearning,2,2,0.25,2.2,1.0,4.0,9.0,0.7,indicator
0.13929618768328444,5545.1,1,1443.2000000000003,1449.8000000000002,S3,qlearning,2,3,0.25,2.2,1.0,4.0,9.0,0.7,indicator
0.10754790770434103,5318.900000000001,2,1558.8,1606.2,S3,qlearning,2,4,0.25,2.2,1.0,4.0,9.0,0.7,indicator
0.1383669285958319,5942.900000000001,1,1571.2,1594.6000000000001,S3,qlearning,2,5,0.25,2.2,1.0,4.0,9.0,0.7,indicator
0.12920908379013313,5195.3,0,1353.72,1370.4,S3,qlearning,2,6,0.25,2.2,1.0,4.0,9.0,0.7,indicator
0.11850017686593563,5876.900000000001,6,1571.68,1608.0000000000002,S3,qlearning,2,7,0.25,2.2,1.0,4.0,9.0,0.7,indicator
0.1044039483675019,5443.55,0,1683.8,1770.2,S3,qlearning,2,8,0.25,2.2,1.0,4.0,9.0,0.7,indicator
0.14275120504263997,5440.900000000001,0,1462.08,1504.0,S3,qlearning,2,9,0.25,2.2,1.0,4.0,9.0,0.7,indicator
0.12284561789512284,5587.900000000001,1,1549.16,1597.2,S3,qlearning,2,10,0.25,2.2,1.0,4.0,9.0,0.7,indicator
0.13620689655172413,5893.500000000001,0,1551.6000000000001,1577.0000000000002,S3,qlearning,2,11,0.25,2.2,1.0,4.0,9.0,0.7,indicator
0.0962278675904542,5403.1,0,1348.26,1352.0,S3,qlearning,2,12,0.25,2.2,1.0,4.0,9.0,0.7,indicator
0.1274018379281537,4883.3,0,1253.64,1279.4,S3,qlearning,2,13,0.25,2.2,1.0,4.0,9.0,0.7,indicator
0.09262988320579943,5184.1,1,1372.52,1381.4,S3,qlearning,2,14,0.25,2.2,1.0,4.0,9.0,0.7,indicator
0.12178148921363953,5880.3,0,1629.3200000000002,1686.8000000000002,S3,qlearning,2,15,0.25,2.2,1.0,4.0,9.0,0.7,indicator
0.13975155279503104,5271.700000000001,5,1401.8,1420.2,S3,qlearning,2,16,0.25,2.2,1.0,4.0,9.0,0.7,indicator
0.1187648456057007,6030.900000000001,0,1623.32,1661.0,S3,qlearning,2,17,0.25,2.2,1.0,4.0,9.0,0.7,indicator
0.1168736303871439,5648.1,2,1500.8400000000001,1530.8000000000002,S3,qlearning,2,18,0.25,2.2,1.0,4.0,9.0,0.7,indicator
0.12286959968291716,5146.1,0,1478.48,1521.0,S3,qlearning,2,19,0.25,2.2,1.0,4.0,9.0,0.7,indicator
0.1306497175141243,5768.900000000001,0,1443.1200000000001,1468.6000000000001,S3,qlearning,2,20,0.25,2.2,1.0,4.0,9.0,0.7,indicator
0.11398176291793313,5438.900000000001,1,1579.92,1601.6000000000001,S3,qlearning,2,21,0.25,2.2,1.0,4.0,9.0,0.7,indicator
0.13426626323751892,5379.3,1,1637.56,1745.4,S3,qlearning,2,22,0.25,2.2,1.0,4.0,9.0,0.7,indicator
0.13198757763975155,5261.700000000001,2,1310.0800000000002,1314.6000000000001,S3,qlearning,2,23,0.25,2.2,1.0,4.0,9.0,0.7,indicator
0.11662904439428141,5448.1,0,1607.44,1685.2000000000003,S3,qlearning,2,24,0.25,2.2,1.0,4.0,9.0,0.7,indicator
0.12419006479481641,5679.1,0,1525.4800000000002,1545.0000000000002,S3,qlearning,2,25,0.25,2.2,1.0,4.0,9.0,0.7,indicator
0.10258358662613981,5467.900000000001,0,1423.68,1434.4,S3,qlearning,2,26,0.25,2.2,1.0,4.0,9.0,0.7,indicator
0.1388888888888889,5697.1,0,1634.48,1707.0,S3,qlearning,2,27,0.25,2.2,1.0,4.0,9.0,0.7,indicator
0.12350299401197605,5469.900000000001,0,1445.64,1456.4,S3,qlearning,2,28,0.25,2.2,1.0,4.0,9.0,0.7,indicator
0.11692429647245343,5179.1,0,1369.44,1374.2,S3,qlearning,2,29,0.25,2.2,1.0,4.0,9.0,0.7,indicator
0.12052593133674215,5605.1,0,1453.1200000000001,1460.2,S3,qlearning,2,30,0.25,2.2,1.0,4.0,9.0,0.7,indicator
0.12597586941092973,5817.1,4,1546.3600000000001,1576.4,S3,qlearning,2,31,0.25,2.2,1.0,4.0,9.0,0.7,indicator
0.1528460997891778,5706.700000000001,0,1650.2400000000002,1655.6000000000001,S3,qlearning,2,32,0.25,2.2,1.0,4.0,9.0,0.7,indicator
0.1381340579710145,4479.1,0,1225.9600000000003,1233.8000000000002,S3,qlearning,2,33,0.25,2.2,1.0,4.0,9.0,0.7,indicator
0.1348314606741573,5425.25,1,1569.76,1646.6000000000001,S3,qlearning,2,34,0.25,2.2,1.0,4.0,9.0,0.7,indicator
0.1209077380952381,5491.1,0,1551.92,1621.0000000000002,S3,qlearning,2,35,0.25,2.2,1.0,4.0,9.0,0.7,indicator
0.11421319796954314,5657.1,0,1550.7200000000003,1570.8000000000002,S3,qlearning,2,36,0.25,2.2,1.0,4.0,9.0,0.7,indicator
0.1435108153078203,4866.05,0,1387.44,1414.8000000000002,S3,qlearning,2,37,0.25,2.2,1.0,4.0,9.0,0.7,indicator
0.13038324772817067,5154.700000000001,0,1373.4,1389.2,S3,qlearning,2,38,0.25,2.2,1.0,4.0,9.0,0.7,indicator
0.1048951048951049,5956.5,4,1662.44,1703.6000000000001,S3,qlearning,2,39,0.25,2.2,1.0,4.0,9.0,0.7,indicator
0.13899184581171237,5453.1,0,1522.8000000000002,1532.4,S3,qlearning,2,40,0.25,2.2,1.0,4.0,9.0,0.7,indicator
0.1566265060240964,4990.0,0,1381.4800000000002,1392.8000000000002,S3,qlearning,2,41,0.25,2.2,1.0,4.0,9.0,0.7,indicator
0.11949215832710978,5529.1,3,1475.52,1489.4,S3,qlearning,2,42,0.25,2.2,1.0,4.0,9.0,0.7,indicator
0.129585326953748,5110.1,0,1431.52,1479.4,S3,qlearning,2,43,0.25,2.2,1.0,4.0,9.0,0.7,indicator
0.14802631578947367,4917.900000000001,1,1333.92,1337.8000000000002,S3,qlearning,2,44,0.25,2.2,1.0,4.0,9.0,0.7,indicator
0.15433246560059502,5385.3,0,1400.72,1402.0,S3,qlearning,2,45,0.25,2.2,1.0,4.0,9.0,0.7,indicator
0.11211644374508262,5232.900000000001,0,1427.16,1469.2,S3,qlearning,2,46,0.25,2.2,1.0,4.0,9.0,0.7,indicator
0.13350883790898835,5391.3,0,1468.68,1482.2,S3,qlearning,2,47,0.25,2.2,1.0,4.0,9.0,0.7,indicator
0.11643835616438356,5998.500000000001,0,1539.2400000000002,1562.8000000000002,S3,qlearning,2,48,0.25,2.2,1.0,4.0,9.0,0.7,indicator
0.13450502152080343,5666.1,0,1521.2800000000002,1565.8000000000002,S3,qlearning,2,49,0.25,2.2,1.0,4.0,9.0,0.7,indicator
0.11783901377810008,5645.1,0,1537.44,1559.2,S3,qlearning,2,50,0.25,2.2,1.0,4.0,9.0,0.7,indicator
0.1206487341772152,5188.1,0,1296.3200000000002,1317.8000000000002,S3,qlearning,2,51,0.25,2.2,1.0,4.0,9.0,0.7,indicator
0.10184473481936972,5386.900000000001,1,1507.8,1559.0,S3,qlearning,2,52,0.25,2.2,1.0,4.0,9.0,0.7,indicator
0.12683101107538405,5764.3,4,1491.5600000000002,1496.0000000000002,S3,qlearning,2,53,0.25,2.2,1.0,4.0,9.0,0.7,indicator
0.12272220156191893,5539.3,4,1628.1200000000001,1685.6000000000001,S3,qlearning,2,54,0.25,2.2,1.0,4.0,9.0,0.7,indicator
0.12952302631578946,4969.900000000001,2,1417.8999999999999,1479.0,S3,qlearning,2,55,0.25,2.2,1.0,4.0,9.0,0.7,indicator
0.11291600633914421,5218.3,2,1344.7400000000002,1361.8000000000002,S3,qlearning,2,56,0.25,2.2,1.0,4.0,9.0,0.7,indicator
0.13774104683195593,5137.700000000001,0,1368.56,1394.0,S3,qlearning,2,57,0.25,2.2,1.0,4.0,9.0,0.7,indicator
0.1380838731674054,5934.1,0,1633.0800000000002,1682.4,S3,qlearning,2,58,0.25,2.2,1.0,4.0,9.0,0.7,indicator
0.11375947995666305,5703.3,1,1589.68,1646.8000000000002,S3,qlearning,2,59,0.25,2.2,1.0,4.0,9.0,0.7,indicator
0.13311148086522462,4892.3,0,1421.6000000000001,1455.8000000000002,S3,qlearning,2,60,0.25,2.2,1.0,4.0,9.0,0.7,indicator
0.11709192590003495,5859.700000000001,0,1489.4,1501.0,S3,qlearning,2,61,0.25,2.2,1.0,4.0,9.0,0.7,indicator
0.1099290780141844,5799.5,0,1668.88,1749.6000000000001,S3,qlearning,2,62,0.25,2.2,1.0,4.0,9.0,0.7,indicator
0.1705290773939659,4550.900000000001,0,1241.52,1293.6000000000001,S3,qlearning,2,63,0.25,2.2,1.0,4.0,9.0,0.7,indicator
0.16229956980836918,5136.900000000001,2,1395.36,1427.0,S3,qlearning,2,64,0.25,2.2,1.0,4.0,9.0,0.7,indicator
0.11439633931714185,5842.700000000001,0,1611.5200000000002,1614.0000000000002,S3,qlearning,2,65,0.25,2.2,1.0,4.0,9.0,0.7,indicator
0.1400906468891636,4898.900000000001,0,1402.76,1462.2,S3,qlearning,2,66,0.25,2.2,1.0,4.0,9.0,0.7,indicator
0.12366818873668188,5392.1,1,1382.68,1383.4,S3,qlearning,2,67,0.25,2.2,1.0,4.0,9.0,0.7,indicator
0.15145228215767634,4881.5,2,1283.84,1296.0,S3,qlearning,2,68,0.25,2.2,1.0,4.0,9.0,0.7,indicator
0.13345864661654136,5447.5,3,1592.8000000000002,1652.2000000000003,S3,qlearning,2,69,0.25,2.2,1.0,4.0,9.0,0.7,indicator
0.15332536837913183,5029.700000000001,0,1554.28,1588.2,S3,qlearning,2,70,0.25,2.2,1.0,4.0,9.0,0.7,indicator
0.14105419450631032,5438.3,0,1495.28,1504.2,S3,qlearning,2,71,0.25,2.2,1.0,4.0,9.0,0.7,indicator
0.12897526501766785,5787.5,1,1638.88,1679.6000000000001,S3,qlearning,2,72,0.25,2.2,1.0,4.0,9.0,0.7,indicator
0.11601369341955116,5385.3,0,1533.04,1586.8,S3,qlearning,2,73,0.25,2.2,1.0,4.0,9.0,0.7,indicator
0.1320901320901321,5232.3,0,1479.2800000000002,1492.6000000000001,S3,qlearning,2,74,0.25,2.2,1.0,4.0,9.0,0.7,indicator
0.13010480664980123,5632.900000000001,0,1489.0,1513.4,S3,qlearning,2,75,0.25,2.2,1.0,4.0,9.0,0.7,indicator
0.11586802827965435,5237.700000000001,1,1512.04,1515.2,S3,qlearning,2,76,0.25,2.2,1.0,4.0,9.0,0.7,indicator
0.12043795620437957,5618.5,0,1593.88,1674.2,S3,qlearning,2,77,0.25,2.2,1.0,4.0,9.0,0.7,indicator
0.13403263403263405,5255.3,3,1340.08,1354.8,S3,qlearning,2,78,0.25,2.2,1.0,4.0,9.0,0.7,indicator
0.12508934953538242,5729.1,2,1702.08,1783.6000000000001,S3,qlearning,2,79,0.25,2.2,1.0,4.0,9.0,0.7,indicator
0.1418711656441718,5306.1,2,1485.7200000000003,1489.0000000000002,S3,qlearning,2,80,0.25,2.2,1.0,4.0,9.0,0.7,indicator
0.10372646945831733,5436.1,4,1629.6000000000001,1726.0000000000002,S3,qlearning,2,81,0.25,2.2,1.0,4.0,9.0,0.7,indicator
0.12558869701726844,5215.1,2,1555.44,1626.6000000000001,S3,qlearning,2,82,0.25,2.2,1.0,4.0,9.0,0.7,indicator
0.14646053702196907,4987.1,0,1447.72,1457.2,S3,qlearning,2,83,0.25,2.2,1.0,4.0,9.0,0.7,indicator
0.14693171996542784,4663.3,1,1325.48,1373.0,S3,qlearning,2,84,0.25,2.2,1.0,4.0,9.0,0.7,indicator
0.1253374469726186,5287.1,0,1487.8,1527.4,S3,qlearning,2,85,0.25,2.2,1.0,4.0,9.0,0.7,indicator
0.12377138696760102,5628.900000000001,2,1469.56,1498.0,S3,qlearning,2,86,0.25,2.2,1.0,4.0,9.0,0.7,indicator
0.1533980582524272,5202.5,3,1595.68,1668.4,S3,qlearning,2,87,0.25,2.2,1.0,4.0,9.0,0.7,indicator
0.1032234697573343,5699.700000000001,0,1576.32,1599.8,S3,qlearning,2,88,0.25,2.2,1.0,4.0,9.0,0.7,indicator
0.15284677111196027,5244.900000000001,0,1488.76,1530.2,S3,qlearning,2,89,0.25,2.2,1.0,4.0,9.0,0.7,indicator
0.12682418346073662,5972.1,7,1653.2400000000002,1674.8000000000002,S3,qlearning,2,90,0.25,2.2,1.0,4.0,9.0,0.7,indicator
0.09635599159074983,5936.3,0,1600.16,1608.4,S3,qlearning,2,91,0.25,2.2,1.0,4.0,9.0,0.7,indicator
0.13761467889908258,5533.5,1,1662.0000000000002,1683.8000000000002,S3,qlearning,2,92,0.25,2.2,1.0,4.0,9.0,0.7,indicator
0.0967741935483871,5871.5,4,1580.8400000000001,1617.6000000000001,S3,qlearning,2,93,0.25,2.2,1.0,4.0,9.0,0.7,indicator
0.12027491408934708,5371.3,0,1335.92,1349.2,S3,qlearning,2,94,0.25,2.2,1.0,4.0,9.0,0.7,indicator
0.1186196980589504,5711.900000000001,0,1703.28,1810.8000000000002,S3,qlearning,2,95,0.25,2.2,1.0,4.0,9.0,0.7,indicator
0.13711857860177676,5280.3,3,1655.72,1746.4,S3,qlearning,2,96,0.25,2.2,1.0,4.0,9.0,0.7,indicator
0.12424849699398798,5108.5,0,1343.88,1381.6000000000001,S3,qlearning,2,97,0.25,2.2,1.0,4.0,9.0,0.7,indicator
0.14142165984369184,5495.900000000001,5,1507.16,1547.4,S3,qlearning,2,98,0.25,2.2,1.0,4.0,9.0,0.7,indicator
0.10362694300518134,6026.500000000001,2,1542.5600000000002,1560.8000000000002,S3,qlearning,2,99,0.25,2.2,1.0,4.0,9.0,0.7,indicator
0.13898788310762653,5692.700000000001,0,1704.84,1752.2,S3,qlearning,2,100,0.25,2.2,1.0,4.0,9.0,0.7,indicator
0.11793270898369754,5907.1,0,1781.36,1854.2,S3,qlearning,2,101,0.25,2.2,1.0,4.0,9.0,0.7,indicator
0.14546810891458412,5412.700000000001,0,1497.1200000000001,1557.4,S3,qlearning,2,102,0.25,2.2,1.0,4.0,9.0,0.7,indicator
0.1460446247464503,5008.5,2,1368.4,1385.0,S3,qlearning,2,103,0.25,2.2,1.0,4.0,9.0,0.7,indicator
0.10326699211415696,5522.1,2,1559.4,1578.4,S3,qlearning,2,104,0.25,2.2,1.0,4.0,9.0,0.7,indicator
0.16046966731898238,5111.5,0,1484.72,1512.2,S3,qlearning,2,105,0.25,2.2,1.0,4.0,9.0,0.7,indicator
0.12631975867269984,5399.900000000001,0,1520.68,1566.6000000000001,S3,qlearning,2,106,0.25,2.2,1.0,4.0,9.0,0.7,indicator
0.1095019427764041,5823.700000000001,0,1634.4,1661.8000000000002,S3,qlearning,2,107,0.25,2.2,1.0,4.0,9.0,0.7,indicator
0.11551155115511551,5623.900000000001,0,1575.76,1643.6000000000001,S3,qlearning,2,108,0.25,2.2,1.0,4.0,9.0,0.7,indicator
0.12415824915824916,4863.700000000001,1,1376.92,1413.0,S3,qlearning,2,109,0.25,2.2,1.0,4.0,9.0,0.7,indicator
0.11455763130066972,5878.900000000001,4,1540.48,1573.2,S3,qlearning,2,110,0.25,2.2,1.0,4.0,9.0,0.7,indicator
0.11166253101736973,5795.700000000001,0,1785.96,1894.2000000000003,S3,qlearning,2,111,0.25,2.2,1.0,4.0,9.0,0.7,indicator
0.15850722311396467,5027.900000000001,1,1532.6000000000001,1552.8000000000002,S3,qlearning,2,112,0.25,2.2,1.0,4.0,9.0,0.7,indicator
0.1430722891566265,5400.700000000001,2,1506.2800000000002,1540.8000000000002,S3,qlearning,2,113,0.25,2.2,1.0,4.0,9.0,0.7,indicator
0.1759474091260634,5133.700000000001,1,1446.92,1483.8000000000002,S3,qlearning,2,114,0.25,2.2,1.0,4.0,9.0,0.7,indicator
0.11840062111801242,5293.700000000001,0,1490.48,1563.8000000000002,S3,qlearning,2,115,0.25,2.2,1.0,4.0,9.0,0.7,indicator
0.13523809523809524,5316.500000000001,0,1471.5200000000002,1503.0000000000002,S3,qlearning,2,116,0.25,2.2,1.0,4.0,9.0,0.7,indicator
0.14656771799628943,5435.5,1,1507.16,1563.2,S3,qlearning,2,117,0.25,2.2,1.0,4.0,9.0,0.7,indicator
0.13346354166666666,6233.900000000001,0,1699.9600000000003,1756.0000000000002,S3,qlearning,2,118,0.25,2.2,1.0,4.0,9.0,0.7,indicator
0.15463917525773196,4886.5,2,1421.6,1480.0,S3,qlearning,2,119,0.25,2.2,1.0,4.0,9.0,0.7,indicator
0.09660107334525939,5802.500000000001,0,1554.8000000000002,1556.6000000000001,S3,qlearning,2,120,0.25,2.2,1.0,4.0,9.0,0.7,indicator
0.14630288651640966,5150.3,3,1306.96,1329.6000000000001,S3,qlearning,2,121,0.25,2.2,1.0,4.0,9.0,0.7,indicator
0.1463505001852538,5441.3,0,1428.7200000000003,1440.0000000000002,S3,qlearning,2,122,0.25,2.2,1.0,4.0,9.0,0.7,indicator
0.11562998405103668,5170.1,1,1397.76,1419.4,S3,qlearning,2,123,0.25,2.2,1.0,4.0,9.0,0.7,indicator
0.09430784776018862,6253.3,5,1675.48,1728.6000000000001,S3,qlearning,2,124,0.25,2.2,1.0,4.0,9.0,0.7,indicator
0.13948082138705928,5235.700000000001,1,1520.72,1556.8000000000002,S3,qlearning,2,125,0.25,2.2,1.0,4.0,9.0,0.7,indicator
0.146,5029.5,0,1372.4,1427.2,S3,qlearning,2,126,0.25,2.2,1.0,4.0,9.0,0.7,indicator
0.11983775811209439,5588.900000000001,2,1516.2800000000002,1559.8000000000002,S3,qlearning,2,127,0.25,2.2,1.0,4.0,9.0,0.7,indicator
0.10003705075954057,5581.3,0,1540.72,1599.2,S3,qlearning,2,128,0.25,2.2,1.0,4.0,9.0,0.7,indicator
0.10683760683760683,5372.3,4,1633.32,1705.0,S3,qlearning,2,129,0.25,2.2,1.0,4.0,9.0,0.7,indicator
0.1335428122545169,5227.700000000001,3,1474.28,1488.8,S3,qlearning,2,130,0.25,2.2,1.0,4.0,9.0,0.7,indicator
0.12637949448202207,5734.3,1,1711.72,1788.4,S3,qlearning,2,131,0.25,2.2,1.0,4.0,9.0,0.7,indicator
0.15643332029722332,5157.900000000001,2,1327.5200000000002,1350.6000000000001,S3,qlearning,2,132,0.25,2.2,1.0,4.0,9.0,0.7,indicator
0.1255748142907676,5801.900000000001,1,1583.88,1617.2,S3,qlearning,2,133,0.25,2.2,1.0,4.0,9.0,0.7,indicator
0.10830965909090909,5852.700000000001,4,1471.92,1482.4,S3,qlearning,2,134,0.25,2.2,1.0,4.0,9.0,0.7,indicator
0.13003663003663005,5572.5,0,1487.4,1509.0,S3,qlearning,2,135,0.25,2.2,1.0,4.0,9.0,0.7,indicator
0.08692744901370779,6235.700000000001,0,1753.56,1757.2,S3,qlearning,2,136,0.25,2.2,1.0,4.0,9.0,0.7,indicator
0.13224426293271102,5215.700000000001,0,1408.76,1443.4,S3,qlearning,2,137,0.25,2.2,1.0,4.0,9.0,0.7,indicator
0.10691375623663578,5836.700000000001,2,1437.8400000000001,1461.8000000000002,S3,qlearning,2,138,0.25,2.2,1.0,4.0,9.0,0.7,indicator
0.13000702740688685,5799.700000000001,0,1606.72,1640.8000000000002,S3,qlearning,2,139,0.25,2.2,1.0,4.0,9.0,0.7,indicator
0.11872845653006511,5339.700000000001,0,1476.8,1499.2,S3,qlearning,2,140,0.25,2.2,1.0,4.0,9.0,0.7,indicator
0.13904134650567143,5643.1,7,1433.1200000000001,1433.4,S3,qlearning,2,141,0.25,2.2,1.0,4.0,9.0,0.7,indicator
0.1308485329103886,5137.900000000001,1,1494.8,1554.4,S3,qlearning,2,142,0.25,2.2,1.0,4.0,9.0,0.7,indicator
0.14037680088659032,5466.900000000001,0,1451.3200000000002,1476.2,S3,qlearning,2,143,0.25,2.2,1.0,4.0,9.0,0.7,indicator
0.11840062111801242,5312.700000000001,3,1495.7600000000002,1520.6000000000001,S3,qlearning,2,144,0.25,2.2,1.0,4.0,9.0,0.7,indicator
0.11778563015312132,5224.900000000001,0,1502.1200000000001,1541.6000000000001,S3,qlearning,2,145,0.25,2.2,1.0,4.0,9.0,0.7,indicator
0.1440329218106996,5410.1,0,1482.8,1500.0,S3,qlearning,2,146,0.25,2.2,1.0,4.0,9.0,0.7,indicator
0.11588785046728972,5485.5,0,1531.1200000000001,1567.6000000000001,S3,qlearning,2,147,0.25,2.2,1.0,4.0,9.0,0.7,indicator
0.11693700490380989,5440.700000000001,1,1558.4,1614.8000000000002,S3,qlearning,2,148,0.25,2.2,1.0,4.0,9.0,0.7,indicator
0.10630220197418375,5441.3,1,1428.64,1440.4,S3,qlearning,2,149,0.25,2.2,1.0,4.0,9.0,0.7,indicator
0.14102564102564102,5511.5,0,1522.3200000000002,1552.4,S3,qlearning,2,150,0.25,2.2,1.0,4.0,9.0,0.7,indicator
0.12241775057383321,5347.3,1,1432.3600000000001,1457.4,S3,qlearning,2,151,0.25,2.2,1.0,4.0,9.0,0.7,indicator
0.11708744968898646,5606.1,0,1556.0,1582.4,S3,qlearning,2,152,0.25,2.2,1.0,4.0,9.0,0.7,indicator
0.13138948884089272,5663.1,1,1511.92,1543.6000000000001,S3,qlearning,2,153,0.25,2.2,1.0,4.0,9.0,0.7,indicator
0.12042062415196743,6058.1,2,1584.1200000000001,1597.2,S3,qlearning,2,154,0.25,2.2,1.0,4.0,9.0,0.7,indicator
0.11602610587382162,5805.1,9,1578.0,1613.0,S3,qlearning,2,155,0.25,2.2,1.0,4.0,9.0,0.7,indicator
0.13812154696132597,5514.500000000001,0,1647.0000000000002,1749.2000000000003,S3,qlearning,2,156,0.25,2.2,1.0,4.0,9.0,0.7,indicator
0.12847078325735597,4932.1,1,1387.32,1440.4,S3,qlearning,2,157,0.25,2.2,1.0,4.0,9.0,0.7,indicator
0.12345679012345678,5631.3,1,1504.0800000000002,1510.0000000000002,S3,qlearning,2,158,0.25,2.2,1.0,4.0,9.0,0.7,indicator
0.10708722741433022,5307.1,0,1490.0800000000002,1539.2000000000003,S3,qlearning,2,159,0.25,2.2,1.0,4.0,9.0,0.7,indicator
0.13852489704230625,5441.700000000001,2,1387.52,1391.4,S3,qlearning,2,160,0.25,2.2,1.0,4.0,9.0,0.7,indicator
0.1190077103586993,6124.1,0,1743.1200000000001,1806.8000000000002,S3,qlearning,2,161,0.25,2.2,1.0,4.0,9.0,0.7,indicator
0.12265758091993186,6061.5,5,1760.88,1797.8000000000002,S3,qlearning,2,162,0.25,2.2,1.0,4.0,9.0,0.7,indicator
0.133499466002136,5702.3,0,1525.4,1544.6000000000001,S3,qlearning,2,163,0.25,2.2,1.0,4.0,9.0,0.7,indicator
0.12894534257120863,5281.1,0,1525.2400000000002,1585.0000000000002,S3,qlearning,2,164,0.25,2.2,1.0,4.0,9.0,0.7,indicator
0.14026988636363635,5708.700000000001,0,1631.16,1669.4,S3,qlearning,2,165,0.25,2.2,1.0,4.0,9.0,0.7,indicator
0.12470308788598575,5151.700000000001,0,1305.1200000000001,1310.0,S3,qlearning,2,166,0.25,2.2,1.0,4.0,9.0,0.7,indicator
0.10681399631675875,5607.500000000001,0,1477.4000000000003,1499.2000000000003,S3,qlearning,2,167,0.25,2.2,1.0,4.0,9.0,0.7,indicator
0.13226527570789867,5500.3,3,1580.64,1629.2000000000003,S3,qlearning,2,168,0.25,2.2,1.0,4.0,9.0,0.7,indicator
0.15830592105263158,4907.900000000001,2,1349.4,1354.6000000000001,S3,qlearning,2,169,0.25,2.2,1.0,4.0,9.0,0.7,indicator
0.13747054202670855,5203.700000000001,0,1374.56,1424.0,S3,qlearning,2,170,0.25,2.2,1.0,4.0,9.0,0.7,indicator
0.1251840942562592,5577.700000000001,1,1520.72,1578.8000000000002,S3,qlearning,2,171,0.25,2.2,1.0,4.0,9.0,0.7,indicator
0.1300284437220642,4997.700000000001,0,1336.0,1366.6000000000001,S3,qlearning,2,172,0.25,2.2,1.0,4.0,9.0,0.7,indicator
0.13528539659006672,5465.1,0,1768.4800000000002,1840.2000000000003,S3,qlearning,2,173,0.25,2.2,1.0,4.0,9.0,0.7,indicator
0.16763245033112584,4796.700000000001,0,1294.4400000000003,1316.0000000000002,S3,qlearning,2,174,0.25,2.2,1.0,4.0,9.0,0.7,indicator
0.15680825724493846,5035.3,0,1342.68,1368.2,S3,qlearning,2,175,0.25,2.2,1.0,4.0,9.0,0.7,indicator
0.16098484848484848,5265.5,0,1471.3600000000001,1500.4,S3,qlearning,2,176,0.25,2.2,1.0,4.0,9.0,0.7,indicator
0.10221760221760222,5977.700000000001,0,1675.1200000000001,1699.0000000000002,S3,qlearning,2,177,0.25,2.2,1.0,4.0,9.0,0.7,indicator
0.13899184581171237,5487.1,2,1710.8400000000001,1821.8000000000002,S3,qlearning,2,178,0.25,2.2,1.0,4.0,9.0,0.7,indicator
0.12025745257452575,6055.900000000001,0,1660.72,1676.4,S3,qlearning,2,179,0.25,2.2,1.0,4.0,9.0,0.7,indicator
0.11312992800822763,6029.900000000001,2,1621.5600000000002,1653.2000000000003,S3,qlearning,2,180,0.25,2.2,1.0,4.0,9.0,0.7,indicator
0.11865644395764878,5603.3,0,1545.92,1615.2000000000003,S3,qlearning,2,181,0.25,2.2,1.0,4.0,9.0,0.7,indicator
0.10301953818827708,5858.5,1,1666.3600000000001,1691.6000000000001,S3,qlearning,2,182,0.25,2.2,1.0,4.0,9.0,0.7,indicator
0.13813229571984437,5195.5,0,1259.16,1273.4,S3,qlearning,2,183,0.25,2.2,1.0,4.0,9.0,0.7,indicator
0.14434643143544507,5048.3,2,1304.64,1333.4,S3,qlearning,2,184,0.25,2.2,1.0,4.0,9.0,0.7,indicator
0.1611047180667434,5250.900000000001,4,1420.6000000000001,1431.6000000000001,S3,qlearning,2,185,0.25,2.2,1.0,4.0,9.0,0.7,indicator
0.12649800266311584,6135.3,0,1672.48,1723.4,S3,qlearning,2,186,0.25,2.2,1.0,4.0,9.0,0.7,indicator
0.13199369582348305,5149.1,0,1504.3600000000001,1536.8000000000002,S3,qlearning,2,187,0.25,2.2,1.0,4.0,9.0,0.7,indicator
0.12526096033402923,5893.3,0,1673.68,1676.2,S3,qlearning,2,188,0.25,2.2,1.0,4.0,9.0,0.7,indicator
0.12135068589518115,5823.1,0,1672.6,1725.0,S3,qlearning,2,189,0.25,2.2,1.0,4.0,9.0,0.7,indicator
0.14303228442991417,4951.650000000001,0,1361.68,1364.75,S3,qlearning,2,190,0.25,2.2,1.0,4.0,9.0,0.7,indicator
0.13085145595281975,5541.1,2,1467.0800000000002,1479.6000000000001,S3,qlearning,2,191,0.25,2.2,1.0,4.0,9.0,0.7,indicator
0.14705882352941177,4797.5,0,1528.88,1568.6000000000001,S3,qlearning,2,192,0.25,2.2,1.0,4.0,9.0,0.7,indicator
0.13320463320463322,5260.5,0,1495.56,1521.0,S3,qlearning,2,193,0.25,2.2,1.0,4.0,9.0,0.7,indicator
0.14089468122578372,5801.3,4,1630.5600000000002,1680.6000000000001,S3,qlearning,2,194,0.25,2.2,1.0,4.0,9.0,0.7,indicator
0.14446793516560957,5752.1,1,1631.96,1667.0,S3,qlearning,2,195,0.25,2.2,1.0,4.0,9.0,0.7,indicator
0.134987230937614,5583.700000000001,2,1495.92,1523.8000000000002,S3,qlearning,2,196,0.25,2.2,1.0,4.0,9.0,0.7,indicator
0.12525252525252525,5040.5,0,1466.76,1496.6000000000001,S3,qlearning,2,197,0.25,2.2,1.0,4.0,9.0,0.7,indicator
0.1257979722117912,5434.1,0,1516.5600000000002,1555.6000000000001,S3,qlearning,2,198,0.25,2.2,1.0,4.0,9.0,0.7,indicator
0.1170912078882498,5026.3,2,1285.68,1287.0,S3,qlearning,2,199,0.25,2.2,1.0,4.0,9.0,0.7,indicator
0.149812734082397,5380.5,0,1496.44,1507.2,S3,qlearning,2,200,0.25,2.2,1.0,4.0,9.0,0.7,indicator
0.16311166875784192,4839.700000000001,4,1422.92,1475.0,S3,qlearning,2,201,0.25,2.2,1.0,4.0,9.0,0.7,indicator
0.1392931392931393,4873.5,1,1343.04,1368.4,S3,qlearning,2,202,0.25,2.2,1.0,4.0,9.0,0.7,indicator
0.13183785911058638,5155.700000000001,0,1407.24,1409.4,S3,qlearning,2,203,0.25,2.2,1.0,4.0,9.0,0.7,indicator
0.10556300268096515,6185.3,1,1731.16,1808.6000000000001,S3,qlearning,2,204,0.25,2.2,1.0,4.0,9.0,0.7,indicator
0.11609287429943956,5135.1,0,1434.6000000000001,1468.6000000000001,S3,qlearning,2,205,0.25,2.2,1.0,4.0,9.0,0.7,indicator
0.15643332029722332,5149.900000000001,1,1459.72,1460.4,S3,qlearning,2,206,0.25,2.2,1.0,4.0,9.0,0.7,indicator
0.161620294599018,4913.8,3,1318.8400000000001,1354.8000000000002,S3,qlearning,2,207,0.25,2.2,1.0,4.0,9.0,0.7,indicator
0.13188518231186966,5264.1,1,1483.6399999999999,1559.0,S3,qlearning,2,208,0.25,2.2,1.0,4.0,9.0,0.7,indicator
0.1312522170982618,5748.3,1,1575.4,1584.8000000000002,S3,qlearning,2,209,0.25,2.2,1.0,4.0,9.0,0.7,indicator
0.12853005068790732,5632.900000000001,0,1671.48,1741.6000000000001,S3,qlearning,2,210,0.25,2.2,1.0,4.0,9.0,0.7,indicator
0.11852662290299051,5644.900000000001,2,1548.4800000000002,1562.8000000000002,S3,qlearning,2,211,0.25,2.2,1.0,4.0,9.0,0.7,indicator
0.15714285714285714,4910.5,0,1464.2,1528.8000000000002,S3,qlearning,2,212,0.25,2.2,1.0,4.0,9.0,0.7,indicator
0.10827803003842124,5934.1,2,1602.08,1634.0,S3,qlearning,2,213,0.25,2.2,1.0,4.0,9.0,0.7,indicator
0.13573743922204215,5030.85,1,1436.75,1492.0,S3,qlearning,2,214,0.25,2.2,1.0,4.0,9.0,0.7,indicator
0.12338187702265373,5059.900000000001,0,1347.3200000000002,1370.6000000000001,S3,qlearning,2,215,0.25,2.2,1.0,4.0,9.0,0.7,indicator
0.13027522935779817,5556.5,0,1548.36,1578.0,S3,qlearning,2,216,0.25,2.2,1.0,4.0,9.0,0.7,indicator
0.13236549957301452,4747.900000000001,0,1339.16,1357.4,S3,qlearning,2,217,0.25,2.2,1.0,4.0,9.0,0.7,indicator
0.1368849426563078,5490.1,0,1578.96,1647.6000000000001,S3,qlearning,2,218,0.25,2.2,1.0,4.0,9.0,0.7,indicator
0.11441256830601093,6007.1,0,1542.6000000000001,1571.0000000000002,S3,qlearning,2,219,0.25,2.2,1.0,4.0,9.0,0.7,indicator
0.12379353755770038,4856.1,0,1294.64,1312.6000000000001,S3,qlearning,2,220,0.25,2.2,1.0,4.0,9.0,0.7,indicator
0.13274336283185842,5526.900000000001,0,1400.8000000000002,1408.4,S3,qlearning,2,221,0.25,2.2,1.0,4.0,9.0,0.7,indicator
0.13183404420317954,5254.05,0,1531.3200000000002,1575.8000000000002,S3,qlearning,2,222,0.25,2.2,1.0,4.0,9.0,0.7,indicator
0.10437375745526839,6234.1,0,1703.2400000000002,1748.8000000000002,S3,qlearning,2,223,0.25,2.2,1.0,4.0,9.0,0.7,indicator
0.1401151631477927,5260.5,0,1443.96,1461.6000000000001,S3,qlearning,2,224,0.25,2.2,1.0,4.0,9.0,0.7,indicator
0.12199497667743094,5690.900000000001,0,1617.96,1648.8000000000002,S3,qlearning,2,225,0.25,2.2,1.0,4.0,9.0,0.7,indicator
0.10943396226415095,5472.5,1,1274.16,1276.4,S3,qlearning,2,226,0.25,2.2,1.0,4.0,9.0,0.7,indicator
0.11652922194334887,5773.3,4,1462.1200000000001,1466.6000000000001,S3,qlearning,2,227,0.25,2.2,1.0,4.0,9.0,0.7,indicator
0.12480190174326466,5172.3,2,1398.2400000000002,1420.8000000000002,S3,qlearning,2,228,0.25,2.2,1.0,4.0,9.0,0.7,indicator
0.13153019636902558,5479.3,0,1539.64,1563.0,S3,qlearning,2,229,0.25,2.2,1.0,4.0,9.0,0.7,indicator
0.12442572741194487,5337.900000000001,0,1494.64,1539.6000000000001,S3,qlearning,2,230,0.25,2.2,1.0,4.0,9.0,0.7,indicator
0.1260338716029933,5170.05,0,1373.3600000000001,1385.0,S3,qlearning,2,231,0.25,2.2,1.0,4.0,9.0,0.7,indicator
0.14023732470334413,5647.700000000001,0,1473.84,1483.0,S3,qlearning,2,232,0.25,2.2,1.0,4.0,9.0,0.7,indicator
0.1338664812239221,5852.700000000001,0,1559.28,1588.6000000000001,S3,qlearning,2,233,0.25,2.2,1.0,4.0,9.0,0.7,indicator
0.12636740852508488,5398.450000000001,0,1572.76,1615.6000000000001,S3,qlearning,2,234,0.25,2.2,1.0,4.0,9.0,0.7,indicator
0.12931034482758622,5664.3,0,1663.3600000000001,1741.6000000000001,S3,qlearning,2,235,0.25,2.2,1.0,4.0,9.0,0.7,indicator
0.13620213185945518,5161.1,2,1335.96,1353.6000000000001,S3,qlearning,2,236,0.25,2.2,1.0,4.0,9.0,0.7,indicator
0.11694854264123786,5741.3,2,1530.64,1562.2000000000003,S3,qlearning,2,237,0.25,2.2,1.0,4.0,9.0,0.7,indicator
0.14469453376205788,5039.1,2,1396.0800000000002,1418.2,S3,qlearning,2,238,0.25,2.2,1.0,4.0,9.0,0.7,indicator
0.14484126984126985,5101.5,1,1428.3600000000001,1463.6000000000001,S3,qlearning,2,239,0.25,2.2,1.0,4.0,9.0,0.7,indicator
0.10171869519466854,5904.700000000001,1,1507.3600000000001,1523.2,S3,qlearning,2,240,0.25,2.2,1.0,4.0,9.0,0.7,indicator
0.14633140972794723,4878.700000000001,0,1368.92,1408.8000000000002,S3,qlearning,2,241,0.25,2.2,1.0,4.0,9.0,0.7,indicator
0.113345521023766,5632.5,0,1583.24,1614.2,S3,qlearning,2,242,0.25,2.2,1.0,4.0,9.0,0.7,indicator
0.10255548083389375,6179.3,0,1649.4800000000002,1649.8000000000002,S3,qlearning,2,243,0.25,2.2,1.0,4.0,9.0,0.7,indicator
0.13925982449446775,5329.700000000001,2,1426.0,1467.4,S3,qlearning,2,244,0.25,2.2,1.0,4.0,9.0,0.7,indicator
0.13401283503208758,5369.3,0,1458.5200000000002,1486.8000000000002,S3,qlearning,2,245,0.25,2.2,1.0,4.0,9.0,0.7,indicator
0.14263074484944532,5123.3,0,1624.8,1751.4,S3,qlearning,2,246,0.25,2.2,1.0,4.0,9.0,0.7,indicator
0.10893246187363835,5686.3,0,1416.0400000000002,1438.8000000000002,S3,qlearning,2,247,0.25,2.2,1.0,4.0,9.0,0.7,indicator
0.13444302176696543,4759.1,0,1268.88,1292.0,S3,qlearning,2,248,0.25,2.2,1.0,4.0,9.0,0.7,indicator
0.10768126346015794,5759.700000000001,1,1497.88,1505.8000000000002,S3,qlearning,2,249,0.25,2.2,1.0,4.0,9.0,0.7,indicator
0.14551804423748546,5206.900000000001,0,1369.88,1391.2,S3,qlearning,2,250,0.25,2.2,1.0,4.0,9.0,0.7,indicator
0.10816859380828049,5565.700000000001,3,1440.4,1442.4,S3,qlearning,2,251,0.25,2.2,1.0,4.0,9.0,0.7,indicator
0.1108139090561712,5416.900000000001,0,1515.3200000000002,1543.2000000000003,S3,qlearning,2,252,0.25,2.2,1.0,4.0,9.0,0.7,indicator
0.10031131096506399,6011.700000000001,1,1662.3200000000002,1693.4,S3,qlearning,2,253,0.25,2.2,1.0,4.0,9.0,0.7,indicator
0.1105379513633014,5588.3,0,1573.32,1594.0,S3,qlearning,2,254,0.25,2.2,1.0,4.0,9.0,0.7,indicator
0.12385670731707317,5385.3,0,1377.7600000000002,1394.6000000000001,S3,qlearning,2,255,0.25,2.2,1.0,4.0,9.0,0.7,indicator
0.11808118081180811,5629.5,5,1529.5600000000002,1582.6000000000001,S3,qlearning,2,256,0.25,2.2,1.0,4.0,9.0,0.7,indicator
0.09549549549549549,5767.5,1,1451.28,1456.2,S3,qlearning,2,257,0.25,2.2,1.0,4.0,9.0,0.7,indicator
0.13197026022304834,5459.5,0,1487.48,1525.8000000000002,S3,qlearning,2,258,0.25,2.2,1.0,4.0,9.0,0.7,indicator
0.0987700335445397,5567.1,0,1633.8000000000002,1691.0000000000002,S3,qlearning,2,259,0.25,2.2,1.0,4.0,9.0,0.7,indicator
0.12653061224489795,5021.5,1,1323.64,1344.8000000000002,S3,qlearning,2,260,0.25,2.2,1.0,4.0,9.0,0.7,indicator
0.10049365303244005,5901.700000000001,1,1481.5200000000002,1497.1000000000001,S3,qlearning,2,261,0.25,2.2,1.0,4.0,9.0,0.7,indicator
0.10788544527265595,5272.3,1,1333.16,1345.6000000000001,S3,qlearning,2,262,0.25,2.2,1.0,4.0,9.0,0.7,indicator
0.11856243052982586,5547.3,1,1526.16,1575.8000000000002,S3,qlearning,2,263,0.25,2.2,1.0,4.0,9.0,0.7,indicator
0.14482259232440262,5563.900000000001,0,1648.28,1726.0,S3,qlearning,2,264,0.25,2.2,1.0,4.0,9.0,0.7,indicator
0.12486228424531766,5550.1,0,1594.16,1640.8000000000002,S3,qlearning,2,265,0.25,2.2,1.0,4.0,9.0,0.7,indicator
0.11960916442048518,6094.1,1,1594.7600000000002,1619.6000000000001,S3,qlearning,2,266,0.25,2.2,1.0,4.0,9.0,0.7,indicator
0.14328808446455504,5385.900000000001,2,1502.0,1547.4,S3,qlearning,2,267,0.25,2.2,1.0,4.0,9.0,0.7,indicator
0.1405384006334125,5126.700000000001,1,1428.12,1468.0,S3,qlearning,2,268,0.25,2.2,1.0,4.0,9.0,0.7,indicator
0.16122984626921635,5336.900000000001,1,1579.48,1677.4,S3,qlearning,2,269,0.25,2.2,1.0,4.0,9.0,0.7,indicator
0.1190040278286342,5618.700000000001,1,1530.1200000000001,1533.0,S3,qlearning,2,270,0.25,2.2,1.0,4.0,9.0,0.7,indicator
0.09916492693110647,5989.3,2,1627.1200000000001,1673.0000000000002,S3,qlearning,2,271,0.25,2.2,1.0,4.0,9.0,0.7,indicator
0.14314928425357873,4943.5,1,1374.3200000000002,1381.2,S3,qlearning,2,272,0.25,2.2,1.0,4.0,9.0,0.7,indicator
0.1238390092879257,5268.3,0,1511.4800000000002,1533.2000000000003,S3,qlearning,2,273,0.25,2.2,1.0,4.0,9.0,0.7,indicator
0.1345213137665968,5805.900000000001,0,1650.8400000000001,1658.4,S3,qlearning,2,274,0.25,2.2,1.0,4.0,9.0,0.7,indicator
0.10183968462549277,6340.3,3,1897.1599999999999,1984.2,S3,qlearning,2,275,0.25,2.2,1.0,4.0,9.0,0.7,indicator
0.09355095541401273,5239.900000000001,1,1446.3600000000001,1500.4,S3,qlearning,2,276,0.25,2.2,1.0,4.0,9.0,0.7,indicator
0.16611977030352748,4845.1,0,1300.84,1302.0,S3,qlearning,2,277,0.25,2.2,1.0,4.0,9.0,0.7,indicator
0.1343054489639294,5290.700000000001,0,1437.1200000000001,1453.6000000000001,S3,qlearning,2,278,0.25,2.2,1.0,4.0,9.0,0.7,indicator
0.11106927710843373,5497.700000000001,2,1480.28,1513.6000000000001,S3,qlearning,2,279,0.25,2.2,1.0,4.0,9.0,0.7,indicator
0.12633996937212863,5332.900000000001,0,1489.0000000000002,1510.0000000000002,S3,qlearning,2,280,0.25,2.2,1.0,4.0,9.0,0.7,indicator
0.1518100428182172,5174.3,1,1386.92,1403.4,S3,qlearning,2,281,0.25,2.2,1.0,4.0,9.0,0.7,indicator
0.14827327327327328,5354.3,0,1410.88,1419.2,S3,qlearning,2,282,0.25,2.2,1.0,4.0,9.0,0.7,indicator
0.14263978699125143,5350.55,3,1366.9600000000003,1379.8000000000002,S3,qlearning,2,283,0.25,2.2,1.0,4.0,9.0,0.7,indicator
0.10842516885886953,5790.1,0,1592.5200000000002,1608.8000000000002,S3,qlearning,2,284,0.25,2.2,1.0,4.0,9.0,0.7,indicator
0.12961508248232523,5177.200000000001,0,1412.1399999999999,1455.0,S3,qlearning,2,285,0.25,2.2,1.0,4.0,9.0,0.7,indicator
0.13219616204690832,4783.250000000001,0,1175.91,1178.6000000000001,S3,qlearning,2,286,0.25,2.2,1.0,4.0,9.0,0.7,indicator
0.11404779145546705,5697.900000000001,1,1502.64,1533.4,S3,qlearning,2,287,0.25,2.2,1.0,4.0,9.0,0.7,indicator
0.12280058651026393,5618.1,2,1470.6000000000001,1519.4,S3,qlearning,2,288,0.25,2.2,1.0,4.0,9.0,0.7,indicator
0.15804030027657054,5059.45,0,1416.28,1433.2,S3,qlearning,2,289,0.25,2.2,1.0,4.0,9.0,0.7,indicator
0.09976720984369804,6248.900000000001,2,1752.4400000000003,1792.0000000000002,S3,qlearning,2,290,0.25,2.2,1.0,4.0,9.0,0.7,indicator
0.13275923932543954,5680.900000000001,2,1509.1200000000001,1523.8000000000002,S3,qlearning,2,291,0.25,2.2,1.0,4.0,9.0,0.7,indicator
0.13915005641218503,5390.3,1,1493.5600000000002,1502.6000000000001,S3,qlearning,2,292,0.25,2.2,1.0,4.0,9.0,0.7,indicator
0.12752188808526838,5352.150000000001,0,1417.1200000000001,1429.0,S3,qlearning,2,293,0.25,2.2,1.0,4.0,9.0,0.7,indicator
0.11307953260459856,5454.1,0,1553.16,1579.8000000000002,S3,qlearning,2,294,0.25,2.2,1.0,4.0,9.0,0.7,indicator
0.12142080463936208,5635.3,0,1506.92,1520.4,S3,qlearning,2,295,0.25,2.2,1.0,4.0,9.0,0.7,indicator
0.1329500538986705,5646.1,0,1556.3200000000002,1557.2,S3,qlearning,2,296,0.25,2.2,1.0,4.0,9.0,0.7,indicator
0.14563106796116504,5216.5,2,1384.6000000000001,1412.6000000000001,S3,qlearning,2,297,0.25,2.2,1.0,4.0,9.0,0.7,indicator
0.12560220233998623,5932.700000000001,0,1631.52,1668.4,S3,qlearning,2,298,0.25,2.2,1.0,4.0,9.0,0.7,indicator
0.12866191607284244,5149.700000000001,0,1338.0800000000002,1339.4,S3,qlearning,2,299,0.25,2.2,1.0,4.0,9.0,0.7,indicator
0.12647262647262647,5878.700000000001,0,1646.72,1692.4,S3,qlearning,2,300,0.25,2.2,1.0,4.0,9.0,0.7,indicator
0.1359463276836158,5795.900000000001,4,1641.16,1696.0,S3,qlearning,2,301,0.25,2.2,1.0,4.0,9.0,0.7,indicator
0.11737089201877934,5689.3,0,1820.2,1953.6000000000001,S3,qlearning,2,302,0.25,2.2,1.0,4.0,9.0,0.7,indicator
0.12269938650306748,5665.700000000001,0,1482.04,1490.0,S3,qlearning,2,303,0.25,2.2,1.0,4.0,9.0,0.7,indicator
0.1321353065539112,5791.1,2,1649.1200000000001,1654.4,S3,qlearning,2,304,0.25,2.2,1.0,4.0,9.0,0.7,indicator
0.1303052866716307,5461.700000000001,0,1537.0400000000002,1584.8000000000002,S3,qlearning,2,305,0.25,2.2,1.0,4.0,9.0,0.7,indicator
0.13878743608473337,5556.1,1,1483.48,1504.4,S3,qlearning,2,306,0.25,2.2,1.0,4.0,9.0,0.7,indicator
0.13437625350982751,5050.1,0,1393.72,1408.0,S3,qlearning,2,307,0.25,2.2,1.0,4.0,9.0,0.7,indicator
0.14945138100643207,5318.1,0,1385.8400000000001,1390.6000000000001,S3,qlearning,2,308,0.25,2.2,1.0,4.0,9.0,0.7,indicator
0.1507338357794526,5067.700000000001,0,1292.3200000000002,1301.2,S3,qlearning,2,309,0.25,2.2,1.0,4.0,9.0,0.7,indicator
0.12302960399846213,5305.700000000001,0,1563.1200000000001,1621.0000000000002,S3,qlearning,2,310,0.25,2.2,1.0,4.0,9.0,0.7,indicator
0.14746362563900905,5175.1,3,1277.48,1285.6000000000001,S3,qlearning,2,311,0.25,2.2,1.0,4.0,9.0,0.7,indicator
0.12867647058823528,5568.500000000001,1,1475.8400000000001,1484.8000000000002,S3,qlearning,2,312,0.25,2.2,1.0,4.0,9.0,0.7,indicator
0.16712009327633112,5126.1,0,1278.1200000000001,1278.8000000000002,S3,qlearning,2,313,0.25,2.2,1.0,4.0,9.0,0.7,indicator
0.14297061159650518,5080.1,0,1490.28,1550.2,S3,qlearning,2,314,0.25,2.2,1.0,4.0,9.0,0.7,indicator
0.13217522658610273,5383.1,0,1401.64,1416.6000000000001,S3,qlearning,2,315,0.25,2.2,1.0,4.0,9.0,0.7,indicator
0.15291160452450775,4780.900000000001,0,1298.0,1306.4,S3,qlearning,2,316,0.25,2.2,1.0,4.0,9.0,0.7,indicator
0.17615731257681277,4821.700000000001,0,1274.7200000000003,1284.8000000000002,S3,qlearning,2,317,0.25,2.2,1.0,4.0,9.0,0.7,indicator
0.13874253600280997,5760.900000000001,0,1401.5600000000002,1414.6000000000001,S3,qlearning,2,318,0.25,2.2,1.0,4.0,9.0,0.7,indicator
0.10272759475735034,5854.1,0,1627.96,1692.4,S3,qlearning,2,319,0.25,2.2,1.0,4.0,9.0,0.7,indicator
0.12896479609620076,5835.3,0,1575.4,1599.0000000000002,S3,qlearning,2,320,0.25,2.2,1.0,4.0,9.0,0.7,indicator
0.11590003621876131,5687.700000000001,2,1639.92,1668.6000000000001,S3,qlearning,2,321,0.25,2.2,1.0,4.0,9.0,0.7,indicator
0.11944138184490996,5602.700000000001,3,1585.2,1614.8000000000002,S3,qlearning,2,322,0.25,2.2,1.0,4.0,9.0,0.7,indicator
0.1498847040737894,5236.900000000001,1,1274.0800000000002,1284.4,S3,qlearning,2,323,0.25,2.2,1.0,4.0,9.0,0.7,indicator
0.10264900662251655,6308.500000000001,5,1695.0800000000002,1721.0000000000002,S3,qlearning,2,324,0.25,2.2,1.0,4.0,9.0,0.7,indicator
0.09587554269175108,5730.3,0,1576.2,1591.6000000000001,S3,qlearning,2,325,0.25,2.2,1.0,4.0,9.0,0.7,indicator
0.14244426094137078,4911.900000000001,0,1352.76,1406.0,S3,qlearning,2,326,0.25,2.2,1.0,4.0,9.0,0.7,indicator
0.12163656468853667,5620.1,4,1548.5600000000002,1553.4,S3,qlearning,2,327,0.25,2.2,1.0,4.0,9.0,0.7,indicator
0.1298205421916762,5326.3,0,1433.3200000000002,1457.6000000000001,S3,qlearning,2,328,0.25,2.2,1.0,4.0,9.0,0.7,indicator
0.12849162011173185,5520.5,2,1430.0800000000002,1431.2,S3,qlearning,2,329,0.25,2.2,1.0,4.0,9.0,0.7,indicator
0.10607979734008867,6539.1,2,1630.0400000000002,1631.8000000000002,S3,qlearning,2,330,0.25,2.2,1.0,4.0,9.0,0.7,indicator
0.1303680981595092,5315.1,1,1502.48,1510.0,S3,qlearning,2,331,0.25,2.2,1.0,4.0,9.0,0.7,indicator
0.13535353535353536,5089.0,3,1411.52,1435.4,S3,qlearning,2,332,0.25,2.2,1.0,4.0,9.0,0.7,indicator
0.1438994730441832,4968.900000000001,0,1328.4800000000002,1347.8000000000002,S3,qlearning,2,333,0.25,2.2,1.0,4.0,9.0,0.7,indicator
0.11610201751046821,5395.900000000001,0,1395.6,1422.2,S3,qlearning,2,334,0.25,2.2,1.0,4.0,9.0,0.7,indicator
0.11900714042842571,6062.700000000001,2,1614.8000000000002,1628.0000000000002,S3,qlearning,2,335,0.25,2.2,1.0,4.0,9.0,0.7,indicator
0.15205371248025276,5103.900000000001,1,1448.1200000000001,1454.2,S3,qlearning,2,336,0.25,2.2,1.0,4.0,9.0,0.7,indicator
0.10087552341073468,5451.900000000001,1,1798.88,1935.8000000000002,S3,qlearning,2,337,0.25,2.2,1.0,4.0,9.0,0.7,indicator
0.12766768292682926,5358.3,0,1393.92,1410.2,S3,qlearning,2,338,0.25,2.2,1.0,4.0,9.0,0.7,indicator
0.11532447224394057,5269.1,1,1412.4,1447.6000000000001,S3,qlearning,2,339,0.25,2.2,1.0,4.0,9.0,0.7,indicator
0.12115384615384615,5373.5,3,1497.96,1564.8000000000002,S3,qlearning,2,340,0.25,2.2,1.0,4.0,9.0,0.7,indicator
0.12556679455877223,5846.900000000001,0,1688.72,1747.6000000000001,S3,qlearning,2,341,0.25,2.2,1.0,4.0,9.0,0.7,indicator
0.12373453318335208,5472.900000000001,2,1664.32,1732.0,S3,qlearning,2,342,0.25,2.2,1.0,4.0,9.0,0.7,indicator
0.1384083044982699,4669.900000000001,0,1230.8400000000001,1247.2,S3,qlearning,2,343,0.25,2.2,1.0,4.0,9.0,0.7,indicator
0.11343176089305006,5763.900000000001,5,1690.72,1738.4,S3,qlearning,2,344,0.25,2.2,1.0,4.0,9.0,0.7,indicator
0.13236390753169278,5482.900000000001,2,1363.68,1368.8000000000002,S3,qlearning,2,345,0.25,2.2,1.0,4.0,9.0,0.7,indicator
0.09370579915134371,5871.1,0,1511.48,1534.2,S3,qlearning,2,346,0.25,2.2,1.0,4.0,9.0,0.7,indicator
0.13293650793650794,5109.5,0,1287.28,1289.2,S3,qlearning,2,347,0.25,2.2,1.0,4.0,9.0,0.7,indicator
0.12259524707657488,5452.700000000001,3,1597.88,1661.2,S3,qlearning,2,348,0.25,2.2,1.0,4.0,9.0,0.7,indicator
0.11775043936731107,5900.5,4,1628.3600000000001,1665.4,S3,qlearning,2,349,0.25,2.2,1.0,4.0,9.0,0.7,indicator
0.13545816733067728,5107.5,2,1445.8,1456.0,S3,qlearning,2,350,0.25,2.2,1.0,4.0,9.0,0.7,indicator
0.16079039132119333,5162.700000000001,0,1532.1200000000001,1559.8000000000002,S3,qlearning,2,351,0.25,2.2,1.0,4.0,9.0,0.7,indicator
0.09836065573770492,5707.5,0,1470.92,1478.4,S3,qlearning,2,352,0.25,2.2,1.0,4.0,9.0,0.7,indicator
0.11021307861866275,5615.900000000001,0,1528.36,1588.0,S3,qlearning,2,353,0.25,2.2,1.0,4.0,9.0,0.7,indicator
0.13453815261044177,5057.5,0,1367.0000000000002,1372.8000000000002,S3,qlearning,2,354,0.25,2.2,1.0,4.0,9.0,0.7,indicator
0.10638297872340426,5534.3,0,1477.8400000000001,1484.2000000000003,S3,qlearning,2,355,0.25,2.2,1.0,4.0,9.0,0.7,indicator
0.10159651669085631,5717.700000000001,1,1549.6000000000001,1574.6000000000001,S3,qlearning,2,356,0.25,2.2,1.0,4.0,9.0,0.7,indicator
0.10185847033595426,5850.1,3,1635.88,1649.8000000000002,S3,qlearning,2,357,0.25,2.2,1.0,4.0,9.0,0.7,indicator
0.1411446249033256,5270.700000000001,4,1413.76,1456.2,S3,qlearning,2,358,0.25,2.2,1.0,4.0,9.0,0.7,indicator
0.10989010989010989,5801.700000000001,0,1517.3600000000001,1540.0000000000002,S3,qlearning,2,359,0.25,2.2,1.0,4.0,9.0,0.7,indicator
0.10990990990990991,5720.5,0,1498.2800000000002,1544.6000000000001,S3,qlearning,2,360,0.25,2.2,1.0,4.0,9.0,0.7,indicator
0.12663237039968342,5143.400000000001,0,1453.4400000000003,1467.0000000000002,S3,qlearning,2,361,0.25,2.2,1.0,4.0,9.0,0.7,indicator
0.12955313556139691,5462.1,2,1547.1599999999999,1626.2,S3,qlearning,2,362,0.25,2.2,1.0,4.0,9.0,0.7,indicator
0.11872455902306649,6076.1,3,1664.76,1712.2,S3,qlearning,2,363,0.25,2.2,1.0,4.0,9.0,0.7,indicator
0.11707492795389049,5697.700000000001,1,1648.3600000000001,1695.2,S3,qlearning,2,364,0.25,2.2,1.0,4.0,9.0,0.7,indicator
0.13409257898603968,5532.900000000001,0,1505.6000000000001,1547.4,S3,qlearning,2,365,0.25,2.2,1.0,4.0,9.0,0.7,indicator
0.09992862241256245,5815.900000000001,0,1531.0800000000002,1575.6000000000001,S3,qlearning,2,366,0.25,2.2,1.0,4.0,9.0,0.7,indicator
0.15740380878352117,5162.1,0,1469.48,1515.4,S3,qlearning,2,367,0.25,2.2,1.0,4.0,9.0,0.7,indicator
0.11060393258426966,5920.1,5,1550.88,1561.2,S3,qlearning,2,368,0.25,2.2,1.0,4.0,9.0,0.7,indicator
0.14317590182223874,5426.8,0,1439.96,1450.6000000000001,S3,qlearning,2,369,0.25,2.2,1.0,4.0,9.0,0.7,indicator
0.14380992080033347,4901.3,4,1306.3600000000001,1315.4,S3,qlearning,2,370,0.25,2.2,1.0,4.0,9.0,0.7,indicator
0.16501650165016502,5439.900000000001,1,1464.48,1501.2,S3,qlearning,2,371,0.25,2.2,1.0,4.0,9.0,0.7,indicator
0.1322860686233981,4905.3,0,1370.76,1381.2,S3,qlearning,2,372,0.25,2.2,1.0,4.0,9.0,0.7,indicator
0.13503781058696435,5661.900000000001,0,1509.2,1542.0000000000002,S3,qlearning,2,373,0.25,2.2,1.0,4.0,9.0,0.7,indicator
0.11909058101768315,5682.950000000001,0,1680.44,1720.6000000000001,S3,qlearning,2,374,0.25,2.2,1.0,4.0,9.0,0.7,indicator
0.11341026661360923,5174.1,0,1338.3200000000002,1340.8000000000002,S3,qlearning,2,375,0.25,2.2,1.0,4.0,9.0,0.7,indicator
0.12144992526158445,5492.700000000001,1,1586.4,1631.8000000000002,S3,qlearning,2,376,0.25,2.2,1.0,4.0,9.0,0.7,indicator
0.12785208497246262,5218.900000000001,3,1405.3200000000002,1425.6000000000001,S3,qlearning,2,377,0.25,2.2,1.0,4.0,9.0,0.7,indicator
0.13328530259365995,5630.700000000001,0,1646.76,1673.2,S3,qlearning,2,378,0.25,2.2,1.0,4.0,9.0,0.7,indicator
0.17554991539763112,4675.3,0,1435.4,1528.4,S3,qlearning,2,379,0.25,2.2,1.0,4.0,9.0,0.7,indicator
0.11211573236889692,5705.500000000001,1,1493.96,1505.2,S3,qlearning,2,380,0.25,2.2,1.0,4.0,9.0,0.7,indicator
0.15485938056247775,5672.3,3,1571.96,1587.4,S3,qlearning,2,381,0.25,2.2,1.0,4.0,9.0,0.7,indicator
0.10989010989010989,5455.3,0,1466.64,1517.6000000000001,S3,qlearning,2,382,0.25,2.2,1.0,4.0,9.0,0.7,indicator
0.12603528988116672,5676.900000000001,0,1528.72,1555.6000000000001,S3,qlearning,2,383,0.25,2.2,1.0,4.0,9.0,0.7,indicator
0.12721238938053098,5532.900000000001,1,1524.44,1585.4,S3,qlearning,2,384,0.25,2.2,1.0,4.0,9.0,0.7,indicator
0.13157894736842105,5572.700000000001,0,1617.2400000000002,1641.8000000000002,S3,qlearning,2,385,0.25,2.2,1.0,4.0,9.0,0.7,indicator
0.11090573012939002,5642.5,5,1529.56,1570.4,S3,qlearning,2,386,0.25,2.2,1.0,4.0,9.0,0.7,indicator
0.15101289134438306,5459.75,0,1554.8400000000001,1560.2,S3,qlearning,2,387,0.25,2.2,1.0,4.0,9.0,0.7,indicator
0.13279678068410464,5053.5,0,1323.7200000000003,1328.8000000000002,S3,qlearning,2,388,0.25,2.2,1.0,4.0,9.0,0.7,indicator
0.12581868321268527,5926.700000000001,0,1632.64,1647.0,S3,qlearning,2,389,0.25,2.2,1.0,4.0,9.0,0.7,indicator
0.14516129032258066,5647.5,1,1433.4,1438.2,S3,qlearning,2,390,0.25,2.2,1.0,4.0,9.0,0.7,indicator
0.12090483619344773,5282.3,2,1298.44,1311.2,S3,qlearning,2,391,0.25,2.2,1.0,4.0,9.0,0.7,indicator
0.13225569434239529,5585.900000000001,3,1498.16,1518.2,S3,qlearning,2,392,0.25,2.2,1.0,4.0,9.0,0.7,indicator
0.19425675675675674,4661.6,2,1316.88,1338.8000000000002,S3,qlearning,2,393,0.25,2.2,1.0,4.0,9.0,0.7,indicator
0.12101421436803687,5357.1,2,1513.12,1540.0,S3,qlearning,2,394,0.25,2.2,1.0,4.0,9.0,0.7,indicator
0.15205371248025276,5095.900000000001,0,1319.64,1322.2,S3,qlearning,2,395,0.25,2.2,1.0,4.0,9.0,0.7,indicator
0.13674884437596302,5285.700000000001,1,1301.0800000000002,1302.4,S3,qlearning,2,396,0.25,2.2,1.0,4.0,9.0,0.7,indicator
0.10873440285204991,5797.5,0,1574.8400000000001,1593.4,S3,qlearning,2,397,0.25,2.2,1.0,4.0,9.0,0.7,indicator
0.13387423935091278,5009.5,0,1262.3200000000002,1287.2,S3,qlearning,2,398,0.25,2.2,1.0,4.0,9.0,0.7,indicator
0.12186249545289196,5628.3,0,1399.4,1400.4,S3,qlearning,2,399,0.25,2.2,1.0,4.0,9.0,0.7,indicator
0.10143406785589366,5952.3,3,1684.6399999999999,1730.0,S3,qlearning,2,400,0.25,2.2,1.0,4.0,9.0,0.7,indicator
0.1275239107332625,5766.1,0,1548.2,1559.4,S3,qlearning,2,401,0.25,2.2,1.0,4.0,9.0,0.7,indicator
0.13971684053651268,5422.3,0,1428.0400000000002,1447.4,S3,qlearning,2,402,0.25,2.2,1.0,4.0,9.0,0.7,indicator
0.14430577223088922,5164.3,0,1463.2,1471.4,S3,qlearning,2,403,0.25,2.2,1.0,4.0,9.0,0.7,indicator
0.15753938484621155,5354.700000000001,2,1467.92,1471.2,S3,qlearning,2,404,0.25,2.2,1.0,4.0,9.0,0.7,indicator
0.13211760327502792,5462.900000000001,0,1502.0,1559.4,S3,qlearning,2,405,0.25,2.2,1.0,4.0,9.0,0.7,indicator
0.1198501872659176,5459.75,0,1560.28,1618.6000000000001,S3,qlearning,2,406,0.25,2.2,1.0,4.0,9.0,0.7,indicator
0.161741214057508,5029.3,3,1458.3200000000002,1502.8000000000002,S3,qlearning,2,407,0.25,2.2,1.0,4.0,9.0,0.7,indicator
0.16142384105960264,4873.700000000001,3,1283.3600000000001,1303.0,S3,qlearning,2,408,0.25,2.2,1.0,4.0,9.0,0.7,indicator
0.09530791788856305,5693.1,2,1570.92,1641.2000000000003,S3,qlearning,2,409,0.25,2.2,1.0,4.0,9.0,0.7,indicator
0.09787087912087912,6096.900000000001,2,1627.44,1655.8000000000002,S3,qlearning,2,410,0.25,2.2,1.0,4.0,9.0,0.7,indicator
0.11839708561020036,5634.5,1,1556.5600000000002,1593.6000000000001,S3,qlearning,2,411,0.25,2.2,1.0,4.0,9.0,0.7,indicator
0.11931818181818182,5429.5,1,1534.28,1555.0,S3,qlearning,2,412,0.25,2.2,1.0,4.0,9.0,0.7,indicator
0.11790714812085483,5606.3,4,1518.4,1534.0000000000002,S3,qlearning,2,413,0.25,2.2,1.0,4.0,9.0,0.7,indicator
0.13186813186813187,5577.25,0,1575.44,1608.6000000000001,S3,qlearning,2,414,0.25,2.2,1.0,4.0,9.0,0.7,indicator
0.13984743915728295,5567.1,0,1527.0400000000002,1556.2000000000003,S3,qlearning,2,415,0.25,2.2,1.0,4.0,9.0,0.7,indicator
0.11623547056617922,5462.900000000001,0,1425.2,1426.6000000000001,S3,qlearning,2,416,0.25,2.2,1.0,4.0,9.0,0.7,indicator
0.1331421548545678,4952.700000000001,0,1408.88,1429.2,S3,qlearning,2,417,0.25,2.2,1.0,4.0,9.0,0.7,indicator
0.11760094080752646,5220.200000000001,0,1630.8,1698.2,S3,qlearning,2,418,0.25,2.2,1.0,4.0,9.0,0.7,indicator
0.11530815109343936,5152.5,0,1331.88,1341.6000000000001,S3,qlearning,2,419,0.25,2.2,1.0,4.0,9.0,0.7,indicator
0.12083605486610059,6279.900000000001,0,1664.64,1704.2000000000003,S3,qlearning,2,420,0.25,2.2,1.0,4.0,9.0,0.7,indicator
0.08014073494917905,5349.1,0,1513.56,1546.4,S3,qlearning,2,421,0.25,2.2,1.0,4.0,9.0,0.7,indicator
0.14130855594270228,5255.1,2,1436.0,1439.4,S3,qlearning,2,422,0.25,2.2,1.0,4.0,9.0,0.7,indicator
0.15618742490989188,5023.400000000001,2,1360.68,1362.8000000000002,S3,qlearning,2,423,0.25,2.2,1.0,4.0,9.0,0.7,indicator
0.12123438648052902,5608.900000000001,1,1482.44,1500.4,S3,qlearning,2,424,0.25,2.2,1.0,4.0,9.0,0.7,indicator
0.13768389287061486,5366.700000000001,0,1406.6399999999999,1432.0,S3,qlearning,2,425,0.25,2.2,1.0,4.0,9.0,0.7,indicator
0.130074891604257,5172.900000000001,0,1398.68,1418.8000000000002,S3,qlearning,2,426,0.25,2.2,1.0,4.0,9.0,0.7,indicator
0.13627992633517497,5535.500000000001,2,1581.3200000000002,1663.4,S3,qlearning,2,427,0.25,2.2,1.0,4.0,9.0,0.7,indicator
0.13328656611715187,5804.700000000001,1,1643.64,1686.6000000000001,S3,qlearning,2,428,0.25,2.2,1.0,4.0,9.0,0.7,indicator
0.16086298258894777,5342.900000000001,5,1541.8000000000002,1550.8000000000002,S3,qlearning,2,429,0.25,2.2,1.0,4.0,9.0,0.7,indicator
0.12093862815884476,5664.5,0,1540.4,1542.0,S3,qlearning,2,430,0.25,2.2,1.0,4.0,9.0,0.7,indicator
0.1397712833545108,4785.700000000001,0,1379.6000000000001,1404.4,S3,qlearning,2,431,0.25,2.2,1.0,4.0,9.0,0.7,indicator
0.13428991905813098,5539.1,2,1558.1600000000003,1584.0000000000002,S3,qlearning,2,432,0.25,2.2,1.0,4.0,9.0,0.7,indicator
0.11098981077147016,5657.1,0,1705.28,1810.4,S3,qlearning,2,433,0.25,2.2,1.0,4.0,9.0,0.7,indicator
0.11641910879164993,5136.700000000001,1,1488.0800000000002,1494.4,S3,qlearning,2,434,0.25,2.2,1.0,4.0,9.0,0.7,indicator
0.11913626209977662,5512.700000000001,0,1436.64,1442.6000000000001,S3,qlearning,2,435,0.25,2.2,1.0,4.0,9.0,0.7,indicator
0.1277235161532682,5463.900000000001,3,1655.32,1726.4,S3,qlearning,2,436,0.25,2.2,1.0,4.0,9.0,0.7,indicator
0.15885623510722796,5082.1,3,1296.5200000000002,1306.8000000000002,S3,qlearning,2,437,0.25,2.2,1.0,4.0,9.0,0.7,indicator
0.13310836145481814,5414.650000000001,0,1519.5200000000002,1526.8000000000002,S3,qlearning,2,438,0.25,2.2,1.0,4.0,9.0,0.7,indicator
0.12441679626749612,5256.900000000001,0,1375.28,1410.2,S3,qlearning,2,439,0.25,2.2,1.0,4.0,9.0,0.7,indicator
0.11413843888070692,5583.700000000001,1,1557.4,1608.8000000000002,S3,qlearning,2,440,0.25,2.2,1.0,4.0,9.0,0.7,indicator
0.13929928239763614,4824.55,3,1405.0000000000002,1442.0000000000002,S3,qlearning,2,441,0.25,2.2,1.0,4.0,9.0,0.7,indicator
0.12386601535240754,5859.700000000001,1,1542.6000000000001,1546.0000000000002,S3,qlearning,2,442,0.25,2.2,1.0,4.0,9.0,0.7,indicator
0.13662979830839297,6261.3,2,1632.6000000000001,1640.8000000000002,S3,qlearning,2,443,0.25,2.2,1.0,4.0,9.0,0.7,indicator
0.1280558789289872,5255.900000000001,0,1415.2400000000002,1430.8000000000002,S3,qlearning,2,444,0.25,2.2,1.0,4.0,9.0,0.7,indicator
0.1346562721474132,5745.900000000001,2,1490.0,1504.0,S3,qlearning,2,445,0.25,2.2,1.0,4.0,9.0,0.7,indicator
0.14780241151302995,5167.7,0,1431.88,1459.2,S3,qlearning,2,446,0.25,2.2,1.0,4.0,9.0,0.7,indicator
0.13120710536939847,5036.900000000001,0,1442.44,1458.8000000000002,S3,qlearning,2,447,0.25,2.2,1.0,4.0,9.0,0.7,indicator
0.11350519430550211,5331.3,0,1430.88,1431.6000000000001,S3,qlearning,2,448,0.25,2.2,1.0,4.0,9.0,0.7,indicator
0.12715033657442035,5442.3,0,1451.2400000000002,1475.8000000000002,S3,qlearning,2,449,0.25,2.2,1.0,4.0,9.0,0.7,indicator
0.13655462184873948,4818.5,0,1370.6000000000001,1399.6000000000001,S3,qlearning,2,450,0.25,2.2,1.0,4.0,9.0,0.7,indicator
0.11610486891385768,5482.5,1,1546.04,1576.0,S3,qlearning,2,451,0.25,2.2,1.0,4.0,9.0,0.7,indicator
0.13543191800878476,5533.900000000001,0,1504.4,1513.6000000000001,S3,qlearning,2,452,0.25,2.2,1.0,4.0,9.0,0.7,indicator
0.1169478527607362,5370.1,2,1446.56,1460.0,S3,qlearning,2,453,0.25,2.2,1.0,4.0,9.0,0.7,indicator
0.11263841160748378,5375.3,0,1513.68,1546.6000000000001,S3,qlearning,2,454,0.25,2.2,1.0,4.0,9.0,0.7,indicator
0.16059537798668233,5129.1,1,1277.7600000000002,1290.8000000000002,S3,qlearning,2,455,0.25,2.2,1.0,4.0,9.0,0.7,indicator
0.11813885859687387,5657.700000000001,1,1609.6000000000001,1685.6000000000001,S3,qlearning,2,456,0.25,2.2,1.0,4.0,9.0,0.7,indicator
0.11430678466076696,5669.900000000001,8,1642.76,1723.6000000000001,S3,qlearning,2,457,0.25,2.2,1.0,4.0,9.0,0.7,indicator
0.12570356472795496,5454.5,2,1553.96,1581.2,S3,qlearning,2,458,0.25,2.2,1.0,4.0,9.0,0.7,indicator
0.13498920086393087,5633.1,0,1611.5600000000002,1636.0000000000002,S3,qlearning,2,459,0.25,2.2,1.0,4.0,9.0,0.7,indicator
0.13588026782197715,5139.3,0,1356.1200000000001,1357.0,S3,qlearning,2,460,0.25,2.2,1.0,4.0,9.0,0.7,indicator
0.12785741960480435,5264.700000000001,0,1421.16,1446.0,S3,qlearning,2,461,0.25,2.2,1.0,4.0,9.0,0.7,indicator
0.10882956878850103,5039.5,1,1424.68,1448.8000000000002,S3,qlearning,2,462,0.25,2.2,1.0,4.0,9.0,0.7,indicator
0.12589928057553956,5693.5,2,1531.88,1555.0,S3,qlearning,2,463,0.25,2.2,1.0,4.0,9.0,0.7,indicator
0.12324611300720516,5416.900000000001,1,1470.72,1478.0,S3,qlearning,2,464,0.25,2.2,1.0,4.0,9.0,0.7,indicator
0.12240356083086053,5542.700000000001,2,1546.88,1592.4,S3,qlearning,2,465,0.25,2.2,1.0,4.0,9.0,0.7,indicator
0.10587431693989072,6037.1,0,1694.7600000000002,1707.8000000000002,S3,qlearning,2,466,0.25,2.2,1.0,4.0,9.0,0.7,indicator
0.11287934863064397,5583.900000000001,2,1478.5600000000002,1498.4,S3,qlearning,2,467,0.25,2.2,1.0,4.0,9.0,0.7,indicator
0.12368133866860677,5620.3,1,1397.52,1419.2,S3,qlearning,2,468,0.25,2.2,1.0,4.0,9.0,0.7,indicator
0.11235955056179775,6032.900000000001,0,1476.16,1477.2,S3,qlearning,2,469,0.25,2.2,1.0,4.0,9.0,0.7,indicator
0.1308411214953271,5434.5,0,1474.2400000000002,1489.6000000000001,S3,qlearning,2,470,0.25,2.2,1.0,4.0,9.0,0.7,indicator
0.14857369255150554,5085.3,0,1407.32,1436.2,S3,qlearning,2,471,0.25,2.2,1.0,4.0,9.0,0.7,indicator
0.14783927217589082,5331.1,1,1428.4,1475.0,S3,qlearning,2,472,0.25,2.2,1.0,4.0,9.0,0.7,indicator
0.1292517006802721,6012.5,1,1595.2800000000002,1631.8000000000002,S3,qlearning,2,473,0.25,2.2,1.0,4.0,9.0,0.7,indicator
0.11215334420880914,5101.900000000001,4,1491.68,1548.8000000000002,S3,qlearning,2,474,0.25,2.2,1.0,4.0,9.0,0.7,indicator
0.09970993473531545,5748.1,3,1506.96,1525.6000000000001,S3,qlearning,2,475,0.25,2.2,1.0,4.0,9.0,0.7,indicator
0.10377358490566038,5492.5,0,1499.68,1545.4,S3,qlearning,2,476,0.25,2.2,1.0,4.0,9.0,0.7,indicator
0.16447368421052633,4875.900000000001,2,1402.88,1421.4,S3,qlearning,2,477,0.25,2.2,1.0,4.0,9.0,0.7,indicator
0.1427061310782241,5725.1,0,1554.1200000000001,1561.0,S3,qlearning,2,478,0.25,2.2,1.0,4.0,9.0,0.7,indicator
0.12295081967213115,5476.3,0,1479.08,1509.2,S3,qlearning,2,479,0.25,2.2,1.0,4.0,9.0,0.7,indicator
0.1475940153659523,4975.85,0,1383.2800000000002,1391.8000000000002,S3,qlearning,2,480,0.25,2.2,1.0,4.0,9.0,0.7,indicator
0.12846865364850976,5969.3,2,1692.5600000000002,1694.2000000000003,S3,qlearning,2,481,0.25,2.2,1.0,4.0,9.0,0.7,indicator
0.15689204333208817,5379.900000000001,1,1353.48,1367.2,S3,qlearning,2,482,0.25,2.2,1.0,4.0,9.0,0.7,indicator
0.15339966832504145,4834.900000000001,0,1331.8400000000001,1341.6000000000001,S3,qlearning,2,483,0.25,2.2,1.0,4.0,9.0,0.7,indicator
0.1179245283018868,5650.700000000001,0,1585.44,1614.6000000000001,S3,qlearning,2,484,0.25,2.2,1.0,4.0,9.0,0.7,indicator
0.16379672406551868,4782.700000000001,2,1422.92,1454.0,S3,qlearning,2,485,0.25,2.2,1.0,4.0,9.0,0.7,indicator
0.12076353720296065,5278.900000000001,2,1499.0400000000002,1520.0000000000002,S3,qlearning,2,486,0.25,2.2,1.0,4.0,9.0,0.7,indicator
0.11983775811209439,5587.900000000001,3,1627.0800000000002,1634.8000000000002,S3,qlearning,2,487,0.25,2.2,1.0,4.0,9.0,0.7,indicator
0.12859304084720122,5391.3,0,1430.3,1463.4,S3,qlearning,2,488,0.25,2.2,1.0,4.0,9.0,0.7,indicator
0.12222640090259496,5491.3,3,1536.4800000000002,1540.8000000000002,S3,qlearning,2,489,0.25,2.2,1.0,4.0,9.0,0.7,indicator
0.11359260685406238,5363.900000000001,1,1427.4,1441.6000000000001,S3,qlearning,2,490,0.25,2.2,1.0,4.0,9.0,0.7,indicator
0.1217739003998546,5714.700000000001,6,1658.2,1690.6000000000001,S3,qlearning,2,491,0.25,2.2,1.0,4.0,9.0,0.7,indicator
0.11308281141266527,5954.3,3,1615.3200000000002,1633.8000000000002,S3,qlearning,2,492,0.25,2.2,1.0,4.0,9.0,0.7,indicator
0.12674504041146217,5561.900000000001,0,1470.72,1486.2,S3,qlearning,2,493,0.25,2.2,1.0,4.0,9.0,0.7,indicator
0.12559155442300693,5688.900000000001,6,1526.3200000000002,1532.8000000000002,S3,qlearning,2,494,0.25,2.2,1.0,4.0,9.0,0.7,indicator
0.14076576576576577,5404.3,2,1553.56,1574.2,S3,qlearning,2,495,0.25,2.2,1.0,4.0,9.0,0.7,indicator
0.12282091917591126,5161.3,1,1412.8000000000002,1437.8000000000002,S3,qlearning,2,496,0.25,2.2,1.0,4.0,9.0,0.7,indicator
0.10703918722786647,5722.700000000001,2,1507.48,1518.6000000000001,S3,qlearning,2,497,0.25,2.2,1.0,4.0,9.0,0.7,indicator
0.11371127224785761,6228.3,0,1650.16,1698.0000000000002,S3,qlearning,2,498,0.25,2.2,1.0,4.0,9.0,0.7,indicator
0.11094396389620158,5527.3,4,1603.44,1668.6000000000001,S3,qlearning,2,499,0.25,2.2,1.0,4.0,9.0,0.7,indicator
0.12848751835535976,5545.3,0,1578.3999999999999,1629.0,S3,qlearning,2,500,0.25,2.2,1.0,4.0,9.0,0.7,indicator
0.1180053292729349,5399.900000000001,0,1385.52,1402.0,S3,qlearning,2,501,0.25,2.2,1.0,4.0,9.0,0.7,indicator
0.11339846475924634,5912.700000000001,0,1648.48,1708.6000000000001,S3,qlearning,2,502,0.25,2.2,1.0,4.0,9.0,0.7,indicator
0.1381760757994473,5130.1,0,1500.4,1549.6000000000001,S3,qlearning,2,503,0.25,2.2,1.0,4.0,9.0,0.7,indicator
0.10800283286118981,5829.3,0,1617.1200000000001,1649.8000000000002,S3,qlearning,2,504,0.25,2.2,1.0,4.0,9.0,0.7,indicator
0.14020393299344502,5599.700000000001,3,1543.7600000000002,1586.0000000000002,S3,qlearning,2,505,0.25,2.2,1.0,4.0,9.0,0.7,indicator
0.11748909029875797,6131.3,0,1602.2400000000002,1603.0000000000002,S3,qlearning,2,506,0.25,2.2,1.0,4.0,9.0,0.7,indicator
0.12302607418288652,5556.1,0,1574.16,1605.2,S3,qlearning,2,507,0.25,2.2,1.0,4.0,9.0,0.7,indicator
0.09989102796948783,5694.1,0,1563.24,1585.0,S3,qlearning,2,508,0.25,2.2,1.0,4.0,9.0,0.7,indicator
0.12898330804248861,5378.700000000001,0,1497.5200000000002,1526.0000000000002,S3,qlearning,2,509,0.25,2.2,1.0,4.0,9.0,0.7,indicator
0.13126491646778043,5112.3,0,1368.1200000000001,1375.0,S3,qlearning,2,510,0.25,2.2,1.0,4.0,9.0,0.7,indicator
0.1736111111111111,4282.5,1,1152.64,1164.4,S3,qlearning,2,511,0.25,2.2,1.0,4.0,9.0,0.7,indicator
0.1174884437596302,5347.700000000001,0,1547.92,1557.6000000000001,S3,qlearning,2,512,0.25,2.2,1.0,4.0,9.0,0.7,indicator
0.10617760617760617,5340.5,0,1378.1200000000001,1388.2,S3,qlearning,2,513,0.25,2.2,1.0,4.0,9.0,0.7,indicator
0.12746858168761221,5703.5,2,1529.96,1534.6000000000001,S3,qlearning,2,514,0.25,2.2,1.0,4.0,9.0,0.7,indicator
0.11529331976941336,6057.3,0,1596.3600000000001,1607.8000000000002,S3,qlearning,2,515,0.25,2.2,1.0,4.0,9.0,0.7,indicator
0.10181818181818182,5686.5,0,1496.48,1516.2,S3,qlearning,2,516,0.25,2.2,1.0,4.0,9.0,0.7,indicator
0.14133551823023352,4948.700000000001,0,1293.04,1296.0,S3,qlearning,2,517,0.25,2.2,1.0,4.0,9.0,0.7,indicator
0.11871013465627214,5856.900000000001,3,1653.48,1705.6000000000001,S3,qlearning,2,518,0.25,2.2,1.0,4.0,9.0,0.7,indicator
0.1362957430918596,5451.1,2,1522.04,1555.2,S3,qlearning,2,519,0.25,2.2,1.0,4.0,9.0,0.7,indicator
0.11606819006166122,5658.900000000001,0,1592.7600000000002,1632.2000000000003,S3,qlearning,2,520,0.25,2.2,1.0,4.0,9.0,0.7,indicator
0.13091051191871825,5208.3,1,1460.0800000000002,1521.8000000000002,S3,qlearning,2,521,0.25,2.2,1.0,4.0,9.0,0.7,indicator
0.1300148588410104,5503.150000000001,1,1478.1200000000001,1498.4,S3,qlearning,2,522,0.25,2.2,1.0,4.0,9.0,0.7,indicator
0.137546468401487,5466.5,0,1471.56,1480.2,S3,qlearning,2,523,0.25,2.2,1.0,4.0,9.0,0.7,indicator
0.12009149828440717,5377.85,0,1492.9600000000003,1505.0000000000002,S3,qlearning,2,524,0.25,2.2,1.0,4.0,9.0,0.7,indicator
0.12452438602559668,5900.700000000001,0,1656.1200000000001,1713.4,S3,qlearning,2,525,0.25,2.2,1.0,4.0,9.0,0.7,indicator
0.1257979722117912,5444.1,0,1544.92,1607.2,S3,qlearning,2,526,0.25,2.2,1.0,4.0,9.0,0.7,indicator
0.14965741074648395,5591.35,0,1460.24,1479.0,S3,qlearning,2,527,0.25,2.2,1.0,4.0,9.0,0.7,indicator
0.1318232454511697,5530.1,2,1470.76,1500.6000000000001,S3,qlearning,2,528,0.25,2.2,1.0,4.0,9.0,0.7,indicator
0.1497005988023952,5073.5,2,1544.1200000000001,1632.0000000000002,S3,qlearning,2,529,0.25,2.2,1.0,4.0,9.0,0.7,indicator
0.13815522145469322,5039.700000000001,3,1361.48,1379.4,S3,qlearning,2,530,0.25,2.2,1.0,4.0,9.0,0.7,indicator
0.11215629522431259,5706.3,0,1620.16,1630.6000000000001,S3,qlearning,2,531,0.25,2.2,1.0,4.0,9.0,0.7,indicator
0.13303769401330376,5558.700000000001,4,1521.24,1539.4,S3,qlearning,2,532,0.25,2.2,1.0,4.0,9.0,0.7,indicator
0.08656379375235228,5536.900000000001,0,1449.64,1456.4,S3,qlearning,2,533,0.25,2.2,1.0,4.0,9.0,0.7,indicator
0.12298232129131437,5352.650000000001,2,1534.16,1582.4,S3,qlearning,2,534,0.25,2.2,1.0,4.0,9.0,0.7,indicator
0.11387526278906797,5886.3,2,1634.68,1650.0,S3,qlearning,2,535,0.25,2.2,1.0,4.0,9.0,0.7,indicator
0.11127596439169139,5575.700000000001,1,1411.44,1430.4,S3,qlearning,2,536,0.25,2.2,1.0,4.0,9.0,0.7,indicator
0.13524424707307225,5027.400000000001,0,1364.2,1374.6000000000001,S3,qlearning,2,537,0.25,2.2,1.0,4.0,9.0,0.7,indicator
0.11498383039885016,5726.1,0,1419.3200000000002,1421.8000000000002,S3,qlearning,2,538,0.25,2.2,1.0,4.0,9.0,0.7,indicator
0.13172751223184043,5402.900000000001,0,1530.88,1561.0000000000002,S3,qlearning,2,539,0.25,2.2,1.0,4.0,9.0,0.7,indicator
0.11655011655011654,5329.3,3,1551.6400000000003,1577.0000000000002,S3,qlearning,2,540,0.25,2.2,1.0,4.0,9.0,0.7,indicator
0.13088012139605462,5357.700000000001,0,1516.0,1543.0,S3,qlearning,2,541,0.25,2.2,1.0,4.0,9.0,0.7,indicator
0.14306676449009537,5549.700000000001,3,1395.8400000000001,1433.8000000000002,S3,qlearning,2,542,0.25,2.2,1.0,4.0,9.0,0.7,indicator
0.11363636363636363,5161.1,1,1379.44,1405.4,S3,qlearning,2,543,0.25,2.2,1.0,4.0,9.0,0.7,indicator
0.14481409001956946,5144.5,0,1496.0800000000002,1559.2000000000003,S3,qlearning,2,544,0.25,2.2,1.0,4.0,9.0,0.7,indicator
0.15527950310559005,4506.3,0,1185.88,1198.0,S3,qlearning,2,545,0.25,2.2,1.0,4.0,9.0,0.7,indicator
0.11782592170277462,5388.700000000001,0,1430.1200000000001,1452.0000000000002,S3,qlearning,2,546,0.25,2.2,1.0,4.0,9.0,0.7,indicator
0.11864406779661017,5445.5,0,1477.68,1510.8000000000002,S3,qlearning,2,547,0.25,2.2,1.0,4.0,9.0,0.7,indicator
0.12854950115118957,5298.700000000001,0,1427.9600000000003,1435.8000000000002,S3,qlearning,2,548,0.25,2.2,1.0,4.0,9.0,0.7,indicator
0.15655965120887833,5054.1,0,1403.4,1436.8000000000002,S3,qlearning,2,549,0.25,2.2,1.0,4.0,9.0,0.7,indicator
0.11669303797468354,5175.1,0,1472.96,1526.8000000000002,S3,qlearning,2,550,0.25,2.2,1.0,4.0,9.0,0.7,indicator
0.1160337552742616,5833.3,0,1635.8000000000002,1658.6000000000001,S3,qlearning,2,551,0.25,2.2,1.0,4.0,9.0,0.7,indicator
0.10885341074020319,5670.700000000001,0,1608.44,1633.0,S3,qlearning,2,552,0.25,2.2,1.0,4.0,9.0,0.7,indicator
0.1111111111111111,5939.5,0,1648.48,1673.8000000000002,S3,qlearning,2,553,0.25,2.2,1.0,4.0,9.0,0.7,indicator
0.11381172839506173,5315.900000000001,0,1429.32,1455.0,S3,qlearning,2,554,0.25,2.2,1.0,4.0,9.0,0.7,indicator
0.10904044409199048,5185.900000000001,0,1410.2400000000002,1437.6000000000001,S3,qlearning,2,555,0.25,2.2,1.0,4.0,9.0,0.7,indicator
0.11589403973509933,5635.1,2,1424.1200000000001,1439.6000000000001,S3,qlearning,2,556,0.25,2.2,1.0,4.0,9.0,0.7,indicator
0.13990267639902676,4978.700000000001,0,1459.8000000000002,1501.8000000000002,S3,qlearning,2,557,0.25,2.2,1.0,4.0,9.0,0.7,indicator
0.11124354390147001,5200.900000000001,1,1395.4,1406.0000000000002,S3,qlearning,2,558,0.25,2.2,1.0,4.0,9.0,0.7,indicator
0.14635124298315957,5072.3,4,1315.5600000000002,1328.8000000000002,S3,qlearning,2,559,0.25,2.2,1.0,4.0,9.0,0.7,indicator
0.10738987986894795,5684.900000000001,1,1632.44,1644.6000000000001,S3,qlearning,2,560,0.25,2.2,1.0,4.0,9.0,0.7,indicator
0.11532447224394057,5241.1,0,1418.1200000000001,1434.4,S3,qlearning,2,561,0.25,2.2,1.0,4.0,9.0,0.7,indicator
0.10776738511590077,5102.3,3,1403.68,1429.0,S3,qlearning,2,562,0.25,2.2,1.0,4.0,9.0,0.7,indicator
0.14125386996904024,5254.3,1,1409.5600000000002,1433.8000000000002,S3,qlearning,2,563,0.25,2.2,1.0,4.0,9.0,0.7,indicator
0.12560777957860617,5065.1,0,1394.9200000000003,1442.2000000000003,S3,qlearning,2,564,0.25,2.2,1.0,4.0,9.0,0.7,indicator
0.10861561119293078,5731.700000000001,9,1510.52,1532.2,S3,qlearning,2,565,0.25,2.2,1.0,4.0,9.0,0.7,indicator
0.13370865587614356,5767.900000000001,0,1504.96,1531.4,S3,qlearning,2,566,0.25,2.2,1.0,4.0,9.0,0.7,indicator
0.1395007342143906,5529.3,0,1452.44,1456.2,S3,qlearning,2,567,0.25,2.2,1.0,4.0,9.0,0.7,indicator
0.1401689708141321,5262.3,0,1375.0,1410.0,S3,qlearning,2,568,0.25,2.2,1.0,4.0,9.0,0.7,indicator
0.13883532587736214,5270.1,2,1367.6000000000001,1378.8000000000002,S3,qlearning,2,569,0.25,2.2,1.0,4.0,9.0,0.7,indicator
0.12771635531833778,5379.1,1,1265.68,1270.6000000000001,S3,qlearning,2,570,0.25,2.2,1.0,4.0,9.0,0.7,indicator
0.13460015835312747,5136.7,0,1500.32,1560.0,S3,qlearning,2,571,0.25,2.2,1.0,4.0,9.0,0.7,indicator
0.14233576642335766,5527.5,0,1414.24,1426.0,S3,qlearning,2,572,0.25,2.2,1.0,4.0,9.0,0.7,indicator
0.1222537207654146,5771.900000000001,0,1604.64,1620.6000000000001,S3,qlearning,2,573,0.25,2.2,1.0,4.0,9.0,0.7,indicator
0.16393442622950818,5126.150000000001,1,1479.0500000000002,1535.0000000000002,S3,qlearning,2,574,0.25,2.2,1.0,4.0,9.0,0.7,indicator
0.12947448591012947,5364.700000000001,1,1526.72,1580.6000000000001,S3,qlearning,2,575,0.25,2.2,1.0,4.0,9.0,0.7,indicator
0.15589782118707737,5342.900000000001,1,1551.0800000000002,1552.8000000000002,S3,qlearning,2,576,0.25,2.2,1.0,4.0,9.0,0.7,indicator
0.10219530658591976,5490.900000000001,0,1551.92,1607.0000000000002,S3,qlearning,2,577,0.25,2.2,1.0,4.0,9.0,0.7,indicator
0.09615384615384616,5732.700000000001,0,1598.3200000000002,1617.6000000000001,S3,qlearning,2,578,0.25,2.2,1.0,4.0,9.0,0.7,indicator
0.12477064220183487,5588.5,2,1541.1600000000003,1554.0000000000002,S3,qlearning,2,579,0.25,2.2,1.0,4.0,9.0,0.7,indicator
0.12435040831477358,5492.3,0,1558.3200000000002,1609.0000000000002,S3,qlearning,2,580,0.25,2.2,1.0,4.0,9.0,0.7,indicator
0.1560737119217751,5339.3,0,1495.72,1587.6000000000001,S3,qlearning,2,581,0.25,2.2,1.0,4.0,9.0,0.7,indicator
0.13016845329249618,5338.900000000001,1,1456.6,1495.2,S3,qlearning,2,582,0.25,2.2,1.0,4.0,9.0,0.7,indicator
0.12490948587979725,5629.900000000001,0,1410.52,1433.0,S3,qlearning,2,583,0.25,2.2,1.0,4.0,9.0,0.7,indicator
0.11585567692816948,6213.700000000001,0,1704.1200000000001,1722.2,S3,qlearning,2,584,0.25,2.2,1.0,4.0,9.0,0.7,indicator
0.1437103396789847,5412.3,1,1532.5600000000002,1553.6000000000001,S3,qlearning,2,585,0.25,2.2,1.0,4.0,9.0,0.7,indicator
0.13454689354966362,5131.900000000001,1,1414.1200000000001,1453.6000000000001,S3,qlearning,2,586,0.25,2.2,1.0,4.0,9.0,0.7,indicator
0.11106927710843373,5531.700000000001,4,1418.16,1430.4,S3,qlearning,2,587,0.25,2.2,1.0,4.0,9.0,0.7,indicator
0.1506136110078096,5417.3,0,1410.5600000000002,1438.6000000000001,S3,qlearning,2,588,0.25,2.2,1.0,4.0,9.0,0.7,indicator
0.10348583877995643,5745.3,2,1777.96,1873.2000000000003,S3,qlearning,2,589,0.25,2.2,1.0,4.0,9.0,0.7,indicator
0.14156079854809436,5577.5,1,1677.16,1751.0000000000002,S3,qlearning,2,590,0.25,2.2,1.0,4.0,9.0,0.7,indicator
0.10968921389396709,5639.5,0,1612.0800000000002,1659.4,S3,qlearning,2,591,0.25,2.2,1.0,4.0,9.0,0.7,indicator
0.1400560224089636,5073.3,1,1364.52,1401.0,S3,qlearning,2,592,0.25,2.2,1.0,4.0,9.0,0.7,indicator
0.13992206872121857,5767.1,3,1527.92,1573.0,S3,qlearning,2,593,0.25,2.2,1.0,4.0,9.0,0.7,indicator
0.1284162001975634,6180.900000000001,0,1767.0000000000002,1788.6000000000001,S3,qlearning,2,594,0.25,2.2,1.0,4.0,9.0,0.7,indicator
0.10855476344782891,6364.700000000001,0,1740.68,1762.4,S3,qlearning,2,595,0.25,2.2,1.0,4.0,9.0,0.7,indicator
0.14245014245014245,4967.900000000001,0,1465.0000000000002,1477.0000000000002,S3,qlearning,2,596,0.25,2.2,1.0,4.0,9.0,0.7,indicator
0.12965050732807215,5486.700000000001,4,1392.84,1429.2,S3,qlearning,2,597,0.25,2.2,1.0,4.0,9.0,0.7,indicator
0.10424564063684609,5456.85,0,1596.88,1682.6000000000001,S3,qlearning,2,598,0.25,2.2,1.0,4.0,9.0,0.7,indicator
0.12093862815884476,5703.5,2,1581.44,1630.0,S3,qlearning,2,599,0.25,2.2,1.0,4.0,9.0,0.7,indicator
0.14676715589051964,5069.700000000001,0,1249.8000000000002,1251.6000000000001,S3,qlearning,2,600,0.25,2.2,1.0,4.0,9.0,0.7,indicator
0.16679904686258937,5041.1,1,1270.4,1276.6000000000001,S3,qlearning,2,601,0.25,2.2,1.0,4.0,9.0,0.7,indicator
0.12734864300626306,4916.5,2,1481.76,1533.4,S3,qlearning,2,602,0.25,2.2,1.0,4.0,9.0,0.7,indicator
0.13118440779610194,5430.1,1,1453.3600000000001,1461.6000000000001,S3,qlearning,2,603,0.25,2.2,1.0,4.0,9.0,0.7,indicator
0.1428027418126428,5363.700000000001,5,1339.64,1343.0,S3,qlearning,2,604,0.25,2.2,1.0,4.0,9.0,0.7,indicator
0.13984674329501914,5329.5,3,1457.0800000000002,1475.8000000000002,S3,qlearning,2,605,0.25,2.2,1.0,4.0,9.0,0.7,indicator
0.13986013986013987,5536.900000000001,1,1549.24,1579.4,S3,qlearning,2,606,0.25,2.2,1.0,4.0,9.0,0.7,indicator
0.13157894736842105,5554.700000000001,0,1654.8,1718.4,S3,qlearning,2,607,0.25,2.2,1.0,4.0,9.0,0.7,indicator
0.13209779179810727,5144.700000000001,0,1441.56,1510.4,S3,qlearning,2,608,0.25,2.2,1.0,4.0,9.0,0.7,indicator
0.12069647803719825,5180.900000000001,0,1463.08,1493.2,S3,qlearning,2,609,0.25,2.2,1.0,4.0,9.0,0.7,indicator
0.1429618768328446,5519.1,1,1573.56,1605.0,S3,qlearning,2,610,0.25,2.2,1.0,4.0,9.0,0.7,indicator
0.12163656468853667,5555.1,0,1429.16,1438.4,S3,qlearning,2,611,0.25,2.2,1.0,4.0,9.0,0.7,indicator
0.1284796573875803,5741.900000000001,1,1566.5600000000002,1584.2,S3,qlearning,2,612,0.25,2.2,1.0,4.0,9.0,0.7,indicator
0.13855898653998416,5104.700000000001,0,1366.88,1379.6000000000001,S3,qlearning,2,613,0.25,2.2,1.0,4.0,9.0,0.7,indicator
0.1170177198261451,6190.700000000001,3,1670.48,1716.6000000000001,S3,qlearning,2,614,0.25,2.2,1.0,4.0,9.0,0.7,indicator
0.11984282907662082,5247.5,3,1325.3200000000002,1328.8000000000002,S3,qlearning,2,615,0.25,2.2,1.0,4.0,9.0,0.7,indicator
0.12850929221035984,5141.3,0,1347.8400000000001,1364.8000000000002,S3,qlearning,2,616,0.25,2.2,1.0,4.0,9.0,0.7,indicator
0.12552301255230125,5396.3,2,1488.72,1503.0,S3,qlearning,2,617,0.25,2.2,1.0,4.0,9.0,0.7,indicator
0.12626262626262627,5660.900000000001,0,1547.44,1586.4,S3,qlearning,2,618,0.25,2.2,1.0,4.0,9.0,0.7,indicator
0.1623134328358209,5384.5,2,1491.2800000000002,1518.0000000000002,S3,qlearning,2,619,0.25,2.2,1.0,4.0,9.0,0.7,indicator
0.1282051282051282,5406.900000000001,1,1433.16,1455.0,S3,qlearning,2,620,0.25,2.2,1.0,4.0,9.0,0.7,indicator
0.11071428571428571,5788.5,1,1559.16,1611.6000000000001,S3,qlearning,2,621,0.25,2.2,1.0,4.0,9.0,0.7,indicator
0.12103505843071787,4900.700000000001,0,1307.1200000000001,1328.8000000000002,S3,qlearning,2,622,0.25,2.2,1.0,4.0,9.0,0.7,indicator
0.13323464100666174,5479.900000000001,0,1572.68,1600.6000000000001,S3,qlearning,2,623,0.25,2.2,1.0,4.0,9.0,0.7,indicator
0.14516129032258066,5041.0,3,1272.44,1319.0,S3,qlearning,2,624,0.25,2.2,1.0,4.0,9.0,0.7,indicator
0.14526894385551628,5131.900000000001,0,1479.96,1514.4,S3,qlearning,2,625,0.25,2.2,1.0,4.0,9.0,0.7,indicator
0.11641443538998836,5291.900000000001,0,1307.76,1343.4,S3,qlearning,2,626,0.25,2.2,1.0,4.0,9.0,0.7,indicator
0.09326993416239941,5686.3,0,1656.6000000000001,1716.4,S3,qlearning,2,627,0.25,2.2,1.0,4.0,9.0,0.7,indicator
0.14777468706536856,5833.700000000001,2,1631.7600000000002,1682.8000000000002,S3,qlearning,2,628,0.25,2.2,1.0,4.0,9.0,0.7,indicator
0.13026819923371646,5334.5,1,1555.96,1626.8000000000002,S3,qlearning,2,629,0.25,2.2,1.0,4.0,9.0,0.7,indicator
0.09947643979057591,5928.500000000001,0,1678.9200000000003,1720.2000000000003,S3,qlearning,2,630,0.25,2.2,1.0,4.0,9.0,0.7,indicator
0.13080827801639985,5249.700000000001,0,1434.28,1491.4,S3,qlearning,2,631,0.25,2.2,1.0,4.0,9.0,0.7,indicator
0.1516942474389283,5120.1,2,1483.3600000000001,1523.6000000000001,S3,qlearning,2,632,0.25,2.2,1.0,4.0,9.0,0.7,indicator
0.125676720804331,5289.700000000001,1,1393.7600000000002,1429.8000000000002,S3,qlearning,2,633,0.25,2.2,1.0,4.0,9.0,0.7,indicator
0.1362448674878686,5486.3,3,1414.16,1430.4,S3,qlearning,2,634,0.25,2.2,1.0,4.0,9.0,0.7,indicator
0.10445205479452055,6025.500000000001,0,1613.08,1646.2,S3,qlearning,2,635,0.25,2.2,1.0,4.0,9.0,0.7,indicator
0.1248191027496382,5684.3,2,1569.92,1612.4,S3,qlearning,2,636,0.25,2.2,1.0,4.0,9.0,0.7,indicator
0.1266294227188082,5479.5,1,1455.2,1462.0,S3,qlearning,2,637,0.25,2.2,1.0,4.0,9.0,0.7,indicator
0.12518142235123367,5634.700000000001,1,1467.0800000000002,1498.4,S3,qlearning,2,638,0.25,2.2,1.0,4.0,9.0,0.7,indicator
0.1371616678858815,5557.3,0,1446.3200000000002,1446.6000000000001,S3,qlearning,2,639,0.25,2.2,1.0,4.0,9.0,0.7,indicator
0.13078089461713419,5380.1,1,1458.7200000000003,1471.0000000000002,S3,qlearning,2,640,0.25,2.2,1.0,4.0,9.0,0.7,indicator
0.14239871640593663,5069.1,3,1519.24,1553.8000000000002,S3,qlearning,2,641,0.25,2.2,1.0,4.0,9.0,0.7,indicator
0.10668563300142248,5813.900000000001,0,1481.3200000000002,1503.2,S3,qlearning,2,642,0.25,2.2,1.0,4.0,9.0,0.7,indicator
0.12568735271013354,5212.200000000001,0,1483.2,1522.6000000000001,S3,qlearning,2,643,0.25,2.2,1.0,4.0,9.0,0.7,indicator
0.1573355128729056,4913.900000000001,0,1366.9600000000003,1374.8000000000002,S3,qlearning,2,644,0.25,2.2,1.0,4.0,9.0,0.7,indicator
0.12855209742895804,6078.700000000001,4,1588.4,1608.4,S3,qlearning,2,645,0.25,2.2,1.0,4.0,9.0,0.7,indicator
0.12029491656965463,5264.900000000001,0,1408.4,1411.6000000000001,S3,qlearning,2,646,0.25,2.2,1.0,4.0,9.0,0.7,indicator
0.12763021731631596,5961.3,4,1790.72,1864.4,S3,qlearning,2,647,0.25,2.2,1.0,4.0,9.0,0.7,indicator
0.14572666404096102,5141.3,1,1497.88,1512.2,S3,qlearning,2,648,0.25,2.2,1.0,4.0,9.0,0.7,indicator
0.09119607155384075,5947.700000000001,0,1679.44,1683.0,S3,qlearning,2,649,0.25,2.2,1.0,4.0,9.0,0.7,indicator
0.12453531598513011,5483.5,0,1449.64,1464.4,S3,qlearning,2,650,0.25,2.2,1.0,4.0,9.0,0.7,indicator
0.12361160874238625,5706.700000000001,1,1462.4,1465.0,S3,qlearning,2,651,0.25,2.2,1.0,4.0,9.0,0.7,indicator
0.13112491373360938,5933.1,2,1647.28,1666.2,S3,qlearning,2,652,0.25,2.2,1.0,4.0,9.0,0.7,indicator
0.1127554615926709,5827.1,0,1605.8400000000001,1617.4,S3,qlearning,2,653,0.25,2.2,1.0,4.0,9.0,0.7,indicator
0.13513513513513514,5429.3,1,1589.64,1640.6000000000001,S3,qlearning,2,654,0.25,2.2,1.0,4.0,9.0,0.7,indicator
0.13523131672597866,5741.500000000001,1,1654.76,1709.4,S3,qlearning,2,655,0.25,2.2,1.0,4.0,9.0,0.7,indicator
0.1290547610742937,5899.900000000001,5,1650.3200000000002,1697.6000000000001,S3,qlearning,2,656,0.25,2.2,1.0,4.0,9.0,0.7,indicator
0.12177650429799428,5701.900000000001,0,1509.2400000000002,1531.2000000000003,S3,qlearning,2,657,0.25,2.2,1.0,4.0,9.0,0.7,indicator
0.11303996770286637,5105.900000000001,1,1369.0000000000002,1373.8000000000002,S3,qlearning,2,658,0.25,2.2,1.0,4.0,9.0,0.7,indicator
0.10869565217391304,5889.900000000001,0,1630.04,1686.4,S3,qlearning,2,659,0.25,2.2,1.0,4.0,9.0,0.7,indicator
0.12404232032105071,5619.700000000001,0,1489.28,1538.4,S3,qlearning,2,660,0.25,2.2,1.0,4.0,9.0,0.7,indicator
0.13245033112582782,5232.900000000001,2,1491.72,1526.6000000000001,S3,qlearning,2,661,0.25,2.2,1.0,4.0,9.0,0.7,indicator
0.1139384732244588,5400.1,0,1467.2400000000002,1481.6000000000001,S3,qlearning,2,662,0.25,2.2,1.0,4.0,9.0,0.7,indicator
0.10468417317246274,5834.1,1,1466.7200000000003,1478.8000000000002,S3,qlearning,2,663,0.25,2.2,1.0,4.0,9.0,0.7,indicator
0.10748560460652591,5403.5,1,1400.1200000000001,1415.2,S3,qlearning,2,664,0.25,2.2,1.0,4.0,9.0,0.7,indicator
0.13276064037485358,5206.700000000001,1,1388.04,1390.2,S3,qlearning,2,665,0.25,2.2,1.0,4.0,9.0,0.7,indicator
0.14755959137343927,5396.1,4,1456.24,1482.0,S3,qlearning,2,666,0.25,2.2,1.0,4.0,9.0,0.7,indicator
0.11587078651685394,5847.1,0,1450.92,1464.6000000000001,S3,qlearning,2,667,0.25,2.2,1.0,4.0,9.0,0.7,indicator
0.12158703071672355,4797.3,0,1444.1200000000001,1497.8000000000002,S3,qlearning,2,668,0.25,2.2,1.0,4.0,9.0,0.7,indicator
0.13152728700431882,5188.900000000001,0,1548.7600000000002,1607.8000000000002,S3,qlearning,2,669,0.25,2.2,1.0,4.0,9.0,0.7,indicator
0.14205607476635515,5396.500000000001,0,1408.16,1416.4,S3,qlearning,2,670,0.25,2.2,1.0,4.0,9.0,0.7,indicator
0.13141932875050547,5048.1,0,1500.1200000000001,1568.2,S3,qlearning,2,671,0.25,2.2,1.0,4.0,9.0,0.7,indicator
0.11332007952286283,5173.5,0,1346.64,1373.2,S3,qlearning,2,672,0.25,2.2,1.0,4.0,9.0,0.7,indicator
0.13331024930747923,5872.1,1,1613.24,1638.2,S3,qlearning,2,673,0.25,2.2,1.0,4.0,9.0,0.7,indicator
0.12227741688956821,5399.900000000001,3,1555.0000000000002,1598.0000000000002,S3,qlearning,2,674,0.25,2.2,1.0,4.0,9.0,0.7,indicator
0.11272727272727273,5675.5,0,1435.8,1441.2,S3,qlearning,2,675,0.25,2.2,1.0,4.0,9.0,0.7,indicator
0.19207440355843106,4922.1,5,1331.96,1359.0,S3,qlearning,2,676,0.25,2.2,1.0,4.0,9.0,0.7,indicator
0.12126111560226355,5065.3,0,1408.48,1411.2,S3,qlearning,2,677,0.25,2.2,1.0,4.0,9.0,0.7,indicator
0.11068702290076336,5398.5,0,1410.68,1418.2,S3,qlearning,2,678,0.25,2.2,1.0,4.0,9.0,0.7,indicator
0.1462925851703407,5018.5,0,1256.92,1274.6000000000001,S3,qlearning,2,679,0.25,2.2,1.0,4.0,9.0,0.7,indicator
0.11596443757247778,5313.900000000001,0,1344.64,1350.4,S3,qlearning,2,680,0.25,2.2,1.0,4.0,9.0,0.7,indicator
0.14779270633397312,5299.5,3,1501.2400000000002,1507.0000000000002,S3,qlearning,2,681,0.25,2.2,1.0,4.0,9.0,0.7,indicator
0.15219842164599776,5395.700000000001,4,1472.92,1521.6000000000001,S3,qlearning,2,682,0.25,2.2,1.0,4.0,9.0,0.7,indicator
0.12987012987012986,5351.1,1,1549.56,1625.2,S3,qlearning,2,683,0.25,2.2,1.0,4.0,9.0,0.7,indicator
0.16260162601626016,4967.75,3,1386.96,1424.4,S3,qlearning,2,684,0.25,2.2,1.0,4.0,9.0,0.7,indicator
0.16117080400148204,5386.8,0,1642.4,1705.2,S3,qlearning,2,685,0.25,2.2,1.0,4.0,9.0,0.7,indicator
0.14401772525849335,5470.1,1,1620.84,1682.2,S3,qlearning,2,686,0.25,2.2,1.0,4.0,9.0,0.7,indicator
0.09567799406136589,6287.700000000001,0,1738.44,1768.4,S3,qlearning,2,687,0.25,2.2,1.0,4.0,9.0,0.7,indicator
0.13318534961154274,5530.1,1,1501.5200000000002,1509.2000000000003,S3,qlearning,2,688,0.25,2.2,1.0,4.0,9.0,0.7,indicator
0.09717987804878049,5516.3,4,1515.48,1560.0,S3,qlearning,2,689,0.25,2.2,1.0,4.0,9.0,0.7,indicator
0.14901960784313725,5154.5,1,1399.44,1425.6000000000001,S3,qlearning,2,690,0.25,2.2,1.0,4.0,9.0,0.7,indicator
0.1250446588067167,5705.3,0,1694.9600000000003,1703.8000000000002,S3,qlearning,2,691,0.25,2.2,1.0,4.0,9.0,0.7,indicator
0.12766701643931444,5872.05,2,1596.72,1600.4,S3,qlearning,2,692,0.25,2.2,1.0,4.0,9.0,0.7,indicator
0.10427903631787126,5790.700000000001,3,1495.88,1517.0,S3,qlearning,2,693,0.25,2.2,1.0,4.0,9.0,0.7,indicator
0.12736236647493837,4975.3,0,1442.64,1500.8000000000002,S3,qlearning,2,694,0.25,2.2,1.0,4.0,9.0,0.7,indicator
0.10568031704095113,6260.1,0,1634.72,1670.0,S3,qlearning,2,695,0.25,2.2,1.0,4.0,9.0,0.7,indicator
0.12249443207126949,5533.3,0,1559.92,1637.8000000000002,S3,qlearning,2,696,0.25,2.2,1.0,4.0,9.0,0.7,indicator
0.1259899208063355,5663.1,0,1569.56,1613.4,S3,qlearning,2,697,0.25,2.2,1.0,4.0,9.0,0.7,indicator
0.15664386028087865,5555.400000000001,0,1344.1600000000003,1345.5000000000002,S3,qlearning,2,698,0.25,2.2,1.0,4.0,9.0,0.7,indicator
0.13513513513513514,4813.1,0,1336.0,1340.2,S3,qlearning,2,699,0.25,2.2,1.0,4.0,9.0,0.7,indicator
0.1056578050443081,6060.3,0,1639.2,1671.4,S3,qlearning,2,700,0.25,2.2,1.0,4.0,9.0,0.7,indicator
0.1321900678813862,5691.3,0,1546.7600000000002,1569.6000000000001,S3,qlearning,2,701,0.25,2.2,1.0,4.0,9.0,0.7,indicator
0.14952888160589922,4899.700000000001,0,1363.6000000000001,1414.8000000000002,S3,qlearning,2,702,0.25,2.2,1.0,4.0,9.0,0.7,indicator
0.1394344069128044,5172.700000000001,0,1467.92,1480.8000000000002,S3,qlearning,2,703,0.25,2.2,1.0,4.0,9.0,0.7,indicator
0.13021830716200689,5321.700000000001,1,1447.5200000000002,1451.0000000000002,S3,qlearning,2,704,0.25,2.2,1.0,4.0,9.0,0.7,indicator
0.1451409339503576,4839.900000000001,1,1252.8400000000001,1293.4,S3,qlearning,2,705,0.25,2.2,1.0,4.0,9.0,0.7,indicator
0.1239067055393586,5596.3,0,1460.4800000000002,1470.8000000000002,S3,qlearning,2,706,0.25,2.2,1.0,4.0,9.0,0.7,indicator
0.11724137931034483,6006.5,3,1598.6,1624.0,S3,qlearning,2,707,0.25,2.2,1.0,4.0,9.0,0.7,indicator
0.13142174432497014,5110.700000000001,0,1627.36,1670.2,S3,qlearning,2,708,0.25,2.2,1.0,4.0,9.0,0.7,indicator
0.11450381679389313,5694.700000000001,3,1485.48,1500.4,S3,qlearning,2,709,0.25,2.2,1.0,4.0,9.0,0.7,indicator
0.11563876651982379,5616.3,0,1553.88,1561.2,S3,qlearning,2,710,0.25,2.2,1.0,4.0,9.0,0.7,indicator
0.1391465677179963,5485.5,2,1397.8400000000001,1416.6000000000001,S3,qlearning,2,711,0.25,2.2,1.0,4.0,9.0,0.7,indicator
0.13873265841769777,5407.900000000001,1,1514.64,1547.8000000000002,S3,qlearning,2,712,0.25,2.2,1.0,4.0,9.0,0.7,indicator
0.11502265597769258,5893.3,0,1641.0400000000002,1659.6000000000001,S3,qlearning,2,713,0.25,2.2,1.0,4.0,9.0,0.7,indicator
0.10161042944785276,5418.1,2,1556.56,1594.4,S3,qlearning,2,714,0.25,2.2,1.0,4.0,9.0,0.7,indicator
0.10254713860403572,6261.1,0,1887.64,1929.6000000000001,S3,qlearning,2,715,0.25,2.2,1.0,4.0,9.0,0.7,indicator
0.14998052201012854,5162.900000000001,0,1301.04,1307.2,S3,qlearning,2,716,0.25,2.2,1.0,4.0,9.0,0.7,indicator
0.12431444241316271,5645.0,4,1644.8200000000002,1729.6000000000001,S3,qlearning,2,717,0.25,2.2,1.0,4.0,9.0,0.7,indicator
0.14447481452557595,5172.700000000001,0,1444.92,1520.0000000000002,S3,qlearning,2,718,0.25,2.2,1.0,4.0,9.0,0.7,indicator
0.12968874700718275,5095.700000000001,0,1482.72,1496.2,S3,qlearning,2,719,0.25,2.2,1.0,4.0,9.0,0.7,indicator
0.1480592236894758,5065.3,2,1349.7600000000002,1367.6000000000001,S3,qlearning,2,720,0.25,2.2,1.0,4.0,9.0,0.7,indicator
0.126508369015181,5234.3,0,1360.16,1374.2,S3,qlearning,2,721,0.25,2.2,1.0,4.0,9.0,0.7,indicator
0.11636497968230514,5616.900000000001,3,1587.8400000000001,1639.8000000000002,S3,qlearning,2,722,0.25,2.2,1.0,4.0,9.0,0.7,indicator
0.09602194787379972,6087.700000000001,2,1663.68,1698.6000000000001,S3,qlearning,2,723,0.25,2.2,1.0,4.0,9.0,0.7,indicator
0.10829662261380323,5631.3,0,1631.64,1670.2,S3,qlearning,2,724,0.25,2.2,1.0,4.0,9.0,0.7,indicator
0.12631169840652934,5271.1,1,1520.48,1605.0,S3,qlearning,2,725,0.25,2.2,1.0,4.0,9.0,0.7,indicator
0.12076423936553712,5694.3,2,1545.64,1570.8000000000002,S3,qlearning,2,726,0.25,2.2,1.0,4.0,9.0,0.7,indicator
0.11834319526627218,5204.5,0,1418.2800000000002,1433.6000000000001,S3,qlearning,2,727,0.25,2.2,1.0,4.0,9.0,0.7,indicator
0.12955313556139691,5479.1,3,1534.1200000000001,1551.8000000000002,S3,qlearning,2,728,0.25,2.2,1.0,4.0,9.0,0.7,indicator
0.12138521956444127,5721.700000000001,0,1499.8400000000001,1514.2000000000003,S3,qlearning,2,729,0.25,2.2,1.0,4.0,9.0,0.7,indicator
0.12495406100698273,5556.200000000001,0,1535.1200000000001,1539.6000000000001,S3,qlearning,2,730,0.25,2.2,1.0,4.0,9.0,0.7,indicator
0.09177972865123703,5214.700000000001,0,1456.3600000000001,1464.6000000000001,S3,qlearning,2,731,0.25,2.2,1.0,4.0,9.0,0.7,indicator
0.09640831758034027,5493.5,1,1372.0400000000002,1380.8000000000002,S3,qlearning,2,732,0.25,2.2,1.0,4.0,9.0,0.7,indicator
0.14329384791746275,5305.400000000001,2,1505.0000000000002,1546.2000000000003,S3,qlearning,2,733,0.25,2.2,1.0,4.0,9.0,0.7,indicator
0.1533857089412645,5366.1,0,1566.72,1642.2,S3,qlearning,2,734,0.25,2.2,1.0,4.0,9.0,0.7,indicator
0.12469691721510218,5906.900000000001,0,1463.8,1469.2,S3,qlearning,2,735,0.25,2.2,1.0,4.0,9.0,0.7,indicator
0.117455728225515,5697.900000000001,1,1458.0,1486.2,S3,qlearning,2,736,0.25,2.2,1.0,4.0,9.0,0.7,indicator
0.12653374233128833,5346.1,1,1447.72,1484.2,S3,qlearning,2,737,0.25,2.2,1.0,4.0,9.0,0.7,indicator
0.13353681800839373,5323.700000000001,0,1626.88,1672.8000000000002,S3,qlearning,2,738,0.25,2.2,1.0,4.0,9.0,0.7,indicator
0.12242518460940537,5260.1,0,1413.2,1414.4,S3,qlearning,2,739,0.25,2.2,1.0,4.0,9.0,0.7,indicator
0.1373407643312102,5125.900000000001,2,1399.8400000000001,1435.6000000000001,S3,qlearning,2,740,0.25,2.2,1.0,4.0,9.0,0.7,indicator
0.12533232054690469,5394.1,0,1509.9600000000003,1525.8000000000002,S3,qlearning,2,741,0.25,2.2,1.0,4.0,9.0,0.7,indicator
0.13621123218776193,4864.700000000001,1,1334.8400000000001,1371.4,S3,qlearning,2,742,0.25,2.2,1.0,4.0,9.0,0.7,indicator
0.11420413990007137,5788.900000000001,2,1518.76,1548.4,S3,qlearning,2,743,0.25,2.2,1.0,4.0,9.0,0.7,indicator
0.11619328661010697,5586.700000000001,1,1577.8000000000002,1632.6000000000001,S3,qlearning,2,744,0.25,2.2,1.0,4.0,9.0,0.7,indicator
0.11429608127721336,5679.700000000001,1,1634.3600000000001,1654.4,S3,qlearning,2,745,0.25,2.2,1.0,4.0,9.0,0.7,indicator
0.1199086410354016,5405.900000000001,1,1463.0800000000002,1497.4,S3,qlearning,2,746,0.25,2.2,1.0,4.0,9.0,0.7,indicator
0.12133285041651576,5649.700000000001,0,1506.96,1510.2,S3,qlearning,2,747,0.25,2.2,1.0,4.0,9.0,0.7,indicator
0.1255980861244019,5130.1,1,1412.1200000000001,1423.2,S3,qlearning,2,748,0.25,2.2,1.0,4.0,9.0,0.7,indicator
0.13186416184971098,5623.1,0,1568.76,1596.6000000000001,S3,qlearning,2,749,0.25,2.2,1.0,4.0,9.0,0.7,indicator
0.09803921568627451,5185.05,1,1357.96,1360.6000000000001,S3,qlearning,2,750,0.25,2.2,1.0,4.0,9.0,0.7,indicator
0.11842105263157894,5446.5,0,1464.6,1489.2,S3,qlearning,2,751,0.25,2.2,1.0,4.0,9.0,0.7,indicator
0.11867088607594936,5169.1,0,1551.32,1566.0,S3,qlearning,2,752,0.25,2.2,1.0,4.0,9.0,0.7,indicator
0.10425020048115477,5152.3,0,1436.8400000000001,1439.4,S3,qlearning,2,753,0.25,2.2,1.0,4.0,9.0,0.7,indicator
0.1448199034533977,5467.6,1,1583.7800000000002,1643.2000000000003,S3,qlearning,2,754,0.25,2.2,1.0,4.0,9.0,0.7,indicator
0.1531770045385779,5345.3,3,1345.28,1348.0,S3,qlearning,2,755,0.25,2.2,1.0,4.0,9.0,0.7,indicator
0.1148705096073517,4919.3,0,1314.04,1331.0,S3,qlearning,2,756,0.25,2.2,1.0,4.0,9.0,0.7,indicator
0.12244078683259735,5150.700000000001,5,1436.32,1497.4,S3,qlearning,2,757,0.25,2.2,1.0,4.0,9.0,0.7,indicator
0.14735567218409365,4978.900000000001,0,1273.48,1297.2,S3,qlearning,2,758,0.25,2.2,1.0,4.0,9.0,0.7,indicator
0.14942528735632185,5272.5,2,1424.96,1439.2,S3,qlearning,2,759,0.25,2.2,1.0,4.0,9.0,0.7,indicator
0.11424386671548883,5656.3,0,1406.54,1411.0,S3,qlearning,2,760,0.25,2.2,1.0,4.0,9.0,0.7,indicator
0.1108139090561712,5404.900000000001,1,1504.96,1543.6000000000001,S3,qlearning,2,761,0.25,2.2,1.0,4.0,9.0,0.7,indicator
0.12341062079281974,5563.3,7,1576.0,1631.6000000000001,S3,qlearning,2,762,0.25,2.2,1.0,4.0,9.0,0.7,indicator
0.10869565217391304,5705.5,2,1583.3600000000001,1612.4,S3,qlearning,2,763,0.25,2.2,1.0,4.0,9.0,0.7,indicator
0.14113662024840046,5372.900000000001,0,1486.52,1502.0,S3,qlearning,2,764,0.25,2.2,1.0,4.0,9.0,0.7,indicator
0.1171875,5771.700000000001,0,1476.92,1506.4,S3,qlearning,2,765,0.25,2.2,1.0,4.0,9.0,0.7,indicator
0.10093457943925234,5548.5,0,1451.92,1455.2,S3,qlearning,2,766,0.25,2.2,1.0,4.0,9.0,0.7,indicator
0.13320079522862824,5138.5,0,1427.4,1436.4,S3,qlearning,2,767,0.25,2.2,1.0,4.0,9.0,0.7,indicator
0.11077027948193592,6037.3,0,1545.92,1548.4,S3,qlearning,2,768,0.25,2.2,1.0,4.0,9.0,0.7,indicator
0.14235569422776911,5232.3,3,1530.48,1561.6000000000001,S3,qlearning,2,769,0.25,2.2,1.0,4.0,9.0,0.7,indicator
0.13418903150525088,5227.700000000001,1,1532.64,1576.8000000000002,S3,qlearning,2,770,0.25,2.2,1.0,4.0,9.0,0.7,indicator
0.12535816618911175,5689.900000000001,0,1564.0800000000002,1575.2,S3,qlearning,2,771,0.25,2.2,1.0,4.0,9.0,0.7,indicator
0.1623931623931624,4699.5,0,1203.48,1211.2,S3,qlearning,2,772,0.25,2.2,1.0,4.0,9.0,0.7,indicator
0.13728323699421965,5601.1,0,1478.2800000000002,1480.8000000000002,S3,qlearning,2,773,0.25,2.2,1.0,4.0,9.0,0.7,indicator
0.14960629921259844,5099.5,0,1439.44,1500.6000000000001,S3,qlearning,2,774,0.25,2.2,1.0,4.0,9.0,0.7,indicator
0.12125805229253506,5394.3,0,1417.32,1431.0,S3,qlearning,2,775,0.25,2.2,1.0,4.0,9.0,0.7,indicator
0.11852662290299051,5609.900000000001,0,1460.48,1482.0,S3,qlearning,2,776,0.25,2.2,1.0,4.0,9.0,0.7,indicator
0.08903631284916201,5992.3,2,1682.72,1714.4,S3,qlearning,2,777,0.25,2.2,1.0,4.0,9.0,0.7,indicator
0.11446012972148036,5393.700000000001,0,1519.0,1546.6000000000001,S3,qlearning,2,778,0.25,2.2,1.0,4.0,9.0,0.7,indicator
0.13021830716200689,5308.700000000001,0,1405.1200000000001,1413.2,S3,qlearning,2,779,0.25,2.2,1.0,4.0,9.0,0.7,indicator
0.13861772745021475,5201.950000000001,0,1447.0800000000002,1468.6000000000001,S3,qlearning,2,780,0.25,2.2,1.0,4.0,9.0,0.7,indicator
0.09118037135278514,6290.700000000001,1,1866.1200000000001,1898.0000000000002,S3,qlearning,2,781,0.25,2.2,1.0,4.0,9.0,0.7,indicator
0.1032234697573343,5775.700000000001,4,1564.8000000000002,1599.8000000000002,S3,qlearning,2,782,0.25,2.2,1.0,4.0,9.0,0.7,indicator
0.08928571428571429,5124.3,0,1371.64,1375.4,S3,qlearning,2,783,0.25,2.2,1.0,4.0,9.0,0.7,indicator
0.11351909184726522,6000.900000000001,2,1618.28,1631.0,S3,qlearning,2,784,0.25,2.2,1.0,4.0,9.0,0.7,indicator
0.13630975898854208,5126.700000000001,0,1488.4,1495.6000000000001,S3,qlearning,2,785,0.25,2.2,1.0,4.0,9.0,0.7,indicator
0.1450676982591876,5219.5,0,1328.88,1340.8000000000002,S3,qlearning,2,786,0.25,2.2,1.0,4.0,9.0,0.7,indicator
0.14670896114195084,5086.900000000001,0,1311.76,1318.2,S3,qlearning,2,787,0.25,2.2,1.0,4.0,9.0,0.7,indicator
0.12867647058823528,5068.1,5,1370.8,1416.4,S3,qlearning,2,788,0.25,2.2,1.0,4.0,9.0,0.7,indicator
0.1317365269461078,5087.5,0,1343.84,1364.0,S3,qlearning,2,789,0.25,2.2,1.0,4.0,9.0,0.7,indicator
0.11811023622047244,5469.900000000001,1,1578.88,1648.8000000000002,S3,qlearning,2,790,0.25,2.2,1.0,4.0,9.0,0.7,indicator
0.14207862981704944,5260.3,3,1317.8400000000001,1343.8000000000002,S3,qlearning,2,791,0.25,2.2,1.0,4.0,9.0,0.7,indicator
0.1171875,5771.700000000001,0,1645.32,1719.2,S3,qlearning,2,792,0.25,2.2,1.0,4.0,9.0,0.7,indicator
0.12384473197781885,5529.5,1,1445.0,1448.2,S3,qlearning,2,793,0.25,2.2,1.0,4.0,9.0,0.7,indicator
0.13212079615648592,5920.3,0,1556.0000000000002,1560.8000000000002,S3,qlearning,2,794,0.25,2.2,1.0,4.0,9.0,0.7,indicator
0.13794338946614118,5669.700000000001,0,1520.92,1525.6000000000001,S3,qlearning,2,795,0.25,2.2,1.0,4.0,9.0,0.7,indicator
0.13211009174311927,5574.5,2,1575.8,1593.2,S3,qlearning,2,796,0.25,2.2,1.0,4.0,9.0,0.7,indicator
0.13817243920412675,5506.3,1,1700.36,1754.0,S3,qlearning,2,797,0.25,2.2,1.0,4.0,9.0,0.7,indicator
0.12923506811037375,5822.1,0,1567.7600000000002,1587.6000000000001,S3,qlearning,2,798,0.25,2.2,1.0,4.0,9.0,0.7,indicator
0.13466717968449404,5280.3,0,1507.8,1565.4,S3,qlearning,2,799,0.25,2.2,1.0,4.0,9.0,0.7,indicator
0.12295081967213115,5780.700000000001,2,1455.3600000000001,1474.6000000000001,S3,qlearning,2,800,0.25,2.2,1.0,4.0,9.0,0.7,indicator
0.1367331855136733,5505.700000000001,0,1440.92,1448.4,S3,qlearning,2,801,0.25,2.2,1.0,4.0,9.0,0.7,indicator
0.1339608979000724,5599.900000000001,0,1590.16,1667.0000000000002,S3,qlearning,2,802,0.25,2.2,1.0,4.0,9.0,0.7,indicator
0.13606745879647375,5296.3,0,1382.8000000000002,1386.4,S3,qlearning,2,803,0.25,2.2,1.0,4.0,9.0,0.7,indicator
0.11945392491467577,5431.900000000001,2,1466.96,1520.4,S3,qlearning,2,804,0.25,2.2,1.0,4.0,9.0,0.7,indicator
0.11934900542495479,5685.500000000001,1,1615.3200000000002,1640.8000000000002,S3,qlearning,2,805,0.25,2.2,1.0,4.0,9.0,0.7,indicator
0.12904398400581607,5618.700000000001,0,1492.8400000000001,1518.8000000000002,S3,qlearning,2,806,0.25,2.2,1.0,4.0,9.0,0.7,indicator
0.1431451612903226,5047.500000000001,2,1471.3000000000002,1578.0000000000002,S3,qlearning,2,807,0.25,2.2,1.0,4.0,9.0,0.7,indicator
0.11545293072824156,5783.500000000001,1,1603.4400000000003,1632.0000000000002,S3,qlearning,2,808,0.25,2.2,1.0,4.0,9.0,0.7,indicator
0.1375,5671.25,0,1630.3200000000002,1654.2,S3,qlearning,2,809,0.25,2.2,1.0,4.0,9.0,0.7,indicator
0.1276440554339898,5602.900000000001,1,1469.12,1499.0,S3,qlearning,2,810,0.25,2.2,1.0,4.0,9.0,0.7,indicator
0.14015289406625409,5567.900000000001,0,1623.0,1661.4,S3,qlearning,2,811,0.25,2.2,1.0,4.0,9.0,0.7,indicator
0.13354917037636585,5007.700000000001,0,1363.84,1415.0,S3,qlearning,2,812,0.25,2.2,1.0,4.0,9.0,0.7,indicator
0.1247327156094084,5720.700000000001,0,1514.32,1517.8,S3,qlearning,2,813,0.25,2.2,1.0,4.0,9.0,0.7,indicator
0.1355421686746988,5426.200000000001,3,1502.48,1512.9,S3,qlearning,2,814,0.25,2.2,1.0,4.0,9.0,0.7,indicator
0.12126537785588752,5882.5,4,1641.7600000000002,1668.6000000000001,S3,qlearning,2,815,0.25,2.2,1.0,4.0,9.0,0.7,indicator
0.13575525812619502,5314.5,0,1438.1600000000003,1446.0000000000002,S3,qlearning,2,816,0.25,2.2,1.0,4.0,9.0,0.7,indicator
0.1217739003998546,5658.700000000001,1,1663.96,1709.0,S3,qlearning,2,817,0.25,2.2,1.0,4.0,9.0,0.7,indicator
0.15714833269451897,5248.3,1,1432.92,1446.6000000000001,S3,qlearning,2,818,0.25,2.2,1.0,4.0,9.0,0.7,indicator
0.1312477526069759,5687.700000000001,0,1469.68,1483.4,S3,qlearning,2,819,0.25,2.2,1.0,4.0,9.0,0.7,indicator
0.11131725417439703,5554.750000000001,0,1411.8400000000001,1427.8000000000002,S3,qlearning,2,820,0.25,2.2,1.0,4.0,9.0,0.7,indicator
0.12581014105985514,5367.1,0,1409.5600000000002,1425.6000000000001,S3,qlearning,2,821,0.25,2.2,1.0,4.0,9.0,0.7,indicator
0.11863224005582694,5895.700000000001,2,1594.72,1597.6000000000001,S3,qlearning,2,822,0.25,2.2,1.0,4.0,9.0,0.7,indicator
0.11044176706827309,6178.1,1,1580.1200000000001,1584.0000000000002,S3,qlearning,2,823,0.25,2.2,1.0,4.0,9.0,0.7,indicator
0.10838663823738451,5807.3,0,1694.72,1721.4,S3,qlearning,2,824,0.25,2.2,1.0,4.0,9.0,0.7,indicator
0.1474056603773585,5114.3,0,1462.0800000000002,1500.0000000000002,S3,qlearning,2,825,0.25,2.2,1.0,4.0,9.0,0.7,indicator
0.1040863531225906,5415.3,0,1417.0000000000002,1427.8000000000002,S3,qlearning,2,826,0.25,2.2,1.0,4.0,9.0,0.7,indicator
0.10987031700288184,5708.700000000001,0,1436.0,1461.4,S3,qlearning,2,827,0.25,2.2,1.0,4.0,9.0,0.7,indicator
0.11118955171196611,5897.1,4,1528.7200000000003,1531.8000000000002,S3,qlearning,2,828,0.25,2.2,1.0,4.0,9.0,0.7,indicator
0.11917858452511917,5643.900000000001,3,1587.24,1602.4,S3,qlearning,2,829,0.25,2.2,1.0,4.0,9.0,0.7,indicator
0.12368133866860677,5628.3,1,1399.96,1408.0,S3,qlearning,2,830,0.25,2.2,1.0,4.0,9.0,0.7,indicator
0.1485148514851485,5293.700000000001,1,1470.16,1471.8000000000002,S3,qlearning,2,831,0.25,2.2,1.0,4.0,9.0,0.7,indicator
0.11623872310895211,5918.900000000001,1,1704.16,1745.8000000000002,S3,qlearning,2,832,0.25,2.2,1.0,4.0,9.0,0.7,indicator
0.12168543407192153,5693.1,4,1662.32,1723.4,S3,qlearning,2,833,0.25,2.2,1.0,4.0,9.0,0.7,indicator
0.11602998928953945,5775.700000000001,2,1649.3999999999999,1692.0,S3,qlearning,2,834,0.25,2.2,1.0,4.0,9.0,0.7,indicator
0.15570260801868432,5154.55,0,1561.92,1601.0000000000002,S3,qlearning,2,835,0.25,2.2,1.0,4.0,9.0,0.7,indicator
0.11461318051575932,5779.900000000001,3,1496.24,1508.6000000000001,S3,qlearning,2,836,0.25,2.2,1.0,4.0,9.0,0.7,indicator
0.11847463902258423,5549.700000000001,0,1438.0,1442.4,S3,qlearning,2,837,0.25,2.2,1.0,4.0,9.0,0.7,indicator
0.14813389765294344,5236.3,1,1510.8799999999999,1570.0,S3,qlearning,2,838,0.25,2.2,1.0,4.0,9.0,0.7,indicator
0.13480392156862744,4988.1,2,1363.5600000000002,1377.4,S3,qlearning,2,839,0.25,2.2,1.0,4.0,9.0,0.7,indicator
0.12906846240179573,5434.1,0,1457.64,1460.8000000000002,S3,qlearning,2,840,0.25,2.2,1.0,4.0,9.0,0.7,indicator
0.12994350282485875,5394.5,0,1449.16,1472.4,S3,qlearning,2,841,0.25,2.2,1.0,4.0,9.0,0.7,indicator
0.13359528487229863,5210.5,4,1399.8000000000002,1407.6000000000001,S3,qlearning,2,842,0.25,2.2,1.0,4.0,9.0,0.7,indicator
0.12408759124087591,5607.5,0,1509.88,1519.2,S3,qlearning,2,843,0.25,2.2,1.0,4.0,9.0,0.7,indicator
0.14201183431952663,5139.5,1,1344.48,1357.6000000000001,S3,qlearning,2,844,0.25,2.2,1.0,4.0,9.0,0.7,indicator
0.12490678598061149,5486.900000000001,1,1520.3600000000001,1542.2,S3,qlearning,2,845,0.25,2.2,1.0,4.0,9.0,0.7,indicator
0.11651265568501407,5105.3,0,1504.72,1579.6000000000001,S3,qlearning,2,846,0.25,2.2,1.0,4.0,9.0,0.7,indicator
0.12750455373406194,5586.5,0,1559.16,1588.0000000000002,S3,qlearning,2,847,0.25,2.2,1.0,4.0,9.0,0.7,indicator
0.12156862745098039,5205.5,0,1448.3600000000001,1456.0,S3,qlearning,2,848,0.25,2.2,1.0,4.0,9.0,0.7,indicator
0.11068702290076336,5398.5,0,1483.52,1502.2,S3,qlearning,2,849,0.25,2.2,1.0,4.0,9.0,0.7,indicator
0.1012216404886562,5927.500000000001,0,1621.6000000000001,1642.4,S3,qlearning,2,850,0.25,2.2,1.0,4.0,9.0,0.7,indicator
0.12339242266249566,5939.900000000001,5,1641.16,1658.4,S3,qlearning,2,851,0.25,2.2,1.0,4.0,9.0,0.7,indicator
0.1535172949863972,5232.1,5,1482.1200000000001,1497.0000000000002,S3,qlearning,2,852,0.25,2.2,1.0,4.0,9.0,0.7,indicator
0.08888888888888889,5619.500000000001,0,1480.64,1486.8000000000002,S3,qlearning,2,853,0.25,2.2,1.0,4.0,9.0,0.7,indicator
0.09796081567373051,5227.700000000001,3,1313.48,1317.2,S3,qlearning,2,854,0.25,2.2,1.0,4.0,9.0,0.7,indicator
0.12135922330097088,5479.1,0,1538.96,1588.8000000000002,S3,qlearning,2,855,0.25,2.2,1.0,4.0,9.0,0.7,indicator
0.12352309344790548,5698.1,0,1528.5200000000002,1537.4,S3,qlearning,2,856,0.25,2.2,1.0,4.0,9.0,0.7,indicator
0.1275009807767752,5189.3,0,1484.88,1551.2,S3,qlearning,2,857,0.25,2.2,1.0,4.0,9.0,0.7,indicator
0.1424230915305735,5325.1,0,1542.24,1621.8000000000002,S3,qlearning,2,858,0.25,2.2,1.0,4.0,9.0,0.7,indicator
0.10522742701968771,6107.700000000001,2,1712.2800000000002,1719.6000000000001,S3,qlearning,2,859,0.25,2.2,1.0,4.0,9.0,0.7,indicator
0.1295238095238095,5349.5,0,1451.48,1474.0,S3,qlearning,2,860,0.25,2.2,1.0,4.0,9.0,0.7,indicator
0.11036288814066592,5494.1,0,1587.16,1619.2,S3,qlearning,2,861,0.25,2.2,1.0,4.0,9.0,0.7,indicator
0.15296367112810708,5306.5,4,1490.68,1533.6000000000001,S3,qlearning,2,862,0.25,2.2,1.0,4.0,9.0,0.7,indicator
0.10558069381598793,5465.900000000001,0,1356.16,1356.4,S3,qlearning,2,863,0.25,2.2,1.0,4.0,9.0,0.7,indicator
0.12476370510396975,5411.5,1,1434.48,1457.6000000000001,S3,qlearning,2,864,0.25,2.2,1.0,4.0,9.0,0.7,indicator
0.10660980810234541,5826.3,1,1622.3200000000002,1631.8000000000002,S3,qlearning,2,865,0.25,2.2,1.0,4.0,9.0,0.7,indicator
0.121765601217656,5365.1,0,1436.92,1473.0000000000002,S3,qlearning,2,866,0.25,2.2,1.0,4.0,9.0,0.7,indicator
0.12902019446522064,5441.3,0,1482.44,1508.2,S3,qlearning,2,867,0.25,2.2,1.0,4.0,9.0,0.7,indicator
0.1351858805858055,5415.1,1,1549.2,1581.8,S3,qlearning,2,868,0.25,2.2,1.0,4.0,9.0,0.7,indicator
0.13114754098360656,5604.500000000001,2,1457.0,1465.4,S3,qlearning,2,869,0.25,2.2,1.0,4.0,9.0,0.7,indicator
0.10602678571428571,5554.1,0,1375.32,1388.0,S3,qlearning,2,870,0.25,2.2,1.0,4.0,9.0,0.7,indicator
0.15036001694197373,4779.700000000001,2,1332.3600000000001,1353.0,S3,qlearning,2,871,0.25,2.2,1.0,4.0,9.0,0.7,indicator
0.14001623376623376,4974.3,0,1408.2,1424.4,S3,qlearning,2,872,0.25,2.2,1.0,4.0,9.0,0.7,indicator
0.14846041055718476,5483.1,0,1517.88,1544.2,S3,qlearning,2,873,0.25,2.2,1.0,4.0,9.0,0.7,indicator
0.11222780569514237,6142.5,0,1611.2000000000003,1630.8000000000002,S3,qlearning,2,874,0.25,2.2,1.0,4.0,9.0,0.7,indicator
0.12667946257197696,5306.5,0,1461.4400000000003,1464.8000000000002,S3,qlearning,2,875,0.25,2.2,1.0,4.0,9.0,0.7,indicator
0.11688764829030007,5900.700000000001,0,1516.6000000000001,1532.6000000000001,S3,qlearning,2,876,0.25,2.2,1.0,4.0,9.0,0.7,indicator
0.10367097212780421,6101.900000000001,1,1687.1200000000001,1737.8000000000002,S3,qlearning,2,877,0.25,2.2,1.0,4.0,9.0,0.7,indicator
0.12347888332140301,5700.3,0,1505.88,1517.8000000000002,S3,qlearning,2,878,0.25,2.2,1.0,4.0,9.0,0.7,indicator
0.11481481481481481,5568.5,1,1373.4,1383.4,S3,qlearning,2,879,0.25,2.2,1.0,4.0,9.0,0.7,indicator
0.15026759983532317,4888.3,0,1283.3200000000002,1291.2,S3,qlearning,2,880,0.25,2.2,1.0,4.0,9.0,0.7,indicator
0.11286681715575621,5550.1,7,1476.68,1521.2,S3,qlearning,2,881,0.25,2.2,1.0,4.0,9.0,0.7,indicator
0.1429123213595983,5250.3,2,1370.3200000000002,1392.2,S3,qlearning,2,882,0.25,2.2,1.0,4.0,9.0,0.7,indicator
0.11295446523120367,5846.1,2,1634.4,1637.4,S3,qlearning,2,883,0.25,2.2,1.0,4.0,9.0,0.7,indicator
0.13229571984435798,5280.5,4,1489.56,1498.2,S3,qlearning,2,884,0.25,2.2,1.0,4.0,9.0,0.7,indicator
0.10712966383450313,5589.900000000001,0,1472.7600000000002,1477.4,S3,qlearning,2,885,0.25,2.2,1.0,4.0,9.0,0.7,indicator
0.12732801216267578,5386.700000000001,1,1394.96,1407.0,S3,qlearning,2,886,0.25,2.2,1.0,4.0,9.0,0.7,indicator
0.1299197554451662,5341.900000000001,1,1522.24,1540.4,S3,qlearning,2,887,0.25,2.2,1.0,4.0,9.0,0.7,indicator
0.16573396470081792,4626.1,0,1368.3600000000001,1435.4,S3,qlearning,2,888,0.25,2.2,1.0,4.0,9.0,0.7,indicator
0.1459179903952715,5448.900000000001,0,1414.2800000000002,1435.6000000000001,S3,qlearning,2,889,0.25,2.2,1.0,4.0,9.0,0.7,indicator
0.13365963855421686,5384.700000000001,0,1379.68,1384.8000000000002,S3,qlearning,2,890,0.25,2.2,1.0,4.0,9.0,0.7,indicator
0.1301796846351302,5550.900000000001,0,1538.2400000000002,1557.6000000000001,S3,qlearning,2,891,0.25,2.2,1.0,4.0,9.0,0.7,indicator
0.11904761904761904,5090.1,0,1333.6,1338.0,S3,qlearning,2,892,0.25,2.2,1.0,4.0,9.0,0.7,indicator
0.13608087091757387,5220.900000000001,0,1439.48,1492.8000000000002,S3,qlearning,2,893,0.25,2.2,1.0,4.0,9.0,0.7,indicator
0.16326530612244897,4910.5,1,1401.08,1429.2,S3,qlearning,2,894,0.25,2.2,1.0,4.0,9.0,0.7,indicator
0.14832022873481057,5643.1,0,1434.4,1440.2,S3,qlearning,2,895,0.25,2.2,1.0,4.0,9.0,0.7,indicator
0.14285714285714285,5334.0,2,1443.48,1482.2,S3,qlearning,2,896,0.25,2.2,1.0,4.0,9.0,0.7,indicator
0.1349380014587892,5570.900000000001,0,1477.1200000000001,1504.0000000000002,S3,qlearning,2,897,0.25,2.2,1.0,4.0,9.0,0.7,indicator
0.13498520710059173,5508.3,2,1599.96,1631.6000000000001,S3,qlearning,2,898,0.25,2.2,1.0,4.0,9.0,0.7,indicator
0.12415349887133183,5453.1,2,1411.72,1421.2,S3,qlearning,2,899,0.25,2.2,1.0,4.0,9.0,0.7,indicator
0.14986376021798364,5177.3,0,1317.64,1325.0,S3,qlearning,2,900,0.25,2.2,1.0,4.0,9.0,0.7,indicator
0.11131725417439703,5536.5,0,1429.2800000000002,1454.4,S3,qlearning,2,901,0.25,2.2,1.0,4.0,9.0,0.7,indicator
0.11271249076127125,5600.700000000001,2,1549.6000000000001,1550.2,S3,qlearning,2,902,0.25,2.2,1.0,4.0,9.0,0.7,indicator
0.14942099364960776,5381.900000000001,0,1436.0800000000002,1460.6000000000001,S3,qlearning,2,903,0.25,2.2,1.0,4.0,9.0,0.7,indicator
0.1282514450867052,5631.1,0,1534.7600000000002,1555.8000000000002,S3,qlearning,2,904,0.25,2.2,1.0,4.0,9.0,0.7,indicator
0.12625250501002003,5111.5,1,1361.5200000000002,1365.0000000000002,S3,qlearning,2,905,0.25,2.2,1.0,4.0,9.0,0.7,indicator
0.12727272727272726,5656.500000000001,3,1516.1200000000001,1527.4,S3,qlearning,2,906,0.25,2.2,1.0,4.0,9.0,0.7,indicator
0.10657193605683836,5828.500000000001,1,1578.2800000000002,1589.2000000000003,S3,qlearning,2,907,0.25,2.2,1.0,4.0,9.0,0.7,indicator
0.1439366678661389,5614.3,1,1420.68,1423.4,S3,qlearning,2,908,0.25,2.2,1.0,4.0,9.0,0.7,indicator
0.13498312710911137,5422.900000000001,0,1468.76,1503.4,S3,qlearning,2,909,0.25,2.2,1.0,4.0,9.0,0.7,indicator
0.1283855082659163,5819.1,0,1438.48,1439.6000000000001,S3,qlearning,2,910,0.25,2.2,1.0,4.0,9.0,0.7,indicator
0.10037878787878787,5490.5,1,1620.3200000000002,1658.8000000000002,S3,qlearning,2,911,0.25,2.2,1.0,4.0,9.0,0.7,indicator
0.1059322033898305,5358.700000000001,0,1476.0,1506.2,S3,qlearning,2,912,0.25,2.2,1.0,4.0,9.0,0.7,indicator
0.1484947111472742,4970.1,1,1204.52,1205.0,S3,qlearning,2,913,0.25,2.2,1.0,4.0,9.0,0.7,indicator
0.14065510597302505,5258.5,0,1323.4,1341.0,S3,qlearning,2,914,0.25,2.2,1.0,4.0,9.0,0.7,indicator
0.1697962445065921,4968.1,0,1280.4,1292.8000000000002,S3,qlearning,2,915,0.25,2.2,1.0,4.0,9.0,0.7,indicator
0.15232606010703995,4867.3,0,1349.48,1405.4,S3,qlearning,2,916,0.25,2.2,1.0,4.0,9.0,0.7,indicator
0.11865793780687398,5011.3,0,1383.08,1459.6000000000001,S3,qlearning,2,917,0.25,2.2,1.0,4.0,9.0,0.7,indicator
0.1267019667170953,5395.3,1,1441.1200000000001,1495.2,S3,qlearning,2,918,0.25,2.2,1.0,4.0,9.0,0.7,indicator
0.12605042016806722,5574.900000000001,0,1598.2,1644.4,S3,qlearning,2,919,0.25,2.2,1.0,4.0,9.0,0.7,indicator
0.15517936316001613,5001.700000000001,1,1398.2800000000002,1400.4,S3,qlearning,2,920,0.25,2.2,1.0,4.0,9.0,0.7,indicator
0.1362559241706161,5138.900000000001,0,1458.3200000000002,1540.0000000000002,S3,qlearning,2,921,0.25,2.2,1.0,4.0,9.0,0.7,indicator
0.14571948998178508,5536.5,0,1450.72,1459.6000000000001,S3,qlearning,2,922,0.25,2.2,1.0,4.0,9.0,0.7,indicator
0.11848341232227488,5617.1,0,1458.8000000000002,1471.6000000000001,S3,qlearning,2,923,0.25,2.2,1.0,4.0,9.0,0.7,indicator
0.1113013698630137,6044.5,1,1505.6,1542.2,S3,qlearning,2,924,0.25,2.2,1.0,4.0,9.0,0.7,indicator
0.1360544217687075,5074.3,1,1360.56,1390.2,S3,qlearning,2,925,0.25,2.2,1.0,4.0,9.0,0.7,indicator
0.11900117050331642,5287.1,3,1494.0,1522.6000000000001,S3,qlearning,2,926,0.25,2.2,1.0,4.0,9.0,0.7,indicator
0.15282940933498554,4849.700000000001,0,1280.0,1282.2,S3,qlearning,2,927,0.25,2.2,1.0,4.0,9.0,0.7,indicator
0.12519561815336464,5227.700000000001,1,1704.04,1800.8000000000002,S3,qlearning,2,928,0.25,2.2,1.0,4.0,9.0,0.7,indicator
0.13202437373053486,6045.3,3,1772.8400000000001,1820.6000000000001,S3,qlearning,2,929,0.25,2.2,1.0,4.0,9.0,0.7,indicator
0.13409257898603968,5544.900000000001,1,1668.88,1729.2000000000003,S3,qlearning,2,930,0.25,2.2,1.0,4.0,9.0,0.7,indicator
0.1223021582733813,5753.5,5,1661.1599999999999,1730.0,S3,qlearning,2,931,0.25,2.2,1.0,4.0,9.0,0.7,indicator
0.1418711656441718,5261.1,0,1576.64,1625.4,S3,qlearning,2,932,0.25,2.2,1.0,4.0,9.0,0.7,indicator
0.10416666666666667,5571.1,2,1559.64,1572.6000000000001,S3,qlearning,2,933,0.25,2.2,1.0,4.0,9.0,0.7,indicator
0.13302926643861648,5361.700000000001,2,1531.12,1632.4,S3,qlearning,2,934,0.25,2.2,1.0,4.0,9.0,0.7,indicator
0.10604453870625663,5831.3,0,1813.1200000000001,1881.6000000000001,S3,qlearning,2,935,0.25,2.2,1.0,4.0,9.0,0.7,indicator
0.16162453377538333,4849.1,2,1329.8200000000002,1359.6000000000001,S3,qlearning,2,936,0.25,2.2,1.0,4.0,9.0,0.7,indicator
0.13670411985018727,5439.500000000001,2,1360.4,1361.0,S3,qlearning,2,937,0.25,2.2,1.0,4.0,9.0,0.7,indicator
0.11148272017837235,5537.700000000001,0,1416.8400000000001,1431.8000000000002,S3,qlearning,2,938,0.25,2.2,1.0,4.0,9.0,0.7,indicator
0.11375755421258443,5869.1,5,1657.0000000000002,1669.8000000000002,S3,qlearning,2,939,0.25,2.2,1.0,4.0,9.0,0.7,indicator
0.12987012987012986,5654.900000000001,1,1562.44,1603.8000000000002,S3,qlearning,2,940,0.25,2.2,1.0,4.0,9.0,0.7,indicator
0.1547469677959013,4834.950000000001,3,1326.61,1361.2,S3,qlearning,2,941,0.25,2.2,1.0,4.0,9.0,0.7,indicator
0.13984509466437178,4722.3,1,1288.92,1324.4,S3,qlearning,2,942,0.25,2.2,1.0,4.0,9.0,0.7,indicator
0.1513431706394249,5347.1,2,1323.16,1333.2,S3,qlearning,2,943,0.25,2.2,1.0,4.0,9.0,0.7,indicator
0.11028164234815066,6065.900000000001,0,1705.0800000000002,1754.0000000000002,S3,qlearning,2,944,0.25,2.2,1.0,4.0,9.0,0.7,indicator
0.11868300153139356,5361.900000000001,0,1602.8400000000001,1660.4,S3,qlearning,2,945,0.25,2.2,1.0,4.0,9.0,0.7,indicator
0.08812949640287769,5848.5,3,1485.2,1491.6000000000001,S3,qlearning,2,946,0.25,2.2,1.0,4.0,9.0,0.7,indicator
0.12479541734860884,5028.3,1,1354.2400000000002,1377.8000000000002,S3,qlearning,2,947,0.25,2.2,1.0,4.0,9.0,0.7,indicator
0.12485593545908567,5304.1,0,1337.08,1342.0,S3,qlearning,2,948,0.25,2.2,1.0,4.0,9.0,0.7,indicator
0.11504424778761062,5827.5,0,1662.16,1730.6000000000001,S3,qlearning,2,949,0.25,2.2,1.0,4.0,9.0,0.7,indicator
0.10435737824972538,5638.700000000001,0,1394.88,1397.0,S3,qlearning,2,950,0.25,2.2,1.0,4.0,9.0,0.7,indicator
0.12110726643598616,5316.700000000001,0,1543.6,1591.0,S3,qlearning,2,951,0.25,2.2,1.0,4.0,9.0,0.7,indicator
0.13924592973436162,4784.3,4,1359.44,1386.0,S3,qlearning,2,952,0.25,2.2,1.0,4.0,9.0,0.7,indicator
0.13453741245853298,5498.1,0,1388.96,1391.6000000000001,S3,qlearning,2,953,0.25,2.2,1.0,4.0,9.0,0.7,indicator
0.14329976762199845,5261.900000000001,3,1520.3600000000001,1574.4,S3,qlearning,2,954,0.25,2.2,1.0,4.0,9.0,0.7,indicator
0.12410071942446044,5669.500000000001,0,1399.04,1410.0,S3,qlearning,2,955,0.25,2.2,1.0,4.0,9.0,0.7,indicator
0.12379642365887207,5946.1,1,1547.7200000000003,1556.8000000000002,S3,qlearning,2,956,0.25,2.2,1.0,4.0,9.0,0.7,indicator
0.13181984621017942,5547.700000000001,0,1495.6000000000001,1500.6000000000001,S3,qlearning,2,957,0.25,2.2,1.0,4.0,9.0,0.7,indicator
0.13243683781581092,5020.3,3,1357.76,1365.4,S3,qlearning,2,958,0.25,2.2,1.0,4.0,9.0,0.7,indicator
0.10598031794095382,5457.900000000001,0,1696.7600000000002,1763.8000000000002,S3,qlearning,2,959,0.25,2.2,1.0,4.0,9.0,0.7,indicator
0.12475247524752475,5161.5,1,1427.68,1469.0,S3,qlearning,2,960,0.25,2.2,1.0,4.0,9.0,0.7,indicator
0.1453596720089452,5415.1,1,1505.6,1516.0,S3,qlearning,2,961,0.25,2.2,1.0,4.0,9.0,0.7,indicator
0.10623229461756374,5837.3,1,1659.2800000000002,1663.8000000000002,S3,qlearning,2,962,0.25,2.2,1.0,4.0,9.0,0.7,indicator
0.12253991830672113,5496.1,0,1514.64,1570.4,S3,qlearning,2,963,0.25,2.2,1.0,4.0,9.0,0.7,indicator
0.10997067448680352,5642.1,1,1643.9600000000003,1676.0000000000002,S3,qlearning,2,964,0.25,2.2,1.0,4.0,9.0,0.7,indicator
0.1461454146876142,5513.900000000001,0,1470.76,1481.4,S3,qlearning,2,965,0.25,2.2,1.0,4.0,9.0,0.7,indicator
0.1328722242446305,5576.900000000001,0,1580.4,1617.8000000000002,S3,qlearning,2,966,0.25,2.2,1.0,4.0,9.0,0.7,indicator
0.1140819964349376,5754.500000000001,0,1543.5600000000002,1551.2,S3,qlearning,2,967,0.25,2.2,1.0,4.0,9.0,0.7,indicator
0.14555145551455514,4910.3,0,1485.4,1533.6000000000001,S3,qlearning,2,968,0.25,2.2,1.0,4.0,9.0,0.7,indicator
0.16666666666666666,5157.5,2,1489.0800000000002,1515.4,S3,qlearning,2,969,0.25,2.2,1.0,4.0,9.0,0.7,indicator
0.10347376201034737,5589.700000000001,0,1721.96,1846.8000000000002,S3,qlearning,2,970,0.25,2.2,1.0,4.0,9.0,0.7,indicator
0.10672188595093979,6481.3,0,1878.44,1885.2,S3,qlearning,2,971,0.25,2.2,1.0,4.0,9.0,0.7,indicator
0.10372646945831733,5385.1,0,1471.0400000000002,1475.6000000000001,S3,qlearning,2,972,0.25,2.2,1.0,4.0,9.0,0.7,indicator
0.1282051282051282,5494.700000000001,1,1449.56,1471.2,S3,qlearning,2,973,0.25,2.2,1.0,4.0,9.0,0.7,indicator
0.1009736747205193,5809.1,5,1637.1200000000001,1691.8000000000002,S3,qlearning,2,974,0.25,2.2,1.0,4.0,9.0,0.7,indicator
0.13112491373360938,5930.1,3,1581.2400000000002,1589.8000000000002,S3,qlearning,2,975,0.25,2.2,1.0,4.0,9.0,0.7,indicator
0.13287775246772968,5474.3,8,1499.1200000000001,1559.4,S3,qlearning,2,976,0.25,2.2,1.0,4.0,9.0,0.7,indicator
0.13568521031207598,5973.1,0,1596.6000000000001,1630.2000000000003,S3,qlearning,2,977,0.25,2.2,1.0,4.0,9.0,0.7,indicator
0.10435737824972538,5648.700000000001,0,1508.64,1529.2,S3,qlearning,2,978,0.25,2.2,1.0,4.0,9.0,0.7,indicator
0.1309880239520958,5430.900000000001,0,1442.92,1459.4,S3,qlearning,2,979,0.25,2.2,1.0,4.0,9.0,0.7,indicator
0.16129032258064516,4898.3,1,1378.5200000000002,1450.0000000000002,S3,qlearning,2,980,0.25,2.2,1.0,4.0,9.0,0.7,indicator
0.12563729060451567,5653.700000000001,3,1550.5200000000002,1571.4,S3,qlearning,2,981,0.25,2.2,1.0,4.0,9.0,0.7,indicator
0.11323701679031628,5270.700000000001,1,1383.0,1393.4,S3,qlearning,2,982,0.25,2.2,1.0,4.0,9.0,0.7,indicator
0.13181019332161686,5816.500000000001,0,1496.5600000000002,1503.2,S3,qlearning,2,983,0.25,2.2,1.0,4.0,9.0,0.7,indicator
0.10936300844205679,5466.700000000001,6,1475.8,1500.2,S3,qlearning,2,984,0.25,2.2,1.0,4.0,9.0,0.7,indicator
0.11482607227288079,6073.700000000001,0,1834.2800000000002,1886.6000000000001,S3,qlearning,2,985,0.25,2.2,1.0,4.0,9.0,0.7,indicator
0.1280120481927711,5439.700000000001,1,1450.3600000000001,1471.2,S3,qlearning,2,986,0.25,2.2,1.0,4.0,9.0,0.7,indicator
0.12926391382405744,5755.5,6,1643.24,1690.4,S3,qlearning,2,987,0.25,2.2,1.0,4.0,9.0,0.7,indicator
0.13279678068410464,5068.5,0,1426.56,1481.2,S3,qlearning,2,988,0.25,2.2,1.0,4.0,9.0,0.7,indicator
0.1007919366450684,5780.1,1,1539.6,1608.2,S3,qlearning,2,989,0.25,2.2,1.0,4.0,9.0,0.7,indicator
0.12876386687797148,5130.3,0,1497.76,1512.4,S3,qlearning,2,990,0.25,2.2,1.0,4.0,9.0,0.7,indicator
0.12169312169312169,5810.5,0,1653.36,1690.2,S3,qlearning,2,991,0.25,2.2,1.0,4.0,9.0,0.7,indicator
0.11003861003861004,5323.5,0,1275.76,1284.4,S3,qlearning,2,992,0.25,2.2,1.0,4.0,9.0,0.7,indicator
0.12009890498057224,5807.700000000001,0,1528.2000000000003,1529.0000000000002,S3,qlearning,2,993,0.25,2.2,1.0,4.0,9.0,0.7,indicator
0.11477761836441894,5756.1,3,1602.9600000000003,1665.0000000000002,S3,qlearning,2,994,0.25,2.2,1.0,4.0,9.0,0.7,indicator
0.13850955911041749,5199.1,0,1442.56,1478.4,S3,qlearning,2,995,0.25,2.2,1.0,4.0,9.0,0.7,indicator
0.13380281690140844,5764.5,0,1465.44,1480.2,S3,qlearning,2,996,0.25,2.2,1.0,4.0,9.0,0.7,indicator
0.14303482587064675,4900.900000000001,2,1191.84,1194.0,S3,qlearning,2,997,0.25,2.2,1.0,4.0,9.0,0.7,indicator
0.12356199403493821,4818.900000000001,1,1312.0800000000002,1312.4,S3,qlearning,2,998,0.25,2.2,1.0,4.0,9.0,0.7,indicator
0.10997643362136685,5232.700000000001,0,1434.0800000000002,1465.4,S3,qlearning,2,999,0.25,2.2,1.0,4.0,9.0,0.7,indicator
