service_level,total_cost,scri_viol,VaR95,TVaR95,scenario,method,seed,episode,c_h,c_b,c_o,c_disruption,lambda_scri,scri_threshold,scri_mode
0.09725599166377215,8166.05322493801,7,2270.802580174533,2414.7532252181663,S2,qlearning,0,0,0.1,3.0,1.1,7.0,14.0,0.7,hinge
0.09864165588615782,8745.408095187995,7,2740.610851219619,2877.5487203033663,S2,qlearning,0,1,0.1,3.0,1.1,7.0,14.0,0.7,hinge
0.11904761904761904,8606.0,0,2423.2,2463.0,S2,qlearning,0,2,0.1,3.0,1.1,7.0,14.0,0.7,hinge
0.12277867528271405,8556.930850940991,2,2257.0061701437753,2290.6999999259615,S2,qlearning,0,3,0.1,3.0,1.1,7.0,14.0,0.7,hinge
0.1383399209486166,7652.154650971292,3,2258.163720832033,2384.7046510400414,S2,qlearning,0,4,0.1,3.0,1.1,7.0,14.0,0.7,hinge
0.0892343120322395,9842.749999835049,2,2554.8,2555.0,S2,qlearning,0,5,0.1,3.0,1.1,7.0,14.0,0.7,hinge
0.10024196335983408,8102.0,0,2343.1,2428.5,S2,qlearning,0,6,0.1,3.0,1.1,7.0,14.0,0.7,hinge
0.09303012404016539,9533.314971710368,1,2855.1919773682935,2945.614971710367,S2,qlearning,0,7,0.1,3.0,1.1,7.0,14.0,0.7,hinge
0.11679079214624238,8165.5,0,2370.1,2482.0,S2,qlearning,0,8,0.1,3.0,1.1,7.0,14.0,0.7,hinge
0.08283347614967153,9959.0,0,2780.1,2790.0,S2,qlearning,0,9,0.1,3.0,1.1,7.0,14.0,0.7,hinge
0.12403913347309574,7938.649999818424,2,2308.439999987377,2394.5,S2,qlearning,0,10,0.1,3.0,1.1,7.0,14.0,0.7,hinge
0.1045510455104551,9167.29497896757,6,2594.6999997941844,2652.4999997427303,S2,qlearning,0,11,0.1,3.0,1.1,7.0,14.0,0.7,hinge
0.09594212016357345,8995.572166441514,5,2638.0230768481024,2653.7538460968935,S2,qlearning,0,12,0.1,3.0,1.1,7.0,14.0,0.7,hinge
0.10683760683760683,7910.121629294828,6,2026.937441790095,2092.4093022568686,S2,qlearning,0,13,0.1,3.0,1.1,7.0,14.0,0.7,hinge
0.09906934854398079,9433.370832993289,6,2565.669999841567,2637.4499998173587,S2,qlearning,0,14,0.1,3.0,1.1,7.0,14.0,0.7,hinge
0.10115157173980703,9032.521317580795,4,2587.017054111778,2657.5213176593656,S2,qlearning,0,15,0.1,3.0,1.1,7.0,14.0,0.7,hinge
0.09695704057279236,9459.73491604938,3,2913.406983182183,2916.549999937903,S2,qlearning,0,16,0.1,3.0,1.1,7.0,14.0,0.7,hinge
0.10060683487703609,8823.172718249049,4,2506.2,2541.5,S2,qlearning,0,17,0.1,3.0,1.1,7.0,14.0,0.7,hinge
0.12537612838515547,8218.0,0,2336.6,2354.5,S2,qlearning,0,18,0.1,3.0,1.1,7.0,14.0,0.7,hinge
0.1167076167076167,6806.549999891549,1,1779.1,1792.5,S2,qlearning,0,19,0.1,3.0,1.1,7.0,14.0,0.7,hinge
0.12178148921363953,7964.419108092544,3,2375.61382153156,2436.2499998550857,S2,qlearning,0,20,0.1,3.0,1.1,7.0,14.0,0.7,hinge
0.11742304030466519,8761.690425401976,2,2456.9399999580955,2495.049999947619,S2,qlearning,0,21,0.1,3.0,1.1,7.0,14.0,0.7,hinge
0.11184625078764965,8895.26433053207,4,2690.952866106414,2811.0,S2,qlearning,0,22,0.1,3.0,1.1,7.0,14.0,0.7,hinge
0.10286677908937605,8297.549999904939,1,2097.339999923951,2117.5499999049384,S2,qlearning,0,23,0.1,3.0,1.1,7.0,14.0,0.7,hinge
0.098256735340729,8885.291761223714,3,2868.233408978972,2923.291761223715,S2,qlearning,0,24,0.1,3.0,1.1,7.0,14.0,0.7,hinge
0.1045487894350697,7710.0067893727055,8,2068.928888709786,2129.549999910465,S2,qlearning,0,25,0.1,3.0,1.1,7.0,14.0,0.7,hinge
0.08659217877094973,10116.549999954437,1,2723.4399999635507,2775.049999954438,S2,qlearning,0,26,0.1,3.0,1.1,7.0,14.0,0.7,hinge
0.14425116673737803,6404.099999552532,2,1860.0,1922.0,S2,qlearning,0,27,0.1,3.0,1.1,7.0,14.0,0.7,hinge
0.09824352485858887,9495.31363459007,4,2487.6956210820886,2555.244526352611,S2,qlearning,0,28,0.1,3.0,1.1,7.0,14.0,0.7,hinge
0.07469244288224956,9759.0,0,2668.7,2740.5,S2,qlearning,0,29,0.1,3.0,1.1,7.0,14.0,0.7,hinge
0.09963212752912323,9169.67944440428,1,2754.335888880856,2787.0,S2,qlearning,0,30,0.1,3.0,1.1,7.0,14.0,0.7,hinge
0.08777062609713282,9682.149999843412,3,2695.889999909466,2753.5999999013065,S2,qlearning,0,31,0.1,3.0,1.1,7.0,14.0,0.7,hinge
0.12048192771084337,8929.0,0,2720.2,2809.0,S2,qlearning,0,32,0.1,3.0,1.1,7.0,14.0,0.7,hinge
0.1075619295958279,8577.581578896003,1,2412.4,2463.5,S2,qlearning,0,33,0.1,3.0,1.1,7.0,14.0,0.7,hinge
0.0770440251572327,9058.722548866766,2,2311.644509773353,2340.0,S2,qlearning,0,34,0.1,3.0,1.1,7.0,14.0,0.7,hinge
0.11066084788029926,8959.049999940311,1,2312.1399999522478,2387.54999994031,S2,qlearning,0,35,0.1,3.0,1.1,7.0,14.0,0.7,hinge
0.10304375396322131,8833.749999939844,1,2379.7,2458.0,S2,qlearning,0,36,0.1,3.0,1.1,7.0,14.0,0.7,hinge
0.0967741935483871,9642.701554009418,6,3157.589999897693,3357.5999998848647,S2,qlearning,0,37,0.1,3.0,1.1,7.0,14.0,0.7,hinge
0.07536142725315288,9299.0967319144,2,2494.7093463958213,2543.5,S2,qlearning,0,38,0.1,3.0,1.1,7.0,14.0,0.7,hinge
0.07906976744186046,9194.549999949342,1,2417.7399999594736,2456.5499999493422,S2,qlearning,0,39,0.1,3.0,1.1,7.0,14.0,0.7,hinge
0.09870450339296731,9165.261556564154,9,2546.7633331514403,2581.6499998300346,S2,qlearning,0,40,0.1,3.0,1.1,7.0,14.0,0.7,hinge
0.10647870425914817,9377.349999415936,7,2531.599999885892,2533.0999998929865,S2,qlearning,0,41,0.1,3.0,1.1,7.0,14.0,0.7,hinge
0.09090909090909091,8060.0,0,1999.2,2006.0,S2,qlearning,0,42,0.1,3.0,1.1,7.0,14.0,0.7,hinge
0.11331938633193864,7998.182950151557,6,2750.9755405481897,2936.1804876446527,S2,qlearning,0,43,0.1,3.0,1.1,7.0,14.0,0.7,hinge
0.09032455603184324,9268.559291551157,5,2587.427433503747,2631.9092918796837,S2,qlearning,0,44,0.1,3.0,1.1,7.0,14.0,0.7,hinge
0.09989484752891693,7999.161111037261,1,2070.5,2074.5,S2,qlearning,0,45,0.1,3.0,1.1,7.0,14.0,0.7,hinge
0.1059104885548343,8273.849999752389,3,2405.589999878911,2479.099999880722,S2,qlearning,0,46,0.1,3.0,1.1,7.0,14.0,0.7,hinge
0.13144058885383805,7839.720471788998,2,2149.9,2181.0,S2,qlearning,0,47,0.1,3.0,1.1,7.0,14.0,0.7,hinge
0.12005649717514125,7824.503159894353,3,2084.0006319788704,2149.0,S2,qlearning,0,48,0.1,3.0,1.1,7.0,14.0,0.7,hinge
0.11979166666666667,7998.266203386884,5,2261.5432406883765,2295.0,S2,qlearning,0,49,0.1,3.0,1.1,7.0,14.0,0.7,hinge
0.10044642857142858,10082.79166658102,2,2915.5333332648156,3038.29166658102,S2,qlearning,0,50,0.1,3.0,1.1,7.0,14.0,0.7,hinge
0.09586578789694428,9404.549999938889,1,2728.739999951111,2881.049999938889,S2,qlearning,0,51,0.1,3.0,1.1,7.0,14.0,0.7,hinge
0.10181704260651629,8938.0,0,2772.0,3006.0,S2,qlearning,0,52,0.1,3.0,1.1,7.0,14.0,0.7,hinge
0.11149497487437186,8862.665713069626,2,2348.7331426139253,2381.5,S2,qlearning,0,53,0.1,3.0,1.1,7.0,14.0,0.7,hinge
0.11532447224394057,7126.5,0,2107.8999999999996,2255.0,S2,qlearning,0,54,0.1,3.0,1.1,7.0,14.0,0.7,hinge
0.14105985512771635,7205.501357292346,4,2035.2693022747756,2042.9616278434694,S2,qlearning,0,55,0.1,3.0,1.1,7.0,14.0,0.7,hinge
0.11390284757118928,8287.621739026348,2,2378.8543477697312,2447.5499999407693,S2,qlearning,0,56,0.1,3.0,1.1,7.0,14.0,0.7,hinge
0.0967853439336329,8137.099999441713,2,2703.6,2824.0,S2,qlearning,0,57,0.1,3.0,1.1,7.0,14.0,0.7,hinge
0.11461318051575932,8760.72298460158,4,2403.379999972466,2408.5,S2,qlearning,0,58,0.1,3.0,1.1,7.0,14.0,0.7,hinge
0.10682288077188146,8131.753225578794,4,2549.6125805509237,2691.253225699349,S2,qlearning,0,59,0.1,3.0,1.1,7.0,14.0,0.7,hinge
0.12222946544980444,8482.412499885711,2,2216.7124999461353,2221.5499999483222,S2,qlearning,0,60,0.1,3.0,1.1,7.0,14.0,0.7,hinge
0.13382467028704423,7069.0,0,2198.0,2367.5,S2,qlearning,0,61,0.1,3.0,1.1,7.0,14.0,0.7,hinge
0.10786591437105875,8401.0,0,2605.7999999999997,2748.0,S2,qlearning,0,62,0.1,3.0,1.1,7.0,14.0,0.7,hinge
0.10352342898656011,7694.049992300008,1,2750.7999999999997,2964.0,S2,qlearning,0,63,0.1,3.0,1.1,7.0,14.0,0.7,hinge
0.08611955420466058,8418.049999684456,4,2390.36,2471.5,S2,qlearning,0,64,0.1,3.0,1.1,7.0,14.0,0.7,hinge
0.07876312718786464,9791.354568489824,1,2702.7709136979647,2778.5,S2,qlearning,0,65,0.1,3.0,1.1,7.0,14.0,0.7,hinge
0.10621861722672847,7226.549999913483,1,2130.7999999999997,2194.5,S2,qlearning,0,66,0.1,3.0,1.1,7.0,14.0,0.7,hinge
0.11480718280836032,9413.0,0,2730.7999999999997,2833.0,S2,qlearning,0,67,0.1,3.0,1.1,7.0,14.0,0.7,hinge
0.09618367980142724,9048.5,0,2569.1,2616.5,S2,qlearning,0,68,0.1,3.0,1.1,7.0,14.0,0.7,hinge
0.09189366590088612,8643.099999829452,2,2270.0199999658903,2329.0,S2,qlearning,0,69,0.1,3.0,1.1,7.0,14.0,0.7,hinge
0.1032498307379824,8289.5,0,2371.9,2404.5,S2,qlearning,0,70,0.1,3.0,1.1,7.0,14.0,0.7,hinge
0.12548262548262548,8585.2,0,2164.64,2169.0,S2,qlearning,0,71,0.1,3.0,1.1,7.0,14.0,0.7,hinge
0.11564407324124638,8714.833332888702,5,2432.4199999905713,2436.0,S2,qlearning,0,72,0.1,3.0,1.1,7.0,14.0,0.7,hinge
0.10523057876818323,9069.372288955285,3,2401.1,2438.5,S2,qlearning,0,73,0.1,3.0,1.1,7.0,14.0,0.7,hinge
0.11363636363636363,7478.063062815943,4,2392.910450320447,2518.513062900559,S2,qlearning,0,74,0.1,3.0,1.1,7.0,14.0,0.7,hinge
0.09921925829538061,8677.8,0,2263.8,2267.5,S2,qlearning,0,75,0.1,3.0,1.1,7.0,14.0,0.7,hinge
0.14057618882332523,7885.524169627636,6,2308.0948339410825,2380.5,S2,qlearning,0,76,0.1,3.0,1.1,7.0,14.0,0.7,hinge
0.09098786828422877,9790.046710310331,4,2648.847368276961,2739.8967103581576,S2,qlearning,0,77,0.1,3.0,1.1,7.0,14.0,0.7,hinge
0.09718498659517426,8374.109553965873,2,2714.2999999999997,2918.5,S2,qlearning,0,78,0.1,3.0,1.1,7.0,14.0,0.7,hinge
0.1158422041327489,8853.0,0,2386.7999999999997,2462.0,S2,qlearning,0,79,0.1,3.0,1.1,7.0,14.0,0.7,hinge
0.10052271813429835,6983.5,0,2058.4,2085.0,S2,qlearning,0,80,0.1,3.0,1.1,7.0,14.0,0.7,hinge
0.10958456002616945,8505.54999989452,1,2266.3,2321.5,S2,qlearning,0,81,0.1,3.0,1.1,7.0,14.0,0.7,hinge
0.10406958682820752,9013.749999877415,2,2329.7999999019326,2350.7499998774156,S2,qlearning,0,82,0.1,3.0,1.1,7.0,14.0,0.7,hinge
0.11036468330134357,8726.549999941666,1,2377.2,2382.5,S2,qlearning,0,83,0.1,3.0,1.1,7.0,14.0,0.7,hinge
0.09902498476538696,9225.553100630596,2,2520.2224805044766,2577.153100630596,S2,qlearning,0,84,0.1,3.0,1.1,7.0,14.0,0.7,hinge
0.1055572803477181,9019.199999747592,4,2228.0,2234.5,S2,qlearning,0,85,0.1,3.0,1.1,7.0,14.0,0.7,hinge
0.11664899257688228,7873.5,0,2356.0,2425.5,S2,qlearning,0,86,0.1,3.0,1.1,7.0,14.0,0.7,hinge
0.10250226107928852,9290.0,0,2701.6,2764.5,S2,qlearning,0,87,0.1,3.0,1.1,7.0,14.0,0.7,hinge
0.09618145277060006,9868.551243604097,4,2675.102029488891,2730.8363012387213,S2,qlearning,0,88,0.1,3.0,1.1,7.0,14.0,0.7,hinge
0.1095890410958904,9131.049999934745,1,2682.7999999999997,2833.5,S2,qlearning,0,89,0.1,3.0,1.1,7.0,14.0,0.7,hinge
0.09352959214964734,9272.82294761814,8,2396.6218918400978,2432.5,S2,qlearning,0,90,0.1,3.0,1.1,7.0,14.0,0.7,hinge
0.1276525198938992,8317.59999938125,2,2178.3,2197.0,S2,qlearning,0,91,0.1,3.0,1.1,7.0,14.0,0.7,hinge
0.10728218465539661,8604.649999786696,3,2643.639999963333,2722.0499999541667,S2,qlearning,0,92,0.1,3.0,1.1,7.0,14.0,0.7,hinge
0.12304622547389425,8290.54999992451,1,2187.139999939608,2223.04999992451,S2,qlearning,0,93,0.1,3.0,1.1,7.0,14.0,0.7,hinge
0.08731749212711136,9928.749999645832,4,2820.929999970743,2910.0,S2,qlearning,0,94,0.1,3.0,1.1,7.0,14.0,0.7,hinge
0.08152937868990723,10081.4,0,2807.1,2835.5,S2,qlearning,0,95,0.1,3.0,1.1,7.0,14.0,0.7,hinge
0.11631663974151858,8598.7,0,2521.3999999999996,2672.5,S2,qlearning,0,96,0.1,3.0,1.1,7.0,14.0,0.7,hinge
0.10406811731315042,8915.50284231844,4,2176.8609301977854,2203.3261627472316,S2,qlearning,0,97,0.1,3.0,1.1,7.0,14.0,0.7,hinge
0.10144482016600062,9127.349999888509,2,2828.279999910807,2932.8499998885086,S2,qlearning,0,98,0.1,3.0,1.1,7.0,14.0,0.7,hinge
0.10003077870113881,9092.5,0,2302.6,2317.5,S2,qlearning,0,99,0.1,3.0,1.1,7.0,14.0,0.7,hinge
0.0904916261480281,10493.810869397386,3,2935.4860869351824,2978.0,S2,qlearning,0,100,0.1,3.0,1.1,7.0,14.0,0.7,hinge
0.08267090620031796,8922.147656196894,1,2699.1295312393786,2867.5,S2,qlearning,0,101,0.1,3.0,1.1,7.0,14.0,0.7,hinge
0.09812536613942589,9650.604309954839,6,2473.649999869718,2486.5999998525476,S2,qlearning,0,102,0.1,3.0,1.1,7.0,14.0,0.7,hinge
0.104202254868466,8192.0,0,2187.7999999999997,2244.0,S2,qlearning,0,103,0.1,3.0,1.1,7.0,14.0,0.7,hinge
0.1115933044017359,8964.11097556853,1,2373.2,2424.5,S2,qlearning,0,104,0.1,3.0,1.1,7.0,14.0,0.7,hinge
0.0989010989010989,9024.345454017752,7,2342.476363485034,2350.2954543674846,S2,qlearning,0,105,0.1,3.0,1.1,7.0,14.0,0.7,hinge
0.14005092761004,7527.59999984919,2,2207.319999969838,2263.0,S2,qlearning,0,106,0.1,3.0,1.1,7.0,14.0,0.7,hinge
0.12716354645001765,7791.049999953333,1,2250.8399999626663,2371.549999953333,S2,qlearning,0,107,0.1,3.0,1.1,7.0,14.0,0.7,hinge
0.10233450591621363,8784.049999950956,1,2464.539999960764,2569.049999950955,S2,qlearning,0,108,0.1,3.0,1.1,7.0,14.0,0.7,hinge
0.1081165778752742,8899.505752022946,3,2459.00999998625,2513.0,S2,qlearning,0,109,0.1,3.0,1.1,7.0,14.0,0.7,hinge
0.103026400515132,8731.736841633017,5,2094.7473683266035,2109.5,S2,qlearning,0,110,0.1,3.0,1.1,7.0,14.0,0.7,hinge
0.10685663401602849,9403.280371157205,3,2806.0842969679566,2913.7303712099456,S2,qlearning,0,111,0.1,3.0,1.1,7.0,14.0,0.7,hinge
0.07985430092462875,10161.5,0,2843.8,2893.0,S2,qlearning,0,112,0.1,3.0,1.1,7.0,14.0,0.7,hinge
0.14295556321047193,7959.299999755108,3,2085.2799998682526,2104.099999835316,S2,qlearning,0,113,0.1,3.0,1.1,7.0,14.0,0.7,hinge
0.10865628395508874,7730.999999690825,4,2304.979999894491,2428.0999998681136,S2,qlearning,0,114,0.1,3.0,1.1,7.0,14.0,0.7,hinge
0.12043658261196838,7345.049992300008,1,2242.4,2331.0,S2,qlearning,0,115,0.1,3.0,1.1,7.0,14.0,0.7,hinge
0.09096159399364713,9773.358903995888,2,2537.52,2578.9,S2,qlearning,0,116,0.1,3.0,1.1,7.0,14.0,0.7,hinge
0.09482758620689655,9840.647916618764,1,2769.049583323753,2794.5,S2,qlearning,0,117,0.1,3.0,1.1,7.0,14.0,0.7,hinge
0.08992292320867827,9924.649415164915,1,2547.429883032983,2585.5,S2,qlearning,0,118,0.1,3.0,1.1,7.0,14.0,0.7,hinge
0.09222474460839955,9954.789664579106,3,2861.351731813007,2914.689664766259,S2,qlearning,0,119,0.1,3.0,1.1,7.0,14.0,0.7,hinge
0.11579347000759302,7326.949999929358,1,2560.7099999858715,2839.0,S2,qlearning,0,120,0.1,3.0,1.1,7.0,14.0,0.7,hinge
0.08376963350785341,8139.619607738617,2,2250.1339215205717,2283.8166666214142,S2,qlearning,0,121,0.1,3.0,1.1,7.0,14.0,0.7,hinge
0.10621861722672847,7310.321505411978,5,2067.9518583761474,2111.5,S2,qlearning,0,122,0.1,3.0,1.1,7.0,14.0,0.7,hinge
0.0959166895039737,10261.5,0,2688.8,2701.5,S2,qlearning,0,123,0.1,3.0,1.1,7.0,14.0,0.7,hinge
0.1023778071334214,8548.09723347686,8,2172.954666445759,2205.4433330571987,S2,qlearning,0,124,0.1,3.0,1.1,7.0,14.0,0.7,hinge
0.09090909090909091,8383.654651083667,1,2048.0,2067.0,S2,qlearning,0,125,0.1,3.0,1.1,7.0,14.0,0.7,hinge
0.09806973848069739,9058.333783456686,5,2718.6270269724528,2887.133783744412,S2,qlearning,0,126,0.1,3.0,1.1,7.0,14.0,0.7,hinge
0.08016347060672745,9071.349999937398,1,2383.22999998748,2405.4,S2,qlearning,0,127,0.1,3.0,1.1,7.0,14.0,0.7,hinge
0.09567546880979717,7349.5,0,2292.5,2472.0,S2,qlearning,0,128,0.1,3.0,1.1,7.0,14.0,0.7,hinge
0.09931383170819791,7900.455078838822,12,2351.7196293636835,2462.137036725083,S2,qlearning,0,129,0.1,3.0,1.1,7.0,14.0,0.7,hinge
0.10041440867070449,8871.296826894337,7,2707.084237266612,2829.0,S2,qlearning,0,130,0.1,3.0,1.1,7.0,14.0,0.7,hinge
0.1363962670495334,7612.3,0,2230.7999999999997,2298.0,S2,qlearning,0,131,0.1,3.0,1.1,7.0,14.0,0.7,hinge
0.10885341074020319,7718.549999812195,1,2120.609999962439,2190.0,S2,qlearning,0,132,0.1,3.0,1.1,7.0,14.0,0.7,hinge
0.1196808510638298,8316.54999989452,1,2557.1,2650.0,S2,qlearning,0,133,0.1,3.0,1.1,7.0,14.0,0.7,hinge
0.1024428684003152,10667.800735156106,3,2765.8405881248846,2796.300735156106,S2,qlearning,0,134,0.1,3.0,1.1,7.0,14.0,0.7,hinge
0.1012337867763366,8856.0,0,2447.2999999999997,2519.0,S2,qlearning,0,135,0.1,3.0,1.1,7.0,14.0,0.7,hinge
0.09601181683899557,9517.0,0,2925.8,2951.5,S2,qlearning,0,136,0.1,3.0,1.1,7.0,14.0,0.7,hinge
0.12466307277628032,8192.273728673292,2,2547.4789830008563,2563.72372875107,S2,qlearning,0,137,0.1,3.0,1.1,7.0,14.0,0.7,hinge
0.10065127294256956,9463.5,0,2533.8,2542.0,S2,qlearning,0,138,0.1,3.0,1.1,7.0,14.0,0.7,hinge
0.14279624893435636,6371.84999978,1,1814.68,1841.5,S2,qlearning,0,139,0.1,3.0,1.1,7.0,14.0,0.7,hinge
0.11118272639381244,8692.286388932405,7,2667.4098829336926,2707.697222102098,S2,qlearning,0,140,0.1,3.0,1.1,7.0,14.0,0.7,hinge
0.1218650653479336,7845.581521627594,2,2273.3452173020755,2287.6815216275945,S2,qlearning,0,141,0.1,3.0,1.1,7.0,14.0,0.7,hinge
0.11592893706714845,9230.4,0,2651.2999999999997,2765.0,S2,qlearning,0,142,0.1,3.0,1.1,7.0,14.0,0.7,hinge
0.11159897548481522,7616.199999674963,4,2394.239999962439,2548.049999953049,S2,qlearning,0,143,0.1,3.0,1.1,7.0,14.0,0.7,hinge
0.10718539102818579,7026.4,0,1710.2,1735.0,S2,qlearning,0,144,0.1,3.0,1.1,7.0,14.0,0.7,hinge
0.11764705882352941,8216.600553705242,8,2301.4169228549404,2376.896153568676,S2,qlearning,0,145,0.1,3.0,1.1,7.0,14.0,0.7,hinge
0.13674388674388674,8500.449999944203,1,2566.539999955362,2685.5499999442027,S2,qlearning,0,146,0.1,3.0,1.1,7.0,14.0,0.7,hinge
0.11796162315193456,8793.0,0,2576.7,2721.0,S2,qlearning,0,147,0.1,3.0,1.1,7.0,14.0,0.7,hinge
0.07741027445460943,8138.29347040707,3,2362.8347763256565,2432.793470407071,S2,qlearning,0,148,0.1,3.0,1.1,7.0,14.0,0.7,hinge
0.11514933429291112,7758.0,0,1850.6,1867.0,S2,qlearning,0,149,0.1,3.0,1.1,7.0,14.0,0.7,hinge
0.11743301356268607,8397.5,0,2389.9,2462.5,S2,qlearning,0,150,0.1,3.0,1.1,7.0,14.0,0.7,hinge
0.10770784247728038,8355.358619932189,8,2387.8999998482263,2413.0999998700963,S2,qlearning,0,151,0.1,3.0,1.1,7.0,14.0,0.7,hinge
0.0949667616334283,8914.59999979872,3,2633.549999968697,2711.5,S2,qlearning,0,152,0.1,3.0,1.1,7.0,14.0,0.7,hinge
0.09905254091300603,9769.314331165831,1,3025.5628662331665,3081.5,S2,qlearning,0,153,0.1,3.0,1.1,7.0,14.0,0.7,hinge
0.1007127362875736,9032.0,0,2582.6,2656.5,S2,qlearning,0,154,0.1,3.0,1.1,7.0,14.0,0.7,hinge
0.10022631749110895,8713.299999690445,3,2485.1,2505.0,S2,qlearning,0,155,0.1,3.0,1.1,7.0,14.0,0.7,hinge
0.10718789407313997,8889.1499998158,3,2303.3,2312.0,S2,qlearning,0,156,0.1,3.0,1.1,7.0,14.0,0.7,hinge
0.12376237623762376,7805.694444368395,1,2157.638888873679,2207.5,S2,qlearning,0,157,0.1,3.0,1.1,7.0,14.0,0.7,hinge
0.1367713004484305,6102.749999702115,3,1651.68,1699.5,S2,qlearning,0,158,0.1,3.0,1.1,7.0,14.0,0.7,hinge
0.11616650532429816,8587.0,0,2424.2,2496.0,S2,qlearning,0,159,0.1,3.0,1.1,7.0,14.0,0.7,hinge
0.09585166561910748,9003.184140770243,5,2496.212307669458,2593.0,S2,qlearning,0,160,0.1,3.0,1.1,7.0,14.0,0.7,hinge
0.10072941993747829,8081.59999987029,2,2065.9,2094.5,S2,qlearning,0,161,0.1,3.0,1.1,7.0,14.0,0.7,hinge
0.10496501166277908,8437.194617375908,5,2550.8676939339157,2554.5846174173944,S2,qlearning,0,162,0.1,3.0,1.1,7.0,14.0,0.7,hinge
0.10160752198968759,9245.480863188648,2,2505.9961726377296,2514.5,S2,qlearning,0,163,0.1,3.0,1.1,7.0,14.0,0.7,hinge
0.14143730886850153,7116.049999888406,1,1927.909999977681,1982.0,S2,qlearning,0,164,0.1,3.0,1.1,7.0,14.0,0.7,hinge
0.09754562617998741,8952.0,0,2305.4,2326.5,S2,qlearning,0,165,0.1,3.0,1.1,7.0,14.0,0.7,hinge
0.09006391632771645,9810.312820035419,7,3058.57999997142,3192.5,S2,qlearning,0,166,0.1,3.0,1.1,7.0,14.0,0.7,hinge
0.09267986176562991,9015.439433989824,5,2339.305547369401,2346.2569342117513,S2,qlearning,0,167,0.1,3.0,1.1,7.0,14.0,0.7,hinge
0.07518796992481203,9459.0,0,2465.2,2502.5,S2,qlearning,0,168,0.1,3.0,1.1,7.0,14.0,0.7,hinge
0.11455108359133127,8952.549999786112,1,2566.7,2603.0,S2,qlearning,0,169,0.1,3.0,1.1,7.0,14.0,0.7,hinge
0.10087862024080703,8627.399999867182,2,2515.3,2544.5,S2,qlearning,0,170,0.1,3.0,1.1,7.0,14.0,0.7,hinge
0.12292562999385372,8978.2,0,2631.6,2643.5,S2,qlearning,0,171,0.1,3.0,1.1,7.0,14.0,0.7,hinge
0.1223916532905297,6889.549999964679,1,1989.2399999717431,2062.549999964679,S2,qlearning,0,172,0.1,3.0,1.1,7.0,14.0,0.7,hinge
0.10321100917431193,8530.049999936886,1,2658.509999987377,2757.0,S2,qlearning,0,173,0.1,3.0,1.1,7.0,14.0,0.7,hinge
0.10258838383838384,8860.5,0,2268.4,2281.0,S2,qlearning,0,174,0.1,3.0,1.1,7.0,14.0,0.7,hinge
0.12513407222023595,7744.0999998461175,2,2443.779999876894,2489.599999846118,S2,qlearning,0,175,0.1,3.0,1.1,7.0,14.0,0.7,hinge
0.10455947891669523,8156.09999981435,2,2189.1199999628698,2250.0,S2,qlearning,0,176,0.1,3.0,1.1,7.0,14.0,0.7,hinge
0.10849577050386171,7570.5,0,2129.4,2244.0,S2,qlearning,0,177,0.1,3.0,1.1,7.0,14.0,0.7,hinge
0.10690287110568113,9109.7,0,2642.8,2671.5,S2,qlearning,0,178,0.1,3.0,1.1,7.0,14.0,0.7,hinge
0.09049773755656108,9985.937922625404,2,2833.887584525081,2846.5,S2,qlearning,0,179,0.1,3.0,1.1,7.0,14.0,0.7,hinge
0.12504402958788305,7856.125213465338,3,2100.4250426930676,2114.0,S2,qlearning,0,180,0.1,3.0,1.1,7.0,14.0,0.7,hinge
0.121036481418343,8104.0,0,2215.2,2237.0,S2,qlearning,0,181,0.1,3.0,1.1,7.0,14.0,0.7,hinge
0.12199089134677944,8537.499999881085,2,2411.4899999856075,2502.5,S2,qlearning,0,182,0.1,3.0,1.1,7.0,14.0,0.7,hinge
0.1058282208588957,9135.451281956237,2,2375.4,2379.5,S2,qlearning,0,183,0.1,3.0,1.1,7.0,14.0,0.7,hinge
0.1335725677830941,6893.5904760659505,2,1811.0,1823.0,S2,qlearning,0,184,0.1,3.0,1.1,7.0,14.0,0.7,hinge
0.1372957942301008,7864.0499999388885,1,2228.839999951111,2270.049999938889,S2,qlearning,0,185,0.1,3.0,1.1,7.0,14.0,0.7,hinge
0.08092797410304829,10575.974561245132,3,2964.294912249026,3050.0,S2,qlearning,0,186,0.1,3.0,1.1,7.0,14.0,0.7,hinge
0.1093077177873468,8439.549999952174,1,2565.039999961739,2775.549999952174,S2,qlearning,0,187,0.1,3.0,1.1,7.0,14.0,0.7,hinge
0.08787346221441125,8045.0,0,2327.9,2359.5,S2,qlearning,0,188,0.1,3.0,1.1,7.0,14.0,0.7,hinge
0.11855670103092783,8054.0,0,2039.0,2077.0,S2,qlearning,0,189,0.1,3.0,1.1,7.0,14.0,0.7,hinge
0.09565745520801701,9294.486991584085,4,2644.329593330773,2724.2869916634663,S2,qlearning,0,190,0.1,3.0,1.1,7.0,14.0,0.7,hinge
0.1094663030775224,7224.3,0,1784.3200000000002,1796.9,S2,qlearning,0,191,0.1,3.0,1.1,7.0,14.0,0.7,hinge
0.10869565217391304,9222.0,0,3016.8999999999996,3301.5,S2,qlearning,0,192,0.1,3.0,1.1,7.0,14.0,0.7,hinge
0.10552233556102708,7940.075999847074,2,2891.3007999566335,3016.625999945792,S2,qlearning,0,193,0.1,3.0,1.1,7.0,14.0,0.7,hinge
0.09938561619082038,7818.157153842245,6,2329.4568343068436,2449.4460428835546,S2,qlearning,0,194,0.1,3.0,1.1,7.0,14.0,0.7,hinge
0.1102068497795863,8202.149382584852,2,2478.619506067881,2565.1493825848515,S2,qlearning,0,195,0.1,3.0,1.1,7.0,14.0,0.7,hinge
0.11314655172413793,7809.530768755088,3,2187.884615319006,2246.3307691487576,S2,qlearning,0,196,0.1,3.0,1.1,7.0,14.0,0.7,hinge
0.07729468599033816,8903.008324916758,7,2453.3324426987333,2590.049999951875,S2,qlearning,0,197,0.1,3.0,1.1,7.0,14.0,0.7,hinge
0.1076923076923077,9074.212678779582,2,2675.3425357559163,2716.0,S2,qlearning,0,198,0.1,3.0,1.1,7.0,14.0,0.7,hinge
0.12106537530266344,6912.379998690638,7,2171.7199999129457,2333.0499999266667,S2,qlearning,0,199,0.1,3.0,1.1,7.0,14.0,0.7,hinge
0.10384507437552624,10003.767998432635,6,2435.750968055753,2446.012280592043,S2,qlearning,0,200,0.1,3.0,1.1,7.0,14.0,0.7,hinge
0.0722854506305752,9365.558112695806,11,2915.3193006693245,3008.072599144424,S2,qlearning,0,201,0.1,3.0,1.1,7.0,14.0,0.7,hinge
0.10420346167432003,7999.562427869944,5,2589.7149423435894,2751.893677929487,S2,qlearning,0,202,0.1,3.0,1.1,7.0,14.0,0.7,hinge
0.1049552649690296,8128.223604249149,2,2240.7788833993186,2318.2236042491486,S2,qlearning,0,203,0.1,3.0,1.1,7.0,14.0,0.7,hinge
0.10585511081706914,8485.042883360755,6,2556.1275608464957,2558.5219510683046,S2,qlearning,0,204,0.1,3.0,1.1,7.0,14.0,0.7,hinge
0.09794628751974724,8945.880132060593,5,2436.374105860572,2450.080132338548,S2,qlearning,0,205,0.1,3.0,1.1,7.0,14.0,0.7,hinge
0.1220521307405875,6686.5,0,1912.0,1933.0,S2,qlearning,0,206,0.1,3.0,1.1,7.0,14.0,0.7,hinge
0.11375041820006691,8344.872413738169,1,2435.374482747634,2462.5,S2,qlearning,0,207,0.1,3.0,1.1,7.0,14.0,0.7,hinge
0.0966702470461869,7881.224999891117,2,1956.4449999782234,1982.5,S2,qlearning,0,208,0.1,3.0,1.1,7.0,14.0,0.7,hinge
0.11330049261083744,8537.549999452722,5,2535.7999999999997,2602.0,S2,qlearning,0,209,0.1,3.0,1.1,7.0,14.0,0.7,hinge
0.104589447393069,8970.49999972028,4,2501.9599999305497,2510.049999945,S2,qlearning,0,210,0.1,3.0,1.1,7.0,14.0,0.7,hinge
0.12142381902860945,8322.16832055864,1,2274.533664111728,2316.0,S2,qlearning,0,211,0.1,3.0,1.1,7.0,14.0,0.7,hinge
0.09256494475962974,9492.62708296742,5,2948.8616664658766,2989.077083082346,S2,qlearning,0,212,0.1,3.0,1.1,7.0,14.0,0.7,hinge
0.100169779286927,8277.975373081154,1,2343.3802984649233,2376.975373081154,S2,qlearning,0,213,0.1,3.0,1.1,7.0,14.0,0.7,hinge
0.12970578930718127,8700.049999920619,1,2310.0099999841236,2323.5,S2,qlearning,0,214,0.1,3.0,1.1,7.0,14.0,0.7,hinge
0.10380622837370242,8862.0,0,2606.5,2724.5,S2,qlearning,0,215,0.1,3.0,1.1,7.0,14.0,0.7,hinge
0.11801457827143352,8019.899999521775,5,2474.229999784545,2549.2499998003163,S2,qlearning,0,216,0.1,3.0,1.1,7.0,14.0,0.7,hinge
0.08303886925795052,8088.621379106664,7,2493.2607429622303,2611.575928702788,S2,qlearning,0,217,0.1,3.0,1.1,7.0,14.0,0.7,hinge
0.1028533510285335,8444.599999864728,2,2592.2799998917812,2671.0999998647267,S2,qlearning,0,218,0.1,3.0,1.1,7.0,14.0,0.7,hinge
0.09793052475979305,7583.0,0,2273.0,2346.5,S2,qlearning,0,219,0.1,3.0,1.1,7.0,14.0,0.7,hinge
0.10164424514200299,9379.5,0,2443.1,2481.5,S2,qlearning,0,220,0.1,3.0,1.1,7.0,14.0,0.7,hinge
0.10031347962382445,8941.299999801015,3,2336.789999927437,2355.54999994539,S2,qlearning,0,221,0.1,3.0,1.1,7.0,14.0,0.7,hinge
0.09210526315789473,8589.774997384227,2,2612.2,2683.0,S2,qlearning,0,222,0.1,3.0,1.1,7.0,14.0,0.7,hinge
0.10584677419354839,8386.970117195104,6,2466.470799748581,2591.5759997049763,S2,qlearning,0,223,0.1,3.0,1.1,7.0,14.0,0.7,hinge
0.10321100917431193,9754.0,0,2417.3,2435.0,S2,qlearning,0,224,0.1,3.0,1.1,7.0,14.0,0.7,hinge
0.07336655592469546,10364.315769917324,4,3004.5,3151.5,S2,qlearning,0,225,0.1,3.0,1.1,7.0,14.0,0.7,hinge
0.09338093930238946,10297.84999962164,6,2832.209999906905,2874.7499998951585,S2,qlearning,0,226,0.1,3.0,1.1,7.0,14.0,0.7,hinge
0.11874604179860672,8747.687499716909,3,2754.209999987377,2811.5,S2,qlearning,0,227,0.1,3.0,1.1,7.0,14.0,0.7,hinge
0.1069050122677883,8021.680393451257,5,2242.2799999999997,2304.5,S2,qlearning,0,228,0.1,3.0,1.1,7.0,14.0,0.7,hinge
0.09572901325478646,9555.04999993125,1,2822.5,2931.0,S2,qlearning,0,229,0.1,3.0,1.1,7.0,14.0,0.7,hinge
0.1129858391081651,9213.0,0,2644.0,2679.5,S2,qlearning,0,230,0.1,3.0,1.1,7.0,14.0,0.7,hinge
0.07889546351084813,10122.780262006558,3,2563.124209605246,2572.2802620065577,S2,qlearning,0,231,0.1,3.0,1.1,7.0,14.0,0.7,hinge
0.09164663461538461,9373.0,0,2438.5,2444.5,S2,qlearning,0,232,0.1,3.0,1.1,7.0,14.0,0.7,hinge
0.08875739644970414,8673.602940578998,9,2443.26999989577,2454.549999923,S2,qlearning,0,233,0.1,3.0,1.1,7.0,14.0,0.7,hinge
0.102787947057167,9982.378873047719,3,2546.4199999721195,2565.0,S2,qlearning,0,234,0.1,3.0,1.1,7.0,14.0,0.7,hinge
0.11583011583011583,7942.912108396628,5,2326.033355852675,2420.9515543673497,S2,qlearning,0,235,0.1,3.0,1.1,7.0,14.0,0.7,hinge
0.08995747464834805,8629.979999841165,2,2501.395999968233,2603.0,S2,qlearning,0,236,0.1,3.0,1.1,7.0,14.0,0.7,hinge
0.1166044776119403,8887.5,0,2325.5,2400.0,S2,qlearning,0,237,0.1,3.0,1.1,7.0,14.0,0.7,hinge
0.156312625250501,6722.4,0,1939.7,1982.2,S2,qlearning,0,238,0.1,3.0,1.1,7.0,14.0,0.7,hinge
0.13631406761177753,7509.0,0,1862.0,1864.0,S2,qlearning,0,239,0.1,3.0,1.1,7.0,14.0,0.7,hinge
0.09852216748768473,9709.649999859195,3,2859.3499999631053,3032.549999963507,S2,qlearning,0,240,0.1,3.0,1.1,7.0,14.0,0.7,hinge
0.1355479190530737,7164.549999759375,1,2292.9,2346.0,S2,qlearning,0,241,0.1,3.0,1.1,7.0,14.0,0.7,hinge
0.10212308519215264,10433.36494242797,2,3146.891953942375,3317.8649424279693,S2,qlearning,0,242,0.1,3.0,1.1,7.0,14.0,0.7,hinge
0.11825922421948912,8842.82647033526,3,2370.0652940670516,2474.5,S2,qlearning,0,243,0.1,3.0,1.1,7.0,14.0,0.7,hinge
0.12096774193548387,8239.649992006012,3,2657.5,2895.0,S2,qlearning,0,244,0.1,3.0,1.1,7.0,14.0,0.7,hinge
0.08346972176759411,8711.140477187333,6,2541.438888816647,2591.1611110372614,S2,qlearning,0,245,0.1,3.0,1.1,7.0,14.0,0.7,hinge
0.10055693069306931,9051.183333182957,2,2378.9466665463647,2436.183333182956,S2,qlearning,0,246,0.1,3.0,1.1,7.0,14.0,0.7,hinge
0.1312286040319513,7264.018852258032,3,1683.4,1703.0,S2,qlearning,0,247,0.1,3.0,1.1,7.0,14.0,0.7,hinge
0.1288135593220339,8173.299999702509,3,2628.0099999906097,2742.5,S2,qlearning,0,248,0.1,3.0,1.1,7.0,14.0,0.7,hinge
0.0787143325680551,8723.203845806776,5,2535.303076761139,2637.10384599964,S2,qlearning,0,249,0.1,3.0,1.1,7.0,14.0,0.7,hinge
0.10610932475884244,8683.268811763595,2,2625.953762352719,2752.0,S2,qlearning,0,250,0.1,3.0,1.1,7.0,14.0,0.7,hinge
0.10333333333333333,8378.049999918947,1,2089.939999935158,2093.0499999189474,S2,qlearning,0,251,0.1,3.0,1.1,7.0,14.0,0.7,hinge
0.12665198237885464,7509.5499999114945,1,2222.0,2349.5,S2,qlearning,0,252,0.1,3.0,1.1,7.0,14.0,0.7,hinge
0.10570824524312897,7992.949175500783,4,2219.986263542376,2243.1607140703654,S2,qlearning,0,253,0.1,3.0,1.1,7.0,14.0,0.7,hinge
0.10198135198135198,9605.0,0,2701.4,2756.5,S2,qlearning,0,254,0.1,3.0,1.1,7.0,14.0,0.7,hinge
0.10762173606210304,7937.354650876853,5,2170.7909301580503,2235.5499999490066,S2,qlearning,0,255,0.1,3.0,1.1,7.0,14.0,0.7,hinge
0.0967741935483871,8720.5,0,2429.0,2525.0,S2,qlearning,0,256,0.1,3.0,1.1,7.0,14.0,0.7,hinge
0.12593467138921685,6997.5,0,2283.0,2447.0,S2,qlearning,0,257,0.1,3.0,1.1,7.0,14.0,0.7,hinge
0.11072056239015818,7922.1,0,2295.5,2297.0,S2,qlearning,0,258,0.1,3.0,1.1,7.0,14.0,0.7,hinge
0.10531767955801105,8125.622256220205,5,2123.9578051748736,2149.572256468592,S2,qlearning,0,259,0.1,3.0,1.1,7.0,14.0,0.7,hinge
0.1196808510638298,7277.0,0,2029.9,2052.0,S2,qlearning,0,260,0.1,3.0,1.1,7.0,14.0,0.7,hinge
0.12612951807228914,7311.9,0,2106.2,2163.5,S2,qlearning,0,261,0.1,3.0,1.1,7.0,14.0,0.7,hinge
0.1195840554592721,8071.10833283411,5,2487.366666563097,2663.958333203872,S2,qlearning,0,262,0.1,3.0,1.1,7.0,14.0,0.7,hinge
0.12419354838709677,8582.899999906083,2,2478.5999999495725,2547.69999994726,S2,qlearning,0,263,0.1,3.0,1.1,7.0,14.0,0.7,hinge
0.10218767990788716,9785.03137295285,7,2576.539999984902,2634.5,S2,qlearning,0,264,0.1,3.0,1.1,7.0,14.0,0.7,hinge
0.09124087591240876,10806.0,0,3439.7999999999997,3576.5,S2,qlearning,0,265,0.1,3.0,1.1,7.0,14.0,0.7,hinge
0.14456981664315938,7713.0,0,1890.5,1920.5,S2,qlearning,0,266,0.1,3.0,1.1,7.0,14.0,0.7,hinge
0.11492338441039307,8302.5,0,2544.4,2660.5,S2,qlearning,0,267,0.1,3.0,1.1,7.0,14.0,0.7,hinge
0.10706295941195271,8742.5,0,2089.9,2100.0,S2,qlearning,0,268,0.1,3.0,1.1,7.0,14.0,0.7,hinge
0.12098110705999338,8344.4,0,2383.5,2493.0,S2,qlearning,0,269,0.1,3.0,1.1,7.0,14.0,0.7,hinge
0.13554891710231515,7342.7,0,2385.1,2451.0,S2,qlearning,0,270,0.1,3.0,1.1,7.0,14.0,0.7,hinge
0.08575428771438572,8144.960514081639,6,2195.4635661267243,2207.9524388506607,S2,qlearning,0,271,0.1,3.0,1.1,7.0,14.0,0.7,hinge
0.10524557300367524,8382.37228897639,3,2212.5978311811123,2231.3722889763903,S2,qlearning,0,272,0.1,3.0,1.1,7.0,14.0,0.7,hinge
0.10469543147208121,8861.47766885625,6,2351.8399999434864,2399.049999929358,S2,qlearning,0,273,0.1,3.0,1.1,7.0,14.0,0.7,hinge
0.14411529223378702,6904.305162203854,7,1677.1,1701.0,S2,qlearning,0,274,0.1,3.0,1.1,7.0,14.0,0.7,hinge
0.09276155717761557,9330.426973283773,6,2464.0599999631136,2536.199999953892,S2,qlearning,0,275,0.1,3.0,1.1,7.0,14.0,0.7,hinge
0.10366826156299841,8778.884916061834,2,2567.4079328494668,2635.384916061834,S2,qlearning,0,276,0.1,3.0,1.1,7.0,14.0,0.7,hinge
0.11984490659146986,7844.9,0,2502.2999999999997,2665.5,S2,qlearning,0,277,0.1,3.0,1.1,7.0,14.0,0.7,hinge
0.10322177040975915,8965.5,0,2375.9,2406.0,S2,qlearning,0,278,0.1,3.0,1.1,7.0,14.0,0.7,hinge
0.11936339522546419,8371.0,0,2582.7999999999997,2718.5,S2,qlearning,0,279,0.1,3.0,1.1,7.0,14.0,0.7,hinge
0.09689922480620156,8710.0,0,2653.6,2793.5,S2,qlearning,0,280,0.1,3.0,1.1,7.0,14.0,0.7,hinge
0.10880482089052561,8353.56555100955,3,2587.9,2655.0,S2,qlearning,0,281,0.1,3.0,1.1,7.0,14.0,0.7,hinge
0.11936339522546419,8316.0,0,2473.2999999999997,2647.0,S2,qlearning,0,282,0.1,3.0,1.1,7.0,14.0,0.7,hinge
0.093009300930093,9438.476190261386,4,2531.020952243332,2572.276190304165,S2,qlearning,0,283,0.1,3.0,1.1,7.0,14.0,0.7,hinge
0.09515813042261405,10078.34999953042,4,2615.979999624335,2670.3499995304187,S2,qlearning,0,284,0.1,3.0,1.1,7.0,14.0,0.7,hinge
0.08978328173374613,9128.049999928704,1,2590.4,2611.5,S2,qlearning,0,285,0.1,3.0,1.1,7.0,14.0,0.7,hinge
0.07807620237351655,9143.149999825688,3,2735.4199999740395,2744.0,S2,qlearning,0,286,0.1,3.0,1.1,7.0,14.0,0.7,hinge
0.1377952755905512,7650.5499999379035,1,2114.809999987581,2139.0,S2,qlearning,0,287,0.1,3.0,1.1,7.0,14.0,0.7,hinge
0.09407337723424271,9041.910464081187,5,2886.0883760461397,3022.0,S2,qlearning,0,288,0.1,3.0,1.1,7.0,14.0,0.7,hinge
0.11081706913661925,8403.549999958603,1,2505.839999966882,2621.0499999586023,S2,qlearning,0,289,0.1,3.0,1.1,7.0,14.0,0.7,hinge
0.11608344549125169,8251.0,0,2507.7,2606.0,S2,qlearning,0,290,0.1,3.0,1.1,7.0,14.0,0.7,hinge
0.09148170365926815,9429.899999853567,2,2812.0,2904.5,S2,qlearning,0,291,0.1,3.0,1.1,7.0,14.0,0.7,hinge
0.1012809055704498,9432.0,0,2959.1,3016.0,S2,qlearning,0,292,0.1,3.0,1.1,7.0,14.0,0.7,hinge
0.12492288710672425,8919.5,0,2731.2,2929.5,S2,qlearning,0,293,0.1,3.0,1.1,7.0,14.0,0.7,hinge
0.0974124809741248,9243.0,0,2678.8,2701.5,S2,qlearning,0,294,0.1,3.0,1.1,7.0,14.0,0.7,hinge
0.10054844606946983,9222.236666634726,1,2706.6893333077805,2861.036666634726,S2,qlearning,0,295,0.1,3.0,1.1,7.0,14.0,0.7,hinge
0.11028164234815066,8175.5,0,2021.2,2030.5,S2,qlearning,0,296,0.1,3.0,1.1,7.0,14.0,0.7,hinge
0.12075471698113208,7329.549999947619,1,1885.2,1910.5,S2,qlearning,0,297,0.1,3.0,1.1,7.0,14.0,0.7,hinge
0.0972972972972973,7854.265506182523,4,2302.9924049460174,2419.865506182522,S2,qlearning,0,298,0.1,3.0,1.1,7.0,14.0,0.7,hinge
0.14495347172512527,7575.5,0,2500.9,2618.0,S2,qlearning,0,299,0.1,3.0,1.1,7.0,14.0,0.7,hinge
0.1,9117.099999891112,2,2542.409999988421,2549.0,S2,qlearning,0,300,0.1,3.0,1.1,7.0,14.0,0.7,hinge
0.10483870967741936,8651.5,0,2102.9,2136.0,S2,qlearning,0,301,0.1,3.0,1.1,7.0,14.0,0.7,hinge
0.10725075528700906,9246.0,0,2249.2,2269.0,S2,qlearning,0,302,0.1,3.0,1.1,7.0,14.0,0.7,hinge
0.1089076723016905,8593.0,0,2220.7,2262.0,S2,qlearning,0,303,0.1,3.0,1.1,7.0,14.0,0.7,hinge
0.09716732542819499,8580.645116498425,6,2325.809023324458,2354.0,S2,qlearning,0,304,0.1,3.0,1.1,7.0,14.0,0.7,hinge
0.10686528497409327,8654.46715138728,6,2497.5218917691923,2618.399999855625,S2,qlearning,0,305,0.1,3.0,1.1,7.0,14.0,0.7,hinge
0.10526315789473684,8012.326470389955,3,2217.2211763796563,2217.7764704745705,S2,qlearning,0,306,0.1,3.0,1.1,7.0,14.0,0.7,hinge
0.10391409767925182,8076.207124138613,2,2484.0,2611.5,S2,qlearning,0,307,0.1,3.0,1.1,7.0,14.0,0.7,hinge
0.09831906121154456,8833.0,0,2201.2,2211.5,S2,qlearning,0,308,0.1,3.0,1.1,7.0,14.0,0.7,hinge
0.11578604044357468,8580.946609524806,6,2223.0172876980673,2245.546609655177,S2,qlearning,0,309,0.1,3.0,1.1,7.0,14.0,0.7,hinge
0.12898845892735913,8110.249999934746,1,2316.06,2322.2,S2,qlearning,0,310,0.1,3.0,1.1,7.0,14.0,0.7,hinge
0.11546920821114369,7560.974561103166,3,2167.0796488825326,2244.474561103166,S2,qlearning,0,311,0.1,3.0,1.1,7.0,14.0,0.7,hinge
0.10278745644599303,8052.802427116967,1,2286.5,2393.0,S2,qlearning,0,312,0.1,3.0,1.1,7.0,14.0,0.7,hinge
0.09975062344139651,8998.049999957924,1,2484.2,2496.5,S2,qlearning,0,313,0.1,3.0,1.1,7.0,14.0,0.7,hinge
0.13740458015267176,7224.396850059545,4,2163.9193700454016,2207.5,S2,qlearning,0,314,0.1,3.0,1.1,7.0,14.0,0.7,hinge
0.11501807426881368,8432.5,0,2499.6,2625.0,S2,qlearning,0,315,0.1,3.0,1.1,7.0,14.0,0.7,hinge
0.11285574092247301,8526.549999917204,1,2691.4,2722.0,S2,qlearning,0,316,0.1,3.0,1.1,7.0,14.0,0.7,hinge
0.07872750642673522,8850.0,0,2164.4,2204.0,S2,qlearning,0,317,0.1,3.0,1.1,7.0,14.0,0.7,hinge
0.09247448979591837,8887.079590818958,4,2677.4721052240343,2746.0,S2,qlearning,0,318,0.1,3.0,1.1,7.0,14.0,0.7,hinge
0.12368300503893724,6054.0,0,1680.3,1773.0,S2,qlearning,0,319,0.1,3.0,1.1,7.0,14.0,0.7,hinge
0.12245601931700587,8054.113061873479,6,2182.3738458085304,2291.092307260663,S2,qlearning,0,320,0.1,3.0,1.1,7.0,14.0,0.7,hinge
0.11464968152866242,8781.10714256036,4,2607.039999972622,2674.5499999657777,S2,qlearning,0,321,0.1,3.0,1.1,7.0,14.0,0.7,hinge
0.11707317073170732,8514.306106744943,2,2249.30999998625,2256.5,S2,qlearning,0,322,0.1,3.0,1.1,7.0,14.0,0.7,hinge
0.10476878612716763,7751.549999898684,1,2066.0,2066.5,S2,qlearning,0,323,0.1,3.0,1.1,7.0,14.0,0.7,hinge
0.08815701929474384,8502.04999989,1,2452.6,2520.0,S2,qlearning,0,324,0.1,3.0,1.1,7.0,14.0,0.7,hinge
0.09794776119402986,9053.749999792532,2,2251.6,2254.5,S2,qlearning,0,325,0.1,3.0,1.1,7.0,14.0,0.7,hinge
0.1109375,8967.713400115426,6,2619.009999988333,2686.5,S2,qlearning,0,326,0.1,3.0,1.1,7.0,14.0,0.7,hinge
0.09516129032258064,8753.864942400725,2,2321.6729884801452,2363.0,S2,qlearning,0,327,0.1,3.0,1.1,7.0,14.0,0.7,hinge
0.08728179551122195,9077.0,0,2533.8,2555.5,S2,qlearning,0,328,0.1,3.0,1.1,7.0,14.0,0.7,hinge
0.12794268167860798,8038.0,0,2093.9,2095.0,S2,qlearning,0,329,0.1,3.0,1.1,7.0,14.0,0.7,hinge
0.09370199692780339,9175.261538090625,2,2667.0,2801.0,S2,qlearning,0,330,0.1,3.0,1.1,7.0,14.0,0.7,hinge
0.13141683778234087,6682.0,0,1753.5,1822.0,S2,qlearning,0,331,0.1,3.0,1.1,7.0,14.0,0.7,hinge
0.11869436201780416,8367.0,0,2377.2,2497.5,S2,qlearning,0,332,0.1,3.0,1.1,7.0,14.0,0.7,hinge
0.12229987293519695,8694.549999901283,1,2637.2,2710.5,S2,qlearning,0,333,0.1,3.0,1.1,7.0,14.0,0.7,hinge
0.1033210332103321,7635.6100706422,3,2368.076052604074,2550.5,S2,qlearning,0,334,0.1,3.0,1.1,7.0,14.0,0.7,hinge
0.11829944547134935,7538.4,0,2231.1,2325.0,S2,qlearning,0,335,0.1,3.0,1.1,7.0,14.0,0.7,hinge
0.13089005235602094,7354.299999652359,3,2264.93999989,2369.5499998625,S2,qlearning,0,336,0.1,3.0,1.1,7.0,14.0,0.7,hinge
0.12579872204472844,6887.5,0,2111.2,2226.5,S2,qlearning,0,337,0.1,3.0,1.1,7.0,14.0,0.7,hinge
0.10481852315394243,8950.04999992451,1,2713.1,2828.0,S2,qlearning,0,338,0.1,3.0,1.1,7.0,14.0,0.7,hinge
0.08380771663504111,9041.009615294977,8,2498.464095769735,2566.0,S2,qlearning,0,339,0.1,3.0,1.1,7.0,14.0,0.7,hinge
0.11367080933616247,9174.599999714415,2,2733.6199999428827,2910.5,S2,qlearning,0,340,0.1,3.0,1.1,7.0,14.0,0.7,hinge
0.11320754716981132,8882.841999820552,3,2286.039999951875,2357.549999939844,S2,qlearning,0,341,0.1,3.0,1.1,7.0,14.0,0.7,hinge
0.12367491166077739,8576.0,0,2510.6,2668.5,S2,qlearning,0,342,0.1,3.0,1.1,7.0,14.0,0.7,hinge
0.10043942247332077,8926.142592554008,1,2445.714074043206,2449.1425925540075,S2,qlearning,0,343,0.1,3.0,1.1,7.0,14.0,0.7,hinge
0.07857601026298909,8891.099999785218,2,2760.2,2842.5,S2,qlearning,0,344,0.1,3.0,1.1,7.0,14.0,0.7,hinge
0.09803921568627451,8049.256249659319,2,2501.4,2598.0,S2,qlearning,0,345,0.1,3.0,1.1,7.0,14.0,0.7,hinge
0.12343699903815325,8640.567605395445,5,2444.863521033444,2491.599999906699,S2,qlearning,0,346,0.1,3.0,1.1,7.0,14.0,0.7,hinge
0.09700427960057062,9826.5,0,2674.2,2789.0,S2,qlearning,0,347,0.1,3.0,1.1,7.0,14.0,0.7,hinge
0.10792580101180438,8283.0,0,2306.7,2366.0,S2,qlearning,0,348,0.1,3.0,1.1,7.0,14.0,0.7,hinge
0.09833585476550681,9360.486600729417,9,2753.5989866496298,2829.852777485377,S2,qlearning,0,349,0.1,3.0,1.1,7.0,14.0,0.7,hinge
0.1185302252074279,7064.045903259262,4,2128.545327363523,2250.3935778527843,S2,qlearning,0,350,0.1,3.0,1.1,7.0,14.0,0.7,hinge
0.09256449165402124,9322.720672727717,5,2415.8503844172365,2417.1437497861552,S2,qlearning,0,351,0.1,3.0,1.1,7.0,14.0,0.7,hinge
0.11545293072824156,7874.999999311636,7,2153.179999925661,2204.699999942105,S2,qlearning,0,352,0.1,3.0,1.1,7.0,14.0,0.7,hinge
0.10070332480818414,8769.04999995305,1,2483.4,2500.0,S2,qlearning,0,353,0.1,3.0,1.1,7.0,14.0,0.7,hinge
0.0940688775510204,8875.597368144763,4,2397.3,2439.0,S2,qlearning,0,354,0.1,3.0,1.1,7.0,14.0,0.7,hinge
0.12186249545289196,7590.0,0,2274.2,2388.5,S2,qlearning,0,355,0.1,3.0,1.1,7.0,14.0,0.7,hinge
0.10091453800063072,8929.74545419754,4,2498.6199999594737,2625.5,S2,qlearning,0,356,0.1,3.0,1.1,7.0,14.0,0.7,hinge
0.1183727909303101,8307.5,0,2338.4,2342.0,S2,qlearning,0,357,0.1,3.0,1.1,7.0,14.0,0.7,hinge
0.07333908541846419,9947.599999870537,2,2993.7,3037.0,S2,qlearning,0,358,0.1,3.0,1.1,7.0,14.0,0.7,hinge
0.0974124809741248,9262.049999936364,1,2542.4,2611.0,S2,qlearning,0,359,0.1,3.0,1.1,7.0,14.0,0.7,hinge
0.0765625,9155.120940011699,3,2809.596752009358,2960.120940011698,S2,qlearning,0,360,0.1,3.0,1.1,7.0,14.0,0.7,hinge
0.08962127782596126,9824.87999969981,4,2959.395999974021,3078.5,S2,qlearning,0,361,0.1,3.0,1.1,7.0,14.0,0.7,hinge
0.1398880895283773,6809.5,0,1768.9,1770.5,S2,qlearning,0,362,0.1,3.0,1.1,7.0,14.0,0.7,hinge
0.08679142934635205,10428.713043440961,1,2692.5704347527694,2712.713043440962,S2,qlearning,0,363,0.1,3.0,1.1,7.0,14.0,0.7,hinge
0.08270911360799,9155.562370733309,4,2459.7999999999997,2542.5,S2,qlearning,0,364,0.1,3.0,1.1,7.0,14.0,0.7,hinge
0.10176651305683564,7304.5,0,1919.9,1921.5,S2,qlearning,0,365,0.1,3.0,1.1,7.0,14.0,0.7,hinge
0.09736369083283403,9348.5,0,2555.3,2571.5,S2,qlearning,0,366,0.1,3.0,1.1,7.0,14.0,0.7,hinge
0.07608115323011212,10723.621619854928,5,2942.0725592477606,3007.0970587808997,S2,qlearning,0,367,0.1,3.0,1.1,7.0,14.0,0.7,hinge
0.08174009420892214,10252.415313585765,3,2895.332250868612,2943.415313585765,S2,qlearning,0,368,0.1,3.0,1.1,7.0,14.0,0.7,hinge
0.09158646383110836,9076.5,0,2711.5,2806.0,S2,qlearning,0,369,0.1,3.0,1.1,7.0,14.0,0.7,hinge
0.11802575107296137,9092.762587941808,5,2482.938399888084,2527.0999998975362,S2,qlearning,0,370,0.1,3.0,1.1,7.0,14.0,0.7,hinge
0.1018552200800291,7731.949999937398,1,2255.30999998748,2289.0,S2,qlearning,0,371,0.1,3.0,1.1,7.0,14.0,0.7,hinge
0.11031604054859868,9382.149999820116,3,2656.0799999126066,2725.099999890758,S2,qlearning,0,372,0.1,3.0,1.1,7.0,14.0,0.7,hinge
0.10145366444579043,9243.5,0,2455.4,2470.0,S2,qlearning,0,373,0.1,3.0,1.1,7.0,14.0,0.7,hinge
0.08946905250806689,9668.149999340772,3,2653.4,2712.0,S2,qlearning,0,374,0.1,3.0,1.1,7.0,14.0,0.7,hinge
0.11135057471264367,7797.997058549275,4,2238.0752939230215,2247.126470355278,S2,qlearning,0,375,0.1,3.0,1.1,7.0,14.0,0.7,hinge
0.0999000999000999,8443.618749703513,4,2349.519999971861,2364.5,S2,qlearning,0,376,0.1,3.0,1.1,7.0,14.0,0.7,hinge
0.11239901650860555,7929.599999857699,2,2105.2099999850484,2149.5,S2,qlearning,0,377,0.1,3.0,1.1,7.0,14.0,0.7,hinge
0.11077158135981666,7315.9,0,2720.1,2940.0,S2,qlearning,0,378,0.1,3.0,1.1,7.0,14.0,0.7,hinge
0.13998682476943347,8301.0499998644,2,2354.7699999856072,2436.0,S2,qlearning,0,379,0.1,3.0,1.1,7.0,14.0,0.7,hinge
0.05636070853462158,8956.5,0,2248.2,2287.5,S2,qlearning,0,380,0.1,3.0,1.1,7.0,14.0,0.7,hinge
0.10826416456153014,7722.099999469073,2,2133.5199998938147,2190.0,S2,qlearning,0,381,0.1,3.0,1.1,7.0,14.0,0.7,hinge
0.11103853690398433,8521.0,0,2140.9,2174.0,S2,qlearning,0,382,0.1,3.0,1.1,7.0,14.0,0.7,hinge
0.10652245165519501,8498.5,0,2719.7,2949.5,S2,qlearning,0,383,0.1,3.0,1.1,7.0,14.0,0.7,hinge
0.1094224924012158,9172.4,0,2457.1,2531.0,S2,qlearning,0,384,0.1,3.0,1.1,7.0,14.0,0.7,hinge
0.11920103092783506,8577.5,0,2265.1,2299.5,S2,qlearning,0,385,0.1,3.0,1.1,7.0,14.0,0.7,hinge
0.08347978910369068,9669.0,0,2722.6,2856.5,S2,qlearning,0,386,0.1,3.0,1.1,7.0,14.0,0.7,hinge
0.11104617182933957,9512.5,0,2369.4,2372.0,S2,qlearning,0,387,0.1,3.0,1.1,7.0,14.0,0.7,hinge
0.0800711743772242,9600.683333183026,3,2781.996666572723,2805.59999989353,S2,qlearning,0,388,0.1,3.0,1.1,7.0,14.0,0.7,hinge
0.1329243353783231,8060.5776068032255,4,2315.2,2414.0,S2,qlearning,0,389,0.1,3.0,1.1,7.0,14.0,0.7,hinge
0.11443910709239899,9860.0,0,2764.9,2810.0,S2,qlearning,0,390,0.1,3.0,1.1,7.0,14.0,0.7,hinge
0.10468214693566806,7340.149999232129,3,2038.0499999327592,2078.54999993,S2,qlearning,0,391,0.1,3.0,1.1,7.0,14.0,0.7,hinge
0.1092406876790831,7802.549999862412,2,2447.7399998899295,2525.549999862412,S2,qlearning,0,392,0.1,3.0,1.1,7.0,14.0,0.7,hinge
0.11145510835913312,9005.249999610527,5,2494.139999949091,2574.0499999363637,S2,qlearning,0,393,0.1,3.0,1.1,7.0,14.0,0.7,hinge
0.1091703056768559,7663.606249934319,1,2225.4,2337.5,S2,qlearning,0,394,0.1,3.0,1.1,7.0,14.0,0.7,hinge
0.13114209827357237,8290.649999545696,3,2503.5799997313256,2534.099999664157,S2,qlearning,0,395,0.1,3.0,1.1,7.0,14.0,0.7,hinge
0.09402487109493479,9277.880434721474,1,2612.3043477771794,2705.3804347214746,S2,qlearning,0,396,0.1,3.0,1.1,7.0,14.0,0.7,hinge
0.12273413897280967,7292.049999909412,1,1989.9,2017.0,S2,qlearning,0,397,0.1,3.0,1.1,7.0,14.0,0.7,hinge
0.08583690987124463,9902.31524385692,1,2847.952195085535,2948.815243856919,S2,qlearning,0,398,0.1,3.0,1.1,7.0,14.0,0.7,hinge
0.1005100510051005,9375.524999752746,5,2911.6799998419383,3050.474999802423,S2,qlearning,0,399,0.1,3.0,1.1,7.0,14.0,0.7,hinge
0.09455920861216177,9667.5,0,2656.8,2694.5,S2,qlearning,0,400,0.1,3.0,1.1,7.0,14.0,0.7,hinge
0.1052262364082778,7995.812820300067,3,2164.3125639839977,2222.749999873308,S2,qlearning,0,401,0.1,3.0,1.1,7.0,14.0,0.7,hinge
0.09810333551340746,8616.09999985795,2,2729.6799998863603,2896.0999998579505,S2,qlearning,0,402,0.1,3.0,1.1,7.0,14.0,0.7,hinge
0.09918971779826767,10034.199171232878,1,2723.5,2804.5,S2,qlearning,0,403,0.1,3.0,1.1,7.0,14.0,0.7,hinge
0.10941644562334217,8504.819184811937,6,2404.7881481190043,2474.2351851487556,S2,qlearning,0,404,0.1,3.0,1.1,7.0,14.0,0.7,hinge
0.12026359143327842,8425.5,0,2387.3,2442.5,S2,qlearning,0,405,0.1,3.0,1.1,7.0,14.0,0.7,hinge
0.08351376430559851,9208.926922551354,4,2618.449999921574,2721.5,S2,qlearning,0,406,0.1,3.0,1.1,7.0,14.0,0.7,hinge
0.11864406779661017,9016.0,0,2439.1,2472.5,S2,qlearning,0,407,0.1,3.0,1.1,7.0,14.0,0.7,hinge
0.11007338225483655,8435.31905224642,5,2231.343810478069,2248.0,S2,qlearning,0,408,0.1,3.0,1.1,7.0,14.0,0.7,hinge
0.10317720275139207,8523.5,0,2366.1,2422.0,S2,qlearning,0,409,0.1,3.0,1.1,7.0,14.0,0.7,hinge
0.10902031063321387,9330.0,0,2661.7999999999997,2772.5,S2,qlearning,0,410,0.1,3.0,1.1,7.0,14.0,0.7,hinge
0.11945392491467577,8189.051758696334,8,2466.638407256093,2569.6092591255056,S2,qlearning,0,411,0.1,3.0,1.1,7.0,14.0,0.7,hinge
0.1474820143884892,7540.5499999388885,1,2038.2,2059.0,S2,qlearning,0,412,0.1,3.0,1.1,7.0,14.0,0.7,hinge
0.09704104358892778,8870.049999959043,1,2804.0399999672336,2978.0499999590425,S2,qlearning,0,413,0.1,3.0,1.1,7.0,14.0,0.7,hinge
0.0858838226108682,9098.149999796196,3,2716.659999918354,2851.0499999318586,S2,qlearning,0,414,0.1,3.0,1.1,7.0,14.0,0.7,hinge
0.09057414798894689,9206.099999903638,2,2672.239999958933,2807.5499999486665,S2,qlearning,0,415,0.1,3.0,1.1,7.0,14.0,0.7,hinge
0.13360739979445016,8000.599999907597,2,2245.1799999260775,2358.099999907597,S2,qlearning,0,416,0.1,3.0,1.1,7.0,14.0,0.7,hinge
0.0784145993726832,10042.410256136858,4,2546.4882049874614,2572.3602562343267,S2,qlearning,0,417,0.1,3.0,1.1,7.0,14.0,0.7,hinge
0.09168510907366424,8914.549999952174,1,2586.2999999999997,2711.0,S2,qlearning,0,418,0.1,3.0,1.1,7.0,14.0,0.7,hinge
0.10768721007289596,8457.7704286027,5,2234.4,2261.0,S2,qlearning,0,419,0.1,3.0,1.1,7.0,14.0,0.7,hinge
0.11054149311118232,8726.030396235987,4,2392.824316988789,2408.5303962359862,S2,qlearning,0,420,0.1,3.0,1.1,7.0,14.0,0.7,hinge
0.11662286465177397,8431.5,0,2830.5,2846.0,S2,qlearning,0,421,0.1,3.0,1.1,7.0,14.0,0.7,hinge
0.11754385964912281,7948.854854009966,4,2472.6009707557932,2670.049999923,S2,qlearning,0,422,0.1,3.0,1.1,7.0,14.0,0.7,hinge
0.09335443037974683,8895.0,0,2332.5,2333.0,S2,qlearning,0,423,0.1,3.0,1.1,7.0,14.0,0.7,hinge
0.12907389480477574,8496.0,0,2518.1,2579.5,S2,qlearning,0,424,0.1,3.0,1.1,7.0,14.0,0.7,hinge
0.07121741467347487,10636.049999959043,1,2924.9,3028.0,S2,qlearning,0,425,0.1,3.0,1.1,7.0,14.0,0.7,hinge
0.09755232351897836,7897.5,0,2431.5,2576.5,S2,qlearning,0,426,0.1,3.0,1.1,7.0,14.0,0.7,hinge
0.10413611029627456,9573.699999572005,7,2663.219999836074,2704.94999984501,S2,qlearning,0,427,0.1,3.0,1.1,7.0,14.0,0.7,hinge
0.11549925484351714,7449.099999854126,2,1897.7799998833004,1919.5999998541256,S2,qlearning,0,428,0.1,3.0,1.1,7.0,14.0,0.7,hinge
0.09465855307640297,8352.26807220139,2,2283.9644577867793,2304.8180722441684,S2,qlearning,0,429,0.1,3.0,1.1,7.0,14.0,0.7,hinge
0.12392039053698836,7388.099999817358,2,2017.6399999418866,2063.0499999273584,S2,qlearning,0,430,0.1,3.0,1.1,7.0,14.0,0.7,hinge
0.12400793650793651,8317.0,0,2453.0,2500.0,S2,qlearning,0,431,0.1,3.0,1.1,7.0,14.0,0.7,hinge
0.1051980198019802,9095.299999652367,3,2766.909999962439,2792.0,S2,qlearning,0,432,0.1,3.0,1.1,7.0,14.0,0.7,hinge
0.09216589861751152,9870.315573206839,5,2678.5,2693.5,S2,qlearning,0,433,0.1,3.0,1.1,7.0,14.0,0.7,hinge
0.13304862023653088,8348.0,0,2500.2999999999997,2592.0,S2,qlearning,0,434,0.1,3.0,1.1,7.0,14.0,0.7,hinge
0.10187224669603524,10161.5,0,3011.2,3063.0,S2,qlearning,0,435,0.1,3.0,1.1,7.0,14.0,0.7,hinge
0.07229707525468287,8707.0,0,3028.2,3263.0,S2,qlearning,0,436,0.1,3.0,1.1,7.0,14.0,0.7,hinge
0.07446134347275031,9065.453152781187,6,2451.5425223600437,2507.3031529500545,S2,qlearning,0,437,0.1,3.0,1.1,7.0,14.0,0.7,hinge
0.12735693020178632,8306.0,0,2278.1,2376.0,S2,qlearning,0,438,0.1,3.0,1.1,7.0,14.0,0.7,hinge
0.10014947683109118,9388.152325417685,2,2758.1818603976526,2806.102325497066,S2,qlearning,0,439,0.1,3.0,1.1,7.0,14.0,0.7,hinge
0.12357787367595136,7082.599999884565,2,2085.6399999550367,2134.5499999437957,S2,qlearning,0,440,0.1,3.0,1.1,7.0,14.0,0.7,hinge
0.12581547064305684,8914.549999827468,3,2419.579999901211,2515.5999998765137,S2,qlearning,0,441,0.1,3.0,1.1,7.0,14.0,0.7,hinge
0.11214953271028037,7412.5,0,2494.4,2584.0,S2,qlearning,0,442,0.1,3.0,1.1,7.0,14.0,0.7,hinge
0.10439054344488793,9088.0,0,2741.5,2854.0,S2,qlearning,0,443,0.1,3.0,1.1,7.0,14.0,0.7,hinge
0.1043338683788122,8721.81923061904,3,2310.7153845386124,2382.7692306732656,S2,qlearning,0,444,0.1,3.0,1.1,7.0,14.0,0.7,hinge
0.11490683229813664,8942.693700603846,3,2570.3799999339335,2631.549999932456,S2,qlearning,0,445,0.1,3.0,1.1,7.0,14.0,0.7,hinge
0.09189925119128659,8313.949999906572,2,2637.059999925258,2834.2499999065726,S2,qlearning,0,446,0.1,3.0,1.1,7.0,14.0,0.7,hinge
0.10954326030449313,7520.0,0,1978.8999999999999,2015.5,S2,qlearning,0,447,0.1,3.0,1.1,7.0,14.0,0.7,hinge
0.09843176509843177,8466.468427916776,3,2349.2,2462.0,S2,qlearning,0,448,0.1,3.0,1.1,7.0,14.0,0.7,hinge
0.11926328502415459,9200.379411564409,3,2815.2,2910.5,S2,qlearning,0,449,0.1,3.0,1.1,7.0,14.0,0.7,hinge
0.0996221229817932,8201.299999774521,3,2342.599999892087,2431.2499998651087,S2,qlearning,0,450,0.1,3.0,1.1,7.0,14.0,0.7,hinge
0.14546159813809154,7009.5,0,2103.1,2220.0,S2,qlearning,0,451,0.1,3.0,1.1,7.0,14.0,0.7,hinge
0.13855421686746988,6838.555214045273,4,1928.2010428543488,1952.0,S2,qlearning,0,452,0.1,3.0,1.1,7.0,14.0,0.7,hinge
0.11232011232011233,7946.0,0,2154.9,2167.5,S2,qlearning,0,453,0.1,3.0,1.1,7.0,14.0,0.7,hinge
0.07507507507507508,9505.5,0,2811.1,2881.0,S2,qlearning,0,454,0.1,3.0,1.1,7.0,14.0,0.7,hinge
0.09488211615871191,9827.549999942104,1,2643.7999999999997,2753.5,S2,qlearning,0,455,0.1,3.0,1.1,7.0,14.0,0.7,hinge
0.09772565742714996,7893.5,0,2168.9,2246.5,S2,qlearning,0,456,0.1,3.0,1.1,7.0,14.0,0.7,hinge
0.09439707673568819,9310.97446008685,9,2572.265250247311,2666.3748320721606,S2,qlearning,0,457,0.1,3.0,1.1,7.0,14.0,0.7,hinge
0.11611289746337977,7773.607028733451,3,2208.1099999846,2325.5,S2,qlearning,0,458,0.1,3.0,1.1,7.0,14.0,0.7,hinge
0.09126649817467003,10092.761110963873,2,3023.0,3171.5,S2,qlearning,0,459,0.1,3.0,1.1,7.0,14.0,0.7,hinge
0.1265597147950089,7722.436666375882,3,2475.9873332751763,2605.5,S2,qlearning,0,460,0.1,3.0,1.1,7.0,14.0,0.7,hinge
0.11050560096881623,9206.0,0,2747.2999999999997,2850.5,S2,qlearning,0,461,0.1,3.0,1.1,7.0,14.0,0.7,hinge
0.09930313588850175,8083.149999777157,3,2520.1,2607.0,S2,qlearning,0,462,0.1,3.0,1.1,7.0,14.0,0.7,hinge
0.09360649947015189,7960.549999949673,1,2120.7399999597387,2131.5499999496733,S2,qlearning,0,463,0.1,3.0,1.1,7.0,14.0,0.7,hinge
0.0963533946042099,9529.12422481477,4,2599.3993798518154,2683.124224814769,S2,qlearning,0,464,0.1,3.0,1.1,7.0,14.0,0.7,hinge
0.09921925829538061,8651.199999911494,1,2140.5599999291953,2160.699999911494,S2,qlearning,0,465,0.1,3.0,1.1,7.0,14.0,0.7,hinge
0.10393700787401575,8896.118749821082,3,2366.8249999382374,2401.5187499404574,S2,qlearning,0,466,0.1,3.0,1.1,7.0,14.0,0.7,hinge
0.098256735340729,8883.0,0,2502.2999999999997,2612.0,S2,qlearning,0,467,0.1,3.0,1.1,7.0,14.0,0.7,hinge
0.08267090620031796,8928.54999992451,1,2557.809999984902,2603.5,S2,qlearning,0,468,0.1,3.0,1.1,7.0,14.0,0.7,hinge
0.08392603129445235,9980.026950257936,2,2891.101560206349,3001.8269502579365,S2,qlearning,0,469,0.1,3.0,1.1,7.0,14.0,0.7,hinge
0.08076146524372657,9913.230803518114,4,2713.6846428144904,2764.230803518113,S2,qlearning,0,470,0.1,3.0,1.1,7.0,14.0,0.7,hinge
0.10714285714285714,7826.001915483911,3,2186.274865755674,2226.157471098153,S2,qlearning,0,471,0.1,3.0,1.1,7.0,14.0,0.7,hinge
0.10609171800136892,8185.509459414463,1,2491.60756753157,2577.509459414463,S2,qlearning,0,472,0.1,3.0,1.1,7.0,14.0,0.7,hinge
0.12574850299401197,6917.899999798864,2,1735.2199999597726,1737.5,S2,qlearning,0,473,0.1,3.0,1.1,7.0,14.0,0.7,hinge
0.1037463976945245,9700.0,0,2501.2,2512.5,S2,qlearning,0,474,0.1,3.0,1.1,7.0,14.0,0.7,hinge
0.10333575054387237,7695.5,0,1975.4,1987.5,S2,qlearning,0,475,0.1,3.0,1.1,7.0,14.0,0.7,hinge
0.10881593507930652,7584.599999832291,2,2124.1099999825,2193.0,S2,qlearning,0,476,0.1,3.0,1.1,7.0,14.0,0.7,hinge
0.08194444444444444,10274.699999777251,4,2867.4799999154684,2920.0999998943353,S2,qlearning,0,477,0.1,3.0,1.1,7.0,14.0,0.7,hinge
0.0946854001221747,9250.08816692831,4,2467.7,2501.5,S2,qlearning,0,478,0.1,3.0,1.1,7.0,14.0,0.7,hinge
0.09603469640644362,9087.749218692194,1,2566.399374953755,2684.7492186921936,S2,qlearning,0,479,0.1,3.0,1.1,7.0,14.0,0.7,hinge
0.0865265760197775,9206.31304322336,3,2408.862608644672,2456.5,S2,qlearning,0,480,0.1,3.0,1.1,7.0,14.0,0.7,hinge
0.09827586206896552,8223.43548300355,8,2191.1845158734945,2235.1790320186415,S2,qlearning,0,481,0.1,3.0,1.1,7.0,14.0,0.7,hinge
0.13969521044992744,7535.987974267294,4,2269.2,2327.5,S2,qlearning,0,482,0.1,3.0,1.1,7.0,14.0,0.7,hinge
0.09846153846153846,9140.74999985305,2,2691.9,2800.0,S2,qlearning,0,483,0.1,3.0,1.1,7.0,14.0,0.7,hinge
0.08983050847457627,8372.753995434543,7,2124.3031964575894,2138.2039955983564,S2,qlearning,0,484,0.1,3.0,1.1,7.0,14.0,0.7,hinge
0.10526315789473684,8511.0,0,2355.2,2398.5,S2,qlearning,0,485,0.1,3.0,1.1,7.0,14.0,0.7,hinge
0.10034013605442177,8246.094444353219,2,2894.285555506891,2995.844444393745,S2,qlearning,0,486,0.1,3.0,1.1,7.0,14.0,0.7,hinge
0.08706467661691543,7976.649382574829,2,1939.4195060598631,1958.149382574829,S2,qlearning,0,487,0.1,3.0,1.1,7.0,14.0,0.7,hinge
0.09025270758122744,8648.195651669621,5,2322.216521426285,2359.145651782856,S2,qlearning,0,488,0.1,3.0,1.1,7.0,14.0,0.7,hinge
0.10504201680672269,7437.5786108253515,7,1979.5128887084063,2012.82861090556,S2,qlearning,0,489,0.1,3.0,1.1,7.0,14.0,0.7,hinge
0.11298535964353915,8755.349999693302,4,2445.98999988508,2454.54999989,S2,qlearning,0,490,0.1,3.0,1.1,7.0,14.0,0.7,hinge
0.09352959214964734,9171.010714195589,2,2512.592142849887,2514.5,S2,qlearning,0,491,0.1,3.0,1.1,7.0,14.0,0.7,hinge
0.11853088480801335,8284.099999838632,2,2197.4799998709063,2249.599999838633,S2,qlearning,0,492,0.1,3.0,1.1,7.0,14.0,0.7,hinge
0.08829300196206671,8714.622288873712,4,2535.064457800199,2555.5,S2,qlearning,0,493,0.1,3.0,1.1,7.0,14.0,0.7,hinge
0.08326618318560301,10565.0,0,2971.5,3002.0,S2,qlearning,0,494,0.1,3.0,1.1,7.0,14.0,0.7,hinge
0.10115157173980703,9060.615971930496,6,2582.1527776288503,2617.3826387379186,S2,qlearning,0,495,0.1,3.0,1.1,7.0,14.0,0.7,hinge
0.10661310259579727,9058.04999993063,1,2791.009999986126,3004.0,S2,qlearning,0,496,0.1,3.0,1.1,7.0,14.0,0.7,hinge
0.12793914246196403,8044.862630340319,8,2355.1248413672706,2426.7810517090884,S2,qlearning,0,497,0.1,3.0,1.1,7.0,14.0,0.7,hinge
0.09528585757271815,8461.070657601027,6,2298.7399999610125,2323.549999951266,S2,qlearning,0,498,0.1,3.0,1.1,7.0,14.0,0.7,hinge
0.09967271645343648,9521.213043167898,5,2975.360434716274,3171.213043440962,S2,qlearning,0,499,0.1,3.0,1.1,7.0,14.0,0.7,hinge
0.10586319218241043,8604.297655857157,5,2547.839999898693,2649.2499998977332,S2,qlearning,0,500,0.1,3.0,1.1,7.0,14.0,0.7,hinge
0.1134950248756219,8935.5,0,2255.1,2288.5,S2,qlearning,0,501,0.1,3.0,1.1,7.0,14.0,0.7,hinge
0.09567799406136589,8566.949999942963,1,2468.0099999885924,2499.0,S2,qlearning,0,502,0.1,3.0,1.1,7.0,14.0,0.7,hinge
0.10819672131147541,8541.740425266134,3,2345.878085001894,2351.5499999144445,S2,qlearning,0,503,0.1,3.0,1.1,7.0,14.0,0.7,hinge
0.09731913330885053,7646.5,0,2181.4,2244.5,S2,qlearning,0,504,0.1,3.0,1.1,7.0,14.0,0.7,hinge
0.1167804527488322,7784.025372882283,3,2337.705074576457,2373.0,S2,qlearning,0,505,0.1,3.0,1.1,7.0,14.0,0.7,hinge
0.09177027827116636,9534.249999842066,2,2432.9499999684135,2441.5,S2,qlearning,0,506,0.1,3.0,1.1,7.0,14.0,0.7,hinge
0.0895625215294523,8264.845097934107,2,2149.576078347286,2192.8450979341073,S2,qlearning,0,507,0.1,3.0,1.1,7.0,14.0,0.7,hinge
0.11799929552659387,7889.0,0,2290.7999999999997,2409.0,S2,qlearning,0,508,0.1,3.0,1.1,7.0,14.0,0.7,hinge
0.10395010395010396,8068.201742467138,3,2100.02139403128,2108.1517425391003,S2,qlearning,0,509,0.1,3.0,1.1,7.0,14.0,0.7,hinge
0.07735792918774174,9576.549999935294,1,2628.9399999482353,2698.049999935294,S2,qlearning,0,510,0.1,3.0,1.1,7.0,14.0,0.7,hinge
0.0935346242205448,8627.815723105032,3,2763.1525784840246,2942.315723105031,S2,qlearning,0,511,0.1,3.0,1.1,7.0,14.0,0.7,hinge
0.11256464861575904,9181.858649847554,8,2602.8669200244763,2623.508650066197,S2,qlearning,0,512,0.1,3.0,1.1,7.0,14.0,0.7,hinge
0.09057971014492754,9352.5,0,2660.2,2771.5,S2,qlearning,0,513,0.1,3.0,1.1,7.0,14.0,0.7,hinge
0.12641509433962264,7282.0,0,2163.7,2278.0,S2,qlearning,0,514,0.1,3.0,1.1,7.0,14.0,0.7,hinge
0.12130801687763713,7872.0999998821735,2,2329.4,2429.5,S2,qlearning,0,515,0.1,3.0,1.1,7.0,14.0,0.7,hinge
0.09770311964346932,8222.152018503211,5,2403.3099999856076,2434.0,S2,qlearning,0,516,0.1,3.0,1.1,7.0,14.0,0.7,hinge
0.09187907528156491,9549.921060650433,2,2780.667932927442,2782.3349161593023,S2,qlearning,0,517,0.1,3.0,1.1,7.0,14.0,0.7,hinge
0.1,9258.0,0,2440.4,2487.0,S2,qlearning,0,518,0.1,3.0,1.1,7.0,14.0,0.7,hinge
0.11312992800822763,8117.049999906098,1,2419.8099999812193,2504.5,S2,qlearning,0,519,0.1,3.0,1.1,7.0,14.0,0.7,hinge
0.09080426635918132,9777.0,0,2757.9,2787.5,S2,qlearning,0,520,0.1,3.0,1.1,7.0,14.0,0.7,hinge
0.10858670230537922,8430.534229007128,9,2379.6873837262483,2442.834229712624,S2,qlearning,0,521,0.1,3.0,1.1,7.0,14.0,0.7,hinge
0.0974718245507158,9268.149999690562,3,3311.2199999618047,3602.5,S2,qlearning,0,522,0.1,3.0,1.1,7.0,14.0,0.7,hinge
0.09801136363636363,9865.749999925243,1,2713.7,2819.0,S2,qlearning,0,523,0.1,3.0,1.1,7.0,14.0,0.7,hinge
0.0916988416988417,8762.0,0,2410.7,2422.0,S2,qlearning,0,524,0.1,3.0,1.1,7.0,14.0,0.7,hinge
0.08766014834794336,8423.1,0,2889.9999999999995,3181.5,S2,qlearning,0,525,0.1,3.0,1.1,7.0,14.0,0.7,hinge
0.09572649572649573,8200.5,0,2081.3,2082.0,S2,qlearning,0,526,0.1,3.0,1.1,7.0,14.0,0.7,hinge
0.13929088277858176,7534.5,0,2108.7,2117.5,S2,qlearning,0,527,0.1,3.0,1.1,7.0,14.0,0.7,hinge
0.09109659676864902,8274.099999886997,2,2110.5,2145.5,S2,qlearning,0,528,0.1,3.0,1.1,7.0,14.0,0.7,hinge
0.11012491781722551,8471.549999913483,1,2008.7099999826967,2020.5,S2,qlearning,0,529,0.1,3.0,1.1,7.0,14.0,0.7,hinge
0.09952465834818776,9508.909412762549,6,2588.8884678287277,2667.3609754384265,S2,qlearning,0,530,0.1,3.0,1.1,7.0,14.0,0.7,hinge
0.09629101283880172,7900.5,0,2063.0,2118.5,S2,qlearning,0,531,0.1,3.0,1.1,7.0,14.0,0.7,hinge
0.09254431699687174,10845.323021468701,2,2861.7,2882.5,S2,qlearning,0,532,0.1,3.0,1.1,7.0,14.0,0.7,hinge
0.09000620732464308,9111.0,0,2527.2,2535.5,S2,qlearning,0,533,0.1,3.0,1.1,7.0,14.0,0.7,hinge
0.09803921568627451,9617.4,0,2668.5,2669.5,S2,qlearning,0,534,0.1,3.0,1.1,7.0,14.0,0.7,hinge
0.09136212624584718,10183.0,0,2998.1,3040.5,S2,qlearning,0,535,0.1,3.0,1.1,7.0,14.0,0.7,hinge
0.13968775677896467,6648.207463457412,3,2054.8859769781266,2135.607471222658,S2,qlearning,0,536,0.1,3.0,1.1,7.0,14.0,0.7,hinge
0.08712759977515458,10120.574561127876,5,2929.1199998683564,3048.6499998354457,S2,qlearning,0,537,0.1,3.0,1.1,7.0,14.0,0.7,hinge
0.1104633323105247,9078.049999908333,1,2362.5399999266665,2378.549999908333,S2,qlearning,0,538,0.1,3.0,1.1,7.0,14.0,0.7,hinge
0.07558700546799614,8860.0,0,2471.9,2537.0,S2,qlearning,0,539,0.1,3.0,1.1,7.0,14.0,0.7,hinge
0.07381082558775287,10437.54999995926,1,2946.5399999674073,2988.5499999592594,S2,qlearning,0,540,0.1,3.0,1.1,7.0,14.0,0.7,hinge
0.09422850412249706,9570.299999696217,3,2801.5,2892.5,S2,qlearning,0,541,0.1,3.0,1.1,7.0,14.0,0.7,hinge
0.11292346298619825,8907.745993710952,6,2847.4267951797947,3059.1459940000727,S2,qlearning,0,542,0.1,3.0,1.1,7.0,14.0,0.7,hinge
0.09939083039435717,8747.5,0,2361.6,2460.5,S2,qlearning,0,543,0.1,3.0,1.1,7.0,14.0,0.7,hinge
0.12782512041496852,7472.64999973603,3,2193.779999868824,2277.09999983603,S2,qlearning,0,544,0.1,3.0,1.1,7.0,14.0,0.7,hinge
0.10746085354620817,9098.0,0,2722.6,2835.0,S2,qlearning,0,545,0.1,3.0,1.1,7.0,14.0,0.7,hinge
0.11093990755007704,9065.11428542033,5,2443.8314284208955,2456.8642855388675,S2,qlearning,0,546,0.1,3.0,1.1,7.0,14.0,0.7,hinge
0.10140660778541054,8628.70834396242,4,2308.2416687924842,2345.0,S2,qlearning,0,547,0.1,3.0,1.1,7.0,14.0,0.7,hinge
0.07589128132721497,8072.2626865118455,1,2528.1101492094763,2608.7626865118455,S2,qlearning,0,548,0.1,3.0,1.1,7.0,14.0,0.7,hinge
0.0985525100092393,9116.941880228589,2,2646.009999989379,2788.0,S2,qlearning,0,549,0.1,3.0,1.1,7.0,14.0,0.7,hinge
0.09196185286103542,8293.749999848085,2,2385.599999878468,2511.2499998480853,S2,qlearning,0,550,0.1,3.0,1.1,7.0,14.0,0.7,hinge
0.10027769207034866,9096.0,0,2286.2,2297.5,S2,qlearning,0,551,0.1,3.0,1.1,7.0,14.0,0.7,hinge
0.11760966306420852,8714.5,0,2412.2999999999997,2472.0,S2,qlearning,0,552,0.1,3.0,1.1,7.0,14.0,0.7,hinge
0.0940688775510204,8899.355702859271,6,2390.6811405688763,2413.54999995625,S2,qlearning,0,553,0.1,3.0,1.1,7.0,14.0,0.7,hinge
0.10641728474685586,8688.51428549275,2,2452.5628570985505,2470.0,S2,qlearning,0,554,0.1,3.0,1.1,7.0,14.0,0.7,hinge
0.13049696102967465,7663.049999943795,1,2186.0399999550364,2247.5499999437957,S2,qlearning,0,555,0.1,3.0,1.1,7.0,14.0,0.7,hinge
0.10075187969924812,9351.920976836484,3,2710.253333297131,2841.3166666214142,S2,qlearning,0,556,0.1,3.0,1.1,7.0,14.0,0.7,hinge
0.07628652702353246,11043.699999922223,1,2861.5399999844444,2869.5,S2,qlearning,0,557,0.1,3.0,1.1,7.0,14.0,0.7,hinge
0.09734762979683972,9982.862232802938,2,2538.563733667561,2587.818811844956,S2,qlearning,0,558,0.1,3.0,1.1,7.0,14.0,0.7,hinge
0.09075342465753425,8260.549999925242,1,2817.7099999850484,3025.0,S2,qlearning,0,559,0.1,3.0,1.1,7.0,14.0,0.7,hinge
0.121765601217656,7271.3,0,2210.4,2279.5,S2,qlearning,0,560,0.1,3.0,1.1,7.0,14.0,0.7,hinge
0.13518886679920478,6851.9,0,2244.3999999999996,2401.0,S2,qlearning,0,561,0.1,3.0,1.1,7.0,14.0,0.7,hinge
0.09499683343888538,8938.079824247894,5,2712.679999886283,2823.099999857854,S2,qlearning,0,562,0.1,3.0,1.1,7.0,14.0,0.7,hinge
0.107659724673491,7904.7,0,2572.8599999999997,2638.7,S2,qlearning,0,563,0.1,3.0,1.1,7.0,14.0,0.7,hinge
0.09455493968046952,8688.402461518783,4,2425.1,2442.5,S2,qlearning,0,564,0.1,3.0,1.1,7.0,14.0,0.7,hinge
0.09472049689440994,9095.434426102602,2,2542.446885233796,2564.0,S2,qlearning,0,565,0.1,3.0,1.1,7.0,14.0,0.7,hinge
0.11944260119442601,8332.4,0,2166.8,2169.0,S2,qlearning,0,566,0.1,3.0,1.1,7.0,14.0,0.7,hinge
0.0853462157809984,8827.752083114712,3,2602.8495833189627,2711.5,S2,qlearning,0,567,0.1,3.0,1.1,7.0,14.0,0.7,hinge
0.12108980827447023,8263.247584326446,4,2383.54806753613,2393.497584451402,S2,qlearning,0,568,0.1,3.0,1.1,7.0,14.0,0.7,hinge
0.1338529312097594,8070.699999852995,2,2867.7499999387364,3171.5499999468966,S2,qlearning,0,569,0.1,3.0,1.1,7.0,14.0,0.7,hinge
0.12935883014623173,7326.994444232752,3,2025.6699999907783,2075.7,S2,qlearning,0,570,0.1,3.0,1.1,7.0,14.0,0.7,hinge
0.07931756958994313,9526.260869232277,4,2607.4086953858214,2660.2608692322765,S2,qlearning,0,571,0.1,3.0,1.1,7.0,14.0,0.7,hinge
0.08973975471133712,9476.949999944605,1,2443.7,2448.5,S2,qlearning,0,572,0.1,3.0,1.1,7.0,14.0,0.7,hinge
0.10061919504643962,9075.099999855105,2,2738.7399999592053,2863.5499999490066,S2,qlearning,0,573,0.1,3.0,1.1,7.0,14.0,0.7,hinge
0.1007705986959099,9450.0,0,2474.1,2506.0,S2,qlearning,0,574,0.1,3.0,1.1,7.0,14.0,0.7,hinge
0.10029498525073746,9533.207336871099,4,2983.9927272427185,3096.5,S2,qlearning,0,575,0.1,3.0,1.1,7.0,14.0,0.7,hinge
0.09454545454545454,7758.4111199540075,2,1909.0360264506223,1919.295033063278,S2,qlearning,0,576,0.1,3.0,1.1,7.0,14.0,0.7,hinge
0.10603882099209203,7793.599999823718,2,2240.5,2316.0,S2,qlearning,0,577,0.1,3.0,1.1,7.0,14.0,0.7,hinge
0.12232942798070297,8006.299999882138,2,2267.3499999382457,2321.5499999363637,S2,qlearning,0,578,0.1,3.0,1.1,7.0,14.0,0.7,hinge
0.09897723523589574,8546.099999838703,2,2130.0,2132.5,S2,qlearning,0,579,0.1,3.0,1.1,7.0,14.0,0.7,hinge
0.09502418797512094,8174.189221501702,6,2308.2698656405573,2352.8248320976477,S2,qlearning,0,580,0.1,3.0,1.1,7.0,14.0,0.7,hinge
0.09958382877526754,9474.54592072008,3,2802.6,2937.0,S2,qlearning,0,581,0.1,3.0,1.1,7.0,14.0,0.7,hinge
0.07204610951008646,9958.664814623993,3,2753.611851807912,2764.26481475989,S2,qlearning,0,582,0.1,3.0,1.1,7.0,14.0,0.7,hinge
0.09448574969021066,9104.460630236576,2,2410.213749990977,2440.0,S2,qlearning,0,583,0.1,3.0,1.1,7.0,14.0,0.7,hinge
0.10661310259579727,9058.949999953049,1,2360.0899999906096,2363.5,S2,qlearning,0,584,0.1,3.0,1.1,7.0,14.0,0.7,hinge
0.09315772566655958,8803.049999956,1,2535.2399999647996,2609.5499999559997,S2,qlearning,0,585,0.1,3.0,1.1,7.0,14.0,0.7,hinge
0.133885878227606,8615.799999763947,3,2433.3599999527896,2525.0,S2,qlearning,0,586,0.1,3.0,1.1,7.0,14.0,0.7,hinge
0.10309278350515463,9231.209291970272,1,3254.7,3439.0,S2,qlearning,0,587,0.1,3.0,1.1,7.0,14.0,0.7,hinge
0.08583690987124463,9296.707588093583,5,2457.4716127182733,2460.8395158978415,S2,qlearning,0,588,0.1,3.0,1.1,7.0,14.0,0.7,hinge
0.099640640313623,8599.5,0,2388.7,2391.5,S2,qlearning,0,589,0.1,3.0,1.1,7.0,14.0,0.7,hinge
0.08826262000619386,9170.449999937904,1,2405.9099999875807,2426.5,S2,qlearning,0,590,0.1,3.0,1.1,7.0,14.0,0.7,hinge
0.08208955223880597,9538.149999662703,3,2626.8399999132394,2654.5499998915493,S2,qlearning,0,591,0.1,3.0,1.1,7.0,14.0,0.7,hinge
0.14675907052588666,6664.0612499073595,1,2084.2,2117.0,S2,qlearning,0,592,0.1,3.0,1.1,7.0,14.0,0.7,hinge
0.1029641185647426,8980.64370067365,2,2577.82874013473,2648.0,S2,qlearning,0,593,0.1,3.0,1.1,7.0,14.0,0.7,hinge
0.11536030341340076,8912.881793135177,12,2392.8670419031573,2395.0,S2,qlearning,0,594,0.1,3.0,1.1,7.0,14.0,0.7,hinge
0.10170603674540682,8534.5,0,2285.0,2337.5,S2,qlearning,0,595,0.1,3.0,1.1,7.0,14.0,0.7,hinge
0.1146941489361702,8412.599999846527,2,2387.0,2408.0,S2,qlearning,0,596,0.1,3.0,1.1,7.0,14.0,0.7,hinge
0.08766337264902774,8853.356306243186,1,2570.871261248637,2661.5,S2,qlearning,0,597,0.1,3.0,1.1,7.0,14.0,0.7,hinge
0.07491289198606271,8188.0,0,2189.5,2239.0,S2,qlearning,0,598,0.1,3.0,1.1,7.0,14.0,0.7,hinge
0.14700477765527378,7378.3,0,1915.6,1921.5,S2,qlearning,0,599,0.1,3.0,1.1,7.0,14.0,0.7,hinge
0.09024745269286755,9726.439617250384,3,2841.1116939187687,2953.389617398461,S2,qlearning,0,600,0.1,3.0,1.1,7.0,14.0,0.7,hinge
0.1329500538986705,7666.102438740564,3,1973.0099999725,2014.0,S2,qlearning,0,601,0.1,3.0,1.1,7.0,14.0,0.7,hinge
0.10816468946266573,7994.0,0,2258.9,2333.5,S2,qlearning,0,602,0.1,3.0,1.1,7.0,14.0,0.7,hinge
0.09011627906976744,9734.438164950565,5,2611.1505319604526,2619.438164950566,S2,qlearning,0,603,0.1,3.0,1.1,7.0,14.0,0.7,hinge
0.11107130060910068,7749.293333283711,1,2402.158666656742,2564.0,S2,qlearning,0,604,0.1,3.0,1.1,7.0,14.0,0.7,hinge
0.09433962264150944,9279.649999787896,3,2399.4199998303166,2408.1499997878955,S2,qlearning,0,605,0.1,3.0,1.1,7.0,14.0,0.7,hinge
0.10969220694171579,8564.973132026968,4,2168.6422753232996,2237.6778441541246,S2,qlearning,0,606,0.1,3.0,1.1,7.0,14.0,0.7,hinge
0.12117132278694043,8231.062658182198,1,2530.5125316364397,2547.0,S2,qlearning,0,607,0.1,3.0,1.1,7.0,14.0,0.7,hinge
0.11033099297893681,8386.938087925122,7,1974.9437623469373,1989.0,S2,qlearning,0,608,0.1,3.0,1.1,7.0,14.0,0.7,hinge
0.10984427141268076,10110.890818357704,7,2883.3534881008186,2909.191860126023,S2,qlearning,0,609,0.1,3.0,1.1,7.0,14.0,0.7,hinge
0.11851597389213328,8046.0,0,2205.9,2264.0,S2,qlearning,0,610,0.1,3.0,1.1,7.0,14.0,0.7,hinge
0.12017710309930424,8743.806185463867,2,2765.3149484116207,2810.2561855314116,S2,qlearning,0,611,0.1,3.0,1.1,7.0,14.0,0.7,hinge
0.12980445043830074,8152.599999626,2,2246.1,2357.0,S2,qlearning,0,612,0.1,3.0,1.1,7.0,14.0,0.7,hinge
0.10944340212632896,8983.072825417705,6,2333.304565096164,2352.5,S2,qlearning,0,613,0.1,3.0,1.1,7.0,14.0,0.7,hinge
0.13093575418994413,7873.699999878225,2,2399.8799999025796,2578.599999878225,S2,qlearning,0,614,0.1,3.0,1.1,7.0,14.0,0.7,hinge
0.09253547193090685,9170.430850763118,5,2940.60468066916,3038.3808508364505,S2,qlearning,0,615,0.1,3.0,1.1,7.0,14.0,0.7,hinge
0.09683098591549295,9606.446850248942,2,2434.5599999307865,2446.699999913483,S2,qlearning,0,616,0.1,3.0,1.1,7.0,14.0,0.7,hinge
0.121492128678987,8125.286619614016,2,2479.277323922803,2496.0,S2,qlearning,0,617,0.1,3.0,1.1,7.0,14.0,0.7,hinge
0.0784385260853703,7794.0,0,2398.2,2570.0,S2,qlearning,0,618,0.1,3.0,1.1,7.0,14.0,0.7,hinge
0.11172161172161173,7613.636841909198,3,1976.26947360248,2043.5868420031002,S2,qlearning,0,619,0.1,3.0,1.1,7.0,14.0,0.7,hinge
0.06996002284408909,10057.699999750657,4,2577.7999998751184,2581.0999998749776,S2,qlearning,0,620,0.1,3.0,1.1,7.0,14.0,0.7,hinge
0.10840108401084012,8237.249999947973,1,2438.9399999583784,2440.549999947973,S2,qlearning,0,621,0.1,3.0,1.1,7.0,14.0,0.7,hinge
0.10513667768098528,9392.157759481466,6,2490.9992512963236,2601.79755446697,S2,qlearning,0,622,0.1,3.0,1.1,7.0,14.0,0.7,hinge
0.11492087415222306,7410.4863009407745,5,1968.0590407979134,1985.9363010162642,S2,qlearning,0,623,0.1,3.0,1.1,7.0,14.0,0.7,hinge
0.10216912920465263,8937.599999832106,2,2598.819999966421,2636.0,S2,qlearning,0,624,0.1,3.0,1.1,7.0,14.0,0.7,hinge
0.09850166481687014,10171.599999676406,6,2816.2199999775944,2963.5,S2,qlearning,0,625,0.1,3.0,1.1,7.0,14.0,0.7,hinge
0.10970621048716996,7544.293532851132,5,2550.886666599439,2700.633333292956,S2,qlearning,0,626,0.1,3.0,1.1,7.0,14.0,0.7,hinge
0.10216168196624223,9456.8,0,3034.3999999999996,3203.5,S2,qlearning,0,627,0.1,3.0,1.1,7.0,14.0,0.7,hinge
0.0947867298578199,8929.24999966995,2,2558.2,2576.0,S2,qlearning,0,628,0.1,3.0,1.1,7.0,14.0,0.7,hinge
0.0957107408720312,8008.186953701435,5,2050.109999990723,2097.5,S2,qlearning,0,629,0.1,3.0,1.1,7.0,14.0,0.7,hinge
0.10772290354656944,8429.5,0,2541.2,2669.5,S2,qlearning,0,630,0.1,3.0,1.1,7.0,14.0,0.7,hinge
0.09918136020151133,8995.682282128388,9,2738.209088065446,2831.0,S2,qlearning,0,631,0.1,3.0,1.1,7.0,14.0,0.7,hinge
0.10883280757097792,8840.599999853213,2,2415.5099999857407,2446.0,S2,qlearning,0,632,0.1,3.0,1.1,7.0,14.0,0.7,hinge
0.09112286890064668,9607.5,0,2483.2,2516.0,S2,qlearning,0,633,0.1,3.0,1.1,7.0,14.0,0.7,hinge
0.09184660006445375,8832.678571092785,5,2710.5614284463263,2904.8142855773526,S2,qlearning,0,634,0.1,3.0,1.1,7.0,14.0,0.7,hinge
0.12032085561497326,8273.962820455446,1,2153.7325640910894,2198.4,S2,qlearning,0,635,0.1,3.0,1.1,7.0,14.0,0.7,hinge
0.12504341785342132,7986.968852362575,2,2397.9750818900598,2549.968852362575,S2,qlearning,0,636,0.1,3.0,1.1,7.0,14.0,0.7,hinge
0.08806262230919765,10153.24999985332,2,2958.9,3054.0,S2,qlearning,0,637,0.1,3.0,1.1,7.0,14.0,0.7,hinge
0.1384718051384718,8190.049999926667,1,2627.209999985333,2683.0,S2,qlearning,0,638,0.1,3.0,1.1,7.0,14.0,0.7,hinge
0.10500308832612724,9058.5,0,2541.3,2575.5,S2,qlearning,0,639,0.1,3.0,1.1,7.0,14.0,0.7,hinge
0.10083226632522407,8767.023333288844,1,2267.0,2274.0,S2,qlearning,0,640,0.1,3.0,1.1,7.0,14.0,0.7,hinge
0.1169993117687543,8048.549999679167,1,2636.509999935833,2857.0,S2,qlearning,0,641,0.1,3.0,1.1,7.0,14.0,0.7,hinge
0.12745435756114365,8017.863636045884,4,2161.050908895938,2183.313636119922,S2,qlearning,0,642,0.1,3.0,1.1,7.0,14.0,0.7,hinge
0.12327889849503683,8665.814814669302,2,2533.86296293386,2555.0,S2,qlearning,0,643,0.1,3.0,1.1,7.0,14.0,0.7,hinge
0.0969403211148137,9299.649999959685,1,2869.1,2935.0,S2,qlearning,0,644,0.1,3.0,1.1,7.0,14.0,0.7,hinge
0.10442643391521197,8972.099999766184,2,2425.2,2441.5,S2,qlearning,0,645,0.1,3.0,1.1,7.0,14.0,0.7,hinge
0.08177570093457943,9751.207833461687,5,3135.406266833968,3230.6078335693846,S2,qlearning,0,646,0.1,3.0,1.1,7.0,14.0,0.7,hinge
0.10099390830394357,8768.387623531136,3,2450.4100988249093,2511.887623531137,S2,qlearning,0,647,0.1,3.0,1.1,7.0,14.0,0.7,hinge
0.11722565939433409,8556.643478154818,2,2368.014782523854,2435.643478154818,S2,qlearning,0,648,0.1,3.0,1.1,7.0,14.0,0.7,hinge
0.13788348845225784,7930.749999925243,1,2157.379999940194,2277.549999925243,S2,qlearning,0,649,0.1,3.0,1.1,7.0,14.0,0.7,hinge
0.09794918885827977,9255.81740158154,6,2530.649999868718,2630.249999877151,S2,qlearning,0,650,0.1,3.0,1.1,7.0,14.0,0.7,hinge
0.10820559062218214,9249.0,0,2416.9,2417.0,S2,qlearning,0,651,0.1,3.0,1.1,7.0,14.0,0.7,hinge
0.12794882047181128,6930.596295601017,3,2049.249258919334,2183.0499996652175,S2,qlearning,0,652,0.1,3.0,1.1,7.0,14.0,0.7,hinge
0.0979772439949431,8949.279852700194,5,3002.023882160156,3057.779852700195,S2,qlearning,0,653,0.1,3.0,1.1,7.0,14.0,0.7,hinge
0.11353315168029064,9211.114971710367,1,2439.0919773682936,2471.614971710367,S2,qlearning,0,654,0.1,3.0,1.1,7.0,14.0,0.7,hinge
0.10262601871415636,9312.35006201107,5,2830.716824007294,2853.3280192882703,S2,qlearning,0,655,0.1,3.0,1.1,7.0,14.0,0.7,hinge
0.12585812356979406,7253.6687499548825,1,2406.954999963906,2523.568749954883,S2,qlearning,0,656,0.1,3.0,1.1,7.0,14.0,0.7,hinge
0.11145404663923182,8112.749999707436,2,2459.549999941487,2593.5,S2,qlearning,0,657,0.1,3.0,1.1,7.0,14.0,0.7,hinge
0.09646827992151732,8587.5,0,2425.6,2517.5,S2,qlearning,0,658,0.1,3.0,1.1,7.0,14.0,0.7,hinge
0.09348534201954398,8702.974999821972,3,2635.679999904601,2676.2249998807515,S2,qlearning,0,659,0.1,3.0,1.1,7.0,14.0,0.7,hinge
0.1078894133513149,8264.0,0,2197.6,2210.0,S2,qlearning,0,660,0.1,3.0,1.1,7.0,14.0,0.7,hinge
0.13040494166094715,8009.553900609124,2,2514.643120487299,2696.053900609124,S2,qlearning,0,661,0.1,3.0,1.1,7.0,14.0,0.7,hinge
0.13562026326286397,6889.849999922222,1,1713.9499999844445,1714.3,S2,qlearning,0,662,0.1,3.0,1.1,7.0,14.0,0.7,hinge
0.12345679012345678,9169.0,0,2524.7999999999997,2587.5,S2,qlearning,0,663,0.1,3.0,1.1,7.0,14.0,0.7,hinge
0.11323196376577159,8584.9,0,2575.98,2729.0,S2,qlearning,0,664,0.1,3.0,1.1,7.0,14.0,0.7,hinge
0.13432835820895522,6223.2,0,1784.7,1790.5,S2,qlearning,0,665,0.1,3.0,1.1,7.0,14.0,0.7,hinge
0.1049498746867168,8891.5,0,2608.2999999999997,2707.5,S2,qlearning,0,666,0.1,3.0,1.1,7.0,14.0,0.7,hinge
0.12536337209302326,7595.914285573178,1,2099.3,2149.5,S2,qlearning,0,667,0.1,3.0,1.1,7.0,14.0,0.7,hinge
0.10302426055167829,8452.0,0,2166.9,2178.0,S2,qlearning,0,668,0.1,3.0,1.1,7.0,14.0,0.7,hinge
0.0973393900064893,8673.549999908333,1,2476.7099999816664,2614.0,S2,qlearning,0,669,0.1,3.0,1.1,7.0,14.0,0.7,hinge
0.11170390130043348,8367.149999921428,1,2112.039999937143,2115.5499999214285,S2,qlearning,0,670,0.1,3.0,1.1,7.0,14.0,0.7,hinge
0.14637002341920374,6985.999999685871,4,2085.569999796326,2110.949999765253,S2,qlearning,0,671,0.1,3.0,1.1,7.0,14.0,0.7,hinge
0.10031847133757962,8812.0,0,2528.4,2580.5,S2,qlearning,0,672,0.1,3.0,1.1,7.0,14.0,0.7,hinge
0.11424100156494522,8946.494444029251,5,2648.238888873679,2711.5,S2,qlearning,0,673,0.1,3.0,1.1,7.0,14.0,0.7,hinge
0.09932713873758411,8752.04999923,1,2197.9,2205.5,S2,qlearning,0,674,0.1,3.0,1.1,7.0,14.0,0.7,hinge
0.11237684729064039,9048.399999895219,2,2798.7999999999997,3028.0,S2,qlearning,0,675,0.1,3.0,1.1,7.0,14.0,0.7,hinge
0.11487811711964135,9888.049999902532,1,2571.239999922025,2626.0499999025315,S2,qlearning,0,676,0.1,3.0,1.1,7.0,14.0,0.7,hinge
0.11073253833049404,8185.22355309877,5,2227.978842479016,2326.72355309877,S2,qlearning,0,677,0.1,3.0,1.1,7.0,14.0,0.7,hinge
0.10387323943661972,8035.087164406145,6,2161.739999855137,2196.5499998428572,S2,qlearning,0,678,0.1,3.0,1.1,7.0,14.0,0.7,hinge
0.08764489680520215,10043.465789234251,3,3335.99315784685,3522.5,S2,qlearning,0,679,0.1,3.0,1.1,7.0,14.0,0.7,hinge
0.10118856408609059,8703.5,0,2503.9,2588.5,S2,qlearning,0,680,0.1,3.0,1.1,7.0,14.0,0.7,hinge
0.09989840839823907,8301.564492400517,4,2340.606086944295,2358.0,S2,qlearning,0,681,0.1,3.0,1.1,7.0,14.0,0.7,hinge
0.09486424599280341,8648.313043329064,1,2243.8,2288.5,S2,qlearning,0,682,0.1,3.0,1.1,7.0,14.0,0.7,hinge
0.10920698924731183,8287.649999933043,1,2519.1099999866087,2609.5,S2,qlearning,0,683,0.1,3.0,1.1,7.0,14.0,0.7,hinge
0.13683431952662722,7420.113043428529,1,1788.6,1811.5,S2,qlearning,0,684,0.1,3.0,1.1,7.0,14.0,0.7,hinge
0.11298482293423272,8262.599999705555,2,2417.2099999533334,2542.0,S2,qlearning,0,685,0.1,3.0,1.1,7.0,14.0,0.7,hinge
0.08715300193673338,8796.049999909412,1,2410.6099999818825,2423.0,S2,qlearning,0,686,0.1,3.0,1.1,7.0,14.0,0.7,hinge
0.12481644640234948,7545.726922853325,3,2121.865384538999,2214.04999992451,S2,qlearning,0,687,0.1,3.0,1.1,7.0,14.0,0.7,hinge
0.06729264475743349,9164.04999993125,1,2642.539999945,2766.54999993125,S2,qlearning,0,688,0.1,3.0,1.1,7.0,14.0,0.7,hinge
0.12156448202959831,7890.987623609929,3,2423.639999967407,2513.0499999592594,S2,qlearning,0,689,0.1,3.0,1.1,7.0,14.0,0.7,hinge
0.08823529411764706,8209.018583786636,4,2185.1099999805065,2194.5,S2,qlearning,0,690,0.1,3.0,1.1,7.0,14.0,0.7,hinge
0.1357142857142857,7650.7249998566285,2,2108.979999885303,2113.224999856629,S2,qlearning,0,691,0.1,3.0,1.1,7.0,14.0,0.7,hinge
0.11030570438071226,8916.671454719793,8,2515.798789937785,2577.6234874222314,S2,qlearning,0,692,0.1,3.0,1.1,7.0,14.0,0.7,hinge
0.11095937179924889,8145.649332249612,2,2289.0498664499223,2379.5,S2,qlearning,0,693,0.1,3.0,1.1,7.0,14.0,0.7,hinge
0.10035043007327174,8806.049999938889,1,2374.4,2449.0,S2,qlearning,0,694,0.1,3.0,1.1,7.0,14.0,0.7,hinge
0.11460101867572156,9809.049999957924,1,2438.3,2474.0,S2,qlearning,0,695,0.1,3.0,1.1,7.0,14.0,0.7,hinge
0.0764481034989709,9708.099999941667,1,2345.7,2353.0,S2,qlearning,0,696,0.1,3.0,1.1,7.0,14.0,0.7,hinge
0.11705685618729098,8269.7,0,2273.7,2310.5,S2,qlearning,0,697,0.1,3.0,1.1,7.0,14.0,0.7,hinge
0.1350844277673546,7316.819492435562,5,2215.0099999503223,2337.5,S2,qlearning,0,698,0.1,3.0,1.1,7.0,14.0,0.7,hinge
0.12164124909222948,7634.2488820711615,5,2232.339776371847,2292.049999929358,S2,qlearning,0,699,0.1,3.0,1.1,7.0,14.0,0.7,hinge
0.10735198438516591,8606.699999704737,4,2709.8699999148457,2848.0499999564972,S2,qlearning,0,700,0.1,3.0,1.1,7.0,14.0,0.7,hinge
0.11851597389213328,8137.274831742855,5,2440.289865683089,2496.4748321169563,S2,qlearning,0,701,0.1,3.0,1.1,7.0,14.0,0.7,hinge
0.08307075336579776,9896.0,0,2717.9,2744.0,S2,qlearning,0,702,0.1,3.0,1.1,7.0,14.0,0.7,hinge
0.11639344262295082,8466.0,0,2508.7,2624.0,S2,qlearning,0,703,0.1,3.0,1.1,7.0,14.0,0.7,hinge
0.09270898805782526,9007.999999493913,7,2548.729999958906,2587.0,S2,qlearning,0,704,0.1,3.0,1.1,7.0,14.0,0.7,hinge
0.08363201911589008,9491.5,0,2563.6,2677.0,S2,qlearning,0,705,0.1,3.0,1.1,7.0,14.0,0.7,hinge
0.11312217194570136,8678.149999737667,4,2306.4,2349.5,S2,qlearning,0,706,0.1,3.0,1.1,7.0,14.0,0.7,hinge
0.13939838591342626,7482.991999871495,2,2199.2735998971953,2259.0919998714944,S2,qlearning,0,707,0.1,3.0,1.1,7.0,14.0,0.7,hinge
0.10102489019033675,9615.279313632916,5,2579.9771232175312,2595.6999999433824,S2,qlearning,0,708,0.1,3.0,1.1,7.0,14.0,0.7,hinge
0.11002031144211238,8261.44999979478,3,2176.9,2191.0,S2,qlearning,0,709,0.1,3.0,1.1,7.0,14.0,0.7,hinge
0.10239445494643983,8886.749999848776,2,2432.9999998790217,2503.7499998487774,S2,qlearning,0,710,0.1,3.0,1.1,7.0,14.0,0.7,hinge
0.12619978670458584,7755.2,0,2095.9,2195.0,S2,qlearning,0,711,0.1,3.0,1.1,7.0,14.0,0.7,hinge
0.10957935666313184,7923.4514924114,2,2153.59029848228,2207.5,S2,qlearning,0,712,0.1,3.0,1.1,7.0,14.0,0.7,hinge
0.11717383700594614,7944.549999910465,1,2224.239999928372,2327.549999910465,S2,qlearning,0,713,0.1,3.0,1.1,7.0,14.0,0.7,hinge
0.11963406052076003,7855.8,0,2559.2,2676.0,S2,qlearning,0,714,0.1,3.0,1.1,7.0,14.0,0.7,hinge
0.13079222720478326,7390.499999880937,2,2468.07999990475,2586.0999998809375,S2,qlearning,0,715,0.1,3.0,1.1,7.0,14.0,0.7,hinge
0.08852459016393442,8646.54999995305,1,2538.039999962439,2586.549999953049,S2,qlearning,0,716,0.1,3.0,1.1,7.0,14.0,0.7,hinge
0.12213453588876362,7354.999999816667,2,2455.119999963333,2485.0,S2,qlearning,0,717,0.1,3.0,1.1,7.0,14.0,0.7,hinge
0.10031347962382445,8980.699999540897,4,2410.5399999384,2478.049999923,S2,qlearning,0,718,0.1,3.0,1.1,7.0,14.0,0.7,hinge
0.08982035928143713,9467.386110890451,2,2764.5,2945.5,S2,qlearning,0,719,0.1,3.0,1.1,7.0,14.0,0.7,hinge
0.13684640522875818,6705.0,0,1705.2,1710.5,S2,qlearning,0,720,0.1,3.0,1.1,7.0,14.0,0.7,hinge
0.1195609564876519,7096.911727862337,6,2225.149382467704,2341.6117281587276,S2,qlearning,0,721,0.1,3.0,1.1,7.0,14.0,0.7,hinge
0.12357723577235773,8511.74999963708,5,2202.3699999148266,2243.549999946528,S2,qlearning,0,722,0.1,3.0,1.1,7.0,14.0,0.7,hinge
0.07201001878522229,9196.0,0,2421.5,2453.5,S2,qlearning,0,723,0.1,3.0,1.1,7.0,14.0,0.7,hinge
0.12002743484224966,8083.231578756003,2,2467.645263116802,2605.181578896003,S2,qlearning,0,724,0.1,3.0,1.1,7.0,14.0,0.7,hinge
0.09371554575523705,10256.45238076112,4,2935.421904634887,3054.902380793609,S2,qlearning,0,725,0.1,3.0,1.1,7.0,14.0,0.7,hinge
0.0859325270528326,8912.868334355258,2,2406.294667484207,2476.368334355259,S2,qlearning,0,726,0.1,3.0,1.1,7.0,14.0,0.7,hinge
0.11064785118665811,8667.0,0,2409.3,2455.0,S2,qlearning,0,727,0.1,3.0,1.1,7.0,14.0,0.7,hinge
0.1062753036437247,8297.749999856149,2,2498.0,2559.5,S2,qlearning,0,728,0.1,3.0,1.1,7.0,14.0,0.7,hinge
0.08733624454148471,9097.449999751881,3,2485.489999950376,2559.5,S2,qlearning,0,729,0.1,3.0,1.1,7.0,14.0,0.7,hinge
0.11007911936704506,8091.447457412609,2,2383.7399999239506,2480.0499999049384,S2,qlearning,0,730,0.1,3.0,1.1,7.0,14.0,0.7,hinge
0.107421875,8575.5,0,2363.0,2434.5,S2,qlearning,0,731,0.1,3.0,1.1,7.0,14.0,0.7,hinge
0.1067378252168112,8461.58693917411,6,2488.699999908286,2556.7499998853577,S2,qlearning,0,732,0.1,3.0,1.1,7.0,14.0,0.7,hinge
0.11352253756260434,8322.829999868603,2,2232.463999894883,2315.3299998686034,S2,qlearning,0,733,0.1,3.0,1.1,7.0,14.0,0.7,hinge
0.12077294685990338,8044.137036579354,5,2713.247407302869,2884.0999998855004,S2,qlearning,0,734,0.1,3.0,1.1,7.0,14.0,0.7,hinge
0.08783559827643354,8540.099999875963,2,2362.4199999751927,2397.5,S2,qlearning,0,735,0.1,3.0,1.1,7.0,14.0,0.7,hinge
0.07475083056478406,10310.549999955232,1,3113.039999964186,3210.5499999552326,S2,qlearning,0,736,0.1,3.0,1.1,7.0,14.0,0.7,hinge
0.09597806215722121,9283.081521459595,4,2465.825217167677,2466.7815214595958,S2,qlearning,0,737,0.1,3.0,1.1,7.0,14.0,0.7,hinge
0.1057925771765522,8069.947457449775,2,2525.1,2611.0,S2,qlearning,0,738,0.1,3.0,1.1,7.0,14.0,0.7,hinge
0.1025418833044483,9691.756249875985,2,2679.1,2752.0,S2,qlearning,0,739,0.1,3.0,1.1,7.0,14.0,0.7,hinge
0.1303709144326111,7485.0,0,1955.3999999999999,2010.0,S2,qlearning,0,740,0.1,3.0,1.1,7.0,14.0,0.7,hinge
0.14338235294117646,7414.449999828889,1,1993.5,2006.0,S2,qlearning,0,741,0.1,3.0,1.1,7.0,14.0,0.7,hinge
0.11749761829152111,8721.804913190765,2,2421.3839306022896,2466.604913252862,S2,qlearning,0,742,0.1,3.0,1.1,7.0,14.0,0.7,hinge
0.08749282845668388,9845.909416972085,2,2904.3275335776675,2984.4094169720843,S2,qlearning,0,743,0.1,3.0,1.1,7.0,14.0,0.7,hinge
0.10267275097783572,8641.446798990926,3,2941.877439217134,3150.8801323649154,S2,qlearning,0,744,0.1,3.0,1.1,7.0,14.0,0.7,hinge
0.09986902423051736,8570.04999994762,1,2651.339999958095,2750.549999947619,S2,qlearning,0,745,0.1,3.0,1.1,7.0,14.0,0.7,hinge
0.10204081632653061,9495.862820288037,4,2662.4325639913845,2687.5999998896286,S2,qlearning,0,746,0.1,3.0,1.1,7.0,14.0,0.7,hinge
0.08633980881899475,9197.119108136141,2,2514.3952865089136,2525.119108136142,S2,qlearning,0,747,0.1,3.0,1.1,7.0,14.0,0.7,hinge
0.09794628751974724,8885.5,0,2748.2999999999997,2853.0,S2,qlearning,0,748,0.1,3.0,1.1,7.0,14.0,0.7,hinge
0.11423278789749923,9007.183333175222,3,2747.3666665401774,2934.583333175222,S2,qlearning,0,749,0.1,3.0,1.1,7.0,14.0,0.7,hinge
0.10759493670886076,8812.472282504448,2,2417.2999999999997,2530.0,S2,qlearning,0,750,0.1,3.0,1.1,7.0,14.0,0.7,hinge
0.11312217194570136,8084.184569092713,7,2157.6709521789303,2190.799999786171,S2,qlearning,0,751,0.1,3.0,1.1,7.0,14.0,0.7,hinge
0.09183980728696176,9431.800735114515,3,2570.6799998966167,2633.5999998707707,S2,qlearning,0,752,0.1,3.0,1.1,7.0,14.0,0.7,hinge
0.10820413436692507,8639.499999889349,2,2684.749999956774,2805.54999996484,S2,qlearning,0,753,0.1,3.0,1.1,7.0,14.0,0.7,hinge
0.08127328140873688,8388.907773947896,3,2354.1262191583164,2400.4077739478953,S2,qlearning,0,754,0.1,3.0,1.1,7.0,14.0,0.7,hinge
0.12739907346128393,8300.5,0,2211.2,2237.0,S2,qlearning,0,755,0.1,3.0,1.1,7.0,14.0,0.7,hinge
0.12476007677543186,8602.549999920619,1,2540.4099999841237,2541.5,S2,qlearning,0,756,0.1,3.0,1.1,7.0,14.0,0.7,hinge
0.09117082533589252,8865.387036729193,4,2644.8674073575053,2761.5,S2,qlearning,0,757,0.1,3.0,1.1,7.0,14.0,0.7,hinge
0.13545546901456146,8089.2999997950365,3,2410.3999999044736,2448.249999880592,S2,qlearning,0,758,0.1,3.0,1.1,7.0,14.0,0.7,hinge
0.08758451137062077,9191.749999836771,2,2634.5399999818824,2688.5,S2,qlearning,0,759,0.1,3.0,1.1,7.0,14.0,0.7,hinge
0.10731878958479944,7927.9437007315455,1,2193.6549605852365,2250.4437007315455,S2,qlearning,0,760,0.1,3.0,1.1,7.0,14.0,0.7,hinge
0.09050445103857567,9521.773728702336,2,2538.3189829618686,2612.773728702336,S2,qlearning,0,761,0.1,3.0,1.1,7.0,14.0,0.7,hinge
0.07780247697681804,9029.749999789166,2,2652.3,2688.5,S2,qlearning,0,762,0.1,3.0,1.1,7.0,14.0,0.7,hinge
0.10969220694171579,8545.862820337197,3,2700.7702562697577,2829.462820337197,S2,qlearning,0,763,0.1,3.0,1.1,7.0,14.0,0.7,hinge
0.11180124223602485,8979.341999814676,3,2498.2683999629353,2529.5,S2,qlearning,0,764,0.1,3.0,1.1,7.0,14.0,0.7,hinge
0.13535684987694832,6676.0499999384,1,1770.8,1795.5,S2,qlearning,0,765,0.1,3.0,1.1,7.0,14.0,0.7,hinge
0.1268939393939394,7304.099999607459,2,1985.8,2053.0,S2,qlearning,0,766,0.1,3.0,1.1,7.0,14.0,0.7,hinge
0.07079924480805538,9106.549999842857,1,2467.8,2502.0,S2,qlearning,0,767,0.1,3.0,1.1,7.0,14.0,0.7,hinge
0.08214177061149985,9355.899999891013,2,2795.249999950371,2901.0499999536146,S2,qlearning,0,768,0.1,3.0,1.1,7.0,14.0,0.7,hinge
0.0893355667225014,10128.099999874115,2,2575.5799998992925,2599.599999874116,S2,qlearning,0,769,0.1,3.0,1.1,7.0,14.0,0.7,hinge
0.08715300193673338,8802.16874977313,3,2716.564999936889,2799.068749954883,S2,qlearning,0,770,0.1,3.0,1.1,7.0,14.0,0.7,hinge
0.0928462709284627,9268.549999949342,1,2440.1399999594737,2465.0499999493422,S2,qlearning,0,771,0.1,3.0,1.1,7.0,14.0,0.7,hinge
0.10569382884418684,8225.577875619321,2,2289.7055752094197,2343.0,S2,qlearning,0,772,0.1,3.0,1.1,7.0,14.0,0.7,hinge
0.12705049855258926,8566.599999613354,2,2466.0,2530.0,S2,qlearning,0,773,0.1,3.0,1.1,7.0,14.0,0.7,hinge
0.1343170639424896,7320.044683665588,7,2043.805746972997,2086.494683733132,S2,qlearning,0,774,0.1,3.0,1.1,7.0,14.0,0.7,hinge
0.11762908646501681,9057.4,0,2556.4,2628.0,S2,qlearning,0,775,0.1,3.0,1.1,7.0,14.0,0.7,hinge
0.12313562261533126,7990.2489579896555,3,2081.639791628127,2086.5,S2,qlearning,0,776,0.1,3.0,1.1,7.0,14.0,0.7,hinge
0.0954653937947494,9447.595731515674,3,2374.2499999702027,2375.5,S2,qlearning,0,777,0.1,3.0,1.1,7.0,14.0,0.7,hinge
0.10687273923051628,8549.516666508856,3,2421.8,2462.0,S2,qlearning,0,778,0.1,3.0,1.1,7.0,14.0,0.7,hinge
0.11134517002708395,9233.64705867764,2,2458.75941169915,2526.04999993937,S2,qlearning,0,779,0.1,3.0,1.1,7.0,14.0,0.7,hinge
0.1445877295818679,6987.564197779856,6,2150.7528392945524,2178.099999564302,S2,qlearning,0,780,0.1,3.0,1.1,7.0,14.0,0.7,hinge
0.08960573476702509,8714.44515481424,4,2452.826123892278,2493.3951548823825,S2,qlearning,0,781,0.1,3.0,1.1,7.0,14.0,0.7,hinge
0.09806973848069739,9033.9,0,2344.02,2426.9,S2,qlearning,0,782,0.1,3.0,1.1,7.0,14.0,0.7,hinge
0.09983127109111362,10024.874877290324,4,2845.299901832258,2932.3748772903227,S2,qlearning,0,783,0.1,3.0,1.1,7.0,14.0,0.7,hinge
0.09214629997164729,9980.408796091593,3,2637.681759218319,2652.5,S2,qlearning,0,784,0.1,3.0,1.1,7.0,14.0,0.7,hinge
0.09071004066312167,9059.5,0,2905.2,3078.0,S2,qlearning,0,785,0.1,3.0,1.1,7.0,14.0,0.7,hinge
0.10756089844985764,8800.0,0,2372.0,2393.5,S2,qlearning,0,786,0.1,3.0,1.1,7.0,14.0,0.7,hinge
0.1042669233237087,8756.6499998142,3,2395.159999935009,2441.0499999536146,S2,qlearning,0,787,0.1,3.0,1.1,7.0,14.0,0.7,hinge
0.10145959416162335,7919.677866983565,4,2510.3255749367113,2742.0,S2,qlearning,0,788,0.1,3.0,1.1,7.0,14.0,0.7,hinge
0.1283806915439918,8016.049999572222,1,2611.3999999999996,2803.0,S2,qlearning,0,789,0.1,3.0,1.1,7.0,14.0,0.7,hinge
0.07598784194528875,10366.049999953892,1,2805.439999963114,2834.5499999538924,S2,qlearning,0,790,0.1,3.0,1.1,7.0,14.0,0.7,hinge
0.09727626459143969,9409.2916912774,3,2661.033353021919,2726.791691277399,S2,qlearning,0,791,0.1,3.0,1.1,7.0,14.0,0.7,hinge
0.09738186462324393,8812.5,0,2512.4,2535.5,S2,qlearning,0,792,0.1,3.0,1.1,7.0,14.0,0.7,hinge
0.11572606214331008,8753.5,0,2243.6,2283.5,S2,qlearning,0,793,0.1,3.0,1.1,7.0,14.0,0.7,hinge
0.13005780346820808,7611.649999958378,1,2163.6899999916754,2266.1,S2,qlearning,0,794,0.1,3.0,1.1,7.0,14.0,0.7,hinge
0.09271523178807947,10617.5,0,2873.9,2950.5,S2,qlearning,0,795,0.1,3.0,1.1,7.0,14.0,0.7,hinge
0.11948529411764706,9043.901546250418,2,2225.7399999178665,2261.5499998973332,S2,qlearning,0,796,0.1,3.0,1.1,7.0,14.0,0.7,hinge
0.11664564943253468,8772.0,0,2415.9,2496.0,S2,qlearning,0,797,0.1,3.0,1.1,7.0,14.0,0.7,hinge
0.10194015126603091,8560.449999956742,1,2421.8099999913484,2508.5,S2,qlearning,0,798,0.1,3.0,1.1,7.0,14.0,0.7,hinge
0.12151652624756967,8560.483439208927,4,2278.0467514271413,2311.383439308927,S2,qlearning,0,799,0.1,3.0,1.1,7.0,14.0,0.7,hinge
0.12584190003544843,7765.049999931858,1,2088.609999986372,2146.0,S2,qlearning,0,800,0.1,3.0,1.1,7.0,14.0,0.7,hinge
0.12791450777202074,8537.049999928038,1,2240.3099999856076,2270.5,S2,qlearning,0,801,0.1,3.0,1.1,7.0,14.0,0.7,hinge
0.12723066754791804,8338.099999890503,2,2304.179999912402,2308.599999890502,S2,qlearning,0,802,0.1,3.0,1.1,7.0,14.0,0.7,hinge
0.12736660929432014,8039.866692491699,5,2260.6933400603384,2302.5,S2,qlearning,0,803,0.1,3.0,1.1,7.0,14.0,0.7,hinge
0.09479434447300772,8766.0,0,2569.6,2679.5,S2,qlearning,0,804,0.1,3.0,1.1,7.0,14.0,0.7,hinge
0.0912465202598206,9118.0,0,2435.1,2456.5,S2,qlearning,0,805,0.1,3.0,1.1,7.0,14.0,0.7,hinge
0.11483550589695841,8956.249999859114,2,2671.599999887291,2792.7499998591134,S2,qlearning,0,806,0.1,3.0,1.1,7.0,14.0,0.7,hinge
0.10371361659417866,8415.9,0,2554.3,2592.5,S2,qlearning,0,807,0.1,3.0,1.1,7.0,14.0,0.7,hinge
0.11387473778843273,9265.549999935833,1,2548.1399999486666,2584.5499999358335,S2,qlearning,0,808,0.1,3.0,1.1,7.0,14.0,0.7,hinge
0.09640957446808511,8536.722222080149,3,2496.747777696427,2552.672222133995,S2,qlearning,0,809,0.1,3.0,1.1,7.0,14.0,0.7,hinge
0.10678992668154287,8742.59999985077,2,2261.1,2288.5,S2,qlearning,0,810,0.1,3.0,1.1,7.0,14.0,0.7,hinge
0.09775641025641026,8806.59999985999,2,2481.9799998879907,2560.5999998599887,S2,qlearning,0,811,0.1,3.0,1.1,7.0,14.0,0.7,hinge
0.1271186440677966,7780.5,0,2111.6,2116.5,S2,qlearning,0,812,0.1,3.0,1.1,7.0,14.0,0.7,hinge
0.0920863309352518,9796.751910326862,3,2607.6815282614907,2613.351910326863,S2,qlearning,0,813,0.1,3.0,1.1,7.0,14.0,0.7,hinge
0.11921216309606082,8035.5833332894945,1,2006.6,2025.0,S2,qlearning,0,814,0.1,3.0,1.1,7.0,14.0,0.7,hinge
0.11147011308562198,8678.407470976317,4,2561.0,2649.5,S2,qlearning,0,815,0.1,3.0,1.1,7.0,14.0,0.7,hinge
0.09361571516267649,9169.262903133553,2,2496.0,2524.5,S2,qlearning,0,816,0.1,3.0,1.1,7.0,14.0,0.7,hinge
0.1015531660692951,9387.238059597723,2,2631.2476119195444,2667.0,S2,qlearning,0,817,0.1,3.0,1.1,7.0,14.0,0.7,hinge
0.0891845979614949,9949.5,0,2861.9,2877.0,S2,qlearning,0,818,0.1,3.0,1.1,7.0,14.0,0.7,hinge
0.0859912445278299,9060.549999953615,1,2916.8399999628914,3069.0499999536146,S2,qlearning,0,819,0.1,3.0,1.1,7.0,14.0,0.7,hinge
0.09310445155659004,9681.049999959043,1,2729.9,2846.5,S2,qlearning,0,820,0.1,3.0,1.1,7.0,14.0,0.7,hinge
0.09210526315789473,9621.549999954437,1,2583.5399999635506,2635.049999954438,S2,qlearning,0,821,0.1,3.0,1.1,7.0,14.0,0.7,hinge
0.10803802938634399,9665.349999872727,1,3129.3999999999996,3364.0,S2,qlearning,0,822,0.1,3.0,1.1,7.0,14.0,0.7,hinge
0.10553633217993079,8059.0,0,2669.3999999999996,2879.5,S2,qlearning,0,823,0.1,3.0,1.1,7.0,14.0,0.7,hinge
0.11125443405353112,8624.049999955747,1,2467.1399999645973,2496.049999955747,S2,qlearning,0,824,0.1,3.0,1.1,7.0,14.0,0.7,hinge
0.10179994098554146,9503.5,0,2683.4,2723.0,S2,qlearning,0,825,0.1,3.0,1.1,7.0,14.0,0.7,hinge
0.11381599747075562,8779.04999993937,1,2517.5,2569.0,S2,qlearning,0,826,0.1,3.0,1.1,7.0,14.0,0.7,hinge
0.09688784497944804,9637.599999795028,2,2796.1,2822.0,S2,qlearning,0,827,0.1,3.0,1.1,7.0,14.0,0.7,hinge
0.12098167991704113,7982.5,0,2243.7999999999997,2351.0,S2,qlearning,0,828,0.1,3.0,1.1,7.0,14.0,0.7,hinge
0.12125534950071326,7737.2499998497915,2,2337.5,2489.0,S2,qlearning,0,829,0.1,3.0,1.1,7.0,14.0,0.7,hinge
0.09395552771688068,8989.949999908333,1,2785.1,2871.5,S2,qlearning,0,830,0.1,3.0,1.1,7.0,14.0,0.7,hinge
0.1099092812281926,8003.149999564546,3,2292.3199996516373,2295.6499995645468,S2,qlearning,0,831,0.1,3.0,1.1,7.0,14.0,0.7,hinge
0.09671476819158735,9149.049999937903,1,2357.4,2385.0,S2,qlearning,0,832,0.1,3.0,1.1,7.0,14.0,0.7,hinge
0.11716171617161716,8395.0,0,2348.2,2385.0,S2,qlearning,0,833,0.1,3.0,1.1,7.0,14.0,0.7,hinge
0.12153950033760973,8218.754650958093,3,2294.1109301916185,2345.5,S2,qlearning,0,834,0.1,3.0,1.1,7.0,14.0,0.7,hinge
0.08801213960546282,9346.299999816118,3,2521.239999852894,2576.7999998161176,S2,qlearning,0,835,0.1,3.0,1.1,7.0,14.0,0.7,hinge
0.12578616352201258,8306.549999854717,1,2673.1,2744.5,S2,qlearning,0,836,0.1,3.0,1.1,7.0,14.0,0.7,hinge
0.1046475838719606,9114.336991673727,3,2742.397398290322,2847.5499999259614,S2,qlearning,0,837,0.1,3.0,1.1,7.0,14.0,0.7,hinge
0.09950248756218906,9598.049999930001,1,2600.609999986,2655.5,S2,qlearning,0,838,0.1,3.0,1.1,7.0,14.0,0.7,hinge
0.10097719869706841,8625.599999831073,2,2267.6799998648576,2288.099999831072,S2,qlearning,0,839,0.1,3.0,1.1,7.0,14.0,0.7,hinge
0.11357263039820527,9902.5,0,2973.7999999999997,3091.5,S2,qlearning,0,840,0.1,3.0,1.1,7.0,14.0,0.7,hinge
0.08681497558328811,10429.699999958824,1,2925.2999999999997,3044.5,S2,qlearning,0,841,0.1,3.0,1.1,7.0,14.0,0.7,hinge
0.09044317154054869,9366.2,0,2587.7,2593.5,S2,qlearning,0,842,0.1,3.0,1.1,7.0,14.0,0.7,hinge
0.0850292723724561,10207.753092490302,4,2835.022474196688,2892.6530927458602,S2,qlearning,0,843,0.1,3.0,1.1,7.0,14.0,0.7,hinge
0.12978142076502733,8063.099999805667,2,2082.3199999611334,2085.0,S2,qlearning,0,844,0.1,3.0,1.1,7.0,14.0,0.7,hinge
0.10393046107331821,7435.4,0,2386.4,2413.5,S2,qlearning,0,845,0.1,3.0,1.1,7.0,14.0,0.7,hinge
0.11311417462000707,7880.968852280763,2,2245.9350819208603,2279.418852401075,S2,qlearning,0,846,0.1,3.0,1.1,7.0,14.0,0.7,hinge
0.10909701242027527,8272.4,0,2386.2999999999997,2463.0,S2,qlearning,0,847,0.1,3.0,1.1,7.0,14.0,0.7,hinge
0.10264900662251655,8458.549999916304,1,2317.9,2431.0,S2,qlearning,0,848,0.1,3.0,1.1,7.0,14.0,0.7,hinge
0.09740259740259741,8214.374999922444,1,2136.9999999379547,2193.3749999224433,S2,qlearning,0,849,0.1,3.0,1.1,7.0,14.0,0.7,hinge
0.09766892888757746,9584.81666631304,6,2988.299999912163,3005.749999890204,S2,qlearning,0,850,0.1,3.0,1.1,7.0,14.0,0.7,hinge
0.07521998296906046,10070.229296167836,4,2839.441538368562,2904.1769229607025,S2,qlearning,0,851,0.1,3.0,1.1,7.0,14.0,0.7,hinge
0.11214114832535885,9335.64999981869,3,2578.6,2662.5,S2,qlearning,0,852,0.1,3.0,1.1,7.0,14.0,0.7,hinge
0.09385113268608414,8751.418583947574,2,2164.8,2195.5,S2,qlearning,0,853,0.1,3.0,1.1,7.0,14.0,0.7,hinge
0.08939038686987104,9684.550194320878,4,3055.9001555377545,3221.000194422193,S2,qlearning,0,854,0.1,3.0,1.1,7.0,14.0,0.7,hinge
0.09480034472852629,9859.42228867999,7,2562.579999899427,2584.0999998742836,S2,qlearning,0,855,0.1,3.0,1.1,7.0,14.0,0.7,hinge
0.0976685570258349,8953.54999995,1,2447.2099999899997,2524.5,S2,qlearning,0,856,0.1,3.0,1.1,7.0,14.0,0.7,hinge
0.10603882099209203,7770.5,0,2342.2,2349.5,S2,qlearning,0,857,0.1,3.0,1.1,7.0,14.0,0.7,hinge
0.13382402141184344,8192.799999810579,3,2400.4399998484632,2552.7999998105793,S2,qlearning,0,858,0.1,3.0,1.1,7.0,14.0,0.7,hinge
0.09125840537944284,8858.053100439329,3,2467.790620144026,2593.0,S2,qlearning,0,859,0.1,3.0,1.1,7.0,14.0,0.7,hinge
0.09109311740890688,8395.549999937399,1,2457.8999999999996,2602.5,S2,qlearning,0,860,0.1,3.0,1.1,7.0,14.0,0.7,hinge
0.06522383634746516,9714.729729320117,5,2599.6799998937777,2691.5999998672223,S2,qlearning,0,861,0.1,3.0,1.1,7.0,14.0,0.7,hinge
0.1292466765140325,7451.661110898548,3,2027.0322221797096,2027.5,S2,qlearning,0,862,0.1,3.0,1.1,7.0,14.0,0.7,hinge
0.10062685582316068,8487.5,0,2435.5,2543.0,S2,qlearning,0,863,0.1,3.0,1.1,7.0,14.0,0.7,hinge
0.09539473684210527,8613.737287062157,6,2403.393568445785,2441.743518388923,S2,qlearning,0,864,0.1,3.0,1.1,7.0,14.0,0.7,hinge
0.12244078683259735,6877.267241344743,1,2049.3137930757944,2083.1672413447427,S2,qlearning,0,865,0.1,3.0,1.1,7.0,14.0,0.7,hinge
0.07653061224489796,8988.283823279095,4,2562.0467646755624,2587.0,S2,qlearning,0,866,0.1,3.0,1.1,7.0,14.0,0.7,hinge
0.08417011222681631,9618.0,0,2796.9,2807.0,S2,qlearning,0,867,0.1,3.0,1.1,7.0,14.0,0.7,hinge
0.09363900548918308,8725.0,0,2542.7,2551.0,S2,qlearning,0,868,0.1,3.0,1.1,7.0,14.0,0.7,hinge
0.1037344398340249,8760.581249906834,2,2814.8149999558627,2946.831249957493,S2,qlearning,0,869,0.1,3.0,1.1,7.0,14.0,0.7,hinge
0.12092873266688164,8600.899999897589,2,2262.0,2290.5,S2,qlearning,0,870,0.1,3.0,1.1,7.0,14.0,0.7,hinge
0.1363479461511909,7950.326922688325,5,2279.685384547215,2320.5499999613066,S2,qlearning,0,871,0.1,3.0,1.1,7.0,14.0,0.7,hinge
0.09895391574780887,9927.0,0,2762.9,2797.5,S2,qlearning,0,872,0.1,3.0,1.1,7.0,14.0,0.7,hinge
0.0881316098707403,9658.54999989155,1,3028.0,3216.0,S2,qlearning,0,873,0.1,3.0,1.1,7.0,14.0,0.7,hinge
0.10573534123678308,8706.3,0,2806.5,3032.5,S2,qlearning,0,874,0.1,3.0,1.1,7.0,14.0,0.7,hinge
0.09639696586599242,8929.442574968496,5,2427.1791400304023,2500.5,S2,qlearning,0,875,0.1,3.0,1.1,7.0,14.0,0.7,hinge
0.09593023255813954,9683.099999781021,2,2746.3,2779.0,S2,qlearning,0,876,0.1,3.0,1.1,7.0,14.0,0.7,hinge
0.12023735165521549,8889.519594309015,4,2512.7899998346065,2638.099999803953,S2,qlearning,0,877,0.1,3.0,1.1,7.0,14.0,0.7,hinge
0.10619204307508226,9328.5,0,2575.8,2628.0,S2,qlearning,0,878,0.1,3.0,1.1,7.0,14.0,0.7,hinge
0.12503859215807347,8948.599999781281,2,2359.5,2390.5,S2,qlearning,0,879,0.1,3.0,1.1,7.0,14.0,0.7,hinge
0.1012337867763366,8881.527501285475,4,2583.935500224787,2692.549999946154,S2,qlearning,0,880,0.1,3.0,1.1,7.0,14.0,0.7,hinge
0.09907755380936112,8234.349999955492,1,2127.2099999910984,2128.0,S2,qlearning,0,881,0.1,3.0,1.1,7.0,14.0,0.7,hinge
0.09245451834178348,9458.962658182198,1,2586.6501265457587,2623.0626581821984,S2,qlearning,0,882,0.1,3.0,1.1,7.0,14.0,0.7,hinge
0.11578604044357468,8524.599999875,2,2300.409999986,2353.5,S2,qlearning,0,883,0.1,3.0,1.1,7.0,14.0,0.7,hinge
0.10939323220536756,9595.449999849146,3,3027.759999879318,3090.4499998491474,S2,qlearning,0,884,0.1,3.0,1.1,7.0,14.0,0.7,hinge
0.13857251328777526,7166.0,0,1936.7,1954.5,S2,qlearning,0,885,0.1,3.0,1.1,7.0,14.0,0.7,hinge
0.1008130081300813,8637.099999862743,2,2283.1,2286.5,S2,qlearning,0,886,0.1,3.0,1.1,7.0,14.0,0.7,hinge
0.09991787571858746,10300.815870918506,6,2943.0076968250287,2956.0908710409803,S2,qlearning,0,887,0.1,3.0,1.1,7.0,14.0,0.7,hinge
0.1371571072319202,7703.76282034052,2,2009.0102562724164,2045.2628203405206,S2,qlearning,0,888,0.1,3.0,1.1,7.0,14.0,0.7,hinge
0.09606299212598425,8976.318481407503,8,2328.7012137862976,2332.7291958413284,S2,qlearning,0,889,0.1,3.0,1.1,7.0,14.0,0.7,hinge
0.10335108048856874,8937.0,0,2328.6,2334.5,S2,qlearning,0,890,0.1,3.0,1.1,7.0,14.0,0.7,hinge
0.08764940239043825,10627.0,0,2731.8,2759.5,S2,qlearning,0,891,0.1,3.0,1.1,7.0,14.0,0.7,hinge
0.09124087591240876,7786.956185413017,2,2059.7649483304135,2068.956185413017,S2,qlearning,0,892,0.1,3.0,1.1,7.0,14.0,0.7,hinge
0.10194329404268876,8795.837623647854,2,2587.139999963333,2745.0499999541667,S2,qlearning,0,893,0.1,3.0,1.1,7.0,14.0,0.7,hinge
0.10634588563458856,8018.0,0,2285.2999999999997,2341.5,S2,qlearning,0,894,0.1,3.0,1.1,7.0,14.0,0.7,hinge
0.11843079200592153,7531.36041920828,3,1907.5039079237572,1918.1298849046964,S2,qlearning,0,895,0.1,3.0,1.1,7.0,14.0,0.7,hinge
0.09560800717060054,9407.0,0,2627.7999999999997,2718.5,S2,qlearning,0,896,0.1,3.0,1.1,7.0,14.0,0.7,hinge
0.12855673637298595,8070.14752139892,4,2202.4587434333275,2262.0,S2,qlearning,0,897,0.1,3.0,1.1,7.0,14.0,0.7,hinge
0.10583707504810776,8705.799218582193,2,2511.299374953755,2570.2492186921936,S2,qlearning,0,898,0.1,3.0,1.1,7.0,14.0,0.7,hinge
0.11973875181422351,7643.240186797288,2,2026.7399999599997,2075.04999995,S2,qlearning,0,899,0.1,3.0,1.1,7.0,14.0,0.7,hinge
0.11188150015757958,8868.0,0,2155.1,2173.0,S2,qlearning,0,900,0.1,3.0,1.1,7.0,14.0,0.7,hinge
0.10403726708074534,9026.099999895076,2,2313.1499999521548,2314.5499999552326,S2,qlearning,0,901,0.1,3.0,1.1,7.0,14.0,0.7,hinge
0.10224606101240362,8364.049999947973,1,2261.3399999583785,2324.549999947973,S2,qlearning,0,902,0.1,3.0,1.1,7.0,14.0,0.7,hinge
0.12485811577752554,7329.01527767826,1,2160.8122221426083,2186.51527767826,S2,qlearning,0,903,0.1,3.0,1.1,7.0,14.0,0.7,hinge
0.09323006310958118,9814.5,0,3233.7999999999997,3336.5,S2,qlearning,0,904,0.1,3.0,1.1,7.0,14.0,0.7,hinge
0.09569377990430622,10598.0,0,2862.3,2870.5,S2,qlearning,0,905,0.1,3.0,1.1,7.0,14.0,0.7,hinge
0.12199089134677944,8500.0,0,2228.4,2319.0,S2,qlearning,0,906,0.1,3.0,1.1,7.0,14.0,0.7,hinge
0.10669730794484569,8547.91959430099,4,2340.663918893692,2400.5,S2,qlearning,0,907,0.1,3.0,1.1,7.0,14.0,0.7,hinge
0.07995262066923305,9625.0,0,2733.2999999999997,2796.0,S2,qlearning,0,908,0.1,3.0,1.1,7.0,14.0,0.7,hinge
0.08673305493093479,8812.4,0,2287.2,2355.5,S2,qlearning,0,909,0.1,3.0,1.1,7.0,14.0,0.7,hinge
0.10217113665389528,8775.087680960938,3,2471.5936231470027,2542.9920289337533,S2,qlearning,0,910,0.1,3.0,1.1,7.0,14.0,0.7,hinge
0.14185703758290347,7393.1,0,1829.1,1831.5,S2,qlearning,0,911,0.1,3.0,1.1,7.0,14.0,0.7,hinge
0.12270998963014172,7977.3,0,2235.7799999999997,2323.0,S2,qlearning,0,912,0.1,3.0,1.1,7.0,14.0,0.7,hinge
0.08771929824561403,8738.06369993195,4,2636.3375865697544,2727.891410943435,S2,qlearning,0,913,0.1,3.0,1.1,7.0,14.0,0.7,hinge
0.09627329192546584,9111.173584380673,6,2293.1499999792672,2310.0,S2,qlearning,0,914,0.1,3.0,1.1,7.0,14.0,0.7,hinge
0.08216676810712112,9347.0,0,2950.2999999999997,3134.0,S2,qlearning,0,915,0.1,3.0,1.1,7.0,14.0,0.7,hinge
0.0910252315554136,8890.528488263088,2,2396.6,2446.0,S2,qlearning,0,916,0.1,3.0,1.1,7.0,14.0,0.7,hinge
0.11224184375935349,9347.820574770807,3,2820.020904494769,2934.7761306184616,S2,qlearning,0,917,0.1,3.0,1.1,7.0,14.0,0.7,hinge
0.11957321559970567,7558.945287578909,5,2143.7390574801557,2217.5499998986843,S2,qlearning,0,918,0.1,3.0,1.1,7.0,14.0,0.7,hinge
0.09240542881894312,9781.399999860127,2,2774.6,2878.0,S2,qlearning,0,919,0.1,3.0,1.1,7.0,14.0,0.7,hinge
0.12116564417177914,9008.59999987692,2,2635.979999901536,2722.09999987692,S2,qlearning,0,920,0.1,3.0,1.1,7.0,14.0,0.7,hinge
0.10015408320493066,9131.099999814904,2,2836.739999970385,2944.549999962981,S2,qlearning,0,921,0.1,3.0,1.1,7.0,14.0,0.7,hinge
0.11169284467713787,7991.049999891549,1,2127.2,2179.0,S2,qlearning,0,922,0.1,3.0,1.1,7.0,14.0,0.7,hinge
0.0994671403197158,7947.0999998845,2,2189.639999958933,2305.5499999486665,S2,qlearning,0,923,0.1,3.0,1.1,7.0,14.0,0.7,hinge
0.12191157347204161,8474.8,0,2356.2,2441.0,S2,qlearning,0,924,0.1,3.0,1.1,7.0,14.0,0.7,hinge
0.11532125205930807,8477.800087049603,4,2624.3100696702786,2755.750087100597,S2,qlearning,0,925,0.1,3.0,1.1,7.0,14.0,0.7,hinge
0.11900595029751487,7890.5499999547055,1,2489.539999963765,2552.549999954706,S2,qlearning,0,926,0.1,3.0,1.1,7.0,14.0,0.7,hinge
0.12545394519643446,8364.415384576563,1,2558.8999999999996,2709.5,S2,qlearning,0,927,0.1,3.0,1.1,7.0,14.0,0.7,hinge
0.08231068542352589,9506.04999995497,1,2901.9399999639763,3032.0499999549706,S2,qlearning,0,928,0.1,3.0,1.1,7.0,14.0,0.7,hinge
0.09105516871987145,10527.24999988314,2,2687.8999999065136,2688.7499998831418,S2,qlearning,0,929,0.1,3.0,1.1,7.0,14.0,0.7,hinge
0.09831071725283855,10149.0,0,3268.7999999999997,3456.5,S2,qlearning,0,930,0.1,3.0,1.1,7.0,14.0,0.7,hinge
0.0939963614311704,9320.699999948667,1,2566.539999989733,2620.5,S2,qlearning,0,931,0.1,3.0,1.1,7.0,14.0,0.7,hinge
0.10894495412844037,9787.483664334934,3,2396.6489653901413,2479.436206737677,S2,qlearning,0,932,0.1,3.0,1.1,7.0,14.0,0.7,hinge
0.13360933383515242,7287.0,0,2009.3999999999999,2090.0,S2,qlearning,0,933,0.1,3.0,1.1,7.0,14.0,0.7,hinge
0.12605042016806722,7844.049999910465,1,2181.4,2185.5,S2,qlearning,0,934,0.1,3.0,1.1,7.0,14.0,0.7,hinge
0.09077380952380952,9458.0,0,2756.8999999999996,2909.5,S2,qlearning,0,935,0.1,3.0,1.1,7.0,14.0,0.7,hinge
0.12175962293794187,7063.499999822598,2,1854.04,1888.8,S2,qlearning,0,936,0.1,3.0,1.1,7.0,14.0,0.7,hinge
0.11243851018973998,7914.029999820082,3,2278.3,2281.5,S2,qlearning,0,937,0.1,3.0,1.1,7.0,14.0,0.7,hinge
0.09729401033748859,9249.37619030706,2,2402.5,2434.0,S2,qlearning,0,938,0.1,3.0,1.1,7.0,14.0,0.7,hinge
0.10219882316506658,9012.0,0,2265.5,2291.5,S2,qlearning,0,939,0.1,3.0,1.1,7.0,14.0,0.7,hinge
0.08977480219111382,9310.0,0,2647.5,2768.0,S2,qlearning,0,940,0.1,3.0,1.1,7.0,14.0,0.7,hinge
0.12709137709137708,8610.741666455455,3,2268.7,2283.5,S2,qlearning,0,941,0.1,3.0,1.1,7.0,14.0,0.7,hinge
0.10689215060625398,8749.949999825,1,2318.3299999650003,2330.4,S2,qlearning,0,942,0.1,3.0,1.1,7.0,14.0,0.7,hinge
0.07074051776038531,9522.953100720131,1,2686.7624805761047,2754.453100720131,S2,qlearning,0,943,0.1,3.0,1.1,7.0,14.0,0.7,hinge
0.0837903717245582,9315.347916399845,3,2779.438333187568,2820.79791648446,S2,qlearning,0,944,0.1,3.0,1.1,7.0,14.0,0.7,hinge
0.09623926562037312,9503.053900601446,2,2495.343120481157,2607.553900601446,S2,qlearning,0,945,0.1,3.0,1.1,7.0,14.0,0.7,hinge
0.09968354430379747,8865.049999920619,1,2389.1,2419.0,S2,qlearning,0,946,0.1,3.0,1.1,7.0,14.0,0.7,hinge
0.12315270935960591,8433.474630818393,5,2347.7075860778787,2379.1344825973483,S2,qlearning,0,947,0.1,3.0,1.1,7.0,14.0,0.7,hinge
0.14398848092152627,7572.4999998047815,2,2211.249999900167,2319.0499998986843,S2,qlearning,0,948,0.1,3.0,1.1,7.0,14.0,0.7,hinge
0.09851421188630491,8671.5,0,2541.6,2610.0,S2,qlearning,0,949,0.1,3.0,1.1,7.0,14.0,0.7,hinge
0.10141093474426807,9566.962166025853,4,2631.5099999897334,2756.0,S2,qlearning,0,950,0.1,3.0,1.1,7.0,14.0,0.7,hinge
0.09686038744154976,8439.5,0,2447.5,2469.5,S2,qlearning,0,951,0.1,3.0,1.1,7.0,14.0,0.7,hinge
0.09522272433828276,8758.199382133229,6,2485.2499997498,2589.299999715559,S2,qlearning,0,952,0.1,3.0,1.1,7.0,14.0,0.7,hinge
0.1256887052341598,8000.149999774674,3,2149.359999928383,2191.049999955747,S2,qlearning,0,953,0.1,3.0,1.1,7.0,14.0,0.7,hinge
0.0955509107196178,9547.5117541771,12,2604.889115502503,2614.8612743520252,S2,qlearning,0,954,0.1,3.0,1.1,7.0,14.0,0.7,hinge
0.12371756185878093,9205.14778445516,3,2828.7,2968.0,S2,qlearning,0,955,0.1,3.0,1.1,7.0,14.0,0.7,hinge
0.17047906776003452,6225.799999850881,2,1674.4099999826967,1697.5,S2,qlearning,0,956,0.1,3.0,1.1,7.0,14.0,0.7,hinge
0.11163125675189053,7768.873584775705,2,2326.9099999871664,2396.5,S2,qlearning,0,957,0.1,3.0,1.1,7.0,14.0,0.7,hinge
0.10074395536267824,9071.582352604748,5,2490.01647052095,2499.0,S2,qlearning,0,958,0.1,3.0,1.1,7.0,14.0,0.7,hinge
0.10940561724363161,8527.873584785646,2,2418.3988678285173,2452.3735847856465,S2,qlearning,0,959,0.1,3.0,1.1,7.0,14.0,0.7,hinge
0.10337150127226463,8883.083754733078,5,2803.4270038382265,2962.0337547977833,S2,qlearning,0,960,0.1,3.0,1.1,7.0,14.0,0.7,hinge
0.09331259720062209,9073.244443975664,5,2590.015555400786,2633.144444250983,S2,qlearning,0,961,0.1,3.0,1.1,7.0,14.0,0.7,hinge
0.10430038510911425,8728.39999988386,2,2251.119999907089,2270.3999998838613,S2,qlearning,0,962,0.1,3.0,1.1,7.0,14.0,0.7,hinge
0.08145975887911372,8717.0,0,2226.6,2275.0,S2,qlearning,0,963,0.1,3.0,1.1,7.0,14.0,0.7,hinge
0.10967548076923077,9256.04999993063,1,2437.4,2448.0,S2,qlearning,0,964,0.1,3.0,1.1,7.0,14.0,0.7,hinge
0.10458715596330276,7653.023975883615,3,2036.839993840006,2099.0499923000075,S2,qlearning,0,965,0.1,3.0,1.1,7.0,14.0,0.7,hinge
0.08328375966686496,9595.471014042021,6,2656.519999914626,2738.5499999266667,S2,qlearning,0,966,0.1,3.0,1.1,7.0,14.0,0.7,hinge
0.09240246406570841,9597.0,0,2807.4,2820.5,S2,qlearning,0,967,0.1,3.0,1.1,7.0,14.0,0.7,hinge
0.0858429496200394,10160.259277862457,6,2968.1,2999.0,S2,qlearning,0,968,0.1,3.0,1.1,7.0,14.0,0.7,hinge
0.11789924973204716,7759.04999994726,1,2118.6399999578084,2168.0499999472604,S2,qlearning,0,969,0.1,3.0,1.1,7.0,14.0,0.7,hinge
0.10460251046025104,8666.5,0,2532.2,2636.5,S2,qlearning,0,970,0.1,3.0,1.1,7.0,14.0,0.7,hinge
0.12714370195150798,9313.0,0,2620.6,2705.0,S2,qlearning,0,971,0.1,3.0,1.1,7.0,14.0,0.7,hinge
0.08316008316008316,9545.54999994762,1,2863.939999958095,3007.049999947619,S2,qlearning,0,972,0.1,3.0,1.1,7.0,14.0,0.7,hinge
0.08499413833528723,9679.549999946896,1,2745.7099999893794,2813.5,S2,qlearning,0,973,0.1,3.0,1.1,7.0,14.0,0.7,hinge
0.1126488574187319,8646.5,0,2263.6,2334.0,S2,qlearning,0,974,0.1,3.0,1.1,7.0,14.0,0.7,hinge
0.10845986984815618,9093.84315412897,9,2319.2249997546046,2321.9062496932556,S2,qlearning,0,975,0.1,3.0,1.1,7.0,14.0,0.7,hinge
0.09858630952380952,7588.1794113302,3,2219.2999999999997,2290.5,S2,qlearning,0,976,0.1,3.0,1.1,7.0,14.0,0.7,hinge
0.09547738693467336,8439.749999774038,2,2411.1499999548073,2464.5,S2,qlearning,0,977,0.1,3.0,1.1,7.0,14.0,0.7,hinge
0.12420275260154415,8193.0,0,2172.8,2209.0,S2,qlearning,0,978,0.1,3.0,1.1,7.0,14.0,0.7,hinge
0.12324492979719189,8839.157471109653,2,2319.5,2328.0,S2,qlearning,0,979,0.1,3.0,1.1,7.0,14.0,0.7,hinge
0.16493699036323203,7234.702631488757,2,2254.1005262977515,2280.1,S2,qlearning,0,980,0.1,3.0,1.1,7.0,14.0,0.7,hinge
0.07687576875768758,9303.428872955672,4,2683.4799998770636,2748.5999998463294,S2,qlearning,0,981,0.1,3.0,1.1,7.0,14.0,0.7,hinge
0.09675303378156773,8585.422548885217,2,2320.3380391582546,2361.172548947818,S2,qlearning,0,982,0.1,3.0,1.1,7.0,14.0,0.7,hinge
0.07425742574257425,9339.157929469646,9,2569.8199999789626,2693.0,S2,qlearning,0,983,0.1,3.0,1.1,7.0,14.0,0.7,hinge
0.08931102920328891,9981.849999936363,1,2732.5,2757.0,S2,qlearning,0,984,0.1,3.0,1.1,7.0,14.0,0.7,hinge
0.09336445481827275,8422.5,0,2284.7,2317.0,S2,qlearning,0,985,0.1,3.0,1.1,7.0,14.0,0.7,hinge
0.0949983215844243,8450.694508893934,7,2398.801629956328,2410.6270374454098,S2,qlearning,0,986,0.1,3.0,1.1,7.0,14.0,0.7,hinge
0.11324315822585719,8853.199137654368,4,2440.1193101838862,2473.649137729858,S2,qlearning,0,987,0.1,3.0,1.1,7.0,14.0,0.7,hinge
0.07244234180958013,9777.435801915664,8,2436.6119750992248,2466.6913577926307,S2,qlearning,0,988,0.1,3.0,1.1,7.0,14.0,0.7,hinge
0.09544334975369458,9182.98482349173,4,2420.409999984902,2448.0,S2,qlearning,0,989,0.1,3.0,1.1,7.0,14.0,0.7,hinge
0.09297851875601154,8813.0,0,2907.6,2991.0,S2,qlearning,0,990,0.1,3.0,1.1,7.0,14.0,0.7,hinge
0.10053408733898837,8958.218685311578,4,2693.5399999597385,2762.5499999496733,S2,qlearning,0,991,0.1,3.0,1.1,7.0,14.0,0.7,hinge
0.11789405684754523,8600.916666461173,3,2458.8933332215875,2609.8666665269843,S2,qlearning,0,992,0.1,3.0,1.1,7.0,14.0,0.7,hinge
0.11337495892211633,8474.049999809691,3,2651.8199998477526,2762.6499998096906,S2,qlearning,0,993,0.1,3.0,1.1,7.0,14.0,0.7,hinge
0.08519553072625698,10151.0,0,2727.6,2798.0,S2,qlearning,0,994,0.1,3.0,1.1,7.0,14.0,0.7,hinge
0.09134781109962083,8162.5,0,2530.6,2753.0,S2,qlearning,0,995,0.1,3.0,1.1,7.0,14.0,0.7,hinge
0.09836065573770492,9454.046235009815,2,2763.936988007852,2824.546235009815,S2,qlearning,0,996,0.1,3.0,1.1,7.0,14.0,0.7,hinge
0.11823166552433173,8083.099999865941,2,2558.5499999300105,2615.0499999280373,S2,qlearning,0,997,0.1,3.0,1.1,7.0,14.0,0.7,hinge
0.13384994716449455,7778.549999917204,1,2477.8999999999996,2621.0,S2,qlearning,0,998,0.1,3.0,1.1,7.0,14.0,0.7,hinge
0.1055324592260953,8744.5,0,2690.6,2816.5,S2,qlearning,0,999,0.1,3.0,1.1,7.0,14.0,0.7,hinge
0.11595547309833024,8994.702812860938,6,2697.3622502887506,2881.2028128609386,S2,qlearning,1,0,0.1,3.0,1.1,7.0,14.0,0.7,hinge
0.1048532055122828,9336.549999960513,1,2325.53999996841,2354.5499999605127,S2,qlearning,1,1,0.1,3.0,1.1,7.0,14.0,0.7,hinge
0.10386190754827385,9561.549999930001,1,2540.1,2545.5,S2,qlearning,1,2,0.1,3.0,1.1,7.0,14.0,0.7,hinge
0.08727388130752142,9000.504953052334,9,2559.113962685514,2593.854953458412,S2,qlearning,1,3,0.1,3.0,1.1,7.0,14.0,0.7,hinge
0.09941878250229427,9168.094006035644,2,2632.075204828515,2762.094006035644,S2,qlearning,1,4,0.1,3.0,1.1,7.0,14.0,0.7,hinge
0.11277049679975618,9121.0,0,2550.4,2628.5,S2,qlearning,1,5,0.1,3.0,1.1,7.0,14.0,0.7,hinge
0.12412476129853596,8702.599999868877,2,2353.3099999871665,2355.0,S2,qlearning,1,6,0.1,3.0,1.1,7.0,14.0,0.7,hinge
0.08046702429788577,9068.733255863437,6,2433.1466047404274,2480.6832559255345,S2,qlearning,1,7,0.1,3.0,1.1,7.0,14.0,0.7,hinge
0.1179245283018868,7658.699999868067,2,2211.8799998944532,2287.599999868067,S2,qlearning,1,8,0.1,3.0,1.1,7.0,14.0,0.7,hinge
0.10338983050847457,8297.062213566944,3,2192.009770907591,2208.0122136344885,S2,qlearning,1,9,0.1,3.0,1.1,7.0,14.0,0.7,hinge
0.10038075458636206,8210.162036793592,4,2345.5296294348736,2418.662036793592,S2,qlearning,1,10,0.1,3.0,1.1,7.0,14.0,0.7,hinge
0.13968618446230385,7151.914941720987,6,2014.2529884129146,2067.5,S2,qlearning,1,11,0.1,3.0,1.1,7.0,14.0,0.7,hinge
0.11272727272727273,7639.0499999358335,1,2276.1099999871667,2277.0,S2,qlearning,1,12,0.1,3.0,1.1,7.0,14.0,0.7,hinge
0.12411942301241194,8208.5,0,2212.5,2269.0,S2,qlearning,1,13,0.1,3.0,1.1,7.0,14.0,0.7,hinge
0.08088040307610714,10778.204216351136,8,2662.4108432986095,2670.5,S2,qlearning,1,14,0.1,3.0,1.1,7.0,14.0,0.7,hinge
0.11363636363636363,8560.0,0,2447.2999999999997,2541.0,S2,qlearning,1,15,0.1,3.0,1.1,7.0,14.0,0.7,hinge
0.1171605789110958,8034.0,0,2419.7999999999997,2575.5,S2,qlearning,1,16,0.1,3.0,1.1,7.0,14.0,0.7,hinge
0.10568260568260568,8077.049999944605,1,2075.6399999556834,2103.549999944604,S2,qlearning,1,17,0.1,3.0,1.1,7.0,14.0,0.7,hinge
0.0990581357583631,8648.0,0,2480.5,2608.5,S2,qlearning,1,18,0.1,3.0,1.1,7.0,14.0,0.7,hinge
0.07685614849187936,9883.262343090062,6,2673.80246864326,2717.5,S2,qlearning,1,19,0.1,3.0,1.1,7.0,14.0,0.7,hinge
0.07859531772575251,8525.0,0,2291.2,2370.0,S2,qlearning,1,20,0.1,3.0,1.1,7.0,14.0,0.7,hinge
0.11398644485520641,9021.5,0,2570.2,2578.0,S2,qlearning,1,21,0.1,3.0,1.1,7.0,14.0,0.7,hinge
0.13080444735120994,8404.499999701426,4,2214.229999909689,2262.0499999490066,S2,qlearning,1,22,0.1,3.0,1.1,7.0,14.0,0.7,hinge
0.12764528048370843,8220.90945920437,3,2196.9499999669806,2222.0,S2,qlearning,1,23,0.1,3.0,1.1,7.0,14.0,0.7,hinge
0.1064875491480996,8562.24999977694,2,2509.9,2564.5,S2,qlearning,1,24,0.1,3.0,1.1,7.0,14.0,0.7,hinge
0.1198641765704584,8189.228661460814,5,2314.062929251894,2412.3286615648676,S2,qlearning,1,25,0.1,3.0,1.1,7.0,14.0,0.7,hinge
0.06621447028423773,8885.049999912986,1,2507.5,2512.5,S2,qlearning,1,26,0.1,3.0,1.1,7.0,14.0,0.7,hinge
0.1256931608133087,7443.0,0,1967.3,1973.0,S2,qlearning,1,27,0.1,3.0,1.1,7.0,14.0,0.7,hinge
0.11848341232227488,8210.599999891332,2,2128.339999967579,2160.5499999594736,S2,qlearning,1,28,0.1,3.0,1.1,7.0,14.0,0.7,hinge
0.10484927916120576,8549.5,0,2236.0,2272.0,S2,qlearning,1,29,0.1,3.0,1.1,7.0,14.0,0.7,hinge
0.10922787193973635,7447.749998821929,5,1700.2399997785142,1712.5,S2,qlearning,1,30,0.1,3.0,1.1,7.0,14.0,0.7,hinge
0.09557183816502071,8911.965997342815,9,2317.377624291157,2372.0,S2,qlearning,1,31,0.1,3.0,1.1,7.0,14.0,0.7,hinge
0.07840574975498203,8727.994819660995,3,2486.848333323876,2643.5,S2,qlearning,1,32,0.1,3.0,1.1,7.0,14.0,0.7,hinge
0.1187648456057007,8150.0,0,2515.3999999999996,2707.0,S2,qlearning,1,33,0.1,3.0,1.1,7.0,14.0,0.7,hinge
0.1026694045174538,8202.68333312309,3,2132.8266666431723,2166.5,S2,qlearning,1,34,0.1,3.0,1.1,7.0,14.0,0.7,hinge
0.11564625850340136,8155.197656042893,2,2177.6295312393786,2264.5,S2,qlearning,1,35,0.1,3.0,1.1,7.0,14.0,0.7,hinge
0.10971281058405938,8636.0,0,2522.9,2652.0,S2,qlearning,1,36,0.1,3.0,1.1,7.0,14.0,0.7,hinge
0.10041346721795628,9486.0,0,2801.8,2846.0,S2,qlearning,1,37,0.1,3.0,1.1,7.0,14.0,0.7,hinge
0.09410462219761971,10183.099999770775,2,2775.6,2805.5,S2,qlearning,1,38,0.1,3.0,1.1,7.0,14.0,0.7,hinge
0.11203585147247119,8704.649999911495,1,2192.209999982299,2252.0,S2,qlearning,1,39,0.1,3.0,1.1,7.0,14.0,0.7,hinge
0.09952465834818776,9525.465605393088,5,2883.4924844416482,2913.36560555206,S2,qlearning,1,40,0.1,3.0,1.1,7.0,14.0,0.7,hinge
0.10742555597436863,7402.9,0,2328.5,2456.5,S2,qlearning,1,41,0.1,3.0,1.1,7.0,14.0,0.7,hinge
0.10171133354859542,8690.649999768932,3,2807.7899998560297,2971.0999998370726,S2,qlearning,1,42,0.1,3.0,1.1,7.0,14.0,0.7,hinge
0.10535070695869143,10111.299999827666,3,3052.3999999262996,3213.749999907875,S2,qlearning,1,43,0.1,3.0,1.1,7.0,14.0,0.7,hinge
0.08857395925597875,9577.393420902981,2,2801.059999956,2898.199999945,S2,qlearning,1,44,0.1,3.0,1.1,7.0,14.0,0.7,hinge
0.09069920844327177,8597.080132354758,2,2583.1641058838068,2665.5801323547585,S2,qlearning,1,45,0.1,3.0,1.1,7.0,14.0,0.7,hinge
0.11778918755662941,9171.146666591378,1,3075.2,3299.0,S2,qlearning,1,46,0.1,3.0,1.1,7.0,14.0,0.7,hinge
0.09427374301675978,8064.0,0,2306.5,2387.0,S2,qlearning,1,47,0.1,3.0,1.1,7.0,14.0,0.7,hinge
0.1209077380952381,7489.593956686354,7,1822.880298284129,1842.5753728950267,S2,qlearning,1,48,0.1,3.0,1.1,7.0,14.0,0.7,hinge
0.13016528925619836,6675.1999995829165,2,2093.0,2179.0,S2,qlearning,1,49,0.1,3.0,1.1,7.0,14.0,0.7,hinge
0.10101010101010101,9159.0,0,2666.7,2713.5,S2,qlearning,1,50,0.1,3.0,1.1,7.0,14.0,0.7,hinge
0.12844378257632166,7397.4499998833335,1,2417.439999906667,2466.0499998833334,S2,qlearning,1,51,0.1,3.0,1.1,7.0,14.0,0.7,hinge
0.11295889551302166,8859.049999869492,1,2447.6,2552.5,S2,qlearning,1,52,0.1,3.0,1.1,7.0,14.0,0.7,hinge
0.125,6964.697656095577,2,2289.8395312191155,2387.0,S2,qlearning,1,53,0.1,3.0,1.1,7.0,14.0,0.7,hinge
0.1214574898785425,8165.6,0,2334.7,2370.0,S2,qlearning,1,54,0.1,3.0,1.1,7.0,14.0,0.7,hinge
0.09822263797942002,9062.099999864,2,2552.7999999999997,2635.0,S2,qlearning,1,55,0.1,3.0,1.1,7.0,14.0,0.7,hinge
0.11799410029498525,8540.732246207443,9,2100.7509319422293,2132.8074711178338,S2,qlearning,1,56,0.1,3.0,1.1,7.0,14.0,0.7,hinge
0.0851285615010424,8186.5,0,2345.2999999999997,2428.0,S2,qlearning,1,57,0.1,3.0,1.1,7.0,14.0,0.7,hinge
0.08070054945054946,8301.233333209268,2,2641.1466666418532,2779.0,S2,qlearning,1,58,0.1,3.0,1.1,7.0,14.0,0.7,hinge
0.08183821214982688,9043.799999794295,3,2266.1399999178666,2314.0499998973332,S2,qlearning,1,59,0.1,3.0,1.1,7.0,14.0,0.7,hinge
0.09939759036144578,9321.349999860011,2,2612.419999888009,2651.749999860011,S2,qlearning,1,60,0.1,3.0,1.1,7.0,14.0,0.7,hinge
0.09917920656634747,8252.149999787369,3,2109.0099999854715,2134.5,S2,qlearning,1,61,0.1,3.0,1.1,7.0,14.0,0.7,hinge
0.15008223684210525,6586.04999978,1,2068.5,2157.5,S2,qlearning,1,62,0.1,3.0,1.1,7.0,14.0,0.7,hinge
0.11756569847856155,8004.0,0,2311.6,2396.5,S2,qlearning,1,63,0.1,3.0,1.1,7.0,14.0,0.7,hinge
0.09994121105232216,9546.150735174375,2,2815.8705881811215,2883.7007352437445,S2,qlearning,1,64,0.1,3.0,1.1,7.0,14.0,0.7,hinge
0.05544774050457444,10465.388042784065,5,2686.7,2730.0,S2,qlearning,1,65,0.1,3.0,1.1,7.0,14.0,0.7,hinge
0.09620991253644315,9642.099999852371,2,2721.1,2805.0,S2,qlearning,1,66,0.1,3.0,1.1,7.0,14.0,0.7,hinge
0.12665198237885464,7591.171035141583,9,2104.2090673893226,2153.1363342366535,S2,qlearning,1,67,0.1,3.0,1.1,7.0,14.0,0.7,hinge
0.10828211881767633,9555.08185881293,5,2446.9954871161744,2459.981858907637,S2,qlearning,1,68,0.1,3.0,1.1,7.0,14.0,0.7,hinge
0.1337579617834395,8597.099999887852,2,2726.3499999579108,2874.549999967234,S2,qlearning,1,69,0.1,3.0,1.1,7.0,14.0,0.7,hinge
0.10585511081706914,8454.049999914445,1,2336.2,2434.5,S2,qlearning,1,70,0.1,3.0,1.1,7.0,14.0,0.7,hinge
0.0844173816772765,10262.099999888273,2,2589.0,2598.0,S2,qlearning,1,71,0.1,3.0,1.1,7.0,14.0,0.7,hinge
0.09750639386189258,8815.549999886765,1,2587.4,2717.5,S2,qlearning,1,72,0.1,3.0,1.1,7.0,14.0,0.7,hinge
0.09783728115345006,8209.599999891543,2,2412.6,2554.5,S2,qlearning,1,73,0.1,3.0,1.1,7.0,14.0,0.7,hinge
0.11261261261261261,8029.549999955491,1,2170.2099999910984,2231.0,S2,qlearning,1,74,0.1,3.0,1.1,7.0,14.0,0.7,hinge
0.09221998658618377,8394.549999928038,1,2322.7099999856073,2353.0,S2,qlearning,1,75,0.1,3.0,1.1,7.0,14.0,0.7,hinge
0.13126079447322972,7937.0,0,2255.6,2358.5,S2,qlearning,1,76,0.1,3.0,1.1,7.0,14.0,0.7,hinge
0.09810228369250563,8727.0,0,2177.0,2214.0,S2,qlearning,1,77,0.1,3.0,1.1,7.0,14.0,0.7,hinge
0.11504424778761062,7884.699999567589,6,2403.2699997608024,2513.699999721927,S2,qlearning,1,78,0.1,3.0,1.1,7.0,14.0,0.7,hinge
0.11503564484769929,8584.289516009749,2,2374.509999988062,2422.0,S2,qlearning,1,79,0.1,3.0,1.1,7.0,14.0,0.7,hinge
0.1009421265141319,8322.549999949673,1,2426.8099999899346,2470.5,S2,qlearning,1,80,0.1,3.0,1.1,7.0,14.0,0.7,hinge
0.09555189456342669,8533.5,0,2453.1,2470.0,S2,qlearning,1,81,0.1,3.0,1.1,7.0,14.0,0.7,hinge
0.12199312714776632,8025.5,0,2470.0,2620.0,S2,qlearning,1,82,0.1,3.0,1.1,7.0,14.0,0.7,hinge
0.10706018518518519,9661.0,0,2398.6,2417.0,S2,qlearning,1,83,0.1,3.0,1.1,7.0,14.0,0.7,hinge
0.13812154696132597,7465.549999906098,1,2310.1,2445.5,S2,qlearning,1,84,0.1,3.0,1.1,7.0,14.0,0.7,hinge
0.13399412628487517,7550.895939402375,5,2148.074450995474,2192.683333236956,S2,qlearning,1,85,0.1,3.0,1.1,7.0,14.0,0.7,hinge
0.1183252427184466,9159.415091770912,3,2569.3920734616936,2582.865091827117,S2,qlearning,1,86,0.1,3.0,1.1,7.0,14.0,0.7,hinge
0.09900990099009901,8512.0,0,2377.0,2432.5,S2,qlearning,1,87,0.1,3.0,1.1,7.0,14.0,0.7,hinge
0.11060606060606061,9169.5,0,2593.2,2662.5,S2,qlearning,1,88,0.1,3.0,1.1,7.0,14.0,0.7,hinge
0.08695652173913043,9813.264798713279,5,2541.6,2595.5,S2,qlearning,1,89,0.1,3.0,1.1,7.0,14.0,0.7,hinge
0.07941988950276244,8249.549999832609,1,2589.6,2718.0,S2,qlearning,1,90,0.1,3.0,1.1,7.0,14.0,0.7,hinge
0.12062521236833164,8134.0,0,2015.8,2024.0,S2,qlearning,1,91,0.1,3.0,1.1,7.0,14.0,0.7,hinge
0.08832807570977919,8937.356306243186,1,2349.3,2386.0,S2,qlearning,1,92,0.1,3.0,1.1,7.0,14.0,0.7,hinge
0.08960573476702509,9511.367415427398,4,2734.0,2828.0,S2,qlearning,1,93,0.1,3.0,1.1,7.0,14.0,0.7,hinge
0.11864406779661017,8183.499999828457,2,2323.1799998627657,2359.599999828457,S2,qlearning,1,94,0.1,3.0,1.1,7.0,14.0,0.7,hinge
0.12562814070351758,7719.249999569792,2,2270.8,2298.0,S2,qlearning,1,95,0.1,3.0,1.1,7.0,14.0,0.7,hinge
0.10013131976362442,8620.061619961465,6,2322.432323977396,2341.0499999588237,S2,qlearning,1,96,0.1,3.0,1.1,7.0,14.0,0.7,hinge
0.09451502943910753,9103.0,0,2855.3,2895.5,S2,qlearning,1,97,0.1,3.0,1.1,7.0,14.0,0.7,hinge
0.09618810117563235,7964.299999772367,3,2268.1,2291.0,S2,qlearning,1,98,0.1,3.0,1.1,7.0,14.0,0.7,hinge
0.10763538513286243,8306.59999987893,2,2133.1099999903145,2150.0,S2,qlearning,1,99,0.1,3.0,1.1,7.0,14.0,0.7,hinge
0.09857142857142857,9835.69999974831,4,2729.0899999190087,2844.0999999164214,S2,qlearning,1,100,0.1,3.0,1.1,7.0,14.0,0.7,hinge
0.12042062415196743,8158.980434578882,2,2170.62,2187.9,S2,qlearning,1,101,0.1,3.0,1.1,7.0,14.0,0.7,hinge
0.11710794297352342,8180.233221283921,3,2053.5766442158993,2105.0499999318586,S2,qlearning,1,102,0.1,3.0,1.1,7.0,14.0,0.7,hinge
0.09697933227344992,8883.049999921428,1,2764.9099999842856,2999.5,S2,qlearning,1,103,0.1,3.0,1.1,7.0,14.0,0.7,hinge
0.08175923315477869,10072.04999995926,1,3114.9399999674074,3210.0499999592594,S2,qlearning,1,104,0.1,3.0,1.1,7.0,14.0,0.7,hinge
0.10624169986719788,8475.909451247786,7,2738.327567369028,2804.159459211285,S2,qlearning,1,105,0.1,3.0,1.1,7.0,14.0,0.7,hinge
0.1290646999664767,8187.5,0,2156.2,2159.5,S2,qlearning,1,106,0.1,3.0,1.1,7.0,14.0,0.7,hinge
0.11016113120683986,8449.5,0,2339.9,2446.5,S2,qlearning,1,107,0.1,3.0,1.1,7.0,14.0,0.7,hinge
0.13092029264536004,7177.459459200093,2,2040.7418917923897,2123.5499999206186,S2,qlearning,1,108,0.1,3.0,1.1,7.0,14.0,0.7,hinge
0.10111223458038422,8368.175693864088,5,2333.832962891708,2414.0499999493422,S2,qlearning,1,109,0.1,3.0,1.1,7.0,14.0,0.7,hinge
0.10605542251111871,8163.5499998737705,1,2247.4,2350.0,S2,qlearning,1,110,0.1,3.0,1.1,7.0,14.0,0.7,hinge
0.08471965495995071,9250.220939697088,7,2761.949999871305,2922.0499998526875,S2,qlearning,1,111,0.1,3.0,1.1,7.0,14.0,0.7,hinge
0.09371700105596621,10679.599999608525,2,2836.3,2876.5,S2,qlearning,1,112,0.1,3.0,1.1,7.0,14.0,0.7,hinge
0.12378094523630907,7394.298238378509,5,2132.619647675702,2180.5,S2,qlearning,1,113,0.1,3.0,1.1,7.0,14.0,0.7,hinge
0.12141967621419676,8911.78518504744,2,2201.828148037952,2226.28518504744,S2,qlearning,1,114,0.1,3.0,1.1,7.0,14.0,0.7,hinge
0.09853782581055308,8874.799999753004,4,2517.0399998024027,2574.2999997530032,S2,qlearning,1,115,0.1,3.0,1.1,7.0,14.0,0.7,hinge
0.08078476630121177,9847.788095187496,1,2859.6,2922.0,S2,qlearning,1,116,0.1,3.0,1.1,7.0,14.0,0.7,hinge
0.14192558496355964,7150.497171708789,4,2124.009999987167,2132.5,S2,qlearning,1,117,0.1,3.0,1.1,7.0,14.0,0.7,hinge
0.1575492341356674,6160.7,0,1597.8999999999999,1636.5,S2,qlearning,1,118,0.1,3.0,1.1,7.0,14.0,0.7,hinge
0.08400840084008401,9460.04999996262,1,2976.0399999700967,3155.5499999626213,S2,qlearning,1,119,0.1,3.0,1.1,7.0,14.0,0.7,hinge
0.1140215716486903,9014.049999888406,1,2780.0,2965.0,S2,qlearning,1,120,0.1,3.0,1.1,7.0,14.0,0.7,hinge
0.08976063829787234,8596.342214202321,6,2426.2661854542916,2534.9577318178644,S2,qlearning,1,121,0.1,3.0,1.1,7.0,14.0,0.7,hinge
0.11642542479546884,8807.54999995497,1,2586.809999990994,2685.0,S2,qlearning,1,122,0.1,3.0,1.1,7.0,14.0,0.7,hinge
0.09282970550576185,8828.565277587672,2,2182.2222221244906,2191.51527767826,S2,qlearning,1,123,0.1,3.0,1.1,7.0,14.0,0.7,hinge
0.11505922165820642,8193.0,0,2562.5,2630.0,S2,qlearning,1,124,0.1,3.0,1.1,7.0,14.0,0.7,hinge
0.10220125786163523,8876.1,0,2336.9,2350.5,S2,qlearning,1,125,0.1,3.0,1.1,7.0,14.0,0.7,hinge
0.10715411282697762,8885.099999869519,2,2220.249999932282,2229.0499999306307,S2,qlearning,1,126,0.1,3.0,1.1,7.0,14.0,0.7,hinge
0.09743272502319827,9081.6,0,2708.6,2837.0,S2,qlearning,1,127,0.1,3.0,1.1,7.0,14.0,0.7,hinge
0.16503445774392456,7407.30624993432,1,2171.7,2199.0,S2,qlearning,1,128,0.1,3.0,1.1,7.0,14.0,0.7,hinge
0.09479489831092727,8251.575921050926,9,2835.435289477421,3103.2168418553933,S2,qlearning,1,129,0.1,3.0,1.1,7.0,14.0,0.7,hinge
0.09218907140462622,8427.599999899829,2,2292.8499999526284,2304.549999954438,S2,qlearning,1,130,0.1,3.0,1.1,7.0,14.0,0.7,hinge
0.12005410889414947,8222.392856680923,6,2457.7499999743263,2489.5,S2,qlearning,1,131,0.1,3.0,1.1,7.0,14.0,0.7,hinge
0.09319664492078285,9095.968811585932,4,2594.909999978611,2665.5,S2,qlearning,1,132,0.1,3.0,1.1,7.0,14.0,0.7,hinge
0.08292550299075585,10501.69705862961,3,2822.5,2884.0,S2,qlearning,1,133,0.1,3.0,1.1,7.0,14.0,0.7,hinge
0.1497471800855698,6987.155882306315,1,2104.7,2181.5,S2,qlearning,1,134,0.1,3.0,1.1,7.0,14.0,0.7,hinge
0.10170006071645415,9270.272670290473,7,2460.485102553973,2501.7342808000035,S2,qlearning,1,135,0.1,3.0,1.1,7.0,14.0,0.7,hinge
0.1007127362875736,9048.5,0,2199.1,2201.0,S2,qlearning,1,136,0.1,3.0,1.1,7.0,14.0,0.7,hinge
0.1062753036437247,8289.5,0,2257.7999999999997,2355.0,S2,qlearning,1,137,0.1,3.0,1.1,7.0,14.0,0.7,hinge
0.10458839406207827,8348.549999932457,1,2445.7099999864913,2556.5,S2,qlearning,1,138,0.1,3.0,1.1,7.0,14.0,0.7,hinge
0.10270622758395827,8642.015277728018,1,2707.1,2774.0,S2,qlearning,1,139,0.1,3.0,1.1,7.0,14.0,0.7,hinge
0.10958456002616945,8547.0,0,2416.5,2456.0,S2,qlearning,1,140,0.1,3.0,1.1,7.0,14.0,0.7,hinge
0.10934083099031552,8961.660256324161,2,2972.6,3185.5,S2,qlearning,1,141,0.1,3.0,1.1,7.0,14.0,0.7,hinge
0.11317999269806499,7626.549999901282,1,2050.4099999802565,2096.5,S2,qlearning,1,142,0.1,3.0,1.1,7.0,14.0,0.7,hinge
0.07578100835137642,9224.0,0,2569.4,2641.5,S2,qlearning,1,143,0.1,3.0,1.1,7.0,14.0,0.7,hinge
0.08392511297611362,8790.5,0,2644.9,2716.5,S2,qlearning,1,144,0.1,3.0,1.1,7.0,14.0,0.7,hinge
0.14089729328883946,7365.249999619011,2,2227.8099999879687,2274.0,S2,qlearning,1,145,0.1,3.0,1.1,7.0,14.0,0.7,hinge
0.08865248226950355,9574.0,0,2612.2,2695.5,S2,qlearning,1,146,0.1,3.0,1.1,7.0,14.0,0.7,hinge
0.10536044362292052,7585.34848129153,2,2563.0,2677.0,S2,qlearning,1,147,0.1,3.0,1.1,7.0,14.0,0.7,hinge
0.09057971014492754,8604.199999670047,4,2217.439999923951,2266.0499999049384,S2,qlearning,1,148,0.1,3.0,1.1,7.0,14.0,0.7,hinge
0.11789181692094314,7963.5,0,2151.5,2191.5,S2,qlearning,1,149,0.1,3.0,1.1,7.0,14.0,0.7,hinge
0.11631466176920723,9105.068968759539,5,2386.9609766169333,2427.8262207711664,S2,qlearning,1,150,0.1,3.0,1.1,7.0,14.0,0.7,hinge
0.12799339388934763,6700.299999777134,3,1969.3799999062778,1983.199999918085,S2,qlearning,1,151,0.1,3.0,1.1,7.0,14.0,0.7,hinge
0.08419497784342689,9621.59999982524,2,3073.7,3174.0,S2,qlearning,1,152,0.1,3.0,1.1,7.0,14.0,0.7,hinge
0.09621166566446182,9413.711182913576,6,2526.2999999999997,2584.0,S2,qlearning,1,153,0.1,3.0,1.1,7.0,14.0,0.7,hinge
0.09809663250366032,9568.549999937399,1,2757.2399999499185,2851.5499999373983,S2,qlearning,1,154,0.1,3.0,1.1,7.0,14.0,0.7,hinge
0.10562375107051099,9758.0,0,2413.2,2432.0,S2,qlearning,1,155,0.1,3.0,1.1,7.0,14.0,0.7,hinge
0.14396887159533073,6979.549999885075,1,2034.3099999770147,2136.0,S2,qlearning,1,156,0.1,3.0,1.1,7.0,14.0,0.7,hinge
0.09205143191116306,9679.599999899388,2,2818.2099999907227,2995.5,S2,qlearning,1,157,0.1,3.0,1.1,7.0,14.0,0.7,hinge
0.07794738551477752,8890.657691869581,6,2542.9061536947647,2594.507692118456,S2,qlearning,1,158,0.1,3.0,1.1,7.0,14.0,0.7,hinge
0.1025418833044483,9687.0,0,2934.6,3047.0,S2,qlearning,1,159,0.1,3.0,1.1,7.0,14.0,0.7,hinge
0.07217090069284064,9908.599999849766,2,2589.819999969953,2603.0,S2,qlearning,1,160,0.1,3.0,1.1,7.0,14.0,0.7,hinge
0.10107391029690461,8967.376162056471,9,2482.290930078992,2504.5761626486583,S2,qlearning,1,161,0.1,3.0,1.1,7.0,14.0,0.7,hinge
0.15323691460055097,7848.549999916304,1,1826.5,1828.5,S2,qlearning,1,162,0.1,3.0,1.1,7.0,14.0,0.7,hinge
0.13230647709320695,6967.599999640914,2,1829.6199999281828,1834.0,S2,qlearning,1,163,0.1,3.0,1.1,7.0,14.0,0.7,hinge
0.10558069381598793,9310.149999820027,3,2596.2499999518104,2700.5499999579233,S2,qlearning,1,164,0.1,3.0,1.1,7.0,14.0,0.7,hinge
0.09917607567897467,9210.599999868788,2,2494.949999952067,2501.0499999638496,S2,qlearning,1,165,0.1,3.0,1.1,7.0,14.0,0.7,hinge
0.11275272161741835,7156.41110424301,2,2008.5051334338164,2032.2048543086908,S2,qlearning,1,166,0.1,3.0,1.1,7.0,14.0,0.7,hinge
0.08249312557286893,9304.54999995276,1,2796.309999990552,2870.5,S2,qlearning,1,167,0.1,3.0,1.1,7.0,14.0,0.7,hinge
0.10017942583732058,9421.509615826417,2,2494.607692661134,2535.0096158264173,S2,qlearning,1,168,0.1,3.0,1.1,7.0,14.0,0.7,hinge
0.11611541168191415,7903.049999898684,1,2092.5099999797367,2159.5,S2,qlearning,1,169,0.1,3.0,1.1,7.0,14.0,0.7,hinge
0.12662445851382872,8300.708332966637,4,2197.27166655015,2211.0499999280373,S2,qlearning,1,170,0.1,3.0,1.1,7.0,14.0,0.7,hinge
0.12682551883166795,7215.173344517188,3,2033.8743901266944,2047.0804877167013,S2,qlearning,1,171,0.1,3.0,1.1,7.0,14.0,0.7,hinge
0.10785398230088496,10121.649999790343,3,2660.6199999731666,2698.5,S2,qlearning,1,172,0.1,3.0,1.1,7.0,14.0,0.7,hinge
0.13166894664842682,8122.548483189358,7,2337.9603107841945,2394.0499998884056,S2,qlearning,1,173,0.1,3.0,1.1,7.0,14.0,0.7,hinge
0.12879834254143646,7997.249999886764,1,2253.109999977353,2285.0,S2,qlearning,1,174,0.1,3.0,1.1,7.0,14.0,0.7,hinge
0.11929460580912864,7994.9,0,2356.0,2451.5,S2,qlearning,1,175,0.1,3.0,1.1,7.0,14.0,0.7,hinge
0.12272220156191893,7462.20401847421,5,1867.0232148754455,1889.8040186343392,S2,qlearning,1,176,0.1,3.0,1.1,7.0,14.0,0.7,hinge
0.11131386861313869,7656.211110756574,4,1991.3,2040.5,S2,qlearning,1,177,0.1,3.0,1.1,7.0,14.0,0.7,hinge
0.12750765045902754,8099.749999831634,2,2419.2,2501.5,S2,qlearning,1,178,0.1,3.0,1.1,7.0,14.0,0.7,hinge
0.08908685968819599,8923.049999936364,1,2402.6099999872727,2441.0,S2,qlearning,1,179,0.1,3.0,1.1,7.0,14.0,0.7,hinge
0.11537096201632943,7842.649999789201,3,2115.8899998749453,2140.099999861842,S2,qlearning,1,180,0.1,3.0,1.1,7.0,14.0,0.7,hinge
0.09519492293744333,9297.0,0,2628.4,2723.0,S2,qlearning,1,181,0.1,3.0,1.1,7.0,14.0,0.7,hinge
0.14063093880653743,7179.731140985397,2,2096.9839204531345,2183.0628204267587,S2,qlearning,1,182,0.1,3.0,1.1,7.0,14.0,0.7,hinge
0.13358778625954199,7178.549999907229,1,1945.6099999814458,1965.5,S2,qlearning,1,183,0.1,3.0,1.1,7.0,14.0,0.7,hinge
0.1096067053513862,8617.5,0,2492.5,2539.5,S2,qlearning,1,184,0.1,3.0,1.1,7.0,14.0,0.7,hinge
0.1088646967340591,8964.599999845856,2,2462.0,2509.5,S2,qlearning,1,185,0.1,3.0,1.1,7.0,14.0,0.7,hinge
0.12222222222222222,8724.04999993362,1,2329.1099999867242,2336.5,S2,qlearning,1,186,0.1,3.0,1.1,7.0,14.0,0.7,hinge
0.07685738684884715,10049.299999856928,3,2855.549999980951,2927.5,S2,qlearning,1,187,0.1,3.0,1.1,7.0,14.0,0.7,hinge
0.10668065757257783,8014.551035815563,6,2113.0308289748045,2159.1510362316008,S2,qlearning,1,188,0.1,3.0,1.1,7.0,14.0,0.7,hinge
0.10648442466624285,8764.5,0,2297.6,2344.5,S2,qlearning,1,189,0.1,3.0,1.1,7.0,14.0,0.7,hinge
0.11647254575707154,8377.545874763206,5,2435.7999998629607,2515.2499998287008,S2,qlearning,1,190,0.1,3.0,1.1,7.0,14.0,0.7,hinge
0.09226401703335699,7956.0,0,2254.1,2391.5,S2,qlearning,1,191,0.1,3.0,1.1,7.0,14.0,0.7,hinge
0.1122874558870709,8681.949999908333,1,2722.939999926666,2923.049999908333,S2,qlearning,1,192,0.1,3.0,1.1,7.0,14.0,0.7,hinge
0.13101109741060418,8904.049999934745,1,2460.7,2574.0,S2,qlearning,1,193,0.1,3.0,1.1,7.0,14.0,0.7,hinge
0.10606060606060606,8353.818852264187,3,2344.555081811349,2445.3188522641863,S2,qlearning,1,194,0.1,3.0,1.1,7.0,14.0,0.7,hinge
0.09439707673568819,9289.04999989452,1,2332.5399999156166,2336.0499998945206,S2,qlearning,1,195,0.1,3.0,1.1,7.0,14.0,0.7,hinge
0.1338971106412967,7866.826130009062,6,2576.715225992252,2634.5999998724715,S2,qlearning,1,196,0.1,3.0,1.1,7.0,14.0,0.7,hinge
0.08351717617396785,9032.388888692192,3,2412.0,2456.0,S2,qlearning,1,197,0.1,3.0,1.1,7.0,14.0,0.7,hinge
0.11893124796350603,8484.9,0,2409.1,2448.0,S2,qlearning,1,198,0.1,3.0,1.1,7.0,14.0,0.7,hinge
0.07945358238081962,10217.5,0,2765.6,2805.0,S2,qlearning,1,199,0.1,3.0,1.1,7.0,14.0,0.7,hinge
0.08669609079445145,8973.0,0,2766.5,2797.5,S2,qlearning,1,200,0.1,3.0,1.1,7.0,14.0,0.7,hinge
0.10669610007358352,7601.006410113027,2,2225.5,2302.5,S2,qlearning,1,201,0.1,3.0,1.1,7.0,14.0,0.7,hinge
0.1256887052341598,8042.6999996007935,4,2177.109999989155,2204.0,S2,qlearning,1,202,0.1,3.0,1.1,7.0,14.0,0.7,hinge
0.12248628884826325,7618.948543806934,5,1971.7894733950088,1991.186841743761,S2,qlearning,1,203,0.1,3.0,1.1,7.0,14.0,0.7,hinge
0.12653374233128833,7213.243518380523,2,2218.6487036761046,2314.5,S2,qlearning,1,204,0.1,3.0,1.1,7.0,14.0,0.7,hinge
0.08447880870561283,9935.977503959872,5,2574.675500816701,2585.5,S2,qlearning,1,205,0.1,3.0,1.1,7.0,14.0,0.7,hinge
0.1001001001001001,8422.5,0,2572.3,2608.5,S2,qlearning,1,206,0.1,3.0,1.1,7.0,14.0,0.7,hinge
0.07867378477100309,10129.012213633063,2,2682.2,2686.5,S2,qlearning,1,207,0.1,3.0,1.1,7.0,14.0,0.7,hinge
0.103397341211226,9483.04999993125,1,2609.60999998625,2610.5,S2,qlearning,1,208,0.1,3.0,1.1,7.0,14.0,0.7,hinge
0.0811965811965812,9324.999999836153,2,2607.9,2711.5,S2,qlearning,1,209,0.1,3.0,1.1,7.0,14.0,0.7,hinge
0.12481644640234948,7505.449992300008,1,2640.439993840006,2747.0499923000075,S2,qlearning,1,210,0.1,3.0,1.1,7.0,14.0,0.7,hinge
0.10076775431861804,8801.741666331527,4,2715.689999860658,2826.0999998651087,S2,qlearning,1,211,0.1,3.0,1.1,7.0,14.0,0.7,hinge
0.07751937984496124,8885.149998881065,3,2448.4099999791893,2488.5,S2,qlearning,1,212,0.1,3.0,1.1,7.0,14.0,0.7,hinge
0.12042062415196743,8155.59999973201,2,2507.819999946402,2639.0,S2,qlearning,1,213,0.1,3.0,1.1,7.0,14.0,0.7,hinge
0.09470304975922954,8797.0,0,2249.9,2282.0,S2,qlearning,1,214,0.1,3.0,1.1,7.0,14.0,0.7,hinge
0.08229284903518728,10014.063930355702,2,2587.4818485378664,2636.4484374445433,S2,qlearning,1,215,0.1,3.0,1.1,7.0,14.0,0.7,hinge
0.10207388204795852,8682.211666259982,6,2541.657333275928,2640.0499999559997,S2,qlearning,1,216,0.1,3.0,1.1,7.0,14.0,0.7,hinge
0.08827586206896551,10257.09999986937,2,2597.039999944,2645.54999993,S2,qlearning,1,217,0.1,3.0,1.1,7.0,14.0,0.7,hinge
0.09215125516364792,8875.0,0,2168.0,2209.0,S2,qlearning,1,218,0.1,3.0,1.1,7.0,14.0,0.7,hinge
0.10688042752171009,8345.049999937399,1,2450.7399999499185,2538.5499999373983,S2,qlearning,1,219,0.1,3.0,1.1,7.0,14.0,0.7,hinge
0.09783938035059112,6899.0,0,1916.3,1960.0,S2,qlearning,1,220,0.1,3.0,1.1,7.0,14.0,0.7,hinge
0.09837601499063085,9023.254401239472,4,2471.8035209915765,2540.754401239471,S2,qlearning,1,221,0.1,3.0,1.1,7.0,14.0,0.7,hinge
0.08868022952529994,10840.599999880716,2,3292.519999976143,3377.5,S2,qlearning,1,222,0.1,3.0,1.1,7.0,14.0,0.7,hinge
0.09003601440576231,9394.7,0,2985.3999999999996,3149.0,S2,qlearning,1,223,0.1,3.0,1.1,7.0,14.0,0.7,hinge
0.07571075401730532,9266.0,0,3032.4,3119.5,S2,qlearning,1,224,0.1,3.0,1.1,7.0,14.0,0.7,hinge
0.11056511056511056,7930.549999964352,1,2898.1399999714813,3144.0499999643516,S2,qlearning,1,225,0.1,3.0,1.1,7.0,14.0,0.7,hinge
0.08249312557286893,9316.675590940446,5,2695.639999969655,2803.049999962069,S2,qlearning,1,226,0.1,3.0,1.1,7.0,14.0,0.7,hinge
0.09986684420772303,8439.5,0,2436.2999999999997,2552.5,S2,qlearning,1,227,0.1,3.0,1.1,7.0,14.0,0.7,hinge
0.08976660682226212,9484.649999820462,3,2571.3199999790436,2607.5,S2,qlearning,1,228,0.1,3.0,1.1,7.0,14.0,0.7,hinge
0.09409888357256778,8817.049999950641,1,2335.3,2346.5,S2,qlearning,1,229,0.1,3.0,1.1,7.0,14.0,0.7,hinge
0.10754467240238252,8422.5,0,2453.7,2545.5,S2,qlearning,1,230,0.1,3.0,1.1,7.0,14.0,0.7,hinge
0.1111485348602223,8274.549999897334,1,2539.2999999999997,2714.0,S2,qlearning,1,231,0.1,3.0,1.1,7.0,14.0,0.7,hinge
0.15637065637065636,7005.537499904044,2,1994.6,2048.0,S2,qlearning,1,232,0.1,3.0,1.1,7.0,14.0,0.7,hinge
0.10582010582010581,8988.599999857504,2,2278.539999949508,2338.0499999368853,S2,qlearning,1,233,0.1,3.0,1.1,7.0,14.0,0.7,hinge
0.11104060913705584,8815.533647430166,4,2516.706917944133,2582.133647430166,S2,qlearning,1,234,0.1,3.0,1.1,7.0,14.0,0.7,hinge
0.09985475671750181,7736.84999995625,1,2295.2,2387.0,S2,qlearning,1,235,0.1,3.0,1.1,7.0,14.0,0.7,hinge
0.11777638190954774,8799.549999714814,1,2646.609999942963,2824.5,S2,qlearning,1,236,0.1,3.0,1.1,7.0,14.0,0.7,hinge
0.09408194233687406,9292.0,0,2534.6,2584.5,S2,qlearning,1,237,0.1,3.0,1.1,7.0,14.0,0.7,hinge
0.09895547003848268,10198.5,0,2715.6,2779.0,S2,qlearning,1,238,0.1,3.0,1.1,7.0,14.0,0.7,hinge
0.09265498652291106,8470.101592060471,10,2305.9295832016687,2370.5999998533825,S2,qlearning,1,239,0.1,3.0,1.1,7.0,14.0,0.7,hinge
0.10096153846153846,8852.191999324034,8,2611.2699999543056,2705.19999995625,S2,qlearning,1,240,0.1,3.0,1.1,7.0,14.0,0.7,hinge
0.09576427255985268,7647.0,0,2255.6,2421.5,S2,qlearning,1,241,0.1,3.0,1.1,7.0,14.0,0.7,hinge
0.07821901323706378,9468.5,0,2550.1,2598.5,S2,qlearning,1,242,0.1,3.0,1.1,7.0,14.0,0.7,hinge
0.08469710020097616,9840.5,0,2816.2,2858.0,S2,qlearning,1,243,0.1,3.0,1.1,7.0,14.0,0.7,hinge
0.1312522170982618,7708.4,0,2156.02,2220.9,S2,qlearning,1,244,0.1,3.0,1.1,7.0,14.0,0.7,hinge
0.12175324675324675,8523.5,0,2334.9,2362.5,S2,qlearning,1,245,0.1,3.0,1.1,7.0,14.0,0.7,hinge
0.11363636363636363,9318.572042656167,5,2776.5544085749525,2899.0,S2,qlearning,1,246,0.1,3.0,1.1,7.0,14.0,0.7,hinge
0.11,8402.846710274476,4,2405.679341933186,2413.6499997971514,S2,qlearning,1,247,0.1,3.0,1.1,7.0,14.0,0.7,hinge
0.10130246020260492,9690.5,0,2653.8,2691.5,S2,qlearning,1,248,0.1,3.0,1.1,7.0,14.0,0.7,hinge
0.1053864168618267,7203.2,0,2525.3999999999996,2743.5,S2,qlearning,1,249,0.1,3.0,1.1,7.0,14.0,0.7,hinge
0.10112009956440572,9024.13888869859,2,2179.1277777397177,2184.0,S2,qlearning,1,250,0.1,3.0,1.1,7.0,14.0,0.7,hinge
0.10410380205190102,9373.615589918709,9,2612.259661754319,2707.5,S2,qlearning,1,251,0.1,3.0,1.1,7.0,14.0,0.7,hinge
0.1054590570719603,9040.236841987937,2,2639.5,2720.5,S2,qlearning,1,252,0.1,3.0,1.1,7.0,14.0,0.7,hinge
0.09202453987730061,8783.277076948389,4,2568.1216615587105,2732.777076948388,S2,qlearning,1,253,0.1,3.0,1.1,7.0,14.0,0.7,hinge
0.10775112964893986,8045.018749940457,1,1865.6037499880915,1870.5,S2,qlearning,1,254,0.1,3.0,1.1,7.0,14.0,0.7,hinge
0.11039402173913043,8172.0,0,2170.9,2191.0,S2,qlearning,1,255,0.1,3.0,1.1,7.0,14.0,0.7,hinge
0.10089686098654709,8758.0,0,2187.7,2198.5,S2,qlearning,1,256,0.1,3.0,1.1,7.0,14.0,0.7,hinge
0.11471648639790233,8508.483823308354,3,2521.2199999767704,2576.0,S2,qlearning,1,257,0.1,3.0,1.1,7.0,14.0,0.7,hinge
0.14026402640264027,8259.049999946154,1,2116.939999956923,2117.049999946154,S2,qlearning,1,258,0.1,3.0,1.1,7.0,14.0,0.7,hinge
0.09900990099009901,7981.4617018805475,3,2414.5,2444.5,S2,qlearning,1,259,0.1,3.0,1.1,7.0,14.0,0.7,hinge
0.09172661870503597,7895.835546790278,3,2203.4466442586427,2255.5,S2,qlearning,1,260,0.1,3.0,1.1,7.0,14.0,0.7,hinge
0.08962264150943396,9019.786249769764,4,2615.157249953953,2649.5,S2,qlearning,1,261,0.1,3.0,1.1,7.0,14.0,0.7,hinge
0.0915534554046072,9575.968072244168,1,2511.2,2543.0,S2,qlearning,1,262,0.1,3.0,1.1,7.0,14.0,0.7,hinge
0.08751458576429405,9763.00714224003,8,2799.0899998982454,2808.5999998957236,S2,qlearning,1,263,0.1,3.0,1.1,7.0,14.0,0.7,hinge
0.1053864168618267,8337.0,0,2234.3,2278.0,S2,qlearning,1,264,0.1,3.0,1.1,7.0,14.0,0.7,hinge
0.12323943661971831,8630.799999626726,3,2741.6,2829.0,S2,qlearning,1,265,0.1,3.0,1.1,7.0,14.0,0.7,hinge
0.14570858283433133,6814.080487716701,1,2048.4,2143.0,S2,qlearning,1,266,0.1,3.0,1.1,7.0,14.0,0.7,hinge
0.10659560293137908,8355.5,0,2334.6,2454.5,S2,qlearning,1,267,0.1,3.0,1.1,7.0,14.0,0.7,hinge
0.09525401069518717,8478.749999736496,3,2308.0299999889207,2378.0,S2,qlearning,1,268,0.1,3.0,1.1,7.0,14.0,0.7,hinge
0.09666080843585237,9630.598831064137,4,2776.579064851309,2881.098831064136,S2,qlearning,1,269,0.1,3.0,1.1,7.0,14.0,0.7,hinge
0.09428729894620078,10142.745633090539,2,2682.096506472431,2778.245633090539,S2,qlearning,1,270,0.1,3.0,1.1,7.0,14.0,0.7,hinge
0.06859993763642033,9206.247916594813,1,2750.5,2924.5,S2,qlearning,1,271,0.1,3.0,1.1,7.0,14.0,0.7,hinge
0.11246786632390746,8635.5,0,2185.2,2222.5,S2,qlearning,1,272,0.1,3.0,1.1,7.0,14.0,0.7,hinge
0.08967991169977925,10252.999999888387,2,2978.0,3052.5,S2,qlearning,1,273,0.1,3.0,1.1,7.0,14.0,0.7,hinge
0.10440835266821345,8415.5,0,2469.7,2496.5,S2,qlearning,1,274,0.1,3.0,1.1,7.0,14.0,0.7,hinge
0.0926497838171711,9154.486792210384,4,2453.4094338555587,2536.3867923194484,S2,qlearning,1,275,0.1,3.0,1.1,7.0,14.0,0.7,hinge
0.09534229446702094,8993.699999933182,1,2639.2999999999997,2766.0,S2,qlearning,1,276,0.1,3.0,1.1,7.0,14.0,0.7,hinge
0.11636107193229901,7897.36866308554,3,2233.0929632885304,2262.9653844523705,S2,qlearning,1,277,0.1,3.0,1.1,7.0,14.0,0.7,hinge
0.0762660158633313,9357.549999943383,1,2502.0,2505.0,S2,qlearning,1,278,0.1,3.0,1.1,7.0,14.0,0.7,hinge
0.1050964583933199,9739.438333064067,6,3133.6166665694795,3212.7149999277767,S2,qlearning,1,279,0.1,3.0,1.1,7.0,14.0,0.7,hinge
0.11019736842105263,8471.04999994539,1,2477.509999989078,2597.0,S2,qlearning,1,280,0.1,3.0,1.1,7.0,14.0,0.7,hinge
0.10909649661954518,9158.06717040956,8,2521.5597505605315,2530.8642855586645,S2,qlearning,1,281,0.1,3.0,1.1,7.0,14.0,0.7,hinge
0.09189640768588136,10114.099999825716,2,2521.0,2564.0,S2,qlearning,1,282,0.1,3.0,1.1,7.0,14.0,0.7,hinge
0.11080804636890555,8224.538794694587,5,2108.88775896389,2112.5,S2,qlearning,1,283,0.1,3.0,1.1,7.0,14.0,0.7,hinge
0.08352872215709262,9711.205340650547,4,3158.929433854428,3347.2867923180356,S2,qlearning,1,284,0.1,3.0,1.1,7.0,14.0,0.7,hinge
0.09421443736730362,10682.825834858579,6,2743.0801175067713,2773.5,S2,qlearning,1,285,0.1,3.0,1.1,7.0,14.0,0.7,hinge
0.12113484220592924,8747.699999720186,4,2517.5299999543035,2619.0,S2,qlearning,1,286,0.1,3.0,1.1,7.0,14.0,0.7,hinge
0.0927406459865686,8847.599999857212,2,2593.579999885769,2734.0999998572115,S2,qlearning,1,287,0.1,3.0,1.1,7.0,14.0,0.7,hinge
0.11103958802703573,8628.7,0,2311.8,2315.0,S2,qlearning,1,288,0.1,3.0,1.1,7.0,14.0,0.7,hinge
0.10967548076923077,9274.76521727226,2,2619.112173817807,2665.765217272259,S2,qlearning,1,289,0.1,3.0,1.1,7.0,14.0,0.7,hinge
0.11544715447154472,8574.404285963887,5,2354.4137983999385,2368.1166666256568,S2,qlearning,1,290,0.1,3.0,1.1,7.0,14.0,0.7,hinge
0.09416195856873823,8986.599999832608,2,2429.7399999330432,2502.5499999163044,S2,qlearning,1,291,0.1,3.0,1.1,7.0,14.0,0.7,hinge
0.1070154577883472,9393.0,0,2475.9,2524.0,S2,qlearning,1,292,0.1,3.0,1.1,7.0,14.0,0.7,hinge
0.11139517896274653,7643.0,0,2051.3,2072.5,S2,qlearning,1,293,0.1,3.0,1.1,7.0,14.0,0.7,hinge
0.09436881188118812,9179.511472912838,6,2710.7598830059655,2785.8248537574573,S2,qlearning,1,294,0.1,3.0,1.1,7.0,14.0,0.7,hinge
0.11762576909156713,7682.998458296142,5,1793.2407999193003,1801.6759998991254,S2,qlearning,1,295,0.1,3.0,1.1,7.0,14.0,0.7,hinge
0.13381078024877496,7269.9,0,2293.2,2365.0,S2,qlearning,1,296,0.1,3.0,1.1,7.0,14.0,0.7,hinge
0.11003236245954692,8622.288095187496,1,2565.557619037499,2593.5,S2,qlearning,1,297,0.1,3.0,1.1,7.0,14.0,0.7,hinge
0.12573481384715873,8440.599999795719,2,2586.2199999591435,2684.5,S2,qlearning,1,298,0.1,3.0,1.1,7.0,14.0,0.7,hinge
0.1354534746760895,6954.0,0,1775.0,1829.0,S2,qlearning,1,299,0.1,3.0,1.1,7.0,14.0,0.7,hinge
0.11761064685855772,8990.299999704996,3,2544.849999973082,2626.0,S2,qlearning,1,300,0.1,3.0,1.1,7.0,14.0,0.7,hinge
0.11367175334786671,8916.049999955492,1,2360.639999964393,2394.0499999554913,S2,qlearning,1,301,0.1,3.0,1.1,7.0,14.0,0.7,hinge
0.09479434447300772,8760.5,0,2302.0,2352.5,S2,qlearning,1,302,0.1,3.0,1.1,7.0,14.0,0.7,hinge
0.1122830894862198,8169.099999888383,2,2300.579999910706,2355.5999998883826,S2,qlearning,1,303,0.1,3.0,1.1,7.0,14.0,0.7,hinge
0.11457987379608103,8340.5,0,2463.2,2475.5,S2,qlearning,1,304,0.1,3.0,1.1,7.0,14.0,0.7,hinge
0.09491634491634492,8755.950735126016,3,2494.7399999877775,2556.0,S2,qlearning,1,305,0.1,3.0,1.1,7.0,14.0,0.7,hinge
0.09459924320605435,8213.098782107245,4,2511.979025685796,2658.098782107245,S2,qlearning,1,306,0.1,3.0,1.1,7.0,14.0,0.7,hinge
0.0999677523379555,8710.0,0,2198.9,2203.5,S2,qlearning,1,307,0.1,3.0,1.1,7.0,14.0,0.7,hinge
0.11829652996845426,8778.5,0,2435.6,2467.5,S2,qlearning,1,308,0.1,3.0,1.1,7.0,14.0,0.7,hinge
0.10161386730424388,9382.5,0,2516.6,2581.5,S2,qlearning,1,309,0.1,3.0,1.1,7.0,14.0,0.7,hinge
0.083593085860017,10086.354435657444,5,2981.9446807623463,3059.930850952933,S2,qlearning,1,310,0.1,3.0,1.1,7.0,14.0,0.7,hinge
0.09037990196078431,9220.79230754664,2,2454.458461509328,2499.5,S2,qlearning,1,311,0.1,3.0,1.1,7.0,14.0,0.7,hinge
0.11058684753759952,9442.794444321022,3,2887.5055554808796,3018.7444443611257,S2,qlearning,1,312,0.1,3.0,1.1,7.0,14.0,0.7,hinge
0.11225728155339806,9190.887036929083,2,2679.3074073598614,2827.0499999567414,S2,qlearning,1,313,0.1,3.0,1.1,7.0,14.0,0.7,hinge
0.09393831974477136,7975.246555980078,3,2154.9493111960155,2228.0,S2,qlearning,1,314,0.1,3.0,1.1,7.0,14.0,0.7,hinge
0.11410459587955626,8801.189473445407,4,2573.067894652988,2609.549999939844,S2,qlearning,1,315,0.1,3.0,1.1,7.0,14.0,0.7,hinge
0.1285583103764922,9012.630850549824,6,2616.8561701702397,2706.5,S2,qlearning,1,316,0.1,3.0,1.1,7.0,14.0,0.7,hinge
0.1091336467427804,8363.74999979554,2,2427.3,2475.0,S2,qlearning,1,317,0.1,3.0,1.1,7.0,14.0,0.7,hinge
0.0836940836940837,9862.227393144349,5,3081.1819145154786,3295.2273931443483,S2,qlearning,1,318,0.1,3.0,1.1,7.0,14.0,0.7,hinge
0.09830205540661305,9434.5,0,2787.2,2915.0,S2,qlearning,1,319,0.1,3.0,1.1,7.0,14.0,0.7,hinge
0.11339092872570194,7765.4,0,2171.2999999999997,2325.5,S2,qlearning,1,320,0.1,3.0,1.1,7.0,14.0,0.7,hinge
0.08919722497522299,8590.049999951874,1,2143.209999990375,2151.5,S2,qlearning,1,321,0.1,3.0,1.1,7.0,14.0,0.7,hinge
0.1465457083042568,7836.880015515146,5,2049.4415382929287,2082.176922866161,S2,qlearning,1,322,0.1,3.0,1.1,7.0,14.0,0.7,hinge
0.11872909698996656,8306.759826383948,3,2468.207861107159,2559.2598263839486,S2,qlearning,1,323,0.1,3.0,1.1,7.0,14.0,0.7,hinge
0.09536336731338375,8610.694161516783,6,2517.438832303357,2604.5,S2,qlearning,1,324,0.1,3.0,1.1,7.0,14.0,0.7,hinge
0.12096774193548387,8283.107381822148,5,2304.845905538771,2349.0573819234637,S2,qlearning,1,325,0.1,3.0,1.1,7.0,14.0,0.7,hinge
0.11166666666666666,8407.954650831924,4,2247.8009301126235,2262.6999998930555,S2,qlearning,1,326,0.1,3.0,1.1,7.0,14.0,0.7,hinge
0.12688488414858404,7519.099999548551,2,2219.0,2323.5,S2,qlearning,1,327,0.1,3.0,1.1,7.0,14.0,0.7,hinge
0.1002710027100271,10431.872310031053,6,2992.1580820750114,3138.0226026084592,S2,qlearning,1,328,0.1,3.0,1.1,7.0,14.0,0.7,hinge
0.12195121951219512,8391.4,0,2466.2,2561.0,S2,qlearning,1,329,0.1,3.0,1.1,7.0,14.0,0.7,hinge
0.13167388167388167,7630.1,0,2404.2999999999997,2487.5,S2,qlearning,1,330,0.1,3.0,1.1,7.0,14.0,0.7,hinge
0.09815765629719118,9407.228504769124,9,2550.31999997445,2633.5,S2,qlearning,1,331,0.1,3.0,1.1,7.0,14.0,0.7,hinge
0.11738957421408674,6960.9,0,2108.0,2188.0,S2,qlearning,1,332,0.1,3.0,1.1,7.0,14.0,0.7,hinge
0.11025886864813039,8748.749999758182,2,2169.6,2211.0,S2,qlearning,1,333,0.1,3.0,1.1,7.0,14.0,0.7,hinge
0.11142061281337047,9021.549999964187,1,2480.839999971349,2536.549999964186,S2,qlearning,1,334,0.1,3.0,1.1,7.0,14.0,0.7,hinge
0.11828271028037383,9499.962499813742,3,2839.8724999916517,2902.5,S2,qlearning,1,335,0.1,3.0,1.1,7.0,14.0,0.7,hinge
0.11935365405802424,7528.0499999125,1,2158.2,2179.0,S2,qlearning,1,336,0.1,3.0,1.1,7.0,14.0,0.7,hinge
0.1139068344100646,8181.654776545503,5,2353.2238212364023,2389.654776545503,S2,qlearning,1,337,0.1,3.0,1.1,7.0,14.0,0.7,hinge
0.10464355788096795,8526.049999952174,1,2686.739999961739,2898.549999952174,S2,qlearning,1,338,0.1,3.0,1.1,7.0,14.0,0.7,hinge
0.1547319179560993,7490.439473544733,2,1954.1515788357865,1959.4394735447331,S2,qlearning,1,339,0.1,3.0,1.1,7.0,14.0,0.7,hinge
0.10348071495766697,8959.099999841654,2,2202.2799998733226,2221.5999998416532,S2,qlearning,1,340,0.1,3.0,1.1,7.0,14.0,0.7,hinge
0.07940930621342993,10253.09346393979,2,2784.8747711518313,2826.093463939789,S2,qlearning,1,341,0.1,3.0,1.1,7.0,14.0,0.7,hinge
0.12008733624454149,8860.5,0,2384.1,2387.5,S2,qlearning,1,342,0.1,3.0,1.1,7.0,14.0,0.7,hinge
0.12843068261787474,7798.049999933043,1,2159.4,2171.5,S2,qlearning,1,343,0.1,3.0,1.1,7.0,14.0,0.7,hinge
0.09905133928571429,10103.92483193968,4,3166.764966423322,3271.5,S2,qlearning,1,344,0.1,3.0,1.1,7.0,14.0,0.7,hinge
0.11208967173738991,6936.0,0,1938.0,1944.5,S2,qlearning,1,345,0.1,3.0,1.1,7.0,14.0,0.7,hinge
0.1427996781979083,6784.038912387899,2,1998.5,2109.5,S2,qlearning,1,346,0.1,3.0,1.1,7.0,14.0,0.7,hinge
0.08330979949166901,10075.116666471424,4,2785.149999949753,2853.549999952469,S2,qlearning,1,347,0.1,3.0,1.1,7.0,14.0,0.7,hinge
0.11172224132004126,8097.049999936364,1,2231.939999949091,2303.5499999363637,S2,qlearning,1,348,0.1,3.0,1.1,7.0,14.0,0.7,hinge
0.0799744081893794,8959.844906943652,9,2327.1776726927587,2360.734831314509,S2,qlearning,1,349,0.1,3.0,1.1,7.0,14.0,0.7,hinge
0.10359339592101004,8657.549999948667,1,2306.8399999589333,2333.0499999486665,S2,qlearning,1,350,0.1,3.0,1.1,7.0,14.0,0.7,hinge
0.098960080509896,8392.699999703846,1,2219.9,2237.0,S2,qlearning,1,351,0.1,3.0,1.1,7.0,14.0,0.7,hinge
0.10888057162300102,8207.549999802564,1,2030.2,2040.5,S2,qlearning,1,352,0.1,3.0,1.1,7.0,14.0,0.7,hinge
0.11339258351210542,9071.270258500488,2,2332.1162068003905,2367.270258500488,S2,qlearning,1,353,0.1,3.0,1.1,7.0,14.0,0.7,hinge
0.1217739003998546,7644.0499998737705,1,1986.9,2000.5,S2,qlearning,1,354,0.1,3.0,1.1,7.0,14.0,0.7,hinge
0.09935710111046171,9605.0,0,2763.7,2764.5,S2,qlearning,1,355,0.1,3.0,1.1,7.0,14.0,0.7,hinge
0.11327330816148708,9561.599999878394,2,2553.979999902715,2562.5999998783936,S2,qlearning,1,356,0.1,3.0,1.1,7.0,14.0,0.7,hinge
0.1370757180156658,8362.5,0,2131.5,2176.0,S2,qlearning,1,357,0.1,3.0,1.1,7.0,14.0,0.7,hinge
0.08931471256901591,8776.937980113486,8,2167.599134200041,2176.3692302772397,S2,qlearning,1,358,0.1,3.0,1.1,7.0,14.0,0.7,hinge
0.0949367088607595,7576.5,0,2162.6,2237.0,S2,qlearning,1,359,0.1,3.0,1.1,7.0,14.0,0.7,hinge
0.09217286189181022,9318.749999918666,2,2845.8999999349317,2980.749999918665,S2,qlearning,1,360,0.1,3.0,1.1,7.0,14.0,0.7,hinge
0.10416666666666667,8249.624268699514,5,2509.0648536651483,2651.8999998754093,S2,qlearning,1,361,0.1,3.0,1.1,7.0,14.0,0.7,hinge
0.11892963330029732,8372.7,0,2429.3,2482.0,S2,qlearning,1,362,0.1,3.0,1.1,7.0,14.0,0.7,hinge
0.08957654723127036,8692.161110910929,3,2049.3,2060.0,S2,qlearning,1,363,0.1,3.0,1.1,7.0,14.0,0.7,hinge
0.08463008463008463,10389.199415099103,2,2938.7298830329833,2943.0,S2,qlearning,1,364,0.1,3.0,1.1,7.0,14.0,0.7,hinge
0.12218045112781954,8852.222221949885,4,2202.9199999634466,2230.0,S2,qlearning,1,365,0.1,3.0,1.1,7.0,14.0,0.7,hinge
0.1267605633802817,7809.5999998332745,2,2029.8099999826966,2039.0,S2,qlearning,1,366,0.1,3.0,1.1,7.0,14.0,0.7,hinge
0.10626992561105207,7898.895032855134,3,2261.8099999836168,2331.5,S2,qlearning,1,367,0.1,3.0,1.1,7.0,14.0,0.7,hinge
0.09302325581395349,9694.049999956742,1,2711.7099999913485,2754.5,S2,qlearning,1,368,0.1,3.0,1.1,7.0,14.0,0.7,hinge
0.12839059674502712,7632.599999891544,2,2046.4799999132351,2048.599999891544,S2,qlearning,1,369,0.1,3.0,1.1,7.0,14.0,0.7,hinge
0.10262449528936743,8347.377704701512,3,2133.4611929443254,2199.2014911804067,S2,qlearning,1,370,0.1,3.0,1.1,7.0,14.0,0.7,hinge
0.10140941904434514,8221.568227366773,9,2136.389999946132,2161.5,S2,qlearning,1,371,0.1,3.0,1.1,7.0,14.0,0.7,hinge
0.10572139303482588,9022.695454381417,3,2545.7990908113097,2647.0999998917105,S2,qlearning,1,372,0.1,3.0,1.1,7.0,14.0,0.7,hinge
0.09424603174603174,8490.949999918947,1,2243.8,2278.0,S2,qlearning,1,373,0.1,3.0,1.1,7.0,14.0,0.7,hinge
0.09772565742714996,8000.628947232543,2,2157.7424561274347,2236.5,S2,qlearning,1,374,0.1,3.0,1.1,7.0,14.0,0.7,hinge
0.10544538873150772,8868.5,0,2211.9,2223.5,S2,qlearning,1,375,0.1,3.0,1.1,7.0,14.0,0.7,hinge
0.08798091261556815,9485.780769178806,1,2576.7,2691.0,S2,qlearning,1,376,0.1,3.0,1.1,7.0,14.0,0.7,hinge
0.09218612818261633,9647.049999909412,1,2842.7999999999997,2931.5,S2,qlearning,1,377,0.1,3.0,1.1,7.0,14.0,0.7,hinge
0.08579599618684461,8916.0,0,2397.6,2418.0,S2,qlearning,1,378,0.1,3.0,1.1,7.0,14.0,0.7,hinge
0.10413167618407793,8384.178086915124,5,2449.9024696037277,2468.8780870046594,S2,qlearning,1,379,0.1,3.0,1.1,7.0,14.0,0.7,hinge
0.10839160839160839,7968.149999911494,1,2069.0,2111.5,S2,qlearning,1,380,0.1,3.0,1.1,7.0,14.0,0.7,hinge
0.13192612137203166,8376.117851176039,6,2446.4949122261705,2612.0,S2,qlearning,1,381,0.1,3.0,1.1,7.0,14.0,0.7,hinge
0.09011627906976744,9738.223239212733,3,2777.9446478425466,2897.0,S2,qlearning,1,382,0.1,3.0,1.1,7.0,14.0,0.7,hinge
0.09352037408149633,8479.870631594022,4,2277.7099999812194,2373.5,S2,qlearning,1,383,0.1,3.0,1.1,7.0,14.0,0.7,hinge
0.12037037037037036,8969.099999856717,2,2431.379999885373,2543.5999998567163,S2,qlearning,1,384,0.1,3.0,1.1,7.0,14.0,0.7,hinge
0.08153846153846153,9273.2,0,2664.5,2679.0,S2,qlearning,1,385,0.1,3.0,1.1,7.0,14.0,0.7,hinge
0.11606597434331094,9110.399999842173,2,2333.679999968435,2339.0,S2,qlearning,1,386,0.1,3.0,1.1,7.0,14.0,0.7,hinge
0.1186887716654107,7385.049999789431,2,2392.3999999999996,2530.0,S2,qlearning,1,387,0.1,3.0,1.1,7.0,14.0,0.7,hinge
0.10519172039362062,8248.0,0,2008.8,2018.0,S2,qlearning,1,388,0.1,3.0,1.1,7.0,14.0,0.7,hinge
0.10762173606210304,7874.5,0,2125.3,2150.0,S2,qlearning,1,389,0.1,3.0,1.1,7.0,14.0,0.7,hinge
0.08620689655172414,10892.03770446694,6,3414.4037704619345,3656.5,S2,qlearning,1,390,0.1,3.0,1.1,7.0,14.0,0.7,hinge
0.11080332409972299,9070.322042746662,3,2362.9199999619605,2381.0,S2,qlearning,1,391,0.1,3.0,1.1,7.0,14.0,0.7,hinge
0.0919175911251981,8896.049999920619,1,2504.4099999841237,2512.0,S2,qlearning,1,392,0.1,3.0,1.1,7.0,14.0,0.7,hinge
0.11952923869069511,7528.8,0,2185.34,2216.5,S2,qlearning,1,393,0.1,3.0,1.1,7.0,14.0,0.7,hinge
0.12671594508975711,7883.699999948667,1,2288.539999989733,2298.5,S2,qlearning,1,394,0.1,3.0,1.1,7.0,14.0,0.7,hinge
0.09759759759759759,9388.103900511293,3,2503.4031205267866,2549.003900658483,S2,qlearning,1,395,0.1,3.0,1.1,7.0,14.0,0.7,hinge
0.09755342211210902,9157.592271071788,6,2424.1984541103557,2468.1499998007375,S2,qlearning,1,396,0.1,3.0,1.1,7.0,14.0,0.7,hinge
0.12495406100698273,7534.599999835,2,2159.119999967,2193.5,S2,qlearning,1,397,0.1,3.0,1.1,7.0,14.0,0.7,hinge
0.08695652173913043,10459.849999894714,2,2733.8799999157714,2777.849999894714,S2,qlearning,1,398,0.1,3.0,1.1,7.0,14.0,0.7,hinge
0.11067063098777667,8452.8,0,2303.26,2356.5,S2,qlearning,1,399,0.1,3.0,1.1,7.0,14.0,0.7,hinge
0.10368663594470046,8507.299992038143,3,2696.4099999834407,2803.5,S2,qlearning,1,400,0.1,3.0,1.1,7.0,14.0,0.7,hinge
0.10801963993453355,8511.4,0,2634.3,2660.0,S2,qlearning,1,401,0.1,3.0,1.1,7.0,14.0,0.7,hinge
0.10366275051831375,8123.049999927359,1,2010.4099999854716,2015.5,S2,qlearning,1,402,0.1,3.0,1.1,7.0,14.0,0.7,hinge
0.10153946937438585,8610.249999609454,6,2549.6399997843723,2592.149999770803,S2,qlearning,1,403,0.1,3.0,1.1,7.0,14.0,0.7,hinge
0.11232544019429265,9175.0,0,2281.0,2298.0,S2,qlearning,1,404,0.1,3.0,1.1,7.0,14.0,0.7,hinge
0.07778738115816768,9901.5,0,2656.2999999999997,2730.0,S2,qlearning,1,405,0.1,3.0,1.1,7.0,14.0,0.7,hinge
0.10981468771448182,8198.567873341251,6,2207.3435746262503,2217.04999993,S2,qlearning,1,406,0.1,3.0,1.1,7.0,14.0,0.7,hinge
0.11103518961393918,8211.89864804768,4,2248.7999999999997,2331.0,S2,qlearning,1,407,0.1,3.0,1.1,7.0,14.0,0.7,hinge
0.09212481426448738,9491.0,0,2850.7,2991.0,S2,qlearning,1,408,0.1,3.0,1.1,7.0,14.0,0.7,hinge
0.11664564943253468,8835.948958100917,4,2518.0399998748912,2612.7999998436144,S2,qlearning,1,409,0.1,3.0,1.1,7.0,14.0,0.7,hinge
0.095952023988006,9409.5,0,2612.4,2681.5,S2,qlearning,1,410,0.1,3.0,1.1,7.0,14.0,0.7,hinge
0.12531783508899383,7594.7,0,2030.9,2043.0,S2,qlearning,1,411,0.1,3.0,1.1,7.0,14.0,0.7,hinge
0.10745685444480625,8573.549999956,1,2498.7099999911998,2558.5,S2,qlearning,1,412,0.1,3.0,1.1,7.0,14.0,0.7,hinge
0.11047215496368039,9219.541610540182,3,2729.193288502145,2834.9916106276814,S2,qlearning,1,413,0.1,3.0,1.1,7.0,14.0,0.7,hinge
0.09671993271656855,10069.986574472116,5,2939.3210246028298,2980.2395160694396,S2,qlearning,1,414,0.1,3.0,1.1,7.0,14.0,0.7,hinge
0.07719714964370546,9607.5,0,2691.5,2771.5,S2,qlearning,1,415,0.1,3.0,1.1,7.0,14.0,0.7,hinge
0.0954653937947494,10589.2,0,3396.6,3497.5,S2,qlearning,1,416,0.1,3.0,1.1,7.0,14.0,0.7,hinge
0.08728590250329381,8600.5,0,2621.2999999999997,2746.5,S2,qlearning,1,417,0.1,3.0,1.1,7.0,14.0,0.7,hinge
0.07165190203230849,10986.857861533315,2,2826.2,2861.0,S2,qlearning,1,418,0.1,3.0,1.1,7.0,14.0,0.7,hinge
0.09159034138218151,10201.79402830113,8,2794.3520527951237,2909.1900659939047,S2,qlearning,1,419,0.1,3.0,1.1,7.0,14.0,0.7,hinge
0.1019385026737968,8392.16644248996,4,2444.003288581656,2491.0,S2,qlearning,1,420,0.1,3.0,1.1,7.0,14.0,0.7,hinge
0.136986301369863,7993.099999911411,2,2427.7799999291287,2571.099999911411,S2,qlearning,1,421,0.1,3.0,1.1,7.0,14.0,0.7,hinge
0.08642363293526084,9010.34357791749,1,2749.668715583498,2863.0,S2,qlearning,1,422,0.1,3.0,1.1,7.0,14.0,0.7,hinge
0.11259791122715404,8543.09999986291,2,2551.179999890328,2598.09999986291,S2,qlearning,1,423,0.1,3.0,1.1,7.0,14.0,0.7,hinge
0.07492354740061162,9369.210975410495,3,2752.742195082099,2780.0,S2,qlearning,1,424,0.1,3.0,1.1,7.0,14.0,0.7,hinge
0.13183915622940012,8319.226063731161,2,2454.3452127462324,2485.0,S2,qlearning,1,425,0.1,3.0,1.1,7.0,14.0,0.7,hinge
0.09453471196454949,9574.66910739809,3,2689.919999832126,2825.0,S2,qlearning,1,426,0.1,3.0,1.1,7.0,14.0,0.7,hinge
0.09340162699608316,9386.29999973945,4,2652.4499999742457,2714.0,S2,qlearning,1,427,0.1,3.0,1.1,7.0,14.0,0.7,hinge
0.08373934226552984,9388.863664892593,4,2465.903982951448,2565.2187499548827,S2,qlearning,1,428,0.1,3.0,1.1,7.0,14.0,0.7,hinge
0.09977101733725875,8608.898766357277,5,2500.1480644200597,2512.6903224837256,S2,qlearning,1,429,0.1,3.0,1.1,7.0,14.0,0.7,hinge
0.09516616314199396,9313.149999650459,3,2500.279999795489,2520.099999744361,S2,qlearning,1,430,0.1,3.0,1.1,7.0,14.0,0.7,hinge
0.08651551312649165,9538.449999767803,3,2608.2,2642.0,S2,qlearning,1,431,0.1,3.0,1.1,7.0,14.0,0.7,hinge
0.11819116135662898,8141.649999720838,5,2331.939999840816,2448.6499998277477,S2,qlearning,1,432,0.1,3.0,1.1,7.0,14.0,0.7,hinge
0.10107597000326052,8737.814283445354,6,2390.4314284545703,2454.8142856114528,S2,qlearning,1,433,0.1,3.0,1.1,7.0,14.0,0.7,hinge
0.10039549741405537,9275.90597341592,7,2710.716397974948,2759.0,S2,qlearning,1,434,0.1,3.0,1.1,7.0,14.0,0.7,hinge
0.1017394158188382,8563.716666094087,3,2593.7433332188175,2744.0,S2,qlearning,1,435,0.1,3.0,1.1,7.0,14.0,0.7,hinge
0.12139851084493364,8549.609553999146,2,2421.1099999809876,2439.0,S2,qlearning,1,436,0.1,3.0,1.1,7.0,14.0,0.7,hinge
0.07749627421758569,9577.196858549207,2,2421.4,2495.0,S2,qlearning,1,437,0.1,3.0,1.1,7.0,14.0,0.7,hinge
0.11620700340873877,9056.87296637971,12,2562.4434886280233,2605.364825518052,S2,qlearning,1,438,0.1,3.0,1.1,7.0,14.0,0.7,hinge
0.08036236119228521,9793.532352755146,3,2843.7364704996958,2859.0499999144445,S2,qlearning,1,439,0.1,3.0,1.1,7.0,14.0,0.7,hinge
0.11454924129723297,9363.199999755874,4,2844.4599998046997,3008.1999997558746,S2,qlearning,1,440,0.1,3.0,1.1,7.0,14.0,0.7,hinge
0.07946598855689765,8978.049999948667,1,2384.939999958933,2433.0499999486665,S2,qlearning,1,441,0.1,3.0,1.1,7.0,14.0,0.7,hinge
0.07602862254025045,9641.455072151392,5,2641.464057721113,2665.9550721513915,S2,qlearning,1,442,0.1,3.0,1.1,7.0,14.0,0.7,hinge
0.10620689655172413,10095.5,0,2705.0,2721.5,S2,qlearning,1,443,0.1,3.0,1.1,7.0,14.0,0.7,hinge
0.11754966887417219,8373.24999985087,2,2189.6999998806964,2191.2499998508706,S2,qlearning,1,444,0.1,3.0,1.1,7.0,14.0,0.7,hinge
0.11028219266947778,8598.625306587863,3,2358.888780443831,2410.1109755547886,S2,qlearning,1,445,0.1,3.0,1.1,7.0,14.0,0.7,hinge
0.10823170731707317,9147.549999925961,1,2389.639999940769,2413.0499999259614,S2,qlearning,1,446,0.1,3.0,1.1,7.0,14.0,0.7,hinge
0.09793988517392772,8379.545032697783,5,2475.786026296396,2564.795032928066,S2,qlearning,1,447,0.1,3.0,1.1,7.0,14.0,0.7,hinge
0.09990331936835321,8677.5,0,2487.2,2621.5,S2,qlearning,1,448,0.1,3.0,1.1,7.0,14.0,0.7,hinge
0.076668671076368,9463.3,0,2404.66,2423.5,S2,qlearning,1,449,0.1,3.0,1.1,7.0,14.0,0.7,hinge
0.1005453306066803,8251.049999917204,1,2173.509999983441,2181.5,S2,qlearning,1,450,0.1,3.0,1.1,7.0,14.0,0.7,hinge
0.09306803594351733,8771.0,0,2391.6,2437.0,S2,qlearning,1,451,0.1,3.0,1.1,7.0,14.0,0.7,hinge
0.07560483870967742,8463.5,0,2231.3,2268.5,S2,qlearning,1,452,0.1,3.0,1.1,7.0,14.0,0.7,hinge
0.10726865193723983,8714.84999989,1,2405.449999978,2420.3,S2,qlearning,1,453,0.1,3.0,1.1,7.0,14.0,0.7,hinge
0.11506276150627615,7969.849999763694,3,2535.3299999527385,2683.5,S2,qlearning,1,454,0.1,3.0,1.1,7.0,14.0,0.7,hinge
0.08762886597938144,8257.599999559203,2,2470.8,2509.5,S2,qlearning,1,455,0.1,3.0,1.1,7.0,14.0,0.7,hinge
0.10194015126603091,8531.099999896342,2,2650.879999917073,2786.099999896341,S2,qlearning,1,456,0.1,3.0,1.1,7.0,14.0,0.7,hinge
0.12641993404177354,7543.14166631985,4,2013.1799998725296,2023.099999840662,S2,qlearning,1,457,0.1,3.0,1.1,7.0,14.0,0.7,hinge
0.10856269113149847,9124.149999734082,3,2713.359999894316,2844.0499999125,S2,qlearning,1,458,0.1,3.0,1.1,7.0,14.0,0.7,hinge
0.09162303664921466,9697.14999984826,3,2667.9899999066083,2690.599999894927,S2,qlearning,1,459,0.1,3.0,1.1,7.0,14.0,0.7,hinge
0.09824992324224746,9126.0,0,2266.7,2318.0,S2,qlearning,1,460,0.1,3.0,1.1,7.0,14.0,0.7,hinge
0.10020040080160321,8413.5,0,2252.6,2260.5,S2,qlearning,1,461,0.1,3.0,1.1,7.0,14.0,0.7,hinge
0.08250355618776671,10009.09999988709,2,2707.1,2708.5,S2,qlearning,1,462,0.1,3.0,1.1,7.0,14.0,0.7,hinge
0.09845749917952085,8560.049999825,1,2295.9,2382.5,S2,qlearning,1,463,0.1,3.0,1.1,7.0,14.0,0.7,hinge
0.11245110821382008,8563.69000772828,2,2213.6520061826245,2217.6900077282808,S2,qlearning,1,464,0.1,3.0,1.1,7.0,14.0,0.7,hinge
0.096051227321238,7948.799999484647,5,2318.969999918154,2335.6999999125,S2,qlearning,1,465,0.1,3.0,1.1,7.0,14.0,0.7,hinge
0.10398098633392751,9391.3,0,2666.9,2775.5,S2,qlearning,1,466,0.1,3.0,1.1,7.0,14.0,0.7,hinge
0.12258064516129032,8574.0,0,2163.0,2169.5,S2,qlearning,1,467,0.1,3.0,1.1,7.0,14.0,0.7,hinge
0.1107188703465982,8727.980850616615,6,2514.984680493293,2574.4808506166164,S2,qlearning,1,468,0.1,3.0,1.1,7.0,14.0,0.7,hinge
0.09883720930232558,9661.549999952174,1,2716.5399999617393,2770.549999952174,S2,qlearning,1,469,0.1,3.0,1.1,7.0,14.0,0.7,hinge
0.08282476024411509,9777.5,0,2891.2,2959.5,S2,qlearning,1,470,0.1,3.0,1.1,7.0,14.0,0.7,hinge
0.12697022767075306,6297.0,0,1628.2,1649.5,S2,qlearning,1,471,0.1,3.0,1.1,7.0,14.0,0.7,hinge
0.11033099297893681,8298.0,0,2742.7999999999997,2858.0,S2,qlearning,1,472,0.1,3.0,1.1,7.0,14.0,0.7,hinge
0.10299909118448955,9272.152072180215,5,2366.811657821572,2435.152072294956,S2,qlearning,1,473,0.1,3.0,1.1,7.0,14.0,0.7,hinge
0.1112609575185435,8264.067254558904,3,2554.574117638799,2707.5,S2,qlearning,1,474,0.1,3.0,1.1,7.0,14.0,0.7,hinge
0.09769933816577371,8913.172548947818,1,2288.0,2302.5,S2,qlearning,1,475,0.1,3.0,1.1,7.0,14.0,0.7,hinge
0.06580915345498056,9660.67723530899,5,2611.6199999427154,2637.5,S2,qlearning,1,476,0.1,3.0,1.1,7.0,14.0,0.7,hinge
0.09288468279004557,8065.121186304337,2,1879.4,1882.5,S2,qlearning,1,477,0.1,3.0,1.1,7.0,14.0,0.7,hinge
0.11276827937431794,7664.599999845544,2,2085.509999986609,2103.5,S2,qlearning,1,478,0.1,3.0,1.1,7.0,14.0,0.7,hinge
0.09127210496292071,9961.843951948282,9,2767.4047363553445,2834.718420540198,S2,qlearning,1,479,0.1,3.0,1.1,7.0,14.0,0.7,hinge
0.11309740970448741,7668.049999747869,2,2496.8399999703843,2706.0,S2,qlearning,1,480,0.1,3.0,1.1,7.0,14.0,0.7,hinge
0.10509440684004275,7953.198954274752,4,2173.4844826983,2183.718103384758,S2,qlearning,1,481,0.1,3.0,1.1,7.0,14.0,0.7,hinge
0.11571481896229936,7457.499999430463,2,2393.509999988759,2449.5,S2,qlearning,1,482,0.1,3.0,1.1,7.0,14.0,0.7,hinge
0.10467233009708737,9249.784426110647,2,2749.546885233796,2885.0,S2,qlearning,1,483,0.1,3.0,1.1,7.0,14.0,0.7,hinge
0.11586739620212423,8667.287586115363,2,2547.0875171991343,2678.0499999601034,S2,qlearning,1,484,0.1,3.0,1.1,7.0,14.0,0.7,hinge
0.09922041105598867,7932.226470526248,1,2147.0452941052495,2190.5,S2,qlearning,1,485,0.1,3.0,1.1,7.0,14.0,0.7,hinge
0.13326031398320554,7509.4,0,2321.1,2339.5,S2,qlearning,1,486,0.1,3.0,1.1,7.0,14.0,0.7,hinge
0.09958791208791208,8179.549997433334,1,2657.6,2699.0,S2,qlearning,1,487,0.1,3.0,1.1,7.0,14.0,0.7,hinge
0.10215053763440861,7824.7,0,2542.2,2645.5,S2,qlearning,1,488,0.1,3.0,1.1,7.0,14.0,0.7,hinge
0.08666047663262148,9255.83173988423,10,3040.929860487801,3135.1058541085167,S2,qlearning,1,489,0.1,3.0,1.1,7.0,14.0,0.7,hinge
0.10118856408609059,8752.792843526704,4,2479.434274821364,2509.292843526705,S2,qlearning,1,490,0.1,3.0,1.1,7.0,14.0,0.7,hinge
0.11867905056759546,8056.036792226304,4,2362.017358400154,2488.599999904289,S2,qlearning,1,491,0.1,3.0,1.1,7.0,14.0,0.7,hinge
0.09525249470819473,9291.0,0,2739.3999999999996,2889.0,S2,qlearning,1,492,0.1,3.0,1.1,7.0,14.0,0.7,hinge
0.11021693491952414,7957.549999946154,1,2077.939999956923,2110.549999946154,S2,qlearning,1,493,0.1,3.0,1.1,7.0,14.0,0.7,hinge
0.10315078769692423,7463.349999929358,1,1934.9,1939.0,S2,qlearning,1,494,0.1,3.0,1.1,7.0,14.0,0.7,hinge
0.10441767068273092,10423.184831422277,1,3296.8999999999996,3571.0,S2,qlearning,1,495,0.1,3.0,1.1,7.0,14.0,0.7,hinge
0.09916826615483046,8771.04999993063,1,2788.0,2992.0,S2,qlearning,1,496,0.1,3.0,1.1,7.0,14.0,0.7,hinge
0.09028642590286426,9109.564154312207,7,2672.8719148968025,2787.1304877114308,S2,qlearning,1,497,0.1,3.0,1.1,7.0,14.0,0.7,hinge
0.1022530329289428,8168.399999585997,5,2369.1499998157847,2399.799999800779,S2,qlearning,1,498,0.1,3.0,1.1,7.0,14.0,0.7,hinge
0.10428907168037603,9555.160085726651,5,2773.1880686247014,2891.110085780877,S2,qlearning,1,499,0.1,3.0,1.1,7.0,14.0,0.7,hinge
0.11286681715575621,8660.2,0,2314.8,2345.0,S2,qlearning,1,500,0.1,3.0,1.1,7.0,14.0,0.7,hinge
0.12495600140795494,7824.122289075032,1,2000.6244578150065,2014.5,S2,qlearning,1,501,0.1,3.0,1.1,7.0,14.0,0.7,hinge
0.09730283373164902,8257.2,0,2314.8,2317.5,S2,qlearning,1,502,0.1,3.0,1.1,7.0,14.0,0.7,hinge
0.11779630300833635,7704.4882350921725,3,2096.8076469473576,2132.5499998815385,S2,qlearning,1,503,0.1,3.0,1.1,7.0,14.0,0.7,hinge
0.1267710663683818,7416.076904316593,5,1971.5615234532745,2033.076904316593,S2,qlearning,1,504,0.1,3.0,1.1,7.0,14.0,0.7,hinge
0.09227400688145136,9019.549999946154,1,2728.6,2787.5,S2,qlearning,1,505,0.1,3.0,1.1,7.0,14.0,0.7,hinge
0.0880281690140845,9672.29999990979,2,3116.2799999278323,3295.5999999097903,S2,qlearning,1,506,0.1,3.0,1.1,7.0,14.0,0.7,hinge
0.12844378257632166,7412.887499821037,3,2311.077499964207,2434.0,S2,qlearning,1,507,0.1,3.0,1.1,7.0,14.0,0.7,hinge
0.09956076134699854,9575.9,0,2599.7,2625.0,S2,qlearning,1,508,0.1,3.0,1.1,7.0,14.0,0.7,hinge
0.08936825885978428,9225.493700497167,5,2501.619999854119,2551.149999817649,S2,qlearning,1,509,0.1,3.0,1.1,7.0,14.0,0.7,hinge
0.1026694045174538,8295.983127084994,11,2058.164716745299,2071.9499997469848,S2,qlearning,1,510,0.1,3.0,1.1,7.0,14.0,0.7,hinge
0.08913267055193692,8288.549999901283,1,2629.7999999999997,2748.5,S2,qlearning,1,511,0.1,3.0,1.1,7.0,14.0,0.7,hinge
0.1111871365035922,8109.7,0,2174.4,2202.0,S2,qlearning,1,512,0.1,3.0,1.1,7.0,14.0,0.7,hinge
0.12527233115468409,7626.179411000436,3,1949.3999999999999,1996.0,S2,qlearning,1,513,0.1,3.0,1.1,7.0,14.0,0.7,hinge
0.0882079851439183,9121.5,0,3047.0,3211.5,S2,qlearning,1,514,0.1,3.0,1.1,7.0,14.0,0.7,hinge
0.10346837656659866,9651.424650497212,5,2684.509999978904,2685.0,S2,qlearning,1,515,0.1,3.0,1.1,7.0,14.0,0.7,hinge
0.12779552715654952,8598.5,0,2263.7,2284.0,S2,qlearning,1,516,0.1,3.0,1.1,7.0,14.0,0.7,hinge
0.08944230094703613,8103.0,0,2201.5,2275.5,S2,qlearning,1,517,0.1,3.0,1.1,7.0,14.0,0.7,hinge
0.08573277256551277,8770.805506576848,1,2473.98,2601.0,S2,qlearning,1,518,0.1,3.0,1.1,7.0,14.0,0.7,hinge
0.09834223096375386,10005.049999925242,1,2559.2,2585.0,S2,qlearning,1,519,0.1,3.0,1.1,7.0,14.0,0.7,hinge
0.12405237767057202,8091.632630771269,5,2533.8199999383764,2694.5,S2,qlearning,1,520,0.1,3.0,1.1,7.0,14.0,0.7,hinge
0.12208454810495627,7642.772221913059,5,2268.8277776622776,2341.3222221327765,S2,qlearning,1,521,0.1,3.0,1.1,7.0,14.0,0.7,hinge
0.12004365223717715,7583.0,0,2002.1,2051.0,S2,qlearning,1,522,0.1,3.0,1.1,7.0,14.0,0.7,hinge
0.12660619803476947,7318.021100645101,5,1875.679999900587,1881.5999998757338,S2,qlearning,1,523,0.1,3.0,1.1,7.0,14.0,0.7,hinge
0.09243974909210961,8536.5,0,2569.7999999999997,2636.5,S2,qlearning,1,524,0.1,3.0,1.1,7.0,14.0,0.7,hinge
0.10814249363867684,8798.5,0,2643.7,2715.0,S2,qlearning,1,525,0.1,3.0,1.1,7.0,14.0,0.7,hinge
0.11511024643320363,8569.5,0,2420.2,2450.5,S2,qlearning,1,526,0.1,3.0,1.1,7.0,14.0,0.7,hinge
0.1041286079649251,7717.966749238786,5,2064.5033994673977,2076.8167493660676,S2,qlearning,1,527,0.1,3.0,1.1,7.0,14.0,0.7,hinge
0.09405339805825243,9335.64999975652,3,2771.7,2802.5,S2,qlearning,1,528,0.1,3.0,1.1,7.0,14.0,0.7,hinge
0.09330223258913696,8439.5,0,2395.8,2431.5,S2,qlearning,1,529,0.1,3.0,1.1,7.0,14.0,0.7,hinge
0.08430609597924774,8769.249999891692,2,2320.5,2391.5,S2,qlearning,1,530,0.1,3.0,1.1,7.0,14.0,0.7,hinge
0.1330414280902661,8119.5,0,2123.5,2181.0,S2,qlearning,1,531,0.1,3.0,1.1,7.0,14.0,0.7,hinge
0.10819009100101112,8325.94999983617,1,2426.3,2469.5,S2,qlearning,1,532,0.1,3.0,1.1,7.0,14.0,0.7,hinge
0.10006561679790026,8555.0,0,2309.7,2388.0,S2,qlearning,1,533,0.1,3.0,1.1,7.0,14.0,0.7,hinge
0.1332033788174139,8511.930768443528,6,2286.1746151959887,2330.2807691788057,S2,qlearning,1,534,0.1,3.0,1.1,7.0,14.0,0.7,hinge
0.09417808219178082,8263.966666269429,4,2478.393333253886,2547.5,S2,qlearning,1,535,0.1,3.0,1.1,7.0,14.0,0.7,hinge
0.09043927648578812,8836.696526379383,8,2460.695305336357,2497.0,S2,qlearning,1,536,0.1,3.0,1.1,7.0,14.0,0.7,hinge
0.11470281543274244,7986.7,0,2425.24,2508.0,S2,qlearning,1,537,0.1,3.0,1.1,7.0,14.0,0.7,hinge
0.1111111111111111,7462.097317680724,5,2054.8111875631607,2114.4862067116933,S2,qlearning,1,538,0.1,3.0,1.1,7.0,14.0,0.7,hinge
0.11359894632861377,8440.5,0,2504.7999999999997,2579.5,S2,qlearning,1,539,0.1,3.0,1.1,7.0,14.0,0.7,hinge
0.11162790697674418,9042.501321915965,7,2545.2810577348514,2575.8513221685644,S2,qlearning,1,540,0.1,3.0,1.1,7.0,14.0,0.7,hinge
0.1134089392928619,8359.352426614052,3,2576.081941291241,2592.852426614051,S2,qlearning,1,541,0.1,3.0,1.1,7.0,14.0,0.7,hinge
0.12181409295352325,7363.049999888406,1,1934.3,1960.0,S2,qlearning,1,542,0.1,3.0,1.1,7.0,14.0,0.7,hinge
0.097856477166822,9065.731770640135,3,2605.196354101724,2661.083333289495,S2,qlearning,1,543,0.1,3.0,1.1,7.0,14.0,0.7,hinge
0.1052163604030824,9440.399999923913,2,2508.2199999391305,2555.899999923913,S2,qlearning,1,544,0.1,3.0,1.1,7.0,14.0,0.7,hinge
0.10775862068965517,8399.0,0,2645.3999999999996,2797.0,S2,qlearning,1,545,0.1,3.0,1.1,7.0,14.0,0.7,hinge
0.13012618296529968,6986.399999842187,2,1935.7099999826967,1937.5,S2,qlearning,1,546,0.1,3.0,1.1,7.0,14.0,0.7,hinge
0.09876943005181348,8653.0,0,2372.1,2392.5,S2,qlearning,1,547,0.1,3.0,1.1,7.0,14.0,0.7,hinge
0.0931013431013431,9249.599999807111,2,2535.209999992222,2542.5,S2,qlearning,1,548,0.1,3.0,1.1,7.0,14.0,0.7,hinge
0.09608900876601484,8359.5,0,2016.8,2020.0,S2,qlearning,1,549,0.1,3.0,1.1,7.0,14.0,0.7,hinge
0.12378721980595517,8327.898340060317,11,2177.22815983121,2191.772699802474,S2,qlearning,1,550,0.1,3.0,1.1,7.0,14.0,0.7,hinge
0.11220196353436185,7923.136841753299,3,2305.5173683723497,2419.0,S2,qlearning,1,551,0.1,3.0,1.1,7.0,14.0,0.7,hinge
0.10006253908692933,8976.5,0,2640.5,2725.5,S2,qlearning,1,552,0.1,3.0,1.1,7.0,14.0,0.7,hinge
0.09312780989081568,8772.0,0,2627.6,2749.5,S2,qlearning,1,553,0.1,3.0,1.1,7.0,14.0,0.7,hinge
0.10918888258650028,9884.709803505073,6,2603.286666629671,2606.6999999638497,S2,qlearning,1,554,0.1,3.0,1.1,7.0,14.0,0.7,hinge
0.08314220183486239,9941.199999791223,4,2908.8599999425505,2929.5499999549706,S2,qlearning,1,555,0.1,3.0,1.1,7.0,14.0,0.7,hinge
0.12665001783803068,7701.4,0,2011.5,2024.0,S2,qlearning,1,556,0.1,3.0,1.1,7.0,14.0,0.7,hinge
0.08992248062015504,9182.378873008027,3,2472.763098493183,2474.8288731164785,S2,qlearning,1,557,0.1,3.0,1.1,7.0,14.0,0.7,hinge
0.09956853634251576,8522.463417827965,6,2563.712624412919,2661.566567953438,S2,qlearning,1,558,0.1,3.0,1.1,7.0,14.0,0.7,hinge
0.09131778589491431,10039.0,0,2914.4,3026.5,S2,qlearning,1,559,0.1,3.0,1.1,7.0,14.0,0.7,hinge
0.10070332480818414,8781.5,0,2099.5,2107.5,S2,qlearning,1,560,0.1,3.0,1.1,7.0,14.0,0.7,hinge
0.1457614115841964,7158.249999821133,2,1959.8,1961.5,S2,qlearning,1,561,0.1,3.0,1.1,7.0,14.0,0.7,hinge
0.12092873266688164,8588.04018683682,2,2240.659999964186,2272.1999999552327,S2,qlearning,1,562,0.1,3.0,1.1,7.0,14.0,0.7,hinge
0.10890151515151515,8875.00615300549,6,2397.764922443627,2475.956153054534,S2,qlearning,1,563,0.1,3.0,1.1,7.0,14.0,0.7,hinge
0.10792525773195877,8722.686144442696,3,2310.9172289069443,2318.0,S2,qlearning,1,564,0.1,3.0,1.1,7.0,14.0,0.7,hinge
0.14407092722571113,7406.426190037044,6,1938.5799999069422,1961.5999998836778,S2,qlearning,1,565,0.1,3.0,1.1,7.0,14.0,0.7,hinge
0.10102739726027397,8247.999999554995,4,2537.03999993,2669.0499999125,S2,qlearning,1,566,0.1,3.0,1.1,7.0,14.0,0.7,hinge
0.11176653213287799,8982.04528768884,3,3216.8990575556745,3534.0,S2,qlearning,1,567,0.1,3.0,1.1,7.0,14.0,0.7,hinge
0.10309278350515463,8689.0,0,2431.9,2514.5,S2,qlearning,1,568,0.1,3.0,1.1,7.0,14.0,0.7,hinge
0.09133858267716535,8975.099999870356,2,2552.9,2613.0,S2,qlearning,1,569,0.1,3.0,1.1,7.0,14.0,0.7,hinge
0.09786736780601811,9658.549999918947,1,2883.7999999999997,2987.0,S2,qlearning,1,570,0.1,3.0,1.1,7.0,14.0,0.7,hinge
0.09392427355444673,9609.0,0,2652.3,2700.5,S2,qlearning,1,571,0.1,3.0,1.1,7.0,14.0,0.7,hinge
0.12362637362637363,9040.54999995625,1,2967.7399999649997,3245.04999995625,S2,qlearning,1,572,0.1,3.0,1.1,7.0,14.0,0.7,hinge
0.11872455902306649,8157.04999993063,1,2407.6,2514.5,S2,qlearning,1,573,0.1,3.0,1.1,7.0,14.0,0.7,hinge
0.1243368700265252,8293.0,0,2163.3,2173.5,S2,qlearning,1,574,0.1,3.0,1.1,7.0,14.0,0.7,hinge
0.10057471264367816,8857.122602138807,7,2191.2380818091888,2224.5226023023793,S2,qlearning,1,575,0.1,3.0,1.1,7.0,14.0,0.7,hinge
0.10976021614319487,8306.397916594813,1,2499.7,2657.5,S2,qlearning,1,576,0.1,3.0,1.1,7.0,14.0,0.7,hinge
0.11092985318107668,8552.39999986,1,2491.7999999999997,2606.5,S2,qlearning,1,577,0.1,3.0,1.1,7.0,14.0,0.7,hinge
0.10576923076923077,8734.95806432968,3,2548.691612865936,2651.5,S2,qlearning,1,578,0.1,3.0,1.1,7.0,14.0,0.7,hinge
0.10779122541603631,7368.449999934745,1,2070.2099999869492,2120.5,S2,qlearning,1,579,0.1,3.0,1.1,7.0,14.0,0.7,hinge
0.09774685222001325,8498.44342082309,3,2362.634736766385,2383.543420957981,S2,qlearning,1,580,0.1,3.0,1.1,7.0,14.0,0.7,hinge
0.10601808543810415,8932.5,0,2462.4,2480.0,S2,qlearning,1,581,0.1,3.0,1.1,7.0,14.0,0.7,hinge
0.09445460085313832,9308.776785322383,6,2486.7014283823814,2571.376785477977,S2,qlearning,1,582,0.1,3.0,1.1,7.0,14.0,0.7,hinge
0.12086513994910941,8691.749999954167,1,2515.9199999633333,2677.0499999541667,S2,qlearning,1,583,0.1,3.0,1.1,7.0,14.0,0.7,hinge
0.10510996119016817,8722.537499639318,4,2881.519999867707,3046.549999871667,S2,qlearning,1,584,0.1,3.0,1.1,7.0,14.0,0.7,hinge
0.09827517047733654,7010.9,0,2161.7,2317.0,S2,qlearning,1,585,0.1,3.0,1.1,7.0,14.0,0.7,hinge
0.084774499830451,8377.549999930001,1,2329.9,2353.5,S2,qlearning,1,586,0.1,3.0,1.1,7.0,14.0,0.7,hinge
0.09289617486338798,7773.599999885747,2,2045.9199999771495,2054.5,S2,qlearning,1,587,0.1,3.0,1.1,7.0,14.0,0.7,hinge
0.11667941851568478,7289.315217108245,3,2137.419999956197,2241.5,S2,qlearning,1,588,0.1,3.0,1.1,7.0,14.0,0.7,hinge
0.09516129032258064,8741.0,0,2507.2999999999997,2610.0,S2,qlearning,1,589,0.1,3.0,1.1,7.0,14.0,0.7,hinge
0.09005019191024506,9587.853205007095,2,2566.7,2592.5,S2,qlearning,1,590,0.1,3.0,1.1,7.0,14.0,0.7,hinge
0.09513412351840299,9089.889291779902,4,2259.337858370509,2275.5,S2,qlearning,1,591,0.1,3.0,1.1,7.0,14.0,0.7,hinge
0.10143198090692124,9386.549999939843,1,2679.9099999879686,2735.5,S2,qlearning,1,592,0.1,3.0,1.1,7.0,14.0,0.7,hinge
0.11801457827143352,8003.16845416922,5,2538.154073965231,2718.692592456539,S2,qlearning,1,593,0.1,3.0,1.1,7.0,14.0,0.7,hinge
0.10288653901114604,9808.599999871229,2,2700.2999999999997,2766.5,S2,qlearning,1,594,0.1,3.0,1.1,7.0,14.0,0.7,hinge
0.12438625204582651,8406.0,0,2428.5,2440.5,S2,qlearning,1,595,0.1,3.0,1.1,7.0,14.0,0.7,hinge
0.09855453350854139,8558.9,0,2464.62,2474.4,S2,qlearning,1,596,0.1,3.0,1.1,7.0,14.0,0.7,hinge
0.09693053311793215,10428.602325497066,1,2635.3,2680.0,S2,qlearning,1,597,0.1,3.0,1.1,7.0,14.0,0.7,hinge
0.11727078891257996,7841.04999993125,1,2304.70999998625,2317.0,S2,qlearning,1,598,0.1,3.0,1.1,7.0,14.0,0.7,hinge
0.12409676405906378,8821.169662481961,5,2490.5957301667454,2624.119662708432,S2,qlearning,1,599,0.1,3.0,1.1,7.0,14.0,0.7,hinge
0.10040907400520639,7568.6499997330075,3,2191.6099999893795,2205.5,S2,qlearning,1,600,0.1,3.0,1.1,7.0,14.0,0.7,hinge
0.11700236966824644,9368.869230535249,4,2557.2553844755835,2595.8192305944794,S2,qlearning,1,601,0.1,3.0,1.1,7.0,14.0,0.7,hinge
0.10735757228743201,9802.254650968014,3,2585.6199999715946,2615.5,S2,qlearning,1,602,0.1,3.0,1.1,7.0,14.0,0.7,hinge
0.08605851979345955,9881.708469907877,1,2857.7416939815753,2906.5,S2,qlearning,1,603,0.1,3.0,1.1,7.0,14.0,0.7,hinge
0.10906824555936429,8936.0,0,2084.8,2089.0,S2,qlearning,1,604,0.1,3.0,1.1,7.0,14.0,0.7,hinge
0.10038860103626943,8673.749999846576,2,2260.749999969315,2290.5,S2,qlearning,1,605,0.1,3.0,1.1,7.0,14.0,0.7,hinge
0.10776599384194321,8155.5,0,2536.6,2637.5,S2,qlearning,1,606,0.1,3.0,1.1,7.0,14.0,0.7,hinge
0.10110294117647059,9161.0,0,2435.7,2441.0,S2,qlearning,1,607,0.1,3.0,1.1,7.0,14.0,0.7,hinge
0.12475633528265107,7132.330487214193,6,1997.1443900455222,2013.6304876711392,S2,qlearning,1,608,0.1,3.0,1.1,7.0,14.0,0.7,hinge
0.08436593725283417,10759.649999867517,3,3111.619999894013,3217.6499998675163,S2,qlearning,1,609,0.1,3.0,1.1,7.0,14.0,0.7,hinge
0.08889582033686837,9070.649999793965,3,2673.289999867479,2720.09999984781,S2,qlearning,1,610,0.1,3.0,1.1,7.0,14.0,0.7,hinge
0.07998792635073951,9453.5,0,2781.0,2976.0,S2,qlearning,1,611,0.1,3.0,1.1,7.0,14.0,0.7,hinge
0.09536784741144415,9322.00769217826,2,2599.976153787463,2653.4576922530177,S2,qlearning,1,612,0.1,3.0,1.1,7.0,14.0,0.7,hinge
0.08833922261484099,8829.0,0,2555.4,2682.0,S2,qlearning,1,613,0.1,3.0,1.1,7.0,14.0,0.7,hinge
0.10586924219910847,7541.001492202489,4,1910.3602984665995,1920.0,S2,qlearning,1,614,0.1,3.0,1.1,7.0,14.0,0.7,hinge
0.09187169106197446,9039.19840179293,1,2252.9,2270.5,S2,qlearning,1,615,0.1,3.0,1.1,7.0,14.0,0.7,hinge
0.12322110378340854,7942.7499999266665,1,2370.2,2473.0,S2,qlearning,1,616,0.1,3.0,1.1,7.0,14.0,0.7,hinge
0.10947712418300654,8584.582659294014,5,2509.946981172392,2553.2174155226494,S2,qlearning,1,617,0.1,3.0,1.1,7.0,14.0,0.7,hinge
0.11944260119442601,8359.099999799519,2,2174.5499999085705,2225.0499999144445,S2,qlearning,1,618,0.1,3.0,1.1,7.0,14.0,0.7,hinge
0.07008648971070683,9637.697058664957,3,2868.797647001531,2957.0970587808997,S2,qlearning,1,619,0.1,3.0,1.1,7.0,14.0,0.7,hinge
0.10217320791436912,8685.049999955747,1,2703.0399999645974,2825.049999955747,S2,qlearning,1,620,0.1,3.0,1.1,7.0,14.0,0.7,hinge
0.10167850225952227,8674.599999861459,2,2350.739999953333,2462.5499999416666,S2,qlearning,1,621,0.1,3.0,1.1,7.0,14.0,0.7,hinge
0.10990813648293964,8481.5,0,2282.5,2282.5,S2,qlearning,1,622,0.1,3.0,1.1,7.0,14.0,0.7,hinge
0.08977236293683873,8856.406686110076,3,2801.4253488880618,2917.9066861100773,S2,qlearning,1,623,0.1,3.0,1.1,7.0,14.0,0.7,hinge
0.1000615763546798,9110.049999957459,1,2644.5,2731.0,S2,qlearning,1,624,0.1,3.0,1.1,7.0,14.0,0.7,hinge
0.11117974058060531,9021.599999883862,2,2715.5,2864.0,S2,qlearning,1,625,0.1,3.0,1.1,7.0,14.0,0.7,hinge
0.09379727685325265,9318.723684070883,2,2818.0447368141768,2882.5,S2,qlearning,1,626,0.1,3.0,1.1,7.0,14.0,0.7,hinge
0.10703363914373089,9128.502325497066,1,2521.5618603976527,2607.602325497066,S2,qlearning,1,627,0.1,3.0,1.1,7.0,14.0,0.7,hinge
0.12440541529454811,7562.7,0,2197.8,2198.0,S2,qlearning,1,628,0.1,3.0,1.1,7.0,14.0,0.7,hinge
0.10509031198686371,8497.597058780899,1,2379.77764702472,2393.5970587808997,S2,qlearning,1,629,0.1,3.0,1.1,7.0,14.0,0.7,hinge
0.09876943005181348,8686.713290784091,4,2634.20265819844,2660.0,S2,qlearning,1,630,0.1,3.0,1.1,7.0,14.0,0.7,hinge
0.10869565217391304,9397.849999621196,5,2906.7,2934.0,S2,qlearning,1,631,0.1,3.0,1.1,7.0,14.0,0.7,hinge
0.1185064935064935,8535.84545433741,3,2246.9963635917657,2253.245454489707,S2,qlearning,1,632,0.1,3.0,1.1,7.0,14.0,0.7,hinge
0.10020380434782608,8257.937036821239,3,2221.8174073292475,2232.0499999416666,S2,qlearning,1,633,0.1,3.0,1.1,7.0,14.0,0.7,hinge
0.09348706762231225,9076.456306074875,3,2205.5,2248.0,S2,qlearning,1,634,0.1,3.0,1.1,7.0,14.0,0.7,hinge
0.10901399284087211,8604.030434236336,6,2856.316086856517,3045.2499999055553,S2,qlearning,1,635,0.1,3.0,1.1,7.0,14.0,0.7,hinge
0.13049223653782624,8349.540770290207,5,2770.838154018889,2841.0499999347458,S2,qlearning,1,636,0.1,3.0,1.1,7.0,14.0,0.7,hinge
0.10990813648293964,8544.54999994122,1,2290.3099999882443,2301.0,S2,qlearning,1,637,0.1,3.0,1.1,7.0,14.0,0.7,hinge
0.10576923076923077,7325.3759314094905,3,1972.3807451275923,2047.9759314094904,S2,qlearning,1,638,0.1,3.0,1.1,7.0,14.0,0.7,hinge
0.0952529668956902,9035.9,0,2363.18,2398.5,S2,qlearning,1,639,0.1,3.0,1.1,7.0,14.0,0.7,hinge
0.13457556935817805,7905.0,0,2118.2,2135.0,S2,qlearning,1,640,0.1,3.0,1.1,7.0,14.0,0.7,hinge
0.07028112449799197,10033.356328389664,6,2693.921265676425,2728.5999998948205,S2,qlearning,1,641,0.1,3.0,1.1,7.0,14.0,0.7,hinge
0.10990813648293964,8531.231774244176,6,2768.434816448712,2896.0,S2,qlearning,1,642,0.1,3.0,1.1,7.0,14.0,0.7,hinge
0.07973733583489681,9091.086144491132,1,2352.417228898226,2410.5,S2,qlearning,1,643,0.1,3.0,1.1,7.0,14.0,0.7,hinge
0.10554505356017643,8865.0,0,2500.6,2593.5,S2,qlearning,1,644,0.1,3.0,1.1,7.0,14.0,0.7,hinge
0.1363008971704624,7988.899999321026,5,2237.4,2349.5,S2,qlearning,1,645,0.1,3.0,1.1,7.0,14.0,0.7,hinge
0.11442006269592477,8848.007471180948,1,2431.7999999999997,2509.5,S2,qlearning,1,646,0.1,3.0,1.1,7.0,14.0,0.7,hinge
0.1146112600536193,8346.862902793759,4,2429.6,2466.0,S2,qlearning,1,647,0.1,3.0,1.1,7.0,14.0,0.7,hinge
0.12125534950071326,7798.898115060248,3,2609.9396230120497,2709.5,S2,qlearning,1,648,0.1,3.0,1.1,7.0,14.0,0.7,hinge
0.08895602551191675,8482.241879849988,5,2467.443504062233,2641.9918801537265,S2,qlearning,1,649,0.1,3.0,1.1,7.0,14.0,0.7,hinge
0.09309410968178741,8383.07053946984,6,2560.4764316835954,2723.9705396044947,S2,qlearning,1,650,0.1,3.0,1.1,7.0,14.0,0.7,hinge
0.1046875,8937.5,0,2483.4,2516.0,S2,qlearning,1,651,0.1,3.0,1.1,7.0,14.0,0.7,hinge
0.09887487214456188,8213.549999954437,1,2540.2399999635504,2682.549999954438,S2,qlearning,1,652,0.1,3.0,1.1,7.0,14.0,0.7,hinge
0.09322560596643878,9120.322602488248,4,2370.8880820944537,2389.2226026371263,S2,qlearning,1,653,0.1,3.0,1.1,7.0,14.0,0.7,hinge
0.14795918367346939,7995.571060821655,5,2305.985806440195,2342.0,S2,qlearning,1,654,0.1,3.0,1.1,7.0,14.0,0.7,hinge
0.09976327358809604,8269.5,0,2490.0,2684.5,S2,qlearning,1,655,0.1,3.0,1.1,7.0,14.0,0.7,hinge
0.1191746709356101,7859.7122131865035,6,2433.3599999131966,2551.5499999425374,S2,qlearning,1,656,0.1,3.0,1.1,7.0,14.0,0.7,hinge
0.09233610341643583,9186.14999979685,3,2641.1399999728633,2705.549999966079,S2,qlearning,1,657,0.1,3.0,1.1,7.0,14.0,0.7,hinge
0.09093971034018188,8377.54999995926,1,2355.5,2431.5,S2,qlearning,1,658,0.1,3.0,1.1,7.0,14.0,0.7,hinge
0.10715463237718431,8447.04999993063,1,2390.3399999445046,2391.5499999306307,S2,qlearning,1,659,0.1,3.0,1.1,7.0,14.0,0.7,hinge
0.08976660682226212,7968.073824846698,7,2188.9603100507966,2195.0,S2,qlearning,1,660,0.1,3.0,1.1,7.0,14.0,0.7,hinge
0.11439114391143912,7535.995287816913,2,2386.5990575633823,2470.5,S2,qlearning,1,661,0.1,3.0,1.1,7.0,14.0,0.7,hinge
0.10355987055016182,8633.049999945,1,2221.439999956,2228.049999945,S2,qlearning,1,662,0.1,3.0,1.1,7.0,14.0,0.7,hinge
0.10661366100469823,7834.831995571218,6,2340.871164767701,2484.453100720131,S2,qlearning,1,663,0.1,3.0,1.1,7.0,14.0,0.7,hinge
0.10161386730424388,9380.9,0,2374.38,2415.5,S2,qlearning,1,664,0.1,3.0,1.1,7.0,14.0,0.7,hinge
0.09599096555618294,9967.184551099108,4,2914.845358292288,2958.680746787444,S2,qlearning,1,665,0.1,3.0,1.1,7.0,14.0,0.7,hinge
0.11159227181878748,8351.549999931858,1,2187.9,2205.5,S2,qlearning,1,666,0.1,3.0,1.1,7.0,14.0,0.7,hinge
0.10463899546564354,8005.0,0,2171.2,2208.5,S2,qlearning,1,667,0.1,3.0,1.1,7.0,14.0,0.7,hinge
0.09545849002024877,9782.99999967877,4,2625.2199999768895,2659.5,S2,qlearning,1,668,0.1,3.0,1.1,7.0,14.0,0.7,hinge
0.12734584450402145,8264.229411493345,4,2190.3358823110884,2215.5,S2,qlearning,1,669,0.1,3.0,1.1,7.0,14.0,0.7,hinge
0.12279488066413007,8005.5,0,2567.7,2784.0,S2,qlearning,1,670,0.1,3.0,1.1,7.0,14.0,0.7,hinge
0.09807692307692308,7371.083546879213,7,2345.3485105215686,2397.185638151961,S2,qlearning,1,671,0.1,3.0,1.1,7.0,14.0,0.7,hinge
0.08789625360230548,9801.549999916304,1,2388.2,2392.0,S2,qlearning,1,672,0.1,3.0,1.1,7.0,14.0,0.7,hinge
0.09347098214285714,10102.2,0,2686.6,2715.5,S2,qlearning,1,673,0.1,3.0,1.1,7.0,14.0,0.7,hinge
0.1269296740994854,8021.5,0,1852.1,1861.5,S2,qlearning,1,674,0.1,3.0,1.1,7.0,14.0,0.7,hinge
0.09744623655913978,8370.149999928704,1,2501.1,2602.5,S2,qlearning,1,675,0.1,3.0,1.1,7.0,14.0,0.7,hinge
0.12435233160621761,8016.719064698784,1,2423.875251759027,2508.2190646987838,S2,qlearning,1,676,0.1,3.0,1.1,7.0,14.0,0.7,hinge
0.11234225915666358,9060.686956359754,3,2539.0373912719506,2589.5,S2,qlearning,1,677,0.1,3.0,1.1,7.0,14.0,0.7,hinge
0.08944281524926687,9640.198958192597,2,2688.0,2705.0,S2,qlearning,1,678,0.1,3.0,1.1,7.0,14.0,0.7,hinge
0.14484781811514486,7431.99999986265,2,2173.71999997253,2218.5,S2,qlearning,1,679,0.1,3.0,1.1,7.0,14.0,0.7,hinge
0.10869565217391304,9244.0,0,2574.5,2613.0,S2,qlearning,1,680,0.1,3.0,1.1,7.0,14.0,0.7,hinge
0.09994121105232216,9529.6,0,2472.28,2511.0,S2,qlearning,1,681,0.1,3.0,1.1,7.0,14.0,0.7,hinge
0.11114797611147977,8381.9,0,2310.6,2397.0,S2,qlearning,1,682,0.1,3.0,1.1,7.0,14.0,0.7,hinge
0.1163563829787234,8333.4,0,2249.1,2257.0,S2,qlearning,1,683,0.1,3.0,1.1,7.0,14.0,0.7,hinge
0.11516314779270634,8716.049999901283,1,2490.2,2625.0,S2,qlearning,1,684,0.1,3.0,1.1,7.0,14.0,0.7,hinge
0.09740259740259741,9520.949999939843,1,2747.2200000000003,2788.4,S2,qlearning,1,685,0.1,3.0,1.1,7.0,14.0,0.7,hinge
0.11207761793241887,8348.099999859103,2,2227.2799998872833,2247.599999859104,S2,qlearning,1,686,0.1,3.0,1.1,7.0,14.0,0.7,hinge
0.10671256454388985,8123.5,0,2277.2999999999997,2361.0,S2,qlearning,1,687,0.1,3.0,1.1,7.0,14.0,0.7,hinge
0.10487253952888029,8692.429032001566,3,2667.225806399128,2728.5499999486665,S2,qlearning,1,688,0.1,3.0,1.1,7.0,14.0,0.7,hinge
0.09301509301509302,8040.049999725,1,2697.1,2758.0,S2,qlearning,1,689,0.1,3.0,1.1,7.0,14.0,0.7,hinge
0.1162461015026935,9786.099999883878,2,2669.7499999487236,2688.5499999532467,S2,qlearning,1,690,0.1,3.0,1.1,7.0,14.0,0.7,hinge
0.09645061728395062,10938.0,0,3045.2,3158.5,S2,qlearning,1,691,0.1,3.0,1.1,7.0,14.0,0.7,hinge
0.1015916017609211,8265.649999934745,1,2199.6399999477967,2246.5499999347458,S2,qlearning,1,692,0.1,3.0,1.1,7.0,14.0,0.7,hinge
0.08119079837618404,8429.700949317421,4,2484.600759520893,2533.7509494011165,S2,qlearning,1,693,0.1,3.0,1.1,7.0,14.0,0.7,hinge
0.07745726495726496,10705.599999899365,2,2958.349999948011,3023.0499999468966,S2,qlearning,1,694,0.1,3.0,1.1,7.0,14.0,0.7,hinge
0.0817965496728138,9563.468320438296,3,2869.774656422843,2953.068320558639,S2,qlearning,1,695,0.1,3.0,1.1,7.0,14.0,0.7,hinge
0.0981012658227848,8870.5,0,2368.0,2423.5,S2,qlearning,1,696,0.1,3.0,1.1,7.0,14.0,0.7,hinge
0.08990318118948824,10251.250419267453,3,3180.5765516560523,3223.720689570065,S2,qlearning,1,697,0.1,3.0,1.1,7.0,14.0,0.7,hinge
0.09868421052631579,9365.04999994122,1,2711.3099999882443,2773.5,S2,qlearning,1,698,0.1,3.0,1.1,7.0,14.0,0.7,hinge
0.08966244725738397,8010.5,0,2131.0,2182.5,S2,qlearning,1,699,0.1,3.0,1.1,7.0,14.0,0.7,hinge
0.1168152474638795,9031.549999886765,1,2602.1,2673.0,S2,qlearning,1,700,0.1,3.0,1.1,7.0,14.0,0.7,hinge
0.12041696621135874,7741.291666067347,5,2216.7999999999997,2312.0,S2,qlearning,1,701,0.1,3.0,1.1,7.0,14.0,0.7,hinge
0.10098095787651472,9790.834987070388,4,2922.2969973859067,3072.049999953049,S2,qlearning,1,702,0.1,3.0,1.1,7.0,14.0,0.7,hinge
0.10419812745394141,9275.0,0,2776.2999999999997,2935.5,S2,qlearning,1,703,0.1,3.0,1.1,7.0,14.0,0.7,hinge
0.08919555705149781,8422.330784017639,5,2692.788823438155,2755.0499999306307,S2,qlearning,1,704,0.1,3.0,1.1,7.0,14.0,0.7,hinge
0.09459010952538997,8545.14999979774,3,2396.1099999874796,2472.0,S2,qlearning,1,705,0.1,3.0,1.1,7.0,14.0,0.7,hinge
0.12308241170174812,7735.306185326126,3,2418.1049483762213,2518.7561854958126,S2,qlearning,1,706,0.1,3.0,1.1,7.0,14.0,0.7,hinge
0.07254623044096728,10062.0,0,2711.7999999999997,2807.5,S2,qlearning,1,707,0.1,3.0,1.1,7.0,14.0,0.7,hinge
0.11256720430107527,8311.37591789061,4,2323.2221951109577,2371.0,S2,qlearning,1,708,0.1,3.0,1.1,7.0,14.0,0.7,hinge
0.11029411764705882,7975.304651059048,2,1972.3209302118096,1977.6,S2,qlearning,1,709,0.1,3.0,1.1,7.0,14.0,0.7,hinge
0.09379968203497616,8896.47260245432,4,2598.218082152479,2619.5226026905984,S2,qlearning,1,710,0.1,3.0,1.1,7.0,14.0,0.7,hinge
0.10043041606886657,7893.257142662165,3,2186.0657141952643,2221.70714274408,S2,qlearning,1,711,0.1,3.0,1.1,7.0,14.0,0.7,hinge
0.10437051532941943,8610.406328411158,7,2417.7812655923985,2466.099999850278,S2,qlearning,1,712,0.1,3.0,1.1,7.0,14.0,0.7,hinge
0.10140660778541054,8545.0,0,2479.3,2533.5,S2,qlearning,1,713,0.1,3.0,1.1,7.0,14.0,0.7,hinge
0.10738831615120274,9743.0,0,2719.9,2773.0,S2,qlearning,1,714,0.1,3.0,1.1,7.0,14.0,0.7,hinge
0.10065127294256956,9474.549999964018,1,2882.439999971215,3029.5499999640188,S2,qlearning,1,715,0.1,3.0,1.1,7.0,14.0,0.7,hinge
0.11209239130434782,8256.366666359692,2,2248.109999951875,2285.5,S2,qlearning,1,716,0.1,3.0,1.1,7.0,14.0,0.7,hinge
0.11013986013986014,8012.699999707594,4,2243.8399999578082,2308.5499999472604,S2,qlearning,1,717,0.1,3.0,1.1,7.0,14.0,0.7,hinge
0.07738896366083446,8537.266666311749,4,2481.163333290798,2509.5499999603094,S2,qlearning,1,718,0.1,3.0,1.1,7.0,14.0,0.7,hinge
0.10423786739576213,8167.7,0,2264.56,2308.7,S2,qlearning,1,719,0.1,3.0,1.1,7.0,14.0,0.7,hinge
0.08866371120962635,8959.294443977105,6,2745.1788887926837,2827.0499999576923,S2,qlearning,1,720,0.1,3.0,1.1,7.0,14.0,0.7,hinge
0.0894854586129754,10140.80465093472,4,2999.403720804814,3079.2546510060174,S2,qlearning,1,721,0.1,3.0,1.1,7.0,14.0,0.7,hinge
0.09985984583041345,7987.549999946528,1,2181.5399999572223,2226.049999946528,S2,qlearning,1,722,0.1,3.0,1.1,7.0,14.0,0.7,hinge
0.10038240917782026,8799.049999949006,1,2396.1099999898015,2404.0,S2,qlearning,1,723,0.1,3.0,1.1,7.0,14.0,0.7,hinge
0.10022271714922049,8837.5,0,2395.4,2399.0,S2,qlearning,1,724,0.1,3.0,1.1,7.0,14.0,0.7,hinge
0.13915005641218503,7266.333830647444,2,2199.266766129489,2334.0,S2,qlearning,1,725,0.1,3.0,1.1,7.0,14.0,0.7,hinge
0.10568621613575468,9448.205510299931,6,2910.8086021266045,3067.5,S2,qlearning,1,726,0.1,3.0,1.1,7.0,14.0,0.7,hinge
0.1130610867364158,8229.049999933044,1,2698.3099999866085,2907.5,S2,qlearning,1,727,0.1,3.0,1.1,7.0,14.0,0.7,hinge
0.09917920656634747,8221.049999934188,1,2293.2,2303.0,S2,qlearning,1,728,0.1,3.0,1.1,7.0,14.0,0.7,hinge
0.10451378370190852,9238.4866195157,3,2495.4,2557.5,S2,qlearning,1,729,0.1,3.0,1.1,7.0,14.0,0.7,hinge
0.09369951534733441,8735.136021427032,1,2342.2272042854065,2397.0,S2,qlearning,1,730,0.1,3.0,1.1,7.0,14.0,0.7,hinge
0.06959152798789713,9537.207746197977,5,2714.38619707499,2785.1077463437377,S2,qlearning,1,731,0.1,3.0,1.1,7.0,14.0,0.7,hinge
0.08373590982286634,8847.50037290561,4,2380.0002983244876,2414.0003729056093,S2,qlearning,1,732,0.1,3.0,1.1,7.0,14.0,0.7,hinge
0.09735320961362945,9319.607745694366,7,2698.4599998082945,2762.2499998335247,S2,qlearning,1,733,0.1,3.0,1.1,7.0,14.0,0.7,hinge
0.11577647422043841,8963.862499937388,1,2206.8724999874776,2216.5,S2,qlearning,1,734,0.1,3.0,1.1,7.0,14.0,0.7,hinge
0.13518733101583624,7118.149999655128,3,2019.0599998866023,2097.0499999259614,S2,qlearning,1,735,0.1,3.0,1.1,7.0,14.0,0.7,hinge
0.10944340212632896,8952.98776350153,3,2493.9602108662934,2558.4377636099794,S2,qlearning,1,736,0.1,3.0,1.1,7.0,14.0,0.7,hinge
0.12611563833915407,7101.549999888406,1,2033.009999977681,2142.5,S2,qlearning,1,737,0.1,3.0,1.1,7.0,14.0,0.7,hinge
0.10947763528307788,8930.499999829863,3,2820.809999903043,2915.749999895117,S2,qlearning,1,738,0.1,3.0,1.1,7.0,14.0,0.7,hinge
0.09285714285714286,9856.5,0,2710.4,2754.0,S2,qlearning,1,739,0.1,3.0,1.1,7.0,14.0,0.7,hinge
0.09427250088936322,8020.965006728946,7,2363.2788888316063,2386.049999937903,S2,qlearning,1,740,0.1,3.0,1.1,7.0,14.0,0.7,hinge
0.10043942247332077,8979.0,0,3238.2,3411.0,S2,qlearning,1,741,0.1,3.0,1.1,7.0,14.0,0.7,hinge
0.09886159376872379,9402.888921802303,4,2656.739999986724,2754.0,S2,qlearning,1,742,0.1,3.0,1.1,7.0,14.0,0.7,hinge
0.11766602192134107,8620.761538293762,3,2682.509230635009,2767.261538293761,S2,qlearning,1,743,0.1,3.0,1.1,7.0,14.0,0.7,hinge
0.09753404490246595,7665.49999982958,2,2322.1,2370.5,S2,qlearning,1,744,0.1,3.0,1.1,7.0,14.0,0.7,hinge
0.08471584892340275,8113.089166148421,4,2443.9,2497.0,S2,qlearning,1,745,0.1,3.0,1.1,7.0,14.0,0.7,hinge
0.08960573476702509,9451.977777612074,2,2429.9,2486.5,S2,qlearning,1,746,0.1,3.0,1.1,7.0,14.0,0.7,hinge
0.08919722497522299,8575.9,0,2677.5,2779.5,S2,qlearning,1,747,0.1,3.0,1.1,7.0,14.0,0.7,hinge
0.11299435028248588,7886.649999846,1,2434.0099999691997,2499.0,S2,qlearning,1,748,0.1,3.0,1.1,7.0,14.0,0.7,hinge
0.09852941176470588,9609.977658310112,8,2893.7021269899237,3018.4776588346267,S2,qlearning,1,749,0.1,3.0,1.1,7.0,14.0,0.7,hinge
0.09980682549903412,8804.7512049923,7,2263.6296159500116,2285.998958215681,S2,qlearning,1,750,0.1,3.0,1.1,7.0,14.0,0.7,hinge
0.09213220239836209,9649.2,0,2577.2,2597.0,S2,qlearning,1,751,0.1,3.0,1.1,7.0,14.0,0.7,hinge
0.09074733096085409,7998.176093916167,7,2576.8608752448044,2831.576094056006,S2,qlearning,1,752,0.1,3.0,1.1,7.0,14.0,0.7,hinge
0.08631921824104234,8767.87817110245,7,2341.449670757819,2373.4733942092894,S2,qlearning,1,753,0.1,3.0,1.1,7.0,14.0,0.7,hinge
0.10427010923535253,8482.099999512333,2,2690.1099999794665,2846.5,S2,qlearning,1,754,0.1,3.0,1.1,7.0,14.0,0.7,hinge
0.10892911936176741,9090.0499999384,1,2652.5,2653.5,S2,qlearning,1,755,0.1,3.0,1.1,7.0,14.0,0.7,hinge
0.07726889575723518,10156.0,0,2742.7999999999997,2830.0,S2,qlearning,1,756,0.1,3.0,1.1,7.0,14.0,0.7,hinge
0.1210464662241312,7118.884157709365,5,2143.135199957123,2157.0,S2,qlearning,1,757,0.1,3.0,1.1,7.0,14.0,0.7,hinge
0.08576051779935275,8779.0,0,2365.8,2393.5,S2,qlearning,1,758,0.1,3.0,1.1,7.0,14.0,0.7,hinge
0.11521418020679468,9396.049999939843,1,2433.009999987969,2441.5,S2,qlearning,1,759,0.1,3.0,1.1,7.0,14.0,0.7,hinge
0.10812696198116498,8037.384831178215,4,2261.2769662688997,2355.5,S2,qlearning,1,760,0.1,3.0,1.1,7.0,14.0,0.7,hinge
0.07780979827089338,9871.0,0,2926.1,3075.0,S2,qlearning,1,761,0.1,3.0,1.1,7.0,14.0,0.7,hinge
0.11492491572172847,9045.0,0,2416.2,2442.0,S2,qlearning,1,762,0.1,3.0,1.1,7.0,14.0,0.7,hinge
0.11235955056179775,8746.453821459087,7,2330.279999941735,2349.5499999483222,S2,qlearning,1,763,0.1,3.0,1.1,7.0,14.0,0.7,hinge
0.09927797833935018,9305.192213083843,1,2822.0137704670747,2900.8922130838437,S2,qlearning,1,764,0.1,3.0,1.1,7.0,14.0,0.7,hinge
0.09729272419627749,9973.0,0,3028.4,3034.5,S2,qlearning,1,765,0.1,3.0,1.1,7.0,14.0,0.7,hinge
0.09578544061302682,8811.0,0,2327.0,2336.5,S2,qlearning,1,766,0.1,3.0,1.1,7.0,14.0,0.7,hinge
0.10512037978975924,8222.74999990375,1,2120.4,2167.0,S2,qlearning,1,767,0.1,3.0,1.1,7.0,14.0,0.7,hinge
0.10207441554165295,8532.676388548296,4,2336.781110992323,2363.4388887763666,S2,qlearning,1,768,0.1,3.0,1.1,7.0,14.0,0.7,hinge
0.11284434118818454,8364.04999989452,1,2347.2399999156164,2393.0499998945206,S2,qlearning,1,769,0.1,3.0,1.1,7.0,14.0,0.7,hinge
0.08939038686987104,9660.549999931858,1,2735.109999986372,2799.5,S2,qlearning,1,770,0.1,3.0,1.1,7.0,14.0,0.7,hinge
0.12053571428571429,9312.0,0,2624.6,2657.0,S2,qlearning,1,771,0.1,3.0,1.1,7.0,14.0,0.7,hinge
0.13153621305618707,8425.0,0,2213.9,2241.0,S2,qlearning,1,772,0.1,3.0,1.1,7.0,14.0,0.7,hinge
0.129278951201748,7577.899999816563,2,2000.239999982093,2010.0,S2,qlearning,1,773,0.1,3.0,1.1,7.0,14.0,0.7,hinge
0.1126037139470565,7033.649999906494,1,2238.08,2350.6,S2,qlearning,1,774,0.1,3.0,1.1,7.0,14.0,0.7,hinge
0.11826783114992721,7685.322944693442,6,2124.1877675975793,2127.7052977648186,S2,qlearning,1,775,0.1,3.0,1.1,7.0,14.0,0.7,hinge
0.12533875338753386,8154.149999897333,1,2974.4999999999995,3280.0,S2,qlearning,1,776,0.1,3.0,1.1,7.0,14.0,0.7,hinge
0.11560693641618497,8173.0,0,2615.5,2718.5,S2,qlearning,1,777,0.1,3.0,1.1,7.0,14.0,0.7,hinge
0.11311475409836065,8474.2,0,2427.4,2435.5,S2,qlearning,1,778,0.1,3.0,1.1,7.0,14.0,0.7,hinge
0.09635974304068523,7903.062686511846,1,2433.210149209476,2514.2626865118455,S2,qlearning,1,779,0.1,3.0,1.1,7.0,14.0,0.7,hinge
0.09359137055837563,8891.9,0,2429.1,2450.5,S2,qlearning,1,780,0.1,3.0,1.1,7.0,14.0,0.7,hinge
0.10054021608643457,9355.5,0,2986.1,3107.0,S2,qlearning,1,781,0.1,3.0,1.1,7.0,14.0,0.7,hinge
0.08580127318018267,10236.539004375196,4,2829.3118749596756,2899.5,S2,qlearning,1,782,0.1,3.0,1.1,7.0,14.0,0.7,hinge
0.08940397350993377,8521.0,0,2349.7,2431.5,S2,qlearning,1,783,0.1,3.0,1.1,7.0,14.0,0.7,hinge
0.09397897419560369,8859.8,0,2467.8,2485.5,S2,qlearning,1,784,0.1,3.0,1.1,7.0,14.0,0.7,hinge
0.09795057263411694,9350.201867695614,3,2529.6689156277776,2610.586144534722,S2,qlearning,1,785,0.1,3.0,1.1,7.0,14.0,0.7,hinge
0.12897822445561138,8285.089389266357,9,2631.987877825363,2786.699999934188,S2,qlearning,1,786,0.1,3.0,1.1,7.0,14.0,0.7,hinge
0.09823182711198428,8615.13483132415,3,2894.1799999215,3143.099999901875,S2,qlearning,1,787,0.1,3.0,1.1,7.0,14.0,0.7,hinge
0.11598857958601,7770.549999933043,1,2267.1099999866087,2365.0,S2,qlearning,1,788,0.1,3.0,1.1,7.0,14.0,0.7,hinge
0.0857843137254902,9354.829384442623,9,2725.854145936444,2752.8176824205552,S2,qlearning,1,789,0.1,3.0,1.1,7.0,14.0,0.7,hinge
0.0932180491758984,10436.060593189786,1,2800.2484745518286,2822.060593189786,S2,qlearning,1,790,0.1,3.0,1.1,7.0,14.0,0.7,hinge
0.11224489795918367,8185.0,0,2236.2,2321.5,S2,qlearning,1,791,0.1,3.0,1.1,7.0,14.0,0.7,hinge
0.11689166941060257,8481.219110300533,5,2457.0244471355377,2559.0,S2,qlearning,1,792,0.1,3.0,1.1,7.0,14.0,0.7,hinge
0.1354723707664884,7699.033760515963,2,2354.8070085033587,2484.8837606291986,S2,qlearning,1,793,0.1,3.0,1.1,7.0,14.0,0.7,hinge
0.12225705329153605,8800.049999946896,1,2428.439999957517,2479.0499999468966,S2,qlearning,1,794,0.1,3.0,1.1,7.0,14.0,0.7,hinge
0.09681654085986216,8560.0,0,2397.1,2463.5,S2,qlearning,1,795,0.1,3.0,1.1,7.0,14.0,0.7,hinge
0.11254501800720289,9279.5,0,2697.5,2825.0,S2,qlearning,1,796,0.1,3.0,1.1,7.0,14.0,0.7,hinge
0.10825227486664575,8909.599999842376,2,2765.3099999879687,2918.5,S2,qlearning,1,797,0.1,3.0,1.1,7.0,14.0,0.7,hinge
0.1237721021611002,7046.449999692,1,2208.6,2261.0,S2,qlearning,1,798,0.1,3.0,1.1,7.0,14.0,0.7,hinge
0.10810810810810811,7734.099999728487,2,2343.509999974754,2414.5,S2,qlearning,1,799,0.1,3.0,1.1,7.0,14.0,0.7,hinge
0.09606724707295107,9447.875874301943,10,2295.1139348996003,2318.803448093012,S2,qlearning,1,800,0.1,3.0,1.1,7.0,14.0,0.7,hinge
0.10295582862836267,8429.0,0,2500.8,2538.0,S2,qlearning,1,801,0.1,3.0,1.1,7.0,14.0,0.7,hinge
0.12633241215949467,6996.099999862079,2,2041.6399999566197,2074.5499999457747,S2,qlearning,1,802,0.1,3.0,1.1,7.0,14.0,0.7,hinge
0.10754583921015515,7991.503271342582,9,2334.110114693431,2430.0,S2,qlearning,1,803,0.1,3.0,1.1,7.0,14.0,0.7,hinge
0.09248719408081958,10000.29999957035,7,2742.309999988421,2770.0,S2,qlearning,1,804,0.1,3.0,1.1,7.0,14.0,0.7,hinge
0.0969864911673017,8123.549999951572,1,2561.339999961258,2686.0499999515723,S2,qlearning,1,805,0.1,3.0,1.1,7.0,14.0,0.7,hinge
0.08875739644970414,10144.038829523373,13,2963.425285299103,3135.3528456074196,S2,qlearning,1,806,0.1,3.0,1.1,7.0,14.0,0.7,hinge
0.10469543147208121,8789.644736803712,1,2197.4,2241.5,S2,qlearning,1,807,0.1,3.0,1.1,7.0,14.0,0.7,hinge
0.10938602681721948,7905.14342079715,3,2020.3147366377198,2045.6434207971497,S2,qlearning,1,808,0.1,3.0,1.1,7.0,14.0,0.7,hinge
0.10341431385423507,8553.281578784741,3,2477.146315767793,2536.0,S2,qlearning,1,809,0.1,3.0,1.1,7.0,14.0,0.7,hinge
0.11490866234531526,9447.599999879396,2,2807.5199999758793,2853.5,S2,qlearning,1,810,0.1,3.0,1.1,7.0,14.0,0.7,hinge
0.12376237623762376,8430.478794165096,5,2423.2830353320765,2463.9787941650957,S2,qlearning,1,811,0.1,3.0,1.1,7.0,14.0,0.7,hinge
0.10876623376623376,8577.852427024196,2,2730.1604854233933,2927.0,S2,qlearning,1,812,0.1,3.0,1.1,7.0,14.0,0.7,hinge
0.1036637318943482,9873.456249810344,3,2781.9,2831.5,S2,qlearning,1,813,0.1,3.0,1.1,7.0,14.0,0.7,hinge
0.09352517985611511,7854.3999998601,2,2209.77999997202,2268.5,S2,qlearning,1,814,0.1,3.0,1.1,7.0,14.0,0.7,hinge
0.11087157376039421,9054.799999862833,2,2632.7499999893053,2777.5,S2,qlearning,1,815,0.1,3.0,1.1,7.0,14.0,0.7,hinge
0.09293680297397769,9166.727192340712,9,2695.89175423349,2801.1271928407446,S2,qlearning,1,816,0.1,3.0,1.1,7.0,14.0,0.7,hinge
0.11025726695623121,8374.222289015763,3,2198.5,2291.5,S2,qlearning,1,817,0.1,3.0,1.1,7.0,14.0,0.7,hinge
0.09203427483338622,9000.288475082327,13,2443.644556940656,2483.138888793919,S2,qlearning,1,818,0.1,3.0,1.1,7.0,14.0,0.7,hinge
0.10077742585660812,9728.0,0,2605.0,2647.0,S2,qlearning,1,819,0.1,3.0,1.1,7.0,14.0,0.7,hinge
0.08202099737532809,8680.676922900708,2,2335.1399999230002,2360.04999990375,S2,qlearning,1,820,0.1,3.0,1.1,7.0,14.0,0.7,hinge
0.14612214312476582,7249.549999486667,1,2389.0,2528.5,S2,qlearning,1,821,0.1,3.0,1.1,7.0,14.0,0.7,hinge
0.1037344398340249,8114.2,0,2300.2999999999997,2384.0,S2,qlearning,1,822,0.1,3.0,1.1,7.0,14.0,0.7,hinge
0.12203876525484565,7700.963989232055,4,2305.8899999875807,2356.0,S2,qlearning,1,823,0.1,3.0,1.1,7.0,14.0,0.7,hinge
0.08002560819462227,8887.9,0,2564.7,2678.5,S2,qlearning,1,824,0.1,3.0,1.1,7.0,14.0,0.7,hinge
0.12345679012345678,8051.9,0,2187.8,2188.5,S2,qlearning,1,825,0.1,3.0,1.1,7.0,14.0,0.7,hinge
0.1276742581090407,8043.293696076732,5,2303.8145511937582,2346.0,S2,qlearning,1,826,0.1,3.0,1.1,7.0,14.0,0.7,hinge
0.11798355380765105,7807.894444021844,5,1921.5599999009287,1939.049999910465,S2,qlearning,1,827,0.1,3.0,1.1,7.0,14.0,0.7,hinge
0.13968618446230385,7192.352631146073,6,2105.1199998073594,2181.649999759199,S2,qlearning,1,828,0.1,3.0,1.1,7.0,14.0,0.7,hinge
0.09743589743589744,8267.899401550854,5,2615.979880310171,2622.5,S2,qlearning,1,829,0.1,3.0,1.1,7.0,14.0,0.7,hinge
0.092505487613672,8980.5,0,2298.2,2358.0,S2,qlearning,1,830,0.1,3.0,1.1,7.0,14.0,0.7,hinge
0.11223750905141203,7784.788888207426,8,2267.027777701967,2303.0,S2,qlearning,1,831,0.1,3.0,1.1,7.0,14.0,0.7,hinge
0.08428657435279951,9434.449999717757,3,2890.4099999906666,3022.5,S2,qlearning,1,832,0.1,3.0,1.1,7.0,14.0,0.7,hinge
0.11106855610877059,7304.249999849279,2,1964.8,1990.0,S2,qlearning,1,833,0.1,3.0,1.1,7.0,14.0,0.7,hinge
0.09024745269286755,9707.599999869119,2,2583.4,2594.0,S2,qlearning,1,834,0.1,3.0,1.1,7.0,14.0,0.7,hinge
0.10432648051549555,9160.53524124093,4,2197.1271276317734,2200.5,S2,qlearning,1,835,0.1,3.0,1.1,7.0,14.0,0.7,hinge
0.09927797833935018,7782.543091848463,4,2155.8344734787697,2207.043091848462,S2,qlearning,1,836,0.1,3.0,1.1,7.0,14.0,0.7,hinge
0.1293408929836995,7785.332406311344,3,2404.6664812622685,2567.5,S2,qlearning,1,837,0.1,3.0,1.1,7.0,14.0,0.7,hinge
0.10776599384194321,8152.549999928704,1,2198.339999942963,2204.5499999287035,S2,qlearning,1,838,0.1,3.0,1.1,7.0,14.0,0.7,hinge
0.152766308835673,6591.537036972342,1,1947.3,1955.5,S2,qlearning,1,839,0.1,3.0,1.1,7.0,14.0,0.7,hinge
0.09152215799614644,8828.188249155945,7,2770.9705994961273,2909.0882493701592,S2,qlearning,1,840,0.1,3.0,1.1,7.0,14.0,0.7,hinge
0.08317639673571876,9117.185552624074,9,2991.4526091937564,3021.758469867773,S2,qlearning,1,841,0.1,3.0,1.1,7.0,14.0,0.7,hinge
0.09220317049498544,8716.299999720946,3,2271.5,2276.5,S2,qlearning,1,842,0.1,3.0,1.1,7.0,14.0,0.7,hinge
0.1027296742001761,9561.149999808886,3,2650.459999929242,2735.0499999457747,S2,qlearning,1,843,0.1,3.0,1.1,7.0,14.0,0.7,hinge
0.09085113165444693,8917.693064798232,7,2599.4908288595448,2659.2510361271643,S2,qlearning,1,844,0.1,3.0,1.1,7.0,14.0,0.7,hinge
0.09587864911276474,9833.04999993125,1,2824.039999945,2863.04999993125,S2,qlearning,1,845,0.1,3.0,1.1,7.0,14.0,0.7,hinge
0.08397715821296607,8529.48695021675,9,2445.176048397683,2546.049999918085,S2,qlearning,1,846,0.1,3.0,1.1,7.0,14.0,0.7,hinge
0.09001358695652174,8310.149999677998,3,2074.7599999082627,2086.549999954438,S2,qlearning,1,847,0.1,3.0,1.1,7.0,14.0,0.7,hinge
0.09567126725219574,9082.7403406242,7,2948.22054340091,3154.0,S2,qlearning,1,848,0.1,3.0,1.1,7.0,14.0,0.7,hinge
0.10174880763116058,8784.5,0,2296.6,2322.0,S2,qlearning,1,849,0.1,3.0,1.1,7.0,14.0,0.7,hinge
0.12159533073929961,8525.6,0,2366.72,2462.0,S2,qlearning,1,850,0.1,3.0,1.1,7.0,14.0,0.7,hinge
0.06271951831409935,11475.499999965952,1,3197.2999999999997,3344.5,S2,qlearning,1,851,0.1,3.0,1.1,7.0,14.0,0.7,hinge
0.10697827518104015,8476.53382338637,2,2504.796764695391,2572.0,S2,qlearning,1,852,0.1,3.0,1.1,7.0,14.0,0.7,hinge
0.12242042672263029,7949.016413727526,3,2119.6152997219947,2160.3941246524932,S2,qlearning,1,853,0.1,3.0,1.1,7.0,14.0,0.7,hinge
0.1157556270096463,8635.04999995,1,2438.7,2586.0,S2,qlearning,1,854,0.1,3.0,1.1,7.0,14.0,0.7,hinge
0.10780141843971631,9858.637499863042,2,2363.4099998904335,2391.6374998630417,S2,qlearning,1,855,0.1,3.0,1.1,7.0,14.0,0.7,hinge
0.12748864827104436,7910.549999816667,1,2342.309999963333,2473.0,S2,qlearning,1,856,0.1,3.0,1.1,7.0,14.0,0.7,hinge
0.09728867623604466,8788.5,0,2335.6,2356.5,S2,qlearning,1,857,0.1,3.0,1.1,7.0,14.0,0.7,hinge
0.10839160839160839,8075.633862820833,4,2259.297241324788,2326.0,S2,qlearning,1,858,0.1,3.0,1.1,7.0,14.0,0.7,hinge
0.1052819414703783,7884.112820356554,2,2370.322564071311,2406.5,S2,qlearning,1,859,0.1,3.0,1.1,7.0,14.0,0.7,hinge
0.09090909090909091,8665.5,0,2624.6,2652.5,S2,qlearning,1,860,0.1,3.0,1.1,7.0,14.0,0.7,hinge
0.11159107271418287,7714.3,0,1919.06,1928.5,S2,qlearning,1,861,0.1,3.0,1.1,7.0,14.0,0.7,hinge
0.12870239774330042,7790.0,0,2208.2,2256.0,S2,qlearning,1,862,0.1,3.0,1.1,7.0,14.0,0.7,hinge
0.09436929852154766,8968.5,0,2546.5,2549.5,S2,qlearning,1,863,0.1,3.0,1.1,7.0,14.0,0.7,hinge
0.14459121742234915,7611.549999925962,1,2404.039999940769,2518.5499999259614,S2,qlearning,1,864,0.1,3.0,1.1,7.0,14.0,0.7,hinge
0.1085240726124704,7067.049999937399,1,1986.5099999874797,2040.0,S2,qlearning,1,865,0.1,3.0,1.1,7.0,14.0,0.7,hinge
0.1123401313515382,8065.1499997850715,3,2075.739999966154,2162.5499999576923,S2,qlearning,1,866,0.1,3.0,1.1,7.0,14.0,0.7,hinge
0.10772913816689467,8222.149171098508,3,2610.9193369416644,2727.3991711770805,S2,qlearning,1,867,0.1,3.0,1.1,7.0,14.0,0.7,hinge
0.10641949879848953,8132.649999945775,1,2740.2299999891547,2984.0,S2,qlearning,1,868,0.1,3.0,1.1,7.0,14.0,0.7,hinge
0.08789920890711983,9651.049999928704,1,2933.909999985741,3066.0,S2,qlearning,1,869,0.1,3.0,1.1,7.0,14.0,0.7,hinge
0.11856474258970359,8850.5,0,2693.6,2722.5,S2,qlearning,1,870,0.1,3.0,1.1,7.0,14.0,0.7,hinge
0.11092715231788079,8431.176416049846,4,2497.537101427911,2554.0,S2,qlearning,1,871,0.1,3.0,1.1,7.0,14.0,0.7,hinge
0.09787377657779278,8326.380769039208,3,2365.5,2424.5,S2,qlearning,1,872,0.1,3.0,1.1,7.0,14.0,0.7,hinge
0.0893355667225014,10117.699999942106,1,2834.7999999999997,2899.5,S2,qlearning,1,873,0.1,3.0,1.1,7.0,14.0,0.7,hinge
0.11138613861386139,9018.649999754745,3,2051.3199998037967,2065.6499997547457,S2,qlearning,1,874,0.1,3.0,1.1,7.0,14.0,0.7,hinge
0.07888553205773749,8575.137790393848,9,2429.491079617696,2473.9841364844497,S2,qlearning,1,875,0.1,3.0,1.1,7.0,14.0,0.7,hinge
0.11242167342425359,7566.699999503406,2,2362.42,2522.0,S2,qlearning,1,876,0.1,3.0,1.1,7.0,14.0,0.7,hinge
0.08210742387957577,8305.72094010794,1,2456.3767520863526,2459.720940107941,S2,qlearning,1,877,0.1,3.0,1.1,7.0,14.0,0.7,hinge
0.09377930603313535,9085.007678900567,8,2730.231538254593,2881.7894228182413,S2,qlearning,1,878,0.1,3.0,1.1,7.0,14.0,0.7,hinge
0.11852353538774128,8200.351612726818,2,2599.541290284121,2640.301612855151,S2,qlearning,1,879,0.1,3.0,1.1,7.0,14.0,0.7,hinge
0.1322463768115942,7595.8003435148985,4,2020.699999872977,2085.7499998412213,S2,qlearning,1,880,0.1,3.0,1.1,7.0,14.0,0.7,hinge
0.08958912573370405,9181.649999742716,3,2761.259999924481,2857.549999959896,S2,qlearning,1,881,0.1,3.0,1.1,7.0,14.0,0.7,hinge
0.08669556518839613,8550.779411444406,5,2315.08352920365,2354.2294115045624,S2,qlearning,1,882,0.1,3.0,1.1,7.0,14.0,0.7,hinge
0.10858500169664065,8285.899999812007,2,2473.9,2503.0,S2,qlearning,1,883,0.1,3.0,1.1,7.0,14.0,0.7,hinge
0.1371927042030135,6914.9,0,2133.1,2149.0,S2,qlearning,1,884,0.1,3.0,1.1,7.0,14.0,0.7,hinge
0.08931143762604436,9841.684719639774,6,2674.750344637922,2750.4379307974027,S2,qlearning,1,885,0.1,3.0,1.1,7.0,14.0,0.7,hinge
0.11989630589760207,8512.5,0,2303.1,2369.5,S2,qlearning,1,886,0.1,3.0,1.1,7.0,14.0,0.7,hinge
0.10009686793671295,8728.070145635349,4,2392.556116508279,2507.570145635349,S2,qlearning,1,887,0.1,3.0,1.1,7.0,14.0,0.7,hinge
0.09241245136186771,8696.018548186961,3,2449.6,2512.5,S2,qlearning,1,888,0.1,3.0,1.1,7.0,14.0,0.7,hinge
0.10248112189859762,7810.380850807739,3,2529.7961701615477,2660.0,S2,qlearning,1,889,0.1,3.0,1.1,7.0,14.0,0.7,hinge
0.10046367851622875,9107.0,0,2473.2,2542.0,S2,qlearning,1,890,0.1,3.0,1.1,7.0,14.0,0.7,hinge
0.1139792155548106,8351.786185037792,7,2276.98999989187,2352.0499998986843,S2,qlearning,1,891,0.1,3.0,1.1,7.0,14.0,0.7,hinge
0.09105960264900662,8546.053100584468,3,2296.9,2341.5,S2,qlearning,1,892,0.1,3.0,1.1,7.0,14.0,0.7,hinge
0.09197080291970802,9672.036021427031,1,2993.8272042854064,3152.5,S2,qlearning,1,893,0.1,3.0,1.1,7.0,14.0,0.7,hinge
0.10520869265263884,8091.949999914445,1,2016.6,2064.5,S2,qlearning,1,894,0.1,3.0,1.1,7.0,14.0,0.7,hinge
0.09771986970684039,8638.015277728018,1,2716.5122221824154,2819.515277728019,S2,qlearning,1,895,0.1,3.0,1.1,7.0,14.0,0.7,hinge
0.09760425909494233,9512.0,0,3105.9,3221.0,S2,qlearning,1,896,0.1,3.0,1.1,7.0,14.0,0.7,hinge
0.10187838268067495,8822.0,0,2168.5,2193.0,S2,qlearning,1,897,0.1,3.0,1.1,7.0,14.0,0.7,hinge
0.08658643968300557,9650.198958213403,2,2905.2591665707223,2944.198958213403,S2,qlearning,1,898,0.1,3.0,1.1,7.0,14.0,0.7,hinge
0.12022630834512023,7831.4,0,2186.42,2255.9,S2,qlearning,1,899,0.1,3.0,1.1,7.0,14.0,0.7,hinge
0.10965688008489564,7889.647656196893,1,2218.518124957515,2331.1476561968934,S2,qlearning,1,900,0.1,3.0,1.1,7.0,14.0,0.7,hinge
0.10487353485502776,9054.0,0,2669.6,2810.5,S2,qlearning,1,901,0.1,3.0,1.1,7.0,14.0,0.7,hinge
0.12221041445270989,7804.4,0,2628.1,2860.5,S2,qlearning,1,902,0.1,3.0,1.1,7.0,14.0,0.7,hinge
0.09277761918355695,9895.5499999384,1,2635.7,2647.0,S2,qlearning,1,903,0.1,3.0,1.1,7.0,14.0,0.7,hinge
0.09455128205128205,8853.100201105823,7,2397.9111513423677,2477.0499999259614,S2,qlearning,1,904,0.1,3.0,1.1,7.0,14.0,0.7,hinge
0.08792497069167643,9663.313043226393,3,2808.692608614272,2968.0499999483222,S2,qlearning,1,905,0.1,3.0,1.1,7.0,14.0,0.7,hinge
0.12139917695473251,6791.099999479056,4,1951.4599995832452,2008.1999994790565,S2,qlearning,1,906,0.1,3.0,1.1,7.0,14.0,0.7,hinge
0.111358574610245,8743.5,0,2399.2,2402.0,S2,qlearning,1,907,0.1,3.0,1.1,7.0,14.0,0.7,hinge
0.12207357859531773,8274.591666580456,1,2089.718333316091,2092.0,S2,qlearning,1,908,0.1,3.0,1.1,7.0,14.0,0.7,hinge
0.1097631426920855,9616.1,0,2620.68,2680.6,S2,qlearning,1,909,0.1,3.0,1.1,7.0,14.0,0.7,hinge
0.12839059674502712,7602.46441434942,1,2015.0728828698839,2025.5,S2,qlearning,1,910,0.1,3.0,1.1,7.0,14.0,0.7,hinge
0.10412722453616055,7468.922979019129,6,2217.920952211406,2371.276190264258,S2,qlearning,1,911,0.1,3.0,1.1,7.0,14.0,0.7,hinge
0.14198782961460446,8065.949999926666,1,2419.98,2533.5,S2,qlearning,1,912,0.1,3.0,1.1,7.0,14.0,0.7,hinge
0.1071776550828191,8570.9,0,2472.0,2486.5,S2,qlearning,1,913,0.1,3.0,1.1,7.0,14.0,0.7,hinge
0.10580314203270279,8790.344329165082,7,2317.989999984752,2374.1,S2,qlearning,1,914,0.1,3.0,1.1,7.0,14.0,0.7,hinge
0.09650582362728785,8457.236021427032,1,2591.8,2623.0,S2,qlearning,1,915,0.1,3.0,1.1,7.0,14.0,0.7,hinge
0.0891089108910891,9999.549999963507,1,2640.239999970806,2684.549999963507,S2,qlearning,1,916,0.1,3.0,1.1,7.0,14.0,0.7,hinge
0.11123470522803114,7500.7,0,2202.2,2273.0,S2,qlearning,1,917,0.1,3.0,1.1,7.0,14.0,0.7,hinge
0.11908755451190875,8238.1,0,2376.3199999999997,2522.5,S2,qlearning,1,918,0.1,3.0,1.1,7.0,14.0,0.7,hinge
0.11690046760187041,8319.345032996322,2,2377.6399999464347,2504.0499999330436,S2,qlearning,1,919,0.1,3.0,1.1,7.0,14.0,0.7,hinge
0.11734401831711505,9735.947022390636,7,2715.3524998760518,2757.5656248450646,S2,qlearning,1,920,0.1,3.0,1.1,7.0,14.0,0.7,hinge
0.127750177430802,7779.149999733827,3,2152.589999838395,2165.599999819383,S2,qlearning,1,921,0.1,3.0,1.1,7.0,14.0,0.7,hinge
0.13486176668914363,8115.6,0,2379.2999999999997,2473.5,S2,qlearning,1,922,0.1,3.0,1.1,7.0,14.0,0.7,hinge
0.10514396635393077,8664.199999946528,1,2263.8599999572225,2275.199999946528,S2,qlearning,1,923,0.1,3.0,1.1,7.0,14.0,0.7,hinge
0.11252163877668782,9690.217974274785,5,2597.3750045103,2648.219016092239,S2,qlearning,1,924,0.1,3.0,1.1,7.0,14.0,0.7,hinge
0.09922822491730982,7618.5,0,2352.4,2465.0,S2,qlearning,1,925,0.1,3.0,1.1,7.0,14.0,0.7,hinge
0.09202453987730061,9319.365732573078,8,2628.0825862115566,2663.715732779485,S2,qlearning,1,926,0.1,3.0,1.1,7.0,14.0,0.7,hinge
0.08968609865470852,10113.404100690112,5,2535.916827782453,2589.0868419943145,S2,qlearning,1,927,0.1,3.0,1.1,7.0,14.0,0.7,hinge
0.1171875,7110.449999950641,1,2274.9399999605125,2496.049999950641,S2,qlearning,1,928,0.1,3.0,1.1,7.0,14.0,0.7,hinge
0.07169005491153142,9379.038888764013,2,2553.7099999883335,2579.5,S2,qlearning,1,929,0.1,3.0,1.1,7.0,14.0,0.7,hinge
0.1474382602285293,7394.649999821093,2,1946.4599999786112,1957.4,S2,qlearning,1,930,0.1,3.0,1.1,7.0,14.0,0.7,hinge
0.11542689629901062,7583.383333051331,3,1999.7066664410645,2001.3833330513307,S2,qlearning,1,931,0.1,3.0,1.1,7.0,14.0,0.7,hinge
0.0823045267489712,9714.249998395295,2,2722.0499996790586,2875.5,S2,qlearning,1,932,0.1,3.0,1.1,7.0,14.0,0.7,hinge
0.11302475780409042,7821.883332501161,8,2012.0773330634388,2023.5966663292984,S2,qlearning,1,933,0.1,3.0,1.1,7.0,14.0,0.7,hinge
0.11402686660418619,8915.586841981465,2,2324.4,2382.5,S2,qlearning,1,934,0.1,3.0,1.1,7.0,14.0,0.7,hinge
0.09861932938856016,8530.0,0,2486.4,2568.0,S2,qlearning,1,935,0.1,3.0,1.1,7.0,14.0,0.7,hinge
0.09935799449709569,9183.049999918947,1,2287.6099999837893,2327.0,S2,qlearning,1,936,0.1,3.0,1.1,7.0,14.0,0.7,hinge
0.09854457246816252,9250.5,0,2655.7,2656.5,S2,qlearning,1,937,0.1,3.0,1.1,7.0,14.0,0.7,hinge
0.09177550300035298,8018.18783152707,3,2377.156642116056,2401.69580264507,S2,qlearning,1,938,0.1,3.0,1.1,7.0,14.0,0.7,hinge
0.08847110865358032,10270.763976371332,5,3012.936289272944,3135.5,S2,qlearning,1,939,0.1,3.0,1.1,7.0,14.0,0.7,hinge
0.11908262275801235,9393.549999918947,1,2503.8099999837896,2520.5,S2,qlearning,1,940,0.1,3.0,1.1,7.0,14.0,0.7,hinge
0.09908776344762504,9012.946628566702,10,2471.882531023469,2604.7983976046403,S2,qlearning,1,941,0.1,3.0,1.1,7.0,14.0,0.7,hinge
0.1005426109160549,8789.549999919791,1,2250.0099999839586,2267.5,S2,qlearning,1,942,0.1,3.0,1.1,7.0,14.0,0.7,hinge
0.11512027491408934,8109.949999921429,1,2209.32,2260.4,S2,qlearning,1,943,0.1,3.0,1.1,7.0,14.0,0.7,hinge
0.08417508417508418,9318.460881982071,7,2497.9067566657563,2498.5999998960924,S2,qlearning,1,944,0.1,3.0,1.1,7.0,14.0,0.7,hinge
0.08342208022719205,8038.599999874762,2,2200.4099999842856,2250.5,S2,qlearning,1,945,0.1,3.0,1.1,7.0,14.0,0.7,hinge
0.08843346434587311,10110.399999588366,5,2782.459999909646,2802.049999942963,S2,qlearning,1,946,0.1,3.0,1.1,7.0,14.0,0.7,hinge
0.13071895424836602,7556.1,0,2182.0,2187.5,S2,qlearning,1,947,0.1,3.0,1.1,7.0,14.0,0.7,hinge
0.10742786985880909,9115.21111103429,2,2572.368888827432,2607.21111103429,S2,qlearning,1,948,0.1,3.0,1.1,7.0,14.0,0.7,hinge
0.09341199606686332,8614.547916311896,4,2354.4399999499187,2362.0499999373983,S2,qlearning,1,949,0.1,3.0,1.1,7.0,14.0,0.7,hinge
0.10430247718383312,8614.473234135408,3,2168.6946468270817,2190.5,S2,qlearning,1,950,0.1,3.0,1.1,7.0,14.0,0.7,hinge
0.1150855365474339,8935.049999946896,1,2517.1099999893795,2555.5,S2,qlearning,1,951,0.1,3.0,1.1,7.0,14.0,0.7,hinge
0.1042669233237087,8707.5,0,2888.1,3037.0,S2,qlearning,1,952,0.1,3.0,1.1,7.0,14.0,0.7,hinge
0.09098663633778789,9936.049999935294,1,2614.7,2691.0,S2,qlearning,1,953,0.1,3.0,1.1,7.0,14.0,0.7,hinge
0.0862533692722372,10498.549999950323,1,3022.9,3137.5,S2,qlearning,1,954,0.1,3.0,1.1,7.0,14.0,0.7,hinge
0.10123541523678792,8133.5,0,2505.3,2546.5,S2,qlearning,1,955,0.1,3.0,1.1,7.0,14.0,0.7,hinge
0.12656091798852515,8169.968946215167,5,2292.3451570025286,2361.4189462658255,S2,qlearning,1,956,0.1,3.0,1.1,7.0,14.0,0.7,hinge
0.11351543100390209,7866.599999186765,2,1896.519999837353,1907.0,S2,qlearning,1,957,0.1,3.0,1.1,7.0,14.0,0.7,hinge
0.10078023407022106,8743.341879698053,8,2585.538376008496,2685.5,S2,qlearning,1,958,0.1,3.0,1.1,7.0,14.0,0.7,hinge
0.14840989399293286,7685.049999904938,1,2158.6,2189.0,S2,qlearning,1,959,0.1,3.0,1.1,7.0,14.0,0.7,hinge
0.08370702541106129,9514.866666565616,2,2614.7933332524935,2673.366666565617,S2,qlearning,1,960,0.1,3.0,1.1,7.0,14.0,0.7,hinge
0.1123234916559692,8689.217592293986,5,2653.774073835188,2790.7175922939855,S2,qlearning,1,961,0.1,3.0,1.1,7.0,14.0,0.7,hinge
0.10281556469471687,8877.59999965377,2,2706.8099999747537,2844.5,S2,qlearning,1,962,0.1,3.0,1.1,7.0,14.0,0.7,hinge
0.12852112676056338,7818.749999394343,5,1834.2,1842.5,S2,qlearning,1,963,0.1,3.0,1.1,7.0,14.0,0.7,hinge
0.07817485641352903,8934.683333263492,1,2400.8,2445.0,S2,qlearning,1,964,0.1,3.0,1.1,7.0,14.0,0.7,hinge
0.11885379355258874,8499.4,0,2564.7,2642.0,S2,qlearning,1,965,0.1,3.0,1.1,7.0,14.0,0.7,hinge
0.10486177311725453,8799.490425364822,2,2336.2223403455787,2406.6404254543572,S2,qlearning,1,966,0.1,3.0,1.1,7.0,14.0,0.7,hinge
0.1404494382022472,7796.5,0,2290.2,2401.5,S2,qlearning,1,967,0.1,3.0,1.1,7.0,14.0,0.7,hinge
0.10575016523463318,8454.380850852229,2,2396.42,2529.0,S2,qlearning,1,968,0.1,3.0,1.1,7.0,14.0,0.7,hinge
0.0986059163549813,8230.9,0,2265.92,2377.4,S2,qlearning,1,969,0.1,3.0,1.1,7.0,14.0,0.7,hinge
0.0804953560371517,9206.745480495018,4,2905.976384453764,3123.0454805912673,S2,qlearning,1,970,0.1,3.0,1.1,7.0,14.0,0.7,hinge
0.08401008120974517,10161.409260301903,6,3061.3132909625756,3189.2190646987838,S2,qlearning,1,971,0.1,3.0,1.1,7.0,14.0,0.7,hinge
0.11430437622468975,8527.699999895232,2,2478.3999999161865,2557.0999998952334,S2,qlearning,1,972,0.1,3.0,1.1,7.0,14.0,0.7,hinge
0.10246557796990073,8768.243470452366,2,2844.5,2983.0,S2,qlearning,1,973,0.1,3.0,1.1,7.0,14.0,0.7,hinge
0.10823220728107576,8507.679411421665,3,2683.6358822843326,2792.5,S2,qlearning,1,974,0.1,3.0,1.1,7.0,14.0,0.7,hinge
0.12102601156069365,7658.0,0,2139.8,2195.0,S2,qlearning,1,975,0.1,3.0,1.1,7.0,14.0,0.7,hinge
0.0950920245398773,9166.5,0,2549.5,2555.5,S2,qlearning,1,976,0.1,3.0,1.1,7.0,14.0,0.7,hinge
0.10127409343351845,8588.549999957222,1,2463.1099999914445,2539.0,S2,qlearning,1,977,0.1,3.0,1.1,7.0,14.0,0.7,hinge
0.09899482180932075,9236.374999789448,3,2751.0799998700586,2789.0999998375733,S2,qlearning,1,978,0.1,3.0,1.1,7.0,14.0,0.7,hinge
0.1001410437235543,9959.82093943252,3,3094.676752111552,3225.2209401394402,S2,qlearning,1,979,0.1,3.0,1.1,7.0,14.0,0.7,hinge
0.09515039901780234,9194.240453186201,7,2677.598678437509,2683.2483480468863,S2,qlearning,1,980,0.1,3.0,1.1,7.0,14.0,0.7,hinge
0.11191335740072202,7704.549999842857,1,2349.4,2441.5,S2,qlearning,1,981,0.1,3.0,1.1,7.0,14.0,0.7,hinge
0.09169213670464017,10230.748428021796,7,2770.479685674688,2820.699999966376,S2,qlearning,1,982,0.1,3.0,1.1,7.0,14.0,0.7,hinge
0.14492753623188406,6605.099999717965,2,1807.379999774372,1839.0999997179651,S2,qlearning,1,983,0.1,3.0,1.1,7.0,14.0,0.7,hinge
0.111011101110111,9275.5,0,2591.7,2661.5,S2,qlearning,1,984,0.1,3.0,1.1,7.0,14.0,0.7,hinge
0.09182736455463728,9264.497916450196,4,2563.149583326148,2567.5,S2,qlearning,1,985,0.1,3.0,1.1,7.0,14.0,0.7,hinge
0.09376803231390653,9747.549999937903,1,2574.0,2584.0,S2,qlearning,1,986,0.1,3.0,1.1,7.0,14.0,0.7,hinge
0.08795074758135445,9670.081521520488,2,2922.5652172163896,3014.181521520487,S2,qlearning,1,987,0.1,3.0,1.1,7.0,14.0,0.7,hinge
0.08040500297796307,9529.5,0,2498.1,2572.5,S2,qlearning,1,988,0.1,3.0,1.1,7.0,14.0,0.7,hinge
0.10837916531866709,8653.79021471455,4,2863.2537096665023,3091.5,S2,qlearning,1,989,0.1,3.0,1.1,7.0,14.0,0.7,hinge
0.12042682926829268,9124.52613046846,3,2232.7,2259.5,S2,qlearning,1,990,0.1,3.0,1.1,7.0,14.0,0.7,hinge
0.1153715643026807,8201.299283750246,4,2126.8165699595947,2153.8957124494937,S2,qlearning,1,991,0.1,3.0,1.1,7.0,14.0,0.7,hinge
0.10956521739130434,8055.21315743951,5,2418.3499999203923,2520.0499999588237,S2,qlearning,1,992,0.1,3.0,1.1,7.0,14.0,0.7,hinge
0.0976027397260274,8234.418852343133,1,2191.183770468627,2250.5,S2,qlearning,1,993,0.1,3.0,1.1,7.0,14.0,0.7,hinge
0.10326449033977349,8385.5,0,2324.2,2359.5,S2,qlearning,1,994,0.1,3.0,1.1,7.0,14.0,0.7,hinge
0.12151536812008577,7716.8,0,2458.6,2495.5,S2,qlearning,1,995,0.1,3.0,1.1,7.0,14.0,0.7,hinge
0.11325374961738598,9095.449999952762,1,3092.3399999622084,3329.0499999527606,S2,qlearning,1,996,0.1,3.0,1.1,7.0,14.0,0.7,hinge
0.12293701583024587,8182.8,0,2491.4,2584.5,S2,qlearning,1,997,0.1,3.0,1.1,7.0,14.0,0.7,hinge
0.12919896640826872,7468.349999957576,1,1978.6699999915152,2046.5,S2,qlearning,1,998,0.1,3.0,1.1,7.0,14.0,0.7,hinge
0.09819201995012469,9002.633333292957,1,2562.4066666343647,2625.133333292956,S2,qlearning,1,999,0.1,3.0,1.1,7.0,14.0,0.7,hinge
0.0912465202598206,9161.892952366701,4,2486.8906957207973,2510.036842061271,S2,qlearning,2,0,0.1,3.0,1.1,7.0,14.0,0.7,hinge
0.11077027948193592,8142.0,0,2214.2999999999997,2311.5,S2,qlearning,2,1,0.1,3.0,1.1,7.0,14.0,0.7,hinge
0.10207286432160805,8925.0,0,2869.9,2932.0,S2,qlearning,2,2,0.1,3.0,1.1,7.0,14.0,0.7,hinge
0.11413383364602876,8928.345121112448,4,2383.4399999597385,2424.5499999496733,S2,qlearning,2,3,0.1,3.0,1.1,7.0,14.0,0.7,hinge
0.10505581089954039,8528.149999651878,3,2618.1099999802564,2812.0,S2,qlearning,2,4,0.1,3.0,1.1,7.0,14.0,0.7,hinge
0.1090092978518756,8753.315856067933,4,2531.239999923,2557.04999990375,S2,qlearning,2,5,0.1,3.0,1.1,7.0,14.0,0.7,hinge
0.1107188703465982,8676.642028736716,2,2405.8,2425.5,S2,qlearning,2,6,0.1,3.0,1.1,7.0,14.0,0.7,hinge
0.14569256756756757,6529.278448600464,10,2092.1256896317645,2168.0999998300726,S2,qlearning,2,7,0.1,3.0,1.1,7.0,14.0,0.7,hinge
0.11206631869818852,9051.70465069545,2,2433.5,2453.5,S2,qlearning,2,8,0.1,3.0,1.1,7.0,14.0,0.7,hinge
0.12678997613365156,9251.299999667619,3,2811.3099999825,2983.5,S2,qlearning,2,9,0.1,3.0,1.1,7.0,14.0,0.7,hinge
0.12943262411347517,7791.4704058497555,4,2131.194081169951,2243.5,S2,qlearning,2,10,0.1,3.0,1.1,7.0,14.0,0.7,hinge
0.08774538964901844,9536.887207234267,6,2527.029999880863,2637.6374998948095,S2,qlearning,2,11,0.1,3.0,1.1,7.0,14.0,0.7,hinge
0.07814761215629522,9831.5,0,2602.5,2660.0,S2,qlearning,2,12,0.1,3.0,1.1,7.0,14.0,0.7,hinge
0.07749627421758569,9567.0,0,2584.5,2592.0,S2,qlearning,2,13,0.1,3.0,1.1,7.0,14.0,0.7,hinge
0.10428736964078796,9694.499999513642,4,2909.0,3077.0,S2,qlearning,2,14,0.1,3.0,1.1,7.0,14.0,0.7,hinge
0.09280742459396751,9721.394331961303,3,2573.5,2600.5,S2,qlearning,2,15,0.1,3.0,1.1,7.0,14.0,0.7,hinge
0.08719086873811034,8961.701455398164,6,2609.8999999999996,2772.0,S2,qlearning,2,16,0.1,3.0,1.1,7.0,14.0,0.7,hinge
0.10294538175579068,9862.690233024494,9,2677.8848385697893,2756.7185482351533,S2,qlearning,2,17,0.1,3.0,1.1,7.0,14.0,0.7,hinge
0.10687732342007435,9047.199999732593,4,2765.3599999363464,2878.0499999468966,S2,qlearning,2,18,0.1,3.0,1.1,7.0,14.0,0.7,hinge
0.08537371134020619,8792.746788863735,2,2334.4,2395.5,S2,qlearning,2,19,0.1,3.0,1.1,7.0,14.0,0.7,hinge
0.08016627078384798,9633.304404527707,7,2682.3563982379887,2699.5,S2,qlearning,2,20,0.1,3.0,1.1,7.0,14.0,0.7,hinge
0.096051227321238,7931.1,0,1889.4,1915.5,S2,qlearning,2,21,0.1,3.0,1.1,7.0,14.0,0.7,hinge
0.09951845906902086,8732.468977980492,2,2442.409999986491,2454.0,S2,qlearning,2,22,0.1,3.0,1.1,7.0,14.0,0.7,hinge
0.08014393195943735,8742.229166311276,5,2227.053333102742,2276.679166400811,S2,qlearning,2,23,0.1,3.0,1.1,7.0,14.0,0.7,hinge
0.11830635118306351,8888.0,0,2537.7999999999997,2608.5,S2,qlearning,2,24,0.1,3.0,1.1,7.0,14.0,0.7,hinge
0.10897435897435898,8697.549999914445,1,2522.9399999315556,2538.0499999144445,S2,qlearning,2,25,0.1,3.0,1.1,7.0,14.0,0.7,hinge
0.10377942998760843,9088.385116894906,6,2516.060970798929,2523.5,S2,qlearning,2,26,0.1,3.0,1.1,7.0,14.0,0.7,hinge
0.09560723514211886,10867.049999940311,1,3198.939999952248,3282.54999994031,S2,qlearning,2,27,0.1,3.0,1.1,7.0,14.0,0.7,hinge
0.12602579132473624,9428.549999946154,1,2584.7099999892307,2610.5,S2,qlearning,2,28,0.1,3.0,1.1,7.0,14.0,0.7,hinge
0.13561113067981684,7873.358839411203,8,2355.298039018699,2508.5999998206185,S2,qlearning,2,29,0.1,3.0,1.1,7.0,14.0,0.7,hinge
0.09334163036714374,9097.672548270131,5,2459.6,2466.0,S2,qlearning,2,30,0.1,3.0,1.1,7.0,14.0,0.7,hinge
0.0878003696857671,9170.5,0,2403.8,2425.0,S2,qlearning,2,31,0.1,3.0,1.1,7.0,14.0,0.7,hinge
0.11371020142949967,8570.5,0,2477.2,2525.0,S2,qlearning,2,32,0.1,3.0,1.1,7.0,14.0,0.7,hinge
0.10940919037199125,8922.739130285609,2,2392.8478260571214,2445.5,S2,qlearning,2,33,0.1,3.0,1.1,7.0,14.0,0.7,hinge
0.10687463893703061,9635.0,0,3140.0,3293.0,S2,qlearning,2,34,0.1,3.0,1.1,7.0,14.0,0.7,hinge
0.10276399716513111,7948.073983469796,4,2167.939999954706,2235.5499999433823,S2,qlearning,2,35,0.1,3.0,1.1,7.0,14.0,0.7,hinge
0.10594795539033457,7510.54999846,1,2431.2099996919997,2667.5,S2,qlearning,2,36,0.1,3.0,1.1,7.0,14.0,0.7,hinge
0.1084689194826867,6676.7,0,1851.3,1954.0,S2,qlearning,2,37,0.1,3.0,1.1,7.0,14.0,0.7,hinge
0.11823719097097814,7784.149999654158,3,2399.0899997653264,2405.099999724158,S2,qlearning,2,38,0.1,3.0,1.1,7.0,14.0,0.7,hinge
0.1155428933206711,8812.349999607855,4,2817.259999942382,3017.0,S2,qlearning,2,39,0.1,3.0,1.1,7.0,14.0,0.7,hinge
0.09951060358890701,8639.049999939843,1,2401.939999951875,2432.049999939844,S2,qlearning,2,40,0.1,3.0,1.1,7.0,14.0,0.7,hinge
0.11529331976941336,8180.5,0,2342.1,2370.5,S2,qlearning,2,41,0.1,3.0,1.1,7.0,14.0,0.7,hinge
0.07920792079207921,8641.102314254833,7,2775.4718517254723,2933.3148147071506,S2,qlearning,2,42,0.1,3.0,1.1,7.0,14.0,0.7,hinge
0.11873350923482849,8408.0,0,2727.6,2834.0,S2,qlearning,2,43,0.1,3.0,1.1,7.0,14.0,0.7,hinge
0.10407505130460276,9600.84166634208,5,2916.449999957255,2952.0499999583785,S2,qlearning,2,44,0.1,3.0,1.1,7.0,14.0,0.7,hinge
0.10668065757257783,7958.7499998075,1,2217.7999999999997,2335.5,S2,qlearning,2,45,0.1,3.0,1.1,7.0,14.0,0.7,hinge
0.09436980166346769,8805.594385737166,4,2484.4799998962276,2540.5999998702846,S2,qlearning,2,46,0.1,3.0,1.1,7.0,14.0,0.7,hinge
0.08722843976300197,8601.049999946528,1,2182.6099999893054,2214.5,S2,qlearning,2,47,0.1,3.0,1.1,7.0,14.0,0.7,hinge
0.10567632850241546,9239.5,0,2341.1,2360.0,S2,qlearning,2,48,0.1,3.0,1.1,7.0,14.0,0.7,hinge
0.09540034071550256,8263.099999851749,2,2642.3799998813984,2827.599999851748,S2,qlearning,2,49,0.1,3.0,1.1,7.0,14.0,0.7,hinge
0.10912698412698413,8462.829943246776,4,2476.255988659355,2586.0,S2,qlearning,2,50,0.1,3.0,1.1,7.0,14.0,0.7,hinge
0.07193041150886584,8592.539515833752,4,2094.219999973673,2112.5,S2,qlearning,2,51,0.1,3.0,1.1,7.0,14.0,0.7,hinge
0.11689526184538654,8940.966290285249,6,2372.5577537804465,2385.7689871081107,S2,qlearning,2,52,0.1,3.0,1.1,7.0,14.0,0.7,hinge
0.08781711736827433,10161.049999940311,1,2495.739999952248,2543.04999994031,S2,qlearning,2,53,0.1,3.0,1.1,7.0,14.0,0.7,hinge
0.11502838362712878,9310.64999987089,2,2889.139999958933,3083.0499999486665,S2,qlearning,2,54,0.1,3.0,1.1,7.0,14.0,0.7,hinge
0.09557038834951456,9271.549999928704,1,2959.1099999857406,3055.5,S2,qlearning,2,55,0.1,3.0,1.1,7.0,14.0,0.7,hinge
0.11727078891257996,7841.854651045875,2,2159.4837208367,2205.3546510458746,S2,qlearning,2,56,0.1,3.0,1.1,7.0,14.0,0.7,hinge
0.10370134014039566,8793.0,0,2322.8,2334.0,S2,qlearning,2,57,0.1,3.0,1.1,7.0,14.0,0.7,hinge
0.09375,9020.2078945454,3,2436.226315686402,2452.657894608002,S2,qlearning,2,58,0.1,3.0,1.1,7.0,14.0,0.7,hinge
0.10930888575458392,7898.5,0,2402.3,2427.0,S2,qlearning,2,59,0.1,3.0,1.1,7.0,14.0,0.7,hinge
0.1079136690647482,8581.711538348512,2,2456.709999987874,2471.5,S2,qlearning,2,60,0.1,3.0,1.1,7.0,14.0,0.7,hinge
0.10390818858560794,9025.312686385616,2,2776.862537277123,2895.5,S2,qlearning,2,61,0.1,3.0,1.1,7.0,14.0,0.7,hinge
0.0943104514533086,9136.191208496155,5,2674.026813068152,2762.314285614869,S2,qlearning,2,62,0.1,3.0,1.1,7.0,14.0,0.7,hinge
0.0971045197740113,7982.838095133649,2,2544.67047610692,2668.83809513365,S2,qlearning,2,63,0.1,3.0,1.1,7.0,14.0,0.7,hinge
0.1266255989048597,8026.0,0,2115.2,2117.0,S2,qlearning,2,64,0.1,3.0,1.1,7.0,14.0,0.7,hinge
0.1104542626011201,8950.4,0,2329.7,2407.5,S2,qlearning,2,65,0.1,3.0,1.1,7.0,14.0,0.7,hinge
0.09496834388537154,8552.369460595008,7,2400.999999941304,2488.5,S2,qlearning,2,66,0.1,3.0,1.1,7.0,14.0,0.7,hinge
0.1273479783508437,8686.349999667884,4,2585.6799998957,2645.599999869625,S2,qlearning,2,67,0.1,3.0,1.1,7.0,14.0,0.7,hinge
0.12537425149700598,7454.808849054492,8,2066.646196916365,2094.8077461454563,S2,qlearning,2,68,0.1,3.0,1.1,7.0,14.0,0.7,hinge
0.11174175239446613,7871.742345116495,5,2611.4824690498863,2736.5,S2,qlearning,2,69,0.1,3.0,1.1,7.0,14.0,0.7,hinge
0.14629629629629629,7367.949187341901,5,2034.3898374683802,2044.5,S2,qlearning,2,70,0.1,3.0,1.1,7.0,14.0,0.7,hinge
0.11574074074074074,8386.4,0,2527.78,2569.0,S2,qlearning,2,71,0.1,3.0,1.1,7.0,14.0,0.7,hinge
0.12186865267433988,8157.5,0,2612.0,2817.0,S2,qlearning,2,72,0.1,3.0,1.1,7.0,14.0,0.7,hinge
0.11178861788617886,8282.20945134275,5,2534.9118918640843,2553.5,S2,qlearning,2,73,0.1,3.0,1.1,7.0,14.0,0.7,hinge
0.11044176706827309,8359.849999839531,2,2125.789999985607,2149.6,S2,qlearning,2,74,0.1,3.0,1.1,7.0,14.0,0.7,hinge
0.1078079059131003,8516.0499999,1,2410.3,2426.0,S2,qlearning,2,75,0.1,3.0,1.1,7.0,14.0,0.7,hinge
0.12363122571529495,7781.3,0,2456.7,2559.0,S2,qlearning,2,76,0.1,3.0,1.1,7.0,14.0,0.7,hinge
0.0949081048508587,9383.825316173097,3,2615.6250632546194,2646.5,S2,qlearning,2,77,0.1,3.0,1.1,7.0,14.0,0.7,hinge
0.11332417582417582,8094.0,0,2052.9,2080.5,S2,qlearning,2,78,0.1,3.0,1.1,7.0,14.0,0.7,hinge
0.11476664116296863,7251.5,0,1850.8999999999999,1881.0,S2,qlearning,2,79,0.1,3.0,1.1,7.0,14.0,0.7,hinge
0.09761388286334056,7796.249999791549,2,2158.1,2276.0,S2,qlearning,2,80,0.1,3.0,1.1,7.0,14.0,0.7,hinge
0.10778859527121001,8115.445204996699,4,2239.3799997844,2274.0999997305,S2,qlearning,2,81,0.1,3.0,1.1,7.0,14.0,0.7,hinge
0.10477657935285054,9109.549999922223,1,2449.7,2454.5,S2,qlearning,2,82,0.1,3.0,1.1,7.0,14.0,0.7,hinge
0.11559696342305038,8063.699999530849,4,2781.1399999061696,3049.0,S2,qlearning,2,83,0.1,3.0,1.1,7.0,14.0,0.7,hinge
0.09475218658892129,7756.409459213095,2,2256.147567370476,2280.7094592130948,S2,qlearning,2,84,0.1,3.0,1.1,7.0,14.0,0.7,hinge
0.11687917425622343,9152.0,0,2456.7999999999997,2523.0,S2,qlearning,2,85,0.1,3.0,1.1,7.0,14.0,0.7,hinge
0.08356545961002786,10236.690186586067,5,3050.01214945027,3108.390186812838,S2,qlearning,2,86,0.1,3.0,1.1,7.0,14.0,0.7,hinge
0.14632405424696646,7628.5,0,2159.7999999999997,2255.5,S2,qlearning,2,87,0.1,3.0,1.1,7.0,14.0,0.7,hinge
0.09532374100719425,7852.966666288951,4,2174.2,2209.5,S2,qlearning,2,88,0.1,3.0,1.1,7.0,14.0,0.7,hinge
0.09892347977887693,9663.549999910465,1,2833.9,2867.5,S2,qlearning,2,89,0.1,3.0,1.1,7.0,14.0,0.7,hinge
0.10962241169305725,9143.2,0,2525.1,2609.0,S2,qlearning,2,90,0.1,3.0,1.1,7.0,14.0,0.7,hinge
0.07073386383731212,9741.0,0,2390.6,2391.0,S2,qlearning,2,91,0.1,3.0,1.1,7.0,14.0,0.7,hinge
0.09424263193968471,8254.599999839584,2,2246.6199999679166,2304.0,S2,qlearning,2,92,0.1,3.0,1.1,7.0,14.0,0.7,hinge
0.09264793783622235,9420.049999956984,1,2794.739999965587,2892.5499999569834,S2,qlearning,2,93,0.1,3.0,1.1,7.0,14.0,0.7,hinge
0.14958044509303173,7396.0,0,1970.6,1979.0,S2,qlearning,2,94,0.1,3.0,1.1,7.0,14.0,0.7,hinge
0.09727626459143969,7966.8,0,2882.8999999999996,3134.0,S2,qlearning,2,95,0.1,3.0,1.1,7.0,14.0,0.7,hinge
0.1146356783919598,8895.696144119423,4,2512.4,2571.0,S2,qlearning,2,96,0.1,3.0,1.1,7.0,14.0,0.7,hinge
0.1131928181108509,7145.566393386751,1,2134.21327867735,2242.5,S2,qlearning,2,97,0.1,3.0,1.1,7.0,14.0,0.7,hinge
0.1312286040319513,7273.978946855632,6,2155.3357892689005,2262.749999801418,S2,qlearning,2,98,0.1,3.0,1.1,7.0,14.0,0.7,hinge
0.10915607689801238,8569.249999886159,2,2780.3499999772316,2961.0,S2,qlearning,2,99,0.1,3.0,1.1,7.0,14.0,0.7,hinge
0.11367275056035862,8668.5,0,2260.7,2280.0,S2,qlearning,2,100,0.1,3.0,1.1,7.0,14.0,0.7,hinge
0.09230769230769231,10079.199171232878,1,2820.459336986302,2971.1991712328777,S2,qlearning,2,101,0.1,3.0,1.1,7.0,14.0,0.7,hinge
0.1173941798941799,8405.499999933043,1,2323.6,2370.0,S2,qlearning,2,102,0.1,3.0,1.1,7.0,14.0,0.7,hinge
0.14411027568922305,6537.969064410303,3,1850.0752515282427,1903.9690644103034,S2,qlearning,2,103,0.1,3.0,1.1,7.0,14.0,0.7,hinge
0.08322010869565218,8387.407469856162,8,3063.4399998149756,3335.0,S2,qlearning,2,104,0.1,3.0,1.1,7.0,14.0,0.7,hinge
0.12218403970981291,7243.649999926667,1,2156.7,2288.5,S2,qlearning,2,105,0.1,3.0,1.1,7.0,14.0,0.7,hinge
0.09259259259259259,9728.5,0,2890.1,2930.5,S2,qlearning,2,106,0.1,3.0,1.1,7.0,14.0,0.7,hinge
0.10040160642570281,9134.749414616123,3,2566.5,2644.0,S2,qlearning,2,107,0.1,3.0,1.1,7.0,14.0,0.7,hinge
0.12874779541446207,7861.004650351471,6,2292.9099998372762,2396.6999999368854,S2,qlearning,2,108,0.1,3.0,1.1,7.0,14.0,0.7,hinge
0.09848484848484848,9259.049999941666,1,2537.0399999533333,2627.5499999416666,S2,qlearning,2,109,0.1,3.0,1.1,7.0,14.0,0.7,hinge
0.14811849479583666,6774.606451475734,2,2016.8851611805865,2087.106451475733,S2,qlearning,2,110,0.1,3.0,1.1,7.0,14.0,0.7,hinge
0.10700389105058365,8641.849999846901,2,2354.74999996938,2364.0,S2,qlearning,2,111,0.1,3.0,1.1,7.0,14.0,0.7,hinge
0.1020986954055587,9894.920338575312,4,2499.6740676984537,2502.04999995,S2,qlearning,2,112,0.1,3.0,1.1,7.0,14.0,0.7,hinge
0.11932003922850605,8446.5,0,2382.2999999999997,2475.5,S2,qlearning,2,113,0.1,3.0,1.1,7.0,14.0,0.7,hinge
0.10372714486638537,7997.34999989,1,2231.509999978,2278.5,S2,qlearning,2,114,0.1,3.0,1.1,7.0,14.0,0.7,hinge
0.07177764202810018,9393.889170375483,5,2508.3778340750964,2535.5,S2,qlearning,2,115,0.1,3.0,1.1,7.0,14.0,0.7,hinge
0.10361892978657594,9071.258654289808,5,2479.6,2481.5,S2,qlearning,2,116,0.1,3.0,1.1,7.0,14.0,0.7,hinge
0.0942507068803016,9018.19999969725,4,2648.4399999364946,2707.5499999206186,S2,qlearning,2,117,0.1,3.0,1.1,7.0,14.0,0.7,hinge
0.09044317154054869,9433.877675429976,7,2838.891371279394,2892.5182739419433,S2,qlearning,2,118,0.1,3.0,1.1,7.0,14.0,0.7,hinge
0.07749535027898326,9176.268103321643,2,2672.5,2699.0,S2,qlearning,2,119,0.1,3.0,1.1,7.0,14.0,0.7,hinge
0.13572204125950055,7557.33442616898,1,1984.086885233796,2041.0,S2,qlearning,2,120,0.1,3.0,1.1,7.0,14.0,0.7,hinge
0.1245608431810923,8728.069692427203,9,2866.2832543057657,3042.466567911374,S2,qlearning,2,121,0.1,3.0,1.1,7.0,14.0,0.7,hinge
0.10048510048510048,8126.883087865015,5,2136.478970535093,2166.3705881939964,S2,qlearning,2,122,0.1,3.0,1.1,7.0,14.0,0.7,hinge
0.12536873156342182,9331.0,0,3055.4,3176.5,S2,qlearning,2,123,0.1,3.0,1.1,7.0,14.0,0.7,hinge
0.08631713554987212,8874.399999848178,2,2205.8199998785417,2214.8999998481772,S2,qlearning,2,124,0.1,3.0,1.1,7.0,14.0,0.7,hinge
0.109499852027227,9419.0,0,2708.6,2750.5,S2,qlearning,2,125,0.1,3.0,1.1,7.0,14.0,0.7,hinge
0.13561741613133477,7666.049999904938,1,1803.7099999809875,1836.5,S2,qlearning,2,126,0.1,3.0,1.1,7.0,14.0,0.7,hinge
0.10139627659574468,8478.748755205355,3,2392.2390042240904,2546.5487552801133,S2,qlearning,2,127,0.1,3.0,1.1,7.0,14.0,0.7,hinge
0.11057869517139697,7587.299999768662,2,2304.63999989193,2314.0499998649125,S2,qlearning,2,128,0.1,3.0,1.1,7.0,14.0,0.7,hinge
0.09151151782896813,9013.438171699732,6,2407.6399999675787,2438.0499999594736,S2,qlearning,2,129,0.1,3.0,1.1,7.0,14.0,0.7,hinge
0.11216963736939152,9099.160533241697,4,2553.4884266813574,2555.6105333516966,S2,qlearning,2,130,0.1,3.0,1.1,7.0,14.0,0.7,hinge
0.09882747068676717,8466.288276324634,6,2319.5606212773296,2369.1882766140043,S2,qlearning,2,131,0.1,3.0,1.1,7.0,14.0,0.7,hinge
0.089811542991755,9604.5,0,2537.1,2557.5,S2,qlearning,2,132,0.1,3.0,1.1,7.0,14.0,0.7,hinge
0.11511024643320363,8529.5,0,2247.2,2298.0,S2,qlearning,2,133,0.1,3.0,1.1,7.0,14.0,0.7,hinge
0.10472022507033447,8958.649999766618,3,2622.779999895428,2635.099999869285,S2,qlearning,2,134,0.1,3.0,1.1,7.0,14.0,0.7,hinge
0.10638297872340426,8540.549999906098,1,2178.2399999248782,2204.5499999060976,S2,qlearning,2,135,0.1,3.0,1.1,7.0,14.0,0.7,hinge
0.11359839625793518,8296.0,0,2323.7999999999997,2433.5,S2,qlearning,2,136,0.1,3.0,1.1,7.0,14.0,0.7,hinge
0.10020040080160321,8435.299999770976,3,2360.559999954195,2387.0,S2,qlearning,2,137,0.1,3.0,1.1,7.0,14.0,0.7,hinge
0.10213014298220018,9654.384659703752,7,2738.590769103933,2850.8999998933823,S2,qlearning,2,138,0.1,3.0,1.1,7.0,14.0,0.7,hinge
0.09393539881344759,8592.317999403598,5,2487.5099999898684,2530.0,S2,qlearning,2,139,0.1,3.0,1.1,7.0,14.0,0.7,hinge
0.10150507525376269,7980.049999898684,1,2172.7399999189474,2199.0499998986843,S2,qlearning,2,140,0.1,3.0,1.1,7.0,14.0,0.7,hinge
0.10037641154328733,8967.672222093295,2,2239.6,2301.5,S2,qlearning,2,141,0.1,3.0,1.1,7.0,14.0,0.7,hinge
0.11172279792746113,8685.019460636,5,2478.6799998980828,2574.099999872604,S2,qlearning,2,142,0.1,3.0,1.1,7.0,14.0,0.7,hinge
0.08961117861482382,9357.630487673443,2,2498.8,2501.5,S2,qlearning,2,143,0.1,3.0,1.1,7.0,14.0,0.7,hinge
0.12660364618501013,8207.599999887896,2,2583.2099999898014,2661.0,S2,qlearning,2,144,0.1,3.0,1.1,7.0,14.0,0.7,hinge
0.13256826276216857,6961.249999737095,2,1802.9799998752314,1838.0499998796874,S2,qlearning,2,145,0.1,3.0,1.1,7.0,14.0,0.7,hinge
0.1049618320610687,8825.923584740367,3,2377.0,2420.0,S2,qlearning,2,146,0.1,3.0,1.1,7.0,14.0,0.7,hinge
0.12422360248447205,8434.5,0,2250.8,2271.5,S2,qlearning,2,147,0.1,3.0,1.1,7.0,14.0,0.7,hinge
0.12316176470588236,7576.063996127866,6,2073.161149270751,2119.7499998765156,S2,qlearning,2,148,0.1,3.0,1.1,7.0,14.0,0.7,hinge
0.10364321608040201,8904.5,0,2488.2,2548.5,S2,qlearning,2,149,0.1,3.0,1.1,7.0,14.0,0.7,hinge
0.1062143310082435,8821.718320504413,2,2575.974656403531,2643.2183205044134,S2,qlearning,2,150,0.1,3.0,1.1,7.0,14.0,0.7,hinge
0.09215125516364792,8920.029999615681,6,2481.1189998995796,2513.554999904117,S2,qlearning,2,151,0.1,3.0,1.1,7.0,14.0,0.7,hinge
0.10150622134905042,8565.0,0,2403.5,2445.0,S2,qlearning,2,152,0.1,3.0,1.1,7.0,14.0,0.7,hinge
0.09506928778601353,8746.394444351668,2,2401.8788888703334,2458.0,S2,qlearning,2,153,0.1,3.0,1.1,7.0,14.0,0.7,hinge
0.11429491307147456,8641.827272545264,3,2677.1,2840.5,S2,qlearning,2,154,0.1,3.0,1.1,7.0,14.0,0.7,hinge
0.10386297376093294,7659.0,0,2263.7,2308.0,S2,qlearning,2,155,0.1,3.0,1.1,7.0,14.0,0.7,hinge
0.09746588693957114,8660.41741568951,1,2670.1939325516073,2770.117415689509,S2,qlearning,2,156,0.1,3.0,1.1,7.0,14.0,0.7,hinge
0.1251908396946565,9062.049877588874,4,2684.7868035695265,2869.7210044819603,S2,qlearning,2,157,0.1,3.0,1.1,7.0,14.0,0.7,hinge
0.11122697254084116,8135.461096324281,8,2421.6693422294866,2506.7952049410505,S2,qlearning,2,158,0.1,3.0,1.1,7.0,14.0,0.7,hinge
0.09510445899594637,9063.995266315173,5,2588.5,2652.0,S2,qlearning,2,159,0.1,3.0,1.1,7.0,14.0,0.7,hinge
0.09687034277198212,9510.63711174592,6,2906.2,3013.5,S2,qlearning,2,160,0.1,3.0,1.1,7.0,14.0,0.7,hinge
0.0881191127316925,9308.499999816284,2,2890.1,2957.0,S2,qlearning,2,161,0.1,3.0,1.1,7.0,14.0,0.7,hinge
0.11652867218644587,9054.699999901282,1,2542.7399999802565,2644.0,S2,qlearning,2,162,0.1,3.0,1.1,7.0,14.0,0.7,hinge
0.11345541401273886,7019.8115305051415,4,1879.7692245673197,1921.2115307091497,S2,qlearning,2,163,0.1,3.0,1.1,7.0,14.0,0.7,hinge
0.1300479123887748,8065.156636298889,3,2331.2290195272685,2389.5499999163044,S2,qlearning,2,164,0.1,3.0,1.1,7.0,14.0,0.7,hinge
0.11,8470.419171919842,10,2423.7688887064046,2513.649999837657,S2,qlearning,2,165,0.1,3.0,1.1,7.0,14.0,0.7,hinge
0.10955569080949483,9126.0,0,2493.0,2504.0,S2,qlearning,2,166,0.1,3.0,1.1,7.0,14.0,0.7,hinge
0.1285760205721633,8558.375999787739,3,2441.470799878823,2490.825999868792,S2,qlearning,2,167,0.1,3.0,1.1,7.0,14.0,0.7,hinge
0.09437032216075496,8686.999999838896,2,2289.139999949091,2330.5499999363637,S2,qlearning,2,168,0.1,3.0,1.1,7.0,14.0,0.7,hinge
0.10921177587844255,8783.7,0,2313.3599999999997,2355.2,S2,qlearning,2,169,0.1,3.0,1.1,7.0,14.0,0.7,hinge
0.13535684987694832,6706.833351449225,4,1808.48929573585,1853.7366196698126,S2,qlearning,2,170,0.1,3.0,1.1,7.0,14.0,0.7,hinge
0.08686936184430337,8512.673656374069,5,2342.7,2371.0,S2,qlearning,2,171,0.1,3.0,1.1,7.0,14.0,0.7,hinge
0.13176387912860155,7898.787036279019,4,2527.8096295273817,2536.3870369092274,S2,qlearning,2,172,0.1,3.0,1.1,7.0,14.0,0.7,hinge
0.0968869123252859,8849.5,0,2592.4,2708.5,S2,qlearning,2,173,0.1,3.0,1.1,7.0,14.0,0.7,hinge
0.1298061123890897,8346.363803497692,2,2691.862760727038,2838.5,S2,qlearning,2,174,0.1,3.0,1.1,7.0,14.0,0.7,hinge
0.11470773098680076,8834.549999916304,1,2626.1,2732.0,S2,qlearning,2,175,0.1,3.0,1.1,7.0,14.0,0.7,hinge
0.12286689419795221,8063.5,0,2152.4,2153.0,S2,qlearning,2,176,0.1,3.0,1.1,7.0,14.0,0.7,hinge
0.09481668773704172,8900.049999918947,1,2452.2999999999997,2533.0,S2,qlearning,2,177,0.1,3.0,1.1,7.0,14.0,0.7,hinge
0.11282234957020057,7814.949420848939,4,2186.362297972047,2259.5,S2,qlearning,2,178,0.1,3.0,1.1,7.0,14.0,0.7,hinge
0.1109681569636539,8648.049999902532,1,2355.3,2402.5,S2,qlearning,2,179,0.1,3.0,1.1,7.0,14.0,0.7,hinge
0.11162945684771743,8398.276591977705,4,2403.821273582164,2446.276591977705,S2,qlearning,2,180,0.1,3.0,1.1,7.0,14.0,0.7,hinge
0.08783559827643354,8551.54999993362,1,2513.7,2603.5,S2,qlearning,2,181,0.1,3.0,1.1,7.0,14.0,0.7,hinge
0.10194174757281553,8664.549999943796,1,2211.7,2270.5,S2,qlearning,2,182,0.1,3.0,1.1,7.0,14.0,0.7,hinge
0.10681746779767515,8933.549999628962,5,2542.5999997994186,2643.9999997492732,S2,qlearning,2,183,0.1,3.0,1.1,7.0,14.0,0.7,hinge
0.10501355013550136,8300.049999472914,4,2377.909999965778,2485.5,S2,qlearning,2,184,0.1,3.0,1.1,7.0,14.0,0.7,hinge
0.09335443037974683,8958.57249982961,3,2583.7999999999997,2661.5,S2,qlearning,2,185,0.1,3.0,1.1,7.0,14.0,0.7,hinge
0.09759072888075633,9246.096731920328,2,2523.439999952977,2610.0499999412214,S2,qlearning,2,186,0.1,3.0,1.1,7.0,14.0,0.7,hinge
0.0825847580411475,9877.392421398938,6,2756.393747361251,2823.1921051357726,S2,qlearning,2,187,0.1,3.0,1.1,7.0,14.0,0.7,hinge
0.09101941747572816,9414.526885474888,13,3069.1092087370253,3093.3490109730737,S2,qlearning,2,188,0.1,3.0,1.1,7.0,14.0,0.7,hinge
0.10951095109510951,9315.146842575776,3,2548.7499984480637,2588.5,S2,qlearning,2,189,0.1,3.0,1.1,7.0,14.0,0.7,hinge
0.13011863758132414,7216.149991970397,3,2135.7,2209.0,S2,qlearning,2,190,0.1,3.0,1.1,7.0,14.0,0.7,hinge
0.10660349422564407,9463.1999997342,4,2498.8699999101736,2543.049999938889,S2,qlearning,2,191,0.1,3.0,1.1,7.0,14.0,0.7,hinge
0.1255954958856648,6364.849999703846,1,1737.7399997630769,1750.0499997038462,S2,qlearning,2,192,0.1,3.0,1.1,7.0,14.0,0.7,hinge
0.07714915503306392,7796.0,0,2206.6,2318.5,S2,qlearning,2,193,0.1,3.0,1.1,7.0,14.0,0.7,hinge
0.10064177362893816,9645.011087960662,4,2981.496576839285,3078.870721049106,S2,qlearning,2,194,0.1,3.0,1.1,7.0,14.0,0.7,hinge
0.0855390574564235,8802.999999754205,4,2912.9299999127347,3143.399999900841,S2,qlearning,2,195,0.1,3.0,1.1,7.0,14.0,0.7,hinge
0.11006289308176101,8913.149999784204,3,2254.1199998273632,2322.1499997842043,S2,qlearning,2,196,0.1,3.0,1.1,7.0,14.0,0.7,hinge
0.10406176569318563,8404.770443635287,9,2470.9259567689355,2611.644945990785,S2,qlearning,2,197,0.1,3.0,1.1,7.0,14.0,0.7,hinge
0.09783368273934312,8060.016666555233,2,2371.613333244187,2375.5166665552338,S2,qlearning,2,198,0.1,3.0,1.1,7.0,14.0,0.7,hinge
0.11521580102414046,7588.0999998747475,2,2305.3199999749495,2349.5,S2,qlearning,2,199,0.1,3.0,1.1,7.0,14.0,0.7,hinge
0.10865561694290976,7581.563636192871,3,1793.4709089832172,1837.9636362290216,S2,qlearning,2,200,0.1,3.0,1.1,7.0,14.0,0.7,hinge
0.1168141592920354,7909.6032337191655,4,2201.203055535652,2317.5,S2,qlearning,2,201,0.1,3.0,1.1,7.0,14.0,0.7,hinge
0.14279885760913913,6726.999999748955,2,1994.2499998934495,2043.5499999060976,S2,qlearning,2,202,0.1,3.0,1.1,7.0,14.0,0.7,hinge
0.10522854324235449,8523.49999988484,2,2458.959999907872,2581.59999988484,S2,qlearning,2,203,0.1,3.0,1.1,7.0,14.0,0.7,hinge
0.11209964412811388,7816.5,0,2129.2,2185.5,S2,qlearning,2,204,0.1,3.0,1.1,7.0,14.0,0.7,hinge
0.13380758807588075,8109.099999798501,3,2406.379999838801,2505.599999798501,S2,qlearning,2,205,0.1,3.0,1.1,7.0,14.0,0.7,hinge
0.10815602836879433,7869.9499999384,1,2038.71999995072,2082.0499999384,S2,qlearning,2,206,0.1,3.0,1.1,7.0,14.0,0.7,hinge
0.1133377135348226,8490.5,0,2397.5,2452.5,S2,qlearning,2,207,0.1,3.0,1.1,7.0,14.0,0.7,hinge
0.0946514423076923,9414.923021364171,4,2371.76841715425,2388.3230214559976,S2,qlearning,2,208,0.1,3.0,1.1,7.0,14.0,0.7,hinge
0.11998685075608152,8410.949999936363,1,2234.3,2249.0,S2,qlearning,2,209,0.1,3.0,1.1,7.0,14.0,0.7,hinge
0.10978366160800775,8629.599999841781,2,2156.009999978904,2173.0,S2,qlearning,2,210,0.1,3.0,1.1,7.0,14.0,0.7,hinge
0.10277172220492059,9010.406249066264,5,2530.784999337394,2565.3562491717425,S2,qlearning,2,211,0.1,3.0,1.1,7.0,14.0,0.7,hinge
0.10687273923051628,8529.0,0,2585.4,2603.0,S2,qlearning,2,212,0.1,3.0,1.1,7.0,14.0,0.7,hinge
0.13555383423702555,7075.549999923,1,1991.3099999846,2024.0,S2,qlearning,2,213,0.1,3.0,1.1,7.0,14.0,0.7,hinge
0.08774948382656572,8225.5,0,2553.7,2702.5,S2,qlearning,2,214,0.1,3.0,1.1,7.0,14.0,0.7,hinge
0.0998645903859174,8297.58322132282,2,2378.8066442856602,2382.5,S2,qlearning,2,215,0.1,3.0,1.1,7.0,14.0,0.7,hinge
0.10361784334387074,7987.5,0,1942.0,1965.5,S2,qlearning,2,216,0.1,3.0,1.1,7.0,14.0,0.7,hinge
0.11804384485666104,8222.8,0,2467.6,2506.0,S2,qlearning,2,217,0.1,3.0,1.1,7.0,14.0,0.7,hinge
0.10838831291234684,8870.9,0,2473.2,2523.0,S2,qlearning,2,218,0.1,3.0,1.1,7.0,14.0,0.7,hinge
0.14143094841930118,8202.5,0,2465.6,2480.5,S2,qlearning,2,219,0.1,3.0,1.1,7.0,14.0,0.7,hinge
0.08031542056074767,9723.5,0,2635.3,2690.5,S2,qlearning,2,220,0.1,3.0,1.1,7.0,14.0,0.7,hinge
0.10551948051948051,8596.06249985636,2,2614.2999999999997,2712.5,S2,qlearning,2,221,0.1,3.0,1.1,7.0,14.0,0.7,hinge
0.09409751924721985,9851.5,0,2663.2999999999997,2719.0,S2,qlearning,2,222,0.1,3.0,1.1,7.0,14.0,0.7,hinge
0.11613308223477715,8841.5,0,2788.2999999999997,2870.5,S2,qlearning,2,223,0.1,3.0,1.1,7.0,14.0,0.7,hinge
0.0907845152449469,8284.649999837953,3,2260.5899998994196,2296.5999998863813,S2,qlearning,2,224,0.1,3.0,1.1,7.0,14.0,0.7,hinge
0.12111907198908223,8131.323884039063,5,2225.368110175035,2287.5499999368853,S2,qlearning,2,225,0.1,3.0,1.1,7.0,14.0,0.7,hinge
0.11266264677880038,8736.0,0,2383.7,2455.0,S2,qlearning,2,226,0.1,3.0,1.1,7.0,14.0,0.7,hinge
0.11005808621216753,9118.649999892015,2,2989.139999990723,3003.5,S2,qlearning,2,227,0.1,3.0,1.1,7.0,14.0,0.7,hinge
0.10412926391382406,7763.0,0,1911.5,1966.0,S2,qlearning,2,228,0.1,3.0,1.1,7.0,14.0,0.7,hinge
0.09045226130653267,8445.0,0,2502.8,2542.5,S2,qlearning,2,229,0.1,3.0,1.1,7.0,14.0,0.7,hinge
0.08964955175224124,10390.0,0,2992.3999999999996,3174.0,S2,qlearning,2,230,0.1,3.0,1.1,7.0,14.0,0.7,hinge
0.11612903225806452,8603.549999923,1,2317.1399999384003,2318.049999923,S2,qlearning,2,231,0.1,3.0,1.1,7.0,14.0,0.7,hinge
0.10465116279069768,9618.049999958603,1,2626.2999999999997,2716.0,S2,qlearning,2,232,0.1,3.0,1.1,7.0,14.0,0.7,hinge
0.13186029935851745,7684.249999828889,1,2169.5099999657778,2234.0,S2,qlearning,2,233,0.1,3.0,1.1,7.0,14.0,0.7,hinge
0.09247648902821316,9011.0499999125,1,2690.8099999825,2794.5,S2,qlearning,2,234,0.1,3.0,1.1,7.0,14.0,0.7,hinge
0.13408010862186015,8072.9,0,2507.0,2622.5,S2,qlearning,2,235,0.1,3.0,1.1,7.0,14.0,0.7,hinge
0.09504518541601745,9076.5,0,3060.9,3176.5,S2,qlearning,2,236,0.1,3.0,1.1,7.0,14.0,0.7,hinge
0.119649477586788,8223.530648976623,6,2317.1635385978802,2388.0,S2,qlearning,2,237,0.1,3.0,1.1,7.0,14.0,0.7,hinge
0.09323308270676692,9357.049999921428,1,2816.1099999842854,2919.0,S2,qlearning,2,238,0.1,3.0,1.1,7.0,14.0,0.7,hinge
0.11697755295605437,8806.772214268974,3,3042.409999963333,3270.5,S2,qlearning,2,239,0.1,3.0,1.1,7.0,14.0,0.7,hinge
0.07895492391616422,9956.282331745257,5,2539.491217610255,2575.724585435339,S2,qlearning,2,240,0.1,3.0,1.1,7.0,14.0,0.7,hinge
0.14020270270270271,8059.362345487665,2,2705.272469097533,2938.5,S2,qlearning,2,241,0.1,3.0,1.1,7.0,14.0,0.7,hinge
0.08462211847096586,9739.549999929357,1,2751.9,2819.0,S2,qlearning,2,242,0.1,3.0,1.1,7.0,14.0,0.7,hinge
0.09117975437290658,7591.099999863304,2,1854.4799998906433,1864.5999998633042,S2,qlearning,2,243,0.1,3.0,1.1,7.0,14.0,0.7,hinge
0.15083217753120665,7783.9,0,2260.2,2398.0,S2,qlearning,2,244,0.1,3.0,1.1,7.0,14.0,0.7,hinge
0.11702849389416553,8280.200159205448,7,2813.47999991492,3046.5999998936504,S2,qlearning,2,245,0.1,3.0,1.1,7.0,14.0,0.7,hinge
0.13009049773755657,7280.0,0,2077.8,2120.0,S2,qlearning,2,246,0.1,3.0,1.1,7.0,14.0,0.7,hinge
0.11588275391956374,8164.174427207588,4,2314.679999868566,2409.599999835708,S2,qlearning,2,247,0.1,3.0,1.1,7.0,14.0,0.7,hinge
0.08206330597889801,9746.149999662572,3,2938.6,3053.5,S2,qlearning,2,248,0.1,3.0,1.1,7.0,14.0,0.7,hinge
0.08558979147214442,9086.2,0,2257.4,2295.5,S2,qlearning,2,249,0.1,3.0,1.1,7.0,14.0,0.7,hinge
0.08536585365853659,10501.487690453838,3,2937.1,3110.0,S2,qlearning,2,250,0.1,3.0,1.1,7.0,14.0,0.7,hinge
0.11779630300833635,7622.5,0,2093.2,2099.0,S2,qlearning,2,251,0.1,3.0,1.1,7.0,14.0,0.7,hinge
0.12122276879831342,7878.949999745152,3,2505.8199999032877,2577.5499999237622,S2,qlearning,2,252,0.1,3.0,1.1,7.0,14.0,0.7,hinge
0.0972634355423673,8639.558609012893,11,2290.1271737576194,2326.4257532388083,S2,qlearning,2,253,0.1,3.0,1.1,7.0,14.0,0.7,hinge
0.09108653220559532,8669.449999907229,1,2597.7,2607.5,S2,qlearning,2,254,0.1,3.0,1.1,7.0,14.0,0.7,hinge
0.11300360301342942,8484.538732260988,2,2206.9,2211.5,S2,qlearning,2,255,0.1,3.0,1.1,7.0,14.0,0.7,hinge
0.0968213372305444,7683.0,0,2032.6,2100.0,S2,qlearning,2,256,0.1,3.0,1.1,7.0,14.0,0.7,hinge
0.11691633175009133,7610.649999901282,1,1974.5099999802565,1995.0,S2,qlearning,2,257,0.1,3.0,1.1,7.0,14.0,0.7,hinge
0.08643183300717547,8705.549999944604,1,2467.839999955683,2506.549999944604,S2,qlearning,2,258,0.1,3.0,1.1,7.0,14.0,0.7,hinge
0.11371467953135768,8055.149999715233,3,1969.4199997721864,1978.649999715233,S2,qlearning,2,259,0.1,3.0,1.1,7.0,14.0,0.7,hinge
0.11552837240910635,8219.6999999,1,2381.0399999799997,2458.0,S2,qlearning,2,260,0.1,3.0,1.1,7.0,14.0,0.7,hinge
0.0935374149659864,8349.093420900945,2,2131.034736766385,2179.043420957981,S2,qlearning,2,261,0.1,3.0,1.1,7.0,14.0,0.7,hinge
0.1070700203942896,8215.049999828889,1,2163.9,2189.0,S2,qlearning,2,262,0.1,3.0,1.1,7.0,14.0,0.7,hinge
0.08448800270361609,8404.249999926667,1,2479.3099999853334,2561.5,S2,qlearning,2,263,0.1,3.0,1.1,7.0,14.0,0.7,hinge
0.11347517730496454,7914.292850776374,4,2077.726396048002,2102.113043154545,S2,qlearning,2,264,0.1,3.0,1.1,7.0,14.0,0.7,hinge
0.11192885617908617,9079.59999988537,2,2330.8,2342.5,S2,qlearning,2,265,0.1,3.0,1.1,7.0,14.0,0.7,hinge
0.10446343779677113,8885.049382466472,4,2464.6995060675317,2466.649382623729,S2,qlearning,2,266,0.1,3.0,1.1,7.0,14.0,0.7,hinge
0.09247648902821316,9029.230132338547,2,2716.9460264677095,2806.0,S2,qlearning,2,267,0.1,3.0,1.1,7.0,14.0,0.7,hinge
0.07311399135925557,8622.994444177528,4,2297.6399998473057,2326.7999998091323,S2,qlearning,2,268,0.1,3.0,1.1,7.0,14.0,0.7,hinge
0.13250587051325058,8207.949999777282,3,2392.289999955456,2475.5,S2,qlearning,2,269,0.1,3.0,1.1,7.0,14.0,0.7,hinge
0.09645839331989635,9823.958653568652,5,2765.866922854921,2810.9586535686512,S2,qlearning,2,270,0.1,3.0,1.1,7.0,14.0,0.7,hinge
0.09681449094316052,9019.270940063203,2,3010.476752111552,3182.2209401394402,S2,qlearning,2,271,0.1,3.0,1.1,7.0,14.0,0.7,hinge
0.1309408341416101,8512.099999868366,2,2371.049999933846,2420.0499999336207,S2,qlearning,2,272,0.1,3.0,1.1,7.0,14.0,0.7,hinge
0.12824956672443674,7909.5,0,2213.8,2260.0,S2,qlearning,2,273,0.1,3.0,1.1,7.0,14.0,0.7,hinge
0.09628154050464807,8478.049999920619,1,2510.3,2533.5,S2,qlearning,2,274,0.1,3.0,1.1,7.0,14.0,0.7,hinge
0.08153078202995008,8556.5,0,2507.6,2648.5,S2,qlearning,2,275,0.1,3.0,1.1,7.0,14.0,0.7,hinge
0.09863188036907414,8858.24999978574,2,2180.2,2190.0,S2,qlearning,2,276,0.1,3.0,1.1,7.0,14.0,0.7,hinge
0.07462686567164178,9173.649999808595,3,2786.619999978102,2873.0,S2,qlearning,2,277,0.1,3.0,1.1,7.0,14.0,0.7,hinge
0.08702975856260528,10054.5,0,2881.3,2933.0,S2,qlearning,2,278,0.1,3.0,1.1,7.0,14.0,0.7,hinge
0.0968054211035818,8829.719444957225,11,2732.0399993010824,2882.799999126353,S2,qlearning,2,279,0.1,3.0,1.1,7.0,14.0,0.7,hinge
0.1008827238335435,8904.049999875806,1,2684.409999975161,2832.0,S2,qlearning,2,280,0.1,3.0,1.1,7.0,14.0,0.7,hinge
0.12233873530346362,8667.0,0,2431.2,2453.0,S2,qlearning,2,281,0.1,3.0,1.1,7.0,14.0,0.7,hinge
0.10679957280170879,7846.049999952469,1,2096.4,2111.5,S2,qlearning,2,282,0.1,3.0,1.1,7.0,14.0,0.7,hinge
0.09295774647887324,10010.549999960309,1,2703.6,2710.0,S2,qlearning,2,283,0.1,3.0,1.1,7.0,14.0,0.7,hinge
0.11164274322169059,8703.0,0,2567.7,2601.5,S2,qlearning,2,284,0.1,3.0,1.1,7.0,14.0,0.7,hinge
0.10369410239792612,8661.049999937903,1,2487.0399999503225,2606.049999937903,S2,qlearning,2,285,0.1,3.0,1.1,7.0,14.0,0.7,hinge
0.11377613776137761,9106.54999968512,5,2463.399999813627,2473.4999997670334,S2,qlearning,2,286,0.1,3.0,1.1,7.0,14.0,0.7,hinge
0.09595812736260541,9671.762345564199,2,2827.059876492609,2906.3123456329486,S2,qlearning,2,287,0.1,3.0,1.1,7.0,14.0,0.7,hinge
0.13388734995383195,8878.0,0,2582.7,2689.5,S2,qlearning,2,288,0.1,3.0,1.1,7.0,14.0,0.7,hinge
0.11247803163444639,7925.549999828889,1,2250.0099999657778,2408.5,S2,qlearning,2,289,0.1,3.0,1.1,7.0,14.0,0.7,hinge
0.1174496644295302,8263.1,0,2640.5,2717.5,S2,qlearning,2,290,0.1,3.0,1.1,7.0,14.0,0.7,hinge
0.11702468739980763,8688.654651110042,1,2378.523720888033,2418.1546511100414,S2,qlearning,2,291,0.1,3.0,1.1,7.0,14.0,0.7,hinge
0.0774986638161411,10679.243420691888,5,3289.828684173996,3464.0,S2,qlearning,2,292,0.1,3.0,1.1,7.0,14.0,0.7,hinge
0.10312600708991299,8688.549999786112,1,2738.739999828889,2831.549999786111,S2,qlearning,2,293,0.1,3.0,1.1,7.0,14.0,0.7,hinge
0.10608203677510608,7909.649999720857,3,2295.419999962505,2360.0,S2,qlearning,2,294,0.1,3.0,1.1,7.0,14.0,0.7,hinge
0.09681449094316052,9010.299999777326,3,2816.1199999754654,2868.5,S2,qlearning,2,295,0.1,3.0,1.1,7.0,14.0,0.7,hinge
0.10440089945390299,8687.049999934745,1,2382.1,2420.0,S2,qlearning,2,296,0.1,3.0,1.1,7.0,14.0,0.7,hinge
0.11524530786960817,8431.75315300039,2,2420.802522400313,2437.2531530003916,S2,qlearning,2,297,0.1,3.0,1.1,7.0,14.0,0.7,hinge
0.08985683825769114,9270.549999922223,1,2390.5,2415.5,S2,qlearning,2,298,0.1,3.0,1.1,7.0,14.0,0.7,hinge
0.10588235294117647,9532.549999951265,1,2782.209999990253,2865.0,S2,qlearning,2,299,0.1,3.0,1.1,7.0,14.0,0.7,hinge
0.13098318240620957,8473.549999895946,1,2219.609999979189,2327.5,S2,qlearning,2,300,0.1,3.0,1.1,7.0,14.0,0.7,hinge
0.1037636299683433,8004.880373481354,2,2056.8,2088.0,S2,qlearning,2,301,0.1,3.0,1.1,7.0,14.0,0.7,hinge
0.11356045424181696,8329.049999914445,1,2091.409999982889,2092.5,S2,qlearning,2,302,0.1,3.0,1.1,7.0,14.0,0.7,hinge
0.12226277372262774,7575.8,0,2340.2999999999997,2411.5,S2,qlearning,2,303,0.1,3.0,1.1,7.0,14.0,0.7,hinge
0.10204081632653061,9079.249999897991,2,2391.659999965778,2403.699999957222,S2,qlearning,2,304,0.1,3.0,1.1,7.0,14.0,0.7,hinge
0.1157994923857868,8784.587688931257,6,2618.6539012930994,2710.39393917808,S2,qlearning,2,305,0.1,3.0,1.1,7.0,14.0,0.7,hinge
0.11212886923562855,8837.422413674563,2,2323.3744827439714,2346.0,S2,qlearning,2,306,0.1,3.0,1.1,7.0,14.0,0.7,hinge
0.09327805744743856,9530.65870758421,5,3100.286966108164,3272.608707635205,S2,qlearning,2,307,0.1,3.0,1.1,7.0,14.0,0.7,hinge
0.12005910602142593,7493.599999833456,2,1918.7099999812194,1942.5,S2,qlearning,2,308,0.1,3.0,1.1,7.0,14.0,0.7,hinge
0.08869512928442573,9433.218852076248,4,2654.9199999483108,2708.5,S2,qlearning,2,309,0.1,3.0,1.1,7.0,14.0,0.7,hinge
0.14477401129943504,7711.54999993,1,2217.5,2236.0,S2,qlearning,2,310,0.1,3.0,1.1,7.0,14.0,0.7,hinge
0.0788211103495545,8329.5,0,2503.0,2589.0,S2,qlearning,2,311,0.1,3.0,1.1,7.0,14.0,0.7,hinge
0.07453416149068323,9194.099999870808,2,2901.939999953684,3049.5499999421054,S2,qlearning,2,312,0.1,3.0,1.1,7.0,14.0,0.7,hinge
0.08795074758135445,9670.390273326413,3,2486.212218661131,2497.3902733264135,S2,qlearning,2,313,0.1,3.0,1.1,7.0,14.0,0.7,hinge
0.1360030222893842,7254.089515926847,2,2287.3316127414773,2339.289515926847,S2,qlearning,2,314,0.1,3.0,1.1,7.0,14.0,0.7,hinge
0.08707767328456983,8125.303205080429,1,2469.1425640643424,2590.803205080428,S2,qlearning,2,315,0.1,3.0,1.1,7.0,14.0,0.7,hinge
0.12791572610985705,7280.6,0,1906.0,1925.5,S2,qlearning,2,316,0.1,3.0,1.1,7.0,14.0,0.7,hinge
0.0955833882663151,8551.572413598158,3,2498.9379309350393,2556.9224136687994,S2,qlearning,2,317,0.1,3.0,1.1,7.0,14.0,0.7,hinge
0.10664770707429791,7928.113338878715,8,2007.4172444727203,2019.0576278108351,S2,qlearning,2,318,0.1,3.0,1.1,7.0,14.0,0.7,hinge
0.08220363426593597,9880.758130511022,6,2748.432820228153,2788.6660252851916,S2,qlearning,2,319,0.1,3.0,1.1,7.0,14.0,0.7,hinge
0.12046148625721072,8147.5,0,2348.2,2371.0,S2,qlearning,2,320,0.1,3.0,1.1,7.0,14.0,0.7,hinge
0.07970604861503675,10077.8,0,3062.0,3124.0,S2,qlearning,2,321,0.1,3.0,1.1,7.0,14.0,0.7,hinge
0.09877704609595485,8978.726190129268,4,2931.0252380258535,3067.5,S2,qlearning,2,322,0.1,3.0,1.1,7.0,14.0,0.7,hinge
0.1021370207416719,8929.599999860402,2,2471.1399999464347,2517.0499999330436,S2,qlearning,2,323,0.1,3.0,1.1,7.0,14.0,0.7,hinge
0.11094452773613193,9324.794117387637,5,2319.079999951036,2333.5499999486665,S2,qlearning,2,324,0.1,3.0,1.1,7.0,14.0,0.7,hinge
0.11329866270430906,7554.002499546119,6,2101.782999836713,2148.1374998791484,S2,qlearning,2,325,0.1,3.0,1.1,7.0,14.0,0.7,hinge
0.10144482016600062,9122.099999879949,2,2829.1499999488133,2936.049999954706,S2,qlearning,2,326,0.1,3.0,1.1,7.0,14.0,0.7,hinge
0.11954261954261955,8037.427151438186,3,2102.5614648931787,2150.3143311658323,S2,qlearning,2,327,0.1,3.0,1.1,7.0,14.0,0.7,hinge
0.10343677010343677,8414.520651979465,3,2378.7,2384.5,S2,qlearning,2,328,0.1,3.0,1.1,7.0,14.0,0.7,hinge
0.0881334592382751,9002.0,0,2286.5,2297.0,S2,qlearning,2,329,0.1,3.0,1.1,7.0,14.0,0.7,hinge
0.11138613861386139,9025.889999779782,4,2876.011999823825,3012.8899997797816,S2,qlearning,2,330,0.1,3.0,1.1,7.0,14.0,0.7,hinge
0.10289389067524116,8714.5,0,2264.7,2317.0,S2,qlearning,2,331,0.1,3.0,1.1,7.0,14.0,0.7,hinge
0.11923076923076924,7260.899999407402,6,2063.8399997339916,2096.1499997091564,S2,qlearning,2,332,0.1,3.0,1.1,7.0,14.0,0.7,hinge
0.07408527366192924,9480.765939928464,4,2749.631923005242,2856.914903756552,S2,qlearning,2,333,0.1,3.0,1.1,7.0,14.0,0.7,hinge
0.091164095371669,10061.458333227274,2,2673.8916666454547,2675.5,S2,qlearning,2,334,0.1,3.0,1.1,7.0,14.0,0.7,hinge
0.12354923249719206,7412.468320271417,4,2240.3846564011333,2291.21832051975,S2,qlearning,2,335,0.1,3.0,1.1,7.0,14.0,0.7,hinge
0.08855827134254339,7984.5,0,2196.3,2211.0,S2,qlearning,2,336,0.1,3.0,1.1,7.0,14.0,0.7,hinge
0.11733154542406973,8365.496009949302,8,2072.9310140595803,2084.0387675744755,S2,qlearning,2,337,0.1,3.0,1.1,7.0,14.0,0.7,hinge
0.12530037761757637,8065.889122493033,5,2512.427825973593,2673.599999891647,S2,qlearning,2,338,0.1,3.0,1.1,7.0,14.0,0.7,hinge
0.07394460876579725,10677.049999960513,1,3146.33999996841,3198.0499999605127,S2,qlearning,2,339,0.1,3.0,1.1,7.0,14.0,0.7,hinge
0.13764747944225955,7656.6,0,2278.98,2359.1,S2,qlearning,2,340,0.1,3.0,1.1,7.0,14.0,0.7,hinge
0.0938492636442391,9731.549999933044,1,2614.8,2633.5,S2,qlearning,2,341,0.1,3.0,1.1,7.0,14.0,0.7,hinge
0.11223862238622387,9066.59999964845,2,2643.6099999889207,2725.0,S2,qlearning,2,342,0.1,3.0,1.1,7.0,14.0,0.7,hinge
0.09962049335863378,8866.7999997673,3,2140.369999909785,2156.699999901282,S2,qlearning,2,343,0.1,3.0,1.1,7.0,14.0,0.7,hinge
0.1159334126040428,9361.550614291937,3,2737.2,2865.0,S2,qlearning,2,344,0.1,3.0,1.1,7.0,14.0,0.7,hinge
0.08678629690048939,8666.999999853297,2,2624.3,2656.5,S2,qlearning,2,345,0.1,3.0,1.1,7.0,14.0,0.7,hinge
0.1207115628970775,8689.049999925242,1,2811.2099999850484,2978.0,S2,qlearning,2,346,0.1,3.0,1.1,7.0,14.0,0.7,hinge
0.11038726022439377,7697.9,0,2346.7,2395.0,S2,qlearning,2,347,0.1,3.0,1.1,7.0,14.0,0.7,hinge
0.11356045424181696,8341.549999935833,1,2454.1399999486666,2530.5499999358335,S2,qlearning,2,348,0.1,3.0,1.1,7.0,14.0,0.7,hinge
0.1250868658790827,7946.049999918947,1,2077.6,2084.5,S2,qlearning,2,349,0.1,3.0,1.1,7.0,14.0,0.7,hinge
0.08609893550407013,9053.954838434922,4,2551.7938708165175,2572.3548385342992,S2,qlearning,2,350,0.1,3.0,1.1,7.0,14.0,0.7,hinge
0.10866238138965412,9113.622282494021,2,2331.8244564988045,2345.0,S2,qlearning,2,351,0.1,3.0,1.1,7.0,14.0,0.7,hinge
0.10133974579182412,8165.5499999393705,1,2465.909999987874,2597.0,S2,qlearning,2,352,0.1,3.0,1.1,7.0,14.0,0.7,hinge
0.09210159084566007,10103.199999953333,1,2848.4399999906664,3007.0,S2,qlearning,2,353,0.1,3.0,1.1,7.0,14.0,0.7,hinge
0.10344827586206896,9346.049999875806,1,2456.009999975161,2513.0,S2,qlearning,2,354,0.1,3.0,1.1,7.0,14.0,0.7,hinge
0.0903954802259887,7545.356106707108,3,2216.354885397994,2314.306106760954,S2,qlearning,2,355,0.1,3.0,1.1,7.0,14.0,0.7,hinge
0.09118086696562033,9437.549999930001,1,2635.3,2664.5,S2,qlearning,2,356,0.1,3.0,1.1,7.0,14.0,0.7,hinge
0.09297520661157024,9613.26554623883,5,2481.4831412900166,2507.978926612521,S2,qlearning,2,357,0.1,3.0,1.1,7.0,14.0,0.7,hinge
0.10118856408609059,8742.50769220236,2,2453.7399999594736,2593.5499999493422,S2,qlearning,2,358,0.1,3.0,1.1,7.0,14.0,0.7,hinge
0.0998003992015968,8433.0,0,2397.5,2468.5,S2,qlearning,2,359,0.1,3.0,1.1,7.0,14.0,0.7,hinge
0.10189982728842832,8138.999999855893,2,2299.649999941752,2366.549999950955,S2,qlearning,2,360,0.1,3.0,1.1,7.0,14.0,0.7,hinge
0.07822477650063857,8923.549999871666,1,2663.8,2709.5,S2,qlearning,2,361,0.1,3.0,1.1,7.0,14.0,0.7,hinge
0.11496062992125984,8832.599999810318,2,2513.5,2607.5,S2,qlearning,2,362,0.1,3.0,1.1,7.0,14.0,0.7,hinge
0.08793582227707497,9272.538491245828,5,2375.5976982826437,2407.0,S2,qlearning,2,363,0.1,3.0,1.1,7.0,14.0,0.7,hinge
0.09303112313937753,8325.0,0,2284.2999999999997,2340.0,S2,qlearning,2,364,0.1,3.0,1.1,7.0,14.0,0.7,hinge
0.11126326600479287,8154.578488183153,2,2513.9627905465222,2590.078488183153,S2,qlearning,2,365,0.1,3.0,1.1,7.0,14.0,0.7,hinge
0.11301160659743432,9143.149999580457,5,2143.639999926786,2145.0,S2,qlearning,2,366,0.1,3.0,1.1,7.0,14.0,0.7,hinge
0.08350129570976102,9833.549999935833,1,2898.0399999486667,3012.5499999358335,S2,qlearning,2,367,0.1,3.0,1.1,7.0,14.0,0.7,hinge
0.13578549329666553,7967.722189304898,1,2013.0377514439188,2022.3221893048983,S2,qlearning,2,368,0.1,3.0,1.1,7.0,14.0,0.7,hinge
0.08436080467229072,8748.0,0,2423.7,2508.5,S2,qlearning,2,369,0.1,3.0,1.1,7.0,14.0,0.7,hinge
0.1206611570247934,8365.149382532723,2,2481.0,2509.0,S2,qlearning,2,370,0.1,3.0,1.1,7.0,14.0,0.7,hinge
0.09235936188077246,10087.999999795715,2,2885.7999999999997,3029.0,S2,qlearning,2,371,0.1,3.0,1.1,7.0,14.0,0.7,hinge
0.12141280353200883,7566.824999731314,4,2061.7799999023473,2124.7249998779344,S2,qlearning,2,372,0.1,3.0,1.1,7.0,14.0,0.7,hinge
0.0959349593495935,8686.514646689056,6,2643.416717496431,2747.522980264366,S2,qlearning,2,373,0.1,3.0,1.1,7.0,14.0,0.7,hinge
0.10531767955801105,8110.0,0,2258.0,2320.5,S2,qlearning,2,374,0.1,3.0,1.1,7.0,14.0,0.7,hinge
0.061313868613138686,9955.581088665595,7,2589.9399999210254,2610.049999901282,S2,qlearning,2,375,0.1,3.0,1.1,7.0,14.0,0.7,hinge
0.1261127596439169,7461.986932351278,2,1892.1,1913.5,S2,qlearning,2,376,0.1,3.0,1.1,7.0,14.0,0.7,hinge
0.1282051282051282,7108.1999995782235,4,1936.9299999316863,1969.5,S2,qlearning,2,377,0.1,3.0,1.1,7.0,14.0,0.7,hinge
0.09480337078651685,8095.56131239246,6,2570.6222624504917,2681.549999953333,S2,qlearning,2,378,0.1,3.0,1.1,7.0,14.0,0.7,hinge
0.10254713860403572,8511.204567989458,5,2269.5799998942002,2278.0999998677503,S2,qlearning,2,379,0.1,3.0,1.1,7.0,14.0,0.7,hinge
0.10091743119266056,9174.585098876008,5,2504.4999998522208,2540.0999998923053,S2,qlearning,2,380,0.1,3.0,1.1,7.0,14.0,0.7,hinge
0.11952191235059761,8389.071014191359,4,2570.4942028770265,2641.0,S2,qlearning,2,381,0.1,3.0,1.1,7.0,14.0,0.7,hinge
0.10105721393034826,9064.510839065877,3,2707.392167834865,2764.0,S2,qlearning,2,382,0.1,3.0,1.1,7.0,14.0,0.7,hinge
0.06927126627874758,10372.549999962803,1,2819.1,2866.0,S2,qlearning,2,383,0.1,3.0,1.1,7.0,14.0,0.7,hinge
0.10786360473208072,8027.149999699594,3,2212.9399999307866,2215.549999913483,S2,qlearning,2,384,0.1,3.0,1.1,7.0,14.0,0.7,hinge
0.10040790712268591,8940.549999908333,1,2651.4099999816667,2783.5,S2,qlearning,2,385,0.1,3.0,1.1,7.0,14.0,0.7,hinge
0.10263929618768329,8598.799999632152,3,2471.3499998724647,2614.5499998815385,S2,qlearning,2,386,0.1,3.0,1.1,7.0,14.0,0.7,hinge
0.10410192666252331,9014.441233248419,3,2498.794913299681,2541.694444393745,S2,qlearning,2,387,0.1,3.0,1.1,7.0,14.0,0.7,hinge
0.10056989607777406,8379.049999953333,1,2189.7,2289.0,S2,qlearning,2,388,0.1,3.0,1.1,7.0,14.0,0.7,hinge
0.11750154607297464,9048.771235431992,6,2534.931701779199,2560.65212723382,S2,qlearning,2,389,0.1,3.0,1.1,7.0,14.0,0.7,hinge
0.09880803011292347,8946.5,0,2513.3,2563.5,S2,qlearning,2,390,0.1,3.0,1.1,7.0,14.0,0.7,hinge
0.132486388384755,7593.514330667751,5,2084.1014647509933,2131.8643309780273,S2,qlearning,2,391,0.1,3.0,1.1,7.0,14.0,0.7,hinge
0.1089588377723971,9217.04999994077,1,2742.639999952615,2888.5499999407693,S2,qlearning,2,392,0.1,3.0,1.1,7.0,14.0,0.7,hinge
0.07997539218701938,9308.295375843187,6,2861.9145545688216,3055.099999897174,S2,qlearning,2,393,0.1,3.0,1.1,7.0,14.0,0.7,hinge
0.11546184738955824,8332.576505719815,4,2190.721204676835,2217.0265058460436,S2,qlearning,2,394,0.1,3.0,1.1,7.0,14.0,0.7,hinge
0.15327102803738318,7205.0,0,2127.2999999999997,2215.5,S2,qlearning,2,395,0.1,3.0,1.1,7.0,14.0,0.7,hinge
0.08967312698871854,9783.5,0,2707.3,2736.5,S2,qlearning,2,396,0.1,3.0,1.1,7.0,14.0,0.7,hinge
0.1233974358974359,8609.73805959736,2,2340.890447677887,2349.7380595973586,S2,qlearning,2,397,0.1,3.0,1.1,7.0,14.0,0.7,hinge
0.08931321219587311,9196.016666359736,5,2585.059999946021,2628.549999961111,S2,qlearning,2,398,0.1,3.0,1.1,7.0,14.0,0.7,hinge
0.091796875,7250.179807562139,2,2265.4038460497113,2267.379807562139,S2,qlearning,2,399,0.1,3.0,1.1,7.0,14.0,0.7,hinge
0.11251980982567353,8781.0,0,2480.7999999999997,2546.5,S2,qlearning,2,400,0.1,3.0,1.1,7.0,14.0,0.7,hinge
0.11166253101736973,9035.889473390527,5,2673.8799998588834,2837.0999998236043,S2,qlearning,2,401,0.1,3.0,1.1,7.0,14.0,0.7,hinge
0.12318029115341546,7465.987036789475,3,2080.3999999054618,2174.249999881827,S2,qlearning,2,402,0.1,3.0,1.1,7.0,14.0,0.7,hinge
0.09921828021647625,9361.649992149069,3,2447.5,2497.5,S2,qlearning,2,403,0.1,3.0,1.1,7.0,14.0,0.7,hinge
0.09011396766498807,10666.049999945775,1,2882.109999989155,2979.5,S2,qlearning,2,404,0.1,3.0,1.1,7.0,14.0,0.7,hinge
0.09515859766277128,8526.041880117711,4,2414.803504128392,2435.991880174749,S2,qlearning,2,405,0.1,3.0,1.1,7.0,14.0,0.7,hinge
0.11992945326278659,7899.207745992007,5,2053.939999922025,2121.0499999025315,S2,qlearning,2,406,0.1,3.0,1.1,7.0,14.0,0.7,hinge
0.10763538513286243,8287.549999703846,1,1929.4099999407692,1938.0,S2,qlearning,2,407,0.1,3.0,1.1,7.0,14.0,0.7,hinge
0.0899854862119013,9784.397958992158,7,2620.021560139307,2691.0269501741336,S2,qlearning,2,408,0.1,3.0,1.1,7.0,14.0,0.7,hinge
0.12302284710017575,7867.5,0,2417.7,2572.0,S2,qlearning,2,409,0.1,3.0,1.1,7.0,14.0,0.7,hinge
0.10602490743857287,8346.926162600656,3,2172.5799998827383,2179.599999853423,S2,qlearning,2,410,0.1,3.0,1.1,7.0,14.0,0.7,hinge
0.10783608914450037,7769.049999925962,1,2160.5,2161.5,S2,qlearning,2,411,0.1,3.0,1.1,7.0,14.0,0.7,hinge
0.10824578159821713,8831.64490689392,5,2458.3167591248744,2575.9796295768174,S2,qlearning,2,412,0.1,3.0,1.1,7.0,14.0,0.7,hinge
0.119625520110957,7992.5,0,2264.7,2328.5,S2,qlearning,2,413,0.1,3.0,1.1,7.0,14.0,0.7,hinge
0.09454101860323269,9238.5,0,2677.1,2835.5,S2,qlearning,2,414,0.1,3.0,1.1,7.0,14.0,0.7,hinge
0.12605042016806722,8171.6,0,2325.7,2436.0,S2,qlearning,2,415,0.1,3.0,1.1,7.0,14.0,0.7,hinge
0.11671177266576455,8193.5,0,2099.6,2104.0,S2,qlearning,2,416,0.1,3.0,1.1,7.0,14.0,0.7,hinge
0.10656583018219319,8142.1,0,2384.7,2521.5,S2,qlearning,2,417,0.1,3.0,1.1,7.0,14.0,0.7,hinge
0.08236434108527131,8836.629629428975,4,3109.2037035431795,3429.6296294289746,S2,qlearning,2,418,0.1,3.0,1.1,7.0,14.0,0.7,hinge
0.11515353805073432,8338.049999919791,1,2433.4,2547.5,S2,qlearning,2,419,0.1,3.0,1.1,7.0,14.0,0.7,hinge
0.10983606557377049,8508.099999810465,2,2043.309999982093,2049.5,S2,qlearning,2,420,0.1,3.0,1.1,7.0,14.0,0.7,hinge
0.09250834091598423,9282.506328924139,2,2508.1650632533856,2543.456329066732,S2,qlearning,2,421,0.1,3.0,1.1,7.0,14.0,0.7,hinge
0.08830022075055188,7652.1,0,2491.3999999999996,2686.0,S2,qlearning,2,422,0.1,3.0,1.1,7.0,14.0,0.7,hinge
0.0840736040609137,8916.4,0,2490.7,2526.5,S2,qlearning,2,423,0.1,3.0,1.1,7.0,14.0,0.7,hinge
0.09180790960451977,8029.54999993,1,2614.809999986,2741.0,S2,qlearning,2,424,0.1,3.0,1.1,7.0,14.0,0.7,hinge
0.10450685826257348,8569.718547973243,3,2443.1,2468.5,S2,qlearning,2,425,0.1,3.0,1.1,7.0,14.0,0.7,hinge
0.09193993257738278,9204.0,0,2450.0,2551.5,S2,qlearning,2,426,0.1,3.0,1.1,7.0,14.0,0.7,hinge
0.10758377425044091,7883.0,0,2223.7999999999997,2284.0,S2,qlearning,2,427,0.1,3.0,1.1,7.0,14.0,0.7,hinge
0.11307767944936087,8488.0,0,2239.2999999999997,2300.5,S2,qlearning,2,428,0.1,3.0,1.1,7.0,14.0,0.7,hinge
0.08277664827185593,9830.24999981979,2,3251.20999998,3516.0,S2,qlearning,2,429,0.1,3.0,1.1,7.0,14.0,0.7,hinge
0.10841121495327102,7456.699999953334,1,2186.8,2195.5,S2,qlearning,2,430,0.1,3.0,1.1,7.0,14.0,0.7,hinge
0.06981580510992276,9655.149999734633,3,2582.5799998870616,2625.599999858827,S2,qlearning,2,431,0.1,3.0,1.1,7.0,14.0,0.7,hinge
0.15395220588235295,5911.586666450532,2,1714.8293332566757,1753.5366665708445,S2,qlearning,2,432,0.1,3.0,1.1,7.0,14.0,0.7,hinge
0.11381599747075562,8768.0,0,2752.8999999999996,2962.5,S2,qlearning,2,433,0.1,3.0,1.1,7.0,14.0,0.7,hinge
0.10321489001692047,8293.174999948296,1,2229.1,2248.5,S2,qlearning,2,434,0.1,3.0,1.1,7.0,14.0,0.7,hinge
0.1032729583730537,8854.043749775401,4,2521.8249999557606,2581.893749959979,S2,qlearning,2,435,0.1,3.0,1.1,7.0,14.0,0.7,hinge
0.14295799505824214,7714.099999717325,2,2463.749999909742,2634.0499999437957,S2,qlearning,2,436,0.1,3.0,1.1,7.0,14.0,0.7,hinge
0.08707865168539326,10095.099999905873,2,2600.8199999811745,2602.0,S2,qlearning,2,437,0.1,3.0,1.1,7.0,14.0,0.7,hinge
0.11037140854940435,7950.591880231694,2,2453.2735041853543,2522.0918802316933,S2,qlearning,2,438,0.1,3.0,1.1,7.0,14.0,0.7,hinge
0.12361331220285261,8737.649999745674,3,2747.7599999165996,2879.5499999457747,S2,qlearning,2,439,0.1,3.0,1.1,7.0,14.0,0.7,hinge
0.1012809055704498,9402.549999925242,1,2561.9099999850487,2628.5,S2,qlearning,2,440,0.1,3.0,1.1,7.0,14.0,0.7,hinge
0.1410409217322209,6874.0,0,1990.0,2093.0,S2,qlearning,2,441,0.1,3.0,1.1,7.0,14.0,0.7,hinge
0.102843315184513,9262.5,0,2636.5,2659.0,S2,qlearning,2,442,0.1,3.0,1.1,7.0,14.0,0.7,hinge
0.1182628925940287,7199.994117060898,6,1975.7838234048493,2003.3249999482955,S2,qlearning,2,443,0.1,3.0,1.1,7.0,14.0,0.7,hinge
0.09151151782896813,8978.794444248259,2,2489.505555481107,2524.7444443857585,S2,qlearning,2,444,0.1,3.0,1.1,7.0,14.0,0.7,hinge
0.09508716323296355,8877.04999978,1,2328.609999956,2358.0,S2,qlearning,2,445,0.1,3.0,1.1,7.0,14.0,0.7,hinge
0.08396062536189924,9790.29999981022,3,3052.109999881654,3133.749999866017,S2,qlearning,2,446,0.1,3.0,1.1,7.0,14.0,0.7,hinge
0.08162031438935913,9401.5,0,2825.6,2886.5,S2,qlearning,2,447,0.1,3.0,1.1,7.0,14.0,0.7,hinge
0.10090817356205853,8347.71786965686,5,2149.514295725489,2189.517869656861,S2,qlearning,2,448,0.1,3.0,1.1,7.0,14.0,0.7,hinge
0.12884753042233357,7696.54999993063,1,2002.7,2051.5,S2,qlearning,2,449,0.1,3.0,1.1,7.0,14.0,0.7,hinge
0.10773130544993663,8917.44036317507,7,2453.819999897837,2560.0999998878206,S2,qlearning,2,450,0.1,3.0,1.1,7.0,14.0,0.7,hinge
0.09888357256778309,8805.04999992451,1,2772.5099999849017,2886.0,S2,qlearning,2,451,0.1,3.0,1.1,7.0,14.0,0.7,hinge
0.14252696456086286,7111.037227002023,4,1892.7899454172484,1935.5,S2,qlearning,2,452,0.1,3.0,1.1,7.0,14.0,0.7,hinge
0.13320825515947468,7390.170825046377,9,2005.154520395809,2075.549999954706,S2,qlearning,2,453,0.1,3.0,1.1,7.0,14.0,0.7,hinge
0.10625192485371111,9074.209291970272,1,2570.2,2617.5,S2,qlearning,2,454,0.1,3.0,1.1,7.0,14.0,0.7,hinge
0.11809656130600903,7970.099999712753,2,2337.4199999425505,2389.5,S2,qlearning,2,455,0.1,3.0,1.1,7.0,14.0,0.7,hinge
0.09303112313937753,8337.327875907087,3,2561.8199999719977,2567.5,S2,qlearning,2,456,0.1,3.0,1.1,7.0,14.0,0.7,hinge
0.10073260073260074,9194.049999883333,1,2651.6,2821.0,S2,qlearning,2,457,0.1,3.0,1.1,7.0,14.0,0.7,hinge
0.09424083769633508,8101.381249876596,2,2261.7449999012765,2265.1812498765958,S2,qlearning,2,458,0.1,3.0,1.1,7.0,14.0,0.7,hinge
0.09298140371925614,9407.240066122153,2,2652.6,2709.0,S2,qlearning,2,459,0.1,3.0,1.1,7.0,14.0,0.7,hinge
0.11813885859687387,7670.903845455879,5,2295.0230763647032,2376.403845455879,S2,qlearning,2,460,0.1,3.0,1.1,7.0,14.0,0.7,hinge
0.10437710437710437,8326.559459328822,2,2052.811891865764,2087.5,S2,qlearning,2,461,0.1,3.0,1.1,7.0,14.0,0.7,hinge
0.10795454545454546,7374.099999882603,2,2037.8799999060823,2041.0999998826028,S2,qlearning,2,462,0.1,3.0,1.1,7.0,14.0,0.7,hinge
0.10041440867070449,8877.099999846561,2,2181.0,2187.0,S2,qlearning,2,463,0.1,3.0,1.1,7.0,14.0,0.7,hinge
0.10648007301490721,9179.149999839738,3,2752.6199998717907,2852.1499998397385,S2,qlearning,2,464,0.1,3.0,1.1,7.0,14.0,0.7,hinge
0.08482714468629962,8839.318072244168,1,2282.2,2300.5,S2,qlearning,2,465,0.1,3.0,1.1,7.0,14.0,0.7,hinge
0.09965337954939342,9717.0,0,2446.4,2466.5,S2,qlearning,2,466,0.1,3.0,1.1,7.0,14.0,0.7,hinge
0.09072285630670178,9670.672811543462,3,3174.0845622843763,3280.5499999594736,S2,qlearning,2,467,0.1,3.0,1.1,7.0,14.0,0.7,hinge
0.11073253833049404,8226.408717263581,5,2155.656974000964,2160.308717563302,S2,qlearning,2,468,0.1,3.0,1.1,7.0,14.0,0.7,hinge
0.09231193166161478,10253.899218558921,4,2897.0793748817077,3019.849218602135,S2,qlearning,2,469,0.1,3.0,1.1,7.0,14.0,0.7,hinge
0.10276905509563232,9850.142028737448,4,2871.0336231269575,3012.542028908697,S2,qlearning,2,470,0.1,3.0,1.1,7.0,14.0,0.7,hinge
0.09115014915478953,8526.5332214283,1,2222.7066442856603,2232.0,S2,qlearning,2,471,0.1,3.0,1.1,7.0,14.0,0.7,hinge
0.09788189987163029,8778.049999929357,1,2583.2399999434865,2601.049999929358,S2,qlearning,2,472,0.1,3.0,1.1,7.0,14.0,0.7,hinge
0.13087128002868412,7647.5,0,1916.0,1920.5,S2,qlearning,2,473,0.1,3.0,1.1,7.0,14.0,0.7,hinge
0.09890403635391606,10510.099999924783,2,2772.439999971743,2839.549999964679,S2,qlearning,2,474,0.1,3.0,1.1,7.0,14.0,0.7,hinge
0.09588617383235386,9077.9,0,2588.5,2710.5,S2,qlearning,2,475,0.1,3.0,1.1,7.0,14.0,0.7,hinge
0.10288748755393295,8438.699999947972,1,2500.0599999583783,2561.199999947973,S2,qlearning,2,476,0.1,3.0,1.1,7.0,14.0,0.7,hinge
0.1267656646142702,7585.049999908333,1,1960.4,1970.0,S2,qlearning,2,477,0.1,3.0,1.1,7.0,14.0,0.7,hinge
0.11460827916524119,8095.5,0,2085.6,2119.0,S2,qlearning,2,478,0.1,3.0,1.1,7.0,14.0,0.7,hinge
0.12115258677144729,8465.799999702826,4,2509.4699999453474,2635.049999955747,S2,qlearning,2,479,0.1,3.0,1.1,7.0,14.0,0.7,hinge
0.10515603799185888,8290.799999757977,3,2203.3,2217.0,S2,qlearning,2,480,0.1,3.0,1.1,7.0,14.0,0.7,hinge
0.09964306960142773,9476.47659814128,5,2865.285319637006,3051.5,S2,qlearning,2,481,0.1,3.0,1.1,7.0,14.0,0.7,hinge
0.08839601414336226,8842.765606893485,4,2506.2,2552.5,S2,qlearning,2,482,0.1,3.0,1.1,7.0,14.0,0.7,hinge
0.11875511875511875,6793.049999923,1,1993.0099999846,2048.5,S2,qlearning,2,483,0.1,3.0,1.1,7.0,14.0,0.7,hinge
0.10749185667752444,8591.187036824367,4,2247.629629554331,2263.287036942914,S2,qlearning,2,484,0.1,3.0,1.1,7.0,14.0,0.7,hinge
0.09356533158240316,8570.5,0,2316.4,2369.5,S2,qlearning,2,485,0.1,3.0,1.1,7.0,14.0,0.7,hinge
0.1163141993957704,9172.5,0,2537.9,2603.0,S2,qlearning,2,486,0.1,3.0,1.1,7.0,14.0,0.7,hinge
0.11229946524064172,7864.515722938297,4,2167.7031445876596,2186.5,S2,qlearning,2,487,0.1,3.0,1.1,7.0,14.0,0.7,hinge
0.09265075376884423,9025.063452847153,5,2463.8404683063536,2528.679629513703,S2,qlearning,2,488,0.1,3.0,1.1,7.0,14.0,0.7,hinge
0.08837209302325581,9156.158058057086,5,2564.5566134601095,2587.511611907684,S2,qlearning,2,489,0.1,3.0,1.1,7.0,14.0,0.7,hinge
0.11720039617035326,8396.049999886765,1,2310.439999909412,2326.549999886765,S2,qlearning,2,490,0.1,3.0,1.1,7.0,14.0,0.7,hinge
0.11754385964912281,7904.0,0,2127.4,2191.5,S2,qlearning,2,491,0.1,3.0,1.1,7.0,14.0,0.7,hinge
0.08586923772220548,9455.492307445435,4,2659.228461429113,2728.549999900043,S2,qlearning,2,492,0.1,3.0,1.1,7.0,14.0,0.7,hinge
0.12909632571996027,8354.49999966647,4,2353.3699997839462,2375.4499997510866,S2,qlearning,2,493,0.1,3.0,1.1,7.0,14.0,0.7,hinge
0.09185548071034905,9224.0,0,2329.0,2393.5,S2,qlearning,2,494,0.1,3.0,1.1,7.0,14.0,0.7,hinge
0.11305732484076433,8700.1,0,2577.7,2606.5,S2,qlearning,2,495,0.1,3.0,1.1,7.0,14.0,0.7,hinge
0.08306616146895948,9724.647058737883,2,2709.9594117217666,2798.0499999569834,S2,qlearning,2,496,0.1,3.0,1.1,7.0,14.0,0.7,hinge
0.08326029798422437,9744.699999708675,4,2287.209999988759,2301.0,S2,qlearning,2,497,0.1,3.0,1.1,7.0,14.0,0.7,hinge
0.10316985645933015,9391.139473436868,3,2891.63999998075,3070.5,S2,qlearning,2,498,0.1,3.0,1.1,7.0,14.0,0.7,hinge
0.1060842433697348,8953.599999865224,2,2400.239999937143,2431.5499999214285,S2,qlearning,2,499,0.1,3.0,1.1,7.0,14.0,0.7,hinge
0.13157894736842105,7391.3235848618015,1,1977.7647169723602,2010.0,S2,qlearning,2,500,0.1,3.0,1.1,7.0,14.0,0.7,hinge
0.0912465202598206,9108.5,0,2241.8,2258.5,S2,qlearning,2,501,0.1,3.0,1.1,7.0,14.0,0.7,hinge
0.09913432002234013,10042.5,0,2638.8,2641.5,S2,qlearning,2,502,0.1,3.0,1.1,7.0,14.0,0.7,hinge
0.10682288077188146,8115.549999907229,1,2080.5,2093.0,S2,qlearning,2,503,0.1,3.0,1.1,7.0,14.0,0.7,hinge
0.08732394366197183,10046.0,0,2736.2,2851.0,S2,qlearning,2,504,0.1,3.0,1.1,7.0,14.0,0.7,hinge
0.11514104778353483,9714.545351899662,7,2775.711857852613,2793.127322328266,S2,qlearning,2,505,0.1,3.0,1.1,7.0,14.0,0.7,hinge
0.12316176470588236,7507.04999977353,1,2051.0,2091.5,S2,qlearning,2,506,0.1,3.0,1.1,7.0,14.0,0.7,hinge
0.09497964721845319,8348.699999683997,4,2315.9599999081906,2317.54999993,S2,qlearning,2,507,0.1,3.0,1.1,7.0,14.0,0.7,hinge
0.13367830961621388,6366.5499999358335,1,2005.2099999871666,2081.0,S2,qlearning,2,508,0.1,3.0,1.1,7.0,14.0,0.7,hinge
0.1391065830721003,6985.549999913483,1,1945.6099999826965,1992.0,S2,qlearning,2,509,0.1,3.0,1.1,7.0,14.0,0.7,hinge
0.10989010989010989,9366.9,0,2851.58,3047.0,S2,qlearning,2,510,0.1,3.0,1.1,7.0,14.0,0.7,hinge
0.10659560293137908,8355.5,0,2497.2,2535.5,S2,qlearning,2,511,0.1,3.0,1.1,7.0,14.0,0.7,hinge
0.10568852968604289,8975.0,0,2787.0,2924.5,S2,qlearning,2,512,0.1,3.0,1.1,7.0,14.0,0.7,hinge
0.09624197983501374,9194.5,0,2544.9,2628.0,S2,qlearning,2,513,0.1,3.0,1.1,7.0,14.0,0.7,hinge
0.11177347242921014,7510.925610381641,4,2277.8804883053126,2396.2256103816408,S2,qlearning,2,514,0.1,3.0,1.1,7.0,14.0,0.7,hinge
0.10396673064619322,8801.799999680006,3,2171.3,2216.0,S2,qlearning,2,515,0.1,3.0,1.1,7.0,14.0,0.7,hinge
0.10440906307409675,9195.233332983607,5,2736.3099999853334,2843.0,S2,qlearning,2,516,0.1,3.0,1.1,7.0,14.0,0.7,hinge
0.08141762452107279,8902.799998980463,2,2827.1,2907.0,S2,qlearning,2,517,0.1,3.0,1.1,7.0,14.0,0.7,hinge
0.10854816824966079,8227.1,0,2578.8999999999996,2768.0,S2,qlearning,2,518,0.1,3.0,1.1,7.0,14.0,0.7,hinge
0.12664021971315229,9011.0,0,2537.3,2553.0,S2,qlearning,2,519,0.1,3.0,1.1,7.0,14.0,0.7,hinge
0.07450331125827815,8624.5,0,2428.5,2458.5,S2,qlearning,2,520,0.1,3.0,1.1,7.0,14.0,0.7,hinge
0.12613521695257315,8208.286144196316,4,2639.159999910441,2859.0499999490066,S2,qlearning,2,521,0.1,3.0,1.1,7.0,14.0,0.7,hinge
0.10812480691998765,9024.049999923,1,2651.7,2714.5,S2,qlearning,2,522,0.1,3.0,1.1,7.0,14.0,0.7,hinge
0.1089588377723971,9293.30336855145,9,2664.6952675373386,2772.7499999021293,S2,qlearning,2,523,0.1,3.0,1.1,7.0,14.0,0.7,hinge
0.10693342531907554,8095.749999913483,1,2366.4,2370.0,S2,qlearning,2,524,0.1,3.0,1.1,7.0,14.0,0.7,hinge
0.09051186017478152,9106.011603229248,6,2456.3815446460367,2479.5320399682287,S2,qlearning,2,525,0.1,3.0,1.1,7.0,14.0,0.7,hinge
0.13184584178498987,8116.2,0,2336.6,2430.0,S2,qlearning,2,526,0.1,3.0,1.1,7.0,14.0,0.7,hinge
0.09882869692532943,7673.649382624709,2,1919.5399999602582,1922.5499999503227,S2,qlearning,2,527,0.1,3.0,1.1,7.0,14.0,0.7,hinge
0.09977194982896237,9873.334057816284,3,2625.5399999703845,2693.549999962981,S2,qlearning,2,528,0.1,3.0,1.1,7.0,14.0,0.7,hinge
0.12469265893923429,7847.3,0,2204.1,2311.5,S2,qlearning,2,529,0.1,3.0,1.1,7.0,14.0,0.7,hinge
0.07950530035335689,9687.5,0,2508.8,2517.0,S2,qlearning,2,530,0.1,3.0,1.1,7.0,14.0,0.7,hinge
0.10888057162300102,8252.128538394296,7,2091.7099999886764,2121.0,S2,qlearning,2,531,0.1,3.0,1.1,7.0,14.0,0.7,hinge
0.08138820638820639,9290.271186189058,4,2641.1369489512463,2713.171186189058,S2,qlearning,2,532,0.1,3.0,1.1,7.0,14.0,0.7,hinge
0.1310919185687847,8876.0,0,2517.3999999999996,2695.0,S2,qlearning,2,533,0.1,3.0,1.1,7.0,14.0,0.7,hinge
0.12057626056999687,8807.549999846,1,2495.6,2583.5,S2,qlearning,2,534,0.1,3.0,1.1,7.0,14.0,0.7,hinge
0.10549177784672666,9050.775545003173,6,2379.7799999149984,2394.0999998937477,S2,qlearning,2,535,0.1,3.0,1.1,7.0,14.0,0.7,hinge
0.1309164149043303,8167.049999915384,1,2458.409999983077,2521.0,S2,qlearning,2,536,0.1,3.0,1.1,7.0,14.0,0.7,hinge
0.1242015613910575,7826.949999665218,1,2295.9,2330.5,S2,qlearning,2,537,0.1,3.0,1.1,7.0,14.0,0.7,hinge
0.12361160874238625,7701.8,0,2272.6,2328.0,S2,qlearning,2,538,0.1,3.0,1.1,7.0,14.0,0.7,hinge
0.09424764380890478,8648.9,0,2527.8,2529.5,S2,qlearning,2,539,0.1,3.0,1.1,7.0,14.0,0.7,hinge
0.10800283286118981,7877.5,0,2428.8999999999996,2596.5,S2,qlearning,2,540,0.1,3.0,1.1,7.0,14.0,0.7,hinge
0.10897852960312297,8565.0,0,2662.6,2785.0,S2,qlearning,2,541,0.1,3.0,1.1,7.0,14.0,0.7,hinge
0.11498140006763612,8225.35645121829,4,2304.685161162375,2379.606451452969,S2,qlearning,2,542,0.1,3.0,1.1,7.0,14.0,0.7,hinge
0.1167804527488322,7736.9499998833335,1,2900.8999999999996,3134.5,S2,qlearning,2,543,0.1,3.0,1.1,7.0,14.0,0.7,hinge
0.0859912445278299,9042.549999904939,1,2446.7099999809875,2449.0,S2,qlearning,2,544,0.1,3.0,1.1,7.0,14.0,0.7,hinge
0.0947083583884546,9353.099999837823,2,2738.4099999854716,2771.0,S2,qlearning,2,545,0.1,3.0,1.1,7.0,14.0,0.7,hinge
0.08573878250928837,9895.5,0,2599.3,2621.0,S2,qlearning,2,546,0.1,3.0,1.1,7.0,14.0,0.7,hinge
0.10681114551083591,9025.0,0,2657.0,2679.0,S2,qlearning,2,547,0.1,3.0,1.1,7.0,14.0,0.7,hinge
0.10080645161290322,9079.5,0,2310.3,2356.5,S2,qlearning,2,548,0.1,3.0,1.1,7.0,14.0,0.7,hinge
0.10834411384217335,8645.280850895568,2,2427.8,2476.0,S2,qlearning,2,549,0.1,3.0,1.1,7.0,14.0,0.7,hinge
0.11497923985946981,8728.09999987377,1,2339.62,2408.9,S2,qlearning,2,550,0.1,3.0,1.1,7.0,14.0,0.7,hinge
0.1081165778752742,8908.0,0,2660.2,2751.0,S2,qlearning,2,551,0.1,3.0,1.1,7.0,14.0,0.7,hinge
0.1093077177873468,8424.113868451623,3,2792.791094761298,2946.6138684516227,S2,qlearning,2,552,0.1,3.0,1.1,7.0,14.0,0.7,hinge
0.12050572896088503,7053.149999764722,3,1881.2399999589334,1904.5499999486667,S2,qlearning,2,553,0.1,3.0,1.1,7.0,14.0,0.7,hinge
0.1173941798941799,8363.049999906098,1,2207.4099999812197,2220.5,S2,qlearning,2,554,0.1,3.0,1.1,7.0,14.0,0.7,hinge
0.0779510022271715,8964.527777537129,3,2531.5,2588.0,S2,qlearning,2,555,0.1,3.0,1.1,7.0,14.0,0.7,hinge
0.08839950372208437,9193.165808372447,7,2588.2726468532605,2654.715808566576,S2,qlearning,2,556,0.1,3.0,1.1,7.0,14.0,0.7,hinge
0.10825858335910919,9030.349999767217,3,2601.619999881467,2620.3999998518334,S2,qlearning,2,557,0.1,3.0,1.1,7.0,14.0,0.7,hinge
0.13400941687794277,7601.849999721526,4,2217.799999902424,2329.2499998780304,S2,qlearning,2,558,0.1,3.0,1.1,7.0,14.0,0.7,hinge
0.08596868283696653,9229.5,0,2735.1,2763.5,S2,qlearning,2,559,0.1,3.0,1.1,7.0,14.0,0.7,hinge
0.11216859279401767,8185.862499937389,1,2210.3899999499104,2275.8624999373883,S2,qlearning,2,560,0.1,3.0,1.1,7.0,14.0,0.7,hinge
0.11982570806100218,8929.16810238606,6,2838.116953795457,3024.1999999515724,S2,qlearning,2,561,0.1,3.0,1.1,7.0,14.0,0.7,hinge
0.09846461949265688,8455.05103598506,3,2443.1208289852807,2449.1510362316008,S2,qlearning,2,562,0.1,3.0,1.1,7.0,14.0,0.7,hinge
0.1304631441617743,8397.0,0,2395.6,2492.5,S2,qlearning,2,563,0.1,3.0,1.1,7.0,14.0,0.7,hinge
0.12165450121654502,9092.796710477323,1,2749.7,2865.0,S2,qlearning,2,564,0.1,3.0,1.1,7.0,14.0,0.7,hinge
0.08771929824561403,9033.711110956208,2,2533.77222214261,2543.5499999189474,S2,qlearning,2,565,0.1,3.0,1.1,7.0,14.0,0.7,hinge
0.12008733624454149,7631.0,0,2252.4,2282.5,S2,qlearning,2,566,0.1,3.0,1.1,7.0,14.0,0.7,hinge
0.11961722488038277,8672.0,0,2689.1,2761.0,S2,qlearning,2,567,0.1,3.0,1.1,7.0,14.0,0.7,hinge
0.1248378728923476,8513.599999830749,2,2239.4399999330435,2253.0499999163044,S2,qlearning,2,568,0.1,3.0,1.1,7.0,14.0,0.7,hinge
0.09381898454746136,7706.549999943382,1,2458.339999954706,2510.0499999433823,S2,qlearning,2,569,0.1,3.0,1.1,7.0,14.0,0.7,hinge
0.10385259631490787,8363.099999866728,2,1938.6099999854716,1946.0,S2,qlearning,2,570,0.1,3.0,1.1,7.0,14.0,0.7,hinge
0.09375,9468.562499909214,2,2452.3,2505.5,S2,qlearning,2,571,0.1,3.0,1.1,7.0,14.0,0.7,hinge
0.09011908593498552,8763.0,0,2284.8,2308.5,S2,qlearning,2,572,0.1,3.0,1.1,7.0,14.0,0.7,hinge
0.16268980477223427,6234.499999690652,4,1651.159999907496,1652.19999988437,S2,qlearning,2,573,0.1,3.0,1.1,7.0,14.0,0.7,hinge
0.11458333333333333,8018.549999942105,1,2364.509999988421,2478.5,S2,qlearning,2,574,0.1,3.0,1.1,7.0,14.0,0.7,hinge
0.09607993850883935,7332.099999875774,2,2283.939999951111,2404.549999938889,S2,qlearning,2,575,0.1,3.0,1.1,7.0,14.0,0.7,hinge
0.1288300835654596,7967.161538193725,4,2271.1692306354025,2361.5615383277623,S2,qlearning,2,576,0.1,3.0,1.1,7.0,14.0,0.7,hinge
0.1079913606911447,7747.089945440608,3,2558.3383332468866,2602.7979165586084,S2,qlearning,2,577,0.1,3.0,1.1,7.0,14.0,0.7,hinge
0.11743301356268607,8354.54999992451,1,2409.6,2546.0,S2,qlearning,2,578,0.1,3.0,1.1,7.0,14.0,0.7,hinge
0.10722169662567013,8868.5,0,3051.7999999999997,3190.5,S2,qlearning,2,579,0.1,3.0,1.1,7.0,14.0,0.7,hinge
0.08702064896755163,9634.099999886741,2,2678.079999909392,2683.59999988674,S2,qlearning,2,580,0.1,3.0,1.1,7.0,14.0,0.7,hinge
0.12324611300720516,7338.014285580657,2,2174.3,2223.0,S2,qlearning,2,581,0.1,3.0,1.1,7.0,14.0,0.7,hinge
0.09938409854423293,10057.099382674387,1,2839.5795061395092,2893.0993826743866,S2,qlearning,2,582,0.1,3.0,1.1,7.0,14.0,0.7,hinge
0.10559190957763236,9382.7,0,2533.74,2610.0,S2,qlearning,2,583,0.1,3.0,1.1,7.0,14.0,0.7,hinge
0.10445205479452055,8183.3366195624485,3,2231.1292956902207,2285.2866196127757,S2,qlearning,2,584,0.1,3.0,1.1,7.0,14.0,0.7,hinge
0.08857956342929453,8965.95344788437,5,2381.242758511797,2414.3034481397463,S2,qlearning,2,585,0.1,3.0,1.1,7.0,14.0,0.7,hinge
0.11185308848080133,8333.5,0,2692.5,2754.5,S2,qlearning,2,586,0.1,3.0,1.1,7.0,14.0,0.7,hinge
0.08222735141373341,9836.0,0,2964.9,3006.0,S2,qlearning,2,587,0.1,3.0,1.1,7.0,14.0,0.7,hinge
0.11547344110854503,8418.5,0,2262.6,2281.0,S2,qlearning,2,588,0.1,3.0,1.1,7.0,14.0,0.7,hinge
0.09306717021850552,10485.351550138612,3,2969.160310051785,3019.5,S2,qlearning,2,589,0.1,3.0,1.1,7.0,14.0,0.7,hinge
0.09630818619582665,8814.030132135184,5,2324.3941058772048,2353.7301323655656,S2,qlearning,2,590,0.1,3.0,1.1,7.0,14.0,0.7,hinge
0.11533002129169624,7852.649999726853,3,2137.1,2174.0,S2,qlearning,2,591,0.1,3.0,1.1,7.0,14.0,0.7,hinge
0.0856898029134533,9912.5,0,2524.5,2527.5,S2,qlearning,2,592,0.1,3.0,1.1,7.0,14.0,0.7,hinge
0.0894402769763416,9842.675791695861,3,3016.920633356688,3141.2757916958603,S2,qlearning,2,593,0.1,3.0,1.1,7.0,14.0,0.7,hinge
0.13224821973550355,8079.899999822382,2,2196.1799998579054,2269.599999822382,S2,qlearning,2,594,0.1,3.0,1.1,7.0,14.0,0.7,hinge
0.11,8378.949998995817,3,2397.1,2487.0,S2,qlearning,2,595,0.1,3.0,1.1,7.0,14.0,0.7,hinge
0.08833922261484099,8861.418852275798,3,2832.545081908027,2854.418852401075,S2,qlearning,2,596,0.1,3.0,1.1,7.0,14.0,0.7,hinge
0.10016420361247948,8644.153837827844,10,2831.2930751997083,3089.7538459593707,S2,qlearning,2,597,0.1,3.0,1.1,7.0,14.0,0.7,hinge
0.07962300942476438,8768.599999906302,2,2727.579999925042,2900.599999906303,S2,qlearning,2,598,0.1,3.0,1.1,7.0,14.0,0.7,hinge
0.11552612214863871,7613.943885320124,5,2223.6351083209406,2245.793885401176,S2,qlearning,2,599,0.1,3.0,1.1,7.0,14.0,0.7,hinge
0.117628101836932,8606.0,0,2208.0,2238.5,S2,qlearning,2,600,0.1,3.0,1.1,7.0,14.0,0.7,hinge
0.10094637223974763,8911.549999910465,1,2458.7,2516.5,S2,qlearning,2,601,0.1,3.0,1.1,7.0,14.0,0.7,hinge
0.13347022587268995,8083.034771364999,7,2301.791253004534,2427.3640662556677,S2,qlearning,2,602,0.1,3.0,1.1,7.0,14.0,0.7,hinge
0.09898989898989899,6972.987190988584,4,2144.7397529256173,2219.0496911570217,S2,qlearning,2,603,0.1,3.0,1.1,7.0,14.0,0.7,hinge
0.091324200913242,9929.432485682297,3,2931.945988545837,2948.432485682296,S2,qlearning,2,604,0.1,3.0,1.1,7.0,14.0,0.7,hinge
0.10669456066945607,8098.753743035781,5,2369.670748607156,2374.5,S2,qlearning,2,605,0.1,3.0,1.1,7.0,14.0,0.7,hinge
0.11310084825636192,8866.23006522623,3,2438.0,2442.0,S2,qlearning,2,606,0.1,3.0,1.1,7.0,14.0,0.7,hinge
0.12658227848101267,7380.5,0,2412.6,2483.0,S2,qlearning,2,607,0.1,3.0,1.1,7.0,14.0,0.7,hinge
0.11669658886894076,7728.0,0,2102.6,2156.0,S2,qlearning,2,608,0.1,3.0,1.1,7.0,14.0,0.7,hinge
0.1261666090563429,8047.468742129565,3,2157.6137499819533,2160.5,S2,qlearning,2,609,0.1,3.0,1.1,7.0,14.0,0.7,hinge
0.09508196721311475,8627.599999852831,2,2439.5,2474.5,S2,qlearning,2,610,0.1,3.0,1.1,7.0,14.0,0.7,hinge
0.14853647881170817,6204.549999832609,1,1666.7099999665218,1729.5,S2,qlearning,2,611,0.1,3.0,1.1,7.0,14.0,0.7,hinge
0.14904610492845788,6790.1,0,2098.8399999999997,2220.0,S2,qlearning,2,612,0.1,3.0,1.1,7.0,14.0,0.7,hinge
0.09090909090909091,10016.999999771195,4,2868.2999998169553,2970.4999997711943,S2,qlearning,2,613,0.1,3.0,1.1,7.0,14.0,0.7,hinge
0.10452961672473868,8014.0,0,2135.8,2167.5,S2,qlearning,2,614,0.1,3.0,1.1,7.0,14.0,0.7,hinge
0.09125840537944284,8790.5,0,2858.5,3056.5,S2,qlearning,2,615,0.1,3.0,1.1,7.0,14.0,0.7,hinge
0.10156510156510157,8448.599999889797,2,2539.9199999779594,2575.0,S2,qlearning,2,616,0.1,3.0,1.1,7.0,14.0,0.7,hinge
0.10599536270288175,8424.61097555479,1,2416.8221951109576,2463.0,S2,qlearning,2,617,0.1,3.0,1.1,7.0,14.0,0.7,hinge
0.08046917621385706,10473.553100562078,3,2774.1106201124157,2779.0,S2,qlearning,2,618,0.1,3.0,1.1,7.0,14.0,0.7,hinge
0.11961722488038277,8111.549999893055,1,2071.2,2096.5,S2,qlearning,2,619,0.1,3.0,1.1,7.0,14.0,0.7,hinge
0.10596427490160461,9240.0,0,2570.3,2622.5,S2,qlearning,2,620,0.1,3.0,1.1,7.0,14.0,0.7,hinge
0.09418096199125463,8392.763043320867,2,2390.7526086641733,2438.0,S2,qlearning,2,621,0.1,3.0,1.1,7.0,14.0,0.7,hinge
0.07817385866166354,9160.370328588882,7,2636.1340656183183,2664.5999998342363,S2,qlearning,2,622,0.1,3.0,1.1,7.0,14.0,0.7,hinge
0.11440940012368583,8986.549999930001,1,2542.039999944,2610.04999993,S2,qlearning,2,623,0.1,3.0,1.1,7.0,14.0,0.7,hinge
0.12406526172671652,8131.240550884031,3,2187.6499998385966,2189.549999812195,S2,qlearning,2,624,0.1,3.0,1.1,7.0,14.0,0.7,hinge
0.12566137566137567,8309.287623693686,1,2080.2,2080.5,S2,qlearning,2,625,0.1,3.0,1.1,7.0,14.0,0.7,hinge
0.10236498411577832,7951.833333238723,2,2548.046666590978,2753.733333238723,S2,qlearning,2,626,0.1,3.0,1.1,7.0,14.0,0.7,hinge
0.08939038686987104,9632.238235147757,3,2799.9476470295513,2816.5,S2,qlearning,2,627,0.1,3.0,1.1,7.0,14.0,0.7,hinge
0.0763888888888889,10313.662345234112,7,2663.4524689895275,2664.599999872019,S2,qlearning,2,628,0.1,3.0,1.1,7.0,14.0,0.7,hinge
0.08587257617728532,10227.5,0,2811.1,2841.0,S2,qlearning,2,629,0.1,3.0,1.1,7.0,14.0,0.7,hinge
0.12568306010928962,7594.318592411924,4,2210.6210810065168,2289.651351258146,S2,qlearning,2,630,0.1,3.0,1.1,7.0,14.0,0.7,hinge
0.1111934766493699,7540.1221886555995,4,2008.5,2017.0,S2,qlearning,2,631,0.1,3.0,1.1,7.0,14.0,0.7,hinge
0.10097610232245036,8390.649999766923,3,2286.1199999728783,2303.5,S2,qlearning,2,632,0.1,3.0,1.1,7.0,14.0,0.7,hinge
0.1383399209486166,7604.6,0,2261.3,2311.5,S2,qlearning,2,633,0.1,3.0,1.1,7.0,14.0,0.7,hinge
0.10309278350515463,9511.5999998886,2,2880.3099999863716,3025.5,S2,qlearning,2,634,0.1,3.0,1.1,7.0,14.0,0.7,hinge
0.13034410844629823,7922.749999831341,2,2360.649999966268,2465.0,S2,qlearning,2,635,0.1,3.0,1.1,7.0,14.0,0.7,hinge
0.11762756792577866,8337.0,0,2047.6,2055.5,S2,qlearning,2,636,0.1,3.0,1.1,7.0,14.0,0.7,hinge
0.1058282208588957,9090.0499999125,1,2045.3,2048.5,S2,qlearning,2,637,0.1,3.0,1.1,7.0,14.0,0.7,hinge
0.09663445518160613,8450.749999830585,2,2103.499999864468,2127.2499998305852,S2,qlearning,2,638,0.1,3.0,1.1,7.0,14.0,0.7,hinge
0.09968847352024922,9055.637615666254,5,2654.989993758035,2775.0999922577,S2,qlearning,2,639,0.1,3.0,1.1,7.0,14.0,0.7,hinge
0.09793634137810424,8056.898958082765,3,2352.4,2416.5,S2,qlearning,2,640,0.1,3.0,1.1,7.0,14.0,0.7,hinge
0.09692132269099202,9896.068888719516,4,2597.6837777257574,2700.9666666214143,S2,qlearning,2,641,0.1,3.0,1.1,7.0,14.0,0.7,hinge
0.12217359591539023,7600.599999606377,2,2007.339999922025,2049.0499999025315,S2,qlearning,2,642,0.1,3.0,1.1,7.0,14.0,0.7,hinge
0.08712224339776749,10429.314285605038,2,2976.139999969045,2989.0499999613066,S2,qlearning,2,643,0.1,3.0,1.1,7.0,14.0,0.7,hinge
0.0975254730713246,9710.257470882927,6,2804.5999999781147,2880.0,S2,qlearning,2,644,0.1,3.0,1.1,7.0,14.0,0.7,hinge
0.0968013468013468,10100.599607314452,8,2856.3339998446404,2991.5299998329133,S2,qlearning,2,645,0.1,3.0,1.1,7.0,14.0,0.7,hinge
0.09930486593843098,8483.5,0,2492.1,2586.0,S2,qlearning,2,646,0.1,3.0,1.1,7.0,14.0,0.7,hinge
0.0778642936596218,10235.5,0,2694.7,2759.5,S2,qlearning,2,647,0.1,3.0,1.1,7.0,14.0,0.7,hinge
0.09755342211210902,9098.629729518769,3,2333.303783615015,2362.129729518769,S2,qlearning,2,648,0.1,3.0,1.1,7.0,14.0,0.7,hinge
0.0970873786407767,7886.820613598451,5,2444.2333331688956,2574.64166651682,S2,qlearning,2,649,0.1,3.0,1.1,7.0,14.0,0.7,hinge
0.10707635009310987,8990.0,0,2408.4,2456.5,S2,qlearning,2,650,0.1,3.0,1.1,7.0,14.0,0.7,hinge
0.11439902379499695,9096.858903908726,3,2560.749999921167,2690.549999919792,S2,qlearning,2,651,0.1,3.0,1.1,7.0,14.0,0.7,hinge
0.09061488673139159,8732.749999869757,2,2601.199999895806,2640.249999869757,S2,qlearning,2,652,0.1,3.0,1.1,7.0,14.0,0.7,hinge
0.1300784034212402,7776.758987308359,4,2057.4617974772273,2092.0,S2,qlearning,2,653,0.1,3.0,1.1,7.0,14.0,0.7,hinge
0.12147078135259357,8474.79999947309,7,2310.599999784035,2358.2999997832053,S2,qlearning,2,654,0.1,3.0,1.1,7.0,14.0,0.7,hinge
0.14679556032939492,7596.0,0,2116.5,2122.5,S2,qlearning,2,655,0.1,3.0,1.1,7.0,14.0,0.7,hinge
0.10114192495921696,8611.42407373116,4,2626.9,2740.5,S2,qlearning,2,656,0.1,3.0,1.1,7.0,14.0,0.7,hinge
0.1277445109780439,6925.849999958152,1,2059.2799999665217,2164.049999958152,S2,qlearning,2,657,0.1,3.0,1.1,7.0,14.0,0.7,hinge
0.10371517027863777,9060.899999875332,2,2558.9,2626.5,S2,qlearning,2,658,0.1,3.0,1.1,7.0,14.0,0.7,hinge
0.1164316169235815,8464.499999869025,2,2263.4399999418865,2265.0499999273584,S2,qlearning,2,659,0.1,3.0,1.1,7.0,14.0,0.7,hinge
0.10479041916167664,7492.5,0,2113.9,2188.0,S2,qlearning,2,660,0.1,3.0,1.1,7.0,14.0,0.7,hinge
0.10664605873261206,9036.0,0,2428.2,2457.0,S2,qlearning,2,661,0.1,3.0,1.1,7.0,14.0,0.7,hinge
0.09886058981233244,8387.5,0,2245.0,2283.0,S2,qlearning,2,662,0.1,3.0,1.1,7.0,14.0,0.7,hinge
0.10449651678277391,8834.5499999,1,2561.3,2606.5,S2,qlearning,2,663,0.1,3.0,1.1,7.0,14.0,0.7,hinge
0.11738578680203046,8750.803152974768,3,2395.2606305949535,2510.5,S2,qlearning,2,664,0.1,3.0,1.1,7.0,14.0,0.7,hinge
0.08345534407027819,9725.639247382527,4,2909.811397906022,2998.6392473825276,S2,qlearning,2,665,0.1,3.0,1.1,7.0,14.0,0.7,hinge
0.06484352974344516,10260.663349588354,5,3155.52571339644,3288.0717390855793,S2,qlearning,2,666,0.1,3.0,1.1,7.0,14.0,0.7,hinge
0.09869468322190385,8833.199999900915,2,2959.5799999207316,3009.5999999009146,S2,qlearning,2,667,0.1,3.0,1.1,7.0,14.0,0.7,hinge
0.10168907273354016,8111.0,0,2195.5,2198.0,S2,qlearning,2,668,0.1,3.0,1.1,7.0,14.0,0.7,hinge
0.13634665670526708,7314.549999936885,1,2185.609999987377,2264.0,S2,qlearning,2,669,0.1,3.0,1.1,7.0,14.0,0.7,hinge
0.13112884834663627,7267.321738848111,3,2159.7099999805064,2198.5,S2,qlearning,2,670,0.1,3.0,1.1,7.0,14.0,0.7,hinge
0.11446886446886446,9115.480373546483,4,2620.144298883503,2673.9303736043785,S2,qlearning,2,671,0.1,3.0,1.1,7.0,14.0,0.7,hinge
0.11030679076180627,8069.0,0,2183.9,2270.0,S2,qlearning,2,672,0.1,3.0,1.1,7.0,14.0,0.7,hinge
0.10774410774410774,8305.449999658826,3,2314.9399999526154,2361.5499999407693,S2,qlearning,2,673,0.1,3.0,1.1,7.0,14.0,0.7,hinge
0.1310344827586207,7975.099999779894,2,2214.739999952248,2324.54999994031,S2,qlearning,2,674,0.1,3.0,1.1,7.0,14.0,0.7,hinge
0.13060360042357924,7751.4,0,2136.6,2143.0,S2,qlearning,2,675,0.1,3.0,1.1,7.0,14.0,0.7,hinge
0.12857142857142856,7719.0,0,2449.1,2633.5,S2,qlearning,2,676,0.1,3.0,1.1,7.0,14.0,0.7,hinge
0.11060393258426966,7977.026118764391,6,2321.9808951779987,2371.9761189724986,S2,qlearning,2,677,0.1,3.0,1.1,7.0,14.0,0.7,hinge
0.0866757307953773,8340.049999920619,1,2204.7,2237.5,S2,qlearning,2,678,0.1,3.0,1.1,7.0,14.0,0.7,hinge
0.10638297872340426,7498.5,0,2443.5,2634.5,S2,qlearning,2,679,0.1,3.0,1.1,7.0,14.0,0.7,hinge
0.10006901311249138,8186.168749748489,3,2401.4799998709786,2458.5999998387233,S2,qlearning,2,680,0.1,3.0,1.1,7.0,14.0,0.7,hinge
0.09534961525593844,8423.207470936557,3,2201.9399999384,2245.549999923,S2,qlearning,2,681,0.1,3.0,1.1,7.0,14.0,0.7,hinge
0.0959023539668701,9686.5,0,2739.7,2812.5,S2,qlearning,2,682,0.1,3.0,1.1,7.0,14.0,0.7,hinge
0.12839598064756233,7433.499999845662,2,1917.8999999999999,1971.0,S2,qlearning,2,683,0.1,3.0,1.1,7.0,14.0,0.7,hinge
0.08392511297611362,8763.0,0,2354.8,2380.0,S2,qlearning,2,684,0.1,3.0,1.1,7.0,14.0,0.7,hinge
0.11960969468051622,8838.24999982983,2,2443.9,2516.5,S2,qlearning,2,685,0.1,3.0,1.1,7.0,14.0,0.7,hinge
0.11010558069381599,9233.549999936886,1,2764.5,2847.0,S2,qlearning,2,686,0.1,3.0,1.1,7.0,14.0,0.7,hinge
0.11347765363128491,7992.346734135049,3,2308.8149382537663,2318.5,S2,qlearning,2,687,0.1,3.0,1.1,7.0,14.0,0.7,hinge
0.11452879581151833,8463.0499999125,1,2392.9,2496.0,S2,qlearning,2,688,0.1,3.0,1.1,7.0,14.0,0.7,hinge
0.10041265474552957,10202.0,0,2770.5,2802.5,S2,qlearning,2,689,0.1,3.0,1.1,7.0,14.0,0.7,hinge
0.0900032144005143,8776.088333158368,3,2585.1706665266943,2719.588333158368,S2,qlearning,2,690,0.1,3.0,1.1,7.0,14.0,0.7,hinge
0.12794882047181128,6874.9,0,1872.8,1967.5,S2,qlearning,2,691,0.1,3.0,1.1,7.0,14.0,0.7,hinge
0.10150722854506306,9100.0,0,2521.5,2556.0,S2,qlearning,2,692,0.1,3.0,1.1,7.0,14.0,0.7,hinge
0.08469539375928678,9560.5,0,2765.6,2872.5,S2,qlearning,2,693,0.1,3.0,1.1,7.0,14.0,0.7,hinge
0.11153000314169023,8874.449999952174,1,2406.22,2493.4,S2,qlearning,2,694,0.1,3.0,1.1,7.0,14.0,0.7,hinge
0.10515938218862964,8600.363332839142,5,2115.1606663263137,2137.313332930809,S2,qlearning,2,695,0.1,3.0,1.1,7.0,14.0,0.7,hinge
0.10929909784871616,8043.5,0,2210.7,2264.5,S2,qlearning,2,696,0.1,3.0,1.1,7.0,14.0,0.7,hinge
0.09950248756218906,8480.549999907229,1,2258.4099999814457,2281.0,S2,qlearning,2,697,0.1,3.0,1.1,7.0,14.0,0.7,hinge
0.11196524064171123,8307.599999637774,2,2122.909999989155,2124.5,S2,qlearning,2,698,0.1,3.0,1.1,7.0,14.0,0.7,hinge
0.1532258064516129,6751.8722886551695,6,2095.767831152823,2149.672289011396,S2,qlearning,2,699,0.1,3.0,1.1,7.0,14.0,0.7,hinge
0.12445095168374817,7531.79836596439,1,2145.659673192878,2212.0,S2,qlearning,2,700,0.1,3.0,1.1,7.0,14.0,0.7,hinge
0.0992,8787.5,0,2427.2999999999997,2492.5,S2,qlearning,2,701,0.1,3.0,1.1,7.0,14.0,0.7,hinge
0.10488364470665355,8508.0,0,2343.3,2398.0,S2,qlearning,2,702,0.1,3.0,1.1,7.0,14.0,0.7,hinge
0.0940688775510204,8909.899999497376,6,2302.339999968083,2308.0499999601034,S2,qlearning,2,703,0.1,3.0,1.1,7.0,14.0,0.7,hinge
0.09733036707452725,10136.599999820543,2,2822.3099999812193,2932.5,S2,qlearning,2,704,0.1,3.0,1.1,7.0,14.0,0.7,hinge
0.11836441893830703,7771.399999546756,2,2132.919999909351,2227.5,S2,qlearning,2,705,0.1,3.0,1.1,7.0,14.0,0.7,hinge
0.09146341463414634,8348.14999581449,3,2228.1,2277.0,S2,qlearning,2,706,0.1,3.0,1.1,7.0,14.0,0.7,hinge
0.08982035928143713,8520.049999906098,1,2394.2,2446.5,S2,qlearning,2,707,0.1,3.0,1.1,7.0,14.0,0.7,hinge
0.110612375761462,8676.9,0,2440.0,2492.0,S2,qlearning,2,708,0.1,3.0,1.1,7.0,14.0,0.7,hinge
0.10775168864586684,8651.7,0,2175.5,2182.5,S2,qlearning,2,709,0.1,3.0,1.1,7.0,14.0,0.7,hinge
0.09135730858468677,9735.599999890323,2,2759.909999988759,2847.5,S2,qlearning,2,710,0.1,3.0,1.1,7.0,14.0,0.7,hinge
0.0969859743360191,9409.88037372842,2,2685.8399999695052,2742.5499999618814,S2,qlearning,2,711,0.1,3.0,1.1,7.0,14.0,0.7,hinge
0.10324060797246917,9777.049999947973,1,2864.9399999583784,2891.049999947973,S2,qlearning,2,712,0.1,3.0,1.1,7.0,14.0,0.7,hinge
0.0838248990996585,9156.072602590479,2,2543.6145205180956,2636.0,S2,qlearning,2,713,0.1,3.0,1.1,7.0,14.0,0.7,hinge
0.11882426516572858,8831.8,0,2651.9,2757.5,S2,qlearning,2,714,0.1,3.0,1.1,7.0,14.0,0.7,hinge
0.11263639563533967,7938.78627417903,4,2196.4090193432244,2202.8862741790304,S2,qlearning,2,715,0.1,3.0,1.1,7.0,14.0,0.7,hinge
0.11991164405175134,8786.470779860032,5,2252.3766238880253,2258.4707798600316,S2,qlearning,2,716,0.1,3.0,1.1,7.0,14.0,0.7,hinge
0.11430437622468975,8503.049999857407,1,2659.1,2769.5,S2,qlearning,2,717,0.1,3.0,1.1,7.0,14.0,0.7,hinge
0.1008249312557287,9184.2,0,2963.7999999999997,3171.5,S2,qlearning,2,718,0.1,3.0,1.1,7.0,14.0,0.7,hinge
0.09195717814987647,10278.986206753767,3,2788.539999962439,2802.549999953049,S2,qlearning,2,719,0.1,3.0,1.1,7.0,14.0,0.7,hinge
0.10583817002389895,8179.0,0,2361.1,2381.5,S2,qlearning,2,720,0.1,3.0,1.1,7.0,14.0,0.7,hinge
0.0981404958677686,8128.0,0,2198.2,2207.5,S2,qlearning,2,721,0.1,3.0,1.1,7.0,14.0,0.7,hinge
0.09793447293447294,7892.641666520766,2,2234.828333304153,2250.0,S2,qlearning,2,722,0.1,3.0,1.1,7.0,14.0,0.7,hinge
0.10567458019687319,9671.849218597908,3,3003.4998436962483,3203.049999961111,S2,qlearning,2,723,0.1,3.0,1.1,7.0,14.0,0.7,hinge
0.11785598966742009,8575.87848833123,1,2563.2027906649837,2658.8784883312296,S2,qlearning,2,724,0.1,3.0,1.1,7.0,14.0,0.7,hinge
0.10904425914047466,8737.669577930626,7,2396.9430984782152,2498.678873097769,S2,qlearning,2,725,0.1,3.0,1.1,7.0,14.0,0.7,hinge
0.10875955320399765,9562.623403656537,9,2893.0799999259057,3084.0999999073824,S2,qlearning,2,726,0.1,3.0,1.1,7.0,14.0,0.7,hinge
0.09265075376884423,9052.336999897592,4,2252.769599918074,2278.3369998975927,S2,qlearning,2,727,0.1,3.0,1.1,7.0,14.0,0.7,hinge
0.10284538909838875,8181.512213605958,2,2189.1,2221.0,S2,qlearning,2,728,0.1,3.0,1.1,7.0,14.0,0.7,hinge
0.08427876823338736,8743.44444438576,1,2507.6955555086065,2591.2444443857585,S2,qlearning,2,729,0.1,3.0,1.1,7.0,14.0,0.7,hinge
0.09885696632684585,9118.24999989427,2,2448.7999999999997,2506.5,S2,qlearning,2,730,0.1,3.0,1.1,7.0,14.0,0.7,hinge
0.10168961201501878,8992.944444184805,3,2406.2,2463.0,S2,qlearning,2,731,0.1,3.0,1.1,7.0,14.0,0.7,hinge
0.10390689941812137,10111.599999918606,2,3136.879999934885,3284.599999918606,S2,qlearning,2,732,0.1,3.0,1.1,7.0,14.0,0.7,hinge
0.13703570140641905,7653.628036588335,7,2110.0399999503225,2172.049999937903,S2,qlearning,2,733,0.1,3.0,1.1,7.0,14.0,0.7,hinge
0.09188846641318124,8940.199999725646,4,2453.9899998716296,2490.099999853287,S2,qlearning,2,734,0.1,3.0,1.1,7.0,14.0,0.7,hinge
0.10290556900726393,6952.399999694323,3,1991.1399999809876,2021.5,S2,qlearning,2,735,0.1,3.0,1.1,7.0,14.0,0.7,hinge
0.10574550581600282,7973.942292045614,5,2376.6838383772706,2489.8422998965866,S2,qlearning,2,736,0.1,3.0,1.1,7.0,14.0,0.7,hinge
0.12178148921363953,7968.449999608801,3,2261.6799999714376,2307.5,S2,qlearning,2,737,0.1,3.0,1.1,7.0,14.0,0.7,hinge
0.09912886752778612,9373.599999893393,2,2435.809999989155,2437.0,S2,qlearning,2,738,0.1,3.0,1.1,7.0,14.0,0.7,hinge
0.14064976228209192,6895.836666550005,2,1984.6293332950045,2028.0366666187556,S2,qlearning,2,739,0.1,3.0,1.1,7.0,14.0,0.7,hinge
0.09656004828002414,9302.899999847854,2,2513.56,2529.0,S2,qlearning,2,740,0.1,3.0,1.1,7.0,14.0,0.7,hinge
0.09696186166774402,8710.549999828889,1,2489.9,2587.0,S2,qlearning,2,741,0.1,3.0,1.1,7.0,14.0,0.7,hinge
0.1374633431085044,7507.244444144045,5,2379.238888804577,2403.7499999041165,S2,qlearning,2,742,0.1,3.0,1.1,7.0,14.0,0.7,hinge
0.10692010692010692,9420.004912738901,6,2410.739999915115,2424.0,S2,qlearning,2,743,0.1,3.0,1.1,7.0,14.0,0.7,hinge
0.08907159986296677,8256.049999915385,1,2453.7999999999997,2533.0,S2,qlearning,2,744,0.1,3.0,1.1,7.0,14.0,0.7,hinge
0.11122518822724162,8146.399999778396,2,2159.7699999826964,2220.0,S2,qlearning,2,745,0.1,3.0,1.1,7.0,14.0,0.7,hinge
0.11087803416242134,9326.01730747531,4,2286.3,2301.5,S2,qlearning,2,746,0.1,3.0,1.1,7.0,14.0,0.7,hinge
0.14209591474245115,7696.049999920619,1,2277.7,2401.0,S2,qlearning,2,747,0.1,3.0,1.1,7.0,14.0,0.7,hinge
0.10194015126603091,8565.162213596632,2,2562.1,2684.0,S2,qlearning,2,748,0.1,3.0,1.1,7.0,14.0,0.7,hinge
0.104675505931612,8038.7145157470395,5,2247.559999899661,2267.549999923,S2,qlearning,2,749,0.1,3.0,1.1,7.0,14.0,0.7,hinge
0.11812476928755998,7546.62531636075,2,2148.7550632407215,2156.049999947619,S2,qlearning,2,750,0.1,3.0,1.1,7.0,14.0,0.7,hinge
0.07784431137724551,9533.0,0,2479.4,2553.5,S2,qlearning,2,751,0.1,3.0,1.1,7.0,14.0,0.7,hinge
0.12010981468771448,8123.449999593365,5,2340.7999999999997,2461.0,S2,qlearning,2,752,0.1,3.0,1.1,7.0,14.0,0.7,hinge
0.1027516544757924,8151.803494746234,10,2364.392608618141,2383.0499999273584,S2,qlearning,2,753,0.1,3.0,1.1,7.0,14.0,0.7,hinge
0.1178516228748068,7173.799999591643,3,1904.7599999183287,1938.5,S2,qlearning,2,754,0.1,3.0,1.1,7.0,14.0,0.7,hinge
0.10758027143330023,8503.79999925753,6,2539.1099997845,2583.099999853638,S2,qlearning,2,755,0.1,3.0,1.1,7.0,14.0,0.7,hinge
0.07994389901823282,10105.5,0,2993.4,3032.5,S2,qlearning,2,756,0.1,3.0,1.1,7.0,14.0,0.7,hinge
0.09090909090909091,9708.516567819368,4,2436.3633134808774,2450.0999998616735,S2,qlearning,2,757,0.1,3.0,1.1,7.0,14.0,0.7,hinge
0.1168736303871439,7587.0,0,2260.4,2293.0,S2,qlearning,2,758,0.1,3.0,1.1,7.0,14.0,0.7,hinge
0.11408083441981746,8566.31762369536,7,2509.207945256079,2639.0907008372337,S2,qlearning,2,759,0.1,3.0,1.1,7.0,14.0,0.7,hinge
0.10077519379844961,9074.87456122385,3,2296.07491224477,2296.5,S2,qlearning,2,760,0.1,3.0,1.1,7.0,14.0,0.7,hinge
0.12190992211310532,8204.575321426997,4,2172.5,2193.0,S2,qlearning,2,761,0.1,3.0,1.1,7.0,14.0,0.7,hinge
0.10809141445336627,9035.099999815031,2,2571.8,2607.5,S2,qlearning,2,762,0.1,3.0,1.1,7.0,14.0,0.7,hinge
0.06971809639284632,9474.287036854545,2,2693.7,2735.0,S2,qlearning,2,763,0.1,3.0,1.1,7.0,14.0,0.7,hinge
0.10286677908937605,8316.987956032617,3,2870.270364826094,3025.5879560326175,S2,qlearning,2,764,0.1,3.0,1.1,7.0,14.0,0.7,hinge
0.08812615955473098,9140.0,0,2525.8,2546.5,S2,qlearning,2,765,0.1,3.0,1.1,7.0,14.0,0.7,hinge
0.09141364675155077,8609.0,0,2352.5,2383.5,S2,qlearning,2,766,0.1,3.0,1.1,7.0,14.0,0.7,hinge
0.12567024128686327,8248.132186297866,3,2458.6057490382927,2516.132186297866,S2,qlearning,2,767,0.1,3.0,1.1,7.0,14.0,0.7,hinge
0.0800711743772242,9679.815837396263,8,2533.2799998756154,2583.599999844519,S2,qlearning,2,768,0.1,3.0,1.1,7.0,14.0,0.7,hinge
0.09135955404149891,9137.976420823485,4,2568.0952841646967,2610.0,S2,qlearning,2,769,0.1,3.0,1.1,7.0,14.0,0.7,hinge
0.10250569476082004,8633.811622875588,5,2188.78624986031,2205.5,S2,qlearning,2,770,0.1,3.0,1.1,7.0,14.0,0.7,hinge
0.10842516885886953,7854.049999898684,1,2363.6399999189475,2492.5499998986843,S2,qlearning,2,771,0.1,3.0,1.1,7.0,14.0,0.7,hinge
0.0851581508515815,9362.099999902055,2,2571.009999989801,2639.5,S2,qlearning,2,772,0.1,3.0,1.1,7.0,14.0,0.7,hinge
0.09993753903810118,9009.099999828733,2,2307.809999990191,2408.5,S2,qlearning,2,773,0.1,3.0,1.1,7.0,14.0,0.7,hinge
0.10817307692307693,9278.409708602603,2,2391.867766953711,2417.2097086921385,S2,qlearning,2,774,0.1,3.0,1.1,7.0,14.0,0.7,hinge
0.10890812622172577,9992.847589467143,2,2809.8804457052793,2897.351546353085,S2,qlearning,2,775,0.1,3.0,1.1,7.0,14.0,0.7,hinge
0.11908444169502011,8933.049999931858,1,2411.5399999454867,2421.0499999318586,S2,qlearning,2,776,0.1,3.0,1.1,7.0,14.0,0.7,hinge
0.08592101296352125,9363.5,0,2795.5,2894.0,S2,qlearning,2,777,0.1,3.0,1.1,7.0,14.0,0.7,hinge
0.09453471196454949,9537.5,0,2822.1,2977.0,S2,qlearning,2,778,0.1,3.0,1.1,7.0,14.0,0.7,hinge
0.08642930856553148,10989.112820400445,2,3248.022564080089,3371.5,S2,qlearning,2,779,0.1,3.0,1.1,7.0,14.0,0.7,hinge
0.08887526815813668,9217.6,0,2284.9,2318.5,S2,qlearning,2,780,0.1,3.0,1.1,7.0,14.0,0.7,hinge
0.0999682640431609,8830.4,0,2559.0,2654.0,S2,qlearning,2,781,0.1,3.0,1.1,7.0,14.0,0.7,hinge
0.11381599747075562,8784.5,0,2427.8,2439.5,S2,qlearning,2,782,0.1,3.0,1.1,7.0,14.0,0.7,hinge
0.09334691106585201,8295.0,0,2209.7999999999997,2288.5,S2,qlearning,2,783,0.1,3.0,1.1,7.0,14.0,0.7,hinge
0.1265597147950089,7720.0,0,2280.9,2332.0,S2,qlearning,2,784,0.1,3.0,1.1,7.0,14.0,0.7,hinge
0.11720096518441916,8136.218037470646,6,2340.659999960513,2412.199999950641,S2,qlearning,2,785,0.1,3.0,1.1,7.0,14.0,0.7,hinge
0.12880929940307886,8778.4,0,2229.6,2241.5,S2,qlearning,2,786,0.1,3.0,1.1,7.0,14.0,0.7,hinge
0.14247720364741642,7214.5499998625,1,1903.03999989,1958.0499998625,S2,qlearning,2,787,0.1,3.0,1.1,7.0,14.0,0.7,hinge
0.13152804642166344,7085.4,0,1715.24,1750.5,S2,qlearning,2,788,0.1,3.0,1.1,7.0,14.0,0.7,hinge
0.10311020960108182,8274.0,0,2419.6,2451.5,S2,qlearning,2,789,0.1,3.0,1.1,7.0,14.0,0.7,hinge
0.1137862796833773,8409.0,0,2240.5,2244.5,S2,qlearning,2,790,0.1,3.0,1.1,7.0,14.0,0.7,hinge
0.10689551339957844,9283.838094802495,2,2551.1,2609.5,S2,qlearning,2,791,0.1,3.0,1.1,7.0,14.0,0.7,hinge
0.1120162932790224,8234.61910817536,2,2963.755286589966,3230.569108237458,S2,qlearning,2,792,0.1,3.0,1.1,7.0,14.0,0.7,hinge
0.13626453488372092,7558.5499998737705,1,2359.209999974754,2514.5,S2,qlearning,2,793,0.1,3.0,1.1,7.0,14.0,0.7,hinge
0.11563517915309446,8527.099999874396,2,2645.4799998995168,2858.599999874396,S2,qlearning,2,794,0.1,3.0,1.1,7.0,14.0,0.7,hinge
0.08502125531382845,11346.649999718873,4,2952.989999977809,2967.3,S2,qlearning,2,795,0.1,3.0,1.1,7.0,14.0,0.7,hinge
0.0862312694373763,10012.048486512747,3,2830.5096973025497,2839.5,S2,qlearning,2,796,0.1,3.0,1.1,7.0,14.0,0.7,hinge
0.12222946544980444,8516.722221848551,5,2657.5222221903914,2818.0,S2,qlearning,2,797,0.1,3.0,1.1,7.0,14.0,0.7,hinge
0.13107305138063613,7876.008064322293,3,2098.8264514578345,2134.208064322293,S2,qlearning,2,798,0.1,3.0,1.1,7.0,14.0,0.7,hinge
0.11278195488721804,8517.5,0,2516.4,2641.0,S2,qlearning,2,799,0.1,3.0,1.1,7.0,14.0,0.7,hinge
0.11087645195353749,7902.9499998833335,1,2192.4099999766668,2265.0,S2,qlearning,2,800,0.1,3.0,1.1,7.0,14.0,0.7,hinge
0.09973839110529759,8629.252388219371,6,2234.921459710179,2241.651824637724,S2,qlearning,2,801,0.1,3.0,1.1,7.0,14.0,0.7,hinge
0.11299435028248588,7881.949999832609,1,2362.909999966522,2490.0,S2,qlearning,2,802,0.1,3.0,1.1,7.0,14.0,0.7,hinge
0.09760425909494233,9564.35344808571,3,2598.4827584685686,2658.8534480857106,S2,qlearning,2,803,0.1,3.0,1.1,7.0,14.0,0.7,hinge
0.12925969447708577,7037.149999681891,3,2207.239999955036,2369.0499999437957,S2,qlearning,2,804,0.1,3.0,1.1,7.0,14.0,0.7,hinge
0.08648302370275464,8857.049999960513,1,2569.03999996841,2704.0499999605127,S2,qlearning,2,805,0.1,3.0,1.1,7.0,14.0,0.7,hinge
0.08650519031141868,9021.649999780166,3,2525.989999879133,2581.599999871833,S2,qlearning,2,806,0.1,3.0,1.1,7.0,14.0,0.7,hinge
0.09948542024013722,8239.09999988327,2,2399.4499999497934,2523.5499999552326,S2,qlearning,2,807,0.1,3.0,1.1,7.0,14.0,0.7,hinge
0.14826175869120656,7965.949999933044,1,2363.7,2442.5,S2,qlearning,2,808,0.1,3.0,1.1,7.0,14.0,0.7,hinge
0.09409888357256778,8829.5,0,2616.1,2675.0,S2,qlearning,2,809,0.1,3.0,1.1,7.0,14.0,0.7,hinge
0.1012216404886562,8013.5,0,2481.4,2584.5,S2,qlearning,2,810,0.1,3.0,1.1,7.0,14.0,0.7,hinge
0.0880052151238592,8713.353845920241,4,2417.4999998930907,2427.2499998663634,S2,qlearning,2,811,0.1,3.0,1.1,7.0,14.0,0.7,hinge
0.06719066937119675,11342.159459289169,4,3486.579999940026,3645.099999925033,S2,qlearning,2,812,0.1,3.0,1.1,7.0,14.0,0.7,hinge
0.10839642119752237,8123.949999946896,1,2269.3099999893793,2269.5,S2,qlearning,2,813,0.1,3.0,1.1,7.0,14.0,0.7,hinge
0.07152875175315568,10273.155726950901,5,2865.861145358752,2929.549999947619,S2,qlearning,2,814,0.1,3.0,1.1,7.0,14.0,0.7,hinge
0.09972954699121028,8274.249999901282,1,2460.04,2618.5,S2,qlearning,2,815,0.1,3.0,1.1,7.0,14.0,0.7,hinge
0.08551724137931034,10259.599999765791,2,2905.219999953158,3023.5,S2,qlearning,2,816,0.1,3.0,1.1,7.0,14.0,0.7,hinge
0.09900990099009901,8276.414035567697,6,2043.9824480863765,2080.6030601079706,S2,qlearning,2,817,0.1,3.0,1.1,7.0,14.0,0.7,hinge
0.09975498774938747,8078.8499996740775,5,2494.819999819765,2699.1499997747064,S2,qlearning,2,818,0.1,3.0,1.1,7.0,14.0,0.7,hinge
0.09465855307640297,8340.943700731546,1,2244.188740146309,2283.5,S2,qlearning,2,819,0.1,3.0,1.1,7.0,14.0,0.7,hinge
0.09644530173601543,10201.5,0,2757.5,2811.0,S2,qlearning,2,820,0.1,3.0,1.1,7.0,14.0,0.7,hinge
0.13615994484660462,7972.37438975499,3,2280.5195118039924,2337.2743897549904,S2,qlearning,2,821,0.1,3.0,1.1,7.0,14.0,0.7,hinge
0.07718966603654695,9056.159459166403,4,2523.4099999842856,2681.0,S2,qlearning,2,822,0.1,3.0,1.1,7.0,14.0,0.7,hinge
0.11620185922974767,8397.99999965543,4,2676.9299999061127,2905.0499999583785,S2,qlearning,2,823,0.1,3.0,1.1,7.0,14.0,0.7,hinge
0.10048622366288493,8661.291999893334,2,2382.333599914666,2450.791999893333,S2,qlearning,2,824,0.1,3.0,1.1,7.0,14.0,0.7,hinge
0.1045016077170418,8757.849999565104,4,2475.239999857417,2553.299999821771,S2,qlearning,2,825,0.1,3.0,1.1,7.0,14.0,0.7,hinge
0.10544538873150772,8890.7,0,2374.0,2385.0,S2,qlearning,2,826,0.1,3.0,1.1,7.0,14.0,0.7,hinge
0.1143265451947124,7805.611666354649,3,2619.03599997382,2748.044999967275,S2,qlearning,2,827,0.1,3.0,1.1,7.0,14.0,0.7,hinge
0.1269732326698696,8044.549999925242,1,2198.3099999850488,2215.5,S2,qlearning,2,828,0.1,3.0,1.1,7.0,14.0,0.7,hinge
0.12045732952225398,6806.649992151876,3,1880.9599938103797,1938.5499923000077,S2,qlearning,2,829,0.1,3.0,1.1,7.0,14.0,0.7,hinge
0.10886715052066898,8892.51325457144,4,2628.0552435198197,2698.5,S2,qlearning,2,830,0.1,3.0,1.1,7.0,14.0,0.7,hinge
0.11732851985559567,7719.2799999538,1,1983.0,2007.0,S2,qlearning,2,831,0.1,3.0,1.1,7.0,14.0,0.7,hinge
0.09603658536585366,9280.116552168167,7,2506.7432419694464,2562.416552486175,S2,qlearning,2,832,0.1,3.0,1.1,7.0,14.0,0.7,hinge
0.0930576070901034,9551.049999943383,1,3071.939999954706,3195.0499999433823,S2,qlearning,2,833,0.1,3.0,1.1,7.0,14.0,0.7,hinge
0.09093915343915344,8573.375982630607,3,2191.6155687504443,2201.519460938055,S2,qlearning,2,834,0.1,3.0,1.1,7.0,14.0,0.7,hinge
0.11417697431018078,8735.049999946154,1,2482.8099999892306,2499.0,S2,qlearning,2,835,0.1,3.0,1.1,7.0,14.0,0.7,hinge
0.08512688724702859,8812.4,0,2343.2,2368.0,S2,qlearning,2,836,0.1,3.0,1.1,7.0,14.0,0.7,hinge
0.10519172039362062,8252.249999849279,2,2393.9599999626666,2502.199999953333,S2,qlearning,2,837,0.1,3.0,1.1,7.0,14.0,0.7,hinge
0.13683431952662722,7422.244444002428,4,2039.8199999503224,2101.049999937903,S2,qlearning,2,838,0.1,3.0,1.1,7.0,14.0,0.7,hinge
0.11484098939929328,7868.099999833163,2,2306.709999986126,2386.0,S2,qlearning,2,839,0.1,3.0,1.1,7.0,14.0,0.7,hinge
0.145800933125972,6972.1,0,1753.62,1761.5,S2,qlearning,2,840,0.1,3.0,1.1,7.0,14.0,0.7,hinge
0.08626410086264101,8545.836991485054,3,2458.869593188043,2554.3369914850537,S2,qlearning,2,841,0.1,3.0,1.1,7.0,14.0,0.7,hinge
0.1273434736469756,7880.303728369525,8,2234.514670968648,2251.5,S2,qlearning,2,842,0.1,3.0,1.1,7.0,14.0,0.7,hinge
0.10496501166277908,8362.0,0,2181.6,2235.0,S2,qlearning,2,843,0.1,3.0,1.1,7.0,14.0,0.7,hinge
0.08115269956939383,8609.749999810656,2,2275.9599999495085,2287.6999999368854,S2,qlearning,2,844,0.1,3.0,1.1,7.0,14.0,0.7,hinge
0.11106855610877059,7298.440131126427,6,2063.992104985525,2147.4901312319066,S2,qlearning,2,845,0.1,3.0,1.1,7.0,14.0,0.7,hinge
0.0831384775266303,10913.0,0,2844.4,2893.0,S2,qlearning,2,846,0.1,3.0,1.1,7.0,14.0,0.7,hinge
0.1141552511415525,7912.149999726486,3,2166.5,2201.5,S2,qlearning,2,847,0.1,3.0,1.1,7.0,14.0,0.7,hinge
0.10416666666666667,8501.323255716174,4,2512.864651143235,2583.5,S2,qlearning,2,848,0.1,3.0,1.1,7.0,14.0,0.7,hinge
0.0968869123252859,8866.0,0,2471.9,2532.5,S2,qlearning,2,849,0.1,3.0,1.1,7.0,14.0,0.7,hinge
0.0929944203347799,9112.049999938889,1,2507.6399999511113,2527.549999938889,S2,qlearning,2,850,0.1,3.0,1.1,7.0,14.0,0.7,hinge
0.09000620732464308,9105.9,0,2730.3,2764.0,S2,qlearning,2,851,0.1,3.0,1.1,7.0,14.0,0.7,hinge
0.12481644640234948,7539.8,0,2329.7999999999997,2396.0,S2,qlearning,2,852,0.1,3.0,1.1,7.0,14.0,0.7,hinge
0.07901668129938542,9756.366540030205,3,2970.6344085299224,3074.043010662403,S2,qlearning,2,853,0.1,3.0,1.1,7.0,14.0,0.7,hinge
0.10828625235404897,8865.5,0,2409.1,2431.5,S2,qlearning,2,854,0.1,3.0,1.1,7.0,14.0,0.7,hinge
0.11087157376039421,9038.29999995487,1,2523.139999963896,2554.29999995487,S2,qlearning,2,855,0.1,3.0,1.1,7.0,14.0,0.7,hinge
0.10519172039362062,8307.59604291778,3,2220.7,2266.0,S2,qlearning,2,856,0.1,3.0,1.1,7.0,14.0,0.7,hinge
0.08998875140607424,10042.049999952174,1,2942.1099999904345,3007.5,S2,qlearning,2,857,0.1,3.0,1.1,7.0,14.0,0.7,hinge
0.10611735330836454,8945.699999945775,1,2532.2,2645.5,S2,qlearning,2,858,0.1,3.0,1.1,7.0,14.0,0.7,hinge
0.09950248756218906,9022.699999948321,1,2530.4,2552.5,S2,qlearning,2,859,0.1,3.0,1.1,7.0,14.0,0.7,hinge
0.10535714285714286,7833.19999987377,1,2040.0,2042.5,S2,qlearning,2,860,0.1,3.0,1.1,7.0,14.0,0.7,hinge
0.09993753903810118,8975.099999916305,1,2865.5,3075.5,S2,qlearning,2,861,0.1,3.0,1.1,7.0,14.0,0.7,hinge
0.09989484752891693,8015.649999692858,3,2195.7099999911998,2238.0,S2,qlearning,2,862,0.1,3.0,1.1,7.0,14.0,0.7,hinge
0.07727272727272727,9458.738030060658,6,2674.7814767109244,2804.056451164655,S2,qlearning,2,863,0.1,3.0,1.1,7.0,14.0,0.7,hinge
0.10037427696495406,8346.489268959172,5,2280.28999983634,2323.0999998214384,S2,qlearning,2,864,0.1,3.0,1.1,7.0,14.0,0.7,hinge
0.14175257731958762,7437.049999910465,1,2101.4,2157.0,S2,qlearning,2,865,0.1,3.0,1.1,7.0,14.0,0.7,hinge
0.11190233977619532,8210.5,0,2338.2,2394.5,S2,qlearning,2,866,0.1,3.0,1.1,7.0,14.0,0.7,hinge
0.12553683515031383,8338.099999818598,2,2606.8999999999996,2813.0,S2,qlearning,2,867,0.1,3.0,1.1,7.0,14.0,0.7,hinge
0.10808114399733953,8413.099999866465,2,2365.219999973293,2473.0,S2,qlearning,2,868,0.1,3.0,1.1,7.0,14.0,0.7,hinge
0.12450378924575965,7709.1478758223275,8,2068.2353600289157,2078.5442000361445,S2,qlearning,2,869,0.1,3.0,1.1,7.0,14.0,0.7,hinge
0.11056105610561057,8427.5,0,2169.0,2189.5,S2,qlearning,2,870,0.1,3.0,1.1,7.0,14.0,0.7,hinge
0.1188212927756654,8812.31226716029,5,2511.952453449169,2643.0,S2,qlearning,2,871,0.1,3.0,1.1,7.0,14.0,0.7,hinge
0.10724731881702958,8590.403931644893,3,2642.6231453159144,2682.403931644893,S2,qlearning,2,872,0.1,3.0,1.1,7.0,14.0,0.7,hinge
0.09066587395957194,9545.611538212715,4,2607.2892305701725,2665.111538212716,S2,qlearning,2,873,0.1,3.0,1.1,7.0,14.0,0.7,hinge
0.1170858629661752,9637.269674065268,7,2566.6320429646057,2583.5,S2,qlearning,2,874,0.1,3.0,1.1,7.0,14.0,0.7,hinge
0.10518407212622088,7443.306185365304,2,2156.90494839665,2289.2561854958126,S2,qlearning,2,875,0.1,3.0,1.1,7.0,14.0,0.7,hinge
0.09858287122612445,9109.5,0,2698.6,2713.0,S2,qlearning,2,876,0.1,3.0,1.1,7.0,14.0,0.7,hinge
0.14061943752224992,7680.499999946528,1,2276.0599999572223,2374.699999946528,S2,qlearning,2,877,0.1,3.0,1.1,7.0,14.0,0.7,hinge
0.10942463819272856,7878.5,0,2175.8,2231.0,S2,qlearning,2,878,0.1,3.0,1.1,7.0,14.0,0.7,hinge
0.08964451313755796,9166.5,0,2504.6,2533.0,S2,qlearning,2,879,0.1,3.0,1.1,7.0,14.0,0.7,hinge
0.1298232960692391,7641.92232306617,3,2012.1,2046.0,S2,qlearning,2,880,0.1,3.0,1.1,7.0,14.0,0.7,hinge
0.11268910157456005,9000.8,0,2562.4,2646.0,S2,qlearning,2,881,0.1,3.0,1.1,7.0,14.0,0.7,hinge
0.12633241215949467,6995.399999702887,2,2162.1,2281.5,S2,qlearning,2,882,0.1,3.0,1.1,7.0,14.0,0.7,hinge
0.10378510378510379,9176.028545039679,2,2836.7999999999997,2956.5,S2,qlearning,2,883,0.1,3.0,1.1,7.0,14.0,0.7,hinge
0.10290754655341391,8591.5,0,2345.8,2371.5,S2,qlearning,2,884,0.1,3.0,1.1,7.0,14.0,0.7,hinge
0.13330829891100263,7301.0499998815385,1,2066.4399999052307,2087.0499998815385,S2,qlearning,2,885,0.1,3.0,1.1,7.0,14.0,0.7,hinge
0.09848484848484848,9277.249999849386,2,2855.6,3002.5,S2,qlearning,2,886,0.1,3.0,1.1,7.0,14.0,0.7,hinge
0.08179339594062406,9406.657746105226,4,2948.0,3036.5,S2,qlearning,2,887,0.1,3.0,1.1,7.0,14.0,0.7,hinge
0.12517385257301808,7910.04999993125,1,2145.30999998625,2155.5,S2,qlearning,2,888,0.1,3.0,1.1,7.0,14.0,0.7,hinge
0.13373453694416584,8254.828571017859,4,2413.755714202655,2506.049999945,S2,qlearning,2,889,0.1,3.0,1.1,7.0,14.0,0.7,hinge
0.11325028312570781,7373.5,0,2074.7,2177.0,S2,qlearning,2,890,0.1,3.0,1.1,7.0,14.0,0.7,hinge
0.11731391585760517,6913.033725020302,4,2332.6,2520.5,S2,qlearning,2,891,0.1,3.0,1.1,7.0,14.0,0.7,hinge
0.11363636363636363,8465.9,0,2163.08,2201.0,S2,qlearning,2,892,0.1,3.0,1.1,7.0,14.0,0.7,hinge
0.10844933635480739,8659.91322553924,5,2462.031712647324,2629.5396408091556,S2,qlearning,2,893,0.1,3.0,1.1,7.0,14.0,0.7,hinge
0.11808118081180811,7548.7,0,1942.8,1946.5,S2,qlearning,2,894,0.1,3.0,1.1,7.0,14.0,0.7,hinge
0.10354141656662665,9300.549999902532,1,2516.2,2555.5,S2,qlearning,2,895,0.1,3.0,1.1,7.0,14.0,0.7,hinge
0.10390083849799489,7731.399999607219,5,2020.159999916249,2027.0499999407693,S2,qlearning,2,896,0.1,3.0,1.1,7.0,14.0,0.7,hinge
0.09866220735785954,8437.849999508808,5,2085.979999607047,2111.8499995088087,S2,qlearning,2,897,0.1,3.0,1.1,7.0,14.0,0.7,hinge
0.12270942408376963,8444.277037961017,4,2444.0516304063744,2509.4270380236185,S2,qlearning,2,898,0.1,3.0,1.1,7.0,14.0,0.7,hinge
0.09993654822335026,8828.549999802564,1,2473.7999999999997,2556.0,S2,qlearning,2,899,0.1,3.0,1.1,7.0,14.0,0.7,hinge
0.09710391822827939,8256.8499999125,1,2624.7999999999997,2712.5,S2,qlearning,2,900,0.1,3.0,1.1,7.0,14.0,0.7,hinge
0.11446886446886446,9219.17917327599,13,2554.23429652933,2588.611289968022,S2,qlearning,2,901,0.1,3.0,1.1,7.0,14.0,0.7,hinge
0.08771929824561403,9226.749999788419,3,3031.8799999032053,3099.0999998790066,S2,qlearning,2,902,0.1,3.0,1.1,7.0,14.0,0.7,hinge
0.09198423127463863,8628.599999795544,2,2341.979999836435,2352.0999997955437,S2,qlearning,2,903,0.1,3.0,1.1,7.0,14.0,0.7,hinge
0.08943089430894309,8728.549999904939,1,2243.2399999239506,2261.5499999049384,S2,qlearning,2,904,0.1,3.0,1.1,7.0,14.0,0.7,hinge
0.0890251021599533,9697.61153828469,3,2669.3492306778326,2805.561538347291,S2,qlearning,2,905,0.1,3.0,1.1,7.0,14.0,0.7,hinge
0.1,8859.67621355667,1,2590.240970845335,2622.6762135566687,S2,qlearning,2,906,0.1,3.0,1.1,7.0,14.0,0.7,hinge
0.10605542251111871,8244.19999966431,4,2579.4499999476275,2659.0499999493422,S2,qlearning,2,907,0.1,3.0,1.1,7.0,14.0,0.7,hinge
0.11464968152866242,8765.006305964203,4,2542.2012611928403,2628.5,S2,qlearning,2,908,0.1,3.0,1.1,7.0,14.0,0.7,hinge
0.09242695289206918,9512.069108237458,1,2506.5138216474916,2563.0,S2,qlearning,2,909,0.1,3.0,1.1,7.0,14.0,0.7,hinge
0.11512134411947729,8968.966695472462,5,2317.103339069351,2332.1999999368854,S2,qlearning,2,910,0.1,3.0,1.1,7.0,14.0,0.7,hinge
0.12215528781793843,8267.181521562516,2,2391.839999922025,2495.5499999025315,S2,qlearning,2,911,0.1,3.0,1.1,7.0,14.0,0.7,hinge
0.08577666874610106,9065.654651083667,1,2431.9,2486.5,S2,qlearning,2,912,0.1,3.0,1.1,7.0,14.0,0.7,hinge
0.10181704260651629,8935.049999935833,1,2599.1,2684.5,S2,qlearning,2,913,0.1,3.0,1.1,7.0,14.0,0.7,hinge
0.11457214464733262,7783.737704812884,2,2419.610163850307,2490.637704812884,S2,qlearning,2,914,0.1,3.0,1.1,7.0,14.0,0.7,hinge
0.09528714911151172,10983.720289538998,6,3030.2940578690673,3150.0833332687794,S2,qlearning,2,915,0.1,3.0,1.1,7.0,14.0,0.7,hinge
0.11334076551467856,7528.9610271491965,9,2411.8768206285245,2470.107691997809,S2,qlearning,2,916,0.1,3.0,1.1,7.0,14.0,0.7,hinge
0.13578869047619047,7361.458333128195,2,2081.491666625639,2151.5,S2,qlearning,2,917,0.1,3.0,1.1,7.0,14.0,0.7,hinge
0.12067156348373557,7888.549999948322,1,2570.9399999586576,2637.5499999483222,S2,qlearning,2,918,0.1,3.0,1.1,7.0,14.0,0.7,hinge
0.086841330585811,9615.5,0,2497.6,2547.5,S2,qlearning,2,919,0.1,3.0,1.1,7.0,14.0,0.7,hinge
0.1155527795128045,8915.29583308927,4,2485.313333236167,2561.016666545209,S2,qlearning,2,920,0.1,3.0,1.1,7.0,14.0,0.7,hinge
0.09440439409543426,8215.049999909412,1,2281.4,2382.5,S2,qlearning,2,921,0.1,3.0,1.1,7.0,14.0,0.7,hinge
0.10231023102310231,8541.13749985318,2,2232.417499983156,2273.0,S2,qlearning,2,922,0.1,3.0,1.1,7.0,14.0,0.7,hinge
0.08957654723127036,8672.5,0,2239.7,2266.5,S2,qlearning,2,923,0.1,3.0,1.1,7.0,14.0,0.7,hinge
0.14302059496567507,7153.736144071512,4,1911.7789155594264,2013.0861444911309,S2,qlearning,2,924,0.1,3.0,1.1,7.0,14.0,0.7,hinge
0.09657743137919349,8320.9394731005,5,2664.1578947018043,2834.5,S2,qlearning,2,925,0.1,3.0,1.1,7.0,14.0,0.7,hinge
0.12537425149700598,7360.5,0,1861.2,1893.0,S2,qlearning,2,926,0.1,3.0,1.1,7.0,14.0,0.7,hinge
0.11208724628900334,9245.765386641193,7,2873.3097351750475,3000.427763078015,S2,qlearning,2,927,0.1,3.0,1.1,7.0,14.0,0.7,hinge
0.08590047393364929,9592.249999835716,2,2460.3,2463.5,S2,qlearning,2,928,0.1,3.0,1.1,7.0,14.0,0.7,hinge
0.06361708573159648,9560.5,0,2680.1,2776.5,S2,qlearning,2,929,0.1,3.0,1.1,7.0,14.0,0.7,hinge
0.09847522236340533,8889.61607895309,7,2233.4976396295456,2234.960526203034,S2,qlearning,2,930,0.1,3.0,1.1,7.0,14.0,0.7,hinge
0.1326111318640269,7364.8986108210265,4,2119.2999999999997,2202.5,S2,qlearning,2,931,0.1,3.0,1.1,7.0,14.0,0.7,hinge
0.1091336467427804,8317.2,0,2577.7,2674.5,S2,qlearning,2,932,0.1,3.0,1.1,7.0,14.0,0.7,hinge
0.12185377546943668,6937.399999746734,3,1983.7499999704426,2023.5,S2,qlearning,2,933,0.1,3.0,1.1,7.0,14.0,0.7,hinge
0.10886715052066898,8873.044117422081,3,2606.9988235046794,2680.5,S2,qlearning,2,934,0.1,3.0,1.1,7.0,14.0,0.7,hinge
0.08774728781110402,8914.412499637425,2,2712.1,2877.5,S2,qlearning,2,935,0.1,3.0,1.1,7.0,14.0,0.7,hinge
0.10431918008784773,7655.599999648763,2,1984.77999971901,1990.0999996487624,S2,qlearning,2,936,0.1,3.0,1.1,7.0,14.0,0.7,hinge
0.10626992561105207,7885.449999938889,1,2546.8999999999996,2731.5,S2,qlearning,2,937,0.1,3.0,1.1,7.0,14.0,0.7,hinge
0.14816452896948254,6169.3581518490655,4,1911.3616304264583,2044.0,S2,qlearning,2,938,0.1,3.0,1.1,7.0,14.0,0.7,hinge
0.10031847133757962,8819.39836582455,3,2471.67967316491,2486.5,S2,qlearning,2,939,0.1,3.0,1.1,7.0,14.0,0.7,hinge
0.07905686546463246,10258.5,0,2627.9,2654.5,S2,qlearning,2,940,0.1,3.0,1.1,7.0,14.0,0.7,hinge
0.11230623220499841,8826.5,0,2494.9,2501.0,S2,qlearning,2,941,0.1,3.0,1.1,7.0,14.0,0.7,hinge
0.11864973262032086,8276.0689653678,2,2509.5,2670.0,S2,qlearning,2,942,0.1,3.0,1.1,7.0,14.0,0.7,hinge
0.11897001303780964,8524.794736563454,4,2340.5489473266907,2378.0,S2,qlearning,2,943,0.1,3.0,1.1,7.0,14.0,0.7,hinge
0.0927734375,8643.0,0,2161.5,2183.5,S2,qlearning,2,944,0.1,3.0,1.1,7.0,14.0,0.7,hinge
0.08479212253829321,10404.423244173899,5,2822.52506307457,2857.4063288432126,S2,qlearning,2,945,0.1,3.0,1.1,7.0,14.0,0.7,hinge
0.08879363135333741,9251.749999922222,1,2713.8099999844444,2934.5,S2,qlearning,2,946,0.1,3.0,1.1,7.0,14.0,0.7,hinge
0.11847582452769773,8664.273728677032,2,2312.5099999851923,2377.5,S2,qlearning,2,947,0.1,3.0,1.1,7.0,14.0,0.7,hinge
0.0899390243902439,9331.760975376887,4,2496.778780326084,2541.2109754178446,S2,qlearning,2,948,0.1,3.0,1.1,7.0,14.0,0.7,hinge
0.08191925102399064,9707.0,0,2704.5,2843.0,S2,qlearning,2,949,0.1,3.0,1.1,7.0,14.0,0.7,hinge
0.11687479987191803,8676.622502687189,4,2234.3075673969824,2264.259459246228,S2,qlearning,2,950,0.1,3.0,1.1,7.0,14.0,0.7,hinge
0.09207240948813983,9049.399999651218,3,2437.2099998783333,2536.549999913483,S2,qlearning,2,951,0.1,3.0,1.1,7.0,14.0,0.7,hinge
0.09618026930475405,10326.50318072548,7,2751.2733419344413,2812.8799998096583,S2,qlearning,2,952,0.1,3.0,1.1,7.0,14.0,0.7,hinge
0.11728395061728394,8999.5,0,2555.1,2555.5,S2,qlearning,2,953,0.1,3.0,1.1,7.0,14.0,0.7,hinge
0.12627090849458839,8460.599999892893,2,2245.3,2276.0,S2,qlearning,2,954,0.1,3.0,1.1,7.0,14.0,0.7,hinge
0.11052457934675025,8439.248437389087,1,2975.16,3258.0,S2,qlearning,2,955,0.1,3.0,1.1,7.0,14.0,0.7,hinge
0.09603841536614646,9389.549999946528,1,2782.1,2822.5,S2,qlearning,2,956,0.1,3.0,1.1,7.0,14.0,0.7,hinge
0.1006610576923077,9359.199999670407,4,2754.6199999695586,2822.0,S2,qlearning,2,957,0.1,3.0,1.1,7.0,14.0,0.7,hinge
0.08844159804818542,9256.0,0,2757.2,2764.5,S2,qlearning,2,958,0.1,3.0,1.1,7.0,14.0,0.7,hinge
0.09135027119611762,9896.649999794432,3,2843.6299999588864,2879.5,S2,qlearning,2,959,0.1,3.0,1.1,7.0,14.0,0.7,hinge
0.12568735271013354,7116.519117063352,6,2211.5952939962817,2311.2441174953524,S2,qlearning,2,960,0.1,3.0,1.1,7.0,14.0,0.7,hinge
0.07515473032714412,9664.7799999538,1,2908.92399996304,3085.2799999538,S2,qlearning,2,961,0.1,3.0,1.1,7.0,14.0,0.7,hinge
0.11327988846287905,7988.0499997148145,1,2107.6399997718518,2136.049999714815,S2,qlearning,2,962,0.1,3.0,1.1,7.0,14.0,0.7,hinge
0.08463949843260188,9050.049999936364,1,2576.0,2624.5,S2,qlearning,2,963,0.1,3.0,1.1,7.0,14.0,0.7,hinge
0.09643674403399805,8598.549999816667,1,2325.7,2345.0,S2,qlearning,2,964,0.1,3.0,1.1,7.0,14.0,0.7,hinge
0.14166981488477523,7226.226922701554,3,2111.351538216906,2185.1769227943255,S2,qlearning,2,965,0.1,3.0,1.1,7.0,14.0,0.7,hinge
0.11114360924246856,9532.09999988365,2,2867.8399999655867,2908.0499999569834,S2,qlearning,2,966,0.1,3.0,1.1,7.0,14.0,0.7,hinge
0.08229858504187121,9930.045031239928,9,2860.046622183686,3000.461622867309,S2,qlearning,2,967,0.1,3.0,1.1,7.0,14.0,0.7,hinge
0.10458167330677291,8415.44999994762,1,2296.6199999580954,2334.049999947619,S2,qlearning,2,968,0.1,3.0,1.1,7.0,14.0,0.7,hinge
0.104675505931612,8033.890521247472,5,2205.815238055859,2252.5,S2,qlearning,2,969,0.1,3.0,1.1,7.0,14.0,0.7,hinge
0.10848585690515807,8426.548087438552,3,2601.7,2754.5,S2,qlearning,2,970,0.1,3.0,1.1,7.0,14.0,0.7,hinge
0.09541984732824428,9585.099999882807,2,2597.479999906245,2668.5999998828065,S2,qlearning,2,971,0.1,3.0,1.1,7.0,14.0,0.7,hinge
0.08740204942736589,9477.054900521503,9,2551.298920541189,2556.1111506935217,S2,qlearning,2,972,0.1,3.0,1.1,7.0,14.0,0.7,hinge
0.09061677871967261,9686.71687583293,4,2483.0257281329405,2553.5,S2,qlearning,2,973,0.1,3.0,1.1,7.0,14.0,0.7,hinge
0.10092918936238385,8749.5,0,2362.0,2398.5,S2,qlearning,2,974,0.1,3.0,1.1,7.0,14.0,0.7,hinge
0.1025390625,8631.5,0,2655.6,2825.5,S2,qlearning,2,975,0.1,3.0,1.1,7.0,14.0,0.7,hinge
0.10941549093003167,9673.149999707002,3,2632.479999827824,2681.0999997847803,S2,qlearning,2,976,0.1,3.0,1.1,7.0,14.0,0.7,hinge
0.08248556502612042,10365.392344225791,4,2763.7,2794.5,S2,qlearning,2,977,0.1,3.0,1.1,7.0,14.0,0.7,hinge
0.10647607934655776,9564.5,0,2544.7,2562.0,S2,qlearning,2,978,0.1,3.0,1.1,7.0,14.0,0.7,hinge
0.10644502770487023,9594.199999735394,4,2718.2099999916304,2794.0,S2,qlearning,2,979,0.1,3.0,1.1,7.0,14.0,0.7,hinge
0.09980682549903412,8779.262657928008,4,2381.4825314868085,2473.749999835345,S2,qlearning,2,980,0.1,3.0,1.1,7.0,14.0,0.7,hinge
0.10509554140127389,8813.906410131643,2,2634.5,2810.0,S2,qlearning,2,981,0.1,3.0,1.1,7.0,14.0,0.7,hinge
0.09526833915528739,8882.549999960715,1,2705.5399999685715,2837.0499999607146,S2,qlearning,2,982,0.1,3.0,1.1,7.0,14.0,0.7,hinge
0.1118421052631579,8480.130487654606,2,2652.6043901236835,2737.1304876546046,S2,qlearning,2,983,0.1,3.0,1.1,7.0,14.0,0.7,hinge
0.10858670230537922,8357.5,0,2259.8,2305.5,S2,qlearning,2,984,0.1,3.0,1.1,7.0,14.0,0.7,hinge
0.10819165378670788,9085.786021171256,4,2275.077204215536,2284.0499999287035,S2,qlearning,2,985,0.1,3.0,1.1,7.0,14.0,0.7,hinge
0.10093622001170276,9605.785185092958,2,2533.939999955362,2544.0499999442027,S2,qlearning,2,986,0.1,3.0,1.1,7.0,14.0,0.7,hinge
0.09010257831993346,10264.523762831452,5,2924.375881565797,3010.6185483325116,S2,qlearning,2,987,0.1,3.0,1.1,7.0,14.0,0.7,hinge
0.0821917808219178,8300.0,0,2334.0,2388.0,S2,qlearning,2,988,0.1,3.0,1.1,7.0,14.0,0.7,hinge
0.11612021857923498,8132.1868416361785,4,2268.3694735897857,2282.086841987232,S2,qlearning,2,989,0.1,3.0,1.1,7.0,14.0,0.7,hinge
0.13376036171816127,7272.5,0,2030.1,2067.0,S2,qlearning,2,990,0.1,3.0,1.1,7.0,14.0,0.7,hinge
0.1335676625659051,7802.421186329872,2,2222.1,2356.0,S2,qlearning,2,991,0.1,3.0,1.1,7.0,14.0,0.7,hinge
0.08589511754068715,9422.049999916304,1,2271.909999983261,2283.0,S2,qlearning,2,992,0.1,3.0,1.1,7.0,14.0,0.7,hinge
0.11956887841023914,8243.812820307436,3,2343.262564061487,2369.0,S2,qlearning,2,993,0.1,3.0,1.1,7.0,14.0,0.7,hinge
0.10301411674933232,7343.049999885075,1,2100.1,2126.5,S2,qlearning,2,994,0.1,3.0,1.1,7.0,14.0,0.7,hinge
0.08999389871873094,9327.549999666593,5,2419.019999890295,2440.599999881928,S2,qlearning,2,995,0.1,3.0,1.1,7.0,14.0,0.7,hinge
0.10893590148405431,8859.829807471058,4,2499.293846040693,2518.72980756305,S2,qlearning,2,996,0.1,3.0,1.1,7.0,14.0,0.7,hinge
0.0884594447468699,10466.64467498519,5,3177.0263440925496,3207.2531530658052,S2,qlearning,2,997,0.1,3.0,1.1,7.0,14.0,0.7,hinge
0.09846153846153846,9171.0,0,2511.6,2596.5,S2,qlearning,2,998,0.1,3.0,1.1,7.0,14.0,0.7,hinge
0.09060745278203165,11071.5,0,2852.2,2881.0,S2,qlearning,2,999,0.1,3.0,1.1,7.0,14.0,0.7,hinge
